Time,MeanThrashRate_Hz,SEThrashRate_Hz,NTracks
0.0,0.7200000000000001,0.08574602586931335,17
0.0714285714285714,0.7466666666666666,0.08721438646432829,17
0.1428571428571428,0.74375,0.08464078508615099,17
0.2142857142857142,0.75625,0.08658750390982138,17
0.2857142857142857,0.78125,0.09000868013697345,17
0.3571428571428571,0.7375,0.10322911411031291,17
0.4285714285714285,0.7625,0.10640919446488949,17
0.5,0.775,0.10858944086174614,17
0.5714285714285714,0.7866666666666667,0.11705377952713573,17
0.6428571428571428,0.8,0.1136515141415488,17
0.7142857142857142,0.8666666666666667,0.10896336940924631,17
0.7857142857142857,0.83125,0.11786954299846364,17
0.8571428571428571,0.8375,0.11792476415070755,17
0.9285714285714284,0.8866666666666667,0.1124898584494098,17
1.0,0.9,0.11505692173048625,17
1.0714285714285714,0.9375,0.11025538535599973,17
1.1428571428571428,0.8666666666666667,0.13510724722962958,17
1.2142857142857142,0.9533333333333334,0.1369277413426744,17
1.2857142857142856,0.9533333333333334,0.1369277413426744,17
1.357142857142857,0.93125,0.13592851981832219,17
1.4285714285714284,0.9666666666666667,0.14029447488244037,17
1.5,0.9857142857142858,0.1547266795640519,17
1.5714285714285714,0.9733333333333333,0.15382942521992357,17
1.6428571428571428,1.00625,0.147611186906684,17
1.7142857142857142,1.01875,0.15006075158637142,17
1.7857142857142856,1.0846153846153845,0.14669266400397749,17
1.857142857142857,1.1428571428571428,0.1447674473587093,17
1.9285714285714284,1.1933333333333331,0.1419143493085972,17
2.0,1.2066666666666668,0.14191434930859717,17
2.071428571428571,1.2333333333333334,0.14397971638449192,17
2.142857142857143,1.2466666666666666,0.14699098341853897,17
2.214285714285714,1.2466666666666666,0.14699098341853897,17
2.2857142857142856,1.2666666666666666,0.14789528685193412,17
2.357142857142857,1.2733333333333334,0.14879409443819516,17
2.4285714285714284,1.3,0.16341143382057666,17
2.5,1.3066666666666669,0.13503673809345604,17
2.571428571428571,1.2,0.15522640914238175,17
2.642857142857143,1.2875,0.12378576924132541,17
2.714285714285714,1.32,0.11596386957849865,17
2.7857142857142856,1.3357142857142856,0.12297017545012888,17
2.8571428571428568,1.3499999999999999,0.12168686168889517,17
2.9285714285714284,1.28125,0.12981356824307697,17
3.0,1.2428571428571427,0.13895777116233918,17
3.071428571428571,1.3857142857142857,0.12263460550683847,17
3.142857142857143,1.28,0.1345893224378729,17
3.214285714285714,1.25,0.13133925536563695,17
3.2857142857142856,1.25,0.13133925536563695,17
3.3571428571428568,1.3333333333333333,0.1205806059848869,17
3.4285714285714284,1.25625,0.13132934109837502,17
3.5,1.3333333333333333,0.1177837674427842,17
3.571428571428571,1.3333333333333333,0.12136786531103992,17
3.642857142857143,1.2866666666666666,0.13796709982789604,17
3.714285714285714,1.24,0.13655628527321267,17
3.7857142857142856,1.3642857142857143,0.12474463711837842,17
3.8571428571428568,1.3642857142857143,0.12562246896784085,17
3.928571428571429,1.3272727272727272,0.15201130884420713,17
4.0,1.2846153846153845,0.17240610742578708,17
4.071428571428571,1.2533333333333334,0.16413312444379574,17
4.142857142857142,1.2266666666666666,0.1584047458003184,17
4.214285714285714,1.2857142857142858,0.15962082228637448,17
4.285714285714286,1.3076923076923077,0.17448148034175007,17
4.357142857142857,1.2,0.1660795519695835,17
4.428571428571428,1.2571428571428573,0.15644199350315177,17
4.5,1.2714285714285716,0.16016082968621595,17
4.571428571428571,1.1642857142857144,0.1560526618837523,17
4.642857142857142,1.2266666666666666,0.15196073009848132,17
4.714285714285714,1.2076923076923076,0.16581637142794606,17
4.785714285714286,1.2,0.16138139931217613,17
4.857142857142857,1.16875,0.1507533167130992,17
4.928571428571428,1.169230769230769,0.18305968460104136,17
5.0,1.0916666666666666,0.2065071476249721,17
5.071428571428571,1.1,0.18152790681429934,17
5.142857142857142,1.2533333333333334,0.14503420505150028,17
5.214285714285714,1.2133333333333334,0.15333333333333332,17
5.285714285714286,1.2266666666666666,0.15258617133455996,17
5.357142857142857,1.1625,0.15886970552416005,17
5.428571428571428,1.207142857142857,0.18231246143633859,17
5.5,1.2285714285714284,0.16522664135704243,17
5.571428571428571,1.2133333333333334,0.15333333333333332,17
5.642857142857142,1.22,0.15559409953312434,17
5.7142857142857135,1.2307692307692308,0.17700666921544386,17
5.785714285714286,1.1928571428571428,0.16390304213573975,17
5.857142857142857,1.22,0.15467323467170888,17
5.928571428571428,1.14375,0.16123707958572472,17
6.0,1.24,0.15362291495737215,17
6.071428571428571,1.2384615384615385,0.18170787401565716,17
6.142857142857142,1.2714285714285716,0.1665515039070172,17
6.2142857142857135,1.22,0.1518771433319269,17
6.285714285714286,1.1714285714285713,0.15981739972821163,17
6.357142857142857,1.2615384615384615,0.17850463670572758,17
6.428571428571428,1.2133333333333334,0.15549205052920803,17
6.5,1.14375,0.16405505935508358,17
6.571428571428571,1.2125,0.14487782208928093,17
6.642857142857142,1.1928571428571428,0.16490566258021708,17
6.7142857142857135,1.18,0.14838816536047483,17
6.785714285714286,1.2615384615384617,0.1443546476557051,17
6.857142857142857,1.3285714285714287,0.1348293880919498,17
6.928571428571428,1.3,0.13134971356172517,17
7.0,1.225,0.14591664287073858,17
7.071428571428571,1.2266666666666666,0.15506271132817345,17
7.142857142857142,1.2866666666666666,0.13232955494186138,17
7.2142857142857135,1.3071428571428572,0.1423755619056286,17
7.285714285714286,1.15,0.16782927833565472,17
7.357142857142857,1.1428571428571428,0.1912119489444953,17
7.428571428571428,1.2230769230769232,0.18367817666730699,17
7.5,1.2428571428571427,0.16763195088530652,17
7.571428571428571,1.1384615384615384,0.17706237548565554,17
7.642857142857142,1.2692307692307692,0.18235799370968767,17
7.7142857142857135,1.323076923076923,0.14942361317265093,17
7.785714285714286,1.123076923076923,0.20132695889695998,17
7.857142857142857,1.1071428571428572,0.18998677967721678,17
7.928571428571428,1.207142857142857,0.16950616239382552,17
8.0,1.2214285714285715,0.16646900890621244,17
8.071428571428571,1.1533333333333333,0.157318804817499,17
8.142857142857142,1.1416666666666666,0.1924555569843111,17
8.214285714285714,1.169230769230769,0.17916637998234025,17
8.285714285714285,1.1538461538461537,0.20400332595811368,17
8.357142857142856,1.1307692307692307,0.20424489303618085,17
8.428571428571429,1.1666666666666667,0.16203076329502447,17
8.5,1.1333333333333333,0.1779958979373954,17
8.571428571428571,1.0933333333333335,0.183216412933596,17
8.642857142857142,1.1866666666666668,0.1672940572384494,17
8.714285714285714,1.0461538461538462,0.19664343124868025,17
8.785714285714285,1.2153846153846155,0.1863434084632779,17
8.857142857142856,1.15625,0.1554479414466464,17
8.928571428571429,1.1333333333333333,0.161441915447916,17
9.0,1.15625,0.15383127932901033,17
9.071428571428571,1.1076923076923078,0.19063374013978854,17
9.142857142857142,1.1466666666666667,0.16442299302384883,17
9.214285714285714,1.2857142857142858,0.14406086277023197,17
9.285714285714285,1.24,0.14631993647320865,17
9.357142857142856,1.2642857142857142,0.15392560742665284,17
9.428571428571429,1.24375,0.13259234203628306,17
9.5,1.24,0.14402380755575495,17
9.571428571428571,1.24,0.14435406207687834,17
9.642857142857142,1.32,0.13352367366340484,17
9.714285714285714,1.2214285714285715,0.16876362669558692,17
9.785714285714285,1.1933333333333331,0.17139946842909923,17
9.857142857142856,1.1875,0.16095418602819872,17
9.928571428571429,1.2285714285714284,0.1549294669113188,17
10.0,1.3071428571428572,0.14842183931681094,17
10.071428571428571,1.25,0.15923926292577106,17
10.142857142857142,1.3266666666666667,0.13538891657059204,17
10.214285714285714,1.15625,0.15704796241912852,17
10.285714285714285,1.2818181818181817,0.1762323785224197,17
10.357142857142856,1.25,0.15889384112435812,17
10.428571428571429,1.24,0.1485805857983824,17
10.5,1.275,0.14008925726121899,17
10.571428571428571,1.1933333333333331,0.15536950324848997,17
10.642857142857142,1.1625,0.15913175882477598,17
10.714285714285714,1.2,0.16772557387550693,17
10.785714285714285,1.1384615384615384,0.19366189859254565,17
10.857142857142856,1.1466666666666667,0.16643793828808173,17
10.928571428571429,1.1733333333333333,0.16859832984165896,17
11.0,1.3615384615384616,0.16193480072059296,17
11.071428571428571,1.36,0.14369279400032225,17
11.142857142857142,1.1500000000000001,0.18118959774134477,17
11.214285714285714,1.2153846153846155,0.18565412901764877,17
11.285714285714285,1.1533333333333333,0.17426489597235004,17
11.357142857142856,1.1600000000000001,0.17093579969990966,17
11.428571428571429,1.1500000000000001,0.18359954032837666,17
11.5,1.2357142857142858,0.1790104493411276,17
11.571428571428571,1.1666666666666667,0.17719149357919356,17
11.642857142857142,1.3,0.16818357317441646,17
11.714285714285714,1.3384615384615384,0.16700163577367982,17
11.785714285714285,1.3,0.16704718466577612,17
11.857142857142856,1.2866666666666666,0.16355184605869277,17
11.928571428571429,1.3666666666666667,0.14789528685193412,17
12.0,1.26,0.1611860799850669,17
12.071428571428571,1.3666666666666667,0.1449685242246503,17
12.142857142857142,1.3785714285714286,0.1590419709027596,17
12.214285714285714,1.3933333333333333,0.14523106930703047,17
12.285714285714285,1.3933333333333333,0.1458853648675551,17
12.357142857142856,1.3933333333333333,0.14750840707813964,17
12.428571428571429,1.4285714285714286,0.15774111891496878,17
12.5,1.407142857142857,0.15844862089367745,17
12.571428571428571,1.4,0.15491933384829665,17
12.642857142857142,1.4142857142857144,0.162012461485557,17
12.714285714285714,1.3933333333333335,0.15038574738276567,17
12.785714285714285,1.3928571428571428,0.1645721344612456,17
12.857142857142856,1.4000000000000001,0.16673991064588528,17
12.928571428571429,1.4214285714285713,0.15973142686526795,17
13.0,1.4214285714285713,0.16212143441767718,17
13.071428571428571,1.3214285714285714,0.19249049396496434,17
13.142857142857142,1.29375,0.16967339950622787,17
13.214285714285714,1.3933333333333333,0.15750031494047625,17
13.285714285714285,1.4066666666666667,0.15320905936992066,17
13.357142857142856,1.4133333333333333,0.15457057770501956,17
13.428571428571429,1.3375,0.1719677779895602,17
13.5,1.325,0.16745646200331196,17
13.571428571428571,1.3466666666666667,0.18017628052408025,17
13.642857142857142,1.3625,0.17172531360674037,17
13.714285714285714,1.4466666666666665,0.15208602411187797,17
13.785714285714285,1.28,0.16306586457771038,17
13.857142857142856,1.4200000000000002,0.14645005649578646,17
13.928571428571429,1.4666666666666666,0.14885808731382436,17
14.0,1.38125,0.1633551218460362,17
14.071428571428571,1.39375,0.1629081412944117,17
14.142857142857142,1.48,0.14316158037419846,17
14.214285714285714,1.4214285714285713,0.13755261587846246,17
14.285714285714285,1.4066666666666667,0.1691622682984389,17
14.357142857142856,1.3133333333333332,0.146990983418539,17
14.428571428571429,1.2999999999999998,0.17209121016305456,17
14.5,1.4000000000000001,0.15785013990068766,17
14.571428571428571,1.48,0.14182484166846693,17
14.642857142857142,1.5071428571428573,0.14916039221578048,17
14.714285714285714,1.4,0.15811388300841897,17
14.785714285714285,1.38125,0.15362800037753532,17
14.857142857142856,1.375,0.15152007567755943,17
14.928571428571429,1.40625,0.15691525048042124,17
15.0,1.5071428571428573,0.15635416465117793,17
15.071428571428571,1.45,0.1518204549770898,17
15.142857142857142,1.5142857142857142,0.15789033015966428,17
15.214285714285714,1.5,0.1551319891767461,17
15.285714285714285,1.3875,0.15434674167816653,17
15.357142857142856,1.3875,0.15434674167816653,17
15.428571428571429,1.4692307692307693,0.16847149016384824,17
15.5,1.3875,0.15461646096066228,17
15.571428571428571,1.4857142857142858,0.15823794256693902,17
15.642857142857142,1.39375,0.15954851665454825,17
15.714285714285714,1.39375,0.1536957899011334,17
15.785714285714285,1.4,0.15785013990068766,17
15.857142857142856,1.46,0.1430284686946723,17
15.928571428571429,1.46,0.13759844960366863,17
16.0,1.4,0.16329931618554522,17
16.07142857142857,1.38125,0.1503381604916064,17
16.142857142857142,1.4285714285714286,0.14351496894342425,17
16.21428571428571,1.375,0.15152007567755943,17
16.285714285714285,1.4066666666666667,0.16255890263346645,17
16.357142857142858,1.4142857142857144,0.13940893394407078,17
16.428571428571427,1.38125,0.14810434103473585,17
16.5,1.3857142857142857,0.17410908001176495,17
16.57142857142857,1.4,0.15193200233437765,17
16.642857142857142,1.3875,0.15244534539740245,17
16.71428571428571,1.4,0.15193200233437765,17
16.785714285714285,1.4285714285714286,0.14692024128704326,17
16.857142857142858,1.4166666666666667,0.1765980427039572,17
16.928571428571427,1.4133333333333333,0.16643793828808173,17
17.0,1.4928571428571427,0.15026141532554455,17
17.07142857142857,1.3875,0.15649148006627497,17
17.142857142857142,1.4066666666666665,0.16859832984165893,17
17.21428571428571,1.4357142857142857,0.14510592677179457,17
17.285714285714285,1.4538461538461538,0.1635407048113023,17
17.357142857142858,1.3625,0.15702308747442204,17
17.428571428571427,1.36875,0.1577758827155363,17
17.5,1.35625,0.1513739161810911,17
17.57142857142857,1.35625,0.1538312793290103,17
17.642857142857142,1.4466666666666665,0.13796709982789604,17
17.71428571428571,1.457142857142857,0.15216903762776077,17
17.785714285714285,1.3666666666666667,0.16780563208286592,17
17.857142857142858,1.3666666666666667,0.1658073083192158,17
17.928571428571427,1.46,0.1450123147479945,17
18.0,1.3625,0.15407655023829334,17
18.07142857142857,1.3733333333333335,0.16314371889801035,17
18.142857142857142,1.52,0.10654755254054853,17
18.21428571428571,1.5285714285714285,0.11599003908946183,17
18.285714285714285,1.5071428571428573,0.11067439905400643,17
18.357142857142858,1.5071428571428573,0.11017682377013482,17
18.428571428571427,1.41875,0.1239014225099938,17
18.5,1.4133333333333333,0.13762151917371981,17
18.57142857142857,1.5066666666666668,0.10843767868564025,17
18.642857142857142,1.41875,0.12557160971599696,17
18.71428571428571,1.4266666666666665,0.13073661878778833,17
18.785714285714285,1.5,0.10867163295692121,17
18.857142857142858,1.43125,0.11997178487738966,17
18.928571428571427,1.4125,0.12002603884157803,17
19.0,1.4214285714285713,0.09954764248348044,17
19.07142857142857,1.5133333333333332,0.10817387531926229,17
19.142857142857142,1.4733333333333334,0.10974718422102886,17
19.21428571428571,1.4857142857142858,0.12441385335796948,17
19.285714285714285,1.4733333333333334,0.1189103971050578,17
19.357142857142858,1.4857142857142858,0.11806923972363333,17
19.428571428571427,1.48,0.1126308762538687,17
19.5,1.4666666666666666,0.11240516284815673,17
19.57142857142857,1.4733333333333334,0.10486574939810137,17
19.642857142857142,1.4733333333333334,0.10887593055385679,17
19.71428571428571,1.43125,0.11822251266150623,17
19.785714285714285,1.3375,0.14167892103861698,17
19.857142857142858,1.407142857142857,0.1542312683745647,17
19.928571428571427,1.36875,0.1436775179583315,17
20.0,1.35625,0.1369211299739136,17
20.07142857142857,1.4733333333333334,0.10843767868564025,17
20.142857142857142,1.44375,0.10838540415265024,17
20.21428571428571,1.48,0.1005698051817031,17
20.285714285714285,1.5,0.10141851056742199,17
20.357142857142858,1.5,0.1,17
20.428571428571427,1.4625,0.10241866691835691,17
20.5,1.4533333333333334,0.10728984626287388,17
20.57142857142857,1.5266666666666666,0.09585041255676258,17
20.642857142857142,1.3875,0.13443554837418065,17
20.71428571428571,1.40625,0.13368768018532348,17
20.785714285714285,1.4466666666666665,0.1389986867586702,17
20.857142857142858,1.4,0.1341640786499874,17
20.928571428571427,1.41875,0.13329752123226696,17
21.0,1.3625,0.15991534218662906,17
21.07142857142857,1.3466666666666667,0.1715105624032322,17
21.142857142857142,1.36875,0.16117246197784535,17
21.21428571428571,1.3933333333333333,0.17305838999946332,17
21.285714285714285,1.3625,0.15965457504667172,17
21.357142857142858,1.35625,0.1627802071301463,17
21.428571428571427,1.3625,0.16453849600220208,17
21.5,1.34,0.17176950225450938,17
21.57142857142857,1.35625,0.1640550593550836,17
21.642857142857142,1.35,0.16380883167074153,17
21.71428571428571,1.4,0.13994046353122222,17
21.785714285714285,1.3375,0.16147110164567116,17
21.857142857142858,1.3625,0.16453849600220208,17
21.928571428571427,1.3599999999999999,0.1689744979349871,17
22.0,1.33125,0.15803974974670137,17
22.07142857142857,1.31875,0.15684885240255983,17
22.142857142857142,1.31875,0.1557826343552665,17
22.21428571428571,1.31875,0.15631665245050938,17
22.285714285714285,1.38,0.13911283532579213,17
22.357142857142858,1.3666666666666667,0.13755229885623474,17
22.428571428571427,1.36875,0.13124999999999998,17
22.5,1.3875,0.13193274801958763,17
22.57142857142857,1.4133333333333333,0.13934085192746962,17
22.642857142857142,1.40625,0.13461944819874036,17
22.71428571428571,1.4,0.14342743312012723,17
22.785714285714285,1.4200000000000002,0.1377368090650737,17
22.85714285714285,1.40625,0.12762861160413835,17
22.928571428571427,1.4125,0.12905909499140306,17
23.0,1.4133333333333333,0.13796709982789604,17
23.07142857142857,1.3875,0.128086884574495,17
23.142857142857142,1.3733333333333335,0.13713624322676046,17
23.21428571428571,1.39375,0.1286042864759958,17
23.285714285714285,1.39375,0.12664542036726,17
23.35714285714285,1.4133333333333333,0.13588043296770902,17
23.428571428571427,1.3875,0.126449924212446,17
23.5,1.4066666666666667,0.13254529025300738,17
23.57142857142857,1.4,0.1334523278535216,17
23.642857142857142,1.3133333333333332,0.15549205052920803,17
23.71428571428571,1.3266666666666667,0.15413867184691243,17
23.785714285714285,1.3133333333333332,0.15395319841298297,17
23.85714285714285,1.3533333333333333,0.12416067419224582,17
23.928571428571427,1.3133333333333332,0.1498782574741649,17
24.0,1.3285714285714287,0.16084548978929217,17
24.07142857142857,1.3066666666666669,0.15164704216312758,17
24.142857142857142,1.28,0.14742229591663986,17
24.21428571428571,1.29375,0.13918475431358612,17
24.285714285714285,1.2533333333333334,0.1417128776171724,17
24.35714285714285,1.2933333333333332,0.15006876730564198,17
24.428571428571427,1.3153846153846156,0.17277751880935538,17
24.5,1.2125,0.1627562082789266,17
24.57142857142857,1.25,0.18890953704568011,17
24.642857142857142,1.2466666666666666,0.17535451619278689,17
24.71428571428571,1.207142857142857,0.1832143660432958,17
24.785714285714285,1.2333333333333334,0.17228621442976708,17
24.85714285714285,1.2857142857142858,0.16833285408535434,17
24.928571428571427,1.2866666666666666,0.15671225273963157,17
25.0,1.2857142857142858,0.16767876891467495,17
25.07142857142857,1.2866666666666666,0.15640809462266356,17
25.142857142857142,1.25,0.1505545305418162,17
25.21428571428571,1.25625,0.15054588171052702,17
25.285714285714285,1.2285714285714284,0.16489376247826545,17
25.35714285714285,1.23125,0.14992185464434463,17
25.428571428571427,1.2375,0.15217177793533204,17
25.5,1.3285714285714287,0.13923991921155665,17
25.57142857142857,1.30625,0.1253225006400154,17
25.642857142857142,1.2933333333333332,0.13254529025300735,17
25.71428571428571,1.34,0.12976168632572266,17
25.785714285714285,1.3266666666666667,0.12890257179697004,17
25.85714285714285,1.3285714285714287,0.13805102235177574,17
25.928571428571427,1.2466666666666666,0.12868072955470122,17
26.0,1.2466666666666666,0.13552953172004237,17
26.07142857142857,1.26875,0.12965298235418007,17
26.142857142857142,1.2714285714285716,0.13026961535392048,17
26.21428571428571,1.2866666666666666,0.12183777921664711,17
26.285714285714285,1.2933333333333332,0.1236225694707066,17
26.35714285714285,1.2333333333333334,0.1304449041391538,17
26.428571428571427,1.2625,0.12578917547494564,17
26.5,1.25625,0.12448853695554998,17
26.57142857142857,1.3,0.12966567322613495,17
26.642857142857142,1.32,0.12196798955541768,17
26.71428571428571,1.26875,0.12507289541170247,17
26.785714285714285,1.32,0.12,17
26.85714285714285,1.26,0.13409307357560413,17
26.928571428571427,1.2600000000000002,0.13585706774821418,17
27.0,1.342857142857143,0.1299679950942639,17
27.07142857142857,1.3466666666666667,0.12065956306372967,17
27.142857142857142,1.29375,0.12892787066159642,17
27.21428571428571,1.28,0.13808210118138653,17
27.285714285714285,1.3533333333333333,0.12183777921664708,17
27.35714285714285,1.29375,0.13021416653600587,17
27.428571428571427,1.3375,0.10640919446488949,17
27.5,1.3375,0.10522792721833243,17
27.57142857142857,1.4133333333333333,0.08556070897693006,17
27.642857142857142,1.35,0.10567244989431573,17
27.71428571428571,1.34375,0.10991237039872567,17
27.785714285714285,1.3066666666666669,0.11524990100880643,17
27.85714285714285,1.3133333333333332,0.1158269097225382,17
27.928571428571427,1.4066666666666667,0.08015857300000308,17
28.0,1.3133333333333332,0.11291238350688709,17
28.07142857142857,1.3933333333333333,0.08307579251254422,17
28.142857142857142,1.4333333333333333,0.08086830367753821,17
28.21428571428571,1.35625,0.10644589783860468,17
28.285714285714285,1.3375,0.10640919446488949,17
28.35714285714285,1.32,0.11092683131128331,17
28.428571428571427,1.35625,0.11029080877389558,17
28.5,1.407142857142857,0.07946544325616972,17
28.57142857142857,1.35,0.10606601717798213,17
28.642857142857142,1.35625,0.1056601272950208,17
28.71428571428571,1.26875,0.13562163974331923,17
28.785714285714285,1.28125,0.13699718671077396,17
28.85714285714285,1.275,0.13768926368215256,17
28.928571428571427,1.2625,0.13628248848134036,17
29.0,1.2466666666666666,0.14956020181938098,17
29.07142857142857,1.22,0.14013598837591731,17
29.142857142857142,1.4000000000000001,0.08320502943378436,17
29.21428571428571,1.35,0.11030261405182867,17
29.285714285714285,1.33125,0.10712871930532915,17
29.35714285714285,1.3866666666666667,0.08775868789804972,17
29.428571428571427,1.2733333333333334,0.11061157550148462,17
29.5,1.3933333333333333,0.08808365432207135,17
29.57142857142857,1.4133333333333333,0.08556070897693006,17
29.642857142857142,1.4,0.08451542547285167,17
29.71428571428571,1.3733333333333335,0.08133801703922354,17
29.785714285714285,1.3928571428571428,0.08861838528409931,17
29.85714285714285,1.3642857142857143,0.08808533752900148,17
29.928571428571427,1.407142857142857,0.08799618230622826,17
30.0,1.3714285714285714,0.08859623899229176,17
30.07142857142857,1.3285714285714287,0.08479358999499088,17
30.142857142857142,1.38,0.08793937305515279,17
30.21428571428571,1.3533333333333333,0.08157185944900518,17
30.285714285714285,1.3866666666666667,0.08157185944900519,17
30.35714285714285,1.3571428571428572,0.08562266165205942,17
30.428571428571427,1.4153846153846152,0.07749785261388417,17
30.5,1.3733333333333335,0.07774602526460402,17
30.57142857142857,1.3933333333333333,0.0720229240402081,17
30.642857142857142,1.3933333333333333,0.07268108201271967,17
30.71428571428571,1.3733333333333335,0.0739798342321465,17
30.785714285714285,1.3066666666666669,0.09282172706792853,17
30.85714285714285,1.3125,0.08605957239029254,17
30.928571428571427,1.3933333333333333,0.0720229240402081,17
31.0,1.3625,0.09348573866282135,17
31.07142857142857,1.36875,0.09251970510833535,17
31.142857142857142,1.34375,0.09263222531423211,17
31.21428571428571,1.3866666666666667,0.07550885578253257,17
31.285714285714285,1.33125,0.11644696575408624,17
31.35714285714285,1.4066666666666667,0.07896151363113954,17
31.428571428571427,1.407142857142857,0.08285051129202571,17
31.5,1.3375,0.11433685611676868,17
31.57142857142857,1.4214285714285713,0.07857142857142857,17
31.642857142857142,1.4066666666666667,0.07588629756899569,17
31.71428571428571,1.3785714285714286,0.08397970151694982,17
31.785714285714285,1.3866666666666667,0.0792023729001592,17
31.85714285714285,1.3571428571428572,0.0803250851805472,17
31.928571428571427,1.3866666666666667,0.08775868789804975,17
32.0,1.30625,0.12092309884109542,17
32.07142857142857,1.29375,0.11988492746518775,17
32.14285714285714,1.2875,0.11614466553971962,17
32.214285714285715,1.2625,0.11578536176909411,17
32.285714285714285,1.25625,0.14258586594282993,17
32.357142857142854,1.3333333333333333,0.11978817282689619,17
32.42857142857142,1.25625,0.14052542771090692,17
32.5,1.26875,0.14396722717340915,17
32.57142857142857,1.275,0.1415685935038795,17
32.64285714285714,1.3125,0.11650286119519412,17
32.714285714285715,1.3,0.1169045194450012,17
32.785714285714285,1.3125,0.11685995892520244,17
32.857142857142854,1.38,0.08059303999253345,17
32.92857142857142,1.4066666666666667,0.0836470286192247,17
33.0,1.3,0.12188988004400882,17
33.07142857142857,1.30625,0.11671501974181958,17
33.14285714285714,1.31875,0.11804615975682282,17
33.214285714285715,1.38,0.07819389819088005,17
33.285714285714285,1.3866666666666667,0.07550885578253255,17
33.357142857142854,1.342857142857143,0.07754069170249726,17
33.42857142857142,1.2866666666666666,0.12144631056234831,17
33.5,1.3125,0.1139718532504115,17
33.57142857142857,1.3,0.108397416943394,17
33.64285714285714,1.2642857142857142,0.12116973058761434,17
33.714285714285715,1.3466666666666667,0.07162512638843112,17
33.785714285714285,1.28125,0.11151186409227196,17
33.857142857142854,1.2466666666666666,0.11333333333333334,17
33.92857142857142,1.19375,0.13337564432834056,17
34.0,1.1733333333333333,0.14090411013866222,17
34.07142857142857,1.157142857142857,0.15144515770660563,17
34.14285714285714,1.1666666666666667,0.14231643704775726,17
34.214285714285715,1.175,0.1321299865031906,17
34.285714285714285,1.20625,0.13368768018532348,17
34.357142857142854,1.28,0.11092683131128332,17
34.42857142857142,1.2,0.1400680106914053,17
34.5,1.2375,0.1359764072673393,17
34.57142857142857,1.24,0.1430284686946723,17
34.64285714285714,1.2125,0.13193274801958763,17
34.714285714285715,1.28,0.10963141711684485,17
34.785714285714285,1.3357142857142856,0.12116973058761434,17
34.857142857142854,1.2375,0.13474512978211864,17
34.92857142857142,1.1866666666666668,0.13447133405503078,17
35.0,1.22,0.14216020473228014,17
35.07142857142857,1.32,0.11513966674062791,17
35.14285714285714,1.2375,0.13381423691072636,17
35.214285714285715,1.21875,0.13140863429267755,17
35.285714285714285,1.23125,0.13188339230800317,17
35.357142857142854,1.2133333333333334,0.14103922678483277,17
35.42857142857142,1.2142857142857142,0.14444176090034946,17
35.5,1.2357142857142858,0.11416545870938107,17
35.57142857142857,1.31875,0.11113758365197618,17
35.64285714285714,1.2866666666666666,0.12065956306372969,17
35.714285714285715,1.2875,0.11360567767501763,17
35.785714285714285,1.4,0.08164965809277261,17
35.857142857142854,1.2214285714285715,0.14720045815913957,17
35.92857142857142,1.2666666666666666,0.14981470036162822,17
36.0,1.26875,0.13955845549446297,17
36.07142857142857,1.3071428571428572,0.1220089555865802,17
36.14285714285714,1.3285714285714287,0.12641661953812644,17
36.21428571428572,1.3071428571428572,0.12643214125462404,17
36.285714285714285,1.2692307692307692,0.12215197311746198,17
36.35714285714285,1.25,0.16095525280832995,17
36.42857142857142,1.2357142857142858,0.1622666178208774,17
36.5,1.3285714285714287,0.13318935187802805,17
36.57142857142857,1.2,0.16035674514745463,17
36.64285714285714,1.2625,0.1457380641196161,17
36.71428571428572,1.24,0.1485805857983824,17
36.785714285714285,1.28125,0.14497665041884045,17
36.85714285714285,1.3133333333333332,0.15942356480731767,17
36.92857142857142,1.3599999999999999,0.1365562852732127,17
37.0,1.32,0.1624807680927192,17
37.07142857142857,1.3733333333333335,0.1360905394237047,17
37.14285714285714,1.3666666666666667,0.1378980529807184,17
37.21428571428572,1.28125,0.1481043410347358,17
37.285714285714285,1.2466666666666666,0.13899868675867022,17
37.35714285714285,1.3733333333333333,0.13326188561899519,17
37.42857142857142,1.38,0.1349426686023506,17
37.5,1.3928571428571428,0.14352864159328554,17
37.57142857142857,1.4,0.13129392688961372,17
37.64285714285714,1.3866666666666667,0.13340474278235162,17
37.71428571428572,1.3785714285714286,0.13874578359243275,17
37.785714285714285,1.4,0.12761549390929883,17
37.85714285714285,1.4133333333333333,0.13196921237877043,17
37.92857142857142,1.4,0.1279880946844369,17
38.0,1.3866666666666667,0.1316078832009501,17
38.07142857142857,1.2733333333333334,0.15320905936992066,17
38.14285714285714,1.4066666666666667,0.13182479955523457,17
38.21428571428572,1.2333333333333334,0.13404571596382323,17
38.285714285714285,1.3,0.14200938936093863,17
38.35714285714285,1.3933333333333333,0.12890257179697004,17
38.42857142857142,1.3933333333333333,0.12515387354569601,17
38.5,1.4066666666666667,0.12890257179697004,17
38.57142857142857,1.3866666666666667,0.1256854223719895,17
38.64285714285714,1.38,0.12769010104452855,17
38.71428571428572,1.3933333333333335,0.12515387354569601,17
38.785714285714285,1.4066666666666667,0.12741632797612965,17
38.85714285714285,1.35,0.13133925536563698,17
38.92857142857142,1.4066666666666667,0.12515387354569601,17
39.0,1.4133333333333333,0.12719189352225943,17
39.07142857142857,1.3857142857142857,0.12703600893730482,17
39.14285714285714,1.4000000000000001,0.13667962057789992,17
39.21428571428572,1.4133333333333333,0.1305178939261611,17
39.285714285714285,1.4200000000000002,0.12467099559583673,17
39.35714285714285,1.4133333333333333,0.12300471019501136,17
39.42857142857142,1.4,0.12382783747337806,17
39.5,1.3857142857142857,0.1333660347130057,17
39.57142857142857,1.3933333333333333,0.1232367704352138,17
39.64285714285714,1.4133333333333333,0.12339123479970861,17
39.71428571428572,1.4200000000000002,0.12656637633687556,17
39.785714285714285,1.4200000000000002,0.12581165060745142,17
39.85714285714285,1.4142857142857144,0.1345963206954075,17
39.92857142857142,1.4200000000000002,0.12543258481484518,17
40.0,1.3642857142857143,0.1439654807744936,17
40.07142857142857,1.375,0.12926071844660825,17
40.14285714285714,1.3857142857142857,0.13170777796132696,17
40.21428571428572,1.3625,0.1271072381888616,17
40.285714285714285,1.36875,0.12473931149935585,17
40.35714285714285,1.35,0.12416387021459449,17
40.42857142857142,1.34375,0.12381732175534514,17
40.5,1.33125,0.12169591543405774,17
40.57142857142857,1.3,0.12724180205607036,17
40.64285714285714,1.3125,0.1227718072957577,17
40.71428571428572,1.31875,0.12049161450767712,17
40.785714285714285,1.3714285714285714,0.12641661953812644,17
40.85714285714285,1.33125,0.11892530919306735,17
40.92857142857142,1.3875,0.0815858443604036,17
41.0,1.39375,0.08137810413946331,17
41.07142857142857,1.4,0.0811377429642539,17
41.14285714285714,1.425,0.08391463916782738,17
41.21428571428572,1.41875,0.08574125319821259,17
41.285714285714285,1.3857142857142857,0.08824114241707574,17
41.35714285714285,1.4142857142857144,0.09249718906162183,17
41.42857142857142,1.38,0.08739619693153265,17
41.5,1.3933333333333333,0.08862261705664223,17
41.57142857142857,1.4,0.08783100656536799,17
41.64285714285714,1.45,0.0739393871156163,17
41.71428571428572,1.4214285714285713,0.06391836433954654,17
41.785714285714285,1.4,0.07510676161988109,17
41.85714285714285,1.4285714285714286,0.07662422322971567,17
41.92857142857142,1.4400000000000002,0.07224297626100144,17
42.0,1.4000000000000001,0.07337993857053428,17
42.07142857142857,1.3933333333333333,0.07333333333333332,17
42.14285714285714,1.3933333333333333,0.07268108201271965,17
42.21428571428572,1.407142857142857,0.08015389436446389,17
42.285714285714285,1.4200000000000002,0.08059303999253344,17
42.35714285714285,1.3866666666666667,0.08098598742208529,17
42.42857142857142,1.38,0.07571877794400364,17
42.5,1.33125,0.08742556357648869,17
42.57142857142857,1.33125,0.08742556357648869,17
42.64285714285714,1.31875,0.08622584202739532,17
42.71428571428572,1.3133333333333332,0.09095612059128222,17
42.785714285714285,1.3714285714285714,0.07219370420068942,17
42.85714285714285,1.375,0.08083372383535789,17
42.92857142857142,1.3916666666666666,0.07633492124853605,17
43.0,1.3153846153846156,0.09597419113955333,17
43.07142857142857,1.3153846153846156,0.09925759923510723,17
43.14285714285714,1.3571428571428572,0.09817806524919583,17
43.21428571428572,1.3214285714285714,0.10064548347441656,17
43.285714285714285,1.3923076923076925,0.06930195770122861,17
43.35714285714285,1.26875,0.09904491826102604,17
43.42857142857142,1.3333333333333333,0.09839989676081821,17
43.5,1.32,0.10337172865786026,17
43.57142857142857,1.3714285714285714,0.06413290752270275,17
43.64285714285714,1.3928571428571428,0.06585388898066348,17
43.71428571428572,1.3857142857142857,0.06449903556408434,17
43.785714285714285,1.3714285714285714,0.06987317508562432,17
43.85714285714285,1.4,0.07424837043882182,17
43.92857142857142,1.330769230769231,0.12474826723251428,17
44.0,1.292857142857143,0.11409668433042315,17
44.07142857142857,1.2933333333333332,0.10931242541086693,17
44.14285714285714,1.4416666666666667,0.07533594792995606,17
44.21428571428572,1.3857142857142857,0.07175748447171214,17
44.285714285714285,1.3928571428571428,0.07664982865172687,17
44.35714285714285,1.2933333333333332,0.11729761361055115,17
44.42857142857142,1.3,0.11710800875382398,17
44.5,1.4384615384615385,0.07724292477636957,17
44.57142857142857,1.407142857142857,0.06831109004801403,17
44.64285714285714,1.3076923076923077,0.12581097872150868,17
44.71428571428572,1.3142857142857143,0.11853368921453052,17
44.785714285714285,1.3714285714285714,0.0666535832269044,17
44.85714285714285,1.3,0.11578684470436788,17
44.92857142857142,1.3714285714285714,0.07142857142857142,17
45.0,1.3642857142857143,0.06922422784376255,17
45.07142857142857,1.3571428571428572,0.07538493576326372,17
45.14285714285714,1.3,0.10944415004020076,17
45.21428571428572,1.2866666666666666,0.1054995674406238,17
45.285714285714285,1.4,0.07071067811865475,17
45.35714285714285,1.3357142857142856,0.08160959250417206,17
45.42857142857142,1.2846153846153845,0.12651449387229635,17
45.5,1.366666666666667,0.10754374256857797,17
45.57142857142857,1.3285714285714287,0.11115209430808662,17
45.64285714285714,1.28,0.11305287427107895,17
45.71428571428571,1.3071428571428572,0.10507155370115287,17
45.785714285714285,1.3846153846153846,0.07147364033213516,17
45.85714285714285,1.3285714285714287,0.08543911875791281,17
45.92857142857142,1.2357142857142858,0.11512398612845028,17
46.0,1.292857142857143,0.08015389436446389,17
46.07142857142857,1.3416666666666668,0.07225620800982843,17
46.14285714285714,1.22,0.10832051206181278,17
46.21428571428571,1.2538461538461538,0.10598462915610453,17
46.285714285714285,1.3416666666666668,0.06331538820727851,17
46.35714285714285,1.1933333333333331,0.10931242541086694,17
46.42857142857142,1.1933333333333331,0.11400362010403615,17
46.5,1.2428571428571427,0.10467862157459215,17
46.57142857142857,1.2571428571428573,0.09873612614421057,17
46.64285714285714,1.2642857142857142,0.09234856499604575,17
46.71428571428571,1.2916666666666667,0.06566482077085634,17
46.785714285714285,1.2416666666666667,0.10477850616197652,17
46.85714285714285,1.2214285714285715,0.09899415646455466,17
46.92857142857142,1.2214285714285715,0.10544441347368787,17
47.0,1.207142857142857,0.10507155370115287,17
47.07142857142857,1.1466666666666667,0.11623730516108464,17
47.14285714285714,1.2285714285714284,0.1045285446206076,17
47.21428571428571,1.1357142857142857,0.12252254462075692,17
47.285714285714285,1.2357142857142858,0.10772734348229311,17
47.35714285714285,1.1846153846153846,0.10851335368973755,17
47.42857142857142,1.2307692307692308,0.1341567277977971,17
47.5,1.0933333333333333,0.1452310693070305,17
47.57142857142857,1.0642857142857143,0.15780330741291596,17
47.64285714285714,1.0933333333333333,0.1503857473827657,17
47.71428571428571,1.157142857142857,0.1401389756494436,17
47.785714285714285,1.1,0.152127765851133,17
47.85714285714285,1.2461538461538462,0.1356916681187323,17
47.92857142857142,1.2538461538461538,0.13616326202412055,17
48.0,1.3285714285714287,0.08479358999499088,17
48.07142857142857,1.2846153846153845,0.07749785261388414,17
48.14285714285714,1.3071428571428572,0.07946544325616972,17
48.21428571428571,1.2785714285714285,0.07716015272130351,17
48.285714285714285,1.2916666666666667,0.08915285931046925,17
48.35714285714285,1.2923076923076924,0.07882269819968923,17
48.42857142857142,1.2846153846153845,0.07749785261388416,17
48.5,1.2538461538461538,0.0813471388677708,17
48.57142857142857,1.2461538461538462,0.08367778908759345,17
48.64285714285714,1.2428571428571427,0.07682882766131226,17
48.71428571428571,1.2083333333333333,0.08656608382436433,17
48.785714285714285,1.2357142857142858,0.07956415813057213,17
48.85714285714285,1.2249999999999999,0.08971757032065916,17
48.92857142857142,1.207142857142857,0.08083648243014878,17
49.0,1.2285714285714284,0.0780451907892954,17
49.07142857142857,1.2249999999999999,0.0817655554656486,17
49.14285714285714,1.2461538461538462,0.08444037846192366,17
49.21428571428571,1.2384615384615385,0.0930525503160208,17
49.285714285714285,1.2615384615384615,0.09775588482414489,17
49.35714285714285,1.2307692307692308,0.09699630933014224,17
49.42857142857142,1.2666666666666666,0.09795896894087643,17
49.5,1.2083333333333333,0.10405296825184854,17
49.57142857142857,1.25,0.09653072991634228,17
49.64285714285714,1.25,0.10037807318213264,17
49.71428571428571,1.2214285714285715,0.09787779520579991,17
49.785714285714285,1.2214285714285715,0.09617896061342199,17
49.85714285714285,1.2,0.09935690651280801,17
49.92857142857142,1.2214285714285715,0.09617896061342199,17
50.0,1.2214285714285715,0.09560597447224764,17
50.07142857142857,1.2,0.0977775002771065,17
50.14285714285714,1.1928571428571428,0.09344698544887335,17
50.21428571428571,1.169230769230769,0.09155677472490834,17
50.285714285714285,1.2538461538461538,0.09241446815866716,17
50.35714285714285,1.2615384615384615,0.08954189789863702,17
50.42857142857142,1.2923076923076924,0.08731136330246883,17
50.5,1.2153846153846155,0.1314837193032453,17
50.57142857142857,1.1384615384615384,0.14166521637498738,17
50.64285714285714,1.1833333333333333,0.13752869305763585,17
50.71428571428571,1.2384615384615385,0.13375180877687157,17
50.785714285714285,1.2166666666666666,0.1402558988838515,17
50.85714285714285,1.1538461538461537,0.14170001927844209,17
50.92857142857142,1.2538461538461538,0.1313711636661487,17
51.0,1.169230769230769,0.14204757932784146,17
51.07142857142857,1.2666666666666666,0.13780384243517665,17
51.14285714285714,1.1333333333333333,0.16802476969876565,17
51.21428571428571,1.125,0.1706160850706887,17
51.285714285714285,1.1714285714285713,0.1517040827677833,17
51.35714285714285,1.1384615384615384,0.15954199733984584,17
51.42857142857142,1.2416666666666667,0.13842092881986287,17
51.5,1.1266666666666665,0.15101771156506513,17
51.57142857142857,1.12,0.1518771433319269,17
51.64285714285714,1.2666666666666666,0.14477429315868187,17
51.71428571428571,1.1714285714285713,0.1517040827677833,17
51.785714285714285,1.1928571428571428,0.15775355857579915,17
51.85714285714285,1.1214285714285714,0.16646900890621244,17
51.92857142857142,1.1400000000000001,0.15608300599970762,17
52.0,1.2416666666666667,0.14743171677461778,17
52.07142857142857,1.2153846153846155,0.14315410104828571,17
52.14285714285714,1.157142857142857,0.14476744735870928,17
52.21428571428571,1.2615384615384615,0.1318208095797636,17
52.285714285714285,1.2692307692307692,0.13319766273100278,17
52.35714285714285,1.1066666666666667,0.15536950324848997,17
52.42857142857142,1.1066666666666667,0.16049526522215588,17
52.5,1.0666666666666667,0.15233630298241194,17
52.57142857142857,1.123076923076923,0.16257299983740878,17
52.64285714285714,1.2230769230769232,0.13163364377532827,17
52.71428571428571,1.2230769230769232,0.13404641664213057,17
52.785714285714285,1.146153846153846,0.1478978270914845,17
52.85714285714285,1.05,0.15539739910420525,17
52.92857142857142,1.0533333333333335,0.13934085192746962,17
53.0,1.169230769230769,0.1277942132756627,17
53.07142857142857,1.0333333333333334,0.13961398028873573,17
53.14285714285714,1.1142857142857143,0.13170777796132696,17
53.21428571428571,1.1071428571428572,0.13443585247299655,17
53.285714285714285,1.0230769230769232,0.15281707103334707,17
53.35714285714285,1.0769230769230769,0.1311457625901992,17
53.42857142857142,1.1071428571428572,0.1251216048992294,17
53.5,1.175,0.13658441723089437,17
53.57142857142857,1.175,0.14095185079460376,17
53.64285714285714,1.1,0.13506205330054125,17
53.71428571428571,1.1076923076923078,0.14564689406739606,17
53.785714285714285,1.1,0.1346546253638104,17
53.85714285714285,1.1071428571428572,0.13726699967352698,17
53.92857142857142,1.176923076923077,0.12307692307692307,17
54.0,1.1285714285714286,0.13685179736744474,17
54.07142857142857,1.123076923076923,0.1472629978390511,17
54.14285714285714,1.1923076923076923,0.12682591463606388,17
54.21428571428571,1.1,0.12649110640673517,17
54.285714285714285,1.0333333333333334,0.14463967270647055,17
54.35714285714285,1.01875,0.13329752123226699,17
54.42857142857142,1.0615384615384615,0.14786448297493143,17
54.5,1.1785714285714286,0.11444014291686297,17
54.57142857142857,1.0533333333333335,0.146990983418539,17
54.64285714285714,1.1285714285714286,0.1484086174701572,17
54.71428571428571,1.0666666666666667,0.1482169152568423,17
54.785714285714285,0.99375,0.15423703349066334,17
54.85714285714285,1.0538461538461539,0.14702842242904052,17
54.92857142857142,1.1,0.1396424004376894,17
55.0,1.0933333333333333,0.1471852304529638,17
55.07142857142857,1.1500000000000001,0.1349603116263656,17
55.14285714285714,1.0857142857142856,0.15996467427925595,17
55.21428571428571,1.1857142857142857,0.14214106244380284,17
55.285714285714285,0.9785714285714285,0.17609268645494605,17
55.35714285714285,1.0692307692307692,0.16384194047790718,17
55.42857142857142,1.0692307692307692,0.16305757021112458,17
55.5,1.1545454545454545,0.17957709732674018,17
55.57142857142857,1.1454545454545455,0.1810894486980179,17
55.64285714285714,1.0666666666666667,0.17894189565387422,17
55.71428571428571,1.0583333333333333,0.17814631938693293,17
55.785714285714285,1.1076923076923078,0.16850075647001253,17
55.85714285714285,1.1833333333333333,0.170930312458533,17
55.92857142857142,1.1769230769230767,0.15531351508623392,17
56.0,1.1066666666666667,0.15006876730564198,17
56.07142857142857,1.1142857142857143,0.16268932938699246,17
56.14285714285714,1.08125,0.15171759676012098,17
56.21428571428571,1.06,0.15910463762658117,17
56.285714285714285,1.169230769230769,0.1503775655767736,17
56.35714285714285,1.2,0.1568929081105472,17
56.42857142857142,1.2076923076923076,0.16190434753730146,17
56.5,1.1428571428571428,0.15360656383149554,17
56.57142857142857,1.123076923076923,0.16138576421580295,17
56.64285714285714,1.1615384615384614,0.1558839400366222,17
56.71428571428571,1.1466666666666667,0.13831181703006698,17
56.785714285714285,1.1857142857142857,0.1478256854575845,17
56.85714285714285,1.0533333333333335,0.15177259513799132,17
56.92857142857142,1.0714285714285714,0.16186705012209135,17
57.0,1.1642857142857144,0.14994766224544095,17
57.07142857142857,1.18,0.14249477851753692,17
57.14285714285714,1.0933333333333333,0.1584047458003184,17
57.21428571428571,1.125,0.15069284433354269,17
57.285714285714285,1.13125,0.15047667316453625,17
57.35714285714285,1.0857142857142856,0.17156587907687906,17
57.42857142857142,1.1333333333333333,0.16523191974188067,17
57.5,1.14375,0.15757769247792233,17
57.57142857142857,1.2083333333333333,0.18767247959133376,17
57.64285714285714,1.2214285714285715,0.16514348454194672,17
57.71428571428571,1.2333333333333334,0.154200446749605,17
57.785714285714285,1.2066666666666668,0.15289793254906286,17
57.85714285714285,1.2357142857142858,0.16327928707799105,17
57.92857142857142,1.2357142857142858,0.16759682878046483,17
58.0,1.2846153846153845,0.18216861513238358,17
58.07142857142857,1.2571428571428573,0.1715201220740445,17
58.14285714285714,1.2428571428571427,0.1692628769313117,17
58.21428571428571,1.2428571428571427,0.16795940303389964,17
58.285714285714285,1.2923076923076924,0.18413398774747422,17
58.35714285714285,1.2666666666666666,0.1982244417142581,17
58.42857142857142,1.2916666666666667,0.19827220855901284,17
58.5,1.2999999999999998,0.17902871850985824,17
58.57142857142857,1.2857142857142858,0.1715658790768791,17
58.64285714285714,1.292857142857143,0.17271722609045992,17
58.71428571428571,1.292857142857143,0.16983000088138744,17
58.785714285714285,1.3384615384615384,0.1817078740156572,17
58.85714285714285,1.292857142857143,0.1723988111284209,17
58.92857142857142,1.3916666666666666,0.19557930009656602,17
59.0,1.3333333333333333,0.19630423718135462,17
59.07142857142857,1.2538461538461538,0.17781270202652114,17
59.14285714285714,1.2615384615384615,0.1799353379363384,17
59.21428571428571,1.292857142857143,0.17271722609045992,17
59.285714285714285,1.292857142857143,0.1723988111284209,17
59.35714285714285,1.325,0.19583736295016008,17
59.42857142857142,1.2857142857142858,0.17092416635350915,17
59.5,1.3615384615384616,0.1707969485474963,17
59.57142857142857,1.292857142857143,0.16187917272462635,17
59.64285714285714,1.2785714285714285,0.1569554326848662,17
59.71428571428571,1.2666666666666666,0.16712059397121867,17
59.785714285714285,1.2714285714285716,0.15947323018612514,17
59.85714285714285,1.2846153846153845,0.1651907032547976,17
59.92857142857142,1.25,0.15715534415921784,17
60.0,1.2923076923076924,0.1638720335887272,17
60.07142857142857,1.2333333333333334,0.16802476969876565,17
60.14285714285714,1.3333333333333333,0.172034762754391,17
60.21428571428571,1.3333333333333333,0.1780931546050317,17
60.285714285714285,1.2846153846153845,0.1651907032547976,17
60.35714285714285,1.2692307692307692,0.16539952228584762,17
60.42857142857142,1.2357142857142858,0.1535682340582646,17
60.5,1.276923076923077,0.16098807335735651,17
60.57142857142857,1.2583333333333333,0.18359141614140917,17
60.64285714285714,1.25,0.17472922775054844,17
60.71428571428571,1.2750000000000001,0.1728219437525925,17
60.785714285714285,1.2357142857142858,0.15176874501136056,17
60.85714285714285,1.2785714285714285,0.11775303427115073,17
60.92857142857142,1.323076923076923,0.1193754291998439,17
61.0,1.3142857142857143,0.12218574531395954,17
61.07142857142857,1.2714285714285716,0.13194594773625615,17
61.14285714285714,1.25,0.1278520779891897,17
61.21428571428571,1.2266666666666666,0.12666666666666668,17
61.285714285714285,1.2533333333333334,0.12568542237198949,17
61.35714285714285,1.2333333333333334,0.14213381090374028,17
61.42857142857142,1.3615384615384616,0.11850482059785993,17
61.5,1.2285714285714284,0.15878265310233558,17
61.57142857142857,1.2214285714285715,0.15800214612138624,17
61.64285714285714,1.25,0.15610295278479477,17
61.71428571428571,1.075,0.17041615729345228,17
61.785714285714285,1.0941176470588236,0.163704941765597,17
61.85714285714285,1.13125,0.16245993095734917,17
61.92857142857142,1.11875,0.1597442617644423,17
62.0,1.12,0.17706603556973016,17
62.07142857142857,1.276923076923077,0.1676205445128991,17
62.14285714285714,1.1375,0.1567575091236993,17
62.21428571428571,1.1866666666666668,0.15239880847761517,17
62.285714285714285,1.1714285714285713,0.17174878518327555,17
62.35714285714285,1.2384615384615385,0.14786448297493143,17
62.42857142857142,1.1285714285714286,0.1587826531023356,17
62.5,1.2142857142857142,0.1616729648602975,17
62.57142857142857,1.3363636363636364,0.1422371433862396,17
62.64285714285714,1.2428571428571427,0.15991559783254816,17
62.71428571428571,1.1615384615384614,0.15954199733984584,17
62.785714285714285,1.3153846153846156,0.13245519505940434,17
62.85714285714285,1.1500000000000001,0.1536193382973026,17
62.92857142857142,1.2384615384615385,0.16193480072059294,17
63.0,1.3416666666666668,0.13621414364629295,17
63.07142857142857,1.2333333333333334,0.17766726362967536,17
63.14285714285714,1.3545454545454545,0.14854667853061992,17
63.21428571428571,1.2428571428571427,0.15714285714285714,17
63.285714285714285,1.2285714285714284,0.1566926618156574,17
63.35714285714285,1.1615384615384614,0.15833203570526083,17
63.42857142857142,1.146153846153846,0.1555038892313467,17
63.5,1.2615384615384615,0.14655814525582808,17
63.57142857142857,1.146153846153846,0.18933601409330875,17
63.64285714285714,1.2818181818181817,0.14636081307271348,17
63.71428571428571,1.1500000000000001,0.17122552910761238,17
63.785714285714285,1.1357142857142857,0.1622666178208774,17
63.85714285714285,1.1428571428571428,0.1602588173550254,17
63.92857142857142,1.1285714285714286,0.15947323018612514,17
64.0,1.0285714285714285,0.17110775842185152,17
64.07142857142857,1.042857142857143,0.1740639915531527,17
64.14285714285714,1.0357142857142858,0.17653787155789413,17
64.21428571428571,1.1214285714285714,0.15938707167936905,17
64.28571428571428,1.02,0.16480869140280424,17
64.35714285714285,1.1066666666666667,0.15038574738276567,17
64.42857142857143,1.1,0.15759176639394848,17
64.5,1.1142857142857143,0.1599646742792559,17
64.57142857142857,1.04,0.16584559657935422,17
64.64285714285714,1.0875,0.1384061053566641,17
64.71428571428571,1.092857142857143,0.16187917272462635,17
64.78571428571428,1.1,0.1417156777965421,17
64.85714285714285,1.0176470588235293,0.1450748524133944,17
64.92857142857143,1.08125,0.14119099062381188,17
65.0,1.0294117647058822,0.14871130388478943,17
65.07142857142857,0.98125,0.1514427146921678,17
65.14285714285714,1.0294117647058822,0.1499423187827163,17
65.21428571428571,1.09375,0.14476093798627676,17
65.28571428571428,1.15625,0.11971102358039824,17
65.35714285714285,1.15625,0.11290436587366023,17
65.42857142857143,1.16875,0.11680423436959238,17
65.5,1.15,0.137234592334926,17
65.57142857142857,1.13125,0.13345372169157868,17
65.64285714285714,1.11875,0.13013414553195995,17
65.71428571428571,1.1294117647058823,0.12507783044097012,17
65.78571428571428,1.2,0.10992421631894099,17
65.85714285714285,1.19375,0.10780721605409042,17
65.92857142857143,1.1625,0.1032291141103129,17
66.0,1.16,0.10681537253375009,17
66.07142857142857,1.1058823529411765,0.11957971382503603,17
66.14285714285714,1.1875,0.1032291141103129,17
66.21428571428571,1.2666666666666666,0.0680802514310915,17
66.28571428571428,1.1125,0.12545749612252483,17
66.35714285714285,1.035294117647059,0.13583650869124103,17
66.42857142857143,1.0235294117647058,0.13381544901267442,17
66.5,1.10625,0.12664542036726004,17
66.57142857142857,1.1,0.127148207485071,17
66.64285714285714,1.0470588235294118,0.13588426278260599,17
66.71428571428571,1.1866666666666668,0.10948653610057077,17
66.78571428571428,1.1,0.12649110640673517,17
66.85714285714285,1.10625,0.12730172491630531,17
66.92857142857143,1.1733333333333333,0.11018022753508241,17
67.0,1.1933333333333331,0.1110412478773484,17
67.07142857142857,1.11875,0.13013414553195995,17
67.14285714285714,1.0533333333333335,0.15762120556715853,17
67.21428571428571,1.03125,0.14540711525460737,17
67.28571428571428,1.0153846153846153,0.17535537318072994,17
67.35714285714285,1.169230769230769,0.12526106859563318,17
67.42857142857143,1.1666666666666667,0.1132492685424362,17
67.5,1.1714285714285713,0.11925988402311001,17
67.57142857142857,1.1266666666666665,0.13538891657059204,17
67.64285714285714,1.12,0.13564659966250536,17
67.71428571428571,1.1538461538461537,0.15509111656658425,17
67.78571428571428,1.1285714285714286,0.14692024128704329,17
67.85714285714285,1.0857142857142856,0.14520055961246825,17
67.92857142857143,1.1142857142857143,0.14444176090034946,17
68.0,1.1,0.14258215291427723,17
68.07142857142857,1.0933333333333333,0.135036738093456,17
68.14285714285714,1.0785714285714285,0.13992877757755376,17
68.21428571428571,1.0714285714285714,0.13963396868932332,17
68.28571428571428,0.96875,0.13531406369381319,17
68.35714285714285,1.0571428571428572,0.13575765645916307,17
68.42857142857143,0.9230769230769231,0.16058939764227428,17
68.5,0.9600000000000001,0.14067862734074496,17
68.57142857142857,1.0923076923076924,0.14476397167482327,17
68.64285714285714,1.1333333333333333,0.1214391812697811,17
68.71428571428571,1.1615384615384614,0.1140953613399333,17
68.78571428571428,1.1928571428571428,0.10662880345781145,17
68.85714285714285,1.1916666666666667,0.11835893875765523,17
68.92857142857143,1.05,0.12041594578792295,17
69.0,1.12,0.10654755254054854,17
69.07142857142857,1.157142857142857,0.10520220494194397,17
69.14285714285714,1.1214285714285714,0.114440142916863,17
69.21428571428571,1.1133333333333333,0.1059499732203686,17
69.28571428571428,1.1500000000000001,0.10728927724143271,17
69.35714285714285,1.175,0.11750241777009603,17
69.42857142857143,1.03125,0.12271876724174396,17
69.5,1.1066666666666667,0.10666666666666665,17
69.57142857142857,1.0133333333333332,0.1400226739008694,17
69.64285714285714,1.0357142857142858,0.13160344314658973,17
69.71428571428571,1.1285714285714286,0.10965909784146254,17
69.78571428571428,1.169230769230769,0.10584496123359124,17
69.85714285714285,0.96875,0.13314113751955103,17
69.92857142857143,1.0533333333333335,0.12644090155998408,17
70.0,1.169230769230769,0.10644886540844652,17
70.07142857142857,1.0533333333333335,0.12719189352225943,17
70.14285714285714,1.0466666666666666,0.12719189352225943,17
70.21428571428571,1.1214285714285714,0.1120138195107259,17
70.28571428571428,1.0466666666666666,0.1290502547613458,17
70.35714285714285,1.1846153846153846,0.10851335368973757,17
70.42857142857143,1.1357142857142857,0.11368316433154595,17
70.5,1.1357142857142857,0.11368316433154595,17
70.57142857142857,1.1,0.11094003924504584,17
70.64285714285714,1.1142857142857143,0.11234617950885326,17
70.71428571428571,1.1214285714285714,0.11491926044280887,17
70.78571428571428,1.1666666666666667,0.12268049987877065,17
70.85714285714285,1.0333333333333334,0.13007934086792924,17
70.92857142857143,1.1384615384615384,0.12533977489846404,17
71.0,1.06,0.1323055626372599,17
71.07142857142857,1.1357142857142857,0.11368316433154595,17
71.14285714285714,1.0533333333333335,0.13015253566366866,17
71.21428571428571,1.0785714285714285,0.1322578946847273,17
71.28571428571428,1.1133333333333333,0.10905073815460165,17
71.35714285714285,1.2384615384615385,0.08128649991870442,17
71.42857142857143,1.2461538461538462,0.07647304252311149,17
71.5,1.2692307692307692,0.07543431119669564,17
71.57142857142857,1.1400000000000001,0.1124616336695277,17
71.64285714285714,1.1714285714285713,0.12017778562191048,17
71.71428571428571,1.2230769230769232,0.1193754291998439,17
71.78571428571428,1.1666666666666667,0.11366897079077877,17
71.85714285714285,1.2384615384615385,0.0916644252908691,17
71.92857142857143,1.276923076923077,0.07523795256985237,17
72.0,1.3166666666666667,0.08423751893283417,17
72.07142857142857,1.1666666666666667,0.11450376024878445,17
72.14285714285714,1.1466666666666667,0.11541505499992158,17
72.21428571428571,1.3,0.08257228238447706,17
72.28571428571428,1.1333333333333333,0.11112698299335923,17
72.35714285714285,1.1400000000000001,0.10902162301907951,17
72.42857142857143,1.2357142857142858,0.0774647334556594,17
72.5,1.2833333333333334,0.0776875378381471,17
72.57142857142857,1.176923076923077,0.12044460699033892,17
72.64285714285714,1.1615384615384614,0.11850482059785993,17
72.71428571428571,1.0923076923076922,0.14955555457864292,17
72.78571428571428,1.2153846153846155,0.07582550298780127,17
72.85714285714285,1.1538461538461537,0.11800444614362923,17
72.92857142857143,1.1538461538461537,0.11854642313401878,17
73.0,1.2583333333333333,0.07829463905690162,17
73.07142857142857,1.125,0.12740117976714582,17
73.14285714285714,1.2272727272727273,0.08212065302280883,17
73.21428571428571,1.1333333333333333,0.1339003096683982,17
73.28571428571428,1.2083333333333333,0.13951123194346698,17
73.35714285714285,1.31,0.10049875621120895,17
73.42857142857143,1.2916666666666667,0.09330491991748388,17
73.5,1.0833333333333333,0.17137294672347464,17
73.57142857142857,1.0538461538461539,0.1591706810939788,17
73.64285714285714,1.0692307692307692,0.15786419649967864,17
73.71428571428571,1.1666666666666667,0.14372392165734155,17
73.78571428571428,1.21,0.12060035010083693,17
73.85714285714285,1.2230769230769232,0.10691108584302249,17
73.92857142857143,1.2384615384615385,0.10773808550848456,17
74.0,1.2076923076923076,0.1064951777297189,17
74.07142857142857,1.2230769230769232,0.10630980739296347,17
74.14285714285714,1.1928571428571428,0.11017682377013487,17
74.21428571428571,1.2,0.11290373221135228,17
74.28571428571428,1.1,0.14025095247565939,17
74.35714285714285,1.0133333333333332,0.1498782574741649,17
74.42857142857143,1.092857142857143,0.14198912112571643,17
74.5,1.0333333333333334,0.15202339001321838,17
74.57142857142857,1.0785714285714285,0.15377254911161023,17
74.64285714285714,1.1400000000000001,0.13302344941865735,17
74.71428571428571,1.1466666666666667,0.1319692123787704,17
74.78571428571428,1.2357142857142858,0.11271238455756787,17
74.85714285714285,1.2428571428571427,0.11565118344547577,17
74.92857142857143,1.1500000000000001,0.14553803173507152,17
75.0,1.157142857142857,0.1447674473587093,17
75.07142857142857,1.157142857142857,0.1401389756494436,17
75.14285714285714,1.2076923076923076,0.13656103099851263,17
75.21428571428571,1.2307692307692308,0.12729161723593754,17
75.28571428571428,1.2153846153846155,0.1376758334221415,17
75.35714285714285,1.1642857142857144,0.13970421770955907,17
75.42857142857143,1.1923076923076923,0.13226892693875825,17
75.5,1.1428571428571428,0.13616178390860725,17
75.57142857142857,1.02,0.15862504456076526,17
75.64285714285714,0.95625,0.16582338747394268,17
75.71428571428571,1.08125,0.13790659580551856,17
75.78571428571428,1.1333333333333333,0.13616050286218298,17
75.85714285714285,1.1266666666666665,0.13361874215082348,17
75.92857142857143,1.2615384615384615,0.12379597645716219,17
76.0,1.2615384615384615,0.12379597645716217,17
76.07142857142857,1.2615384615384615,0.12011664284996625,17
76.14285714285714,1.2461538461538462,0.12121996567766989,17
76.21428571428571,1.0875,0.13161655164403402,17
76.28571428571428,1.09375,0.13212013157224248,17
76.35714285714285,1.1266666666666665,0.125153873545696,17
76.42857142857143,1.1133333333333333,0.12530597472422175,17
76.5,1.0307692307692309,0.16226940853637684,17
76.57142857142857,1.0266666666666666,0.14358228656722602,17
76.64285714285714,1.0571428571428572,0.1432412418795517,17
76.71428571428571,1.1,0.14719601443879746,17
76.78571428571428,1.0357142857142858,0.15067873649806418,17
76.85714285714285,0.9625,0.142558467537592,17
76.92857142857143,0.9933333333333334,0.1388615846177037,17
77.0,0.9133333333333333,0.14371488529017534,17
77.07142857142857,0.9562499999999999,0.13843432558437233,17
77.14285714285714,1.0214285714285714,0.14569974070910408,17
77.21428571428571,1.0066666666666666,0.13748304368753006,17
77.28571428571428,0.9466666666666667,0.14601587215311532,17
77.35714285714285,1.0214285714285716,0.15269684518879964,17
77.42857142857143,1.0714285714285714,0.1352362895200091,17
77.5,0.9933333333333334,0.14391355429948602,17
77.57142857142857,0.9933333333333334,0.14291744758914784,17
77.64285714285714,0.9785714285714285,0.15269684518879964,17
77.71428571428571,1.092857142857143,0.13646409410387716,17
77.78571428571428,1.0142857142857142,0.15789033015966428,17
77.85714285714285,1.092857142857143,0.13846262863690834,17
77.92857142857143,0.9625,0.1431418294326761,17
78.0,1.02,0.14838816536047483,17
78.07142857142857,1.04,0.1403397238676138,17
78.14285714285714,0.8428571428571429,0.17055638934564957,17
78.21428571428571,0.9923076923076923,0.16620250949289453,17
78.28571428571428,1.0,0.17059473644448736,17
78.35714285714285,0.9785714285714286,0.15590169184336403,17
78.42857142857143,0.92,0.150617775463968,17
78.5,0.9214285714285715,0.16110148716872505,17
78.57142857142857,0.9428571428571428,0.15957164008761449,17
78.64285714285714,0.9266666666666666,0.14750840707813964,17
78.71428571428571,0.9571428571428572,0.14814393272681695,17
78.78571428571428,1.1615384615384614,0.1152135484033896,17
78.85714285714285,1.176923076923077,0.11829658845561307,17
78.92857142857143,1.123076923076923,0.13211972336398206,17
79.0,1.05,0.16445502286477767,17
79.07142857142857,1.0538461538461539,0.14962148165020678,17
79.14285714285714,1.1416666666666666,0.16397446832548737,17
79.21428571428571,1.1384615384615384,0.15044313242775345,17
79.28571428571428,1.1384615384615384,0.15213795255456497,17
79.35714285714285,1.092857142857143,0.14352864159328552,17
79.42857142857143,1.1071428571428572,0.1446725312119897,17
79.5,1.1214285714285714,0.1441834040489394,17
79.57142857142857,1.1071428571428572,0.14543012585796783,17
79.64285714285714,1.2583333333333333,0.12398578445723021,17
79.71428571428571,1.169230769230769,0.15165100597560252,17
79.78571428571428,1.1416666666666666,0.1597622918557126,17
79.85714285714285,1.1285714285714286,0.14197530021546562,17
79.92857142857143,1.1,0.151064598170825,17
80.0,1.075,0.15769408436090507,17
80.07142857142857,1.123076923076923,0.15155342891071671,17
80.14285714285714,1.1333333333333333,0.15827351342061327,17
80.21428571428571,1.1333333333333333,0.15779413772060702,17
80.28571428571428,1.0916666666666666,0.15833333333333333,17
80.35714285714285,1.1500000000000001,0.14054446717230548,17
80.42857142857143,1.0454545454545454,0.1658935235535878,17
80.5,1.1307692307692307,0.15037756557677362,17
80.57142857142857,1.1583333333333334,0.1644358276475702,17
80.64285714285714,1.169230769230769,0.15165100597560252,17
80.71428571428571,1.1500000000000001,0.14209964001470127,17
80.78571428571428,1.1642857142857144,0.1424306821407194,17
80.85714285714285,1.146153846153846,0.15174852029666977,17
80.92857142857143,1.1642857142857144,0.1408791637379716,17
81.0,1.1642857142857144,0.1428159281206433,17
81.07142857142857,1.157142857142857,0.14208582985479554,17
81.14285714285714,1.1642857142857144,0.141657047107761,17
81.21428571428571,1.1642857142857144,0.14396548077449361,17
81.28571428571428,1.125,0.16702612751521026,17
81.35714285714285,1.1642857142857144,0.14281592812064328,17
81.42857142857143,1.1785714285714286,0.1468267168207833,17
81.5,1.1714285714285713,0.1457939881139572,17
81.57142857142857,1.1363636363636365,0.18697239819275574,17
81.64285714285714,1.146153846153846,0.15384615384615383,17
81.71428571428571,1.1857142857142857,0.14893657579881123,17
81.78571428571428,1.1857142857142857,0.14967258877448222,17
81.85714285714285,1.1357142857142857,0.14847471492921752,17
81.92857142857143,1.1153846153846154,0.15845655954338847,17
82.0,1.2428571428571427,0.12212148775215863,17
82.07142857142857,1.2357142857142858,0.11980164139528603,17
82.14285714285714,1.2428571428571427,0.1170677861839431,17
82.21428571428571,1.1500000000000001,0.1428708784605453,17
82.28571428571428,1.1466666666666667,0.13340474278235165,17
82.35714285714285,1.1846153846153846,0.15764539639937844,17
82.42857142857143,1.1714285714285713,0.14541663199332658,17
82.5,1.16,0.13515423288475528,17
82.57142857142857,1.1357142857142857,0.14396548077449356,17
82.64285714285714,1.16,0.13690455486526787,17
82.71428571428571,1.1466666666666667,0.13447133405503078,17
82.78571428571428,1.1428571428571428,0.14514649125847578,17
82.85714285714285,1.1733333333333333,0.13643999785939975,17
82.92857142857143,1.1733333333333333,0.1367885635245546,17
83.0,1.1933333333333331,0.1409041101386622,17
83.07142857142857,1.18,0.1391128353257921,17
83.14285714285714,1.16,0.13690455486526787,17
83.21428571428571,1.1666666666666667,0.1372056734446387,17
83.28571428571428,1.18,0.13945472042071236,17
83.35714285714285,1.1428571428571428,0.145901624886178,17
83.42857142857143,1.1357142857142857,0.1439654807744936,17
83.5,1.1500000000000001,0.14666625041565975,17
83.57142857142857,1.1785714285714286,0.14979053925896443,17
83.64285714285714,1.18,0.14047538337136983,17
83.71428571428571,1.2,0.1430950400125402,17
83.78571428571428,1.2066666666666668,0.14391355429948602,17
83.85714285714285,1.2,0.1589226549501683,17
83.92857142857143,1.2,0.16012815380508713,17
84.0,1.1866666666666668,0.14103922678483274,17
84.07142857142857,1.1533333333333333,0.13623043036976049,17
84.14285714285714,1.18,0.14148868371374307,17
84.21428571428571,1.16,0.13828886261666024,17
84.28571428571428,1.1357142857142857,0.1451059267717946,17
84.35714285714285,1.1214285714285714,0.14341922389749395,17
84.42857142857143,1.1285714285714286,0.14877838502045101,17
84.5,1.1333333333333333,0.13755229885623477,17
84.57142857142857,1.0733333333333335,0.1445738126411118,17
84.64285714285714,1.0875,0.13658788379647735,17
84.71428571428571,1.06875,0.13407670379301545,17
84.78571428571428,1.05625,0.13101168840985145,17
84.85714285714285,1.0666666666666667,0.14331672107497623,17
84.92857142857143,1.0666666666666667,0.14463967270647055,17
85.0,1.1,0.12909944487358055,17
85.07142857142857,1.0933333333333333,0.12816160433373494,17
85.14285714285714,1.0799999999999998,0.12806248474865697,17
85.21428571428571,1.0933333333333333,0.13073661878778833,17
85.28571428571428,1.1142857142857143,0.13253949975494259,17
85.35714285714285,1.075,0.12365947867699696,17
85.42857142857143,0.9692307692307692,0.12628042430293848,17
85.5,1.0857142857142856,0.12918048659209155,17
85.57142857142857,1.0866666666666667,0.12530597472422172,17
85.64285714285714,1.08125,0.10615191551105738,17
85.71428571428571,1.0875,0.10363196096443089,17
85.78571428571428,1.1,0.10997835284835872,17
85.85714285714285,1.12,0.10244626930854094,17
85.92857142857143,1.1142857142857143,0.1004698538008439,17
86.0,1.1285714285714286,0.10186641296841567,17
86.07142857142857,1.1285714285714286,0.10400156984686454,17
86.14285714285714,1.12,0.10104218826571311,17
86.21428571428571,1.06875,0.1019471881253557,17
86.28571428571428,1.08125,0.10336776979955277,17
86.35714285714285,1.04,0.09299257522845061,17
86.42857142857143,1.1266666666666665,0.09634593755078456,17
86.5,1.0875000000000001,0.10562315087138806,17
86.57142857142857,1.0875000000000001,0.10363196096443093,17
86.64285714285714,1.1333333333333333,0.09693722399999599,17
86.71428571428571,1.1642857142857144,0.10303479773717698,17
86.78571428571428,1.1083333333333334,0.10549905452206906,17
86.85714285714285,1.1,0.09958246164193103,17
86.92857142857143,1.13125,0.0964878014742451,17
87.0,1.1428571428571428,0.11030142802134468,17
87.07142857142857,1.1866666666666668,0.09043106644167023,17
87.14285714285714,1.1866666666666668,0.09505219952700007,17
87.21428571428571,1.1375,0.10987682497536351,17
87.28571428571428,1.1733333333333333,0.11850925889754119,17
87.35714285714285,1.2428571428571427,0.1067575489336333,17
87.42857142857143,1.2066666666666668,0.10210483252714742,17
87.5,1.1428571428571428,0.11659749762374538,17
87.57142857142857,1.1916666666666667,0.10477850616197651,17
87.64285714285714,1.2266666666666666,0.09732941936031404,17
87.71428571428571,1.2133333333333334,0.09505219952700009,17
87.78571428571428,1.2,0.12497618820818476,17
87.85714285714285,1.1866666666666668,0.12454361128179602,17
87.92857142857143,1.1666666666666667,0.12253927132096476,17
88.0,1.2999999999999998,0.1,17
88.07142857142857,1.1928571428571428,0.1294384684375552,17
88.14285714285714,1.1642857142857144,0.12992269166114606,17
88.21428571428571,1.1500000000000001,0.13166307316466844,17
88.28571428571428,1.157142857142857,0.1282658150454055,17
88.35714285714285,1.2714285714285716,0.0892142571199771,17
88.42857142857143,1.18,0.12039617143098069,17
88.5,1.1500000000000001,0.1189468437931484,17
88.57142857142857,1.3076923076923077,0.09299954401703658,17
88.64285714285714,1.2999999999999998,0.09058216273156766,17
88.71428571428571,1.2142857142857142,0.11428571428571428,17
88.78571428571428,1.175,0.10665364503850772,17
88.85714285714285,1.18,0.12235778917350776,17
88.92857142857143,1.1866666666666668,0.12454361128179603,17
89.0,1.125,0.12829003598617209,17
89.07142857142857,1.2538461538461538,0.1347435287516025,17
89.14285714285714,1.2428571428571427,0.12390810389301041,17
89.21428571428571,1.1933333333333331,0.10486574939810137,17
89.28571428571428,1.15,0.127148207485071,17
89.35714285714285,1.2066666666666668,0.1247728094107605,17
89.42857142857143,1.2333333333333334,0.12786401506759573,17
89.5,1.18125,0.12819865768928057,17
89.57142857142857,1.2785714285714285,0.13100565017115137,17
89.64285714285714,1.1928571428571428,0.14467253121198972,17
89.71428571428571,1.22,0.12581165060745142,17
89.78571428571428,1.2066666666666668,0.13851823557677015,17
89.85714285714285,1.1153846153846154,0.15057418047736465,17
89.92857142857143,1.2733333333333334,0.10577004106693721,17
90.0,1.24,0.11864312232991205,17
90.07142857142857,1.225,0.11086778913041725,17
90.14285714285714,1.2375,0.1071894739857106,17
90.21428571428572,1.2933333333333332,0.09926715596796482,17
90.28571428571428,1.3142857142857143,0.1042277424297088,17
90.35714285714285,1.2625,0.1139718532504115,17
90.42857142857144,1.2714285714285716,0.11971971452979563,17
90.5,1.32,0.10244626930854092,17
90.57142857142856,1.3285714285714287,0.10763622670756816,17
90.64285714285714,1.2733333333333334,0.11274356350191841,17
90.71428571428572,1.353846153846154,0.10229130387342919,17
90.78571428571428,1.342857142857143,0.10362351854176954,17
90.85714285714285,1.3642857142857143,0.09978391095462391,17
90.92857142857144,1.24375,0.10761379635839759,17
91.0,1.2933333333333332,0.11442055537386406,17
91.07142857142856,1.1733333333333333,0.14358228656722602,17
91.14285714285714,1.1642857142857144,0.14847471492921752,17
91.21428571428572,1.1928571428571428,0.14655917520487993,17
91.28571428571428,1.2,0.14750675156833248,17
91.35714285714285,1.1428571428571428,0.13616178390860725,17
91.42857142857142,1.1875,0.12938154170256794,17
91.5,1.2133333333333334,0.14103922678483277,17
91.57142857142856,1.20625,0.1286042864759958,17
91.64285714285714,1.21875,0.1265631430024818,17
91.71428571428572,1.1875,0.12378576924132542,17
91.78571428571428,1.20625,0.1269739966817353,17
91.85714285714285,1.2,0.1268200825316453,17
91.92857142857142,1.2428571428571427,0.13371870003045047,17
92.0,1.2333333333333334,0.12369958488850033,17
92.07142857142856,1.1875,0.12071833608307674,17
92.14285714285714,1.1533333333333333,0.11826792290093534,17
92.21428571428572,1.19375,0.11707147033614408,17
92.28571428571428,1.225,0.11601005703529901,17
92.35714285714285,1.2714285714285716,0.12771386778700947,17
92.42857142857142,1.2666666666666666,0.11737877907772672,17
92.5,1.2666666666666666,0.11574465601843308,17
92.57142857142856,1.175,0.13493825748590846,17
92.64285714285714,1.2,0.14600918230947435,17
92.71428571428572,1.18125,0.13577516648243645,17
92.78571428571428,1.18125,0.1376041272394594,17
92.85714285714285,1.1928571428571428,0.1524396063855337,17
92.92857142857142,1.22,0.14115172518892402,17
93.0,1.2266666666666666,0.138174033349481,17
93.07142857142856,1.2266666666666666,0.1405657503047245,17
93.14285714285714,1.22,0.1391128353257921,17
93.21428571428572,1.22,0.14013598837591734,17
93.28571428571428,1.2733333333333334,0.11400362010403615,17
93.35714285714285,1.2923076923076924,0.12631946601798566,17
93.42857142857142,1.2642857142857142,0.12474463711837841,17
93.5,1.1583333333333334,0.1676297929210302,17
93.57142857142856,1.1785714285714286,0.1479451084086284,17
93.64285714285714,1.2066666666666668,0.1432502527768622,17
93.71428571428572,1.2,0.16052797503622465,17
93.78571428571428,1.2333333333333334,0.15076524377375156,17
93.85714285714285,1.2642857142857142,0.15640435860581003,17
93.92857142857142,1.2333333333333334,0.1551241182521018,17
94.0,1.1533333333333333,0.1775136927425913,17
94.07142857142856,1.18,0.1746288581398793,17
94.14285714285714,1.15625,0.16856471309262802,17
94.21428571428572,1.15625,0.16955057013567762,17
94.28571428571428,1.15,0.16782927833565475,17
94.35714285714285,1.1733333333333333,0.17954086062765945,17
94.42857142857142,1.0933333333333333,0.17415555899872598,17
94.5,1.15625,0.17391778469533625,17
94.57142857142856,1.16875,0.17552747885540124,17
94.64285714285714,1.1176470588235294,0.16566161784281108,17
94.71428571428572,1.1625,0.17651133108103853,17
94.78571428571428,1.1625,0.1748511271529774,17
94.85714285714285,1.2,0.1582643960201379,17
94.92857142857142,1.2933333333333332,0.1634353422950835,17
95.0,1.4461538461538461,0.1347435287516025,17
95.07142857142856,1.2,0.18490666886425755,17
95.14285714285714,1.1,0.17248188310660342,17
95.21428571428572,1.2466666666666666,0.1672940572384494,17
95.28571428571428,1.2785714285714285,0.16481043770576578,17
95.35714285714285,1.175,0.16695807857064002,17
95.42857142857142,1.16875,0.16500473478055108,17
95.5,1.1375,0.17001838135919303,17
95.57142857142856,1.1823529411764706,0.14303313430338624,17
95.64285714285714,1.20625,0.14845559100283154,17
95.71428571428572,1.225,0.14274102423620197,17
95.78571428571428,1.2733333333333334,0.1503857473827657,17
95.85714285714285,1.342857142857143,0.13164816819228078,17
95.92857142857142,1.3466666666666667,0.1206595630637297,17
96.0,1.3333333333333333,0.1282358937444756,17
96.07142857142856,1.481818181818182,0.09891978551807595,17
96.14285714285714,1.3333333333333333,0.12560962454277846,17
96.21428571428572,1.4066666666666667,0.08192137151629672,17
96.28571428571428,1.30625,0.11671501974181958,17
96.35714285714285,1.4000000000000001,0.08894991799933213,17
96.42857142857142,1.3857142857142857,0.0783463309078287,17
96.5,1.3933333333333333,0.07651122959388547,17
96.57142857142856,1.30625,0.11271969289643521,17
96.64285714285714,1.3666666666666667,0.07663560447348135,17
96.71428571428572,1.3071428571428572,0.126432141254624,17
96.78571428571428,1.21875,0.13910989360933318,17
96.85714285714285,1.2533333333333334,0.12905025476134582,17
96.92857142857142,1.24,0.12716693191010223,17
97.0,1.24375,0.11901286695143512,17
97.07142857142856,1.22,0.12428845098245873,17
97.14285714285714,1.1466666666666667,0.13968217893171309,17
97.21428571428572,1.1928571428571428,0.15458710895258088,17
97.28571428571428,1.2,0.12227992865708157,17
97.35714285714285,1.1187500000000001,0.13608170033721165,17
97.42857142857142,1.13125,0.1368450309656876,17
97.5,1.16875,0.134696804589666,17
97.57142857142856,1.1625,0.13658788379647735,17
97.64285714285714,1.1384615384615384,0.15670422144202587,17
97.71428571428572,1.12,0.14249477851753692,17
97.78571428571428,1.1333333333333333,0.1452966314513558,17
97.85714285714285,1.14375,0.13600513164338077,17
97.92857142857142,1.1125,0.13810473079031965,17
98.0,1.09375,0.14037709630372994,17
98.07142857142856,1.0941176470588236,0.13434771288889702,17
98.14285714285714,1.10625,0.1441841270736831,17
98.21428571428572,1.10625,0.1436049993326602,17
98.28571428571428,1.1,0.13874436925511607,17
98.35714285714285,1.1294117647058823,0.13082450803696602,17
98.42857142857142,1.1071428571428572,0.1556497497074359,17
98.5,1.146153846153846,0.13378867023789295,17
98.57142857142856,1.18125,0.11225668131563482,17
98.64285714285714,1.2266666666666666,0.12050159717047287,17
98.71428571428572,1.2428571428571427,0.1299679950942639,17
98.78571428571428,1.20625,0.11197795541980574,17
98.85714285714285,1.188235294117647,0.10356951095093535,17
98.92857142857142,1.188235294117647,0.10321392438450933,17
99.0,1.18,0.11006491591004698,17
99.07142857142856,1.188235294117647,0.09884716104003564,17
99.14285714285714,1.1875,0.10562315087138803,17
99.21428571428572,1.18,0.1087592360609959,17
99.28571428571428,1.1764705882352942,0.09834266763117935,17
99.35714285714285,1.1705882352941175,0.09730361288043099,17
99.42857142857142,1.08125,0.12623349727126051,17
99.5,1.0823529411764705,0.11950735090535322,17
99.57142857142856,1.08125,0.12689193236766474,17
99.64285714285714,1.05625,0.12548862830285992,17
99.71428571428572,1.08125,0.12356467604726955,17
99.78571428571428,1.06875,0.123057828546853,17
99.85714285714285,1.0470588235294118,0.1188541020657456,17
99.92857142857142,1.0333333333333334,0.13261712403495104,17
100.0,1.0666666666666667,0.13368999915108035,17
100.07142857142856,1.0588235294117647,0.11883590500492308,17
100.14285714285714,1.052941176470588,0.11854437214009769,17
100.21428571428572,1.125,0.10348107717516924,17
100.28571428571428,1.0333333333333334,0.13475433261580186,17
100.35714285714285,1.0588235294117647,0.12189038697118883,17
100.42857142857142,1.0705882352941176,0.1227038237941362,17
100.5,1.0666666666666667,0.13189702573153572,17
100.57142857142856,1.05625,0.12713796639871192,17
100.64285714285714,1.075,0.1276388133236386,17
100.71428571428572,1.0533333333333332,0.13447133405503078,17
100.78571428571428,1.0799999999999998,0.13027443560203425,17
100.85714285714285,1.0647058823529412,0.11786744064419928,17
100.92857142857142,1.0647058823529412,0.11661310353881771,17
101.0,1.0266666666666666,0.12741632797612965,17
101.07142857142856,1.02,0.12694205652298893,17
101.14285714285714,1.04375,0.1200585794518659,17
101.21428571428572,1.0,0.11365151414154881,17
101.28571428571428,1.0294117647058822,0.10770490249176799,17
101.35714285714285,1.05,0.1169045194450012,17
101.42857142857142,1.0357142857142858,0.13408507339513348,17
101.5,1.00625,0.11563907571981598,17
101.57142857142856,0.9875,0.11323831801411864,17
101.64285714285714,0.9941176470588234,0.10760445958780421,17
101.71428571428572,1.03125,0.11751551316031995,17
101.78571428571428,1.0,0.11654755824698058,17
101.85714285714285,0.9874999999999999,0.1172159687642146,17
101.92857142857142,1.0,0.1118033988749895,17
102.0,1.0125,0.11360567767501764,17
102.07142857142856,1.00625,0.11742683892534962,17
102.14285714285714,1.0066666666666666,0.12591254208365527,17
102.21428571428572,1.05,0.11618950038622251,17
102.28571428571428,1.042857142857143,0.13289435848843764,17
102.35714285714285,1.02,0.12235778917350776,17
102.42857142857142,1.03125,0.1157291197869692,17
102.5,1.025,0.11236102527122116,17
102.57142857142856,0.99375,0.11382323649706447,17
102.64285714285714,0.9875,0.1125,17
102.71428571428572,1.0,0.10744355563298726,17
102.78571428571428,1.02,0.12274635093014648,17
102.85714285714285,1.0133333333333332,0.12261696715757013,17
102.92857142857142,1.025,0.11601005703529903,17
103.0,1.025,0.11528949070347509,17
103.07142857142856,1.0411764705882351,0.1108320216553928,17
103.14285714285714,1.0470588235294118,0.11282392811068608,17
103.21428571428572,1.0375,0.11757090059477586,17
103.28571428571428,1.06875,0.11857443161716329,17
103.35714285714285,1.0466666666666666,0.1268169534507894,17
103.42857142857142,1.011764705882353,0.11077346814862635,17
103.5,1.025,0.11814539065631521,17
103.57142857142856,1.0285714285714287,0.13604644141953856,17
103.64285714285714,1.0,0.12535663410560172,17
103.71428571428572,1.00625,0.1184865498695949,17
103.78571428571428,1.0,0.13506205330054125,17
103.85714285714285,1.0,0.12459458063579461,17
103.92857142857142,0.99375,0.11742683892534962,17
104.0,1.0,0.12421180068162378,17
104.07142857142856,0.9600000000000001,0.12603854285778732,17
104.14285714285714,0.9285714285714286,0.13026961535392048,17
104.21428571428572,0.9823529411764705,0.11286225796676409,17
104.28571428571428,0.99375,0.12057803489856683,17
104.35714285714285,1.02,0.11049671402138532,17
104.42857142857142,1.011764705882353,0.09734805390256096,17
104.5,1.02,0.10832051206181283,17
104.57142857142856,1.0125,0.09911062842433535,17
104.64285714285714,1.0,0.10734900802433865,17
104.71428571428572,0.93125,0.11572911978696919,17
104.78571428571428,0.94375,0.11901286695143513,17
104.85714285714285,0.94,0.12716693191010223,17
104.92857142857142,0.95,0.13617619485048055,17
105.0,0.95,0.12281422284627028,17
105.07142857142856,0.9352941176470588,0.11534512677133871,17
105.14285714285714,0.9411764705882353,0.11852612752711697,17
105.21428571428572,0.9375,0.12445715460885862,17
105.28571428571428,0.9625,0.12344870729713348,17
105.35714285714285,0.8588235294117647,0.12368687443126049,17
105.42857142857142,0.9500000000000001,0.12041594578792296,17
105.5,0.9375,0.11757090059477586,17
105.57142857142856,0.9058823529411765,0.10929943632977673,17
105.64285714285714,0.9125,0.1182775690202218,17
105.71428571428572,0.9117647058823529,0.11242067560950818,17
105.78571428571428,0.9235294117647058,0.11360710538722335,17
105.85714285714285,0.9600000000000001,0.12220201853215573,17
105.92857142857142,1.0,0.1317673607637239,17
106.0,1.0214285714285716,0.13755261587846251,17
106.07142857142856,1.0285714285714287,0.14080950089252237,17
106.14285714285714,1.0285714285714287,0.14041875028539152,17
106.21428571428572,1.0071428571428571,0.13846262863690834,17
106.28571428571428,1.0384615384615385,0.14829737170175647,17
106.35714285714285,1.0384615384615385,0.14829737170175644,17
106.42857142857142,0.9928571428571429,0.1352507990731349,17
106.5,0.9923076923076923,0.1452061039463361,17
106.57142857142856,1.0285714285714287,0.1392399192115566,17
106.64285714285714,1.0538461538461539,0.1470284224290405,17
106.71428571428572,1.0142857142857142,0.1378234030339617,17
106.78571428571428,1.0071428571428571,0.13726699967352693,17
106.85714285714285,1.0285714285714287,0.14158776699058953,17
106.92857142857142,1.0142857142857145,0.14708043058552855,17
107.0,0.9666666666666667,0.13581032524975575,17
107.07142857142856,0.9933333333333334,0.13954574831579739,17
107.14285714285714,0.9857142857142857,0.14930503581783552,17
107.21428571428572,1.0153846153846153,0.15477285003669494,17
107.28571428571428,1.0083333333333333,0.1559226368647884,17
107.35714285714285,0.9615384615384616,0.14872900047352583,17
107.42857142857142,0.9733333333333333,0.1432502527768622,17
107.5,1.0461538461538462,0.15301055125985324,17
107.57142857142856,1.0538461538461539,0.15342892141004352,17
107.64285714285714,1.092857142857143,0.12379719577958355,17
107.71428571428572,1.1,0.12579418040663018,17
107.78571428571428,1.1,0.1283881477532739,17
107.85714285714285,1.1357142857142857,0.12341618273194804,17
107.92857142857142,1.1500000000000001,0.12436652671451817,17
108.0,1.1642857142857144,0.1225225446207569,17
108.07142857142856,1.157142857142857,0.12076418111812087,17
108.14285714285714,1.2461538461538462,0.09975314699449697,17
108.21428571428572,1.1642857142857144,0.12864771851380383,17
108.28571428571428,1.157142857142857,0.12697420596165127,17
108.35714285714285,1.1500000000000001,0.14796600756234315,17
108.42857142857142,1.1428571428571428,0.14814393272681692,17
108.5,1.1125,0.133502496855552,17
108.57142857142856,1.1,0.13354150416006752,17
108.64285714285714,1.1,0.13601470508735444,17
108.71428571428572,1.15,0.12041594578792296,17
108.78571428571428,1.15625,0.12040513208884965,17
108.85714285714285,1.1866666666666668,0.11946972785193692,17
108.92857142857142,1.2066666666666668,0.12553378094652512,17
109.0,1.19375,0.1191877895032317,17
109.07142857142856,1.2466666666666666,0.12492537454956543,17
109.14285714285714,1.18125,0.14177997919311458,17
109.21428571428572,1.25625,0.12448853695554998,17
109.28571428571428,1.23125,0.11892530919306733,17
109.35714285714285,1.18125,0.14497665041884045,17
109.42857142857142,1.1823529411764706,0.13672516822552305,17
109.5,1.2933333333333332,0.12666666666666665,17
109.57142857142856,1.2266666666666666,0.125153873545696,17
109.64285714285714,1.1857142857142857,0.12263460550683848,17
109.71428571428572,1.225,0.1382931668593933,17
109.78571428571428,1.2533333333333334,0.1268169534507894,17
109.85714285714285,1.25625,0.11617829329669692,17
109.92857142857142,1.21875,0.1373009923489266,17
110.0,1.18125,0.13970765607749158,17
110.07142857142856,1.275,0.12024280990285169,17
110.14285714285714,1.16,0.14890073395194722,17
110.21428571428572,1.1666666666666667,0.14789528685193412,17
110.28571428571428,1.18125,0.14119099062381188,17
110.35714285714285,1.211764705882353,0.13609100354422674,17
110.42857142857142,1.275,0.11528949070347508,17
110.5,1.32,0.11347330292271603,17
110.57142857142856,1.2058823529411764,0.1337992867505208,17
110.64285714285714,1.211764705882353,0.13609100354422674,17
110.71428571428572,1.3466666666666667,0.1141705769229561,17
110.78571428571428,1.1666666666666667,0.14724992252133678,17
110.85714285714285,1.2,0.14433756729740643,17
110.92857142857142,1.223529411764706,0.13840727724532287,17
111.0,1.2733333333333334,0.12591254208365527,17
111.07142857142856,1.3,0.12835961388299078,17
111.14285714285714,1.2058823529411764,0.13379928675052083,17
111.21428571428572,1.29375,0.12195243266673009,17
111.28571428571428,1.2875,0.11967838846954228,17
111.35714285714285,1.275,0.1346291201783626,17
111.42857142857142,1.3285714285714287,0.1411991701515677,17
111.5,1.2933333333333332,0.12890257179697004,17
111.57142857142856,1.2411764705882353,0.1390775343239634,17
111.64285714285714,1.3,0.12110601416389966,17
111.71428571428572,1.3125,0.1186293246489529,17
111.78571428571428,1.38,0.11347330292271604,17
111.85714285714285,1.2866666666666666,0.11866987689611752,17
111.92857142857142,1.2866666666666666,0.11986765188429267,17
112.0,1.2529411764705882,0.13397696439918086,17
112.07142857142856,1.2647058823529411,0.13143472336179018,17
112.14285714285714,1.28,0.14115172518892402,17
112.21428571428572,1.2470588235294118,0.12837148731055997,17
112.28571428571428,1.3666666666666667,0.10852547064066473,17
112.35714285714285,1.28125,0.13204126564575688,17
112.42857142857142,1.24375,0.13569842482505093,17
112.5,1.3071428571428572,0.1220089555865802,17
112.57142857142856,1.34375,0.10838540415265024,17
112.64285714285714,1.30625,0.13646389937757653,17
112.71428571428572,1.375,0.11086778913041725,17
112.78571428571428,1.38125,0.11336473217010659,17
112.85714285714285,1.4066666666666667,0.11770288124752197,17
112.92857142857142,1.4133333333333333,0.11745988845910504,17
113.0,1.3733333333333335,0.11770288124752196,17
113.07142857142856,1.3599999999999999,0.11944315244779281,17
113.14285714285714,1.26875,0.13985669749187318,17
113.21428571428572,1.3615384615384616,0.13659713437812515,17
113.28571428571428,1.2333333333333334,0.14724992252133678,17
113.35714285714285,1.25625,0.13963307571393438,17
113.42857142857142,1.3214285714285714,0.13016412776562472,17
113.5,1.2294117647058822,0.13110522992954513,17
113.57142857142856,1.3333333333333333,0.11491888098284461,17
113.64285714285714,1.31875,0.11839860289153191,17
113.71428571428572,1.3266666666666667,0.1285326220094919,17
113.78571428571428,1.3,0.12835961388299075,17
113.85714285714285,1.34,0.12336550416971359,17
113.92857142857142,1.223529411764706,0.13814139489196914,17
114.0,1.1733333333333333,0.15258617133455996,17
114.07142857142856,1.22,0.11799919289473773,17
114.14285714285714,1.22,0.1490286006427082,17
114.21428571428572,1.2,0.1543033499620919,17
114.28571428571428,1.2285714285714284,0.1344212549538186,17
114.35714285714285,1.1533333333333333,0.149241468342468,17
114.42857142857142,1.2153846153846155,0.14843031424006467,17
114.5,1.15625,0.1417064895008929,17
114.57142857142856,1.1666666666666667,0.14853784724268781,17
114.64285714285714,1.2,0.12752935451783742,17
114.71428571428572,1.2142857142857142,0.12960512422763096,17
114.78571428571428,1.2923076923076924,0.1365610309985126,17
114.85714285714285,1.2428571428571427,0.12954454692858552,17
114.92857142857142,1.1133333333333333,0.1400226739008694,17
115.0,1.2333333333333334,0.12369958488850033,17
115.07142857142856,1.1625,0.1384061053566641,17
115.14285714285714,1.1142857142857143,0.14708043058552858,17
115.21428571428572,1.2466666666666666,0.12105357596522398,17
115.28571428571428,1.15,0.1341640786499874,17
115.35714285714285,1.2333333333333334,0.12136786531103994,17
115.42857142857142,1.14375,0.13539102321301316,17
115.5,1.2333333333333334,0.1209748760483789,17
115.57142857142856,1.2266666666666666,0.12207205782482451,17
115.64285714285714,1.1857142857142857,0.12485470362492736,17
115.71428571428572,1.2142857142857142,0.12352743293535293,17
115.78571428571428,1.2266666666666666,0.12284975983722349,17
115.85714285714285,1.2375,0.1172159687642146,17
115.92857142857142,1.21875,0.11518779955649236,17
116.0,1.1529411764705884,0.12922781043420717,17
116.07142857142856,1.11875,0.1323564473936448,17
116.14285714285714,1.26,0.11944315244779277,17
116.21428571428572,1.26,0.11824107738409854,17
116.28571428571428,1.125,0.1336974195712094,17
116.35714285714285,1.1588235294117646,0.13146762728604122,17
116.42857142857142,1.1875,0.13719663504134008,17
116.5,1.24,0.11864312232991205,17
116.57142857142856,1.175,0.13616778865306828,17
116.64285714285714,1.1470588235294117,0.12865756163587885,17
116.71428571428572,1.2,0.11791845447071422,17
116.78571428571428,1.23125,0.11318081035817569,17
116.85714285714285,1.225,0.114564392373896,17
116.92857142857142,1.1588235294117646,0.12806788857104262,17
117.0,1.26,0.1145591965920219,17
117.07142857142856,1.26,0.11579949831291934,17
117.14285714285714,1.21875,0.10886488184901502,17
117.21428571428572,1.2125,0.10522792721833243,17
117.28571428571428,1.2333333333333334,0.11450376024878445,17
117.35714285714285,1.2333333333333334,0.11198072396480806,17
117.42857142857142,1.1705882352941175,0.12270382379413619,17
117.5,1.2933333333333334,0.08307579251254422,17
117.57142857142856,1.3,0.07582875444051551,17
117.64285714285714,1.32,0.07050835816716039,17
117.71428571428572,1.225,0.10428326807307106,17
117.78571428571428,1.3,0.06969320524371696,17
117.85714285714285,1.2125,0.10403324789059824,17
117.92857142857142,1.1866666666666668,0.1124898584494098,17
118.0,1.2933333333333332,0.0720229240402081,17
118.07142857142856,1.28,0.07758252135015734,17
118.14285714285714,1.3066666666666669,0.07896151363113954,17
118.21428571428572,1.24375,0.10447039054200954,17
118.28571428571428,1.2428571428571427,0.11612530448713233,17
118.35714285714285,1.2733333333333334,0.1110412478773484,17
118.42857142857142,1.2666666666666666,0.1115546702045434,17
118.5,1.2375,0.10601690116832002,17
118.57142857142856,1.25,0.1052774113156917,17
118.64285714285714,1.2785714285714285,0.11914464910239622,17
118.71428571428572,1.2785714285714285,0.12097523651265808,17
118.78571428571428,1.2466666666666666,0.11417057692295608,17
118.85714285714285,1.25,0.12258659195634947,17
118.92857142857142,1.32,0.06561068437961842,17
119.0,1.2625,0.10119082632992643,17
119.07142857142856,1.28,0.10564991605252112,17
119.14285714285714,1.26,0.10770329614269007,17
119.21428571428572,1.2466666666666666,0.11035296904831232,17
119.28571428571428,1.2266666666666666,0.10666666666666666,17
119.35714285714285,1.26875,0.10316602719241769,17
119.42857142857142,1.275,0.10586941642104832,17
119.5,1.2875,0.10483121354507603,17
119.57142857142856,1.2666666666666666,0.11112698299335923,17
119.64285714285714,1.20625,0.13053376000100508,17
119.71428571428572,1.16875,0.12507289541170247,17
119.78571428571428,1.2,0.12307338795828048,17
119.85714285714285,1.2666666666666666,0.11112698299335923,17
119.92857142857142,1.26875,0.10112646785090439,17
120.0,1.2866666666666666,0.10275568188051772,17
120.07142857142856,1.3357142857142856,0.11222384560672902,17
120.14285714285714,1.3142857142857143,0.10937240689906581,17
120.21428571428572,1.2933333333333332,0.10441066660828911,17
120.28571428571428,1.20625,0.12565453632877724,17
120.35714285714285,1.2384615384615385,0.11182544865311039,17
120.42857142857142,1.276923076923077,0.11991120975476845,17
120.5,1.2533333333333334,0.11035296904831231,17
120.57142857142856,1.2625,0.10601690116832002,17
120.64285714285714,1.2866666666666666,0.11035296904831232,17
120.71428571428572,1.2625,0.10282468899377556,17
120.78571428571428,1.28125,0.10457005227756813,17
120.85714285714285,1.2933333333333332,0.1118956429921868,17
120.92857142857142,1.2357142857142858,0.11124033127864522,17
121.0,1.19375,0.12827988605649238,17
121.07142857142856,1.25625,0.09956938535513814,17
121.14285714285714,1.26875,0.10235508047967136,17
121.21428571428572,1.2214285714285715,0.110532463248184,17
121.28571428571428,1.13125,0.12169591543405775,17
121.35714285714285,1.1928571428571428,0.10714285714285715,17
121.42857142857142,1.2266666666666668,0.10621929995316143,17
121.5,1.23125,0.09946471317339968,17
121.57142857142856,1.2466666666666666,0.10321806166542875,17
121.64285714285714,1.26,0.10456258094238748,17
121.71428571428572,1.2733333333333334,0.10755581791913428,17
121.78571428571428,1.2428571428571427,0.11659749762374538,17
121.85714285714285,1.1500000000000001,0.14852757171797956,17
121.92857142857142,1.1153846153846154,0.15099930117267138,17
122.0,1.2714285714285716,0.11879827367144499,17
122.07142857142856,1.2916666666666667,0.13732196922678916,17
122.14285714285714,1.25,0.11848401385191819,17
122.21428571428572,1.2357142857142858,0.11980164139528601,17
122.28571428571428,1.2571428571428573,0.11612530448713235,17
122.35714285714285,1.1357142857142857,0.14281592812064328,17
122.42857142857142,1.2153846153846155,0.1186711432349347,17
122.5,1.2285714285714284,0.11599003908946182,17
122.57142857142856,1.2214285714285715,0.1129906012956905,17
122.64285714285714,1.2428571428571427,0.11517511068997927,17
122.71428571428572,1.2285714285714284,0.11262530088192489,17
122.78571428571428,1.1866666666666668,0.11035296904831232,17
122.85714285714285,1.1866666666666668,0.109920606268978,17
122.92857142857142,1.18125,0.10417083325000333,17
123.0,1.1117647058823528,0.11878129709593337,17
123.07142857142856,1.16875,0.10516603935364939,17
123.14285714285714,1.1533333333333333,0.10948653610057078,17
123.21428571428572,1.1933333333333331,0.10755581791913428,17
123.28571428571428,1.2,0.1082325538564332,17
123.35714285714285,1.1933333333333331,0.11061157550148464,17
123.42857142857142,1.1928571428571428,0.11264272300297923,17
123.5,1.16,0.10989172159990251,17
123.57142857142856,1.1733333333333333,0.1118956429921868,17
123.64285714285714,1.09375,0.12631598935473953,17
123.71428571428572,1.18,0.11006491591004698,17
123.78571428571428,1.09375,0.12161028944953631,17
123.85714285714285,1.15,0.1056724498943157,17
123.92857142857142,1.0823529411764705,0.12073162206925761,17
124.0,1.0941176470588236,0.12049853191542055,17
124.07142857142856,1.08125,0.12656314300248184,17
124.14285714285714,1.076470588235294,0.11711275730626204,17
124.21428571428572,1.16,0.10770329614269007,17
124.28571428571428,1.04375,0.1234803459394787,17
124.35714285714285,1.1642857142857144,0.11560026942872462,17
124.42857142857142,1.1400000000000001,0.10318730080595696,17
124.5,1.1133333333333333,0.11078364442920206,17
124.57142857142856,1.0294117647058822,0.11749990797316576,17
124.64285714285714,1.035294117647059,0.12064202530584521,17
124.71428571428572,1.1333333333333333,0.10764432909959348,17
124.78571428571428,1.1214285714285714,0.11299060129569048,17
124.85714285714285,1.0285714285714287,0.13685179736744474,17
124.92857142857142,1.1416666666666666,0.1378725439811654,17
125.0,1.092857142857143,0.12599681040541896,17
125.07142857142856,0.9857142857142858,0.14367895486887947,17
125.14285714285714,1.0071428571428571,0.14655917520487996,17
125.21428571428572,1.0733333333333335,0.13713624322676046,17
125.28571428571428,1.1428571428571428,0.11939144488387755,17
125.35714285714285,1.146153846153846,0.12841009256973246,17
125.42857142857142,1.0769230769230769,0.1637516279636618,17
125.5,1.0714285714285714,0.15134146364603562,17
125.57142857142856,1.04,0.14135399669253212,17
125.64285714285714,1.0076923076923077,0.16581637142794606,17
125.71428571428572,1.1214285714285714,0.14071191496859364,17
125.78571428571428,1.1642857142857144,0.12692783398154428,17
125.85714285714285,1.01875,0.13638754525248997,17
125.92857142857142,1.092857142857143,0.1336159354656512,17
126.0,1.0214285714285716,0.15305625318980715,17
126.07142857142856,1.0733333333333335,0.12400716825158849,17
126.14285714285714,1.0875,0.11862932464895291,17
126.21428571428572,1.0666666666666667,0.12484911528441675,17
126.28571428571428,1.0357142857142858,0.1477327341977132,17
126.35714285714285,1.0733333333333335,0.12890257179697004,17
126.42857142857142,1.1307692307692307,0.1369936435848138,17
126.5,1.0785714285714285,0.15161350929564923,17
126.57142857142856,1.1500000000000001,0.12742159839000503,17
126.64285714285714,1.12,0.13387983240133491,17
126.71428571428572,1.1066666666666667,0.13218553579350453,17
126.78571428571428,1.01875,0.136997186710774,17
126.85714285714285,1.01875,0.1376041272394594,17
126.92857142857142,1.1071428571428572,0.1527996194526235,17
127.0,1.1538461538461537,0.13849714641852717,17
127.07142857142856,1.0714285714285714,0.150613606286896,17
127.14285714285714,1.123076923076923,0.14012533133328295,17
127.21428571428572,1.0,0.13693063937629155,17
127.28571428571428,1.10625,0.12263385543967865,17
127.35714285714285,1.035294117647059,0.1311547067147253,17
127.42857142857142,1.1,0.14175767384955956,17
127.5,1.1125,0.12311072252245131,17
127.57142857142856,1.11875,0.12220841146718721,17
127.64285714285714,1.125,0.12399596767637246,17
127.71428571428572,1.1466666666666667,0.12377655238628568,17
127.78571428571428,1.1357142857142857,0.1340850733951335,17
127.85714285714285,1.1333333333333333,0.12408394495995605,17
127.92857142857142,1.1466666666666667,0.12300471019501137,17
128.0,1.08125,0.13638754525248997,17
128.07142857142856,1.16,0.12489995996796797,17
128.14285714285714,1.1533333333333333,0.12530597472422175,17
128.2142857142857,1.1,0.15023790657297037,17
128.28571428571428,1.16,0.12791366135759216,17
128.35714285714286,1.08125,0.13516001319423826,17
128.42857142857142,1.0588235294117647,0.13258150199511348,17
128.5,1.1533333333333333,0.13268891892825566,17
128.57142857142856,1.15625,0.12314244800230342,17
128.64285714285714,1.14375,0.11866224827916698,17
128.7142857142857,1.11875,0.13329752123226696,17
128.78571428571428,1.18,0.12954131534360913,17
128.85714285714286,1.1625,0.12106300012803252,17
128.92857142857142,1.18,0.12843378875996028,17
129.0,1.1466666666666667,0.14204850501775013,17
129.07142857142856,1.11875,0.14119099062381188,17
129.14285714285714,1.2066666666666668,0.12477280941076052,17
129.2142857142857,1.2066666666666668,0.1285326220094919,17
129.28571428571428,1.2066666666666668,0.12666666666666668,17
129.35714285714286,1.11875,0.13760412723945942,17
129.42857142857142,1.14375,0.13903499259778695,17
129.5,1.2125,0.11898004034290793,17
129.57142857142856,1.13125,0.1383590588529232,17
129.64285714285714,1.2266666666666666,0.12400716825158849,17
129.7142857142857,1.2266666666666666,0.12439057791093291,17
129.78571428571428,1.13125,0.1383590588529232,17
129.85714285714286,1.13125,0.13896005121376911,17
129.92857142857142,1.24,0.12451811878101077,17
130.0,1.1470588235294117,0.1309236550826764,17
130.07142857142856,1.3615384615384616,0.09373890466887648,17
130.14285714285714,1.1357142857142857,0.15213034566520087,17
130.2142857142857,1.1214285714285714,0.15233658923818053,17
130.28571428571428,1.1266666666666665,0.14424406125157876,17
130.35714285714286,1.1266666666666665,0.14391355429948602,17
130.42857142857142,1.06875,0.15349233151311936,17
130.5,1.1400000000000001,0.14599412904047107,17
130.57142857142856,1.1785714285714286,0.15412944874414067,17
130.64285714285714,1.08125,0.15497815706307347,17
130.7142857142857,1.1466666666666667,0.14568938473820536,17
130.78571428571428,1.1642857142857144,0.156755266261727,17
130.85714285714286,1.1,0.16532795690182994,17
130.92857142857142,1.05,0.17024545950925238,17
131.0,1.1714285714285713,0.1563416136445632,17
131.07142857142856,1.0799999999999998,0.16824019111009686,17
131.14285714285714,1.1,0.158113883008419,17
131.2142857142857,1.0941176470588236,0.1463955631146449,17
131.28571428571428,1.15625,0.13600513164338077,17
131.35714285714286,1.0823529411764707,0.14633646114892793,17
131.42857142857142,1.12,0.14415600015591573,17
131.5,1.15,0.13385315336840845,17
131.57142857142856,1.13125,0.13188339230800317,17
131.64285714285714,1.14375,0.136616479606232,17
131.7142857142857,1.16,0.1453403231171911,17
131.78571428571428,1.0733333333333335,0.1616777119447283,17
131.85714285714286,1.1411764705882352,0.1280678885710426,17
131.92857142857142,1.2875,0.08654237882871799,17
132.0,1.25625,0.08112169356384683,17
132.07142857142856,1.2625,0.07951676971976834,17
132.14285714285714,1.28125,0.08073555082283558,17
132.2142857142857,1.28125,0.07594885888982576,17
132.28571428571428,1.2058823529411764,0.10518561613086862,17
132.35714285714286,1.2625,0.0757600378387797,17
132.42857142857142,1.26875,0.06875,17
132.5,1.28125,0.07258256792554715,17
132.57142857142856,1.28125,0.07083946051930849,17
132.64285714285714,1.29375,0.07215073919695256,17
132.7142857142857,1.2666666666666666,0.07786842789919458,17
132.78571428571428,1.2733333333333334,0.07135869598068265,17
132.85714285714286,1.28125,0.0720062207960766,17
132.92857142857142,1.2,0.1,17
133.0,1.28125,0.06844629890164501,17
133.07142857142856,1.28125,0.070248813750364,17
133.14285714285714,1.2866666666666666,0.07359261522648189,17
133.2142857142857,1.2866666666666666,0.07550885578253257,17
133.28571428571428,1.28,0.07118052168020873,17
133.35714285714286,1.3,0.06390096504226937,17
133.42857142857142,1.30625,0.06018634258146388,17
133.5,1.30625,0.06737256489105932,17
133.57142857142856,1.3,0.06519202405202648,17
133.64285714285714,1.3142857142857143,0.06618085681280679,17
133.7142857142857,1.2125,0.1036319609644309,17
133.78571428571428,1.1666666666666667,0.10358647947564746,17
133.85714285714286,1.16,0.10272478256185774,17
133.92857142857142,1.2285714285714284,0.07142857142857144,17
134.0,1.2058823529411764,0.10090421646122615,17
134.07142857142856,1.3,0.0749603069567329,17
134.14285714285714,1.2733333333333334,0.07525617624814632,17
134.2142857142857,1.2466666666666666,0.0748755581371465,17
134.28571428571428,1.1625,0.10201102881551583,17
134.35714285714286,1.2333333333333334,0.0734630886692453,17
134.42857142857142,1.20625,0.07215073919695257,17
134.5,1.1117647058823528,0.09427835544014473,17
134.57142857142856,1.2125,0.06823672031978088,17
134.64285714285714,1.1588235294117646,0.09779135334438999,17
134.7142857142857,1.20625,0.066751248427776,17
134.78571428571428,1.19375,0.06612409419669454,17
134.85714285714286,1.0588235294117647,0.11313020333480531,17
134.92857142857142,1.13125,0.09691867295143214,17
135.0,1.035294117647059,0.10912121446523028,17
135.07142857142856,1.0066666666666666,0.11729761361055117,17
135.14285714285714,1.0294117647058822,0.10736301322614107,17
135.2142857142857,1.11875,0.09627164258838977,17
135.28571428571428,1.04375,0.11760412053438717,17
135.35714285714286,1.1,0.10327955589886444,17
135.42857142857142,1.0933333333333333,0.10349449797506682,17
135.5,1.0799999999999998,0.12731662817371425,17
135.57142857142856,1.0466666666666666,0.12416067419224582,17
135.64285714285714,0.9823529411764705,0.12580192592911305,17
135.7142857142857,1.0533333333333335,0.09302670720802846,17
135.78571428571428,1.12,0.10151237316092017,17
135.85714285714286,1.1,0.09746794344808964,17
135.92857142857142,1.09375,0.09681113486233561,17
136.0,1.0375,0.11898004034290795,17
136.07142857142856,1.04375,0.12246385521178621,17
136.14285714285714,1.03125,0.12169591543405775,17
136.2142857142857,1.0625,0.11721596876421461,17
136.28571428571428,1.0857142857142859,0.10155772615878703,17
136.35714285714286,1.125,0.10226599304428297,17
136.42857142857142,1.13125,0.10153765721806532,17
136.5,1.075,0.12665570127975553,17
136.57142857142856,1.1,0.10894095588038444,17
136.64285714285714,1.1533333333333333,0.11164001103319574,17
136.7142857142857,1.076470588235294,0.11805077788464399,17
136.78571428571428,1.1133333333333333,0.10684508887109886,17
136.85714285714286,1.0799999999999998,0.09817380117982208,17
136.92857142857142,1.11875,0.10133227110188871,17
137.0,1.0294117647058822,0.11006839647743664,17
137.07142857142856,1.0125,0.11433685611676869,17
137.14285714285714,0.9733333333333333,0.11442055537386406,17
137.2142857142857,1.06,0.10364775512695461,17
137.28571428571428,1.075,0.10020811677038277,17
137.35714285714286,1.075,0.09552486587271401,17
137.42857142857142,1.0666666666666667,0.09936305084394235,17
137.5,1.011764705882353,0.10602523039809374,17
137.57142857142856,1.0533333333333335,0.09555186408521149,17
137.64285714285714,1.0461538461538462,0.10537806455402317,17
137.7142857142857,1.0384615384615385,0.1022430873711635,17
137.78571428571428,1.0642857142857143,0.09811808475367823,17
137.85714285714286,1.0785714285714285,0.10280600071668725,17
137.92857142857142,1.1,0.09561828874675149,17
138.0,1.1133333333333333,0.10088497300281038,17
138.07142857142856,1.11875,0.09496435734877938,17
138.14285714285714,1.1066666666666667,0.0978174522682633,17
138.2142857142857,1.0866666666666667,0.10041185030931202,17
138.28571428571428,1.1,0.09703951085339756,17
138.35714285714286,1.0875,0.10077822185373185,17
138.42857142857142,1.0285714285714287,0.10186641296841567,17
138.5,1.04,0.09700270001151412,17
138.57142857142856,1.05,0.09309493362512625,17
138.64285714285714,1.0625,0.09437293044088436,17
138.7142857142857,1.10625,0.06155536126122564,17
138.78571428571428,1.1,0.06191391873668903,17
138.85714285714286,1.1266666666666665,0.06580394160047504,17
138.92857142857142,1.0375,0.09303897032964197,17
139.0,1.05,0.09174239296348588,17
139.07142857142856,0.99375,0.11345658126937076,17
139.14285714285714,0.9875,0.11360567767501763,17
139.2142857142857,0.9866666666666667,0.12261696715757013,17
139.28571428571428,1.06875,0.09341607195766688,17
139.35714285714286,1.0875,0.0956882960450232,17
139.42857142857142,1.0875,0.09525185912446363,17
139.5,1.0875,0.09568829604502317,17
139.57142857142856,1.1,0.09703951085339757,17
139.64285714285714,1.075,0.09420721840708386,17
139.7142857142857,1.0333333333333334,0.09545214042184237,17
139.78571428571428,1.0533333333333335,0.09654343540932714,17
139.85714285714286,1.06875,0.09161456852851879,17
139.92857142857142,1.0625,0.09168560410446124,17
140.0,0.99375,0.11047954184674495,17
140.07142857142856,0.9866666666666667,0.11946972785193692,17
140.14285714285714,1.00625,0.11382323649706447,17
140.2142857142857,0.9866666666666667,0.12222799409170773,17
140.28571428571428,0.90625,0.12631598935473953,17
140.35714285714286,0.9714285714285714,0.13069071426214074,17
140.42857142857142,1.042857142857143,0.10829055630103412,17
140.5,0.9941176470588234,0.10896255031083943,17
140.57142857142856,1.0333333333333334,0.10219806477837261,17
140.64285714285714,1.04,0.1008535005412731,17
140.7142857142857,0.96875,0.11057378758096334,17
140.78571428571428,0.98125,0.11518779955649239,17
140.85714285714286,0.9533333333333334,0.11786459812879986,17
140.92857142857142,1.05625,0.09616338093751349,17
141.0,1.0625,0.09303897032964199,17
141.07142857142856,1.06875,0.09251970510833535,17
141.14285714285714,1.0,0.10880365478290537,17
141.2142857142857,1.125,0.06357410374253548,17
141.28571428571428,1.1066666666666667,0.06932783861010818,17
141.35714285714286,1.12,0.07445036697597363,17
141.42857142857142,1.0733333333333335,0.09878628527650059,17
141.5,1.035294117647059,0.09312435411169155,17
141.57142857142856,1.0875,0.06574889099191458,17
141.64285714285714,1.0176470588235293,0.09441588776043837,17
141.7142857142857,1.1,0.07416198487095663,17
141.78571428571428,1.1400000000000001,0.06384505052226426,17
141.85714285714286,1.10625,0.07157091471633803,17
141.92857142857142,1.052941176470588,0.09437006592432026,17
142.0,1.09375,0.09012433541132678,17
142.07142857142856,1.1666666666666667,0.054042898891851834,17
142.14285714285714,1.0588235294117647,0.09434714666085553,17
142.2142857142857,1.15,0.0752772652709081,17
142.28571428571428,1.10625,0.10225325993173355,17
142.35714285714286,1.12,0.09865765724632494,17
142.42857142857142,1.0176470588235293,0.11383530870802135,17
142.5,1.08125,0.10050652963862595,17
142.57142857142856,1.06875,0.1007135997105985,17
142.64285714285714,1.0375,0.11578536176909411,17
142.7142857142857,1.0125,0.11614466553971961,17
142.78571428571428,1.05625,0.09788119925024757,17
142.85714285714286,1.0176470588235293,0.11351188526707594,17
142.92857142857142,1.1133333333333333,0.100411850309312,17
143.0,0.9941176470588234,0.1151950354562714,17
143.07142857142856,0.9352941176470588,0.1297455588241928,17
143.14285714285714,0.9875,0.12243195389004184,17
143.2142857142857,1.0125,0.12611998255629436,17
143.28571428571428,0.98125,0.13638754525248997,17
143.35714285714286,0.98125,0.13669270585270207,17
143.42857142857142,0.9875,0.12938154170256796,17
143.5,0.96875,0.1260683511697788,17
143.57142857142856,0.9117647058823529,0.1344603464783819,17
143.64285714285714,0.9176470588235294,0.13618631650341442,17
143.7142857142857,1.0071428571428571,0.1352507990731349,17
143.78571428571428,0.9125,0.1437228235180481,17
143.85714285714286,0.9800000000000001,0.13842653200129215,17
143.92857142857142,0.9933333333333334,0.138174033349481,17
144.0,1.0785714285714285,0.1288915428851542,17
144.07142857142856,1.0846153846153845,0.15268794800984006,17
144.14285714285714,1.0642857142857143,0.13931036693638332,17
144.2142857142857,0.95625,0.14576486487948093,17
144.28571428571428,0.9500000000000001,0.14375905768565217,17
144.35714285714286,0.9500000000000001,0.14404860290887933,17
144.42857142857142,1.0133333333333334,0.13447133405503078,17
144.5,1.12,0.10519822558706332,17
144.57142857142856,1.08125,0.10575866788747544,17
144.64285714285714,1.0625,0.10160175523418218,17
144.7142857142857,1.06875,0.10476909133900131,17
144.78571428571428,1.0875,0.10640919446488949,17
144.85714285714286,1.08125,0.10417083325000333,17
144.92857142857142,1.1266666666666665,0.10755581791913428,17
145.0,1.0533333333333335,0.10229121205407658,17
145.07142857142856,1.0785714285714285,0.10544441347368785,17
145.14285714285714,1.0714285714285714,0.1045285446206076,17
145.2142857142857,1.0571428571428572,0.10572319534774237,17
145.28571428571428,1.08125,0.10417083325000333,17
145.35714285714286,1.03125,0.11997178487738967,17
145.42857142857142,1.1,0.1016530045465127,17
145.5,1.12,0.10699354675689113,17
145.57142857142856,1.09375,0.09724057366483739,17
145.64285714285714,1.1133333333333333,0.10459293733174596,17
145.7142857142857,1.0799999999999998,0.10919619738713214,17
145.78571428571428,1.0866666666666667,0.11121265201520002,17
145.85714285714286,1.06875,0.10112646785090439,17
145.92857142857142,1.1466666666666667,0.07028287515236224,17
146.0,1.1400000000000001,0.07023769168568492,17
146.07142857142856,1.1142857142857143,0.07973661509306258,17
146.14285714285714,1.1,0.0768424485864545,17
146.2142857142857,1.10625,0.06549093448714867,17
146.28571428571428,1.10625,0.06549093448714867,17
146.35714285714286,1.0411764705882351,0.09117647058823529,17
146.42857142857142,1.0875,0.06511208285205852,17
146.5,1.1,0.0654653670707977,17
146.57142857142856,1.11875,0.06721777418709032,17
146.64285714285714,1.0647058823529412,0.08825980051837445,17
146.7142857142857,1.125,0.06861729616746301,17
146.78571428571428,1.06875,0.09862333648787187,17
146.85714285714286,1.011764705882353,0.10808573426478212,17
146.92857142857142,1.0294117647058822,0.10872411993690896,17
147.0,1.0375,0.11721596876421461,17
147.07142857142856,1.075,0.09937303457175896,17
147.14285714285714,1.0176470588235293,0.1098914217192318,17
147.2142857142857,1.075,0.09853087502571635,17
147.28571428571428,1.06875,0.09734763736218768,17
147.35714285714286,1.0625,0.0974144924194205,17
147.42857142857142,1.0235294117647058,0.10830560376189395,17
147.5,1.0625,0.10077822185373188,17
147.57142857142856,1.0875,0.10036392114035138,17
147.64285714285714,1.052941176470588,0.10816573852019584,17
147.7142857142857,1.1,0.10206207261596574,17
147.78571428571428,1.1,0.10287532908007309,17
147.85714285714286,1.09375,0.10184495978365023,17
147.92857142857142,1.0875,0.10282468899377555,17
148.0,1.1,0.10206207261596575,17
148.07142857142856,1.1125,0.09911062842433535,17
148.14285714285714,1.1125,0.09953014618697191,17
148.2142857142857,1.1625,0.08209496533486894,17
148.28571428571428,1.15625,0.08365043833318109,17
148.35714285714286,1.15,0.08416254115301731,17
148.42857142857142,1.1058823529411765,0.08764508485736083,17
148.5,1.1,0.09082951062292476,17
148.57142857142856,1.10625,0.0928568566845407,17
148.64285714285714,1.1666666666666667,0.08655670680001343,17
148.7142857142857,1.1375,0.08605957239029252,17
148.78571428571428,1.1352941176470588,0.08041307714407245,17
148.85714285714286,1.1235294117647059,0.0788377950216483,17
148.92857142857142,1.1294117647058823,0.07848037684780197,17
149.0,1.1176470588235294,0.07632905454329988,17
149.07142857142856,1.15625,0.07525996611745185,17
149.14285714285714,1.125,0.07041543391425868,17
149.2142857142857,1.14375,0.06950344715671783,17
149.28571428571428,1.15,0.07011894655987544,17
149.35714285714286,1.13125,0.07054475529761232,17
149.42857142857142,1.1117647058823528,0.07567459017805063,17
149.5,1.0999999999999999,0.07326422768871266,17
149.57142857142856,1.1533333333333333,0.07799063842885044,17
149.64285714285714,1.1058823529411765,0.07739821980553394,17
149.7142857142857,1.1066666666666667,0.08862261705664222,17
149.78571428571428,1.1125,0.076852130744697,17
149.85714285714286,1.1125,0.08209496533486897,17
149.92857142857142,1.125,0.07984359711335656,17
150.0,1.0875000000000001,0.10562315087138804,17
150.07142857142856,1.0999999999999999,0.09889090840267312,17
150.14285714285714,1.1375,0.09911062842433532,17
150.2142857142857,1.15625,0.0983059637051588,17
150.28571428571428,1.15625,0.09745458343933,17
150.35714285714286,1.1625,0.09568829604502319,17
150.42857142857142,1.16875,0.09734763736218768,17
150.5,1.13125,0.07567405433832657,17
150.57142857142856,1.1529411764705884,0.07128940966788719,17
150.64285714285714,1.1647058823529413,0.07323470351758078,17
150.7142857142857,1.188235294117647,0.07064948323214304,17
150.78571428571428,1.1812500000000001,0.07428478422036823,17
150.85714285714286,1.175,0.07331439149307592,17
150.92857142857142,1.2133333333333334,0.07550885578253254,17
151.0,1.16875,0.07400380057807844,17
151.07142857142856,1.2571428571428573,0.06851187890446743,17
151.14285714285714,1.18,0.10743768958264668,17
151.2142857142857,1.1866666666666668,0.10905073815460163,17
151.28571428571428,1.14375,0.10286267139573359,17
151.35714285714286,1.15,0.10527741131569171,17
151.42857142857142,1.2,0.10124228365658292,17
151.5,1.19375,0.10387041205271114,17
151.57142857142856,1.1705882352941175,0.10528836658628674,17
151.64285714285714,1.2333333333333334,0.07968190728895957,17
151.7142857142857,1.23125,0.07890857051043315,17
151.78571428571428,1.2333333333333334,0.08261595987094034,17
151.85714285714286,1.1875,0.08260094833999587,17
151.92857142857142,1.1933333333333331,0.09178996037365322,17
152.0,1.18125,0.08226924800110104,17
152.07142857142856,1.1666666666666667,0.10852547064066471,17
152.14285714285714,1.1266666666666665,0.11316514130397755,17
152.2142857142857,1.125,0.1058694164210483,17
152.28571428571428,1.1866666666666668,0.10861319163354603,17
152.35714285714286,1.1125,0.10443299287102711,17
152.42857142857142,1.1352941176470588,0.09960996601103587,17
152.5,1.1176470588235294,0.09860620361317769,17
152.57142857142856,1.1625,0.10201102881551583,17
152.64285714285714,1.10625,0.11382323649706447,17
152.7142857142857,1.0941176470588236,0.10483551129777421,17
152.78571428571428,1.22,0.07445036697597361,17
152.85714285714286,1.14375,0.10366964759915669,17
152.92857142857142,1.0999999999999999,0.10502100630210073,17
153.0,1.0999999999999999,0.11014696065337651,17
153.07142857142856,1.0941176470588236,0.1086246194859964,17
153.14285714285714,1.0999999999999999,0.10846522890932808,17
153.2142857142857,1.09375,0.11382323649706447,17
153.28571428571428,1.088235294117647,0.10177915572351928,17
153.35714285714286,1.088235294117647,0.10285710852968066,17
153.42857142857142,1.1375,0.10241866691835688,17
153.5,1.1117647058823528,0.10427704647785785,17
153.57142857142856,1.1058823529411765,0.10342324101480731,17
153.64285714285714,1.15,0.0987420882906575,17
153.7142857142857,1.1,0.10954451150103323,17
153.78571428571428,1.1058823529411765,0.10199141696705707,17
153.85714285714286,1.13125,0.10673907047874581,17
153.92857142857142,1.18,0.10056980518170308,17
154.0,1.15625,0.09572910999272896,17
154.07142857142856,1.1466666666666667,0.10182462358513275,17
154.14285714285714,1.1470588235294117,0.08140207354763557,17
154.2142857142857,1.1588235294117646,0.08000865005138495,17
154.28571428571428,1.1529411764705884,0.08230040340960719,17
154.35714285714286,1.1411764705882352,0.08046684717826148,17
154.42857142857142,1.2125,0.07409172243465077,17
154.5,1.1733333333333333,0.07135869598068263,17
154.57142857142856,1.1642857142857144,0.06680062418042827,17
154.64285714285714,1.1933333333333331,0.074620734171234,17
154.7142857142857,1.2125,0.07409172243465077,17
154.78571428571428,1.2125,0.07465197027987047,17
154.85714285714286,1.1933333333333331,0.07588629756899568,17
154.92857142857142,1.2,0.07928249671720919,17
155.0,1.22,0.07758252135015734,17
155.07142857142856,1.2285714285714284,0.0801294086775127,17
155.14285714285714,1.2214285714285715,0.08064204683305992,17
155.2142857142857,1.1785714285714286,0.08781760032144263,17
155.28571428571428,1.1866666666666668,0.0792023729001592,17
155.35714285714286,1.15,0.08850612031567835,17
155.42857142857142,1.14375,0.08706738290925405,17
155.5,1.15,0.08660254037844385,17
155.57142857142856,1.1588235294117646,0.08577450924363343,17
155.64285714285714,1.1588235294117646,0.08913754388642198,17
155.7142857142857,1.2,0.08010409893798609,17
155.78571428571428,1.1352941176470588,0.0935183123269685,17
155.85714285714286,1.2,0.08062257748298549,17
155.92857142857142,1.2,0.08164965809277258,17
156.0,1.1176470588235294,0.09710337658364221,17
156.07142857142856,1.0875,0.09784128303873915,17
156.14285714285714,1.14375,0.10326694776161441,17
156.2142857142857,1.18125,0.08766353765011616,17
156.28571428571428,1.1923076923076923,0.09504488714282379,17
156.35714285714286,1.1928571428571428,0.0910646948598715,17
156.42857142857142,1.1307692307692307,0.12729161723593754,17
156.5,1.04,0.1233655041697136,17
156.57142857142856,1.075,0.12196310917650469,17
156.64285714285714,1.0933333333333333,0.12741632797612962,17
156.7142857142857,1.1666666666666667,0.11155467020454342,17
156.78571428571428,1.1714285714285713,0.11833486264590598,17
156.85714285714286,1.1375,0.11025538535599973,17
156.92857142857142,1.04375,0.11509733199919682,17
157.0,1.0941176470588236,0.11988676895405187,17
157.07142857142856,1.0823529411764705,0.11981459148275694,17
157.14285714285714,1.076470588235294,0.12112506048220001,17
157.2142857142857,1.1733333333333333,0.11400362010403614,17
157.28571428571428,1.18,0.11389217958854142,17
157.35714285714286,1.1666666666666667,0.11112698299335921,17
157.42857142857142,1.1071428571428572,0.10917487016843726,17
157.5,1.11875,0.12656314300248184,17
157.57142857142856,1.1933333333333331,0.11931018663517644,17
157.64285714285714,1.0625,0.14884975646604195,17
157.7142857142857,1.0625,0.1451651358510943,17
157.78571428571428,1.1133333333333333,0.1456893847382054,17
157.85714285714286,1.1066666666666667,0.14911378418818508,17
157.92857142857142,1.0214285714285716,0.13634900735002625,17
158.0,1.0533333333333335,0.15942356480731767,17
158.07142857142856,1.12,0.14709893010520245,17
158.14285714285714,1.04375,0.14971326761513154,17
158.2142857142857,1.1133333333333333,0.1498782574741649,17
158.28571428571428,1.06,0.16177585905019506,17
158.35714285714286,1.1133333333333333,0.15051235249629263,17
158.42857142857142,1.04375,0.1559831053885858,17
158.5,1.2214285714285715,0.1379514851130569,17
158.57142857142856,1.125,0.1355544171172596,17
158.64285714285714,1.1800000000000002,0.1345893224378729,17
158.7142857142857,1.1666666666666667,0.13961398028873576,17
158.78571428571428,1.16,0.13620712518947367,17
158.85714285714286,1.16,0.13409307357560413,17
158.92857142857142,1.1142857142857143,0.13541030154504935,17
159.0,1.0466666666666666,0.17123269232431906,17
159.07142857142856,1.03125,0.15591631035056383,17
159.14285714285714,1.0733333333333335,0.15070206073943088,17
159.2142857142857,1.0,0.15732132722552272,17
159.28571428571428,0.9750000000000001,0.16266017746619282,17
159.35714285714286,1.0133333333333334,0.16471235148026617,17
159.42857142857142,1.0785714285714287,0.16245999386782992,17
159.5,0.9375,0.16403124702324248,17
159.57142857142856,1.0666666666666667,0.145623999417504,17
159.64285714285714,1.0733333333333335,0.15006876730564198,17
159.7142857142857,1.1076923076923078,0.1646525239676428,17
159.78571428571428,1.0142857142857142,0.17908716732581634,17
159.85714285714286,0.9166666666666666,0.2014467872188784,17
159.92857142857142,0.9230769230769231,0.19518362365424202,17
160.0,0.9666666666666667,0.2111775546689553,17
160.07142857142856,0.9733333333333333,0.16603690544048924,17
160.14285714285714,0.9533333333333334,0.1632604307662094,17
160.2142857142857,1.0466666666666666,0.1644229930238488,17
160.28571428571428,1.0466666666666666,0.1609101099746796,17
160.35714285714286,1.092857142857143,0.16390304213573975,17
160.42857142857142,1.0769230769230769,0.1769230769230769,17
160.5,1.092857142857143,0.16119890304288428,17
160.57142857142856,1.0846153846153845,0.17681155905701856,17
160.64285714285714,1.0066666666666666,0.16888053446337417,17
160.7142857142857,1.0214285714285714,0.16613861928018583,17
160.78571428571428,1.0142857142857142,0.16669282892515394,17
160.85714285714286,1.0071428571428571,0.16853091336550577,17
160.92857142857142,1.0071428571428571,0.16557070323822576,17
161.0,1.0,0.1696797241605749,17
161.07142857142856,1.0666666666666667,0.1920122049992835,17
161.14285714285714,1.0,0.18639632438326068,17
161.2142857142857,1.0153846153846153,0.18075559141124783,17
161.28571428571428,1.1076923076923078,0.1816807352097384,17
161.35714285714286,1.0538461538461539,0.18831757976388247,17
161.42857142857142,1.06,0.15760106356904838,17
161.5,1.0285714285714287,0.17046432111257326,17
161.57142857142856,1.157142857142857,0.1474002869196239,17
161.64285714285714,1.1923076923076923,0.15126032003848847,17
161.7142857142857,1.1714285714285713,0.14692024128704326,17
161.78571428571428,1.157142857142857,0.14438740840137884,17
161.85714285714286,1.1,0.1414213562373095,17
161.92857142857142,1.1,0.1467099503231104,17
162.0,1.0692307692307692,0.18270917600938277,17
162.07142857142856,0.9615384615384616,0.1452400583730708,17
162.14285714285714,1.0285714285714287,0.1826028451533129,17
162.2142857142857,1.1076923076923078,0.1791938995862169,17
162.28571428571428,1.1384615384615384,0.17560826945164845,17
162.35714285714286,1.1538461538461537,0.17889095110314487,17
162.42857142857142,1.1307692307692307,0.18023653098246126,17
162.5,1.1285714285714286,0.16819290711305196,17
162.57142857142856,1.1615384615384614,0.17597292242844606,17
162.64285714285714,1.0846153846153845,0.18391962913260818,17
162.7142857142857,1.2153846153846155,0.15518646924486162,17
162.78571428571428,1.2076923076923078,0.15585230453349852,17
162.85714285714286,1.1428571428571428,0.17152012207404452,17
162.92857142857142,1.0785714285714285,0.1710274611419996,17
163.0,1.123076923076923,0.1864492252852434,17
163.07142857142856,1.1357142857142857,0.1743456031133586,17
163.14285714285714,1.05,0.1886184590036804,17
163.2142857142857,1.0857142857142859,0.1932535608352669,17
163.28571428571428,1.0714285714285714,0.19707436300186354,17
163.35714285714286,1.0818181818181818,0.21692821678995433,17
163.42857142857142,1.0538461538461539,0.20804812825074648,17
163.5,1.0769230769230769,0.2127818933139941,17
163.57142857142856,1.0071428571428571,0.20767268353128762,17
163.64285714285714,1.05,0.19576561450922841,17
163.7142857142857,1.0266666666666666,0.19407084289890655,17
163.78571428571428,1.0769230769230769,0.20036948119432474,17
163.85714285714286,1.0636363636363635,0.2216765568745793,17
163.92857142857142,1.0142857142857142,0.201875041008302,17
164.0,1.0769230769230769,0.19320304390348,17
164.07142857142856,0.9615384615384616,0.20523234535972648,17
164.14285714285714,1.0571428571428572,0.1891897953112733,17
164.2142857142857,1.1384615384615384,0.18450851607698482,17
164.28571428571428,1.146153846153846,0.18453523901377164,17
164.35714285714286,1.146153846153846,0.18314047593322813,17
164.42857142857142,1.1384615384615384,0.1806464394741135,17
164.5,1.175,0.19153486904635944,17
164.57142857142856,1.1666666666666667,0.1652319197418807,17
164.64285714285714,1.0533333333333332,0.17831664363380498,17
164.7142857142857,1.0416666666666667,0.17076402880979802,17
164.78571428571428,1.123076923076923,0.1819248387186334,17
164.85714285714286,1.1307692307692307,0.18270917600938277,17
164.92857142857142,1.1538461538461537,0.17889095110314487,17
165.0,1.042857142857143,0.18328932443576554,17
165.07142857142856,1.0785714285714285,0.18131951381760267,17
165.14285714285714,1.1153846153846154,0.16826648349405657,17
165.2142857142857,1.0285714285714287,0.1758585131305913,17
165.28571428571428,1.0533333333333335,0.16871126833585262,17
165.35714285714286,1.1214285714285714,0.16076006673948842,17
165.42857142857142,1.207142857142857,0.13154378609767364,17
165.5,1.25,0.15496822743759933,17
165.57142857142856,1.1266666666666665,0.15133270400540427,17
165.64285714285714,1.1357142857142857,0.15987878061142421,17
165.7142857142857,1.207142857142857,0.1319608190744534,17
165.78571428571428,1.1846153846153846,0.14360119001995747,17
165.85714285714286,1.1500000000000001,0.15504341823651058,17
165.92857142857142,1.1071428571428572,0.15494213230818538,17
166.0,1.092857142857143,0.15387460490456797,17
166.07142857142856,1.1357142857142857,0.1506787364980642,17
166.14285714285714,1.1785714285714286,0.12367032185869907,17
166.2142857142857,1.1066666666666667,0.14588536486755513,17
166.28571428571428,1.1857142857142857,0.13002837511847082,17
166.35714285714286,1.169230769230769,0.13885272375961344,17
166.42857142857142,1.03125,0.15212898858096263,17
166.5,1.2,0.13445044840729642,17
166.57142857142856,1.0666666666666667,0.14029447488244035,17
166.64285714285714,1.1615384615384614,0.13659713437812515,17
166.7142857142857,1.0733333333333333,0.1432502527768622,17
166.78571428571428,1.0733333333333333,0.14224950135209838,17
166.85714285714286,0.99375,0.1459077191241094,17
166.92857142857142,1.0,0.15110702608857518,17
167.0,1.0266666666666666,0.15536950324849,17
167.07142857142856,1.1,0.1478787742312326,17
167.14285714285714,0.9466666666666667,0.16899328435985309,17
167.2142857142857,0.9600000000000001,0.17204650534085253,17
167.28571428571428,1.0,0.18337495365063797,17
167.35714285714286,0.9285714285714286,0.1826028451533129,17
167.42857142857142,1.0076923076923077,0.183086619006337,17
167.5,0.8923076923076922,0.18894495822503118,17
167.57142857142856,0.9600000000000001,0.17009801096230764,17
167.64285714285714,1.0538461538461539,0.176364782451463,17
167.7142857142857,1.0142857142857142,0.16470324391380392,17
167.78571428571428,0.9733333333333333,0.16632345614341973,17
167.85714285714286,1.0285714285714287,0.17046432111257326,17
167.92857142857142,0.9833333333333334,0.177026506033373,17
168.0,1.0333333333333334,0.18640674544520847,17
168.07142857142856,0.9357142857142857,0.1711650905589678,17
168.14285714285714,1.0285714285714287,0.16622127825221134,17
168.2142857142857,0.9714285714285714,0.17895563064459152,17
168.28571428571428,1.0,0.18174240845301634,17
168.35714285714286,1.0461538461538462,0.17306267747641527,17
168.42857142857142,0.9384615384615386,0.18623753151810357,17
168.5,1.0333333333333334,0.18721780110476957,17
168.57142857142856,1.0999999999999999,0.15715269548108202,17
168.64285714285714,1.0166666666666666,0.18456883963891782,17
168.7142857142857,1.1333333333333333,0.16345388253930135,17
168.78571428571428,1.2333333333333334,0.1263312944586414,17
168.85714285714286,1.2333333333333334,0.1269295517643985,17
168.92857142857142,1.2333333333333334,0.12512619892159138,17
169.0,1.2249999999999999,0.12439246298906075,17
169.07142857142856,1.2384615384615385,0.11850482059785994,17
169.14285714285714,1.2249999999999999,0.12680514758693928,17
169.2142857142857,1.3363636363636364,0.06363636363636363,17
169.28571428571428,1.2583333333333333,0.1281915785380647,17
169.35714285714286,1.2916666666666667,0.09248942063443218,17
169.42857142857142,1.1500000000000001,0.12698965952538668,17
169.5,1.2153846153846155,0.12752383077752008,17
169.57142857142856,1.323076923076923,0.07608518012798866,17
169.64285714285714,1.3,0.08071648849616486,17
169.7142857142857,1.3727272727272728,0.06618281717527744,17
169.78571428571428,1.3636363636363635,0.06363636363636363,17
169.85714285714286,1.3818181818181818,0.05691809397272191,17
169.92857142857142,1.2153846153846155,0.12081250245527944,17
170.0,1.2833333333333334,0.07264831572567788,17
170.07142857142856,1.3000000000000003,0.06602252917735248,17
170.14285714285714,1.2923076923076924,0.06837072628704301,17
170.2142857142857,1.1714285714285713,0.12554434067558437,17
170.28571428571428,1.2538461538461538,0.09447247911251556,17
170.35714285714286,1.2384615384615385,0.0873678207046196,17
170.42857142857142,1.2538461538461538,0.08742424164734522,17
170.5,1.2615384615384615,0.0909624193593167,17
170.57142857142856,1.2916666666666667,0.08568647336173729,17
170.64285714285714,1.2999999999999998,0.09128709291752769,17
170.7142857142857,1.3,0.09045340337332909,17
170.78571428571428,1.2750000000000001,0.08801256797305781,17
170.85714285714286,1.2357142857142858,0.08555387921092576,17
170.92857142857142,1.3076923076923077,0.07963179565779248,17
171.0,1.2923076923076924,0.07717906124765338,17
171.07142857142856,1.25,0.0869191869206394,17
171.14285714285714,1.2785714285714285,0.0896749756391769,17
171.2142857142857,1.3384615384615384,0.08049403667867826,17
171.28571428571428,1.2571428571428573,0.08752662748017527,17
171.35714285714286,1.1785714285714286,0.1297413197369896,17
171.42857142857142,1.1857142857142855,0.13170777796132696,17
171.5,1.1785714285714286,0.13058556683981573,17
171.57142857142856,1.1933333333333331,0.12553378094652512,17
171.64285714285714,1.2133333333333334,0.12222799409170773,17
171.7142857142857,1.2357142857142858,0.12992269166114612,17
171.78571428571428,1.3071428571428572,0.08861838528409932,17
171.85714285714286,1.3071428571428572,0.08351106113108722,17
171.92857142857142,1.3142857142857143,0.08042274489464608,17
172.0,1.2266666666666666,0.11400362010403615,17
172.07142857142856,1.24,0.11372481406154653,17
172.14285714285714,1.0866666666666667,0.15972198067614585,17
172.2142857142857,1.1600000000000001,0.14269514624507998,17
172.28571428571428,1.1071428571428572,0.15026141532554457,17
172.35714285714286,1.09375,0.1534244520928786,17
172.42857142857142,1.1666666666666667,0.14397971638449192,17
172.5,1.123076923076923,0.16608379339953755,17
172.57142857142856,1.1357142857142857,0.15710539013883337,17
172.64285714285714,1.146153846153846,0.1677969562907323,17
172.7142857142857,1.1714285714285713,0.1635554721330906,17
172.78571428571428,1.0666666666666667,0.15731330124142315,17
172.85714285714286,1.1692307692307693,0.1703633430026931,17
172.92857142857142,1.146153846153846,0.17045015235507954,17
173.0,1.0785714285714285,0.17979798536580227,17
173.07142857142856,1.1615384615384614,0.173404248882696,17
173.14285714285714,1.2692307692307692,0.14114214302074754,17
173.2142857142857,1.1866666666666668,0.14634163117812035,17
173.28571428571428,1.1785714285714286,0.15590169184336403,17
173.35714285714286,1.2133333333333334,0.14731458618068785,17
173.42857142857142,1.1933333333333331,0.14124165939695818,17
173.5,1.2,0.14175767384955953,17
173.57142857142856,1.1785714285714286,0.1523365892381805,17
173.64285714285714,1.2642857142857142,0.1225225446207569,17
173.7142857142857,1.2,0.14040757000349272,17
173.78571428571428,1.1785714285714286,0.14942327643844938,17
173.85714285714286,1.1857142857142857,0.15329965730345374,17
173.92857142857142,1.1857142857142857,0.15329965730345374,17
174.0,1.290909090909091,0.08888659317512959,17
174.07142857142856,1.2461538461538462,0.13474352875160248,17
174.14285714285714,1.3333333333333333,0.0932033727226042,17
174.2142857142857,1.2846153846153845,0.1300128957342279,17
174.28571428571428,1.1076923076923078,0.15252639051246622,17
174.35714285714286,1.157142857142857,0.152529689314733,17
174.42857142857142,1.1714285714285713,0.15134146364603568,17
174.5,1.0799999999999998,0.1568135076786314,17
174.57142857142856,1.1285714285714286,0.14158776699058953,17
174.64285714285714,1.1933333333333331,0.14391355429948602,17
174.7142857142857,1.2,0.1440899190155396,17
174.78571428571428,1.22,0.1448151531139907,17
174.85714285714286,1.2133333333333334,0.14338315856030703,17
174.92857142857142,1.22,0.14382529084175105,17
175.0,1.2066666666666668,0.14424406125157876,17
175.07142857142856,1.0799999999999998,0.1518771433319269,17
175.14285714285714,1.207142857142857,0.1509909704433216,17
175.2142857142857,1.1333333333333333,0.16349360455430276,17
175.28571428571428,1.2066666666666668,0.14358228656722602,17
175.35714285714286,1.2066666666666668,0.14358228656722602,17
175.42857142857142,1.1714285714285713,0.1520658371834534,17
175.5,1.157142857142857,0.152529689314733,17
175.57142857142856,1.1285714285714286,0.14197530021546562,17
175.64285714285714,1.1866666666666668,0.14404584808041623,17
175.7142857142857,1.1666666666666667,0.14331672107497623,17
175.78571428571428,1.2,0.15583874449479596,17
175.85714285714286,1.11875,0.15604987183589739,17
175.92857142857142,1.2357142857142858,0.12207327238366006,17
176.0,1.24,0.1198411647219133,17
176.07142857142856,1.2571428571428573,0.12826581504540546,17
176.14285714285714,1.2571428571428573,0.12783672867909307,17
176.2142857142857,1.2333333333333334,0.12253927132096475,17
176.28571428571428,1.2133333333333334,0.11986765188429264,17
176.35714285714286,1.2214285714285715,0.1330861785694391,17
176.42857142857142,1.1846153846153846,0.139984501818976,17
176.5,1.1615384615384614,0.13278981924332361,17
176.57142857142856,1.092857142857143,0.17742489069106027,17
176.64285714285714,1.176923076923077,0.17065253578087206,17
176.7142857142857,1.1333333333333333,0.14917763992625788,17
176.78571428571428,1.1357142857142857,0.15780330741291598,17
176.85714285714286,1.0066666666666666,0.16079169211737354,17
176.92857142857142,1.1285714285714286,0.15386185163241442,17
177.0,1.0866666666666667,0.14956020181938098,17
177.07142857142856,0.8999999999999999,0.19047847983972174,17
177.14285714285714,1.1,0.1467099503231104,17
177.2142857142857,1.0666666666666667,0.15996031253814674,17
177.28571428571428,1.02,0.16159915134147743,17
177.35714285714286,1.04,0.16584559657935422,17
177.42857142857142,1.0571428571428572,0.17247846997803945,17
177.5,1.0461538461538462,0.18626400639655386,17
177.57142857142856,1.042857142857143,0.1715201220740445,17
177.64285714285714,0.9769230769230769,0.18576033848229603,17
177.7142857142857,1.0076923076923077,0.1820332240953728,17
177.78571428571428,0.9538461538461539,0.17045015235507954,17
177.85714285714286,0.9142857142857144,0.15823794256693907,17
177.92857142857142,0.9166666666666666,0.18333333333333335,17
178.0,0.9076923076923078,0.18552128168112547,17
178.07142857142856,1.0142857142857145,0.1693092439714723,17
178.14285714285714,1.0384615384615385,0.17742403991801226,17
178.2142857142857,1.0307692307692309,0.17664415025281885,17
178.28571428571428,0.9071428571428571,0.17680444456221817,17
178.35714285714286,0.8666666666666667,0.16609425513033732,17
178.42857142857142,0.8142857142857143,0.17505325496035057,17
178.5,0.8363636363636363,0.21501489473680116,17
178.57142857142856,0.9333333333333332,0.1855921454276674,17
178.64285714285714,0.9615384615384616,0.17266332347711175,17
178.7142857142857,0.9066666666666666,0.16603690544048924,17
178.78571428571428,0.9,0.16846647257229666,17
178.85714285714286,0.8571428571428571,0.17469417098230905,17
178.92857142857142,0.9846153846153847,0.16826648349405657,17
179.0,0.9333333333333335,0.17509016436272387,17
179.07142857142856,0.9090909090909091,0.19975191224686933,17
179.14285714285714,0.9083333333333333,0.18317830911244085,17
179.2142857142857,0.8666666666666667,0.19201220499928348,17
179.28571428571428,0.8285714285714285,0.1742893172028963,17
179.35714285714286,0.8214285714285714,0.1726263103183542,17
179.42857142857142,0.8583333333333333,0.19047720508387783,17
179.5,0.8153846153846154,0.18004492097812622,17
179.57142857142856,0.9363636363636364,0.1955285272247446,17
179.64285714285714,0.8461538461538461,0.17082581645077816,17
179.7142857142857,0.74,0.16812693617224653,17
179.78571428571428,0.7714285714285715,0.18109209952020056,17
179.85714285714286,0.85,0.17501962213382857,17
179.92857142857142,0.8571428571428571,0.1734315223240452,17
180.0,0.8266666666666667,0.16831565206527507,17
180.07142857142856,0.85,0.17344283664198293,17
180.14285714285714,0.9000000000000001,0.17059473644448736,17
180.2142857142857,0.7714285714285715,0.17741383032321045,17
180.28571428571428,0.7714285714285715,0.1758585131305913,17
180.3571428571429,0.85,0.1814925905913529,17
180.42857142857144,0.7923076923076924,0.18586648725580582,17
180.5,0.7615384615384616,0.2027182146631452,17
180.57142857142856,0.7083333333333334,0.21014364976214134,17
180.6428571428572,0.7999999999999999,0.20633893858348107,17
180.7142857142857,0.6666666666666666,0.20973769091391034,17
180.78571428571428,0.6461538461538462,0.19401803531531137,17
180.8571428571429,0.75,0.1990507777458107,17
180.92857142857144,0.7846153846153847,0.18391962913260818,17
181.0,0.8714285714285713,0.1873553864086286,17
181.07142857142856,0.9833333333333334,0.19102329436458523,17
181.1428571428572,0.9916666666666667,0.17814631938693293,17
181.2142857142857,0.9076923076923078,0.18962227584086486,17
181.28571428571428,0.8533333333333334,0.17151056240323223,17
181.3571428571429,0.7999999999999999,0.17509808867986154,17
181.42857142857144,0.8333333333333334,0.16808916756878847,17
181.5,0.8466666666666666,0.1726175697802092,17
181.57142857142856,0.8785714285714287,0.17826347071722437,17
181.6428571428572,0.84,0.17009801096230764,17
181.7142857142857,0.8857142857142858,0.18363160171696097,17
181.78571428571428,0.9076923076923078,0.18928391999021973,17
181.8571428571429,0.9076923076923078,0.18860538727844878,17
181.92857142857144,0.7769230769230769,0.1864492252852434,17
182.0,0.8466666666666668,0.17011667331476515,17
182.07142857142856,0.8857142857142858,0.17969973211044346,17
182.1428571428572,0.875,0.20155644370746376,17
182.2142857142857,0.9071428571428571,0.16820457380797205,17
182.28571428571428,0.7799999999999999,0.1770660355697302,17
182.3571428571429,0.8285714285714285,0.1855874461190354,17
182.42857142857144,0.8285714285714285,0.18617862491909778,17
182.5,0.8428571428571429,0.18947999567186932,17
182.57142857142856,0.8266666666666667,0.1771377367411523,17
182.6428571428572,0.7166666666666667,0.19993685871981554,17
182.7142857142857,0.8928571428571429,0.17865931903008905,17
182.78571428571428,0.8466666666666666,0.17670709330809792,17
182.85714285714283,0.9000000000000001,0.183075076175004,17
182.92857142857144,0.7846153846153846,0.18181638873062397,17
183.0,0.8857142857142858,0.19067754924610086,17
183.07142857142856,0.9615384615384616,0.1982417785466556,17
183.1428571428572,0.8846153846153846,0.19769380424455998,17
183.2142857142857,0.9916666666666667,0.19979471788045172,17
183.28571428571428,1.0083333333333333,0.20243155720770253,17
183.35714285714283,0.8666666666666667,0.1868706368604627,17
183.42857142857144,0.8533333333333333,0.1828000903059761,17
183.5,0.8466666666666666,0.18227834985372462,17
183.57142857142856,0.8466666666666668,0.1748105550552659,17
183.6428571428572,0.8533333333333334,0.17804939567880398,17
183.7142857142857,0.8466666666666668,0.1734431886311471,17
183.78571428571428,0.8928571428571429,0.17711493931016825,17
183.85714285714283,0.9714285714285714,0.1615272478727274,17
183.92857142857144,0.9266666666666666,0.16660951401024537,17
184.0,0.9666666666666667,0.15233630298241194,17
184.07142857142856,0.9357142857142857,0.17931712434456032,17
184.1428571428572,1.0230769230769232,0.16569737868106166,17
184.2142857142857,1.0384615384615385,0.16584610627467092,17
184.28571428571428,1.0307692307692309,0.15948017133584247,17
184.35714285714283,0.9428571428571428,0.16631569534488733,17
184.42857142857144,0.9466666666666667,0.15640809462266353,17
184.5,1.0285714285714287,0.15278677645033545,17
184.57142857142856,0.9,0.1557241150239744,17
184.6428571428572,0.9846153846153847,0.1518459719947993,17
184.7142857142857,0.9769230769230769,0.13828336114096235,17
184.78571428571428,1.0357142857142858,0.14810418921631585,17
184.85714285714283,1.0285714285714287,0.1509779735876536,17
184.92857142857144,1.0,0.151064598170825,17
185.0,0.90625,0.15260754404681312,17
185.07142857142856,0.9666666666666667,0.1498147003616282,17
185.1428571428572,0.9866666666666667,0.15395319841298297,17
185.2142857142857,1.042857142857143,0.1432412418795517,17
185.28571428571428,1.05,0.14209964001470127,17
185.35714285714283,1.0571428571428572,0.14247200832239298,17
185.42857142857144,0.9800000000000001,0.14838816536047483,17
185.5,1.0,0.1515004321854593,17
185.57142857142856,1.0538461538461539,0.14962148165020675,17
185.6428571428572,1.1333333333333333,0.1339003096683982,17
185.7142857142857,1.0461538461538462,0.15259103403751825,17
185.78571428571428,1.0615384615384615,0.1538140992247316,17
185.85714285714283,0.9785714285714285,0.15730511103960887,17
185.92857142857144,0.9,0.15976172734359603,17
186.0,0.9933333333333334,0.150068767305642,17
186.07142857142856,1.0642857142857143,0.13772370128772074,17
186.1428571428572,0.9866666666666667,0.14568938473820536,17
186.2142857142857,1.0642857142857143,0.13970421770955904,17
186.28571428571428,1.05,0.13976039150262506,17
186.35714285714283,1.0357142857142858,0.13652160109930955,17
186.42857142857144,0.94,0.1641137816678823,17
186.5,0.9214285714285715,0.17515411469117595,17
186.57142857142856,0.9071428571428571,0.17271722609045992,17
186.6428571428572,0.9769230769230769,0.17027648939368195,17
186.7142857142857,0.9615384615384616,0.16661734970548442,17
186.78571428571428,0.9666666666666668,0.18599989138695647,17
186.85714285714283,0.9500000000000001,0.16927446988204142,17
186.92857142857144,0.8642857142857142,0.18415448091600775,17
187.0,0.8571428571428571,0.1817842839815058,17
187.07142857142856,0.9923076923076923,0.17811748444299286,17
187.1428571428572,0.9142857142857144,0.16995705432247213,17
187.2142857142857,0.8866666666666667,0.17399142471115026,17
187.28571428571428,1.0384615384615385,0.17560826945164845,17
187.35714285714283,1.0,0.16903085094570333,17
187.42857142857144,0.9466666666666667,0.1629684943746188,17
187.5,0.9249999999999999,0.18427786989579986,17
187.57142857142856,0.9333333333333335,0.1884278389863093,17
187.6428571428572,1.0,0.19656134827672414,17
187.7142857142857,1.0142857142857142,0.17630428954445196,17
187.78571428571428,0.8785714285714287,0.17949213194931737,17
187.85714285714283,1.0142857142857142,0.17847250006935161,17
187.92857142857144,1.0,0.16590301240125063,17
188.0,0.9214285714285715,0.1858093585893979,17
188.07142857142856,0.9692307692307692,0.17952380578681332,17
188.1428571428572,0.9928571428571429,0.17524371905293476,17
188.2142857142857,1.0166666666666666,0.1961111826479968,17
188.28571428571428,1.0357142857142858,0.17466046901016516,17
188.35714285714283,0.9866666666666667,0.16413312444379577,17
188.42857142857144,0.9800000000000001,0.1630658645777104,17
188.5,0.976923076923077,0.1794413860996534,17
188.57142857142856,0.9428571428571428,0.17087823751582562,17
188.6428571428572,0.9692307692307692,0.18375869607352738,17
188.7142857142857,0.9923076923076923,0.1820332240953728,17
188.78571428571428,0.8769230769230769,0.16723768060636235,17
188.85714285714283,0.9800000000000001,0.16100872499280752,17
188.92857142857144,1.0285714285714287,0.1691701047254214,17
189.0,1.0214285714285716,0.1671278287598952,17
189.07142857142856,0.9866666666666667,0.16413312444379574,17
189.1428571428572,0.94,0.1758787461103056,17
189.2142857142857,0.93125,0.1672619577190223,17
189.28571428571428,1.0214285714285716,0.17578038603049498,17
189.35714285714283,0.9600000000000001,0.18094987466936013,17
189.42857142857144,0.9500000000000001,0.19122221122540672,17
189.5,0.9266666666666666,0.18243502866099942,17
189.57142857142856,0.9750000000000001,0.19966828551981972,17
189.6428571428572,0.93,0.22757172251597713,17
189.7142857142857,0.9769230769230769,0.1808646774751372,17
189.78571428571428,0.9923076923076922,0.17990793174656153,17
189.85714285714283,0.875,0.19074217089457632,17
189.92857142857144,0.8285714285714286,0.1587826531023356,17
190.0,0.8800000000000001,0.1568135076786314,17
190.07142857142856,0.93125,0.15403429001362,17
190.1428571428572,1.02,0.1615991513414774,17
190.2142857142857,1.0142857142857142,0.16767876891467498,17
190.28571428571428,1.0615384615384615,0.17850463670572758,17
190.35714285714283,0.9857142857142858,0.17754650926259963,17
190.42857142857144,0.9533333333333334,0.16899328435985309,17
190.5,0.9785714285714285,0.17578038603049495,17
190.57142857142856,0.9466666666666667,0.1664379382880817,17
190.6428571428572,1.0153846153846153,0.17425524818133217,17
190.7142857142857,0.975,0.17194299619174358,17
190.78571428571428,0.990909090909091,0.1913846889736839,17
190.85714285714283,0.9266666666666666,0.16197197484417059,17
190.92857142857144,1.0384615384615385,0.16928903425891345,17
191.0,0.9,0.1622754859285078,17
191.07142857142856,0.90625,0.16136623717494314,17
191.1428571428572,0.9153846153846155,0.16557830042013272,17
191.2142857142857,0.9545454545454546,0.1997105343257114,17
191.28571428571428,0.9666666666666667,0.1551241182521018,17
191.35714285714283,1.0538461538461539,0.17232028342274586,17
191.42857142857144,1.0285714285714287,0.16254452354665122,17
191.5,1.0071428571428571,0.15740487646015924,17
191.57142857142856,1.1083333333333334,0.17252945876404452,17
191.6428571428572,1.0769230769230769,0.17510211165746503,17
191.7142857142857,1.0769230769230769,0.176196949154969,17
191.78571428571428,1.0636363636363635,0.18254400578925284,17
191.85714285714283,1.0461538461538462,0.1712006562320369,17
191.92857142857144,1.0538461538461539,0.18243909577894496,17
192.0,1.1333333333333333,0.18146430207975597,17
192.07142857142856,1.0636363636363635,0.18304134022511134,17
192.1428571428572,1.0615384615384615,0.1813547527667384,17
192.2142857142857,1.0,0.18912755158683456,17
192.28571428571428,1.1416666666666666,0.18441485402168228,17
192.35714285714283,1.0615384615384615,0.1795787312296731,17
192.42857142857144,1.0615384615384615,0.18520205927942923,17
192.5,1.0615384615384615,0.18520205927942923,17
192.57142857142856,0.9928571428571429,0.18940748726578654,17
192.6428571428572,1.0,0.18869568253158472,17
192.7142857142857,1.0818181818181818,0.1882059712211751,17
192.78571428571428,1.0153846153846153,0.18357076251971885,17
192.85714285714283,1.0307692307692309,0.18583995574653414,17
192.92857142857144,0.9666666666666667,0.1884278389863093,17
193.0,0.8642857142857142,0.17497476830886496,17
193.07142857142856,1.0250000000000001,0.1981448047170645,17
193.1428571428572,0.9916666666666667,0.2057721354245315,17
193.2142857142857,1.05,0.20725478391232724,17
193.28571428571428,1.0,0.19315199276138031,17
193.35714285714283,1.1500000000000001,0.1823665971541273,17
193.42857142857144,1.0615384615384615,0.18964827820997449,17
193.5,1.1071428571428572,0.1645721344612456,17
193.57142857142856,1.2916666666666667,0.12580548558000246,17
193.6428571428572,0.9928571428571429,0.16017308142306205,17
193.7142857142857,1.0533333333333335,0.1629684943746188,17
193.78571428571428,1.06,0.1504912590405803,17
193.85714285714283,1.1500000000000001,0.140152977645347,17
193.92857142857144,1.1642857142857144,0.13970421770955904,17
194.0,1.0733333333333335,0.1471852304529638,17
194.07142857142856,1.2416666666666667,0.1389671496680733,17
194.1428571428572,1.0799999999999998,0.1451436070471816,17
194.2142857142857,1.1,0.14175767384955953,17
194.28571428571428,1.1500000000000001,0.12913490688355406,17
194.35714285714283,1.1428571428571428,0.1432412418795517,17
194.42857142857144,1.146153846153846,0.15259103403751825,17
194.5,1.157142857142857,0.1256693226285616,17
194.57142857142856,1.0733333333333335,0.1346836387230555,17
194.6428571428572,1.0933333333333333,0.139204086785474,17
194.7142857142857,1.1714285714285713,0.12598123505330983,17
194.78571428571428,1.1642857142857144,0.12562246896784085,17
194.85714285714283,1.1133333333333333,0.1294187248786139,17
194.92857142857144,1.1785714285714286,0.1153963887243108,17
195.0,1.1142857142857143,0.1157190339549473,17
195.07142857142856,1.09375,0.12263385543967865,17
195.1428571428572,1.10625,0.12161028944953631,17
195.2142857142857,1.1733333333333333,0.10974718422102886,17
195.28571428571428,1.10625,0.11953686669810282,17
195.35714285714283,1.18,0.10875923606099588,17
195.42857142857144,1.1666666666666667,0.10675591504373609,17
195.5,1.16,0.1054694719992924,17
195.57142857142856,1.207142857142857,0.11215388060890176,17
195.6428571428572,1.157142857142857,0.1093006166669139,17
195.7142857142857,1.11875,0.11409745468969353,17
195.78571428571428,1.1,0.1136515141415488,17
195.85714285714283,1.1533333333333333,0.10088497300281037,17
195.92857142857144,1.1125,0.1128697627061089,17
196.0,1.11875,0.11446205703201388,17
196.07142857142856,1.1533333333333333,0.10229121205407658,17
196.1428571428572,1.1533333333333333,0.09404490653110588,17
196.2142857142857,1.1,0.11547005383792516,17
196.28571428571428,1.1533333333333333,0.10459293733174595,17
196.35714285714283,1.1400000000000001,0.1054694719992924,17
196.42857142857144,1.1133333333333333,0.1141705769229561,17
196.5,1.1642857142857144,0.11173317060243498,17
196.57142857142856,1.1857142857142857,0.11380392954509878,17
196.6428571428572,1.175,0.1303404632630879,17
196.7142857142857,1.1214285714285714,0.12543487931271216,17
196.78571428571428,1.1357142857142857,0.12474463711837844,17
196.85714285714283,1.1285714285714286,0.12333665686330497,17
196.92857142857144,1.1357142857142857,0.12252254462075692,17
197.0,1.0923076923076922,0.12219233392250109,17
197.07142857142856,1.1533333333333333,0.11582690972253822,17
197.1428571428572,1.1533333333333333,0.11541505499992155,17
197.2142857142857,1.1428571428571428,0.12346387366542065,17
197.28571428571428,1.2307692307692308,0.12003451180251717,17
197.35714285714283,1.1666666666666667,0.11737877907772672,17
197.42857142857144,1.175,0.11273124382057235,17
197.5,1.16875,0.11391471590624277,17
197.57142857142856,1.24,0.10814452411120083,17
197.6428571428572,1.175,0.11310025051549032,17
197.7142857142857,1.24,0.10989172159990251,17
197.78571428571428,1.2142857142857142,0.11806923972363334,17
197.85714285714283,1.19375,0.11742683892534961,17
197.92857142857144,1.19375,0.11742683892534961,17
198.0,1.26,0.11372481406154654,17
198.07142857142856,1.1875,0.11650286119519411,17
198.1428571428572,1.2285714285714284,0.11971971452979564,17
198.2142857142857,1.2428571428571427,0.12121830534626529,17
198.28571428571428,1.1875,0.12140668570277888,17
198.35714285714283,1.175,0.11779218989389746,17
198.42857142857144,1.1875,0.1189800403429079,17
198.5,1.24,0.1111841030089498,17
198.57142857142856,1.1866666666666668,0.12300471019501137,17
198.6428571428572,1.2214285714285715,0.11821872605451686,17
198.7142857142857,1.2153846153846155,0.12447126835917917,17
198.78571428571428,1.1857142857142857,0.1266027545388681,17
198.85714285714283,1.1866666666666668,0.11786459812879986,17
198.92857142857144,1.1733333333333333,0.12010577348902435,17
199.0,1.1733333333333333,0.1189103971050578,17
199.07142857142856,1.20625,0.11382323649706447,17
199.1428571428572,1.28,0.08234653836654204,17
199.2142857142857,1.24375,0.09218132041435148,17
199.28571428571428,1.2266666666666666,0.09830306233018411,17
199.35714285714283,1.2857142857142858,0.0906976276130257,17
199.42857142857144,1.2066666666666668,0.09585041255676258,17
199.5,1.1875,0.12106300012803252,17
199.57142857142856,1.2333333333333334,0.11978817282689619,17
199.6428571428572,1.1875,0.11827756902022181,17
199.7142857142857,1.2,0.12006942436218584,17
199.78571428571428,1.1866666666666668,0.13268891892825566,17
199.85714285714283,1.2285714285714284,0.1251059205864258,17
199.92857142857144,1.11875,0.13638754525248997,17
200.0,1.1866666666666668,0.1389986867586702,17
200.07142857142856,1.1666666666666667,0.13720567344463866,17
200.1428571428572,1.1266666666666665,0.14621141466307538,17
200.2142857142857,1.1125,0.13474512978211867,17
200.28571428571428,1.1071428571428572,0.1427609566297228,17
200.35714285714283,1.0733333333333335,0.13954574831579739,17
200.42857142857144,1.1133333333333333,0.13447133405503078,17
200.5,1.12,0.13564659966250533,17
200.57142857142856,1.16,0.12023785950000464,17
200.6428571428572,1.1333333333333333,0.13824294235551812,17
200.7142857142857,1.12,0.13529509194631525,17
200.78571428571428,1.08125,0.13204126564575686,17
200.85714285714283,1.0933333333333333,0.1445738126411118,17
200.92857142857144,1.1466666666666667,0.14271739196136524,17
201.0,1.1066666666666667,0.14424406125157876,17
201.07142857142856,1.1066666666666667,0.14424406125157876,17
201.1428571428572,1.1,0.13814243856734734,17
201.2142857142857,1.09375,0.13767980667718363,17
201.28571428571428,1.075,0.13524668819112232,17
201.35714285714283,1.12,0.141151725188924,17
201.42857142857144,1.146153846153846,0.16314826692911075,17
201.5,1.05,0.14023789311975085,17
201.57142857142856,1.0769230769230769,0.1515534289107167,17
201.6428571428572,1.0733333333333335,0.139204086785474,17
201.7142857142857,1.05,0.15992786835609069,17
201.78571428571428,1.0799999999999998,0.14047538337136983,17
201.85714285714283,1.06,0.13759844960366863,17
201.92857142857144,0.9666666666666667,0.15481684006675103,17
202.0,0.8875,0.16655204391820994,17
202.07142857142856,1.0214285714285716,0.16313500491101088,17
202.1428571428572,1.0,0.16138139931217613,17
202.2142857142857,1.0071428571428571,0.16557070323822579,17
202.28571428571428,0.95,0.15518805795979707,17
202.35714285714283,0.9666666666666667,0.15420044674960504,17
202.42857142857144,0.9928571428571429,0.16221823779063663,17
202.5,0.9533333333333334,0.1620895304238243,17
202.57142857142856,0.9666666666666667,0.15966234212256655,17
202.6428571428572,0.9785714285714285,0.16245999386782986,17
202.7142857142857,0.9125,0.150796496422607,17
202.78571428571428,0.9600000000000001,0.16148123877463436,17
202.85714285714283,0.93125,0.15618331910503971,17
202.92857142857144,0.9466666666666667,0.15972198067614585,17
203.0,0.9,0.15083103128998354,17
203.07142857142856,0.94,0.15699560200088103,17
203.1428571428572,1.0357142857142858,0.14510592677179457,17
203.2142857142857,0.9933333333333334,0.13954574831579739,17
203.28571428571428,1.0,0.14442002235542983,17
203.35714285714283,0.9928571428571429,0.16885662222637798,17
203.42857142857144,0.9357142857142857,0.18023401846730502,17
203.5,0.9214285714285715,0.17484013779266905,17
203.57142857142856,0.9285714285714286,0.17803215274138862,17
203.6428571428572,0.9285714285714286,0.17710385958545002,17
203.7142857142857,0.9000000000000001,0.17320508075688773,17
203.78571428571428,0.8733333333333333,0.16546231527987806,17
203.85714285714283,0.8928571428571429,0.16950616239382552,17
203.92857142857144,0.8733333333333333,0.16372644626433816,17
204.0,0.8466666666666666,0.16786237749352229,17
204.07142857142856,0.875,0.1520690632574555,17
204.1428571428572,0.9266666666666666,0.15101771156506513,17
204.2142857142857,0.86875,0.14880601186332043,17
204.28571428571428,0.9133333333333333,0.14763747964803992,17
204.35714285714283,0.9,0.15856499343441838,17
204.42857142857144,0.9571428571428572,0.15679281693091143,17
204.5,0.9133333333333333,0.14601587215311534,17
204.57142857142856,0.9600000000000001,0.12902565267271096,17
204.6428571428572,1.0,0.1414213562373095,17
204.7142857142857,0.9733333333333333,0.13432961119739925,17
204.78571428571428,0.9285714285714286,0.13765244154202413,17
204.85714285714283,0.8714285714285713,0.1524267330496677,17
204.92857142857144,0.8466666666666666,0.15518550087730387,17
205.0,0.8466666666666666,0.15457057770501956,17
205.07142857142856,0.9642857142857143,0.1349021390755482,17
205.1428571428572,0.9066666666666666,0.13886158461770368,17
205.2142857142857,0.95625,0.1335317534022027,17
205.28571428571428,1.0066666666666666,0.12553378094652515,17
205.35714285714283,1.0214285714285716,0.1326726830071908,17
205.42857142857144,0.9600000000000001,0.14236104336041747,17
205.5,1.02,0.1265663763368756,17
205.57142857142856,0.95625,0.1338434253148058,17
205.6428571428572,1.0214285714285716,0.1326726830071908,17
205.7142857142857,0.9266666666666666,0.14022657402750757,17
205.78571428571428,1.1133333333333333,0.10229121205407658,17
205.85714285714283,1.042857142857143,0.1353523223937958,17
205.92857142857144,1.092857142857143,0.10867042912588971,17
206.0,1.05,0.1349603116263656,17
206.07142857142856,1.0285714285714287,0.1323617136256136,17
206.1428571428572,1.04,0.12566016150903273,17
206.2142857142857,1.0533333333333335,0.12492537454956541,17
206.28571428571428,1.0642857142857143,0.13326299819379014,17
206.35714285714283,0.9785714285714285,0.15377254911161023,17
206.42857142857144,0.98,0.1438252908417511,17
206.5,0.9538461538461539,0.16471240850279892,17
206.57142857142856,1.0,0.14442002235542983,17
206.6428571428572,1.0857142857142856,0.13702375780893483,17
206.7142857142857,1.1615384615384614,0.11632098689450004,17
206.78571428571428,1.1846153846153846,0.11538461538461538,17
206.85714285714283,1.1066666666666667,0.11810675827066945,17
206.92857142857144,1.1428571428571428,0.1308107792523339,17
207.0,1.2142857142857142,0.11428571428571428,17
207.07142857142856,1.1785714285714286,0.10750853348627953,17
207.1428571428572,1.1857142857142857,0.10987362513717716,17
207.2142857142857,1.22,0.10244626930854092,17
207.28571428571428,1.2,0.10419761445034553,17
207.35714285714283,1.1928571428571428,0.10867042912588971,17
207.42857142857144,1.1933333333333331,0.1006959906832568,17
207.5,1.1866666666666668,0.10041185030931202,17
207.57142857142856,1.1866666666666668,0.10367837937200962,17
207.6428571428572,1.1933333333333331,0.10486574939810137,17
207.7142857142857,1.1933333333333331,0.1075558179191343,17
207.78571428571428,1.1615384615384614,0.12011664284996627,17
207.85714285714283,1.16,0.10501700542565204,17
207.92857142857144,1.1714285714285713,0.11164532313968148,17
208.0,1.1733333333333333,0.10577004106693723,17
208.07142857142856,1.1857142857142857,0.11380392954509878,17
208.1428571428572,1.16,0.10814452411120082,17
208.2142857142857,1.1615384615384614,0.12064913185660094,17
208.28571428571428,1.1666666666666667,0.1106976433984403,17
208.35714285714283,1.18,0.11006491591004698,17
208.42857142857144,1.1357142857142857,0.11074529874036469,17
208.5,1.12,0.12467099559583675,17
208.57142857142856,1.125,0.12264447262990155,17
208.6428571428572,1.1125,0.12002603884157804,17
208.7142857142857,1.1125,0.11827756902022181,17
208.78571428571428,1.1066666666666667,0.125153873545696,17
208.85714285714283,1.2285714285714284,0.12289036095775181,17
208.92857142857144,1.22,0.11305287427107895,17
209.0,1.25,0.1212344926075174,17
209.07142857142856,1.24,0.11455919659202192,17
209.1428571428572,1.2333333333333334,0.11574465601843309,17
209.2142857142857,1.1500000000000001,0.1417124468154353,17
209.28571428571428,1.1642857142857144,0.14434663059635713,17
209.35714285714283,1.146153846153846,0.15957290135899085,17
209.42857142857144,1.0833333333333333,0.16135474438439526,17
209.5,1.1714285714285713,0.13923991921155662,17
209.57142857142856,1.1714285714285713,0.1476663046182955,17
209.6428571428572,1.1923076923076923,0.1521055379483476,17
209.7142857142857,1.2066666666666668,0.13218553579350456,17
209.78571428571428,1.2846153846153845,0.14404689133526297,17
209.85714285714283,1.2,0.15730095277394143,17
209.92857142857144,1.2750000000000001,0.14095185079460376,17
210.0,1.4444444444444444,0.08678055195451839,17
210.07142857142856,1.3599999999999999,0.08459051693633014,17
210.1428571428572,1.3692307692307693,0.07284037287867585,17
210.2142857142857,1.2909090909090908,0.15102952478032863,17
210.28571428571428,1.276923076923077,0.12967110572810547,17
210.35714285714283,1.1928571428571428,0.13925401160764672,17
210.42857142857144,1.2833333333333334,0.13530735681433145,17
210.5,1.3083333333333333,0.1356568383008309,17
210.57142857142856,1.1642857142857144,0.14661272258525812,17
210.6428571428572,1.1916666666666667,0.1602357795578286,17
210.7142857142857,1.1428571428571428,0.15071780111519154,17
210.78571428571428,1.2,0.1656941322272622,17
210.85714285714283,1.1333333333333333,0.1351072472296296,17
210.92857142857144,1.1466666666666667,0.13588043296770902,17
211.0,1.2615384615384615,0.1232770808332884,17
211.07142857142856,1.207142857142857,0.13070572841742742,17
211.1428571428572,1.276923076923077,0.12359665902559006,17
211.2142857142857,1.3818181818181818,0.07111857169311982,17
211.28571428571428,1.1785714285714286,0.13058556683981573,17
211.35714285714283,1.2461538461538462,0.11962301072235257,17
211.42857142857144,1.1866666666666668,0.12831014014290554,17
211.5,1.1375,0.13129959380490605,17
211.57142857142856,1.1866666666666668,0.11866987689611751,17
211.6428571428572,1.1500000000000001,0.12303398976446565,17
211.7142857142857,1.1866666666666668,0.12105357596522398,17
211.78571428571428,1.169230769230769,0.13885272375961344,17
211.85714285714283,1.0642857142857143,0.1510429466825352,17
211.92857142857144,1.2307692307692308,0.1210978706669894,17
212.0,1.1400000000000001,0.13085797462825688,17
212.07142857142856,1.2142857142857142,0.1088688811415122,17
212.1428571428572,1.25,0.11375218872426342,17
212.2142857142857,1.1428571428571428,0.1440063665084862,17
212.28571428571428,1.1428571428571428,0.14053050418313265,17
212.35714285714283,1.1500000000000001,0.14054446717230548,17
212.42857142857144,1.16,0.1333809438805866,17
212.5,1.2357142857142858,0.10974853517615807,17
212.57142857142856,1.1466666666666667,0.1290502547613458,17
212.6428571428572,1.2285714285714284,0.11015901165721106,17
212.7142857142857,1.1428571428571428,0.14247200832239298,17
212.78571428571428,1.2076923076923076,0.12113858267710478,17
212.85714285714283,1.1500000000000001,0.1282811130137401,17
212.92857142857144,1.1642857142857144,0.13326299819379014,17
213.0,1.157142857142857,0.1303900680984281,17
213.07142857142856,1.0933333333333333,0.1471852304529638,17
213.1428571428572,1.1500000000000001,0.15036585420197665,17
213.2142857142857,1.1,0.15023790657297037,17
213.28571428571428,1.2,0.1414213562373095,17
213.35714285714283,1.169230769230769,0.1486626776160591,17
213.42857142857144,1.157142857142857,0.1389577711623392,17
213.5,1.157142857142857,0.13935261847663696,17
213.57142857142856,1.2571428571428573,0.1286934707712566,17
213.6428571428572,1.13125,0.1389600512137691,17
213.7142857142857,1.2,0.13487207342691884,17
213.78571428571428,1.1375,0.14020074892809953,17
213.85714285714283,1.2,0.13165611772087665,17
213.92857142857144,1.125,0.13555441711725963,17
214.0,1.18,0.13027443560203428,17
214.07142857142856,1.18,0.13063945294843618,17
214.1428571428572,1.16,0.13194515455113845,17
214.2142857142857,1.2,0.1283881477532739,17
214.28571428571428,1.10625,0.1336876801853235,17
214.35714285714283,1.1125,0.135054001545061,17
214.42857142857144,1.10625,0.13368768018532348,17
214.5,1.1600000000000001,0.1267919180239438,17
214.57142857142856,1.1866666666666668,0.12868072955470122,17
214.6428571428572,1.16,0.12566016150903273,17
214.7142857142857,1.1533333333333333,0.12300471019501136,17
214.78571428571428,1.1533333333333333,0.12416067419224583,17
214.85714285714283,1.1,0.12812754062521714,17
214.92857142857144,1.1066666666666667,0.1402265740275076,17
215.0,1.06875,0.14163296167676978,17
215.07142857142856,1.075,0.14097872179871684,17
215.1428571428572,1.1133333333333333,0.1443760521847181,17
215.2142857142857,1.092857142857143,0.15529634404614082,17
215.28571428571428,1.06875,0.14074763171482968,17
215.35714285714283,1.0857142857142856,0.1543711607102398,17
215.42857142857144,1.13125,0.13093215482327733,17
215.5,1.11875,0.12590298844745504,17
215.57142857142856,1.11875,0.12220841146718721,17
215.6428571428572,1.1733333333333333,0.1236225694707066,17
215.7142857142857,1.18,0.12274635093014644,17
215.78571428571428,1.16875,0.12237876654060538,17
215.85714285714283,1.1625,0.12174940109366723,17
215.92857142857144,1.175,0.12264447262990151,17
216.0,1.1625,0.11932972527133938,17
216.07142857142856,1.1625,0.12243195389004184,17
216.1428571428572,1.175,0.11779218989389745,17
216.2142857142857,1.2357142857142858,0.13326299819379014,17
216.28571428571428,1.1933333333333331,0.1281616043337349,17
216.35714285714283,1.1933333333333336,0.12778950946833909,17
216.42857142857144,1.2285714285714284,0.13604644141953856,17
216.5,1.1866666666666668,0.12831014014290554,17
216.57142857142856,1.207142857142857,0.1319608190744534,17
216.6428571428572,1.2,0.1268670094833093,17
216.7142857142857,1.2066666666666668,0.12963930424971126,17
216.78571428571428,1.11875,0.14148579139499012,17
216.85714285714283,1.14375,0.14141214881803238,17
216.92857142857144,1.15625,0.1411171942039665,17
217.0,1.09375,0.15823736126465204,17
217.07142857142856,1.0799999999999998,0.16681897802279996,17
217.1428571428572,1.08125,0.15711427635111117,17
217.2142857142857,1.04,0.1608903797177267,17
217.28571428571428,1.1375,0.1384061053566641,17
217.35714285714283,1.0799999999999998,0.13634689651941548,17
217.42857142857144,1.13125,0.13835905885292318,17
217.5,1.0733333333333335,0.13643999785939978,17
217.57142857142856,1.12,0.14481515311399068,17
217.6428571428572,1.1625,0.13930631715755032,17
217.7142857142857,1.14375,0.13508292206394315,17
217.78571428571428,1.1266666666666665,0.14124165939695818,17
217.85714285714283,1.1625,0.13474512978211864,17
217.92857142857144,1.1600000000000001,0.14793821103999563,17
218.0,1.1400000000000001,0.14236104336041747,17
218.07142857142856,1.18,0.14349381934590838,17
218.1428571428572,1.1625,0.13319002715418796,17
218.2142857142857,1.18,0.14249477851753695,17
218.28571428571428,1.10625,0.15013015186830392,17
218.35714285714283,1.09375,0.14732864340197618,17
218.42857142857144,1.1125,0.14828885100820402,17
218.5,1.16875,0.12933121239669873,17
218.57142857142856,1.18125,0.12656314300248184,17
218.6428571428572,1.1875,0.1267790072001933,17
218.7142857142857,1.18125,0.12523935417165535,17
218.78571428571428,1.19375,0.1253225006400154,17
218.85714285714283,1.16,0.1323055626372599,17
218.92857142857144,1.175,0.12533289007013815,17
219.0,1.1466666666666667,0.12831014014290554,17
219.07142857142856,1.1533333333333333,0.1290502547613458,17
219.1428571428572,1.1733333333333333,0.13254529025300738,17
219.2142857142857,1.1666666666666667,0.13007934086792922,17
219.28571428571428,1.18125,0.12083692523396977,17
219.35714285714283,1.16,0.13122136875923684,17
219.42857142857144,1.16,0.1323055626372599,17
219.5,1.1533333333333333,0.13304731226743102,17
219.57142857142856,1.1533333333333333,0.13340474278235162,17
219.6428571428572,1.1266666666666665,0.1311003493027444,17
219.7142857142857,1.16875,0.12440483310547062,17
219.78571428571428,1.16,0.13302344941865735,17
219.85714285714283,1.1533333333333333,0.13411674611062405,17
219.92857142857144,1.1533333333333333,0.13517771958801447,17
220.0,1.1666666666666667,0.13404571596382323,17
220.07142857142856,1.1666666666666667,0.1340457159638232,17
220.1428571428572,1.1533333333333333,0.13196921237877043,17
220.2142857142857,1.1400000000000001,0.13194515455113845,17
220.28571428571428,1.2,0.10734900802433865,17
220.35714285714283,1.20625,0.10306500780251915,17
220.42857142857144,1.2375,0.10601690116832002,17
220.5,1.15625,0.12941172989081529,17
220.57142857142856,1.15,0.12942179105544785,17
220.6428571428572,1.0642857142857143,0.135308821726629,17
220.7142857142857,1.1,0.13557637102737477,17
220.78571428571428,1.18,0.11472534489773724,17
220.85714285714283,1.16,0.11075498483890765,17
220.92857142857144,1.175,0.10781929326423913,17
221.0,1.26,0.08552359741197581,17
221.07142857142856,1.18,0.11718930554164629,17
221.1428571428572,1.16875,0.10828925385281774,17
221.2142857142857,1.15625,0.10722591027048142,17
221.28571428571428,1.1266666666666665,0.11483597688573728,17
221.35714285714283,1.0857142857142856,0.11666479777227777,17
221.42857142857144,1.0857142857142856,0.11332009649667485,17
221.5,1.1266666666666665,0.11358515440667102,17
221.57142857142856,1.175,0.1138346754435279,17
221.6428571428572,1.16875,0.11391471590624277,17
221.7142857142857,1.1411764705882352,0.10643239483954252,17
221.78571428571428,1.1588235294117646,0.10643239483954252,17
221.85714285714283,1.1647058823529413,0.11112432639595625,17
221.92857142857144,1.11875,0.11590899806888735,17
222.0,1.15625,0.11545877691482215,17
222.07142857142856,1.1214285714285714,0.11681608134277821,17
222.1428571428572,1.1470588235294117,0.10258341192114875,17
222.2142857142857,1.10625,0.10225325993173354,17
222.28571428571428,1.1705882352941175,0.10137463493890639,17
222.35714285714283,1.1375,0.10201102881551583,17
222.42857142857144,1.1411764705882352,0.09665692191267637,17
222.5,1.0625,0.12311072252245131,17
222.57142857142856,1.1,0.13201731488169052,17
222.6428571428572,1.0933333333333333,0.13037187348820833,17
222.7142857142857,1.092857142857143,0.13846262863690834,17
222.78571428571428,1.0941176470588236,0.11551374639209107,17
222.85714285714283,1.088235294117647,0.1140440939431841,17
222.92857142857144,1.0941176470588236,0.11740784503654161,17
223.0,1.1529411764705884,0.09893463642090683,17
223.07142857142856,1.1588235294117646,0.09703653933131541,17
223.1428571428572,1.15625,0.10447039054200956,17
223.2142857142857,1.1625,0.10363196096443092,17
223.28571428571428,1.188235294117647,0.0995882526666883,17
223.35714285714283,1.1941176470588235,0.09869389256213246,17
223.42857142857144,1.1352941176470588,0.11879950252129828,17
223.5,1.1352941176470588,0.1169279493052013,17
223.57142857142856,1.0470588235294118,0.13232025740237638,17
223.6428571428572,1.035294117647059,0.1291775956235162,17
223.7142857142857,1.0294117647058822,0.127983427776674,17
223.78571428571428,1.0875,0.11792476415070756,17
223.85714285714283,0.98125,0.13045393503711059,17
223.92857142857144,1.011764705882353,0.12511240620678354,17
224.0,0.98125,0.13140863429267752,17
224.07142857142856,0.975,0.13054373468943908,17
224.1428571428572,0.96875,0.13029413839463383,17
224.2142857142857,1.0875,0.11685995892520243,17
224.28571428571428,0.9800000000000001,0.13945472042071236,17
224.35714285714283,0.99375,0.13243512562760681,17
224.42857142857144,1.00625,0.13492860766593073,17
224.5,1.0125,0.13566963551215136,17
224.57142857142856,0.9571428571428572,0.15035280330977643,17
224.6428571428572,0.9866666666666667,0.14371488529017534,17
224.7142857142857,1.0176470588235293,0.12840517619378278,17
224.78571428571428,0.9875,0.13474512978211867,17
224.85714285714283,1.00625,0.136768889615536,17
224.92857142857144,1.0705882352941176,0.11655745423784918,17
225.0,1.0375,0.11967838846954229,17
225.07142857142856,1.035294117647059,0.11438492048605918,17
225.1428571428572,1.03125,0.12373316383788678,17
225.2142857142857,1.0066666666666666,0.13000610486276137,17
225.28571428571428,1.035294117647059,0.1172419495764397,17
225.35714285714283,1.0411764705882351,0.11852612752711697,17
225.42857142857144,0.9625,0.13960509780567948,17
225.5,1.0250000000000001,0.12566489830762873,17
225.57142857142856,0.9117647058823529,0.14447734224488396,17
225.6428571428572,0.9176470588235295,0.14708823235352927,17
225.7142857142857,0.9235294117647058,0.14766053371836727,17
225.78571428571428,0.9352941176470588,0.14850756973937793,17
225.85714285714283,0.93125,0.1561833191050397,17
225.92857142857144,0.8866666666666667,0.15852494671236678,17
226.0,0.9375,0.15728821740147395,17
226.07142857142856,0.925,0.15424547535233138,17
226.1428571428572,0.9235294117647058,0.14565506487546334,17
226.2142857142857,0.9375,0.15702308747442206,17
226.28571428571428,0.99375,0.14704555699963645,17
226.35714285714283,0.9235294117647058,0.14590725593897014,17
226.42857142857144,0.90625,0.15423703349066334,17
226.5,0.9588235294117647,0.1500144168389011,17
226.57142857142856,0.9529411764705882,0.14879853312518782,17
226.6428571428572,0.9375,0.15569066553051064,17
226.7142857142857,0.93125,0.15671597185141448,17
226.78571428571428,0.9294117647058824,0.1434257098851366,17
226.85714285714283,0.925,0.15206906325745548,17
226.92857142857144,0.9588235294117647,0.13341080505931444,17
227.0,0.9529411764705882,0.13092365508267637,17
227.07142857142856,0.9600000000000001,0.14501231474799453,17
227.1428571428572,0.93125,0.1545743483462462,17
227.2142857142857,1.0,0.1492840054584358,17
227.28571428571428,1.0,0.15619092289760117,17
227.35714285714283,0.9750000000000001,0.1336974195712094,17
227.42857142857144,0.9357142857142857,0.14884431827652175,17
227.5,0.9928571428571429,0.15914064748796436,17
227.57142857142856,0.9428571428571428,0.1496201364901399,17
227.6428571428572,0.99375,0.1403770963037299,17
227.7142857142857,0.9500000000000001,0.1588938411243581,17
227.78571428571428,0.9533333333333334,0.14634163117812038,17
227.85714285714283,0.9615384615384616,0.16661734970548442,17
227.92857142857144,1.0066666666666666,0.15070206073943088,17
228.0,0.9466666666666668,0.1675784582890644,17
228.07142857142856,0.925,0.15424547535233138,17
228.1428571428572,0.8647058823529412,0.15265810908659977,17
228.2142857142857,0.92,0.16277357922967134,17
228.28571428571428,0.9333333333333333,0.16752161670510485,17
228.35714285714283,0.8266666666666667,0.16944353369518445,17
228.42857142857144,0.8714285714285716,0.16819290711305193,17
228.5,0.9066666666666666,0.1616777119447283,17
228.57142857142856,0.9142857142857144,0.17473909683388944,17
228.6428571428572,0.9133333333333333,0.1632604307662094,17
228.7142857142857,0.9133333333333333,0.1612057740507504,17
228.78571428571428,0.9125,0.15407655023829334,17
228.85714285714283,0.8933333333333333,0.16372644626433813,17
228.92857142857144,0.925,0.15559027390339453,17
229.0,0.8866666666666667,0.1585249467123668,17
229.07142857142856,0.8933333333333333,0.16079169211737354,17
229.1428571428572,0.9,0.16359066220877266,17
229.2142857142857,0.9500000000000001,0.17813132579860633,17
229.28571428571428,0.888235294117647,0.15808652529854927,17
229.35714285714283,0.8800000000000001,0.1781385228784985,17
229.42857142857144,1.0142857142857142,0.16930924397147226,17
229.5,0.9785714285714285,0.1840265662345054,17
229.57142857142856,0.94,0.17176950225450938,17
229.6428571428572,0.9466666666666667,0.17399142471115026,17
229.7142857142857,0.9625,0.1627562082789266,17
229.78571428571428,0.9214285714285715,0.1822263329508722,17
229.85714285714283,0.9600000000000001,0.17397317800933185,17
229.92857142857144,0.9571428571428572,0.1790433325026592,17
230.0,0.90625,0.1676973340078289,17
230.07142857142856,0.9125,0.1697731329352989,17
230.1428571428572,0.9125,0.1690352527334658,17
230.2142857142857,0.9666666666666667,0.1672371189905338,17
230.28571428571428,0.9933333333333334,0.16888053446337417,17
230.35714285714283,0.9866666666666667,0.16899328435985309,17
230.42857142857144,0.90625,0.1651940147220837,17
230.5,0.9666666666666667,0.16436506020402578,17
230.57142857142856,0.9133333333333333,0.16355184605869277,17
230.6428571428572,0.8266666666666667,0.1700046684699785,17
230.7142857142857,0.8933333333333333,0.17470155958272074,17
230.78571428571428,0.8866666666666667,0.17371752294393844,17
230.85714285714283,0.8999999999999999,0.1811643254631353,17
230.92857142857144,0.8857142857142858,0.17188583703526128,17
231.0,0.9375,0.15488571055243716,17
231.07142857142856,1.0,0.14142135623730953,17
231.1428571428572,1.0533333333333335,0.1316078832009501,17
231.2142857142857,1.0,0.13662601021279464,17
231.28571428571428,1.1333333333333333,0.10939951539314041,17
231.35714285714283,1.0533333333333335,0.1334047427823516,17
231.42857142857144,1.0785714285714285,0.13308617856943913,17
231.5,1.092857142857143,0.13686613565627526,17
231.57142857142856,1.0799999999999998,0.1265663763368756,17
231.6428571428572,1.1500000000000001,0.12091820425896227,17
231.7142857142857,1.0799999999999998,0.1254325848148452,17
231.78571428571428,1.1,0.11952286093343936,17
231.85714285714283,1.1785714285714286,0.11003424613192492,17
231.92857142857144,1.1615384615384614,0.11353213796579721,17
232.0,1.1714285714285713,0.10763622670756817,17
232.07142857142856,1.1714285714285713,0.11065666703449763,17
232.1428571428572,1.0466666666666666,0.1486019504668081,17
232.2142857142857,1.0125,0.13443554837418065,17
232.28571428571428,1.1428571428571428,0.11276460248233233,17
232.35714285714283,1.1615384615384614,0.12275599183164948,17
232.42857142857144,1.1923076923076923,0.12581097872150865,17
232.5,1.176923076923077,0.12255498303160794,17
232.57142857142856,1.2333333333333334,0.1310408988511494,17
232.6428571428572,1.2,0.12506408613597125,17
232.7142857142857,1.092857142857143,0.1439109483934559,17
232.78571428571428,1.1428571428571428,0.11846745076889156,17
232.85714285714283,1.0857142857142856,0.14367895486887947,17
232.92857142857144,1.123076923076923,0.15197581038705069,17
233.0,1.1923076923076923,0.1227158164118755,17
233.07142857142856,0.9733333333333333,0.1458853648675551,17
233.1428571428572,1.1857142857142857,0.12128304142850133,17
233.2142857142857,1.2166666666666666,0.14133204687807885,17
233.28571428571428,1.2333333333333334,0.13835249958498816,17
233.35714285714283,1.25,0.13623731522826651,17
233.42857142857144,1.2666666666666666,0.13889898953170715,17
233.5,1.2230769230769232,0.13499945211372494,17
233.57142857142856,1.1357142857142857,0.1514062807562265,17
233.6428571428572,1.1384615384615384,0.15994328383334044,17
233.7142857142857,1.0333333333333334,0.15816406992700022,17
233.78571428571428,1.2076923076923076,0.1341934780320977,17
233.85714285714283,1.1071428571428572,0.1506266345820881,17
233.92857142857144,1.0785714285714285,0.14494355529970945,17
234.0,1.0785714285714285,0.1486860293431129,17
234.07142857142856,1.0142857142857145,0.16636288379677883,17
234.1428571428572,1.0142857142857145,0.16636288379677883,17
234.2142857142857,1.092857142857143,0.1454301258579678,17
234.28571428571428,1.0066666666666666,0.15038574738276567,17
234.35714285714283,1.0133333333333332,0.1498782574741649,17
234.42857142857144,1.0066666666666668,0.14975111627429305,17
234.5,1.1076923076923078,0.14652449627243067,17
234.57142857142856,1.0999999999999999,0.15715269548108202,17
234.6428571428572,1.1500000000000001,0.1299766878864798,17
234.7142857142857,1.1333333333333333,0.1304614963129046,17
234.78571428571428,1.1076923076923078,0.12166659911916203,17
234.85714285714283,1.1153846153846154,0.12549703942066942,17
234.92857142857144,1.092857142857143,0.1416016257257072,17
235.0,0.99375,0.13888506939192563,17
235.07142857142856,1.1615384615384614,0.11632098689450004,17
235.1428571428572,1.0846153846153845,0.14404689133526297,17
235.2142857142857,1.0333333333333334,0.13368999915108037,17
235.28571428571428,1.06,0.13158375931050806,17
235.35714285714283,0.96875,0.13714917365166052,17
235.42857142857144,1.0615384615384615,0.14829737170175644,17
235.5,0.9125,0.14828885100820405,17
235.57142857142856,0.9666666666666667,0.14724992252133678,17
235.6428571428572,1.1,0.1484967408776437,17
235.7142857142857,1.0142857142857145,0.15614066033060459,17
235.78571428571428,1.0923076923076924,0.14608635418711913,17
235.85714285714283,1.0923076923076924,0.14608635418711913,17
235.92857142857144,0.9266666666666666,0.16255890263346645,17
236.0,0.9714285714285714,0.16016082968621598,17
236.07142857142856,1.0,0.15811388300841897,17
236.1428571428572,1.0999999999999999,0.15472360498448173,17
236.2142857142857,1.1166666666666667,0.15658927811380324,17
236.28571428571428,1.0,0.14898926873369842,17
236.35714285714283,0.8533333333333334,0.1632604307662094,17
236.42857142857144,0.9285714285714286,0.165890395243091,17
236.5,0.8857142857142858,0.18122208549185087,17
236.57142857142856,0.9071428571428571,0.16656328557179387,17
236.6428571428572,0.8357142857142856,0.1805386150460974,17
236.7142857142857,0.9166666666666666,0.19726667588353947,17
236.78571428571428,0.9153846153846155,0.18565412901764874,17
236.85714285714283,0.85,0.1841970994032518,17
236.92857142857144,0.8357142857142856,0.18144933687515444,17
237.0,0.9076923076923078,0.18448178926927206,17
237.07142857142856,1.0,0.1702185623672077,17
237.1428571428572,0.9833333333333334,0.18579613026164463,17
237.2142857142857,0.9363636363636364,0.19875646462795857,17
237.28571428571428,0.9727272727272727,0.2084971807487221,17
237.35714285714283,0.8615384615384615,0.19791815892720935,17
237.42857142857144,0.8571428571428571,0.17965604674888622,17
237.5,0.9307692307692308,0.18270917600938277,17
237.57142857142856,0.9071428571428573,0.18201083342781096,17
237.6428571428572,1.0166666666666666,0.1862034295380114,17
237.7142857142857,0.9583333333333334,0.18151647948115435,17
237.78571428571428,1.1545454545454545,0.1397163596613682,17
237.85714285714283,1.1,0.15358952955766086,17
237.92857142857144,1.1307692307692307,0.11896164830422612,17
238.0,1.0153846153846153,0.13952582420936196,17
238.07142857142856,0.9571428571428572,0.14740028691962387,17
238.1428571428572,1.0357142857142858,0.1357142857142857,17
238.2142857142857,0.8928571428571429,0.16423792902749412,17
238.28571428571428,0.9916666666666667,0.14691696961071568,17
238.35714285714283,0.9833333333333334,0.15561867406314614,17
238.42857142857144,0.9071428571428571,0.14952830071881232,17
238.5,0.8666666666666667,0.16529740567604903,17
238.57142857142856,0.9285714285714286,0.15350432983425902,17
238.6428571428572,0.8571428571428571,0.16697512011624246,17
238.7142857142857,0.9357142857142857,0.15428215299105133,17
238.78571428571428,0.9285714285714286,0.1524267330496677,17
238.85714285714283,0.9916666666666667,0.15592263686478844,17
238.92857142857144,0.975,0.1533094513681002,17
239.0,0.9846153846153847,0.1449341821647444,17
239.07142857142856,0.9583333333333334,0.14794467297819905,17
239.1428571428572,0.9333333333333332,0.1802075122594712,17
239.2142857142857,0.9166666666666666,0.1761685373026453,17
239.28571428571428,1.0,0.16787441193290356,17
239.35714285714283,0.8538461538461539,0.17232028342274588,17
239.42857142857144,0.9166666666666666,0.1677991825265119,17
239.5,0.8545454545454546,0.17075428191816577,17
239.57142857142856,0.9090909090909091,0.18412177070156857,17
239.6428571428572,0.990909090909091,0.1642916173673815,17
239.7142857142857,0.8923076923076922,0.158300889440436,17
239.78571428571428,0.9,0.14862002586432316,17
239.85714285714283,0.9615384615384616,0.13753249571183473,17
239.92857142857144,0.9384615384615386,0.13659713437812515,17
240.0,0.9000000000000001,0.15770794168904392,17
240.07142857142856,1.0,0.15569978883230456,17
240.1428571428572,0.9071428571428573,0.14916039221578045,17
240.2142857142857,0.8615384615384615,0.15086862239339127,17
240.28571428571428,0.875,0.16149162657718652,17
240.35714285714283,0.9692307692307692,0.13839029506167833,17
240.42857142857144,0.9769230769230769,0.1405820529422851,17
240.5,0.9846153846153847,0.14135160463936122,17
240.57142857142856,0.9066666666666666,0.14718523045296378,17
240.6428571428572,0.9642857142857143,0.141657047107761,17
240.7142857142857,0.90625,0.1343095770970931,17
240.78571428571428,0.9600000000000001,0.12902565267271096,17
240.85714285714283,0.90625,0.13798210934755273,17
240.92857142857144,1.0071428571428571,0.13565643648501025,17
241.0,1.0,0.13259870882635919,17
241.07142857142856,0.8933333333333333,0.14358228656722605,17
241.1428571428572,0.9187500000000001,0.13850955141553714,17
241.2142857142857,0.9928571428571429,0.1336159354656512,17
241.28571428571428,0.9266666666666666,0.13817403334948103,17
241.35714285714283,1.0,0.12966567322613495,17
241.42857142857144,1.0357142857142858,0.13652160109930955,17
241.5,1.0214285714285716,0.13513467902676643,17
241.57142857142856,0.90625,0.136768889615536,17
241.6428571428572,0.8866666666666667,0.15426219691429718,17
241.7142857142857,0.9857142857142858,0.14670638347166212,17
241.78571428571428,1.0,0.14898926873369842,17
241.85714285714283,0.89375,0.14155939566132655,17
241.92857142857144,0.90625,0.1444728203965484,17
242.0,0.9071428571428571,0.14198912112571643,17
242.07142857142856,0.9600000000000001,0.14269514624507998,17
242.1428571428572,1.05,0.15000000000000002,17
242.2142857142857,1.0461538461538462,0.1394197612337835,17
242.28571428571428,0.9583333333333334,0.17208979920349432,17
242.35714285714283,0.9571428571428572,0.15216903762776077,17
242.42857142857144,0.9857142857142858,0.1459554135054749,17
242.5,0.888235294117647,0.14549164948272514,17
242.57142857142856,0.91875,0.1405995347313307,17
242.6428571428572,0.8999999999999999,0.1822227433805347,17
242.7142857142857,1.0692307692307692,0.14692777546521224,17
242.78571428571428,1.0769230769230769,0.1498519979906012,17
242.85714285714283,0.9666666666666667,0.14981470036162822,17
242.92857142857144,0.93125,0.14425635456829392,17
243.0,0.9133333333333333,0.16500120249682068,17
243.07142857142856,1.05,0.14553803173507152,17
243.1428571428572,1.1166666666666667,0.1506718958599121,17
243.2142857142857,1.1384615384615384,0.13938438897360905,17
243.28571428571428,1.190909090909091,0.14488524955008386,17
243.35714285714283,1.190909090909091,0.1492128104752315,17
243.42857142857144,1.0999999999999999,0.16422453217986943,17
243.5,1.0266666666666666,0.14686134266121212,17
243.57142857142856,1.0384615384615385,0.16074285147341008,17
243.6428571428572,1.0285714285714287,0.1509779735876536,17
243.7142857142857,0.9125,0.15702308747442206,17
243.78571428571428,1.0285714285714287,0.16522664135704243,17
243.85714285714283,1.1153846153846154,0.1531071996859088,17
243.92857142857144,1.0357142857142858,0.16327928707799103,17
244.0,1.0307692307692309,0.1669425724170054,17
244.07142857142856,1.0384615384615385,0.17042122081751138,17
244.1428571428572,0.9933333333333334,0.15164704216312758,17
244.2142857142857,0.9923076923076923,0.1696382041745958,17
244.28571428571428,1.0916666666666666,0.16397446832548737,17
244.35714285714283,0.9066666666666666,0.16459666914024565,17
244.42857142857144,1.0999999999999999,0.16376257758774385,17
244.5,1.0642857142857143,0.15428215299105127,17
244.57142857142856,0.9571428571428572,0.15818833041881042,17
244.6428571428572,0.85,0.16599682242424116,17
244.7142857142857,1.0285714285714287,0.14541663199332658,17
244.78571428571428,1.0571428571428572,0.15324844645943136,17
244.85714285714283,1.0571428571428572,0.15922693933615964,17
244.92857142857144,1.1307692307692307,0.14952258014221995,17
245.0,1.0,0.15886502207249786,17
245.07142857142856,1.0571428571428572,0.15749211936128904,17
245.1428571428572,1.0133333333333332,0.15271095219608488,17
245.2142857142857,1.02,0.15124877016422472,17
245.28571428571428,0.9600000000000001,0.17204650534085256,17
245.35714285714283,1.0266666666666666,0.14911378418818505,17
245.42857142857144,1.1333333333333333,0.16666666666666669,17
245.5,1.0785714285714285,0.14868602934311292,17
245.57142857142856,0.95625,0.1591563042002002,17
245.6428571428572,1.0,0.15118578920369088,17
245.7142857142857,0.9133333333333334,0.15882505100076885,17
245.78571428571428,0.95625,0.15571575332423285,17
245.85714285714283,1.0066666666666666,0.15413867184691243,17
245.92857142857144,1.0357142857142858,0.15849815156725164,17
246.0,0.9642857142857143,0.177469125269332,17
246.07142857142856,1.1333333333333333,0.16757329166907262,17
246.1428571428572,1.0538461538461539,0.1741703353614533,17
246.2142857142857,0.9714285714285714,0.17554579610635013,17
246.28571428571428,0.9133333333333333,0.1761673086441427,17
246.35714285714283,0.9375,0.16680202836496524,17
246.42857142857144,1.0571428571428572,0.15679281693091138,17
246.5,0.9733333333333333,0.15960268128391789,17
246.57142857142856,1.1076923076923078,0.14564689406739606,17
246.6428571428572,1.123076923076923,0.1468270595099529,17
246.7142857142857,0.90625,0.16084898455798016,17
246.78571428571428,0.8533333333333334,0.1629684943746188,17
246.85714285714283,0.9071428571428571,0.16221823779063663,17
246.92857142857144,1.1,0.14675987714106856,17
247.0,1.0142857142857142,0.1568428705050295,17
247.07142857142856,1.0071428571428571,0.15458710895258085,17
247.1428571428572,1.0999999999999999,0.15811388300841897,17
247.2142857142857,1.1153846153846154,0.14669266400397749,17
247.28571428571428,1.042857142857143,0.15922693933615964,17
247.35714285714283,1.0071428571428571,0.15635416465117793,17
247.42857142857144,0.9333333333333333,0.15876507552465438,17
247.5,1.0142857142857142,0.1514969781213665,17
247.57142857142856,1.0071428571428571,0.1506266345820881,17
247.6428571428572,1.0642857142857143,0.13326299819379014,17
247.7142857142857,0.9866666666666667,0.13762151917371984,17
247.78571428571428,0.91875,0.14468896237561915,17
247.85714285714283,0.9866666666666667,0.13934085192746962,17
247.92857142857144,0.9125,0.1437228235180481,17
248.0,1.0384615384615385,0.1398435304822911,17
248.07142857142856,1.0461538461538462,0.14170001927844206,17
248.1428571428572,1.0642857142857143,0.1324358201840344,17
248.2142857142857,1.0571428571428572,0.13123014165386296,17
248.28571428571428,0.9500000000000001,0.14741359920566768,17
248.35714285714283,1.0,0.14142135623730953,17
248.42857142857144,0.9933333333333334,0.14124165939695818,17
248.5,1.0571428571428572,0.12911971007186468,17
248.57142857142856,1.0714285714285714,0.13194594773625615,17
248.6428571428572,1.0714285714285714,0.13401187885209798,17
248.7142857142857,1.0857142857142856,0.13500392458973584,17
248.78571428571428,1.0133333333333332,0.14503420505150028,17
248.85714285714283,1.0133333333333332,0.1447055027968271,17
248.92857142857144,0.9133333333333333,0.15640809462266353,17
249.0,1.0133333333333332,0.14634163117812038,17
249.07142857142856,1.0769230769230769,0.14813102574732492,17
249.1428571428572,1.0846153846153845,0.15057418047736465,17
249.2142857142857,1.0769230769230769,0.15027916166248825,17
249.28571428571428,1.0214285714285716,0.14979053925896446,17
249.35714285714283,1.05,0.1597820485233026,17
249.42857142857144,1.0923076923076922,0.15168351771484959,17
249.5,0.9600000000000001,0.15669199390007438,17
249.57142857142856,1.06,0.145667592892337,17
249.6428571428572,1.06,0.145667592892337,17
249.7142857142857,1.0666666666666667,0.14627653741056837,17
249.78571428571428,1.2076923076923078,0.12682591463606388,17
249.85714285714283,1.1,0.14638501094227999,17
249.92857142857144,1.0266666666666666,0.15227377182989063,17
250.0,1.1214285714285714,0.1460763654825457,17
250.07142857142856,1.06,0.1566919939000744,17
250.1428571428572,1.05,0.1656654911110185,17
250.2142857142857,1.0384615384615385,0.16034356604366024,17
250.28571428571428,1.0642857142857143,0.14810418921631585,17
250.35714285714283,1.05,0.1428708784605453,17
250.42857142857144,0.9933333333333334,0.1445738126411118,17
250.5,1.0846153846153845,0.1492915551590732,17
250.57142857142856,1.1,0.13748126745523878,17
250.6428571428572,1.1071428571428572,0.13766669644203047,17
250.7142857142857,1.0538461538461539,0.14033631062164723,17
250.78571428571428,1.1,0.13788034309135225,17
250.85714285714283,1.1,0.13827826698682305,17
250.92857142857144,1.0466666666666666,0.13657953087475536,17
251.0,0.9733333333333333,0.15475531121485409,17
251.07142857142856,1.0071428571428571,0.14730706723207448,17
251.1428571428572,1.0076923076923077,0.13323467750529824,17
251.2142857142857,1.0416666666666667,0.15347407901431737,17
251.28571428571428,1.1,0.12724180205607036,17
251.35714285714283,1.0933333333333333,0.12741632797612965,17
251.42857142857144,1.0866666666666667,0.1268169534507894,17
251.5,1.0333333333333334,0.13404571596382323,17
251.57142857142856,1.0333333333333334,0.13440049130673618,17
251.6428571428572,1.1,0.12724180205607036,17
251.7142857142857,1.0857142857142859,0.13662218009602803,17
251.78571428571428,1.0625,0.12311072252245131,17
251.85714285714283,1.12,0.13063945294843618,17
251.92857142857144,1.1333333333333333,0.13189702573153572,17
252.0,1.0461538461538462,0.13987878663575237,17
252.07142857142856,1.0357142857142858,0.1439654807744936,17
252.1428571428572,1.06875,0.12639842760097927,17
252.2142857142857,1.0625,0.1261199825562944,17
252.28571428571428,1.0714285714285714,0.14041875028539152,17
252.35714285714283,1.0933333333333333,0.13146307345615985,17
252.42857142857144,1.1066666666666667,0.13290407090639494,17
252.5,1.0785714285714285,0.14226525736696632,17
252.57142857142856,1.0785714285714285,0.14149071783657383,17
252.6428571428572,1.0857142857142856,0.14520055961246822,17
252.7142857142857,1.0733333333333335,0.13713624322676046,17
252.78571428571428,1.03125,0.14015430484529065,17
252.85714285714283,1.00625,0.12498958289926938,17
252.92857142857144,1.11875,0.1262334972712605,17
253.0,1.0866666666666667,0.12905025476134582,17
253.07142857142856,1.025,0.13275918047351754,17
253.1428571428572,1.0588235294117647,0.12949529389853714,17
253.2142857142857,1.175,0.10267261887507627,17
253.28571428571428,1.15625,0.10122942177713617,17
253.35714285714283,1.1117647058823528,0.11010768557255814,17
253.42857142857144,1.16,0.1081445241112008,17
253.5,1.1214285714285714,0.10173147774204049,17
253.57142857142856,1.0214285714285716,0.11003424613192493,17
253.6428571428572,1.18,0.10519822558706335,17
253.7142857142857,1.1125,0.11614466553971962,17
253.78571428571428,1.11875,0.11662573686798297,17
253.85714285714283,1.0799999999999998,0.11430952132988165,17
253.92857142857144,1.1,0.11180339887498948,17
254.0,1.1058823529411765,0.10726225016947336,17
254.07142857142856,1.06875,0.10476909133900132,17
254.1428571428572,1.1133333333333333,0.09404490653110589,17
254.2142857142857,1.1,0.10163498575623618,17
254.28571428571428,1.0941176470588236,0.10518561613086862,17
254.35714285714283,1.15625,0.09308094595565732,17
254.42857142857144,1.15,0.09486832980505137,17
254.5,1.0625,0.10911576421397598,17
254.57142857142856,1.1333333333333333,0.10404516723710344,17
254.6428571428572,1.1384615384615384,0.11576859187148009,17
254.7142857142857,1.06875,0.11244211473761362,17
254.78571428571428,1.1400000000000001,0.10814452411120083,17
254.85714285714283,1.0799999999999998,0.12351980754981307,17
254.92857142857144,1.1117647058823528,0.11500714585892442,17
255.0,1.1733333333333333,0.11274356350191843,17
255.07142857142856,1.15,0.11143009766964519,17
255.1428571428572,1.1785714285714286,0.12052019639630304,17
255.2142857142857,1.1153846153846154,0.133419597341002,17
255.28571428571428,1.1533333333333333,0.121053575965224,17
255.35714285714283,1.0733333333333335,0.13218553579350456,17
255.42857142857144,1.0466666666666666,0.12868072955470125,17
255.5,1.0533333333333335,0.1294187248786139,17
255.57142857142856,1.1142857142857143,0.12082916050464579,17
255.6428571428572,1.0571428571428572,0.1401389756494436,17
255.7142857142857,1.0133333333333332,0.1256854223719895,17
255.78571428571428,1.1454545454545455,0.14545454545454545,17
255.85714285714283,1.0799999999999998,0.12618957771468103,17
255.92857142857144,1.10625,0.12432107289863079,17
256.0,1.1642857142857144,0.12430339649384406,17
256.07142857142856,1.2285714285714284,0.11646278065487271,17
256.1428571428571,1.18,0.11840205918415278,17
256.2142857142857,1.1846153846153846,0.12702016488718806,17
256.2857142857143,1.2357142857142858,0.12518432249960865,17
256.35714285714283,1.2153846153846153,0.12951890954217488,17
256.4285714285714,1.146153846153846,0.13185821086001112,17
256.5,1.1933333333333331,0.1232367704352138,17
256.57142857142856,1.22,0.12390472530287515,17
256.6428571428571,1.25,0.12303398976446565,17
256.7142857142857,1.1785714285714286,0.14757325297001048,17
256.7857142857143,1.1928571428571428,0.14916039221578048,17
256.85714285714283,1.1928571428571428,0.14805118127287986,17
256.9285714285714,1.1583333333333334,0.1734054337223734,17
257.0,1.16,0.14402380755575495,17
257.07142857142856,1.16,0.14302846869467228,17
257.1428571428571,1.1928571428571428,0.14879157400899873,17
257.2142857142857,1.2,0.11992060865819679,17
257.2857142857143,1.2416666666666667,0.1432619624987383,17
257.35714285714283,1.1642857142857144,0.15213034566520087,17
257.4285714285714,1.25,0.1203246524118062,17
257.5,1.2230769230769232,0.12616322666812868,17
257.57142857142856,1.25,0.12168686168889521,17
257.6428571428571,1.2428571428571427,0.12030834273332912,17
257.7142857142857,1.276923076923077,0.12867861284743184,17
257.7857142857143,1.2066666666666668,0.12168134288521476,17
257.85714285714283,1.2066666666666668,0.12284975983722349,17
257.9285714285714,1.2230769230769232,0.13404641664213057,17
258.0,1.1933333333333331,0.12400716825158849,17
258.07142857142856,1.1785714285714286,0.126742176397066,17
258.1428571428571,1.1857142857142857,0.1312899412202629,17
258.2142857142857,1.2384615384615385,0.13423021820473194,17
258.2857142857143,1.2615384615384615,0.13375180877687157,17
258.35714285714283,1.176923076923077,0.13404641664213057,17
258.4285714285714,1.1333333333333333,0.14627653741056834,17
258.5,1.1785714285714286,0.1569554326848662,17
258.57142857142856,1.1714285714285713,0.15774111891496878,17
258.6428571428571,1.0933333333333333,0.16632345614341973,17
258.7142857142857,1.1785714285714286,0.15834951306794096,17
258.7857142857143,1.1285714285714286,0.17617067505800296,17
258.85714285714283,1.2307692307692308,0.16847149016384824,17
258.9285714285714,1.1928571428571428,0.15740487646015922,17
259.0,1.2846153846153845,0.13485326966466363,17
259.07142857142856,1.1066666666666667,0.16255890263346648,17
259.1428571428571,1.25,0.1243665267145182,17
259.2142857142857,1.2571428571428573,0.12740619721772542,17
259.2857142857143,1.2571428571428573,0.12654073996030576,17
259.35714285714283,1.2615384615384615,0.12936653430172218,17
259.4285714285714,1.2384615384615385,0.12787136040811983,17
259.5,1.2285714285714284,0.1164627806548727,17
259.57142857142856,1.1533333333333333,0.13865567722021635,17
259.6428571428571,1.2692307692307692,0.12729161723593757,17
259.7142857142857,1.0866666666666667,0.15549205052920803,17
259.7857142857143,1.0714285714285714,0.16489376247826545,17
259.85714285714283,1.1500000000000001,0.16764862244009227,17
259.9285714285714,1.157142857142857,0.1413103068631078,17
260.0,1.0666666666666667,0.14949650948837015,17
260.07142857142856,1.1428571428571428,0.13776643944275652,17
260.1428571428571,1.207142857142857,0.10714285714285715,17
260.2142857142857,1.2,0.10944415004020076,17
260.2857142857143,1.169230769230769,0.11456977237307124,17
260.35714285714283,1.18,0.10104218826571311,17
260.4285714285714,1.0866666666666667,0.12831014014290557,17
260.5,1.0714285714285714,0.13805102235177574,17
260.57142857142856,1.1285714285714286,0.11065666703449761,17
260.6428571428571,1.157142857142857,0.10879675865519868,17
260.7142857142857,1.1400000000000001,0.10592000575456752,17
260.7857142857143,1.1333333333333333,0.10675591504373608,17
260.85714285714283,1.1400000000000001,0.1063686312513502,17
260.9285714285714,1.08125,0.12423725622104399,17
261.0,1.08125,0.1222084114671872,17
261.07142857142856,1.1285714285714286,0.1159900390894618,17
261.1428571428571,1.1153846153846154,0.1181297384593789,17
261.2142857142857,1.1285714285714286,0.11015901165721105,17
261.2857142857143,1.1466666666666667,0.10773276756098492,17
261.35714285714283,1.12,0.10474458731327634,17
261.4285714285714,1.04375,0.11724928926579187,17
261.5,1.1357142857142857,0.11074529874036469,17
261.57142857142856,1.1333333333333333,0.10266295602447136,17
261.6428571428571,1.1066666666666667,0.1016373884461753,17
261.7142857142857,1.06,0.12603854285778732,17
261.7857142857143,1.12,0.10654755254054853,17
261.85714285714283,1.1357142857142857,0.10874263539905672,17
261.9285714285714,1.1428571428571428,0.11325080875158702,17
262.0,1.1428571428571428,0.11753619302963463,17
262.07142857142856,1.157142857142857,0.1151751106899793,17
262.1428571428571,1.1333333333333333,0.10983392947305519,17
262.2142857142857,1.1266666666666665,0.10931242541086694,17
262.2857142857143,1.1466666666666667,0.11078364442920206,17
262.35714285714283,1.1357142857142857,0.11841774761974819,17
262.4285714285714,1.1,0.12877629181387906,17
262.5,1.1400000000000001,0.116619037896906,17
262.57142857142856,1.1357142857142857,0.12025940042630688,17
262.6428571428571,1.1500000000000001,0.12303398976446564,17
262.7142857142857,1.1076923076923078,0.13031595650844166,17
262.7857142857143,1.0333333333333334,0.13581032524975575,17
262.85714285714283,1.1357142857142857,0.12605909256958123,17
262.9285714285714,1.0666666666666667,0.13961398028873576,17
263.0,1.0214285714285716,0.14645202170840926,17
263.07142857142856,1.0272727272727273,0.1440270865250442,17
263.1428571428571,1.1214285714285714,0.12411381316567602,17
263.2142857142857,1.157142857142857,0.12740619721772542,17
263.2857142857143,1.18,0.1246709955958367,17
263.35714285714283,1.0933333333333333,0.14621141466307538,17
263.4285714285714,1.1714285714285713,0.1285714285714286,17
263.5,1.157142857142857,0.1261057840061732,17
263.57142857142856,1.157142857142857,0.1286934707712566,17
263.6428571428571,1.1666666666666667,0.1201850425154663,17
263.7142857142857,1.1500000000000001,0.12480754415067655,17
263.7857142857143,1.1533333333333333,0.11866987689611751,17
263.85714285714283,1.1533333333333333,0.12261696715757012,17
263.9285714285714,1.1400000000000001,0.11783766072743589,17
264.0,1.1333333333333333,0.11324926854243618,17
264.07142857142856,1.1214285714285714,0.12188022017158397,17
264.1428571428571,1.1533333333333333,0.11745988845910503,17
264.2142857142857,1.08125,0.13360973954019967,17
264.2857142857143,1.1533333333333333,0.1186698768961175,17
264.35714285714283,1.075,0.1333854064981123,17
264.4285714285714,1.0875,0.13536216852084879,17
264.5,1.2,0.1245945806357946,17
264.57142857142856,1.1866666666666668,0.12105357596522398,17
264.6428571428571,1.1666666666666667,0.11978817282689617,17
264.7142857142857,1.1357142857142857,0.13160344314658973,17
264.7857142857143,1.05625,0.14803399102908765,17
264.85714285714283,1.04375,0.1471871682586495,17
264.9285714285714,1.1400000000000001,0.14269514624507995,17
265.0,1.16,0.14402380755575495,17
265.07142857142856,1.1266666666666665,0.139204086785474,17
265.1428571428571,1.05,0.14776106839534334,17
265.2142857142857,1.12,0.13979576940257218,17
265.2857142857143,1.1400000000000001,0.13965944975103514,17
265.35714285714283,1.1466666666666667,0.1369277413426744,17
265.4285714285714,1.1400000000000001,0.1375984496036686,17
265.5,1.1333333333333333,0.13789805298071836,17
265.57142857142856,1.06875,0.14626424432056753,17
265.6428571428571,1.1142857142857143,0.14136584245450823,17
265.7142857142857,1.1400000000000001,0.13480144128097654,17
265.7857142857143,1.1466666666666667,0.13623043036976046,17
265.85714285714283,1.06,0.15547163269043188,17
265.9285714285714,1.1285714285714286,0.14465896667853795,17
266.0,1.04,0.1504912590405803,17
266.07142857142856,1.1142857142857143,0.14175398238766682,17
266.1428571428571,1.1142857142857143,0.1417539823876668,17
266.2142857142857,1.1071428571428572,0.14314531374698825,17
266.2857142857143,1.1142857142857143,0.140976633890098,17
266.35714285714283,1.1400000000000001,0.13444772395317994,17
266.4285714285714,1.1466666666666667,0.1369277413426744,17
266.5,1.1466666666666667,0.135880432967709,17
266.57142857142856,1.1400000000000001,0.13338094388058658,17
266.6428571428571,1.1533333333333333,0.13899868675867022,17
266.7142857142857,1.16,0.13550610599491358,17
266.7857142857143,1.1666666666666667,0.13616050286218298,17
266.85714285714283,1.2428571428571427,0.11276460248233233,17
266.9285714285714,1.1666666666666667,0.13475433261580183,17
267.0,1.1666666666666667,0.13616050286218298,17
267.07142857142856,1.1666666666666667,0.13545924239123128,17
267.1428571428571,1.1400000000000001,0.13515423288475528,17
267.2142857142857,1.1214285714285714,0.14032089261488687,17
267.2857142857143,1.1357142857142857,0.1439654807744936,17
267.35714285714283,1.16,0.13725194074436703,17
267.4285714285714,1.0176470588235293,0.14981245484370642,17
267.5,1.00625,0.1611078184529437,17
267.57142857142856,1.0866666666666667,0.15610334387274977,17
267.6428571428571,1.157142857142857,0.15324844645943136,17
267.7142857142857,1.1500000000000001,0.15326125077465272,17
267.7857142857143,1.1500000000000001,0.15468862734076938,17
267.85714285714283,1.2266666666666666,0.125153873545696,17
267.9285714285714,1.22,0.12235778917350773,17
268.0,1.22,0.12274635093014645,17
268.07142857142856,1.2333333333333334,0.11737877907772672,17
268.1428571428571,1.22,0.116373782025236,17
268.2142857142857,1.2466666666666666,0.11705377952713573,17
268.2857142857143,1.1375,0.1303440958898152,17
268.35714285714283,1.1266666666666665,0.13713624322676046,17
268.4285714285714,1.1375,0.13129959380490608,17
268.5,1.1333333333333333,0.13858697343671664,17
268.57142857142856,1.14375,0.12482279105462539,17
268.6428571428571,1.1375,0.12378576924132541,17
268.7142857142857,1.15625,0.1258202255866149,17
268.7857142857143,1.15,0.1248332220738267,17
268.85714285714283,1.1466666666666667,0.13051789392616106,17
268.9285714285714,1.16875,0.12271876724174399,17
269.0,1.1500000000000001,0.12281422284627025,17
269.07142857142856,1.16875,0.12573740824962687,17
269.1428571428571,1.1875,0.1244571546088586,17
269.2142857142857,1.18125,0.12322700934995272,17
269.2857142857143,1.15625,0.12143885635715339,17
269.35714285714283,1.1625,0.12311072252245131,17
269.4285714285714,1.16,0.129025652672711,17
269.5,1.18125,0.12288841483231851,17
269.57142857142856,1.10625,0.12565453632877724,17
269.6428571428571,1.12,0.13669569958749353,17
269.7142857142857,1.1733333333333333,0.1311003493027444,17
269.7857142857143,1.16,0.12976168632572266,17
269.85714285714283,1.1733333333333333,0.13361874215082348,17
269.9285714285714,1.11875,0.13077294253782012,17
270.0,1.1266666666666665,0.13851823557677015,17
270.07142857142856,1.06,0.1585049195571214,17
270.1428571428571,1.06,0.1585049195571214,17
270.2142857142857,1.06,0.1591046376265812,17
270.2857142857143,1.0692307692307692,0.17988052138123956,17
270.35714285714283,1.1071428571428572,0.169181704033243,17
270.4285714285714,1.0933333333333333,0.15689446458008968,17
270.5,1.075,0.15013882464794598,17
270.57142857142856,1.11875,0.15335654262752102,17
270.6428571428571,1.125,0.15234281516807197,17
270.7142857142857,1.125,0.15013882464794598,17
270.7857142857143,1.08125,0.15006075158637142,17
270.85714285714283,1.11875,0.15116733278059782,17
270.9285714285714,1.0799999999999998,0.15650954633899522,17
271.0,1.125,0.15013882464794598,17
271.07142857142856,1.13125,0.14992185464434463,17
271.1428571428571,1.1133333333333333,0.15792302726227908,17
271.2142857142857,1.1333333333333333,0.16203076329502447,17
271.2857142857143,1.12,0.1598213288108228,17
271.35714285714283,1.1375,0.15271842281357764,17
271.4285714285714,1.1125,0.15189771777965153,17
271.5,1.1066666666666667,0.16226570410952132,17
271.57142857142856,1.1357142857142857,0.17212541519406713,17
271.6428571428571,1.1666666666666667,0.1620307632950245,17
271.7142857142857,1.15625,0.1535601809280865,17
271.7857142857143,1.18,0.1363468965194155,17
271.85714285714283,1.13125,0.14964367399481568,17
271.9285714285714,1.2214285714285715,0.14868602934311292,17
272.0,1.1375,0.15189771777965155,17
272.07142857142856,1.125,0.15152007567755943,17
272.1428571428571,1.1266666666666665,0.16197197484417059,17
272.2142857142857,1.1333333333333333,0.16173660735507642,17
272.2857142857143,1.3142857142857143,0.1208291605046458,17
272.35714285714283,1.19375,0.1314878796695726,17
272.4285714285714,1.1933333333333331,0.14124165939695818,17
272.5,1.18125,0.13454204733093664,17
272.57142857142856,1.1466666666666667,0.1389986867586702,17
272.6428571428571,1.1529411764705884,0.12894300127519395,17
272.7142857142857,1.16875,0.13623470862204437,17
272.7857142857143,1.1625,0.13628248848134034,17
272.85714285714283,1.1625,0.13810473079031968,17
272.9285714285714,1.1625,0.13658788379647735,17
273.0,1.14375,0.1369211299739136,17
273.07142857142856,1.1375,0.13689259780329005,17
273.1428571428571,1.12,0.14415600015591576,17
273.2142857142857,1.0875,0.13658788379647735,17
273.2857142857143,1.06875,0.13407670379301542,17
273.35714285714283,1.1066666666666667,0.14686134266121215,17
273.4285714285714,1.04375,0.15383127932901033,17
273.5,1.1235294117647059,0.13326483246128462,17
273.57142857142856,1.1411764705882352,0.1369464320802684,17
273.6428571428571,1.1352941176470588,0.1374508405358579,17
273.7142857142857,1.188235294117647,0.11564472500786764,17
273.7857142857143,1.21875,0.11804615975682282,17
273.85714285714283,1.2357142857142858,0.12864771851380385,17
273.9285714285714,1.20625,0.12092309884109541,17
274.0,1.2125000000000001,0.12140668570277888,17
274.07142857142856,1.23125,0.11822251266150623,17
274.1428571428571,1.18125,0.12754696847305572,17
274.2142857142857,1.20625,0.11382323649706448,17
274.2857142857143,1.25,0.12612134397711358,17
274.35714285714283,1.1875,0.12378576924132542,17
274.4285714285714,1.18125,0.11944969303713872,17
274.5,1.16875,0.11680423436959238,17
274.57142857142856,1.18125,0.12523935417165538,17
274.6428571428571,1.2333333333333334,0.128976434416992,17
274.7142857142857,1.2266666666666666,0.12927146286443544,17
274.7857142857143,1.15,0.13784048752090222,17
274.85714285714283,1.16875,0.1398566974918732,17
274.9285714285714,1.1647058823529413,0.12803411093928777,17
275.0,1.1647058823529413,0.12774664047343529,17
275.07142857142856,1.1875,0.13256287816227688,17
275.1428571428571,1.18125,0.13267088037696895,17
275.2142857142857,1.2,0.1357080199054819,17
275.2857142857143,1.1866666666666668,0.14956020181938098,17
275.35714285714283,1.18125,0.13669270585270207,17
275.4285714285714,1.13125,0.1325137571474499,17
275.5,1.1705882352941175,0.13194381209504674,17
275.57142857142856,1.1866666666666668,0.14568938473820536,17
275.6428571428571,1.1533333333333333,0.13968217893171309,17
275.7142857142857,1.14375,0.13569842482505093,17
275.7857142857143,1.13125,0.13469680458966596,17
275.85714285714283,1.125,0.13275918047351754,17
275.9285714285714,1.175,0.12829003598617209,17
276.0,1.1470588235294117,0.13148407616033592,17
276.07142857142856,1.18125,0.13140863429267755,17
276.1428571428571,1.16875,0.1296529823541801,17
276.2142857142857,1.16875,0.12868525880353712,17
276.2857142857143,1.15625,0.12680981494611002,17
276.35714285714283,1.16875,0.1296529823541801,17
276.4285714285714,1.16875,0.1299739557244707,17
276.5,1.0999999999999999,0.12747548783981963,17
276.57142857142856,1.15,0.12877629181387903,17
276.6428571428571,1.1176470588235294,0.13179621472004754,17
276.7142857142857,1.1117647058823528,0.13029444960786288,17
276.7857142857143,1.13125,0.13093215482327736,17
276.85714285714283,1.0941176470588236,0.13074182806407572,17
276.9285714285714,1.1176470588235294,0.1388596662836809,17
277.0,1.0999999999999999,0.13394467690277295,17
277.07142857142856,1.0823529411764705,0.13428330842072378,17
277.1428571428571,1.076470588235294,0.13490994048446722,17
277.2142857142857,1.125,0.13338540649811234,17
277.2857142857143,1.1375,0.13505400154506098,17
277.35714285714283,1.0705882352941176,0.13277709812112604,17
277.4285714285714,1.0647058823529412,0.1297455588241928,17
277.5,1.0266666666666666,0.14490281362632473,17
277.57142857142856,1.0588235294117647,0.1297788910171189,17
277.6428571428571,1.052941176470588,0.12951199327237645,17
277.7142857142857,1.09375,0.13212013157224248,17
277.7857142857143,1.09375,0.13212013157224248,17
277.85714285714283,1.0411764705882351,0.12835463955311352,17
277.9285714285714,1.035294117647059,0.12716975005369682,17
278.0,1.0875,0.12873584064535668,17
278.07142857142856,1.0588235294117647,0.13258150199511348,17
278.1428571428571,1.08125,0.13423199755150284,17
278.2142857142857,1.13125,0.11354835607205709,17
278.2857142857143,1.15625,0.11689338090756037,17
278.35714285714283,1.1058823529411765,0.11772056527170294,17
278.4285714285714,1.1375,0.10911576421397598,17
278.5,1.1375,0.1098768249753635,17
278.57142857142856,1.1375,0.11138334704972733,17
278.6428571428571,1.18,0.10788000388438644,17
278.7142857142857,1.13125,0.10397064890310789,17
278.7857142857143,1.2428571428571427,0.06606214666017202,17
278.85714285714283,1.075,0.10935416468216166,17
278.9285714285714,1.092857142857143,0.14043272438606658,17
279.0,1.0533333333333335,0.13051789392616106,17
279.07142857142856,1.075,0.12433154601038841,17
279.1428571428571,1.1533333333333333,0.10229121205407658,17
279.2142857142857,1.15,0.10082988974836117,17
279.2857142857143,1.11875,0.10732301322021605,17
279.35714285714283,1.0999999999999999,0.1010969249546895,17
279.4285714285714,1.1533333333333333,0.10817387531926227,17
279.5,1.10625,0.10934225700371591,17
279.57142857142856,1.1533333333333333,0.10639847236043816,17
279.6428571428571,1.1625,0.08209496533486894,17
279.7142857142857,1.14375,0.10286267139573357,17
279.7857142857143,1.11875,0.11113758365197618,17
279.85714285714283,1.1117647058823528,0.10285710852968065,17
279.9285714285714,1.1733333333333333,0.10621929995316143,17
280.0,1.1733333333333333,0.10531886579366248,17
280.07142857142856,1.1666666666666667,0.10808579778370368,17
280.1428571428571,1.15625,0.10644589783860468,17
280.2142857142857,1.125,0.11049132695978149,17
280.2857142857143,1.10625,0.10664143581804089,17
280.35714285714283,1.1466666666666667,0.1081738753192623,17
280.4285714285714,1.1533333333333333,0.10861319163354606,17
280.5,1.1125,0.10443299287102713,17
280.57142857142856,1.1666666666666667,0.10720104240194445,17
280.6428571428571,1.157142857142857,0.11469706191772688,17
280.7142857142857,1.125,0.10858944086174616,17
280.7857142857143,1.0733333333333333,0.10843767868564025,17
280.85714285714283,1.1214285714285714,0.11444014291686298,17
280.9285714285714,1.12,0.10788000388438646,17
281.0,1.1,0.11126972805283736,17
281.07142857142856,1.1066666666666667,0.10974718422102883,17
281.1428571428571,1.0933333333333333,0.10755581791913428,17
281.2142857142857,1.0875,0.11025538535599974,17
281.2857142857143,1.08125,0.11299658918156189,17
281.35714285714283,1.092857142857143,0.1220089555865802,17
281.4285714285714,1.0533333333333335,0.1158269097225382,17
281.5,1.1133333333333333,0.11291238350688709,17
281.57142857142856,1.1428571428571428,0.12167073461153474,17
281.6428571428571,1.1066666666666667,0.11850925889754119,17
281.7142857142857,1.11875,0.11188489248628103,17
281.7857142857143,1.11875,0.11038521564654089,17
281.85714285714283,1.13125,0.11132488116619153,17
281.9285714285714,1.14375,0.1121638496426842,17
282.0,1.1533333333333333,0.11705377952713573,17
282.07142857142856,1.1375,0.11542493953503578,17
282.1428571428571,1.14375,0.11653638559122496,17
282.2142857142857,1.1411764705882352,0.10882352941176471,17
282.2857142857143,1.1411764705882352,0.1074636818026183,17
282.35714285714283,1.1411764705882352,0.11083202165539278,17
282.4285714285714,1.1470588235294117,0.10985205527637117,17
282.5,1.1470588235294117,0.10748380420365648,17
282.57142857142856,1.1588235294117646,0.10983236676375199,17
282.6428571428571,1.1705882352941177,0.11368322405933934,17
282.7142857142857,1.11875,0.11446205703201388,17
282.7857142857143,1.12,0.1171893055416463,17
282.85714285714283,1.1,0.12179969144117253,17
282.9285714285714,1.1333333333333333,0.12175958617454653,17
283.0,1.0846153846153848,0.13627185961843288,17
283.07142857142856,1.10625,0.11455302629495798,17
283.1428571428571,1.12,0.1231336865439542,17
283.2142857142857,1.0933333333333333,0.14815264543438417,17
283.2857142857143,1.0875,0.13689259780329005,17
283.35714285714283,1.06875,0.13376557541709552,17
283.4285714285714,1.06875,0.13714917365166052,17
283.5,1.0733333333333335,0.14490281362632473,17
283.57142857142856,1.0866666666666667,0.14536216402543933,17
283.6428571428571,1.0642857142857143,0.15918996284318837,17
283.7142857142857,1.0799999999999998,0.14709893010520245,17
283.7857142857143,1.08125,0.13850955141553717,17
283.85714285714283,1.088235294117647,0.1314182683102876,17
283.9285714285714,1.1125,0.14197270864500683,17
284.0,1.0823529411764705,0.13095668741701874,17
284.07142857142856,1.088235294117647,0.1344603464783819,17
284.1428571428571,1.076470588235294,0.13215671728624104,17
284.2142857142857,1.088235294117647,0.1314182683102876,17
284.2857142857143,1.0705882352941176,0.1276958432123083,17
284.35714285714283,1.09375,0.140079962283452,17
284.4285714285714,1.076470588235294,0.12991213426681045,17
284.5,1.088235294117647,0.12801721878129627,17
284.57142857142856,1.0999999999999999,0.12747548783981963,17
284.6428571428571,1.1058823529411765,0.1284725274578915,17
284.7142857142857,1.1058823529411765,0.12847252745789153,17
284.7857142857143,1.088235294117647,0.13001197709000203,17
284.85714285714283,1.11875,0.13881004706672592,17
284.9285714285714,1.0999999999999999,0.13284223283101432,17
285.0,1.1266666666666665,0.14750840707813961,17
285.07142857142856,1.0999999999999999,0.1328422328310143,17
285.1428571428571,1.11875,0.13940909523174352,17
285.2142857142857,1.03125,0.13282781774412566,17
285.2857142857143,1.025,0.13338540649811234,17
285.35714285714283,1.0666666666666667,0.1365097821949791,17
285.4285714285714,1.0125,0.12938154170256796,17
285.5,1.01875,0.13172532975855478,17
285.57142857142856,1.1125,0.14108951059522462,17
285.6428571428571,1.0411764705882351,0.13090713578981109,17
285.7142857142857,1.0588235294117647,0.13034423415388433,17
285.7857142857143,1.1,0.1357080199054819,17
285.85714285714283,1.1125,0.1371966350413401,17
285.9285714285714,1.09375,0.136768889615536,17
286.0,1.0588235294117647,0.13202573933802025,17
286.07142857142856,1.0647058823529412,0.13365373844119724,17
286.1428571428571,1.0411764705882351,0.13062598818354385,17
286.2142857142857,1.0071428571428571,0.14580744705588422,17
286.2857142857143,1.0285714285714287,0.13482938809194978,17
286.35714285714283,1.042857142857143,0.13816469138902604,17
286.4285714285714,1.075,0.13738631664034084,17
286.5,1.0125,0.15299101280794242,17
286.57142857142856,1.00625,0.15068420344105968,17
286.6428571428571,0.99375,0.14985235789491824,17
286.7142857142857,1.0,0.1618347187425374,17
286.7857142857143,1.02,0.1521903569938147,17
286.85714285714283,1.0266666666666666,0.15382942521992357,17
286.9285714285714,0.9647058823529411,0.14062391868096374,17
287.0,1.00625,0.14901586884176687,17
287.07142857142856,0.9529411764705882,0.1442826186636592,17
287.1428571428571,0.9875,0.14545188207788856,17
287.2142857142857,0.9733333333333333,0.1544472992770293,17
287.2857142857143,1.0125,0.14659325814420435,17
287.35714285714283,1.0,0.14230249470757705,17
287.4285714285714,0.9941176470588234,0.131303025209116,17
287.5,0.9875,0.13900689431343566,17
287.57142857142856,1.0235294117647058,0.1301948234052433,17
287.6428571428571,0.99375,0.14155939566132655,17
287.7142857142857,0.93125,0.14597909382282562,17
287.7857142857143,0.94375,0.14831519083807068,17
287.85714285714283,0.888235294117647,0.1502161073012264,17
287.9285714285714,0.888235294117647,0.15094855788654518,17
288.0,0.9249999999999999,0.15179481765418298,17
288.07142857142856,0.9133333333333333,0.1623830470469561,17
288.1428571428571,0.88125,0.1594832148952777,17
288.2142857142857,1.01875,0.14177997919311455,17
288.2857142857143,0.95625,0.15301654322327374,17
288.35714285714283,0.9588235294117647,0.13854783192133974,17
288.4285714285714,0.9588235294117647,0.13721462994622796,17
288.5,0.9588235294117647,0.13828221981997216,17
288.57142857142856,1.025,0.13949313005783953,17
288.6428571428571,0.9705882352941176,0.1397909957448958,17
288.7142857142857,0.9705882352941176,0.13979099574489579,17
288.7857142857143,0.9823529411764705,0.13779655029555857,17
288.85714285714283,0.9882352941176471,0.13903087705645284,17
288.9285714285714,1.025,0.13677840960229554,17
289.0,0.9705882352941176,0.1374036309035068,17
289.07142857142856,1.01875,0.1351600131942383,17
289.1428571428571,1.08125,0.11554896148386623,17
289.2142857142857,1.0294117647058822,0.12827036757268545,17
289.2857142857143,1.035294117647059,0.12889267550682607,17
289.35714285714283,1.0235294117647058,0.1255954674870363,17
289.4285714285714,1.0625,0.11100863329789563,17
289.5,0.9875,0.1284117725651871,17
289.57142857142856,1.04,0.11538754575033527,17
289.6428571428571,1.0,0.12307338795828046,17
289.7142857142857,1.011764705882353,0.12303823919618757,17
289.7857142857143,1.0058823529411764,0.1223154637172253,17
289.85714285714283,1.0176470588235293,0.12284474123798293,17
289.9285714285714,1.06875,0.11244211473761362,17
290.0,1.0,0.12157060403200225,17
290.07142857142856,1.06875,0.11169853401007553,17
290.1428571428571,1.0625,0.1125,17
290.2142857142857,1.0625,0.11175680441625618,17
290.2857142857143,1.0266666666666666,0.11400362010403617,17
290.35714285714283,1.0266666666666666,0.11232040338190126,17
290.4285714285714,0.9941176470588234,0.12171283350916802,17
290.5,1.05625,0.11253471686550777,17
290.57142857142856,1.075,0.11346805717910217,17
290.6428571428571,1.08125,0.11409745468969353,17
290.7142857142857,1.0176470588235293,0.12462747257493118,17
290.7857142857143,1.0176470588235293,0.126093830060153,17
290.85714285714283,1.0666666666666667,0.1201850425154663,17
290.9285714285714,1.011764705882353,0.1248182069054291,17
291.0,1.011764705882353,0.1248182069054291,17
291.07142857142856,1.0466666666666666,0.11986765188429264,17
291.1428571428571,0.96875,0.1290086398915463,17
291.2142857142857,0.9,0.1414213562373095,17
291.2857142857143,0.8733333333333333,0.1491137841881851,17
291.35714285714283,1.0071428571428571,0.12986226249896496,17
291.4285714285714,0.9266666666666666,0.13678856352455462,17
291.5,0.8857142857142858,0.1374241620457325,17
291.57142857142856,0.8266666666666667,0.14090411013866222,17
291.6428571428571,0.84375,0.13539102321301316,17
291.7142857142857,0.9117647058823529,0.13876618955394646,17
291.7857142857143,0.9,0.1355815361366601,17
291.85714285714283,0.9133333333333333,0.13623043036976049,17
291.9285714285714,0.8823529411764706,0.13618631650341442,17
292.0,0.92,0.14081396034687552,17
292.07142857142856,0.8625,0.14285044627161653,17
292.1428571428571,0.89375,0.14331455787881425,17
292.2142857142857,0.8823529411764706,0.13455681451409263,17
292.2857142857143,0.9714285714285714,0.15170408276778327,17
292.35714285714283,0.93125,0.1353140636938132,17
292.4285714285714,0.93125,0.13376557541709552,17
292.5,1.0384615384615385,0.14121199808219861,17
292.57142857142856,0.9384615384615386,0.16114114753224237,17
292.6428571428571,0.8642857142857142,0.16158797925355234,17
292.7142857142857,0.9384615384615386,0.16153846153846155,17
292.7857142857143,0.942857142857143,0.16094306061403088,17
292.85714285714283,0.85,0.1653334958051902,17
292.9285714285714,0.9071428571428571,0.16187917272462635,17
293.0,0.8928571428571429,0.15775355857579915,17
293.07142857142856,0.9071428571428573,0.16983000088138744,17
293.1428571428571,0.9142857142857144,0.17060240482992015,17
293.2142857142857,0.9857142857142858,0.1547266795640519,17
293.2857142857143,0.8857142857142858,0.16603228299126174,17
293.35714285714283,0.9384615384615386,0.16153846153846155,17
293.4285714285714,0.8642857142857142,0.16327928707799105,17
293.5,0.9769230769230769,0.17027648939368198,17
293.57142857142856,0.9,0.17129115371395962,17
293.6428571428571,0.8857142857142858,0.1702800353061446,17
293.7142857142857,0.8857142857142858,0.17188583703526128,17
293.7857142857143,0.9857142857142857,0.1609918238512092,17
293.85714285714283,1.0666666666666667,0.1729132438507528,17
293.9285714285714,1.0692307692307692,0.16187388862488117,17
294.0,1.0615384615384615,0.16034356604366024,17
294.07142857142856,1.0142857142857142,0.1647032439138039,17
294.1428571428571,1.0857142857142856,0.14745352885270194,17
294.2142857142857,1.0214285714285716,0.1671278287598952,17
294.2857142857143,1.0142857142857142,0.16767876891467498,17
294.35714285714283,1.0857142857142856,0.14482165722668633,17
294.4285714285714,1.1142857142857143,0.1463313802348774,17
294.5,1.1285714285714286,0.14766630461829547,17
294.57142857142856,1.0533333333333335,0.15701582166765315,17
294.6428571428571,1.0533333333333335,0.1585249467123668,17
294.7142857142857,1.04,0.15516504270031467,17
294.7857142857143,1.1142857142857143,0.14367895486887947,17
294.85714285714283,1.1071428571428572,0.14352864159328554,17
294.9285714285714,1.0769230769230769,0.15654680882425295,17
295.0,1.0714285714285714,0.14041875028539152,17
295.07142857142856,1.0285714285714287,0.1587826531023356,17
295.1428571428571,1.0923076923076922,0.14476397167482327,17
295.2142857142857,1.1846153846153846,0.12498520622516862,17
295.2857142857143,1.1142857142857143,0.13940893394407078,17
295.35714285714283,1.146153846153846,0.13088230405518117,17
295.4285714285714,1.1384615384615384,0.1273690687899466,17
295.5,1.1615384615384614,0.12482729686808293,17
295.57142857142856,1.0615384615384615,0.1370656129323497,17
295.6428571428571,1.1500000000000001,0.12123449260751742,17
295.7142857142857,1.1266666666666665,0.11061157550148462,17
295.7857142857143,1.08125,0.11662573686798296,17
295.85714285714283,1.06875,0.11536852184774377,17
295.9285714285714,1.12,0.11220729116450583,17
296.0,1.157142857142857,0.11469706191772687,17
296.07142857142856,1.1,0.11992060865819679,17
296.1428571428571,1.1642857142857144,0.11888083555066599,17
296.2142857142857,1.1642857142857144,0.11795284159970149,17
296.2857142857143,1.0625,0.11792476415070755,17
296.35714285714283,1.052941176470588,0.10918065407806227,17
296.4285714285714,1.1071428571428572,0.1246816983469056,17
296.5,1.1066666666666667,0.11566234381931649,17
296.57142857142856,1.05625,0.11724928926579187,17
296.6428571428571,1.05625,0.11901286695143513,17
296.7142857142857,1.05,0.11510864433221339,17
296.7857142857143,1.03125,0.11427990126585398,17
296.85714285714283,1.0799999999999998,0.1083205120618128,17
296.9285714285714,1.08125,0.1000911043333356,17
297.0,1.0875,0.09784128303873917,17
297.07142857142856,1.035294117647059,0.10323487514578968,17
297.1428571428571,1.08125,0.09967394761588073,17
297.2142857142857,1.0411764705882351,0.10220323737584736,17
297.2857142857143,1.075,0.095524865872714,17
297.35714285714283,1.075,0.09420721840708386,17
297.4285714285714,1.075,0.09464847243000456,17
297.5,1.09375,0.09594649116391213,17
297.57142857142856,1.0411764705882351,0.1014812441122713,17
297.6428571428571,1.011764705882353,0.09544106317404678,17
297.7142857142857,1.0176470588235293,0.09971846181273344,17
297.7857142857143,1.0411764705882351,0.10363213486734042,17
297.85714285714283,1.035294117647059,0.10034542417195284,17
297.9285714285714,0.8941176470588236,0.12645348721591568,17
298.0,0.9058823529411765,0.131303025209116,17
298.07142857142856,0.90625,0.13948379535511166,17
298.1428571428571,0.90625,0.13918475431358615,17
298.2142857142857,0.9533333333333334,0.14568938473820536,17
298.2857142857143,0.9294117647058824,0.13277709812112606,17
298.35714285714283,0.9117647058823529,0.12916085301497934,17
298.4285714285714,0.9235294117647059,0.13298866928866365,17
298.5,0.9875,0.1384061053566641,17
298.57142857142856,0.9875,0.13505400154506098,17
298.6428571428571,0.9352941176470588,0.1317141447110181,17
298.7142857142857,0.975,0.13586144903295172,17
298.7857142857143,0.98125,0.13608170033721165,17
298.85714285714283,0.96875,0.13376557541709552,17
298.9285714285714,0.9625,0.133502496855552,17
299.0,0.96875,0.13219895044969157,17
299.07142857142856,0.9352941176470588,0.1317141447110181,17
299.1428571428571,0.9235294117647058,0.1327119314432762,17
299.2142857142857,0.9125,0.13900689431343566,17
299.2857142857143,0.9625,0.1319327480195876,17
299.35714285714283,0.9235294117647058,0.129344902513506,17
299.4285714285714,0.9294117647058824,0.13082450803696602,17
299.5,0.94375,0.13037406119828182,17
299.57142857142856,0.83125,0.14852574131554885,17
299.6428571428571,0.9333333333333333,0.13927248614434012,17
299.7142857142857,0.9,0.137234592334926,17
299.7857142857143,0.8333333333333334,0.15936381457791912,17
299.85714285714283,0.88125,0.14612173862913075,17
299.9285714285714,0.8625,0.15189771777965153,17
300.0,0.9,0.15583874449479593,17
300.07142857142856,0.86875,0.15322063340164077,17
300.1428571428571,0.85,0.1513825177048746,17
300.2142857142857,0.8733333333333333,0.15289793254906286,17
300.2857142857143,0.8666666666666667,0.15139562384902322,17
300.35714285714283,0.8666666666666667,0.1510807625920548,17
300.4285714285714,0.86,0.14922019523732927,17
300.5,0.8666666666666667,0.14885808731382438,17
300.57142857142856,0.8125,0.14856956844073643,17
300.6428571428571,0.81875,0.14894594936866637,17
300.7142857142857,0.81875,0.1455503206225714,17
300.7857142857143,0.8125,0.1474434920006079,17
300.85714285714283,0.8533333333333334,0.15271095219608488,17
300.9285714285714,0.8125,0.1454518820778886,17
301.0,0.80625,0.14389485455243586,17
301.07142857142856,0.86,0.15206514894547504,17
301.1428571428571,0.81875,0.14640661130336066,17
301.2142857142857,0.81875,0.14468896237561918,17
301.2857142857143,0.8117647058823529,0.13850099621142473,17
301.35714285714283,0.8733333333333333,0.1550627113281734,17
301.4285714285714,0.8625,0.14687721629533518,17
301.5,0.8625,0.14602368529340257,17
301.57142857142856,0.875,0.14534441853748636,17
301.6428571428571,0.8625,0.14516513585109433,17
301.7142857142857,0.86875,0.1465488399817617,17
301.7857142857143,0.875,0.14874474780643518,17
301.85714285714283,0.86875,0.14597909382282565,17
301.9285714285714,0.9066666666666666,0.15780236785798651,17
302.0,0.8866666666666667,0.15701582166765313,17
302.07142857142856,0.9,0.16870547845739467,17
302.1428571428571,0.9071428571428571,0.16983000088138742,17
302.2142857142857,0.9,0.1594633858557237,17
302.2857142857143,0.9142857142857144,0.16963345838625593,17
302.35714285714283,0.9,0.14520101009749667,17
302.4285714285714,0.9,0.1460593486680443,17
302.5,0.888235294117647,0.13903087705645287,17
302.57142857142856,0.86,0.15237797616141124,17
302.6428571428571,0.8666666666666667,0.15170983163879995,17
302.7142857142857,0.89375,0.1444728203965484,17
302.7857142857143,1.0133333333333332,0.12568542237198949,17
302.85714285714283,0.8875000000000001,0.13900689431343566,17
302.9285714285714,0.8823529411764706,0.13482976579355405,17
303.0,0.8941176470588235,0.1359797206537274,17
303.07142857142856,0.8823529411764706,0.1337346181692901,17
303.1428571428571,0.8705882352941177,0.13082450803696602,17
303.2142857142857,0.8823529411764706,0.13207487129010415,17
303.2857142857143,0.8705882352941177,0.12912736128538346,17
303.35714285714283,0.8647058823529411,0.1268803212360176,17
303.4285714285714,0.8733333333333333,0.14358228656722605,17
303.5,0.8933333333333333,0.1462114146630754,17
303.57142857142856,0.8625,0.13597640726733934,17
303.6428571428571,0.8625,0.13505400154506098,17
303.7142857142857,0.8866666666666667,0.14404584808041626,17
303.7857142857143,0.9,0.1460593486680443,17
303.85714285714283,0.8466666666666666,0.14371488529017531,17
303.9285714285714,0.8705882352941177,0.12653896920175856,17
304.0,0.8764705882352941,0.1276280820808655,17
304.07142857142856,0.8823529411764706,0.12869117563034813,17
304.1428571428571,0.86875,0.13654021080497375,17
304.2142857142857,0.9733333333333333,0.13146307345615987,17
304.2857142857143,0.925,0.13949313005783953,17
304.35714285714283,0.93125,0.14015430484529068,17
304.4285714285714,0.925,0.13949313005783953,17
304.5,0.93125,0.1398566974918732,17
304.57142857142856,0.95,0.14317821063276356,17
304.6428571428571,0.9375,0.14197270864500686,17
304.7142857142857,0.9294117647058824,0.13578873780575063,17
304.7857142857143,0.9294117647058824,0.1355177180412738,17
304.85714285714283,0.9470588235294118,0.1385634403066674,17
304.9285714285714,0.98125,0.14810434103473583,17
305.0,0.9470588235294118,0.13909308326853925,17
305.07142857142856,0.9529411764705882,0.13962071707550497,17
305.1428571428571,0.9874999999999999,0.14884975646604195,17
305.2142857142857,0.98125,0.1478227401315508,17
305.2857142857143,0.9705882352941176,0.14136017459644604,17
305.35714285714283,0.9764705882352942,0.1428515817009517,17
305.4285714285714,0.9875,0.14940855620300555,17
305.5,1.0466666666666666,0.14305066257620783,17
305.57142857142856,0.9875,0.1491294180681107,17
305.6428571428571,0.9875,0.14856956844073643,17
305.7142857142857,0.975,0.14705441169852743,17
305.7857142857143,0.98125,0.14754060175648828,17
305.85714285714283,0.98125,0.14838540752603227,17
305.9285714285714,0.98125,0.14922543069687105,17
306.0,0.975,0.14846436160461765,17
306.07142857142856,0.9941176470588234,0.13434771288889702,17
306.1428571428571,0.9823529411764705,0.13151696773712568,17
306.2142857142857,0.9823529411764705,0.13151696773712568,17
306.2857142857143,0.94375,0.13569842482505093,17
306.35714285714283,0.9733333333333333,0.14224950135209835,17
306.4285714285714,0.9230769230769231,0.15777046218374524,17
306.5,0.9600000000000001,0.13759844960366865,17
306.57142857142856,0.9600000000000001,0.13828886261666024,17
306.6428571428571,0.9466666666666667,0.13517771958801447,17
306.7142857142857,0.9294117647058824,0.12855666691773143,17
306.7857142857143,0.9470588235294118,0.13342701437898535,17
306.85714285714283,1.0058823529411764,0.11834352669841595,17
306.9285714285714,1.0625,0.11212901795104899,17
307.0,1.011764705882353,0.11690945243736349,17
307.07142857142856,1.16,0.09551863443229035,17
307.1428571428571,1.08125,0.11698245951138715,17
307.2142857142857,1.03125,0.12997395572447068,17
307.2857142857143,1.06875,0.10556149471595534,17
307.35714285714283,1.0176470588235293,0.12012104621565962,17
307.4285714285714,1.0875,0.11967838846954225,17
307.5,1.0125,0.1378026971192267,17
307.57142857142856,1.0733333333333335,0.12439057791093291,17
307.6428571428571,1.0294117647058822,0.12389651335191498,17
307.7142857142857,1.0588235294117647,0.1283546395531135,17
307.7857142857143,1.05625,0.13661647960623197,17
307.85714285714283,1.025,0.13462912017836262,17
307.9285714285714,1.052941176470588,0.12979555390362485,17
308.0,1.1400000000000001,0.11032419757890184,17
308.07142857142856,1.1625,0.10322911411031287,17
308.1428571428571,1.15625,0.10722591027048145,17
308.2142857142857,1.18125,0.10924694885136761,17
308.2857142857143,1.15625,0.10915155747858114,17
308.35714285714283,1.16,0.11579949831291934,17
308.4285714285714,1.076470588235294,0.13187823365556098,17
308.5,1.075,0.14156859350387946,17
308.57142857142856,1.08125,0.14177997919311458,17
308.6428571428571,1.0647058823529412,0.13529411764705881,17
308.7142857142857,1.075,0.14563081175813494,17
308.7857142857143,1.1466666666666667,0.1430506625762078,17
308.85714285714283,1.1615384615384614,0.16193480072059294,17
308.9285714285714,1.1642857142857144,0.15067873649806418,17
309.0,1.15625,0.1322777223622078,17
309.07142857142856,1.15,0.13447428502629538,17
309.1428571428571,1.1642857142857144,0.1535682340582646,17
309.2142857142857,1.1466666666666667,0.14371488529017534,17
309.2857142857143,1.076470588235294,0.13490994048446725,17
309.35714285714283,1.076470588235294,0.13463715174407764,17
309.4285714285714,1.09375,0.14562187049570086,17
309.5,1.1333333333333333,0.14130907249095498,17
309.57142857142856,1.0705882352941176,0.13551771804127383,17
309.6428571428571,1.0588235294117647,0.1347816380869365,17
309.7142857142857,1.05625,0.1454787355595312,17
309.7857142857143,1.1,0.1414213562373095,17
309.85714285714283,1.1071428571428572,0.15099097044332158,17
309.9285714285714,1.1066666666666667,0.13538891657059204,17
310.0,1.1066666666666667,0.1346836387230555,17
310.07142857142856,1.1125,0.12905909499140308,17
310.1428571428571,1.1076923076923078,0.15667275157095,17
310.2142857142857,1.0799999999999998,0.13208943579112997,17
310.2857142857143,1.0785714285714285,0.1441834040489394,17
310.35714285714283,1.0933333333333333,0.13503673809345604,17
310.4285714285714,1.1,0.12382783747337806,17
310.5,1.09375,0.12432107289863079,17
310.57142857142856,1.0533333333333335,0.12905025476134582,17
310.6428571428571,1.0933333333333333,0.1346836387230555,17
310.7142857142857,1.09375,0.12195243266673007,17
310.7857142857143,1.1,0.12281422284627028,17
310.85714285714283,1.0933333333333333,0.1360905394237047,17
310.9285714285714,1.0470588235294118,0.13259781269235119,17
311.0,1.0294117647058822,0.134428175082664,17
311.07142857142856,1.1142857142857143,0.14520055961246825,17
311.1428571428571,1.1133333333333333,0.13411674611062405,17
311.2142857142857,1.1066666666666667,0.13782897154381366,17
311.2857142857143,1.1133333333333333,0.1369277413426744,17
311.35714285714283,1.1642857142857144,0.14736034284583516,17
311.4285714285714,1.2076923076923076,0.1562630665147958,17
311.5,1.0733333333333335,0.15780236785798654,17
311.57142857142856,1.1133333333333333,0.1450342050515003,17
311.6428571428571,1.1133333333333333,0.1427173919613653,17
311.7142857142857,1.2066666666666668,0.11891039710505781,17
311.7857142857143,1.2142857142857142,0.12789811486687055,17
311.85714285714283,1.2142857142857142,0.11760295599612573,17
311.9285714285714,1.2285714285714284,0.11503872803623423,17
312.0,1.2214285714285715,0.11681608134277821,17
312.07142857142856,1.2214285714285715,0.1129906012956905,17
312.1428571428571,1.1538461538461537,0.1504759051397047,17
312.2142857142857,1.1615384615384614,0.1512929157333046,17
312.2857142857143,1.1714285714285713,0.1423617785122176,17
312.35714285714283,1.1714285714285713,0.14236177851221757,17
312.4285714285714,1.1642857142857144,0.14087916373797155,17
312.5,1.0733333333333335,0.15101771156506513,17
312.57142857142856,1.04375,0.1446169509428269,17
312.6428571428571,1.1071428571428572,0.1427609566297228,17
312.7142857142857,1.1066666666666667,0.13326188561899516,17
312.7857142857143,1.1357142857142857,0.13530882172662898,17
312.85714285714283,1.1384615384615384,0.14829737170175644,17
312.9285714285714,1.2461538461538462,0.11413857109771784,17
313.0,1.1428571428571428,0.13575765645916307,17
313.07142857142856,1.2285714285714284,0.10505287597392307,17
313.1428571428571,1.0875,0.12644992421244597,17
313.2142857142857,1.10625,0.1292506447437175,17
313.2857142857143,1.1466666666666667,0.1290502547613458,17
313.35714285714283,1.1533333333333333,0.12978614889287857,17
313.4285714285714,1.2214285714285715,0.10699623667438204,17
313.5,1.1333333333333333,0.12971274735120222,17
313.57142857142856,1.075,0.1289379695822763,17
313.6428571428571,1.1923076923076923,0.11235334512926484,17
313.7142857142857,1.1857142857142857,0.10209731559856645,17
313.7857142857143,1.176923076923077,0.1104500386843069,17
313.85714285714283,1.2,0.10587157885283097,17
313.9285714285714,1.1133333333333333,0.12416067419224583,17
314.0,1.05625,0.12811737782205818,17
314.07142857142856,1.2,0.10324408292653221,17
314.1428571428571,1.0625,0.1353621685208488,17
314.2142857142857,1.0375,0.129381541702568,17
314.2857142857143,1.1,0.1162919151265879,17
314.35714285714283,1.1714285714285713,0.10132559390974076,17
314.4285714285714,1.0866666666666667,0.12492537454956541,17
314.5,1.0571428571428572,0.13164816819228078,17
314.57142857142856,1.0799999999999998,0.12351980754981308,17
314.6428571428571,1.1,0.12873006086935784,17
314.7142857142857,1.0933333333333333,0.12963930424971126,17
314.7857142857143,1.1785714285714286,0.10852587245514642,17
314.85714285714283,1.1066666666666667,0.12704205028132434,17
314.9285714285714,1.1,0.1386750490563073,17
315.0,1.02,0.14934778841603882,17
315.07142857142856,1.0266666666666666,0.15006876730564198,17
315.1428571428571,1.0666666666666667,0.15731330124142318,17
315.2142857142857,0.9833333333333334,0.18125544227287455,17
315.2857142857143,1.092857142857143,0.13964802132043516,17
315.35714285714283,1.0857142857142856,0.14214106244380284,17
315.4285714285714,1.075,0.16149162657718652,17
315.5,0.9785714285714285,0.15660497354619188,17
315.57142857142856,0.9066666666666666,0.15930404193798028,17
315.6428571428571,1.0066666666666666,0.1491137841881851,17
315.7142857142857,1.0933333333333333,0.13326188561899519,17
315.7857142857143,1.0125,0.1387068251144598,17
315.85714285714283,1.1615384615384614,0.11687077102644435,17
315.9285714285714,1.1692307692307693,0.12056736354367946,17
316.0,1.1428571428571428,0.11373493655328011,17
316.07142857142856,0.99375,0.13707320124663316,17
316.1428571428571,1.1285714285714286,0.10865237005985298,17
316.2142857142857,1.1357142857142857,0.10772734348229313,17
316.2857142857143,1.1500000000000001,0.11031921713976067,17
316.35714285714283,1.1428571428571428,0.11178584594311665,17
316.4285714285714,1.1071428571428572,0.10714285714285714,17
316.5,1.0285714285714287,0.13236171362561364,17
316.57142857142856,1.1214285714285714,0.11003424613192493,17
316.6428571428571,0.9875,0.13129959380490608,17
316.7142857142857,0.9875,0.12873584064535668,17
316.7857142857143,1.1214285714285714,0.10596421302826797,17
316.85714285714283,1.0571428571428572,0.13494577083963738,17
316.9285714285714,1.0466666666666666,0.12606372790007242,17
317.0,1.0785714285714285,0.11960492263959387,17
317.07142857142856,1.0785714285714285,0.1168160813427782,17
317.1428571428571,1.1285714285714286,0.1111520943080866,17
317.2142857142857,1.05,0.11937336386313321,17
317.2857142857143,1.00625,0.13021416653600584,17
317.35714285714283,1.0866666666666667,0.10992060626897798,17
317.4285714285714,1.0799999999999998,0.11305287427107893,17
317.5,1.0266666666666666,0.1228497598372235,17
317.57142857142856,1.1,0.1175139302786006,17
317.6428571428571,1.1,0.11547005383792514,17
317.7142857142857,1.1133333333333333,0.1186698768961175,17
317.7857142857143,1.1,0.12224996910042532,17
317.85714285714283,1.0333333333333334,0.14164565670535778,17
317.9285714285714,1.0466666666666666,0.14070119188132485,17
318.0,1.0142857142857142,0.14930503581783552,17
318.07142857142856,1.0384615384615385,0.15873638101826915,17
318.1428571428571,1.0153846153846153,0.164802194504835,17
318.2142857142857,0.98,0.14774495398683307,17
318.2857142857143,1.0266666666666666,0.14490281362632473,17
318.35714285714283,1.0642857142857143,0.1510429466825352,17
318.4285714285714,1.0333333333333334,0.14397971638449192,17
318.5,1.0533333333333335,0.15082840034027528,17
318.57142857142856,1.0230769230769232,0.17027648939368195,17
318.6428571428571,1.0153846153846153,0.1709123909050819,17
318.7142857142857,1.0,0.1505545305418162,17
318.7857142857143,1.075,0.15152007567755943,17
318.85714285714283,1.1066666666666667,0.15689446458008968,17
318.9285714285714,1.1071428571428572,0.15948553474462396,17
319.0,1.0733333333333335,0.15351955565417055,17
319.07142857142856,1.0461538461538462,0.18031858722663138,17
319.1428571428571,1.05625,0.15274399879100542,17
319.2142857142857,1.05,0.1505545305418162,17
319.2857142857143,1.06875,0.1515802180365235,17
319.35714285714283,1.06875,0.15075331671309922,17
319.4285714285714,1.06875,0.15075331671309922,17
319.5,1.0642857142857143,0.16192765405926368,17
319.57142857142856,1.1,0.15461164867099086,17
319.6428571428571,1.025,0.1595566774952817,17
319.7142857142857,1.0125,0.15728821740147397,17
319.7857142857143,1.0866666666666667,0.15177259513799138,17
319.85714285714283,1.0785714285714285,0.1614421855583756,17
319.9285714285714,1.0846153846153845,0.17425524818133217,17
320.0,0.9928571428571429,0.1577535585757992,17
320.07142857142856,1.0466666666666666,0.14892205269125783,17
320.1428571428571,1.03125,0.14309633992524057,17
320.2142857142857,1.0375,0.14401244159215318,17
320.2857142857143,1.03125,0.14222011988463518,17
320.35714285714283,1.0375,0.1378026971192267,17
320.4285714285714,1.0625,0.14343262065048754,17
320.5,1.05,0.14200938936093863,17
320.57142857142856,1.0666666666666667,0.15076524377375153,17
320.6428571428571,1.0866666666666667,0.15610334387274977,17
320.7142857142857,1.0799999999999998,0.15802350638885523,17
320.7857142857143,1.0,0.15942605391424158,17
320.85714285714283,1.0666666666666667,0.15202339001321838,17
320.9285714285714,1.0799999999999998,0.1521903569938147,17
321.0,1.06,0.14729303478181885,17
321.07142857142856,1.0733333333333335,0.15258617133455996,17
321.1428571428571,1.06875,0.1389600512137691,17
321.2142857142857,1.0733333333333335,0.14718523045296378,17
321.2857142857143,1.00625,0.1550453562671259,17
321.35714285714283,1.0466666666666666,0.14371488529017531,17
321.4285714285714,1.0466666666666666,0.14371488529017531,17
321.5,1.0230769230769232,0.16058939764227426,17
321.57142857142856,1.0714285714285714,0.15457441446609244,17
321.6428571428571,1.0562500000000001,0.13446460190944926,17
321.7142857142857,1.0923076923076924,0.1607121724290475,17
321.7857142857143,1.0769230769230769,0.15858098560067924,17
321.85714285714283,1.0133333333333332,0.1389986867586702,17
321.9285714285714,0.9642857142857143,0.14623747916991645,17
322.0,0.9733333333333333,0.13432961119739925,17
322.07142857142856,0.9571428571428572,0.15818833041881045,17
322.1428571428571,0.975,0.14361406616345077,17
322.2142857142857,1.0714285714285714,0.14692024128704326,17
322.2857142857143,1.0357142857142858,0.14586127040472957,17
322.35714285714283,1.0571428571428572,0.14851435928440648,17
322.4285714285714,1.0666666666666667,0.16712059397121867,17
322.5,1.0818181818181818,0.18181818181818185,17
322.57142857142856,1.0818181818181818,0.183807301179638,17
322.6428571428571,1.0818181818181818,0.183807301179638,17
322.7142857142857,1.0307692307692309,0.15826973704626632,17
322.7857142857143,1.0692307692307692,0.15249405847383854,17
322.85714285714283,1.1615384615384614,0.1327898192433236,17
322.9285714285714,1.1538461538461537,0.12790991652550684,17
323.0,1.146153846153846,0.12740777691081892,17
323.07142857142856,1.146153846153846,0.12383580144659743,17
323.1428571428571,1.1615384615384614,0.12379597645716216,17
323.2142857142857,1.0692307692307692,0.150803240538796,17
323.2857142857143,1.0642857142857143,0.1400969612651537,17
323.35714285714283,1.0625,0.12344870729713348,17
323.4285714285714,1.1333333333333333,0.11155467020454339,17
323.5,1.175,0.1291727760041026,17
323.57142857142856,1.1857142857142857,0.11136374558380864,17
323.6428571428571,1.1642857142857144,0.11074529874036469,17
323.7142857142857,1.207142857142857,0.11215388060890176,17
323.7857142857143,1.1357142857142857,0.1424306821407194,17
323.85714285714283,1.1928571428571428,0.11067439905400646,17
323.9285714285714,1.1846153846153846,0.11921008919085464,17
324.0,1.1866666666666668,0.10773276756098495,17
324.07142857142856,1.2066666666666668,0.11358515440667105,17
324.1428571428571,1.25,0.11081615306542533,17
324.2142857142857,1.22,0.10609968358644081,17
324.2857142857143,1.20625,0.10857744931614483,17
324.35714285714283,1.2133333333333334,0.11206574034347054,17
324.4285714285714,1.2642857142857142,0.11416545870938107,17
324.5,1.2615384615384615,0.12482729686808293,17
324.57142857142856,1.2307692307692308,0.12267562783493012,17
324.6428571428571,1.19375,0.10427078130201832,17
324.7142857142857,1.20625,0.10625000000000001,17
324.7857142857143,1.21875,0.10377007837843559,17
324.85714285714283,1.2125,0.10403324789059824,17
324.9285714285714,1.2125,0.10201102881551583,17
325.0,1.2,0.10600988273786194,17
325.07142857142856,1.1928571428571428,0.11457723807583398,17
325.1428571428571,1.1933333333333331,0.10666666666666667,17
325.2142857142857,1.22,0.10832051206181281,17
325.2857142857143,1.24375,0.09915003361908993,17
325.35714285714283,1.2466666666666666,0.10817387531926227,17
325.4285714285714,1.2266666666666666,0.10577004106693721,17
325.5,1.25,0.1113108704939005,17
325.57142857142856,1.1733333333333333,0.13218553579350456,17
325.6428571428571,1.1785714285714286,0.14265095009700873,17
325.7142857142857,1.1266666666666665,0.13073661878778836,17
325.7857142857143,1.3416666666666668,0.054297627233907034,17
325.85714285714283,1.1333333333333333,0.13117297437486583,17
325.9285714285714,1.1928571428571428,0.11017682377013485,17
326.0,1.2133333333333334,0.1059499732203686,17
326.07142857142856,1.1823529411764706,0.12314365538504896,17
326.1428571428571,1.2214285714285715,0.11539638872431081,17
326.2142857142857,1.1529411764705884,0.11916302694048761,17
326.2857142857143,1.1411764705882352,0.12128564470891329,17
326.35714285714283,1.1470588235294117,0.12488749262095379,17
326.4285714285714,1.2133333333333334,0.11582690972253823,17
326.5,1.1470588235294117,0.12518152908841423,17
326.57142857142856,1.23125,0.10943748215305393,17
326.6428571428571,1.21875,0.10654371168680017,17
326.7142857142857,1.2125,0.1087332362558324,17
326.7857142857143,1.2666666666666666,0.1067559150437361,17
326.85714285714283,1.22,0.12039617143098069,17
326.9285714285714,1.3,0.11578684470436788,17
327.0,1.3133333333333332,0.10773276756098492,17
327.07142857142856,1.2375,0.11397185325041151,17
327.1428571428571,1.3333333333333333,0.08376080835255242,17
327.2142857142857,1.24,0.12413510305116683,17
327.2857142857143,1.2375,0.11506338832718829,17
327.35714285714283,1.3066666666666669,0.10711216491610967,17
327.4285714285714,1.24375,0.11437101541328845,17
327.5,1.28,0.1087592360609959,17
327.57142857142856,1.2125,0.11898004034290793,17
327.6428571428571,1.2,0.12649110640673517,17
327.7142857142857,1.2866666666666666,0.09945885326135374,17
327.7857142857143,1.2,0.12110601416389966,17
327.85714285714283,1.26,0.11161157134071206,17
327.9285714285714,1.20625,0.12532250064001543,17
328.0,1.2,0.1241638702145945,17
328.07142857142856,1.2533333333333334,0.11417057692295608,17
328.1428571428571,1.3571428571428572,0.07611030580625402,17
328.2142857142857,1.25,0.12742159839000505,17
328.2857142857143,1.2125,0.12545749612252483,17
328.35714285714283,1.1470588235294117,0.13882851436712879,17
328.4285714285714,1.1933333333333331,0.13574018132224824,17
328.5,1.3642857142857143,0.08932416754371875,17
328.57142857142856,1.2533333333333334,0.12065956306372967,17
328.6428571428571,1.1176470588235294,0.14096184666260894,17
328.7142857142857,1.19375,0.13117061091062535,17
328.7857142857143,1.3153846153846156,0.09925759923510721,17
328.85714285714283,1.3214285714285714,0.08967497563917691,17
328.9285714285714,1.2466666666666666,0.11986765188429266,17
329.0,1.3285714285714287,0.09043762432334018,17
329.07142857142856,1.2266666666666666,0.1228497598372235,17
329.1428571428571,1.2461538461538462,0.13426694832395947,17
329.2142857142857,1.1357142857142857,0.1503136438343604,17
329.2857142857143,1.1666666666666667,0.14265064440515632,17
329.35714285714283,1.0799999999999998,0.1598213288108228,17
329.4285714285714,1.1428571428571428,0.14925245436319629,17
329.5,1.09375,0.14929521928045789,17
329.57142857142856,1.1866666666666668,0.14204850501775013,17
329.6428571428571,1.157142857142857,0.145901624886178,17
329.7142857142857,1.11875,0.14950438956766451,17
329.7857142857143,1.1866666666666668,0.1369277413426744,17
329.85714285714283,1.18,0.141151725188924,17
329.9285714285714,1.2857142857142858,0.11991624497321965,17
330.0,1.2066666666666668,0.1409041101386622,17
330.07142857142856,1.1785714285714286,0.14979053925896446,17
330.1428571428571,1.1866666666666668,0.14036234289006183,17
330.2142857142857,1.11875,0.15006075158637142,17
330.2857142857143,1.1933333333333331,0.14157840387730197,17
330.35714285714283,1.1733333333333333,0.14124165939695818,17
330.4285714285714,1.1933333333333331,0.1409041101386622,17
330.5,1.1785714285714286,0.14607636548254568,17
330.57142857142856,1.1714285714285713,0.1480379263213091,17
330.6428571428571,1.1642857142857144,0.15031364383436038,17
330.7142857142857,1.1714285714285713,0.150613606286896,17
330.7857142857143,1.2,0.1400680106914053,17
330.85714285714283,1.1933333333333331,0.13988657536823884,17
330.9285714285714,1.1928571428571428,0.15135442928869353,17
331.0,1.2533333333333334,0.12644090155998408,17
331.07142857142856,1.2428571428571427,0.13696646165012247,17
331.1428571428571,1.2153846153846155,0.14537579677500806,17
331.2142857142857,1.2083333333333333,0.15048322836848638,17
331.2857142857143,1.2416666666666665,0.15048322836848638,17
331.35714285714283,1.2692307692307692,0.1365249180715296,17
331.4285714285714,1.2642857142857142,0.12649420907439343,17
331.5,1.1642857142857144,0.15780330741291598,17
331.57142857142856,1.2666666666666668,0.1553750756762942,17
331.6428571428571,1.2153846153846155,0.1655783004201327,17
331.7142857142857,1.2076923076923076,0.16542933205851204,17
331.7857142857143,1.2307692307692308,0.16655815007678842,17
331.85714285714283,1.1428571428571428,0.175008409755321,17
331.9285714285714,1.1400000000000001,0.16236349578000828,17
332.0,1.1933333333333331,0.1398865753682388,17
332.07142857142856,1.18,0.14013598837591731,17
332.1428571428571,1.2857142857142858,0.1230818287876322,17
332.2142857142857,1.1866666666666668,0.14171287761717238,17
332.2857142857143,1.18,0.13842653200129212,17
332.35714285714283,1.1733333333333333,0.14022657402750757,17
332.4285714285714,1.1733333333333333,0.13954574831579739,17
332.5,1.18,0.141151725188924,17
332.57142857142856,1.1500000000000001,0.14778585636203265,17
332.6428571428571,1.16,0.13897584579446068,17
332.7142857142857,1.09375,0.15013015186830392,17
332.7857142857143,1.0799999999999998,0.16189355703524402,17
332.85714285714283,1.0866666666666667,0.16120577405075037,17
332.9285714285714,1.0875,0.14996527375807153,17
333.0,1.1533333333333333,0.14036234289006186,17
333.07142857142856,1.09375,0.15423703349066334,17
333.1428571428571,1.18,0.14645005649578646,17
333.2142857142857,1.16,0.14468356276140468,17
333.2857142857143,1.16,0.14631993647320862,17
333.35714285714283,1.1266666666666665,0.1449028136263247,17
333.4285714285714,1.1357142857142857,0.16294242995244332,17
333.5,1.1214285714285714,0.16279784924078522,17
333.57142857142856,1.1357142857142857,0.15710539013883337,17
333.6428571428571,1.157142857142857,0.16230289337954532,17
333.7142857142857,1.1533333333333333,0.15426219691429716,17
333.7857142857143,1.1285714285714286,0.16220614052839596,17
333.85714285714283,1.1285714285714286,0.15947323018612514,17
333.9285714285714,1.1857142857142857,0.15858479302161352,17
334.0,1.1466666666666667,0.152086024111878,17
334.07142857142856,1.16,0.1530017117862536,17
334.1428571428571,1.08125,0.15817151819043362,17
334.2142857142857,1.08125,0.1565829785342796,17
334.2857142857143,1.075,0.15559027390339453,17
334.35714285714283,1.1071428571428572,0.15026141532554455,17
334.4285714285714,1.1333333333333333,0.14397971638449192,17
334.5,1.0692307692307692,0.1622694085363768,17
334.57142857142856,1.1142857142857143,0.15614066033060459,17
334.6428571428571,1.0733333333333335,0.15598127685770086,17
334.7142857142857,1.025,0.14846436160461765,17
334.7857142857143,1.025,0.14986104675109319,17
334.85714285714283,1.12,0.14547131937912972,17
334.9285714285714,1.1642857142857144,0.1484747149292175,17
335.0,1.0866666666666667,0.14503420505150028,17
335.07142857142856,1.0125,0.14912941806811067,17
335.1428571428571,1.125,0.13949313005783953,17
335.2142857142857,1.2642857142857142,0.11888083555066596,17
335.2857142857143,1.125,0.13919410907075053,17
335.35714285714283,1.2428571428571427,0.12030834273332913,17
335.4285714285714,1.2133333333333334,0.13340474278235162,17
335.5,1.2214285714285715,0.12974131973698957,17
335.57142857142856,1.1266666666666665,0.14975111627429302,17
335.6428571428571,1.12,0.1483881653604748,17
335.7142857142857,1.1857142857142857,0.1417539823876668,17
335.7857142857143,1.2692307692307692,0.11678635731299213,17
335.85714285714283,1.2666666666666666,0.12987950904082932,17
335.9285714285714,1.207142857142857,0.12686597830828922,17
336.0,1.0625,0.14458993740921255,17
336.07142857142856,1.1133333333333333,0.13623043036976049,17
336.1428571428571,1.05625,0.1477522560459456,17
336.2142857142857,1.207142857142857,0.1251216048992294,17
336.2857142857143,1.092857142857143,0.14467253121198972,17
336.35714285714283,1.1333333333333333,0.13685817012571344,17
336.4285714285714,1.1846153846153846,0.1295189095421749,17
336.5,1.0333333333333334,0.15264857451541206,17
336.57142857142856,1.02,0.15061777546396804,17
336.6428571428571,1.1133333333333333,0.13447133405503078,17
336.7142857142857,1.0933333333333333,0.13073661878778833,17
336.7857142857143,1.1785714285714286,0.11914464910239622,17
336.85714285714283,1.0866666666666667,0.13411674611062402,17
336.9285714285714,1.025,0.1450574598794101,17
337.0,1.1642857142857144,0.12025940042630687,17
337.07142857142856,0.9933333333333334,0.15289793254906286,17
337.1428571428571,1.06,0.14922019523732927,17
337.2142857142857,1.1357142857142857,0.13692347379689543,17
337.2857142857143,1.2230769230769232,0.11387906662155106,17
337.35714285714283,1.1500000000000001,0.1333218859554772,17
337.4285714285714,1.0866666666666667,0.14470550279682712,17
337.5,1.0785714285714285,0.15730511103960887,17
337.57142857142856,1.042857142857143,0.1599155978325482,17
337.6428571428571,1.123076923076923,0.15027916166248823,17
337.7142857142857,1.0642857142857143,0.156755266261727,17
337.7857142857143,1.0714285714285714,0.1615272478727274,17
337.85714285714283,1.1307692307692307,0.1545815755866401,17
337.9285714285714,0.9933333333333334,0.1634353422950835,17
338.0,0.98,0.1604161255402129,17
338.07142857142856,1.1076923076923078,0.15544045708951462,17
338.1428571428571,1.0230769230769232,0.1695218941134933,17
338.2142857142857,1.0833333333333333,0.1682500544073636,17
338.2857142857143,0.9357142857142857,0.17244433497688488,17
338.35714285714283,1.0153846153846153,0.17825584963471489,17
338.4285714285714,1.0461538461538462,0.17045015235507954,17
338.5,1.0307692307692309,0.1688515564815224,17
338.57142857142856,1.1,0.17407765595569785,17
338.6428571428571,1.0166666666666666,0.1862034295380114,17
338.7142857142857,1.0833333333333333,0.17702650603337297,17
338.7857142857143,1.075,0.17456656280194338,17
338.85714285714283,1.0,0.18081014266989476,17
338.9285714285714,1.0307692307692309,0.1703633430026931,17
339.0,0.9500000000000001,0.17280809403103017,17
339.07142857142856,1.0666666666666667,0.17159383568311667,17
339.1428571428571,1.075,0.17413204672595362,17
339.2142857142857,1.0818181818181818,0.18772231998749536,17
339.2857142857143,1.0909090909090908,0.18754613757422003,17
339.35714285714283,0.9846153846153847,0.18873606379054306,17
339.4285714285714,1.0307692307692309,0.1773684472361155,17
339.5,1.0538461538461539,0.16314826692911077,17
339.57142857142856,1.1,0.155250005161237,17
339.6428571428571,1.0285714285714287,0.14654578530259033,17
339.7142857142857,1.0769230769230769,0.1511298669568346,17
339.7857142857143,0.9733333333333333,0.15413867184691243,17
339.85714285714283,0.98,0.15467323467170888,17
339.9285714285714,0.9666666666666667,0.1520233900132184,17
340.0,0.9600000000000001,0.15143755588800728,17
340.07142857142856,1.0357142857142858,0.14358331917301875,17
340.1428571428571,1.0692307692307692,0.1586742411133559,17
340.2142857142857,0.9333333333333333,0.14853784724268784,17
340.2857142857143,0.9466666666666667,0.1530224591877709,17
340.35714285714283,0.9600000000000001,0.1530017117862536,17
340.4285714285714,0.9600000000000001,0.1530017117862536,17
340.5,1.0230769230769232,0.15572569825384291,17
340.57142857142856,0.9846153846153847,0.15477285003669494,17
340.6428571428571,1.0214285714285716,0.14456397930684473,17
340.7142857142857,0.9785714285714285,0.16414231677719757,17
340.7857142857143,1.0076923076923077,0.15252639051246622,17
340.85714285714283,0.9642857142857143,0.16022207900188423,17
340.9285714285714,0.9071428571428571,0.14805118127287986,17
341.0,0.9923076923076923,0.14253273958653637,17
341.07142857142856,1.0214285714285716,0.1347274707169146,17
341.1428571428571,1.042857142857143,0.13494577083963735,17
341.2142857142857,1.0642857142857143,0.1377237012877207,17
341.2857142857143,0.9714285714285714,0.15774111891496875,17
341.35714285714283,0.9933333333333334,0.14555858472553787,17
341.4285714285714,1.0266666666666666,0.13397464815854657,17
341.5,1.1071428571428572,0.12065038298181141,17
341.57142857142856,1.092857142857143,0.11457723807583398,17
341.6428571428571,1.1,0.1325296290046213,17
341.7142857142857,1.0266666666666666,0.13432961119739922,17
341.7857142857143,1.0533333333333335,0.13411674611062402,17
341.85714285714283,1.0285714285714287,0.14080950089252237,17
341.9285714285714,1.1153846153846154,0.12549703942066942,17
342.0,1.0923076923076922,0.12007558434839072,17
342.07142857142856,1.123076923076923,0.12150437691485627,17
342.1428571428571,1.1307692307692307,0.1242333491833399,17
342.2142857142857,1.0916666666666666,0.12459530448211079,17
342.2857142857143,1.0666666666666667,0.128976434416992,17
342.35714285714283,1.0799999999999998,0.12954131534360913,17
342.4285714285714,1.1500000000000001,0.11471416939219262,17
342.5,1.0533333333333335,0.12530597472422175,17
342.57142857142856,1.1214285714285714,0.10801840066516721,17
342.6428571428571,1.1428571428571428,0.1067575489336333,17
342.7142857142857,1.123076923076923,0.11160475483497623,17
342.7857142857143,1.0666666666666667,0.12292725943057183,17
342.85714285714283,1.1214285714285714,0.10173147774204049,17
342.9285714285714,1.1285714285714286,0.09968553381254154,17
343.0,1.1214285714285714,0.09954764248348043,17
343.07142857142856,1.1076923076923078,0.1076923076923077,17
343.1428571428571,1.1214285714285714,0.10333907244237102,17
343.2142857142857,1.0416666666666667,0.10692558537637663,17
343.2857142857143,1.1642857142857144,0.10721609218704929,17
343.35714285714283,1.1642857142857144,0.10462236794496341,17
343.4285714285714,1.1583333333333334,0.12337325316274837,17
343.5,1.1307692307692307,0.11287877283618021,17
343.57142857142856,1.123076923076923,0.11387906662155106,17
343.6428571428571,1.1642857142857144,0.10974853517615805,17
343.7142857142857,1.0866666666666667,0.12416067419224582,17
343.7857142857143,1.0933333333333333,0.1285326220094919,17
343.85714285714283,1.0933333333333333,0.1285326220094919,17
343.9285714285714,1.0799999999999998,0.1265663763368756,17
344.0,1.1500000000000001,0.11180339887498951,17
344.07142857142856,1.123076923076923,0.11829658845561307,17
344.1428571428571,1.0416666666666667,0.14896528644505258,17
344.2142857142857,0.9307692307692308,0.14736341585129245,17
344.2857142857143,1.0923076923076922,0.15083593500867368,17
344.35714285714283,1.1357142857142857,0.13970421770955904,17
344.4285714285714,1.1076923076923078,0.1452061039463361,17
344.5,1.1833333333333333,0.12482310715892343,17
344.57142857142856,1.1818181818181819,0.13471733492976512,17
344.6428571428571,1.075,0.15673032233551343,17
344.7142857142857,1.1538461538461537,0.12383580144659743,17
344.7857142857143,1.1615384615384616,0.12275599183164948,17
344.85714285714283,1.0066666666666666,0.14157840387730203,17
344.9285714285714,1.0,0.14040757000349274,17
345.0,1.0571428571428572,0.12740619721772542,17
345.07142857142856,1.0066666666666666,0.14090411013866222,17
345.1428571428571,1.0615384615384615,0.14301625402445478,17
345.2142857142857,0.9785714285714285,0.14569974070910408,17
345.2857142857143,1.0769230769230769,0.14194340067112257,17
345.35714285714283,1.05,0.14796600756234315,17
345.4285714285714,1.075,0.14828565798362417,17
345.5,1.0666666666666667,0.14940961255298243,17
345.57142857142856,1.0818181818181818,0.16885614200915192,17
345.6428571428571,1.1181818181818182,0.17310962465663293,17
345.7142857142857,1.0692307692307692,0.1688515564815224,17
345.7857142857143,1.0384615384615385,0.16468246895724523,17
345.85714285714283,1.0714285714285714,0.15774111891496875,17
345.9285714285714,1.092857142857143,0.16221823779063663,17
346.0,1.0692307692307692,0.17297717923613265,17
346.07142857142856,1.1500000000000001,0.16989301446391597,17
346.1428571428571,1.0866666666666667,0.15518550087730387,17
346.2142857142857,1.1428571428571428,0.14285714285714285,17
346.2857142857143,1.16875,0.12573740824962684,17
346.35714285714283,1.1375,0.12311072252245132,17
346.4285714285714,1.1785714285714286,0.10903098230338389,17
346.5,1.2285714285714284,0.11833486264590597,17
346.57142857142856,1.1625,0.1271072381888616,17
346.6428571428571,1.2428571428571427,0.12257058325997612,17
346.7142857142857,1.22,0.10963141711684485,17
346.7857142857143,1.1928571428571428,0.11067439905400646,17
346.85714285714283,1.13125,0.1213530489934225,17
346.9285714285714,1.1400000000000001,0.12828539611796372,17
347.0,1.0666666666666667,0.1491776399262579,17
347.07142857142856,1.2285714285714284,0.10915689455784891,17
347.1428571428571,1.207142857142857,0.10917487016843729,17
347.2142857142857,1.06875,0.13654021080497375,17
347.2857142857143,1.1375,0.11932972527133939,17
347.35714285714283,1.2133333333333334,0.10367837937200962,17
347.4285714285714,1.1928571428571428,0.11409668433042315,17
347.5,1.2076923076923078,0.12375613865196097,17
347.57142857142856,1.2071428571428573,0.11741926649586515,17
347.6428571428571,1.25,0.11940787979962526,17
347.7142857142857,1.0466666666666666,0.15271095219608485,17
347.7857142857143,1.1142857142857143,0.1425270912582698,17
347.85714285714283,0.975,0.15824558972264177,17
347.9285714285714,1.0285714285714287,0.17142857142857143,17
348.0,0.976923076923077,0.17252047301542925,17
348.07142857142856,0.9642857142857143,0.18504740790163637,17
348.1428571428571,0.9714285714285714,0.186767932463114,17
348.2142857142857,1.0416666666666667,0.2013057125344184,17
348.2857142857143,1.0307692307692309,0.18270917600938277,17
348.35714285714283,1.05,0.16829787825215095,17
348.4285714285714,1.042857142857143,0.1679594030338996,17
348.5,1.0285714285714287,0.1675382755771334,17
348.57142857142856,0.9214285714285715,0.17795497993105053,17
348.6428571428571,1.0571428571428572,0.16828621802570176,17
348.7142857142857,1.0538461538461539,0.18067373364054168,17
348.7857142857143,1.0692307692307692,0.18305968460104136,17
348.85714285714283,0.9785714285714285,0.18521700116248302,17
348.9285714285714,0.92,0.1849581677286078,17
349.0,0.9266666666666666,0.1860534144160569,17
349.07142857142856,0.92,0.1877688548645458,17
349.1428571428571,0.9266666666666666,0.18909978889128926,17
349.2142857142857,0.9333333333333333,0.18965298301965614,17
349.2857142857143,0.9928571428571429,0.1888264176765499,17
349.35714285714283,1.0615384615384615,0.18346328548326934,17
349.4285714285714,0.9857142857142858,0.18630506203039027,17
349.5,1.0571428571428572,0.17532208530295448,17
349.57142857142856,1.0,0.17835224643811978,17
349.6428571428571,0.9866666666666667,0.1788499415356393,17
349.7142857142857,1.0066666666666666,0.17954086062765945,17
349.7857142857143,1.0857142857142856,0.1772367705681986,17
349.85714285714283,1.0866666666666667,0.16528954873383533,17
349.9285714285714,1.0714285714285714,0.17523252101342987,17
350.0,1.1,0.16733200530681513,17
350.07142857142856,1.0571428571428572,0.1743793659390529,17
350.1428571428571,1.05,0.17056789438052694,17
350.2142857142857,0.9857142857142858,0.1827317564613941,17
350.2857142857143,0.9857142857142858,0.1851216240707366,17
350.35714285714283,0.9785714285714285,0.18551341630597326,17
350.4285714285714,1.0533333333333335,0.16001984003975636,17
350.5,1.04,0.16148123877463436,17
350.57142857142856,1.04,0.16177585905019504,17
350.6428571428571,1.0266666666666666,0.15960268128391789,17
350.7142857142857,1.04,0.16177585905019504,17
350.7857142857143,0.9533333333333334,0.17123269232431906,17
350.85714285714283,1.0466666666666666,0.16208953042382435,17
350.9285714285714,1.0266666666666666,0.16049526522215588,17
351.0,0.9285714285714286,0.1801795720356886,17
351.07142857142856,0.9357142857142857,0.18385587488996416,17
351.1428571428571,0.88,0.1836663641860788,17
351.2142857142857,0.9285714285714286,0.17987436745982954,17
351.2857142857143,0.8384615384615385,0.17079694854749627,17
351.35714285714283,0.8923076923076922,0.19264073725179517,17
351.4285714285714,0.9357142857142857,0.18023401846730502,17
351.5,0.9285714285714286,0.17987436745982954,17
351.57142857142856,0.9142857142857144,0.18061468392751312,17
351.6428571428571,0.9357142857142857,0.18053861504609742,17
351.7142857142857,0.9666666666666667,0.17200959736974442,17
351.7857142857143,0.9571428571428572,0.18507921847538683,17
351.85714285714283,0.9428571428571428,0.18448451667194118,17
351.9285714285714,0.9187500000000001,0.17682824764914307,17
352.0,0.93125,0.17623817927263472,17
352.07142857142856,1.0066666666666668,0.17740635803999777,17
352.1428571428571,1.0,0.1767430203377074,17
352.2142857142857,1.0133333333333334,0.18149292696874594,17
352.2857142857143,0.9500000000000001,0.18073922282301277,17
352.35714285714283,1.06,0.1632409845829749,17
352.4285714285714,0.99375,0.17040851651252648,17
352.5,1.06,0.16498196149593938,17
352.57142857142856,1.0357142857142858,0.17148579630963542,17
352.6428571428571,0.9857142857142858,0.1550813834049945,17
352.7142857142857,1.06,0.16382336597108252,17
352.7857142857143,1.06,0.16382336597108252,17
352.85714285714283,1.0,0.16683325008322933,17
352.9285714285714,0.9437500000000001,0.1807320184693349,17
353.0,0.9642857142857143,0.18652612074603694,17
353.07142857142856,0.9,0.18618986725025255,17
353.1428571428571,1.0933333333333335,0.16831565206527507,17
353.2142857142857,1.0933333333333333,0.1640170335714779,17
353.2857142857143,1.1,0.16503967776899967,17
353.35714285714283,1.0933333333333333,0.16401703357147787,17
353.4285714285714,1.0733333333333335,0.16138291249213604,17
353.5,1.0866666666666667,0.16179548132682128,17
353.57142857142856,1.0866666666666667,0.16238304704695614,17
353.6428571428571,1.0933333333333333,0.16197197484417059,17
353.7142857142857,1.0866666666666667,0.16031714600000618,17
353.7857142857143,1.1,0.17097008285302207,17
353.85714285714283,1.1071428571428572,0.17524371905293476,17
353.9285714285714,1.1,0.17352201621088348,17
354.0,1.0230769230769232,0.17400038540844665,17
354.07142857142856,1.0333333333333334,0.17959389815349588,17
354.1428571428571,1.1,0.17320508075688773,17
354.2142857142857,1.0571428571428572,0.16893795132288733,17
354.2857142857143,1.0642857142857143,0.17403016754307468,17
354.35714285714283,1.1714285714285713,0.15563714189487562,17
354.4285714285714,1.1500000000000001,0.1536193382973026,17
354.5,1.1333333333333333,0.1429840705968481,17
354.57142857142856,1.1266666666666665,0.14523106930703047,17
354.6428571428571,1.12,0.14249477851753695,17
354.7142857142857,1.0785714285714285,0.14794510840862843,17
354.7857142857143,1.0799999999999998,0.1377368090650737,17
354.85714285714283,1.0642857142857143,0.1473603428458351,17
354.9285714285714,1.1133333333333333,0.13934085192746962,17
355.0,1.1,0.15118578920369088,17
355.07142857142856,1.0866666666666667,0.13865567722021635,17
355.1428571428571,1.0785714285714287,0.14979053925896446,17
355.2142857142857,1.1,0.15045717874984443,17
355.2857142857143,1.125,0.16838133129083144,17
355.35714285714283,1.1083333333333334,0.16535468459397126,17
355.4285714285714,1.2181818181818183,0.143221495224058,17
355.5,1.1,0.16012815380508713,17
355.57142857142856,1.1,0.16092680291808414,17
355.6428571428571,1.0769230769230769,0.15613679330911107,17
355.7142857142857,1.1153846153846154,0.1604665289191271,17
355.7857142857143,1.1,0.15932550136313828,17
355.85714285714283,1.1,0.16369139193883042,17
355.9285714285714,1.1428571428571428,0.15538477081609336,17
356.0,1.1500000000000001,0.1561029527847948,17
356.07142857142856,1.1307692307692307,0.16539952228584756,17
356.1428571428571,1.0733333333333335,0.16517427064328052,17
356.2142857142857,1.0799999999999998,0.16364886917101623,17
356.2857142857143,1.0799999999999998,0.1656732297253212,17
356.35714285714283,1.1357142857142857,0.1549927835459909,17
356.4285714285714,1.1285714285714286,0.15386185163241442,17
356.5,1.1833333333333333,0.1429310775489114,17
356.57142857142856,1.1076923076923078,0.16229979322132365,17
356.6428571428571,1.1076923076923078,0.158300889440436,17
356.7142857142857,1.0533333333333335,0.15701582166765315,17
356.7857142857143,1.0266666666666666,0.15506271132817345,17
356.85714285714283,1.1133333333333333,0.13552953172004234,17
356.9285714285714,1.1357142857142857,0.14472677663242317,17
357.0,1.0533333333333335,0.149241468342468,17
357.07142857142856,1.0466666666666666,0.1530224591877709,17
357.1428571428571,1.1142857142857143,0.14708043058552858,17
357.2142857142857,1.04,0.1511227819956185,17
357.2857142857143,1.1071428571428572,0.14198912112571646,17
357.35714285714283,1.0466666666666666,0.15114378731672848,17
357.4285714285714,1.0333333333333334,0.14917763992625788,17
357.5,1.1,0.14180934422628894,17
357.57142857142856,1.0466666666666666,0.14763747964803986,17
357.6428571428571,1.04,0.1482597463270202,17
357.7142857142857,1.2692307692307692,0.09014561964742022,17
357.7857142857143,1.0857142857142856,0.14670638347166212,17
357.85714285714283,1.1,0.14824986333222023,17
357.9285714285714,1.0266666666666666,0.15227377182989063,17
358.0,1.0785714285714285,0.14265095009700876,17
358.07142857142856,1.1615384615384614,0.13035378956382096,17
358.1428571428571,1.0266666666666666,0.15413867184691243,17
358.2142857142857,1.092857142857143,0.14842183931681094,17
358.2857142857143,1.0785714285714285,0.14265095009700873,17
358.35714285714283,1.0857142857142856,0.15040500008389177,17
358.4285714285714,1.1500000000000001,0.12347976655004149,17
358.5,1.04,0.1557776192739723,17
358.57142857142856,1.0,0.16541655709945532,17
358.6428571428571,1.0692307692307692,0.16068148752711076,17
358.7142857142857,1.0692307692307692,0.15826973704626632,17
358.7857142857143,1.0857142857142859,0.1485672019686207,17
358.85714285714283,0.9857142857142858,0.15893088651233944,17
358.9285714285714,1.0692307692307692,0.14866267761605914,17
359.0,1.1500000000000001,0.13734495390671025,17
359.07142857142856,1.1583333333333334,0.13787254398116539,17
359.1428571428571,1.0538461538461539,0.1504759051397047,17
359.2142857142857,1.0538461538461539,0.1546772423780069,17
359.2857142857143,1.0615384615384615,0.1550593193101626,17
359.35714285714283,1.0714285714285714,0.1423617785122176,17
359.4285714285714,1.0,0.1467099503231104,17
359.5,1.0,0.1467099503231104,17
359.57142857142856,0.9666666666666667,0.16609425513033732,17
359.6428571428571,0.9466666666666668,0.16179548132682128,17
359.7142857142857,0.9333333333333333,0.15966234212256658,17
359.7857142857143,1.0142857142857142,0.1633633928276759,17
359.85714285714283,1.0285714285714287,0.1635554721330906,17
359.9285714285714,0.9533333333333334,0.1609101099746796,17
360.0,1.0692307692307692,0.1499506822278302,17
360.07142857142856,1.0923076923076922,0.15294608504622298,17
360.1428571428571,1.0833333333333333,0.16643923876904812,17
360.2142857142857,1.0071428571428571,0.1605157503874588,17
360.2857142857143,1.0,0.16001373567414645,17
360.3571428571428,0.9357142857142857,0.1752885040572572,17
360.4285714285714,0.9076923076923078,0.18758298623766032,17
360.5,0.9153846153846155,0.19176847480489093,17
360.57142857142856,0.9249999999999999,0.20491128900974775,17
360.6428571428571,0.8923076923076922,0.18655498208630847,17
360.7142857142857,0.8999999999999999,0.1887883090687176,17
360.7857142857143,0.8285714285714285,0.18109209952020058,17
360.8571428571428,0.9769230769230769,0.1717757356353254,17
360.9285714285714,0.9692307692307692,0.1688515564815224,17
361.0,0.9230769230769231,0.16058939764227428,17
361.07142857142856,0.9,0.17709781580707415,17
361.1428571428571,0.9923076923076923,0.16850075647001253,17
361.2142857142857,0.9066666666666666,0.15719768163402129,17
361.2857142857143,0.9428571428571428,0.15324844645943134,17
361.3571428571428,0.9500000000000001,0.15992786835609069,17
361.4285714285714,0.9846153846153847,0.16864701181954203,17
361.5,1.0357142857142858,0.14048860688902887,17
361.57142857142856,1.0769230769230769,0.14595127662315596,17
361.6428571428571,1.0769230769230769,0.14813102574732492,17
361.7142857142857,1.0923076923076922,0.14826411744151063,17
361.7857142857143,0.9923076923076923,0.16735557817518687,17
361.8571428571428,1.0153846153846153,0.17166087388016457,17
361.9285714285714,0.9833333333333334,0.1808369989853299,17
362.0,0.9923076923076923,0.1688807569238473,17
362.07142857142856,1.0076923076923077,0.17151718851650843,17
362.1428571428571,1.0,0.16908501882113505,17
362.2142857142857,0.9769230769230769,0.16531006071491844,17
362.2857142857143,1.0,0.17059473644448733,17
362.3571428571428,0.9923076923076923,0.17039228436755022,17
362.4285714285714,0.9769230769230769,0.16685393818064506,17
362.5,0.9846153846153847,0.16864701181954203,17
362.57142857142856,1.0076923076923077,0.1707680757641698,17
362.6428571428571,1.0833333333333333,0.16275717799808093,17
362.7142857142857,0.9923076923076923,0.16963820417459582,17
362.7857142857143,0.9769230769230769,0.16608379339953758,17
362.8571428571428,1.0,0.16984155512168936,17
362.9285714285714,1.0,0.17246329970051524,17
363.0,0.9923076923076923,0.1707680757641698,17
363.07142857142856,1.0,0.17097008285302207,17
363.1428571428571,0.9923076923076923,0.17226304366583609,17
363.2142857142857,0.9923076923076923,0.1718905206368653,17
363.2857142857143,0.9769230769230769,0.1664693111603019,17
363.3571428571428,0.9769230769230769,0.1668539381806451,17
363.4285714285714,0.9846153846153847,0.17166087388016457,17
363.5,1.0076923076923077,0.17594489903111438,17
363.57142857142856,0.9692307692307692,0.17036334300269307,17
363.6428571428571,0.9615384615384616,0.17042122081751135,17
363.7142857142857,0.9666666666666667,0.18963015572317593,17
363.7857142857143,1.0166666666666666,0.16275717799808087,17
363.8571428571428,1.0166666666666666,0.16275717799808087,17
363.9285714285714,1.0166666666666666,0.16368545840400514,17
364.0,1.0250000000000001,0.16242713984299473,17
364.07142857142856,1.0416666666666667,0.16070787224657104,17
364.1428571428571,1.0583333333333333,0.1653546845939713,17
364.2142857142857,1.0666666666666667,0.1657550828021496,17
364.2857142857143,0.9923076923076923,0.17337581030130222,17
364.3571428571428,0.9833333333333334,0.1886287573007045,17
364.4285714285714,0.9923076923076923,0.1711430420098999,17
364.5,1.0833333333333333,0.16506809124562732,17
364.57142857142856,1.2083333333333333,0.13621414364629295,17
364.6428571428571,1.1916666666666667,0.12759923846389387,17
364.7142857142857,1.1727272727272728,0.13422566418394,17
364.7857142857143,1.2166666666666666,0.1284130016388488,17
364.8571428571428,1.123076923076923,0.15155342891071671,17
364.9285714285714,1.1285714285714286,0.13805102235177574,17
365.0,1.2166666666666666,0.12421470496399742,17
365.07142857142856,1.2307692307692308,0.11568337390492901,17
365.1428571428571,1.2076923076923076,0.11627858813716135,17
365.2142857142857,1.3333333333333333,0.059458839001056314,17
365.2857142857143,1.2384615384615385,0.11521354840338957,17
365.3571428571428,1.2230769230769232,0.11555542912044871,17
365.4285714285714,1.2384615384615385,0.119044519542632,17
365.5,1.2384615384615385,0.11904451954263201,17
365.57142857142856,1.2153846153846155,0.11482771590191324,17
365.6428571428571,1.1923076923076923,0.11627858813716135,17
365.71428571428567,1.1428571428571428,0.1440063665084862,17
365.7857142857143,1.1428571428571428,0.1416985989190994,17
365.8571428571428,1.2307692307692308,0.12109787066698943,17
365.9285714285714,1.2230769230769232,0.12255498303160794,17
366.0,1.276923076923077,0.12255498303160796,17
366.07142857142856,1.2846153846153845,0.12447126835917918,17
366.1428571428571,1.2846153846153845,0.1234369733529324,17
366.21428571428567,1.4000000000000001,0.06030226891555273,17
366.2857142857143,1.2642857142857142,0.11888083555066599,17
366.3571428571428,1.2857142857142858,0.1230818287876322,17
366.4285714285714,1.2642857142857142,0.11980164139528603,17
366.5,1.2857142857142858,0.11899632594621153,17
366.57142857142856,1.1866666666666668,0.14070119188132485,17
366.6428571428571,1.276923076923077,0.1301645143230467,17
366.71428571428567,1.2714285714285716,0.12108872935482515,17
366.7857142857143,1.2714285714285716,0.12598123505330983,17
366.8571428571428,1.2857142857142858,0.12746779074185408,17
366.9285714285714,1.2714285714285716,0.12422443860205956,17
367.0,1.2714285714285716,0.12814336555205602,17
367.07142857142856,1.2857142857142858,0.13002837511847082,17
367.1428571428571,1.2714285714285716,0.12728292075226602,17
367.21428571428567,1.2857142857142858,0.1261680123761121,17
367.2857142857143,1.3846153846153846,0.08759328642327549,17
367.3571428571428,1.2846153846153845,0.13720943837898372,17
367.4285714285714,1.2,0.15828753916510627,17
367.5,1.3083333333333333,0.1448396884611927,17
367.57142857142856,1.2846153846153845,0.1309952797378954,17
367.6428571428571,1.2538461538461538,0.12890832789999407,17
367.71428571428567,1.2428571428571427,0.12566932262856162,17
367.7857142857143,1.2642857142857142,0.1299226916611461,17
367.8571428571428,1.2714285714285716,0.12378134365124153,17
367.9285714285714,1.25,0.1203246524118062,17
368.0,1.25,0.12436652671451817,17
368.07142857142856,1.25,0.12436652671451817,17
368.1428571428571,1.2692307692307692,0.1331976627310028,17
368.21428571428567,1.2846153846153845,0.13245519505940434,17
368.2857142857143,1.2785714285714285,0.12142857142857143,17
368.3571428571428,1.2857142857142858,0.12308182878763219,17
368.4285714285714,1.3214285714285714,0.12455572539395547,17
368.5,1.330769230769231,0.13415672779779708,17
368.57142857142856,1.3,0.142488702369803,17
368.6428571428571,1.2642857142857142,0.14623747916991642,17
368.71428571428567,1.3499999999999999,0.14061552998416382,17
368.7857142857143,1.3,0.12403473458920845,17
368.8571428571428,1.1538461538461537,0.14079234782863945,17
368.9285714285714,1.3,0.13200091827045152,17
369.0,1.2692307692307692,0.12526106859563318,17
369.07142857142856,1.169230769230769,0.1393136175098064,17
369.1428571428571,1.2266666666666666,0.1285326220094919,17
369.21428571428567,1.157142857142857,0.15573797581662596,17
369.2857142857143,1.1384615384615384,0.16890995231812259,17
369.3571428571428,1.2307692307692308,0.16068148752711076,17
369.4285714285714,1.2307692307692308,0.15786419649967864,17
369.5,1.2230769230769232,0.1419434006711226,17
369.57142857142856,1.2571428571428573,0.13453799075953907,17
369.6428571428571,1.2571428571428573,0.13371870003045047,17
369.71428571428567,1.25,0.1333218859554772,17
369.7857142857143,1.330769230769231,0.13223164182823913,17
369.8571428571428,1.3166666666666667,0.14451241601965692,17
369.9285714285714,1.2461538461538462,0.15090130269755309,17
370.0,1.2461538461538462,0.15217036025597735,17
370.07142857142856,1.2615384615384615,0.15381409922473163,17
370.1428571428571,1.2416666666666667,0.16258253537228654,17
370.21428571428567,1.3583333333333334,0.14743171677461778,17
370.2857142857143,1.1928571428571428,0.15635416465117793,17
370.3571428571428,1.276923076923077,0.15448584955273914,17
370.4285714285714,1.092857142857143,0.17239881112842087,17
370.5,1.12,0.16653327995729061,17
370.57142857142856,1.12,0.1659604083595155,17
370.6428571428571,1.1857142857142857,0.16470324391380392,17
370.71428571428567,1.2642857142857142,0.15815111109424862,17
370.7857142857143,1.25,0.14363797593905356,17
370.8571428571428,1.1733333333333333,0.15289793254906286,17
370.9285714285714,1.25,0.140152977645347,17
371.0,1.2642857142857142,0.1428159281206433,17
371.07142857142856,1.2923076923076924,0.13467031846162766,17
371.1428571428571,1.2142857142857142,0.14782568545758448,17
371.21428571428567,1.1466666666666667,0.1433831585603071,17
371.2857142857143,1.16,0.14269514624507998,17
371.3571428571428,1.16,0.14435406207687834,17
371.4285714285714,1.0875,0.14744349200060794,17
371.5,1.1357142857142857,0.14472677663242317,17
371.57142857142856,1.2142857142857142,0.14708043058552858,17
371.6428571428571,1.16,0.15269016246728445,17
371.71428571428567,1.125,0.1467707963685783,17
371.7857142857143,1.1866666666666668,0.13796709982789604,17
371.8571428571428,1.2642857142857142,0.13202028767552276,17
371.9285714285714,1.25,0.1287087179096042,17
372.0,1.2357142857142858,0.141657047107761,17
372.07142857142856,1.1666666666666667,0.14789528685193412,17
372.1428571428571,1.2133333333333334,0.13411674611062405,17
372.21428571428567,1.2461538461538462,0.13426694832395944,17
372.2857142857143,1.2066666666666668,0.1285326220094919,17
372.3571428571428,1.2357142857142858,0.13490213907554824,17
372.4285714285714,1.1933333333333331,0.13037187348820833,17
372.5,1.2333333333333334,0.12408394495995603,17
372.57142857142856,1.22,0.12618957771468103,17
372.6428571428571,1.20625,0.11883768692352327,17
372.71428571428567,1.24,0.12489995996796796,17
372.7857142857143,1.1705882352941175,0.12058823529411765,17
372.8571428571428,1.2533333333333334,0.12105357596522398,17
372.9285714285714,1.1733333333333333,0.12284975983722352,17
373.0,1.2533333333333334,0.121053575965224,17
373.07142857142856,1.2,0.11726039399558576,17
373.1428571428571,1.2533333333333334,0.11946972785193692,17
373.21428571428567,1.26,0.11824107738409853,17
373.2857142857143,1.2466666666666666,0.11664625671811851,17
373.3571428571428,1.2285714285714284,0.12641661953812644,17
373.4285714285714,1.2692307692307692,0.11678635731299213,17
373.5,1.2,0.12043875831929898,17
373.57142857142856,1.1428571428571428,0.12783672867909307,17
373.6428571428571,1.1076923076923078,0.13323467750529824,17
373.71428571428567,1.1214285714285714,0.12322523442357136,17
373.7857142857143,1.1692307692307693,0.13076923076923075,17
373.8571428571428,1.2,0.1190622701607196,17
373.9285714285714,1.2,0.11952286093343938,17
374.0,1.1466666666666667,0.12831014014290554,17
374.07142857142856,1.1294117647058823,0.11718659890080316,17
374.1428571428571,1.1352941176470588,0.11502594862956571,17
374.21428571428567,1.1235294117647059,0.11263208316980358,17
374.2857142857143,1.1352941176470588,0.11470588235294117,17
374.3571428571428,1.11875,0.1291700268380143,17
374.4285714285714,1.11875,0.12787322823797012,17
374.5,1.125,0.12499999999999999,17
374.57142857142856,1.1071428571428572,0.15207874106885005,17
374.6428571428571,1.0866666666666667,0.1260637279000724,17
374.71428571428567,1.0857142857142856,0.1390142465847734,17
374.7857142857143,1.1066666666666667,0.12741632797612962,17
374.8571428571428,1.0933333333333333,0.12553378094652515,17
374.9285714285714,1.0933333333333333,0.12553378094652515,17
375.0,1.1400000000000001,0.13444772395317997,17
375.07142857142856,1.092857142857143,0.1352507990731349,17
375.1428571428571,1.1071428571428572,0.13646409410387714,17
375.21428571428567,1.1214285714285714,0.13634900735002628,17
375.2857142857143,1.06,0.13444772395317994,17
375.3571428571428,1.0857142857142859,0.13459632069540747,17
375.4285714285714,1.0375,0.11862932464895291,17
375.5,1.0866666666666667,0.12377655238628568,17
375.57142857142856,1.0375,0.12174940109366726,17
375.6428571428571,1.0375,0.12209115447074781,17
375.71428571428567,1.0666666666666667,0.1244671181158441,17
375.7857142857143,1.06,0.12451811878101077,17
375.8571428571428,1.0133333333333334,0.12756573157794326,17
375.9285714285714,1.0357142857142858,0.135308821726629,17
376.0,1.00625,0.1184865498695949,17
376.07142857142856,1.0071428571428571,0.12686597830828922,17
376.1428571428571,1.0384615384615385,0.13612704357367955,17
376.21428571428567,1.0133333333333332,0.13196921237877043,17
376.2857142857143,1.0285714285714287,0.13026961535392048,17
376.3571428571428,1.0333333333333334,0.12331402680291162,17
376.4285714285714,1.0333333333333334,0.124083944959956,17
376.5,1.0588235294117647,0.10256232808330995,17
376.57142857142856,1.0866666666666667,0.10135588721438865,17
376.6428571428571,1.1214285714285714,0.10699623667438203,17
376.71428571428567,1.0533333333333335,0.11907047399661169,17
376.7857142857143,1.025,0.11919871363959147,17
376.8571428571428,1.06,0.12142016777643301,17
376.9285714285714,1.011764705882353,0.10910139406465533,17
377.0,1.06875,0.1035691194323868,17
377.07142857142856,1.1066666666666667,0.11566234381931649,17
377.1428571428571,1.06875,0.11751551316031994,17
377.21428571428567,1.0666666666666667,0.11366897079077878,17
377.2857142857143,1.03125,0.11644696575408625,17
377.3571428571428,1.0866666666666667,0.11986765188429264,17
377.4285714285714,1.0058823529411764,0.12080325163478148,17
377.5,1.05625,0.11795788443338578,17
377.57142857142856,1.06875,0.12271876724174396,17
377.6428571428571,1.0857142857142856,0.13170777796132696,17
377.71428571428567,1.0357142857142858,0.13772370128772074,17
377.7857142857143,1.0375,0.12412191587306405,17
377.8571428571428,1.04375,0.1290893585854388,17
377.9285714285714,1.0733333333333335,0.12400716825158847,17
378.0,1.092857142857143,0.12729833683913322,17
378.07142857142856,1.0642857142857143,0.1469870080440852,17
378.1428571428571,1.1153846153846154,0.1488615575412587,17
378.21428571428567,1.1384615384615384,0.1434637725817654,17
378.2857142857143,1.1076923076923078,0.13796206207502157,17
378.3571428571428,1.0666666666666667,0.1304449041391538,17
378.4285714285714,1.12,0.1258116506074514,17
378.5,1.1384615384615384,0.1342302182047319,17
378.57142857142856,1.146153846153846,0.13663322821793547,17
378.6428571428571,1.0733333333333335,0.12963930424971126,17
378.71428571428567,1.1307692307692307,0.1529138417476574,17
378.7857142857143,1.0799999999999998,0.1335236736634048,17
378.8571428571428,1.1071428571428572,0.13885888390352447,17
378.9285714285714,1.1285714285714286,0.13604644141953856,17
379.0,1.1285714285714286,0.1438973120691354,17
379.07142857142856,1.1133333333333333,0.13623043036976049,17
379.1428571428571,1.157142857142857,0.1353523223937958,17
379.21428571428567,1.0857142857142856,0.1390142465847734,17
379.2857142857143,1.0923076923076922,0.15041035257499966,17
379.3571428571428,1.1500000000000001,0.13207972950099098,17
379.4285714285714,1.0933333333333333,0.13000610486276137,17
379.5,1.0799999999999998,0.12618957771468103,17
379.57142857142856,1.0799999999999998,0.12694205652298893,17
379.6428571428571,1.1400000000000001,0.1282853961179637,17
379.71428571428567,1.1466666666666667,0.12756573157794326,17
379.7857142857143,1.1428571428571428,0.13575765645916307,17
379.8571428571428,1.175,0.15031532513252588,17
379.9285714285714,1.176923076923077,0.1405820529422851,17
380.0,1.1333333333333333,0.12446711811584411,17
380.07142857142856,1.1266666666666665,0.12089612490015143,17
380.1428571428571,1.1066666666666667,0.1205015971704729,17
380.21428571428567,1.12,0.12390472530287516,17
380.2857142857143,1.1066666666666667,0.1189103971050578,17
380.3571428571428,1.1,0.12752935451783742,17
380.4285714285714,1.1428571428571428,0.12435074716402461,17
380.5,1.0933333333333333,0.12168134288521477,17
380.57142857142856,1.0866666666666667,0.11907047399661169,17
380.6428571428571,1.08125,0.11299658918156189,17
380.71428571428567,1.075,0.11236102527122116,17
380.7857142857143,1.1,0.11422617496711973,17
380.8571428571428,1.1384615384615384,0.12170712088518788,17
380.9285714285714,1.123076923076923,0.12307692307692308,17
381.0,1.00625,0.1249895828992694,17
381.07142857142856,1.0466666666666666,0.13411674611062402,17
381.1428571428571,1.1,0.11143420667632724,17
381.21428571428567,1.1400000000000001,0.11372481406154653,17
381.2857142857143,1.1533333333333333,0.11291238350688709,17
381.3571428571428,1.2,0.12810252304406972,17
381.4285714285714,1.1142857142857143,0.1463313802348774,17
381.5,1.1266666666666665,0.14090411013866222,17
381.57142857142856,1.1533333333333333,0.11986765188429264,17
381.6428571428571,1.1266666666666665,0.11810675827066947,17
381.71428571428567,1.125,0.11636866703140784,17
381.7857142857143,1.125,0.1202428099028517,17
381.8571428571428,1.1285714285714286,0.13194594773625615,17
381.9285714285714,1.0846153846153845,0.16441276770799867,17
382.0,1.0857142857142859,0.15578836830324377,17
382.07142857142856,1.05625,0.13539102321301316,17
382.1428571428571,1.04,0.14202615453298933,17
382.21428571428567,1.0785714285714285,0.14942327643844935,17
382.2857142857143,1.0866666666666667,0.14103922678483274,17
382.3571428571428,1.0461538461538462,0.1575515319097234,17
382.4285714285714,1.0461538461538462,0.1575515319097234,17
382.5,1.05,0.1440199925071455,17
382.57142857142856,1.0375,0.13443554837418065,17
382.6428571428571,0.9933333333333334,0.13503673809345604,17
382.71428571428567,1.0,0.12909944487358055,17
382.7857142857143,1.05,0.14553803173507152,17
382.8571428571428,1.0214285714285716,0.13308617856943913,17
382.9285714285714,0.98,0.14415600015591576,17
383.0,0.975,0.13022416570411705,17
383.07142857142856,1.0142857142857142,0.14329602912266406,17
383.1428571428571,1.0384615384615385,0.15629461887584728,17
383.21428571428567,0.9923076923076923,0.16697210670691665,17
383.2857142857143,0.9692307692307692,0.1602820492310974,17
383.3571428571428,0.9846153846153847,0.15268794800984006,17
383.4285714285714,0.9357142857142857,0.15140628075622647,17
383.5,0.9692307692307692,0.1503775655767736,17
383.57142857142856,1.0,0.13907069907302308,17
383.6428571428571,0.925,0.13181426326464066,17
383.71428571428567,0.94,0.14169047419001204,17
383.7857142857143,0.9466666666666667,0.12978614889287857,17
383.8571428571428,0.9928571428571429,0.13846262863690834,17
383.9285714285714,0.9133333333333333,0.14137645344010294,17
384.0,0.9357142857142857,0.14810418921631585,17
384.07142857142856,0.9571428571428572,0.1416985989190994,17
384.1428571428571,0.9285714285714286,0.1502483553615613,17
384.21428571428567,0.8375,0.14108951059522462,17
384.2857142857143,0.8866666666666667,0.14892205269125786,17
384.3571428571428,0.8857142857142858,0.1554352778126543,17
384.4285714285714,0.8714285714285713,0.15528370753983026,17
384.5,0.8928571428571429,0.1461837943372814,17
384.57142857142856,0.88,0.14612453918620566,17
384.6428571428571,0.9199999999999999,0.13280849083584692,17
384.71428571428567,0.9266666666666666,0.13254529025300738,17
384.7857142857143,0.92,0.13316656236958785,17
384.8571428571428,0.8642857142857142,0.15918996284318837,17
384.9285714285714,0.8714285714285713,0.15457441446609244,17
385.0,0.8642857142857142,0.1542821529910513,17
385.07142857142856,0.8916666666666666,0.17729376979488254,17
385.1428571428571,0.85,0.17901244243195652,17
385.21428571428567,0.8857142857142858,0.1633633928276759,17
385.2857142857143,0.8533333333333333,0.1498782574741649,17
385.3571428571428,0.9,0.18090680674665816,17
385.4285714285714,0.8692307692307693,0.16617283842071437,17
385.5,0.8636363636363636,0.19875646462795862,17
385.57142857142856,0.7714285714285715,0.17174878518327555,17
385.6428571428571,0.7727272727272727,0.21066600411375394,17
385.71428571428567,0.85,0.19981051630042504,17
385.7857142857143,0.8200000000000001,0.16936857526033064,17
385.8571428571428,0.7933333333333333,0.16603690544048927,17
385.9285714285714,0.9,0.170003232031332,17
386.0,0.9214285714285715,0.16547586106905837,17
386.07142857142856,0.9818181818181817,0.20037155569236492,17
386.1428571428571,0.8923076923076922,0.17300568334429942,17
386.21428571428567,0.8428571428571429,0.1679594030338996,17
386.2857142857143,0.8733333333333333,0.1584047458003184,17
386.3571428571428,0.75,0.1784395117137999,17
386.4285714285714,0.75,0.17751334882478279,17
386.5,0.75,0.20094473837049798,17
386.57142857142856,0.75,0.17782260576450654,17
386.6428571428571,0.8615384615384615,0.17669997081046207,17
386.71428571428567,0.8357142857142856,0.1721254151940671,17
386.7857142857143,0.8307692307692308,0.18200613380218084,17
386.8571428571428,0.8307692307692308,0.18235799370968764,17
386.9285714285714,0.8384615384615385,0.18520205927942923,17
387.0,0.8461538461538461,0.1855744320279203,17
387.07142857142856,0.8307692307692308,0.18094644886540873,17
387.1428571428571,0.8692307692307693,0.17555210176447633,17
387.21428571428567,0.8357142857142856,0.1724443349768849,17
387.2857142857143,0.8357142857142856,0.1777784591387606,17
387.3571428571428,0.8357142857142857,0.1692280933140801,17
387.4285714285714,0.7571428571428571,0.17688211934626688,17
387.5,0.7833333333333333,0.20294548205581883,17
387.57142857142856,0.7846153846153846,0.18668709383863996,17
387.6428571428571,0.7538461538461539,0.19235896752319026,17
387.71428571428567,0.8076923076923077,0.18996002901472236,17
387.7857142857143,0.6714285714285715,0.18048426050172356,17
387.8571428571428,0.6714285714285715,0.1801795720356886,17
387.9285714285714,0.6333333333333333,0.19591793788175288,17
388.0,0.8846153846153846,0.17968853174817417,17
388.07142857142856,0.8769230769230769,0.1769230769230769,17
388.1428571428571,0.875,0.19192999039264605,17
388.21428571428567,0.9153846153846155,0.18216861513238358,17
388.2857142857143,0.8571428571428571,0.17184016522974263,17
388.3571428571428,0.8461538461538461,0.18763555257923795,17
388.4285714285714,0.8916666666666666,0.19712260964263648,17
388.5,0.9076923076923078,0.18026388721408002,17
388.57142857142856,0.9923076923076923,0.16542933205851207,17
388.6428571428571,0.9846153846153847,0.16402241632532794,17
388.71428571428567,0.85,0.1734236361507784,17
388.7857142857143,0.9166666666666666,0.1668937846462095,17
388.8571428571428,0.8666666666666667,0.17509016436272387,17
388.9285714285714,0.7909090909090909,0.17707448122421945,17
389.0,0.8833333333333333,0.1460766368670358,17
389.07142857142856,0.9,0.1632993161855452,17
389.1428571428571,0.9454545454545454,0.15803545998151886,17
389.21428571428567,0.9,0.15275252316519466,17
389.2857142857143,1.0357142857142858,0.1273599825264458,17
389.3571428571428,1.0142857142857142,0.1341874786813243,17
389.4285714285714,0.98,0.12917319491951218,17
389.5,1.042857142857143,0.13575765645916307,17
389.57142857142856,1.0615384615384615,0.152137952554565,17
389.6428571428571,1.1307692307692307,0.12267562783493012,17
389.71428571428567,1.02,0.13280849083584692,17
389.7857142857143,1.042857142857143,0.1401389756494436,17
389.8571428571428,1.1076923076923078,0.1263194660179857,17
389.9285714285714,1.123076923076923,0.1271753514629461,17
390.0,1.0461538461538462,0.15632616486847364,17
390.07142857142856,1.0538461538461539,0.15836317584435736,17
390.1428571428571,1.146153846153846,0.12989906565631118,17
390.21428571428567,1.1428571428571428,0.12121830534626529,17
390.2857142857143,1.0733333333333335,0.139204086785474,17
390.3571428571428,1.12,0.11840205918415278,17
390.4285714285714,1.1333333333333333,0.11978817282689615,17
390.5,1.1153846153846154,0.12600679359287809,17
390.57142857142856,1.0714285714285714,0.11503872803623423,17
390.6428571428571,1.0066666666666668,0.12741632797612965,17
390.71428571428567,1.0625,0.13066337155709193,17
390.7857142857143,1.08125,0.128523263134215,17
390.8571428571428,1.0666666666666667,0.13545924239123128,17
390.9285714285714,1.1428571428571428,0.11421701231720588,17
391.0,1.12,0.10519822558706333,17
391.07142857142856,1.16,0.10770329614269007,17
391.1428571428571,1.08125,0.12423725622104399,17
391.21428571428567,1.08125,0.12288841483231851,17
391.2857142857143,1.0933333333333335,0.132904070906395,17
391.3571428571428,1.1600000000000001,0.11032419757890187,17
391.4285714285714,1.11875,0.1307729425378201,17
391.5,1.1400000000000001,0.13863277974219382,17
391.57142857142856,1.1400000000000001,0.14101671633432075,17
391.6428571428571,1.1533333333333333,0.14271739196136526,17
391.71428571428567,1.2266666666666666,0.11524990100880643,17
391.7857142857143,1.22,0.11347330292271604,17
391.8571428571428,1.2333333333333334,0.1115546702045434,17
391.9285714285714,1.25,0.11940787979962529,17
392.0,1.2466666666666666,0.10905073815460167,17
392.07142857142856,1.2428571428571427,0.12076418111812084,17
392.1428571428571,1.2533333333333334,0.11206574034347053,17
392.21428571428567,1.2666666666666666,0.11450376024878445,17
392.2857142857143,1.28,0.11678225566452823,17
392.3571428571428,1.292857142857143,0.12110493393560759,17
392.4285714285714,1.2733333333333334,0.11607332110789227,17
392.5,1.2538461538461538,0.1141385710977179,17
392.57142857142856,1.23125,0.12169591543405774,17
392.6428571428571,1.2333333333333334,0.13297571087435361,17
392.71428571428567,1.21875,0.12083692523396977,17
392.7857142857143,1.2733333333333334,0.11442055537386406,17
392.8571428571428,1.23125,0.12066439339479286,17
392.9285714285714,1.2375,0.1257891754749456,17
393.0,1.21875,0.12186698691606353,17
393.07142857142856,1.26,0.11743285822322555,17
393.1428571428571,1.20625,0.11988492746518777,17
393.21428571428567,1.175,0.1174379268663521,17
393.2857142857143,1.18125,0.11944969303713872,17
393.3571428571428,1.1866666666666668,0.1260637279000724,17
393.4285714285714,1.1076923076923078,0.15789542890605796,17
393.5,1.0733333333333335,0.14291744758914787,17
393.57142857142856,1.1666666666666667,0.12369958488850037,17
393.6428571428571,1.2357142857142858,0.11934212655686424,17
393.71428571428567,1.2466666666666666,0.11333333333333331,17
393.7857142857143,1.12,0.14677485187475794,17
393.8571428571428,1.2133333333333334,0.12756573157794326,17
393.9285714285714,1.2066666666666668,0.13110034930274436,17
394.0,1.1785714285714286,0.13992877757755376,17
394.07142857142856,1.2571428571428573,0.1278367286790931,17
394.1428571428571,1.2615384615384615,0.13938438897360908,17
394.21428571428567,1.19375,0.12331151270934382,17
394.2857142857143,1.2533333333333334,0.12026425929382373,17
394.3571428571428,1.1875,0.12412191587306409,17
394.4285714285714,1.1937499999999999,0.12565453632877727,17
394.5,1.1875,0.1231107225224513,17
394.57142857142856,1.1,0.14112642086677699,17
394.6428571428571,1.0666666666666667,0.15327120894696267,17
394.71428571428567,1.02,0.13529509194631528,17
394.7857142857143,1.08125,0.14324185549854715,17
394.8571428571428,1.0625,0.142558467537592,17
394.9285714285714,1.06875,0.14483287782820584,17
395.0,1.0333333333333334,0.15076524377375156,17
395.07142857142856,1.04,0.15143755588800734,17
395.1428571428571,1.02,0.14966629547095767,17
395.21428571428567,1.0642857142857143,0.1535682340582646,17
395.2857142857143,1.0714285714285714,0.1476663046182955,17
395.3571428571428,0.9800000000000001,0.14806690894257746,17
395.4285714285714,1.1428571428571428,0.12740619721772545,17
395.5,1.0866666666666667,0.12454361128179604,17
395.57142857142856,1.04375,0.11795788443338581,17
395.6428571428571,1.05625,0.11936245571088648,17
395.71428571428567,1.075,0.12196310917650469,17
395.7857142857143,1.1285714285714286,0.12199287108903663,17
395.8571428571428,1.02,0.12039617143098073,17
395.9285714285714,1.0642857142857143,0.12386058400482254,17
396.0,1.1,0.13093073414159545,17
396.07142857142856,1.1,0.13301243435223525,17
396.1428571428571,1.05,0.1287087179096042,17
396.21428571428567,1.0538461538461539,0.13426694832395944,17
396.2857142857143,1.0076923076923077,0.14253273958653634,17
396.3571428571428,1.0071428571428571,0.1509909704433216,17
396.4285714285714,1.0384615384615385,0.14915938022819472,17
396.5,0.9454545454545454,0.16368686089528403,17
396.57142857142856,0.9357142857142857,0.14810418921631585,17
396.6428571428571,0.9142857142857144,0.14214106244380284,17
396.71428571428567,0.9,0.16283473681973243,17
396.7857142857143,0.92,0.13529509194631528,17
396.8571428571428,0.9333333333333333,0.13685817012571347,17
396.9285714285714,0.9,0.14935759876113539,17
397.0,0.8666666666666667,0.14660171722071846,17
397.07142857142856,0.86,0.14501231474799453,17
397.1428571428571,0.8133333333333334,0.14536216402543933,17
397.21428571428567,0.9076923076923078,0.1562630665147958,17
397.2857142857143,0.8384615384615385,0.17377352692161463,17
397.3571428571428,0.7818181818181817,0.18772231998749536,17
397.4285714285714,0.8090909090909091,0.17707448122421943,17
397.5,0.8818181818181817,0.15944117286104548,17
397.57142857142856,0.8384615384615385,0.1517160224870463,17
397.6428571428571,0.8727272727272727,0.18245343569893965,17
397.71428571428567,0.9099999999999999,0.1636052158907737,17
397.7857142857143,0.9166666666666666,0.15610473044942255,17
397.8571428571428,0.9133333333333333,0.14070119188132488,17
397.9285714285714,0.9333333333333333,0.13261712403495102,17
398.0,0.9384615384615385,0.14655814525582808,17
398.07142857142856,0.9071428571428571,0.15458710895258085,17
398.1428571428571,0.9333333333333333,0.14595063309758988,17
398.21428571428567,0.9785714285714285,0.1426509500970087,17
398.2857142857143,0.9928571428571429,0.1442922422633803,17
398.3571428571428,1.0384615384615385,0.1434637725817654,17
398.4285714285714,1.0307692307692309,0.14339501447928651,17
398.5,0.9785714285714285,0.14226525736696632,17
398.57142857142856,0.9928571428571429,0.1439109483934559,17
398.6428571428571,0.9538461538461539,0.14919243493890036,17
398.71428571428567,0.9384615384615385,0.1500164356544623,17
398.7857142857143,1.0384615384615385,0.14346377258176538,17
398.8571428571428,0.9928571428571429,0.14314531374698825,17
398.9285714285714,0.9230769230769231,0.1680025359064735,17
399.0,0.9928571428571429,0.14004092247840563,17
399.07142857142856,1.0,0.13788034309135225,17
399.1428571428571,0.9357142857142857,0.15605266188375227,17
399.21428571428567,0.9076923076923078,0.16426274233894325,17
399.2857142857143,0.9,0.15023790657297037,17
399.3571428571428,0.7714285714285715,0.14988221435168314,17
399.4285714285714,0.8692307692307693,0.15745761146506707,17
399.5,0.8692307692307693,0.15745761146506707,17
399.57142857142856,0.8250000000000001,0.16972571455680538,17
399.6428571428571,0.9166666666666666,0.16959547830831537,17
399.71428571428567,0.8357142857142856,0.15570017074850814,17
399.7857142857143,0.9692307692307692,0.16501150518730945,17
399.8571428571428,0.9,0.18298865671086964,17
399.9285714285714,0.875,0.17672311848216296,17
400.0,0.9615384615384616,0.16661734970548442,17
400.07142857142856,0.9384615384615385,0.1730341827569537,17
400.1428571428571,0.9071428571428571,0.1545871089525809,17
400.21428571428567,1.0,0.15442199922988256,17
400.2857142857143,0.9384615384615385,0.17377352692161463,17
400.3571428571428,0.8923076923076922,0.18448178926927206,17
400.4285714285714,0.8153846153846154,0.17498943332426656,17
400.5,0.8142857142857143,0.17028003530614458,17
400.57142857142856,0.8666666666666667,0.16407508927510878,17
400.6428571428571,0.8153846153846154,0.18391962913260818,17
400.71428571428567,0.9,0.1722507755289644,17
400.7857142857143,0.8642857142857142,0.17497476830886496,17
400.8571428571428,0.8,0.1450779757496604,17
400.9285714285714,0.8714285714285713,0.1691701047254214,17
401.0,0.9142857142857144,0.15962082228637445,17
401.07142857142856,0.9785714285714285,0.1617821664700875,17
401.1428571428571,0.9692307692307692,0.1699866568612023,17
401.21428571428567,0.9461538461538461,0.17157467710150354,17
401.2857142857143,0.9500000000000001,0.1876892983823871,17
401.3571428571428,0.8999999999999999,0.1853617391992597,17
401.4285714285714,0.8615384615384616,0.17993533793633842,17
401.5,0.8857142857142858,0.17567988584921643,17
401.57142857142856,0.9357142857142857,0.17746912526933198,17
401.6428571428571,0.9133333333333333,0.16179548132682128,17
401.71428571428567,0.9266666666666666,0.16314371889801035,17
401.7857142857143,0.9538461538461539,0.17194788440306655,17
401.8571428571428,0.8250000000000001,0.19113893090914502,17
401.9285714285714,0.8923076923076922,0.18061914118314176,17
402.0,0.8769230769230769,0.1783664645070634,17
402.07142857142856,0.9428571428571428,0.18026667843286573,17
402.1428571428571,0.9375,0.1567575091236993,17
402.21428571428567,0.9533333333333334,0.16557739282846864,17
402.2857142857143,0.9133333333333333,0.16208953042382435,17
402.3571428571428,0.94,0.16498196149593938,17
402.4285714285714,0.9133333333333333,0.16528954873383533,17
402.5,0.9,0.17509808867986157,17
402.57142857142856,0.9142857142857144,0.1772367705681986,17
402.6428571428571,0.95,0.1656654911110185,17
402.71428571428567,0.94375,0.14547873555953117,17
402.7857142857143,0.9928571428571429,0.16356746960034557,17
402.8571428571428,0.94,0.15729862409715203,17
402.9285714285714,0.9857142857142858,0.1722052005114901,17
403.0,1.0,0.17000323203133197,17
403.07142857142856,0.9533333333333334,0.15701582166765315,17
403.1428571428571,0.9333333333333333,0.1554307889664405,17
403.21428571428567,0.9428571428571428,0.16565364559306614,17
403.2857142857143,0.9642857142857143,0.16361545067195557,17
403.3571428571428,0.9133333333333333,0.15145851755408982,17
403.4285714285714,0.88,0.15093360255739072,17
403.5,0.9384615384615385,0.16661734970548442,17
403.57142857142856,0.9071428571428571,0.15844862089367745,17
403.6428571428571,0.88,0.14742229591663988,17
403.71428571428567,0.88125,0.1426589026314166,17
403.7857142857143,0.8571428571428571,0.16060130338799092,17
403.8571428571428,0.8083333333333332,0.18109863934253392,17
403.9285714285714,0.8857142857142858,0.15823794256693902,17
404.0,0.9538461538461539,0.1677969562907323,17
404.07142857142856,0.9230769230769231,0.16531006071491844,17
404.1428571428571,0.8785714285714287,0.15765401380578226,17
404.21428571428567,0.8266666666666667,0.14815264543438417,17
404.2857142857143,0.9,0.14242792663559448,17
404.3571428571428,0.8214285714285714,0.15973142686526795,17
404.4285714285714,0.9076923076923078,0.1777572308967899,17
404.5,0.9500000000000001,0.1742951171972063,17
404.57142857142856,0.8928571428571429,0.15207874106885005,17
404.6428571428571,0.8857142857142858,0.14856720196862067,17
404.71428571428567,0.9428571428571428,0.1447674473587093,17
404.7857142857143,0.9666666666666667,0.12636555689053078,17
404.8571428571428,0.89375,0.12664542036726,17
404.9285714285714,0.8928571428571429,0.14842183931681094,17
405.0,0.8933333333333333,0.138174033349481,17
405.07142857142856,0.9916666666666667,0.14378979466744168,17
405.1428571428571,0.8866666666666667,0.13692774134267438,17
405.21428571428567,0.9230769230769231,0.1515534289107167,17
405.2857142857143,0.7999999999999999,0.15477740130924783,17
405.3571428571428,0.81875,0.13360973954019967,17
405.4285714285714,0.8,0.14309504001254017,17
405.5,0.8538461538461538,0.1611717449212074,17
405.57142857142856,0.8250000000000001,0.15478479684172258,17
405.6428571428571,0.7692307692307693,0.1477977721738933,17
405.71428571428567,0.725,0.15031532513252588,17
405.7857142857143,0.7444444444444445,0.19301058628933565,17
405.8571428571428,0.65,0.15496822743759933,17
405.9285714285714,0.6727272727272727,0.15730162635170866,17
406.0,0.7818181818181817,0.16057747029686997,17
406.07142857142856,0.6727272727272727,0.1839421396629974,17
406.1428571428571,0.6538461538461539,0.16741449582467105,17
406.21428571428567,0.8285714285714285,0.15097797358765358,17
406.2857142857143,0.7833333333333333,0.17443994075123084,17
406.3571428571428,0.8923076923076922,0.15294608504622298,17
406.4285714285714,0.8933333333333333,0.15506271132817345,17
406.5,0.84,0.16206994374857625,17
406.57142857142856,0.8266666666666667,0.1590048416952757,17
406.6428571428571,0.9928571428571429,0.12858669018090385,17
406.71428571428567,0.94,0.13863277974219382,17
406.7857142857143,0.9,0.1441153384245784,17
406.8571428571428,0.9428571428571428,0.13856179869110719,17
406.9285714285714,0.9428571428571428,0.1416985989190994,17
407.0,1.0076923076923077,0.14072228445140764,17
407.07142857142856,1.0,0.1405118847058488,17
407.1428571428571,0.942857142857143,0.12523134008718184,17
407.21428571428567,0.8857142857142858,0.13581546257481622,17
407.2857142857143,0.9266666666666666,0.13110034930274436,17
407.3571428571428,0.9266666666666666,0.12927146286443544,17
407.4285714285714,0.9333333333333333,0.13007934086792922,17
407.5,0.9357142857142857,0.14320013769145218,17
407.57142857142856,0.9615384615384616,0.1512929157333046,17
407.6428571428571,1.0454545454545454,0.16088597676821048,17
407.71428571428567,1.0416666666666667,0.14896528644505258,17
407.7857142857143,0.9583333333333334,0.16489589614558808,17
407.8571428571428,0.9416666666666668,0.1621159019237954,17
407.9285714285714,0.9076923076923078,0.1711430420098999,17
408.0,0.9769230769230769,0.1536537258110629,17
408.07142857142856,0.9833333333333334,0.17873008824606013,17
408.1428571428571,1.0818181818181818,0.16777592297638688,17
408.21428571428567,0.9923076923076923,0.16620250949289453,17
408.2857142857143,1.05,0.14248578105269943,17
408.3571428571428,1.0714285714285714,0.14729374531775993,17
408.4285714285714,1.1153846153846154,0.14669266400397749,17
408.5,1.0357142857142858,0.15710539013883337,17
408.57142857142856,0.9846153846153847,0.1608655091421346,17
408.6428571428571,0.9538461538461539,0.17045015235507954,17
408.71428571428567,0.9500000000000001,0.15539739910420525,17
408.7857142857143,1.0923076923076922,0.14564689406739606,17
408.8571428571428,1.1076923076923078,0.14783113133743153,17
408.9285714285714,1.1166666666666667,0.1627571779980809,17
409.0,1.0916666666666666,0.15928739670003636,17
409.07142857142856,1.0071428571428571,0.15243960638553372,17
409.1428571428571,0.9769230769230769,0.15978906213723837,17
409.21428571428567,1.0142857142857142,0.15437116071023982,17
409.2857142857143,1.0285714285714287,0.1388447514029634,17
409.3571428571428,1.0153846153846153,0.15057418047736465,17
409.4285714285714,1.05,0.18574175621006708,17
409.5,0.9846153846153847,0.164802194504835,17
409.57142857142856,0.975,0.1784295973545903,17
409.6428571428571,0.9500000000000001,0.15750457868802514,17
409.71428571428567,0.9615384615384616,0.16193480072059294,17
409.7857142857143,0.9857142857142858,0.14058634781902762,17
409.8571428571428,0.9923076923076923,0.15168351771484959,17
409.9285714285714,1.0538461538461539,0.14033631062164728,17
410.0,1.0416666666666667,0.15445816013510985,17
410.07142857142856,1.0,0.1444960929545186,17
410.1428571428571,1.0538461538461539,0.1439441596749812,17
410.21428571428567,1.0384615384615385,0.14166521637498738,17
410.2857142857143,0.9333333333333333,0.15233630298241194,17
410.3571428571428,1.0,0.14750675156833248,17
410.4285714285714,1.05,0.13617619485048055,17
410.5,0.9866666666666667,0.14568938473820536,17
410.57142857142856,0.9866666666666667,0.14103922678483277,17
410.6428571428571,0.98,0.14013598837591734,17
410.71428571428567,0.9785714285714285,0.15015690380858776,17
410.7857142857143,1.0,0.1582875391651063,17
410.8571428571428,0.9857142857142857,0.1550813834049945,17
410.9285714285714,1.0307692307692307,0.15499570522776834,17
411.0,0.9666666666666667,0.14463967270647055,17
411.07142857142856,0.93125,0.15212898858096266,17
411.1428571428571,1.0357142857142858,0.141657047107761,17
411.21428571428567,0.9,0.1570562531918633,17
411.2857142857143,0.9500000000000001,0.15958393705831725,17
411.3571428571428,1.0307692307692309,0.15122771731798076,17
411.4285714285714,1.075,0.16611651624596804,17
411.5,0.9785714285714285,0.15730511103960887,17
411.57142857142856,1.0384615384615385,0.15670422144202587,17
411.6428571428571,0.9923076923076923,0.16658775252082855,17
411.71428571428567,1.0142857142857142,0.1478256854575845,17
411.7857142857143,0.9923076923076923,0.17883581442404106,17
411.8571428571428,1.0461538461538462,0.16117174492120742,17
411.9285714285714,0.9571428571428572,0.15888149074222258,17
412.0,0.9714285714285714,0.1608454897892922,17
412.07142857142856,1.0153846153846153,0.1608655091421346,17
412.1428571428571,1.05,0.17210814077553718,17
412.21428571428567,1.0583333333333333,0.17514424070035833,17
412.2857142857143,1.0454545454545454,0.18555255877005766,17
412.3571428571428,0.9636363636363636,0.17123759531594335,17
412.4285714285714,0.875,0.17325974545156006,17
412.5,0.8666666666666667,0.17335081496925547,17
412.57142857142856,0.7833333333333333,0.16088454986057046,17
412.6428571428571,0.8916666666666666,0.17076402880979805,17
412.71428571428567,0.9545454545454546,0.17856174708111802,17
412.7857142857143,0.9416666666666668,0.16489589614558806,17
412.8571428571428,0.9545454545454546,0.17339583530892355,17
412.9285714285714,0.8615384615384615,0.16153846153846155,17
413.0,0.8538461538461538,0.1611717449212074,17
413.07142857142856,0.9230769230769231,0.15858098560067926,17
413.1428571428571,0.8692307692307693,0.15540873130959657,17
413.21428571428567,0.8928571428571429,0.1461837943372814,17
413.2857142857143,0.8571428571428571,0.15957164008761449,17
413.3571428571428,0.8692307692307693,0.1692307692307692,17
413.4285714285714,0.7916666666666666,0.16853123680130572,17
413.5,0.9099999999999999,0.19232495649002207,17
413.57142857142856,0.9099999999999999,0.18764623926716759,17
413.6428571428571,0.8166666666666668,0.15898986690282427,17
413.71428571428567,0.8083333333333332,0.1621159019237954,17
413.7857142857143,0.7769230769230769,0.16138576421580295,17
413.8571428571428,0.8846153846153846,0.16557830042013272,17
413.9285714285714,0.8833333333333333,0.17702650603337297,17
414.0,1.009090909090909,0.1545989212325914,17
414.07142857142856,1.009090909090909,0.1642916173673815,17
414.1428571428571,0.9500000000000001,0.1611981652651434,17
414.21428571428567,0.9153846153846155,0.15226754197546663,17
414.2857142857143,0.9153846153846155,0.15099930117267135,17
414.3571428571428,0.9384615384615385,0.1546453600232669,17
414.4285714285714,0.9583333333333334,0.16489589614558808,17
414.5,0.9583333333333334,0.1644358276475702,17
414.57142857142856,1.1,0.16193277068654824,17
414.6428571428571,1.09,0.16563010998406458,17
414.71428571428567,1.0,0.1689540012709215,17
414.7857142857143,0.9500000000000001,0.16537377315791293,17
414.8571428571428,1.0699999999999998,0.15709162223930903,17
414.9285714285714,0.990909090909091,0.16318118510892646,17
415.0,0.9454545454545454,0.17702780283109942,17
415.07142857142856,1.0699999999999998,0.157797338380595,17
415.1428571428571,1.009090909090909,0.16093733701748947,17
415.21428571428567,1.06,0.15790292376436013,17
415.2857142857143,0.9076923076923078,0.14783113133743153,17
415.3571428571428,1.0181818181818183,0.15004131662383824,17
415.4285714285714,1.018181818181818,0.1524456277545788,17
415.5,0.9583333333333334,0.1484558567862562,17
415.57142857142856,1.009090909090909,0.1461347730720736,17
415.6428571428571,0.9666666666666667,0.14991580128441254,17
415.71428571428567,0.9153846153846155,0.15142322834638097,17
415.7857142857143,1.009090909090909,0.16649026477383838,17
415.8571428571428,0.9500000000000001,0.15000000000000002,17
415.9285714285714,0.9500000000000001,0.14433756729740643,17
416.0,0.9249999999999999,0.1591287833704817,17
416.07142857142856,1.009090909090909,0.16206314451446804,17
416.1428571428571,0.9083333333333333,0.16070787224657104,17
416.21428571428567,0.9083333333333333,0.1597622918557126,17
416.2857142857143,0.8692307692307693,0.16809056448778584,17
416.3571428571428,0.9333333333333335,0.16621149968116714,17
416.4285714285714,1.009090909090909,0.1609373370174895,17
416.5,0.9083333333333333,0.16762979292103022,17
416.57142857142856,1.08,0.16719914938645936,17
416.6428571428571,1.0272727272727273,0.16846413650761458,17
416.71428571428567,0.9818181818181819,0.17777318635025915,17
416.7857142857143,0.9099999999999999,0.18284784202536636,17
416.8571428571428,0.9083333333333333,0.17164901350833286,17
416.9285714285714,1.0,0.16841507166413688,17
417.0,0.9333333333333332,0.17509016436272387,17
417.07142857142856,0.9727272727272727,0.18044939310253824,17
417.1428571428571,0.9000000000000001,0.16329931618554522,17
417.21428571428567,1.1,0.18257418583505536,17
417.2857142857143,0.9545454545454546,0.18701659448180058,17
417.3571428571428,1.1,0.16261747890200623,17
417.4285714285714,1.1199999999999999,0.1590248058916875,17
417.5,1.0727272727272728,0.1514120861579773,17
417.57142857142856,1.0909090909090908,0.15518583900633193,17
417.6428571428571,1.0909090909090908,0.14737370275752323,17
417.71428571428567,1.1199999999999999,0.15114378731672845,17
417.7857142857143,1.0,0.1585922922197518,17
417.8571428571428,1.02,0.15405626677721793,17
417.9285714285714,0.9583333333333334,0.15347407901431737,17
418.0,0.9666666666666667,0.15092308563562362,17
418.07142857142856,1.0,0.1694912172570388,17
418.1428571428571,0.9833333333333334,0.15464197817585437,17
418.21428571428567,0.9545454545454546,0.1466992200286859,17
418.2857142857143,0.9166666666666666,0.16229104669815841,17
418.3571428571428,0.9230769230769231,0.15070511457208546,17
418.4285714285714,1.08,0.15114378731672845,17
418.5,1.0545454545454545,0.13305066455618694,17
418.57142857142856,1.03,0.14146063449281962,17
418.6428571428571,1.0454545454545454,0.12888588071598023,17
418.71428571428567,0.9833333333333334,0.1402558988838515,17
418.7857142857143,1.0454545454545454,0.13167704042545386,17
418.8571428571428,1.0454545454545454,0.13305066455618692,17
418.9285714285714,1.04,0.14544949486180953,17
419.0,0.9500000000000001,0.15050420310248866,17
419.07142857142856,0.9666666666666667,0.1519236916376379,17
419.1428571428571,1.0454545454545454,0.13575622293698253,17
419.21428571428567,1.0636363636363635,0.13434875055935394,17
419.2857142857143,1.0545454545454545,0.13028893510797548,17
419.3571428571428,1.0636363636363635,0.13230318299801014,17
419.4285714285714,1.0166666666666666,0.12958753525292968,17
419.5,0.9454545454545454,0.1603199280777127,17
419.57142857142856,0.9461538461538462,0.14394415967498123,17
419.6428571428571,0.9461538461538462,0.14571458958305103,17
419.71428571428567,0.9615384615384616,0.14655814525582808,17
419.7857142857143,0.9615384615384616,0.1452400583730708,17
419.8571428571428,0.9615384615384616,0.14211698933898478,17
419.9285714285714,0.9846153846153847,0.14449121783540406,17
420.0,1.0,0.15472360498448173,17
420.07142857142856,0.9692307692307692,0.14159558490537152,17
420.1428571428571,1.0818181818181818,0.13471733492976512,17
420.21428571428567,0.9461538461538462,0.15174852029666977,17
420.2857142857143,0.9285714285714286,0.14158776699058953,17
420.3571428571428,0.9285714285714286,0.14080950089252234,17
420.4285714285714,0.9428571428571428,0.1455245478760779,17
420.5,0.9249999999999999,0.14570882130489085,17
420.57142857142856,0.9357142857142857,0.14586127040472957,17
420.6428571428571,0.9153846153846155,0.1518459719947993,17
420.71428571428567,0.9428571428571428,0.14851435928440648,17
420.7857142857143,0.9846153846153846,0.15014785612263948,17
420.8571428571428,1.05,0.13568010505999362,17
420.9285714285714,1.0153846153846153,0.14180437673896887,17
421.0,1.0833333333333333,0.13862601385444115,17
421.07142857142856,0.9333333333333332,0.17766726362967536,17
421.1428571428571,0.9461538461538462,0.16275488279547023,17
421.21428571428567,0.9500000000000001,0.14553803173507152,17
421.2857142857143,1.0230769230769232,0.13404641664213057,17
421.3571428571428,1.0230769230769232,0.13920739285272196,17
421.4285714285714,1.0071428571428571,0.1281586781368692,17
421.5,1.0153846153846153,0.14843031424006464,17
421.57142857142856,1.0071428571428571,0.1380652360992885,17
421.6428571428571,0.9666666666666667,0.14164565670535775,17
421.71428571428567,1.0285714285714287,0.14041875028539152,17
421.7857142857143,0.9785714285714285,0.14905510870718636,17
421.8571428571428,1.0384615384615385,0.1347069285801405,17
421.9285714285714,1.05,0.12913490688355406,17
422.0,1.0785714285714285,0.13634900735002628,17
422.07142857142856,1.0666666666666667,0.13117297437486583,17
422.1428571428571,1.092857142857143,0.1294384684375552,17
422.21428571428567,1.04,0.12865605680410447,17
422.2857142857143,1.0466666666666666,0.13051789392616106,17
422.3571428571428,1.0666666666666667,0.13153549825650604,17
422.4285714285714,1.0923076923076922,0.14253273958653637,17
422.5,1.1071428571428572,0.13196081907445342,17
422.57142857142856,1.0769230769230769,0.1354734556996722,17
422.6428571428571,1.1071428571428572,0.1319608190744534,17
422.71428571428567,1.1357142857142857,0.13034491136353327,17
422.7857142857143,1.1357142857142857,0.13490213907554824,17
422.8571428571428,1.3,0.0843872746402686,17
422.9285714285714,1.1666666666666667,0.13104089885114942,17
423.0,1.157142857142857,0.12911971007186465,17
423.07142857142856,1.2083333333333333,0.13453530196475375,17
423.1428571428571,1.2000000000000002,0.1192927878405448,17
423.21428571428567,1.157142857142857,0.1247918203655243,17
423.2857142857143,1.12,0.13100345324419796,17
423.3571428571428,1.169230769230769,0.1336780553614059,17
423.4285714285714,1.2307692307692308,0.12371628801861351,17
423.5,1.1266666666666665,0.12704205028132431,17
423.57142857142856,1.1928571428571428,0.12599681040541896,17
423.6428571428571,1.1400000000000001,0.13122136875923687,17
423.71428571428567,1.2538461538461538,0.12331707339908768,17
423.7857142857143,1.2214285714285715,0.124113813165676,17
423.8571428571428,1.207142857142857,0.12019411301626905,17
423.9285714285714,1.2454545454545454,0.14101169285084536,17
424.0,1.2750000000000001,0.13491018336566585,17
424.07142857142856,1.2214285714285715,0.13953556064479908,17
424.1428571428571,1.2,0.13465462536381043,17
424.21428571428567,1.276923076923077,0.1230769230769231,17
424.2857142857143,1.276923076923077,0.12514291632730698,17
424.3571428571428,1.2571428571428573,0.11800274056897847,17
424.4285714285714,1.2214285714285715,0.1441834040489394,17
424.5,1.207142857142857,0.14391094839345586,17
424.57142857142856,1.1785714285714286,0.14226525736696632,17
424.6428571428571,1.1733333333333333,0.13397464815854657,17
424.71428571428567,1.2,0.14103230087504737,17
424.7857142857143,1.1785714285714286,0.1403208926148869,17
424.8571428571428,1.2357142857142858,0.11416545870938107,17
424.9285714285714,1.2538461538461538,0.12331707339908766,17
425.0,1.2615384615384615,0.12064913185660095,17
425.07142857142856,1.276923076923077,0.12150437691485627,17
425.1428571428571,1.2461538461538462,0.12279615410716595,17
425.21428571428567,1.1428571428571428,0.13656471545411855,17
425.2857142857143,1.2153846153846155,0.11812973845937891,17
425.3571428571428,1.2307692307692308,0.11842157167954348,17
425.4285714285714,1.2461538461538462,0.11908593353572433,17
425.5,1.2166666666666666,0.12603110085942432,17
425.57142857142856,1.2454545454545454,0.14356730215454314,17
425.6428571428571,1.1666666666666667,0.16437822854685477,17
425.71428571428567,1.2666666666666666,0.13161775079081214,17
425.7857142857143,1.2461538461538462,0.11800444614362925,17
425.8571428571428,1.2363636363636363,0.14030662996887616,17
425.9285714285714,1.2454545454545454,0.1422952349318048,17
426.0,1.2454545454545454,0.1429326836875167,17
426.07142857142856,1.1333333333333333,0.16064893652956688,17
426.1428571428571,1.1333333333333333,0.15970300718850133,17
426.21428571428567,1.1090909090909091,0.17291855437251663,17
426.2857142857143,1.125,0.1610218317590205,17
426.3571428571428,1.2333333333333334,0.12987950904082932,17
426.4285714285714,1.2571428571428573,0.1122762907434527,17
426.5,1.2,0.13237752650585946,17
426.57142857142856,1.1642857142857144,0.14204439131898358,17
426.6428571428571,1.1785714285714286,0.14341922389749395,17
426.71428571428567,1.25,0.13789543689024492,17
426.7857142857143,1.2384615384615385,0.12736906878994658,17
426.8571428571428,1.2333333333333334,0.1350271203585533,17
426.9285714285714,1.2692307692307692,0.12929027933824316,17
427.0,1.1857142857142857,0.14557847581859087,17
427.07142857142856,1.157142857142857,0.14665287028969878,17
427.1428571428571,1.1538461538461537,0.15957290135899085,17
427.21428571428567,1.2416666666666667,0.14378979466744168,17
427.2857142857143,1.25,0.14433756729740643,17
427.3571428571428,1.2,0.14822178304721936,17
427.4285714285714,1.1857142857142857,0.1257317670163299,17
427.5,1.1857142857142857,0.12703600893730482,17
427.57142857142856,1.1615384615384614,0.12837168667906643,17
427.6428571428571,1.1636363636363638,0.15031647056232408,17
427.71428571428567,1.1416666666666666,0.14166666666666666,17
427.7857142857143,1.1272727272727272,0.14837967827711393,17
427.8571428571428,1.1166666666666667,0.13752869305763585,17
427.9285714285714,1.1357142857142857,0.12207327238366003,17
428.0,1.0666666666666667,0.13858697343671667,17
428.07142857142856,1.0571428571428572,0.1455245478760779,17
428.1428571428571,1.1714285714285713,0.1285714285714286,17
428.21428571428567,1.176923076923077,0.139207392852722,17
428.2857142857143,1.1153846153846154,0.13580064283964471,17
428.3571428571428,1.1307692307692307,0.1322316418282391,17
428.4285714285714,1.146153846153846,0.13521842947113036,17
428.5,1.1500000000000001,0.1265562464538338,17
428.57142857142856,1.0866666666666667,0.14137645344010294,17
428.6428571428571,1.18,0.12118462891684854,17
428.71428571428567,1.207142857142857,0.12555997022319246,17
428.7857142857143,1.2,0.12447692755890745,17
428.8571428571428,1.1142857142857143,0.11524324149196835,17
428.9285714285714,1.1733333333333333,0.1127435635019184,17
429.0,1.16,0.11702665549026893,17
429.07142857142856,1.1785714285714286,0.12188022017158397,17
429.1428571428571,1.1857142857142857,0.11853368921453052,17
429.21428571428567,1.1400000000000001,0.11032419757890184,17
429.2857142857143,1.1466666666666667,0.11206574034347053,17
429.3571428571428,1.075,0.1295826634495011,17
429.4285714285714,1.1857142857142857,0.1203735681882337,17
429.5,1.1142857142857143,0.12263460550683847,17
429.57142857142856,1.06,0.14101671633432075,17
429.6428571428571,1.1923076923076923,0.13129607296914983,17
429.71428571428567,1.176923076923077,0.1311457625901992,17
429.7857142857143,1.1714285714285713,0.12199287108903663,17
429.8571428571428,1.0857142857142856,0.1463313802348774,17
429.9285714285714,1.176923076923077,0.13114576259019922,17
430.0,1.1923076923076923,0.1365610309985126,17
430.07142857142856,1.0857142857142856,0.15040500008389177,17
430.1428571428571,1.0799999999999998,0.13634689651941545,17
430.21428571428567,1.0625,0.133502496855552,17
430.2857142857143,1.0625,0.1328768226591831,17
430.3571428571428,1.05625,0.1338434253148058,17
430.4285714285714,1.1285714285714286,0.1323617136256136,17
430.5,1.0933333333333333,0.125153873545696,17
430.57142857142856,1.0533333333333335,0.1450342050515003,17
430.6428571428571,1.1214285714285714,0.13634900735002628,17
430.71428571428567,1.0799999999999998,0.13027443560203425,17
430.7857142857143,1.0799999999999998,0.13564659966250533,17
430.8571428571428,1.0933333333333333,0.13851823557677015,17
430.9285714285714,1.0866666666666667,0.13447133405503078,17
431.0,1.02,0.1534368180811149,17
431.07142857142856,1.1846153846153846,0.13860391540245723,17
431.1428571428571,1.092857142857143,0.15351711280716163,17
431.21428571428567,1.1071428571428572,0.15207874106885005,17
431.2857142857143,1.06,0.1526901624672844,17
431.3571428571428,1.06,0.1508073510902474,17
431.4285714285714,1.1923076923076923,0.1327526804314538,17
431.5,1.169230769230769,0.12929027933824316,17
431.57142857142856,1.25,0.08747293953855186,17
431.6428571428571,1.1615384615384614,0.12585016606982588,17
431.71428571428567,1.1615384615384614,0.1258501660698259,17
431.7857142857143,1.169230769230769,0.1242333491833399,17
431.8571428571428,1.176923076923077,0.12411421856698406,17
431.9285714285714,1.1583333333333334,0.1356568383008309,17
432.0,1.1583333333333334,0.13676917810971914,17
432.07142857142856,1.1500000000000001,0.13512059708858512,17
432.1428571428571,1.1666666666666667,0.13219208552234687,17
432.21428571428567,1.1071428571428572,0.1458074470558842,17
432.2857142857143,1.1923076923076923,0.12581097872150868,17
432.3571428571428,1.1833333333333333,0.13642254619787414,17
432.4285714285714,1.1285714285714286,0.14654578530259033,17
432.5,1.1357142857142857,0.1466127225852581,17
432.57142857142856,1.1428571428571428,0.14438740840137881,17
432.6428571428571,1.2307692307692308,0.12628042430293848,17
432.71428571428567,1.2166666666666666,0.13862601385444115,17
432.7857142857143,1.2076923076923076,0.12631946601798566,17
432.8571428571428,1.2230769230769232,0.12565410711595734,17
432.9285714285714,1.2153846153846155,0.12549703942066945,17
433.0,1.2153846153846155,0.12600679359287809,17
433.07142857142856,1.2153846153846153,0.12549703942066945,17
433.1428571428571,1.1923076923076923,0.1232370752892094,17
433.21428571428567,1.2076923076923076,0.12581097872150865,17
433.2857142857143,1.2230769230769232,0.12817948461487164,17
433.3571428571428,1.2384615384615385,0.12736906878994658,17
433.4285714285714,1.2249999999999999,0.13713795310495988,17
433.5,1.3166666666666667,0.0911486741981517,17
433.57142857142856,1.2230769230769232,0.12917581249035898,17
433.6428571428571,1.169230769230769,0.14068723967824526,17
433.71428571428567,1.2153846153846155,0.1305050121083644,17
433.7857142857143,1.2153846153846155,0.1305050121083644,17
433.8571428571428,1.1714285714285713,0.1327761776215864,17
433.9285714285714,1.1857142857142857,0.13581546257481622,17
434.0,1.1785714285714286,0.13184180140056606,17
434.07142857142856,1.1615384615384614,0.14346377258176543,17
434.1428571428571,1.2076923076923076,0.13656103099851263,17
434.21428571428567,1.1923076923076923,0.13371493715417868,17
434.2857142857143,1.2076923076923076,0.13561896965751682,17
434.3571428571428,1.2076923076923078,0.1379620620750216,17
434.4285714285714,1.2153846153846155,0.139984501818976,17
434.5,1.2076923076923076,0.1393490077345637,17
434.57142857142856,1.2076923076923076,0.1393490077345637,17
434.6428571428571,1.1785714285714286,0.1379514851130569,17
434.71428571428567,1.2416666666666667,0.15198601078634663,17
434.7857142857143,1.2181818181818183,0.16226699760702015,17
434.8571428571428,1.2,0.1405118847058488,17
434.9285714285714,1.1846153846153846,0.13998450181897604,17
435.0,1.1615384615384614,0.14121199808219861,17
435.07142857142856,1.176923076923077,0.13874614624070444,17
435.1428571428571,1.1846153846153846,0.14180437673896887,17
435.21428571428567,1.125,0.14674498597598115,17
435.2857142857143,1.05,0.15365907428821482,17
435.3571428571428,1.1272727272727272,0.15787849706249027,17
435.4285714285714,1.1363636363636365,0.1663909565247557,17
435.5,1.1083333333333334,0.16258253537228656,17
435.57142857142856,1.0909090909090908,0.16973484425824859,17
435.6428571428571,1.1583333333333334,0.15347407901431737,17
435.71428571428567,1.1846153846153844,0.1390656337600942,17
435.7857142857143,1.1769230769230767,0.14194340067112257,17
435.8571428571428,1.1785714285714286,0.12931712932634118,17
435.9285714285714,1.157142857142857,0.12610578400617323,17
436.0,1.1066666666666667,0.125153873545696,17
436.07142857142856,1.092857142857143,0.12858669018090382,17
436.1428571428571,1.1266666666666665,0.1189103971050578,17
436.21428571428567,1.2083333333333333,0.13621414364629295,17
436.2857142857143,1.2,0.12506408613597125,17
436.3571428571428,1.1916666666666667,0.13340433715482106,17
436.4285714285714,1.1785714285714286,0.11587155233491245,17
436.5,1.175,0.12378194414764092,17
436.57142857142856,1.1666666666666667,0.12268049987877068,17
436.6428571428571,1.2090909090909092,0.12965306535277868,17
436.71428571428567,1.1916666666666667,0.120892096474083,17
436.7857142857143,1.1500000000000001,0.11326813466138802,17
436.8571428571428,1.2428571428571427,0.07316569011743872,17
436.9285714285714,1.1666666666666667,0.10720104240194445,17
437.0,1.2285714285714284,0.10186641296841567,17
437.07142857142856,1.1733333333333333,0.10257014634207617,17
437.1428571428571,1.1714285714285713,0.11015901165721106,17
437.21428571428567,1.0666666666666667,0.12522994722724945,17
437.2857142857143,1.207142857142857,0.10025477748298714,17
437.3571428571428,1.2153846153846155,0.10672643788855084,17
437.4285714285714,1.2153846153846155,0.10910248877637582,17
437.5,1.1357142857142857,0.11024804344387483,17
437.57142857142856,1.1666666666666667,0.10630892390381581,17
437.6428571428571,1.1500000000000001,0.11278200308462435,17
437.71428571428567,1.1400000000000001,0.10989172159990249,17
437.7857142857143,1.2307692307692308,0.11400889269443955,17
437.8571428571428,1.2461538461538462,0.11413857109771787,17
437.9285714285714,1.2230769230769232,0.11499935682866196,17
438.0,1.1533333333333333,0.11582690972253822,17
438.07142857142856,1.2333333333333334,0.13104089885114945,17
438.1428571428571,1.123076923076923,0.15407034946356948,17
438.21428571428567,1.0933333333333333,0.1458853648675551,17
438.2857142857143,1.1,0.15898026693500444,17
438.3571428571428,1.1142857142857143,0.1606501703610944,17
438.4285714285714,1.1,0.15724272550828775,17
438.5,1.1714285714285713,0.13523628952000907,17
438.57142857142856,1.1785714285714286,0.13914123247466326,17
438.6428571428571,1.16,0.12865605680410447,17
438.71428571428567,1.1500000000000001,0.1357721102953988,17
438.7857142857143,1.1642857142857144,0.14204439131898358,17
438.8571428571428,1.1785714285714286,0.14341922389749392,17
438.9285714285714,1.1714285714285713,0.1457939881139572,17
439.0,1.1785714285714286,0.13992877757755376,17
439.07142857142856,1.176923076923077,0.15197581038705069,17
439.1428571428571,1.1923076923076923,0.15708136812817028,17
439.21428571428567,1.2142857142857142,0.1444417609003495,17
439.2857142857143,1.2923076923076924,0.10946345746736696,17
439.3571428571428,1.1923076923076923,0.15126032003848847,17
439.4285714285714,1.2,0.15442199922988253,17
439.5,1.176923076923077,0.14856313781406127,17
439.57142857142856,1.176923076923077,0.14682705950995292,17
439.6428571428571,1.1785714285714286,0.1569554326848662,17
439.71428571428567,1.18,0.1518771433319269,17
439.7857142857143,1.1666666666666667,0.14529663145135577,17
439.8571428571428,1.1642857142857144,0.1535682340582646,17
439.9285714285714,1.2153846153846155,0.16864701181954203,17
440.0,1.2583333333333333,0.1864575397816193,17
440.07142857142856,1.2230769230769232,0.16569737868106166,17
440.1428571428571,1.1818181818181819,0.1882059712211751,17
440.21428571428567,1.2076923076923076,0.17151718851650843,17
440.2857142857143,1.2076923076923076,0.17263476284115803,17
440.3571428571428,1.1785714285714286,0.15412944874414067,17
440.4285714285714,1.1857142857142857,0.15684287050502954,17
440.5,1.176923076923077,0.1676205445128991,17
440.57142857142856,1.1923076923076923,0.1707680757641698,17
440.6428571428571,1.1846153846153846,0.1651907032547976,17
440.71428571428567,1.2,0.1694637091472647,17
440.7857142857143,1.176923076923077,0.1698996106882872,17
440.8571428571428,1.1785714285714286,0.1586961196713521,17
440.9285714285714,1.1785714285714286,0.15590169184336403,17
441.0,1.1733333333333333,0.14686134266121215,17
441.07142857142856,1.1666666666666667,0.14724992252133676,17
441.1428571428571,1.1733333333333333,0.14943279000995308,17
441.21428571428567,1.1142857142857143,0.1536576553226245,17
441.2857142857143,1.16,0.15143755588800728,17
441.3571428571428,1.2,0.15966998933583446,17
441.4285714285714,1.1923076923076923,0.1748484832946905,17
441.5,1.16,0.1548578457197193,17
441.57142857142856,1.1733333333333333,0.15780236785798654,17
441.6428571428571,1.18,0.15922431018026412,17
441.71428571428567,1.1733333333333333,0.1581038437130021,17
441.7857142857143,1.1733333333333333,0.1601982898269893,17
441.8571428571428,1.18,0.1615991513414774,17
441.9285714285714,1.207142857142857,0.16187917272462635,17
442.0,1.2071428571428573,0.16787759987571718,17
442.07142857142856,1.1857142857142857,0.16536909861128893,17
442.1428571428571,1.1400000000000001,0.1597021036328636,17
442.21428571428567,1.12,0.15620499351813308,17
442.2857142857143,1.1714285714285713,0.16220614052839596,17
442.3571428571428,1.1266666666666665,0.1584047458003184,17
442.4285714285714,1.1785714285714286,0.16144218555837564,17
442.5,1.1785714285714286,0.1631350049110109,17
442.57142857142856,1.1500000000000001,0.1592392629257711,17
442.6428571428571,1.1714285714285713,0.16489376247826545,17
442.71428571428567,1.1266666666666665,0.15719768163402129,17
442.7857142857143,1.1266666666666665,0.15659066038763272,17
442.8571428571428,1.1785714285714286,0.1453221398576626,17
442.9285714285714,1.1615384615384614,0.18381235608228494,17
443.0,1.2333333333333334,0.183126605208947,17
443.07142857142856,1.2249999999999999,0.18179450603426506,17
443.1428571428571,1.2416666666666667,0.18234928743009285,17
443.21428571428567,1.169230769230769,0.18305968460104136,17
443.2857142857143,1.2333333333333334,0.18518350167584932,17
443.3571428571428,1.2181818181818183,0.1985484515258323,17
443.4285714285714,1.1333333333333333,0.19860625479688307,17
443.5,1.2249999999999999,0.18427786989579983,17
443.57142857142856,1.2272727272727273,0.20274969301216936,17
443.6428571428571,1.2,0.19679246105293954,17
443.71428571428567,1.0846153846153845,0.18839611632659206,17
443.7857142857143,1.1083333333333334,0.19903491902150985,17
443.8571428571428,1.1818181818181819,0.19854845152583234,17
443.9285714285714,1.0916666666666666,0.1986539298337283,17
444.0,1.1,0.18045526471705547,17
444.07142857142856,1.1583333333333334,0.17814631938693293,17
444.1428571428571,1.0615384615384615,0.1810009426021856,17
444.21428571428567,1.0692307692307692,0.18652854850741754,17
444.2857142857143,1.0692307692307692,0.1861845704672621,17
444.3571428571428,1.0769230769230769,0.18541493527990693,17
444.4285714285714,1.1727272727272728,0.18930058305193267,17
444.5,1.1500000000000001,0.169893014463916,17
444.57142857142856,1.175,0.1736964436753227,17
444.6428571428571,1.1583333333333334,0.17120709298060255,17
444.71428571428567,1.0769230769230769,0.18541493527990693,17
444.7857142857143,1.0538461538461539,0.17924892611893914,17
444.8571428571428,1.0538461538461539,0.1778127020265211,17
444.9285714285714,1.1583333333333334,0.17252945876404455,17
445.0,1.1666666666666667,0.17638342073763935,17
445.07142857142856,1.1416666666666666,0.17164901350833286,17
445.1428571428571,1.0461538461538462,0.17924892611893914,17
445.21428571428567,1.0692307692307692,0.18200613380218084,17
445.2857142857143,1.0769230769230769,0.18437484329549053,17
445.3571428571428,1.1500000000000001,0.169893014463916,17
445.4285714285714,1.125,0.1679308118713108,17
445.5,1.0307692307692309,0.17664415025281882,17
445.57142857142856,1.0384615384615385,0.17669997081046207,17
445.6428571428571,1.1166666666666667,0.16414763002993507,17
445.71428571428567,1.0153846153846153,0.1716608738801646,17
445.7857142857143,1.0153846153846153,0.17166087388016457,17
445.8571428571428,1.0076923076923077,0.17226304366583609,17
445.9285714285714,1.075,0.15624621207529732,17
446.0,1.0076923076923077,0.17039228436755027,17
446.07142857142856,1.0071428571428571,0.15982967779066803,17
446.1428571428571,1.0,0.16984155512168936,17
446.21428571428567,0.9923076923076923,0.16697210670691665,17
446.2857142857143,1.0454545454545454,0.17128585164924337,17
446.3571428571428,1.0916666666666666,0.16258253537228656,17
446.4285714285714,1.0923076923076922,0.15210553794834764,17
446.5,1.0846153846153845,0.1475640468711606,17
446.57142857142856,1.0642857142857143,0.14623747916991642,17
446.6428571428571,1.0571428571428572,0.1470270535449083,17
446.71428571428567,1.1538461538461537,0.13378867023789298,17
446.7857142857143,1.146153846153846,0.1303916116419602,17
446.8571428571428,1.146153846153846,0.13282694767107092,17
446.9285714285714,1.1538461538461537,0.13378867023789295,17
447.0,1.0785714285714285,0.1505223766463697,17
447.07142857142856,1.025,0.130862523283024,17
447.1428571428571,1.1133333333333333,0.12105357596522397,17
447.21428571428567,1.1066666666666667,0.11970864100038363,17
447.2857142857143,1.0857142857142856,0.15076987152652743,17
447.3571428571428,1.1846153846153846,0.13627185961843286,17
447.4285714285714,1.169230769230769,0.1346336983879495,17
447.5,1.1266666666666665,0.12089612490015143,17
447.57142857142856,1.05625,0.13446460190944926,17
447.6428571428571,1.0285714285714287,0.15421854459709186,17
447.71428571428567,1.0466666666666666,0.1417128776171724,17
447.7857142857143,1.1071428571428572,0.12772923186138532,17
447.8571428571428,1.0533333333333335,0.1443760521847181,17
447.9285714285714,1.1428571428571428,0.13164816819228076,17
448.0,1.1357142857142857,0.13118527409030165,17
448.07142857142856,1.1,0.1386750490563073,17
448.1428571428571,1.2230769230769232,0.12917581249035898,17
448.21428571428567,1.1214285714285714,0.14720045815913957,17
448.2857142857143,1.0733333333333335,0.15006876730564198,17
448.3571428571428,1.0866666666666667,0.14828115722269497,17
448.4285714285714,1.2538461538461538,0.12989906565631118,17
448.5,1.1642857142857144,0.1517687450113606,17
448.57142857142856,1.2692307692307692,0.13415672779779714,17
448.6428571428571,1.190909090909091,0.13379397014171077,17
448.71428571428567,1.276923076923077,0.12867861284743182,17
448.7857142857143,1.207142857142857,0.15207874106885005,17
448.8571428571428,1.207142857142857,0.15207874106885005,17
448.9285714285714,1.24,0.14336101615286126,17
449.0,1.3285714285714287,0.11786962970814543,17
449.07142857142856,1.3357142857142856,0.11701748852912565,17
449.1428571428571,1.2285714285714284,0.15134146364603565,17
449.21428571428567,1.2666666666666666,0.14463967270647057,17
449.2857142857143,1.2533333333333334,0.14137645344010294,17
449.3571428571428,1.26,0.1430284686946723,17
449.4285714285714,1.3357142857142856,0.11980164139528601,17
449.5,1.2666666666666666,0.1443100718085776,17
449.57142857142856,1.26,0.1450123147479945,17
449.6428571428571,1.342857142857143,0.12030834273332913,17
449.71428571428567,1.2533333333333334,0.1450342050515003,17
449.7857142857143,1.24,0.14202615453298933,17
449.8571428571428,1.207142857142857,0.14505182314322787,17
449.9285714285714,1.2666666666666666,0.14463967270647057,17
450.0,1.35,0.12524700869407296,17
450.07142857142856,1.22,0.14148868371374304,17
450.1428571428571,1.3285714285714287,0.11879827367144499,17
450.21428571428567,1.2466666666666666,0.14437605218471813,17
450.2857142857143,1.2466666666666666,0.14437605218471808,17
450.3571428571428,1.1785714285714286,0.1441834040489394,17
450.4285714285714,1.3214285714285714,0.12142857142857143,17
450.5,1.3499999999999999,0.12480754415067656,17
450.57142857142856,1.2533333333333334,0.14404584808041623,17
450.6428571428571,1.26,0.14468356276140473,17
450.71428571428567,1.2733333333333334,0.12439057791093291,17
450.7857142857143,1.2125,0.14516513585109433,17
450.8571428571428,1.28,0.12351980754981307,17
450.9285714285714,1.18,0.14448595252200291,17
451.0,1.21875,0.14089557303194444,17
451.07142857142856,1.21875,0.14148579139499012,17
451.1428571428571,1.20625,0.13918475431358612,17
451.21428571428567,1.342857142857143,0.12121830534626528,17
451.2857142857143,1.2,0.137234592334926,17
451.3571428571428,1.2266666666666666,0.14424406125157876,17
451.4285714285714,1.2266666666666666,0.14358228656722605,17
451.5,1.2733333333333334,0.11970864100038361,17
451.57142857142856,1.2285714285714284,0.11456011015316174,17
451.6428571428571,1.26,0.11032419757890183,17
451.71428571428567,1.2666666666666666,0.11366897079077878,17
451.7857142857143,1.3,0.11578684470436791,17
451.8571428571428,1.2733333333333334,0.10887593055385685,17
451.9285714285714,1.20625,0.12664542036726004,17
452.0,1.24,0.1333809438805866,17
452.07142857142856,1.3357142857142856,0.12207327238366004,17
452.1428571428571,1.4142857142857144,0.07251914704130294,17
452.21428571428567,1.24375,0.12811737782205815,17
452.2857142857143,1.32,0.11637378202523602,17
452.3571428571428,1.3333333333333333,0.1185895950895021,17
452.4285714285714,1.3266666666666667,0.11729761361055116,17
452.5,1.3461538461538463,0.1347435287516025,17
452.57142857142856,1.2133333333333334,0.12941872487861386,17
452.6428571428571,1.342857142857143,0.12911971007186465,17
452.71428571428567,1.3142857142857143,0.12397143540948546,17
452.7857142857143,1.3285714285714285,0.12289036095775181,17
452.8571428571428,1.2571428571428573,0.14851435928440646,17
452.9285714285714,1.2466666666666666,0.1420485050177501,17
453.0,1.3133333333333332,0.11705377952713572,17
453.07142857142856,1.2857142857142858,0.12485470362492734,17
453.1428571428571,1.3333333333333333,0.12018504251546633,17
453.21428571428567,1.3142857142857143,0.12918048659209158,17
453.2857142857143,1.3,0.12752935451783742,17
453.3571428571428,1.3,0.12149857925879118,17
453.4285714285714,1.2,0.13309502512973848,17
453.5,1.2125,0.12677900720019328,17
453.57142857142856,1.2428571428571427,0.12740619721772542,17
453.6428571428571,1.2357142857142858,0.12649420907439346,17
453.71428571428567,1.1714285714285715,0.1384484556875251,17
453.7857142857143,1.2357142857142858,0.12341618273194804,17
453.8571428571428,1.2,0.13058055770780752,17
453.9285714285714,1.2,0.13487207342691884,17
454.0,1.1733333333333333,0.13073661878778833,17
454.07142857142856,1.18125,0.12220841146718722,17
454.1428571428571,1.18125,0.12523935417165538,17
454.21428571428567,1.2533333333333334,0.12026425929382371,17
454.2857142857143,1.2266666666666666,0.12168134288521476,17
454.3571428571428,1.175,0.12466622103307161,17
454.4285714285714,1.1333333333333333,0.1256096245427785,17
454.5,1.1533333333333333,0.1260637279000724,17
454.57142857142856,1.2214285714285715,0.13431902789957562,17
454.6428571428571,1.2214285714285715,0.13834920438798362,17
454.71428571428567,1.2615384615384615,0.1278713604081198,17
454.7857142857143,1.276923076923077,0.12616322666812863,17
454.8571428571428,1.2066666666666668,0.12284975983722349,17
454.9285714285714,1.2285714285714284,0.12685050967709008,17
455.0,1.1666666666666667,0.1282358937444756,17
455.07142857142856,1.14375,0.12348034593947871,17
455.1428571428571,1.16,0.12865605680410444,17
455.21428571428567,1.2384615384615385,0.13035378956382093,17
455.2857142857143,1.2384615384615385,0.13327168199913922,17
455.3571428571428,1.2666666666666666,0.14736747170651915,17
455.4285714285714,1.2076923076923076,0.15041035257499963,17
455.5,1.1923076923076923,0.14783113133743156,17
455.57142857142856,1.176923076923077,0.15027916166248825,17
455.6428571428571,1.157142857142857,0.1447674473587093,17
455.71428571428567,1.25,0.15100672270806456,17
455.7857142857143,1.2583333333333333,0.14997895475261477,17
455.8571428571428,1.175,0.16289288170172112,17
455.9285714285714,1.1846153846153846,0.1475640468711606,17
456.0,1.1846153846153846,0.1471290005430233,17
456.07142857142856,1.169230769230769,0.14736341585129242,17
456.1428571428571,1.0214285714285716,0.17389480571221547,17
456.21428571428567,1.0538461538461539,0.18763555257923795,17
456.2857142857143,1.0538461538461539,0.18488228570113188,17
456.3571428571428,0.9923076923076923,0.18552128168112547,17
456.4285714285714,0.9923076923076923,0.18962227584086483,17
456.5,1.0333333333333334,0.2031320414474936,17
456.57142857142856,0.9249999999999999,0.18834405976426455,17
456.6428571428571,0.9818181818181819,0.20837823207644743,17
456.71428571428567,0.9799999999999999,0.22350739485653612,17
456.7857142857143,0.96,0.2171532996653644,17
456.8571428571428,0.9833333333333334,0.19299604852813634,17
456.9285714285714,1.0769230769230769,0.1649218331372923,17
457.0,1.0846153846153845,0.16902668346703686,17
457.07142857142856,1.025,0.18054001487121066,17
457.1428571428571,1.0333333333333334,0.17724034928351223,17
457.21428571428567,1.0,0.18678567634829202,17
457.2857142857143,0.9666666666666668,0.20682789409984761,17
457.3571428571428,0.9249999999999999,0.1954501408946987,17
457.4285714285714,0.9083333333333333,0.1900790638262155,17
457.5,0.9066666666666666,0.1538294252199236,17
457.57142857142856,0.8933333333333333,0.15196073009848132,17
457.6428571428571,1.0,0.14713378826208362,17
457.71428571428567,0.9538461538461539,0.14033631062164725,17
457.7857142857143,0.9461538461538462,0.13803352649943354,17
457.8571428571428,0.9153846153846155,0.13720943837898375,17
457.9285714285714,0.9692307692307692,0.14517214157797392,17
458.0,0.8615384615384615,0.15711275615288725,17
458.07142857142856,0.8733333333333333,0.1360905394237047,17
458.1428571428571,0.8733333333333333,0.13538891657059204,17
458.21428571428567,0.8785714285714287,0.14071191496859364,17
458.2857142857143,0.823076923076923,0.1414910734494502,17
458.3571428571428,0.7846153846153846,0.13720943837898375,17
458.4285714285714,0.78,0.13599719885070463,17
458.5,0.8214285714285714,0.13513467902676643,17
458.57142857142856,0.8533333333333334,0.1290502547613458,17
458.6428571428571,0.8466666666666666,0.12868072955470122,17
458.71428571428567,0.8642857142857142,0.13652160109930953,17
458.7857142857143,0.8666666666666667,0.13104089885114942,17
458.8571428571428,0.8153846153846154,0.12498520622516862,17
458.9285714285714,0.8571428571428571,0.11939144488387754,17
459.0,0.83125,0.12169591543405775,17
459.07142857142856,0.9785714285714285,0.09954764248348041,17
459.1428571428571,0.9857142857142858,0.10263406823430216,17
459.21428571428567,1.0071428571428571,0.1050715537011529,17
459.2857142857143,0.9466666666666667,0.09849663599122208,17
459.3571428571428,0.9285714285714286,0.10240437588766368,17
459.4285714285714,0.9363636363636364,0.12596733145955472,17
459.5,0.9666666666666667,0.12451927764426883,17
459.57142857142856,0.8692307692307693,0.13125851151137385,17
459.6428571428571,0.9357142857142857,0.10514623143176086,17
459.71428571428567,0.9500000000000001,0.10417124532061789,17
459.7857142857143,0.9571428571428572,0.10467862157459216,17
459.8571428571428,0.9461538461538462,0.11129504827800363,17
459.9285714285714,0.9384615384615385,0.1112507341021366,17
460.0,0.9500000000000001,0.10364245385824401,17
460.07142857142856,0.9357142857142857,0.09923174278178432,17
460.1428571428571,0.9181818181818181,0.11663321047250635,17
460.21428571428567,0.9846153846153846,0.10551835047975514,17
460.2857142857143,0.9583333333333334,0.11642290551817082,17
460.3571428571428,0.9307692307692308,0.10824036368823298,17
460.4285714285714,0.9583333333333334,0.11379029977652894,17
460.5,0.9461538461538462,0.1095535138030167,17
460.57142857142856,0.9461538461538462,0.11013708510212578,17
460.6428571428571,0.9307692307692308,0.108240363688233,17
460.71428571428567,0.9538461538461539,0.1095535138030167,17
460.7857142857143,0.9916666666666667,0.11245088714724318,17
460.8571428571428,0.9461538461538462,0.10476798824520182,17
460.9285714285714,0.9384615384615385,0.11239722458617274,17
461.0,0.9615384615384616,0.11576859187148007,17
461.07142857142856,0.9692307692307692,0.11344524002886634,17
461.1428571428571,1.0,0.11742179860604585,17
461.21428571428567,0.9333333333333332,0.11763666026534347,17
461.2857142857143,0.9230769230769231,0.1276784051745987,17
461.3571428571428,1.0142857142857142,0.11136374558380864,17
461.4285714285714,1.0307692307692309,0.11733396090920564,17
461.5,0.9857142857142858,0.11380392954509881,17
461.57142857142856,0.9785714285714286,0.12760626747007847,17
461.6428571428571,1.0461538461538462,0.11854642313401878,17
461.71428571428567,1.0538461538461539,0.11800444614362923,17
461.7857142857143,1.0615384615384615,0.1232770808332884,17
461.8571428571428,0.98,0.12000000000000001,17
461.9285714285714,1.0571428571428572,0.1170677861839431,17
462.0,1.0785714285714285,0.11587155233491245,17
462.07142857142856,1.0266666666666666,0.12890257179697004,17
462.1428571428571,1.0333333333333334,0.128976434416992,17
462.21428571428567,1.0266666666666666,0.12591254208365527,17
462.2857142857143,1.123076923076923,0.12255498303160796,17
462.3571428571428,1.0785714285714285,0.1367513872515655,17
462.4285714285714,1.0785714285714285,0.1379514851130569,17
462.5,1.0857142857142856,0.1341874786813243,17
462.57142857142856,1.146153846153846,0.12279615410716593,17
462.6428571428571,1.0666666666666667,0.1274910516623353,17
462.71428571428567,1.169230769230769,0.12628042430293848,17
462.7857142857143,1.0666666666666667,0.13153549825650604,17
462.8571428571428,1.0799999999999998,0.12954131534360913,17
462.9285714285714,1.1642857142857144,0.12692783398154428,17
463.0,1.25,0.14115325863841197,17
463.07142857142856,1.1846153846153846,0.14044168141158103,17
463.1428571428571,1.1307692307692307,0.1393136175098064,17
463.21428571428567,1.1615384615384614,0.13892373001521816,17
463.2857142857143,1.0857142857142856,0.14444176090034946,17
463.3571428571428,1.0533333333333335,0.14137645344010294,17
463.4285714285714,1.04,0.1333809438805866,17
463.5,1.1857142857142857,0.13253949975494256,17
463.57142857142856,1.1428571428571428,0.14702705354490828,17
463.6428571428571,1.0833333333333333,0.14915587399587973,17
463.71428571428567,1.06875,0.13093215482327733,17
463.7857142857143,1.1,0.13662601021279466,17
463.8571428571428,1.1,0.1375378735718517,17
463.9285714285714,1.05,0.148884742894182,17
464.0,1.05625,0.15082239831448555,17
464.07142857142856,1.1153846153846154,0.18075559141124786,17
464.1428571428571,1.0999999999999999,0.1829886567108696,17
464.21428571428567,1.1142857142857143,0.1564921592871903,17
464.2857142857143,1.0466666666666666,0.1536435784741725,17
464.3571428571428,1.1615384615384614,0.16034356604366024,17
464.4285714285714,1.1,0.1477610683953433,17
464.5,1.1,0.14662878298615178,17
464.57142857142856,1.1846153846153846,0.15845655954338847,17
464.6428571428571,1.1357142857142857,0.16528601346767874,17
464.71428571428567,1.1133333333333333,0.155492050529208,17
464.7857142857143,1.1428571428571428,0.1462777298645187,17
464.8571428571428,1.1357142857142857,0.14434663059635716,17
464.9285714285714,1.0866666666666667,0.15145851755408984,17
465.0,1.157142857142857,0.14851435928440648,17
465.07142857142856,1.1500000000000001,0.144400998444084,17
465.1428571428571,1.1500000000000001,0.14363797593905356,17
465.21428571428567,1.0933333333333333,0.14783087720083465,17
465.2857142857143,1.1,0.1586342811779193,17
465.3571428571428,1.0933333333333333,0.14783087720083465,17
465.4285714285714,1.0866666666666667,0.14568938473820534,17
465.5,1.1384615384615384,0.1538140992247316,17
465.57142857142856,1.0384615384615385,0.16193480072059294,17
465.6428571428571,1.0692307692307692,0.16384194047790718,17
465.71428571428567,1.1307692307692307,0.14736341585129242,17
465.7857142857143,1.0571428571428572,0.15035280330977646,17
465.8571428571428,1.0538461538461539,0.16037431560114757,17
465.9285714285714,1.0857142857142856,0.15113386208926077,17
466.0,1.1357142857142857,0.13408507339513348,17
466.07142857142856,1.05,0.14852757171797956,17
466.1428571428571,1.1214285714285714,0.13184180140056612,17
466.21428571428567,1.1071428571428572,0.13196081907445342,17
466.2857142857143,1.1083333333333334,0.1554360110635677,17
466.3571428571428,1.042857142857143,0.15324844645943136,17
466.4285714285714,1.1,0.12382783747337808,17
466.5,1.0933333333333333,0.12168134288521477,17
466.57142857142856,1.0333333333333334,0.14331672107497626,17
466.6428571428571,1.1,0.12266873704256945,17
466.71428571428567,1.0692307692307692,0.14114214302074754,17
466.7857142857143,1.0615384615384615,0.14030116943902005,17
466.8571428571428,1.0692307692307692,0.14339501447928651,17
466.9285714285714,1.0846153846153845,0.14270561137789106,17
467.0,1.1615384615384614,0.11009230482578718,17
467.07142857142856,1.1615384615384614,0.10833143679116722,17
467.1428571428571,1.0799999999999998,0.12274635093014646,17
467.21428571428567,1.0866666666666667,0.12261696715757013,17
467.2857142857143,1.0866666666666667,0.1218377792166471,17
467.3571428571428,1.0928571428571427,0.13196081907445342,17
467.4285714285714,1.0615384615384615,0.14030116943902005,17
467.5,1.0538461538461539,0.14079234782863945,17
467.57142857142856,1.1333333333333333,0.11568854041709742,17
467.6428571428571,1.1384615384615384,0.1083314367911672,17
467.71428571428567,1.05,0.1278520779891897,17
467.7857142857143,1.05,0.12998309272980235,17
467.8571428571428,1.0357142857142858,0.12907410890142534,17
467.9285714285714,1.0,0.1325296290046213,17
468.0,0.9846153846153847,0.133419597341002,17
468.07142857142856,0.9615384615384616,0.1298611001241087,17
468.1428571428571,1.0363636363636364,0.12524356435850562,17
468.21428571428567,0.9666666666666667,0.14319584667528074,17
468.2857142857143,1.0,0.12535663410560174,17
468.3571428571428,0.9857142857142858,0.12397143540948545,17
468.4285714285714,1.0666666666666667,0.11503183573395337,17
468.5,1.0846153846153845,0.1073253822382377,17
468.57142857142856,1.0846153846153845,0.11085110933957583,17
468.6428571428571,1.1285714285714286,0.11456011015316175,17
468.71428571428567,1.1428571428571428,0.11469706191772687,17
468.7857142857143,1.1846153846153846,0.12498520622516862,17
468.8571428571428,1.25,0.08918825850158449,17
468.9285714285714,1.1538461538461537,0.1253791095220272,17
469.0,1.125,0.12740117976714585,17
469.07142857142856,1.0636363636363637,0.13434875055935394,17
469.1428571428571,1.1307692307692307,0.12678702887257556,17
469.21428571428567,1.1307692307692307,0.1277942132756627,17
469.2857142857143,1.146153846153846,0.12383580144659745,17
469.3571428571428,1.1384615384615384,0.12064913185660095,17
469.4285714285714,1.146153846153846,0.1269036504169674,17
469.5,1.0454545454545454,0.13906416855253048,17
469.57142857142856,0.9818181818181819,0.12491319299867396,17
469.6428571428571,1.0846153846153845,0.12186907321349892,17
469.71428571428567,1.0272727272727273,0.1382296567908961,17
469.7857142857143,1.0461538461538462,0.1146988166479233,17
469.8571428571428,1.0909090909090908,0.1310479061984901,17
469.9285714285714,1.1181818181818182,0.1312999216354968,17
470.0,1.0777777777777777,0.16311020284336886,17
470.07142857142856,1.0777777777777777,0.16311020284336886,17
470.1428571428571,1.088888888888889,0.1602467233539551,17
470.21428571428567,1.16,0.15434449203720302,17
470.2857142857143,1.1727272727272728,0.14528399091616712,17
470.3571428571428,1.1166666666666667,0.1486470975026408,17
470.4285714285714,1.1545454545454545,0.14293268368751672,17
470.5,1.0636363636363635,0.14350972553215358,17
470.57142857142856,1.0999999999999999,0.15491933384829668,17
470.6428571428571,1.19,0.16629959577688563,17
470.71428571428567,1.2000000000000002,0.1810463415200036,17
470.7857142857143,1.1416666666666666,0.14431569631200966,17
470.8571428571428,1.1615384615384614,0.13659713437812515,17
470.9285714285714,1.1916666666666667,0.14273217838831842,17
471.0,1.1166666666666667,0.14240006242195885,17
471.07142857142856,1.1538461538461537,0.13426694832395944,17
471.1428571428571,1.2083333333333333,0.14483968846119266,17
471.21428571428567,1.2181818181818183,0.16226699760702015,17
471.2857142857143,1.2181818181818183,0.16226699760702015,17
471.3571428571428,1.1923076923076923,0.13129607296914983,17
471.4285714285714,1.2307692307692308,0.14068723967824523,17
471.5,1.2454545454545454,0.166985920127001,17
471.57142857142856,1.2272727272727273,0.16129640084521366,17
471.6428571428571,1.1916666666666667,0.14483968846119266,17
471.71428571428567,1.2307692307692308,0.13885272375961344,17
471.7857142857143,1.2384615384615385,0.1421169893389848,17
471.8571428571428,1.2307692307692308,0.14249814006191286,17
471.9285714285714,1.2230769230769232,0.14329181546305508,17
472.0,1.2166666666666666,0.15266984249707213,17
472.07142857142856,1.176923076923077,0.1540703494635695,17
472.1428571428571,1.1583333333333334,0.17120709298060258,17
472.21428571428567,1.1583333333333334,0.16762979292103022,17
472.2857142857143,1.1416666666666666,0.16717724822245497,17
472.3571428571428,1.1615384615384614,0.1623301722189171,17
472.4285714285714,1.1500000000000001,0.1521819327625348,17
472.5,1.1307692307692307,0.15907771660765233,17
472.57142857142856,1.2307692307692308,0.1529138417476574,17
472.6428571428571,1.2384615384615385,0.15629461887584725,17
472.71428571428567,1.2583333333333333,0.17120709298060252,17
472.7857142857143,1.24,0.2050474199897293,17
472.8571428571428,1.2272727272727273,0.18295101634089186,17
472.9285714285714,1.2538461538461538,0.15673568499448468,17
473.0,1.2363636363636363,0.18353732702974385,17
473.07142857142856,1.25,0.1685499656158105,17
473.1428571428571,1.276923076923077,0.15817624305147,17
473.21428571428567,1.2846153846153845,0.15886058790817986,17
473.2857142857143,1.276923076923077,0.15490023512001747,17
473.3571428571428,1.2615384615384615,0.14915938022819475,17
473.4285714285714,1.3166666666666667,0.1594656481167431,17
473.5,1.2000000000000002,0.17684096604782296,17
473.57142857142856,1.2461538461538462,0.15217036025597735,17
473.6428571428571,1.2538461538461538,0.15509111656658425,17
473.71428571428567,1.207142857142857,0.15026141532554455,17
473.7857142857143,1.2384615384615385,0.15752023131700177,17
473.8571428571428,1.2538461538461538,0.16314826692911077,17
473.9285714285714,1.2384615384615385,0.16623217526903317,17
474.0,1.146153846153846,0.19335611645666437,17
474.07142857142856,1.1307692307692307,0.19228204957242165,17
474.1428571428571,1.1846153846153846,0.1910987641838215,17
474.21428571428567,1.1357142857142857,0.18053861504609742,17
474.2857142857143,1.1428571428571428,0.18148177812876598,17
474.3571428571428,1.1692307692307693,0.19493082776567755,17
474.4285714285714,1.2249999999999999,0.20784791934430707,17
474.5,1.2230769230769232,0.1754678165223141,17
474.57142857142856,1.2307692307692308,0.17482027965174635,17
474.6428571428571,1.2750000000000001,0.1788536730504475,17
474.71428571428567,1.2538461538461538,0.16664694163355817,17
474.7857142857143,1.1857142857142857,0.16436930505979477,17
474.8571428571428,1.2461538461538462,0.16741449582467105,17
474.9285714285714,1.1785714285714286,0.16347146520786326,17
475.0,1.1500000000000001,0.16265314001286282,17
475.07142857142856,1.0833333333333333,0.18579613026164463,17
475.1428571428571,1.1818181818181819,0.19060581972331458,17
475.21428571428567,1.175,0.17061608507068868,17
475.2857142857143,1.0846153846153845,0.16673568590627236,17
475.3571428571428,1.1416666666666666,0.1658122036180898,17
475.4285714285714,1.1583333333333334,0.1616479214374577,17
475.5,1.0833333333333333,0.19102329436458526,17
475.57142857142856,1.0916666666666666,0.1924555569843111,17
475.6428571428571,1.0583333333333333,0.18523463144581978,17
475.71428571428567,1.075,0.19074217089457632,17
475.7857142857143,1.0357142857142858,0.1759142969585227,17
475.8571428571428,1.0923076923076922,0.1755801878540512,17
475.9285714285714,1.0142857142857142,0.16833285408535434,17
476.0,1.0923076923076922,0.17667206273624386,17
476.07142857142856,1.0071428571428571,0.17618181346885453,17
476.1428571428571,1.0666666666666667,0.1876220141721653,17
476.21428571428567,1.0250000000000001,0.18095914489522802,17
476.2857142857143,1.0,0.1949358868961793,17
476.3571428571428,0.9615384615384616,0.17597292242844603,17
476.4285714285714,1.009090909090909,0.19654032454830667,17
476.5,0.9461538461538462,0.16893914266696547,17
476.57142857142856,0.9615384615384616,0.1707969485474963,17
476.6428571428571,0.9285714285714286,0.16819290711305196,17
476.71428571428567,1.01,0.21625602111078124,17
476.7857142857143,0.9538461538461539,0.17045015235507952,17
476.8571428571428,0.9538461538461539,0.17194788440306655,17
476.9285714285714,0.9928571428571429,0.1556497497074359,17
477.0,0.9615384615384616,0.16311804029301458,17
477.07142857142856,0.9857142857142858,0.1547266795640519,17
477.1428571428571,0.9249999999999999,0.1859150180576974,17
477.21428571428567,0.8769230769230769,0.17252047301542925,17
477.2857142857143,0.9272727272727272,0.1916867278996972,17
477.3571428571428,0.9076923076923078,0.1744814803417501,17
477.4285714285714,0.9833333333333334,0.18083699898532987,17
477.5,1.0272727272727273,0.18978021215506066,17
477.57142857142856,0.875,0.18468851746886833,17
477.6428571428571,0.7999999999999999,0.18257418583505536,17
477.71428571428567,0.8769230769230769,0.1801544373635441,17
477.7857142857143,0.8769230769230769,0.1826281938781935,17
477.8571428571428,0.95,0.22323380867004292,17
477.9285714285714,0.9333333333333332,0.19161725318240974,17
478.0,0.9538461538461539,0.17924892611893914,17
478.07142857142856,0.9785714285714285,0.1684377380089073,17
478.1428571428571,0.9538461538461539,0.1820873925905743,17
478.21428571428567,0.9642857142857143,0.16792434941710674,17
478.2857142857143,0.9615384615384616,0.1824120657623837,17
478.3571428571428,0.9285714285714286,0.1758585131305913,17
478.4285714285714,0.9142857142857144,0.17536685029418647,17
478.5,0.9500000000000001,0.20356668180081422,17
478.57142857142856,0.9583333333333334,0.2065071476249721,17
478.6428571428571,0.9230769230769231,0.19551176964828976,17
478.71428571428567,0.9076923076923078,0.19163986606210046,17
478.7857142857143,0.975,0.2071176652840778,17
478.8571428571428,1.0071428571428573,0.16722173399487034,17
478.9285714285714,0.9857142857142858,0.16702212226217447,17
479.0,0.9615384615384616,0.18064643947411352,17
479.07142857142856,1.0071428571428573,0.171119226385969,17
479.1428571428571,1.0714285714285714,0.16220614052839596,17
479.21428571428567,1.042857142857143,0.1567928169309114,17
479.2857142857143,1.1,0.16290629680421054,17
479.3571428571428,1.05,0.1585476667673247,17
479.4285714285714,1.0,0.15644868320376007,17
479.5,0.9857142857142858,0.16767876891467498,17
479.57142857142856,1.0,0.16908501882113502,17
479.6428571428571,1.0,0.16717870064310808,17
479.71428571428567,1.0916666666666666,0.17814631938693293,17
479.7857142857143,1.0357142857142858,0.15953474348838817,17
479.8571428571428,0.9866666666666667,0.15640809462266353,17
479.9285714285714,0.9866666666666667,0.15640809462266353,17
480.0,1.0,0.15886502207249786,17
480.07142857142856,1.05,0.16466749714313575,17
480.1428571428571,1.0384615384615385,0.1722916659213574,17
480.21428571428567,1.1083333333333334,0.17857106782070342,17
480.2857142857143,1.0714285714285714,0.16220614052839596,17
480.3571428571428,1.092857142857143,0.16119890304288426,17
480.4285714285714,1.0857142857142856,0.1616729648602975,17
480.5,1.0571428571428572,0.1595716400876145,17
480.57142857142856,1.123076923076923,0.1637516279636618,17
480.6428571428571,1.0692307692307692,0.1759168711696811,17
480.71428571428567,1.125,0.1758636696507562,17
480.7857142857143,1.0333333333333334,0.1904274829498785,17
480.8571428571428,1.1166666666666667,0.17873008824606015,17
480.9285714285714,1.0642857142857143,0.1652860134676787,17
481.0,1.0642857142857143,0.16726866684283204,17
481.07142857142856,1.042857142857143,0.1633153377029922,17
481.1428571428571,1.2153846153846155,0.14270561137789106,17
481.21428571428567,1.1846153846153846,0.14449121783540406,17
481.2857142857143,1.1583333333333334,0.1549478569836911,17
481.3571428571428,1.1666666666666667,0.15731330124142318,17
481.4285714285714,1.1666666666666667,0.16111981864313266,17
481.5,1.1583333333333334,0.1588110814646119,17
481.57142857142856,1.1666666666666667,0.16064893652956688,17
481.6428571428571,1.1666666666666667,0.16252427946045914,17
481.71428571428567,1.2,0.16569413222726223,17
481.7857142857143,1.1363636363636365,0.17070587531707454,17
481.8571428571428,1.1454545454545455,0.16861124537264915,17
481.9285714285714,1.1454545454545455,0.16807121670380543,17
482.0,1.1272727272727272,0.1662915889694469,17
482.07142857142856,1.2,0.16001893827313254,17
482.1428571428571,1.1153846153846154,0.17314813349881158,17
482.21428571428567,1.2181818181818183,0.1683168990695726,17
482.2857142857143,1.2307692307692308,0.14823085572097058,17
482.3571428571428,1.1500000000000001,0.15326125077465272,17
482.4285714285714,1.1333333333333335,0.17724034928351223,17
482.5,1.0076923076923077,0.1755801878540512,17
482.57142857142856,1.175,0.14414060896053948,17
482.6428571428571,1.1384615384615384,0.16429275837251295,17
482.71428571428567,1.2583333333333333,0.15592263686478847,17
482.7857142857143,1.2230769230769232,0.1414910734494502,17
482.8571428571428,1.1214285714285714,0.14831603154052814,17
482.9285714285714,1.2666666666666666,0.14266581704646475,17
483.0,1.1545454545454545,0.1805867388484932,17
483.07142857142856,1.1090909090909091,0.17962311323968683,17
483.1428571428571,1.075,0.16474268273629492,17
483.21428571428567,1.2363636363636363,0.1550792919021089,17
483.2857142857143,1.1500000000000001,0.17516226243634267,17
483.3571428571428,1.1636363636363638,0.19082249118092934,17
483.4285714285714,1.2636363636363637,0.15682806292980236,17
483.5,1.3199999999999998,0.16179548132682128,17
483.57142857142856,1.1636363636363638,0.1912983045463656,17
483.6428571428571,1.25,0.1674979270186815,17
483.71428571428567,1.24,0.1687865186822955,17
483.7857142857143,1.0714285714285714,0.17046432111257326,17
483.8571428571428,1.0714285714285714,0.17365766862212445,17
483.9285714285714,1.2,0.15724907862137932,17
484.0,1.1500000000000001,0.17078251276599332,17
484.07142857142856,1.1666666666666667,0.17291324385075282,17
484.1428571428571,1.0999999999999999,0.19259000257258707,17
484.21428571428567,1.21,0.1676305461424021,17
484.2857142857143,1.075,0.16611651624596804,17
484.3571428571428,1.05,0.16894956656930507,17
484.4285714285714,1.1,0.15654230899502697,17
484.5,1.092857142857143,0.15529634404614082,17
484.57142857142856,1.123076923076923,0.1676205445128991,17
484.6428571428571,1.1153846153846154,0.1716608738801646,17
484.71428571428567,1.0909090909090908,0.19327537841335724,17
484.7857142857143,1.1333333333333333,0.1509230856356236,17
484.8571428571428,1.125,0.14981048634251815,17
484.9285714285714,1.1071428571428572,0.15879501117163106,17
485.0,1.2076923076923076,0.1469613321118677,17
485.07142857142856,1.1923076923076923,0.14739687331927975,17
485.1428571428571,1.1071428571428572,0.16119890304288423,17
485.21428571428567,1.1416666666666666,0.18807571546447654,17
485.2857142857143,1.2333333333333334,0.15586189172767437,17
485.3571428571428,1.0909090909090908,0.1586617588425398,17
485.4285714285714,1.0999999999999999,0.142488702369803,17
485.5,1.1800000000000002,0.18123036292090916,17
485.57142857142856,1.2416666666666667,0.1616479214374577,17
485.6428571428571,1.123076923076923,0.1743684009518155,17
485.71428571428567,1.0928571428571427,0.15810147169845765,17
485.7857142857143,1.23,0.1856220772310114,17
485.8571428571428,1.2416666666666667,0.1602357795578286,17
485.9285714285714,1.190909090909091,0.16262312563634834,17
486.0,1.1666666666666667,0.190029237516523,17
486.07142857142856,1.17,0.17641491496532322,17
486.1428571428571,1.25,0.18988300491501486,17
486.21428571428567,1.23,0.18442101591497403,17
486.2857142857143,1.26,0.1796292478040997,17
486.3571428571428,1.2888888888888888,0.19539450438965528,17
486.4285714285714,1.23,0.18381754238616313,17
486.5,1.2181818181818183,0.17099610937529428,17
486.57142857142856,1.1400000000000001,0.16944353369518445,17
486.6428571428571,1.1777777777777778,0.17933347101743302,17
486.71428571428567,1.1777777777777778,0.18087578440110783,17
486.7857142857143,1.2833333333333334,0.1476242842249516,17
486.8571428571428,1.2666666666666666,0.14736747170651912,17
486.9285714285714,1.2833333333333334,0.14813657362192648,17
487.0,1.2750000000000001,0.15081847407135546,17
487.07142857142856,1.275,0.14879567035082544,17
487.1428571428571,1.2,0.16011359603844902,17
487.21428571428567,1.1500000000000001,0.15545631755148026,17
487.2857142857143,1.1500000000000001,0.14852757171797956,17
487.3571428571428,1.1428571428571428,0.15360656383149554,17
487.4285714285714,1.1428571428571428,0.15644199350315177,17
487.5,1.1615384615384614,0.15913969896597846,17
487.57142857142856,1.2416666666666667,0.15689136046927185,17
487.6428571428571,1.1153846153846154,0.15805149836088958,17
487.71428571428567,1.0357142857142858,0.1705218695835799,17
487.7857142857143,1.2090909090909092,0.17026959663190044,17
487.8571428571428,1.2153846153846155,0.14799781436629128,17
487.9285714285714,1.1357142857142857,0.16428571428571428,17
488.0,1.1384615384615384,0.1707969485474963,17
488.07142857142856,1.2583333333333333,0.14588202650280688,17
488.1428571428571,1.2166666666666666,0.1516741589890991,17
488.21428571428567,1.1666666666666667,0.1810463415200036,17
488.2857142857143,1.1272727272727272,0.19497827808661106,17
488.3571428571428,1.1,0.21134489978863147,17
488.4285714285714,1.169230769230769,0.1653995222858476,17
488.5,1.169230769230769,0.1653995222858476,17
488.57142857142856,1.2166666666666666,0.1740051084818425,17
488.6428571428571,1.1153846153846154,0.18322123164051124,17
488.71428571428567,1.1846153846153846,0.16441276770799873,17
488.7857142857143,1.1500000000000001,0.1755942292142123,17
488.8571428571428,1.2,0.1846372364689991,17
488.9285714285714,1.0666666666666667,0.20424781936944078,17
489.0,1.2,0.1648620246736257,17
489.07142857142856,1.0538461538461539,0.20115543951910977,17
489.1428571428571,1.2181818181818183,0.19485107684783354,17
489.21428571428567,1.2363636363636363,0.19691840824090628,17
489.2857142857143,1.2454545454545454,0.19603507866225295,17
489.3571428571428,1.2636363636363637,0.20103040352269072,17
489.4285714285714,1.2363636363636363,0.1959929160467181,17
489.5,1.2545454545454546,0.20197373202907368,17
489.57142857142856,1.2545454545454546,0.20465653549462123,17
489.6428571428571,1.22,0.21694853460363972,17
489.71428571428567,1.24,0.22070593809662464,17
489.7857142857143,1.1454545454545455,0.23173795403179637,17
489.8571428571428,1.25,0.22373098926066445,17
489.9285714285714,1.2777777777777777,0.2482034211520964,17
490.0,1.2181818181818183,0.20530163255702213,17
490.07142857142856,1.2249999999999999,0.18874586088176876,17
490.1428571428571,1.169230769230769,0.19127930155444375,17
490.21428571428567,1.0714285714285714,0.19595597493577435,17
490.2857142857143,1.175,0.20454124574794497,17
490.3571428571428,1.1833333333333333,0.20627773765121882,17
490.4285714285714,1.1454545454545455,0.23524209439470353,17
490.5,1.1153846153846154,0.2171629878998939,17
490.57142857142856,1.3083333333333333,0.15785413929615302,17
490.6428571428571,1.2230769230769232,0.18227685555496592,17
490.71428571428567,1.0799999999999998,0.1895357737310018,17
490.7857142857143,1.2384615384615385,0.18589301497837804,17
490.8571428571428,1.1071428571428572,0.19652594988853722,17
490.9285714285714,1.1846153846153846,0.19210245458400374,17
491.0,1.1714285714285713,0.1672099987245661,17
491.07142857142856,1.0642857142857143,0.18415448091600778,17
491.1428571428571,1.1428571428571428,0.1793499512783538,17
491.21428571428567,1.1642857142857144,0.16528601346767874,17
491.2857142857143,1.2,0.18545603089125842,17
491.3571428571428,1.275,0.17715127929985647,17
491.4285714285714,1.2076923076923076,0.17151718851650843,17
491.5,1.1666666666666667,0.18229734839630343,17
491.57142857142856,1.1083333333333334,0.19979471788045172,17
491.6428571428571,1.0615384615384615,0.1962920578936154,17
491.71428571428567,1.1583333333333334,0.19363286618930906,17
491.7857142857143,1.0692307692307692,0.20298560495399776,17
491.8571428571428,1.1538461538461537,0.19599037934767152,17
491.9285714285714,1.2666666666666668,0.19042748294987855,17
492.0,1.1384615384615384,0.21289773081689306,17
492.07142857142856,1.1,0.20191391920625676,17
492.1428571428571,1.3454545454545455,0.18798628400818665,17
492.21428571428567,1.2416666666666667,0.2079693790591842,17
492.2857142857143,1.25,0.21231052158514796,17
492.3571428571428,1.2,0.2028641076037014,17
492.4285714285714,1.2916666666666667,0.19245555698431108,17
492.5,1.0999999999999999,0.19029482707662135,17
492.57142857142856,1.2750000000000001,0.21641885595326765,17
492.6428571428571,1.4000000000000001,0.19211738835693895,17
492.71428571428567,1.1615384615384614,0.21529302081726498,17
492.7857142857143,1.2333333333333334,0.20755916766264046,17
492.8571428571428,1.3454545454545455,0.1825892739872926,17
492.9285714285714,1.33,0.20278614899006842,17
493.0,1.2249999999999999,0.2011802297654639,17
493.07142857142856,1.2,0.19578900207451216,17
493.1428571428571,1.3272727272727272,0.17533910474532644,17
493.21428571428567,1.2,0.19306145983268458,17
493.2857142857143,1.1692307692307693,0.18023653098246123,17
493.3571428571428,1.2666666666666668,0.1615893285805443,17
493.4285714285714,1.169230769230769,0.17628088577703288,17
493.5,1.0714285714285714,0.17710385958545002,17
493.57142857142856,1.0846153846153845,0.19376371873553844,17
493.6428571428571,1.1583333333333334,0.1876724795913338,17
493.71428571428567,1.05,0.20541901006715443,17
493.7857142857143,0.9769230769230769,0.20004930358758488,17
493.8571428571428,1.05,0.2090744394040582,17
493.9285714285714,1.06,0.20558858593479032,17
494.0,1.1454545454545455,0.20376619237995494,17
494.07142857142856,0.9538461538461539,0.20650181119693214,17
494.1428571428571,1.05,0.20834848429756075,17
494.21428571428567,1.0583333333333333,0.20796937905918417,17
494.2857142857143,1.1454545454545455,0.20107150983198913,17
494.3571428571428,1.0461538461538462,0.19001193775432076,17
494.4285714285714,1.125,0.1796988221070652,17
494.5,1.0461538461538462,0.1778127020265211,17
494.57142857142856,1.0916666666666666,0.17471116134634873,17
494.6428571428571,1.0076923076923077,0.17847701082353695,17
494.71428571428567,1.0,0.18009968749527977,17
494.7857142857143,1.0916666666666666,0.17729376979488254,17
494.8571428571428,1.0916666666666666,0.17471116134634873,17
494.9285714285714,1.0999999999999999,0.17276714053454972,17
495.0,1.0363636363636364,0.17229611258883104,17
495.07142857142856,1.1083333333333334,0.1789948083441009,17
495.1428571428571,1.0,0.1815178171660235,17
495.21428571428567,1.175,0.14308558574673008,17
495.2857142857143,1.0357142857142858,0.16056464339815332,17
495.3571428571428,1.123076923076923,0.15070511457208546,17
495.4285714285714,1.1153846153846154,0.15142322834638097,17
495.5,1.1916666666666667,0.1400532005699941,17
495.57142857142856,1.1416666666666666,0.1602357795578286,17
495.6428571428571,1.1333333333333333,0.15779413772060705,17
495.71428571428567,1.2,0.14270121360253515,17
495.7857142857143,1.2272727272727273,0.1483796782771139,17
495.8571428571428,1.175,0.14041335082857714,17
495.9285714285714,1.0769230769230769,0.1468270595099529,17
496.0,1.1,0.14500221041639685,17
496.07142857142856,1.0923076923076922,0.14432048491764402,17
496.1428571428571,1.042857142857143,0.13856179869110716,17
496.21428571428567,1.0357142857142858,0.14165704710776103,17
496.2857142857143,1.042857142857143,0.15035280330977646,17
496.3571428571428,1.0833333333333333,0.14025589888385148,17
496.4285714285714,1.0,0.15525000516123694,17
496.5,1.0769230769230769,0.15531351508623392,17
496.57142857142856,1.05,0.13857596004825912,17
496.6428571428571,1.0769230769230769,0.13966711621944944,17
496.71428571428567,1.0357142857142858,0.1324358201840344,17
496.7857142857143,1.0214285714285716,0.1301641277656247,17
496.8571428571428,1.1,0.1255755978254962,17
496.9285714285714,1.0,0.139136531360295,17
497.0,0.9076923076923078,0.1562630665147958,17
497.07142857142856,0.9571428571428572,0.15035280330977646,17
497.1428571428571,1.0076923076923077,0.13888823142513684,17
497.21428571428567,0.975,0.14674498597598118,17
497.2857142857143,1.0,0.1358732440973515,17
497.3571428571428,0.9357142857142857,0.14994766224544095,17
497.4285714285714,0.9846153846153847,0.13814065381590745,17
497.5,0.9071428571428571,0.1427609566297228,17
497.57142857142856,0.9769230769230769,0.1354734556996722,17
497.6428571428571,1.0909090909090908,0.14235330277137007,17
497.71428571428567,1.0,0.14354811251305466,17
497.7857142857143,1.075,0.12740117976714582,17
497.8571428571428,1.0833333333333333,0.1284130016388488,17
497.9285714285714,1.0692307692307692,0.12526106859563318,17
498.0,1.0666666666666667,0.1361446052377895,17
498.07142857142856,1.0272727272727273,0.14018877473600896,17
498.1428571428571,1.0333333333333334,0.12752500250000492,17
498.21428571428567,1.0538461538461539,0.12121996567766988,17
498.2857142857143,1.0916666666666666,0.12275766552213528,17
498.3571428571428,0.9916666666666667,0.14896528644505258,17
498.4285714285714,0.990909090909091,0.16812038189915388,17
498.5,0.9636363636363636,0.1647437278556261,17
498.57142857142856,0.9818181818181819,0.16668870377725703,17
498.6428571428571,0.95,0.17841898254763514,17
498.71428571428567,0.8666666666666667,0.16712059397121867,17
498.7857142857143,0.8999999999999999,0.1589226549501683,17
498.8571428571428,0.9833333333333334,0.14915587399587973,17
498.9285714285714,0.9916666666666667,0.14997895475261477,17
499.0,0.9833333333333334,0.1501682558016342,17
499.07142857142856,0.9583333333333334,0.1453617917647224,17
499.1428571428571,0.9384615384615385,0.14121199808219861,17
499.21428571428567,0.8642857142857142,0.14243068214071938,17
499.2857142857143,0.9230769230769231,0.13920739285272196,17
499.3571428571428,0.8571428571428571,0.14514649125847578,17
499.4285714285714,0.8642857142857142,0.1477327341977132,17
499.5,0.8642857142857142,0.14472677663242314,17
499.57142857142856,0.9307692307692308,0.1383902950616783,17
499.6428571428571,0.9461538461538462,0.14170001927844206,17
499.71428571428567,0.8857142857142858,0.1478256854575845,17
499.7857142857143,0.9538461538461539,0.14033631062164723,17
499.8571428571428,0.8846153846153846,0.1604665289191271,17
499.9285714285714,0.9333333333333332,0.1558618917276744,17
500.0,0.9500000000000001,0.15300029708824395,17
500.07142857142856,0.9181818181818181,0.16226699760702018,17
500.1428571428571,0.9,0.15897398300579652,17
500.21428571428567,0.9,0.14719601443879746,17
500.2857142857143,0.8714285714285713,0.1480379263213091,17
500.3571428571428,0.8692307692307693,0.1545815755866401,17
500.4285714285714,0.8571428571428571,0.14131030686310778,17
500.5,0.9384615384615385,0.13612704357367958,17
500.57142857142856,0.8928571428571429,0.14805118127287986,17
500.6428571428571,0.9692307692307692,0.1383902950616783,17
500.71428571428567,0.9615384615384616,0.13753249571183473,17
500.7857142857143,0.9333333333333332,0.14685249935107186,17
500.8571428571428,0.9166666666666666,0.14079500105910125,17
500.9285714285714,0.9538461538461539,0.13521842947113033,17
501.0,0.9615384615384616,0.13659713437812515,17
501.07142857142856,0.9416666666666668,0.14220042051962997,17
501.1428571428571,0.881818181818182,0.14573835947164906,17
501.21428571428567,0.9461538461538462,0.13378867023789295,17
501.2857142857143,0.9307692307692308,0.1317459751657962,17
501.3571428571428,0.9230769230769231,0.13016451432304674,17
501.4285714285714,0.9833333333333334,0.11470207346236448,17
501.5,1.0333333333333334,0.11303883305208781,17
501.57142857142856,1.0250000000000001,0.11289912365121406,17
501.6428571428571,1.0416666666666667,0.1144541282555919,17
501.71428571428567,1.0454545454545454,0.1344102514783725,17
501.7857142857143,0.9538461538461539,0.13987878663575234,17
501.8571428571428,0.975,0.15478479684172258,17
501.9285714285714,0.9583333333333334,0.15198601078634663,17
502.0,1.0,0.13751033019046574,17
502.07142857142856,1.0166666666666666,0.12482310715892343,17
502.1428571428571,1.0083333333333333,0.12580548558000246,17
502.21428571428567,1.0,0.13618169680781095,17
502.2857142857143,1.0083333333333333,0.1245953044821108,17
502.3571428571428,0.9538461538461539,0.13849714641852715,17
502.4285714285714,0.8769230769230769,0.1589846977614134,17
502.5,0.875,0.1736964436753227,17
502.57142857142856,0.9666666666666667,0.1592279352172079,17
502.6428571428571,0.9500000000000001,0.15300029708824395,17
502.71428571428567,0.9500000000000001,0.1559428799855313,17
502.7857142857143,0.9454545454545454,0.17181577679894472,17
502.8571428571428,0.9181818181818181,0.16226699760702018,17
502.9285714285714,0.9769230769230769,0.14507020676733984,17
503.0,0.9153846153846155,0.1671196998646187,17
503.07142857142856,0.9923076923076923,0.15252639051246622,17
503.1428571428571,0.9846153846153847,0.1492915551590732,17
503.21428571428567,1.0083333333333333,0.16070787224657104,17
503.2857142857143,1.0333333333333334,0.17115177268415682,17
503.3571428571428,1.0333333333333334,0.17026420348945634,17
503.4285714285714,0.95,0.2242270674512285,17
503.5,1.0,0.20582428516488616,17
503.57142857142856,1.0909090909090908,0.19280444424081167,17
503.6428571428571,0.9538461538461539,0.18031858722663144,17
503.71428571428567,0.9666666666666667,0.192799681461659,17
503.7857142857143,0.9230769230769231,0.1941958587565281,17
503.8571428571428,0.9666666666666667,0.21719050893562813,17
503.9285714285714,0.8846153846153846,0.2056403862129582,17
504.0,0.9153846153846155,0.19475367540264868,17
504.07142857142856,0.9230769230769231,0.1968188826912358,17
504.1428571428571,1.0333333333333334,0.20646128602297967,17
504.21428571428567,1.0636363636363637,0.2162795864249149,17
504.2857142857143,1.0545454545454547,0.21420620327306386,17
504.3571428571428,0.9357142857142857,0.19878950788670882,17
504.4285714285714,0.9214285714285715,0.19894738700055475,17
504.5,0.9066666666666666,0.18732875778177646,17
504.57142857142856,0.9214285714285715,0.19447833050524357,17
504.6428571428571,0.9750000000000001,0.21466146709306133,17
504.71428571428567,0.9416666666666668,0.20540364301943764,17
504.7857142857143,0.9066666666666666,0.1863091814997616,17
504.8571428571428,1.0,0.20254787341673333,17
504.9285714285714,0.9923076923076923,0.20046789450143448,17
505.0,1.0846153846153845,0.18004492097812624,17
505.07142857142856,1.175,0.17885367305044747,17
505.1428571428571,1.1076923076923078,0.18482893631733432,17
505.21428571428567,1.1076923076923078,0.18689827840145562,17
505.2857142857143,1.0692307692307692,0.19161413395509463,17
505.3571428571428,1.1384615384615384,0.1715459352172075,17
505.4285714285714,1.146153846153846,0.1712006562320369,17
505.5,1.1538461538461537,0.1730626774764152,17
505.57142857142856,1.1307692307692307,0.17036334300269307,17
505.6428571428571,1.1307692307692307,0.16539952228584756,17
505.71428571428567,1.1666666666666667,0.17638342073763935,17
505.7857142857143,1.175,0.17927674560620382,17
505.8571428571428,1.1666666666666667,0.1780931546050317,17
505.9285714285714,1.1916666666666667,0.17983929414110733,17
506.0,1.2,0.18090680674665816,17
506.07142857142856,1.0857142857142856,0.17630428954445193,17
506.1428571428571,1.092857142857143,0.17680444456221817,17
506.21428571428567,1.1,0.17974340685458343,17
506.2857142857143,1.1071428571428572,0.17680444456221817,17
506.3571428571428,1.146153846153846,0.19335611645666437,17
506.4285714285714,1.0799999999999998,0.17215718177902203,17
506.5,1.09375,0.16290814129441167,17
506.57142857142856,1.09375,0.15744542705331266,17
506.6428571428571,1.1733333333333333,0.15689446458008968,17
506.71428571428567,1.1125,0.15834429786596885,17
506.7857142857143,1.06875,0.1672619577190223,17
506.8571428571428,1.1533333333333333,0.16500120249682068,17
506.9285714285714,1.1428571428571428,0.1790433325026592,17
507.0,1.1466666666666667,0.16238304704695614,17
507.07142857142856,1.1666666666666667,0.1646545204697129,17
507.1428571428571,1.1733333333333333,0.1666095140102454,17
507.21428571428567,1.2357142857142858,0.15570017074850817,17
507.2857142857143,1.18,0.16567322972532117,17
507.3571428571428,1.2833333333333334,0.18374609182953053,17
507.4285714285714,1.1615384615384614,0.19065960456432104,17
507.5,1.1133333333333333,0.1838391291233327,17
507.57142857142856,1.1333333333333333,0.18065137872410672,17
507.6428571428571,1.1615384615384614,0.19432277587272082,17
507.71428571428567,1.1714285714285713,0.1801795720356886,17
507.7857142857143,1.1642857142857144,0.177469125269332,17
507.8571428571428,1.1923076923076923,0.19886264376401272,17
507.9285714285714,1.05,0.17795130420052185,17
508.0,1.1133333333333333,0.1853867685900317,17
508.07142857142856,1.1714285714285713,0.17895563064459152,17
508.1428571428571,1.1785714285714286,0.17857142857142858,17
508.21428571428567,1.123076923076923,0.18332885058173826,17
508.2857142857143,1.1400000000000001,0.17668912705383888,17
508.3571428571428,1.1714285714285713,0.17803215274138862,17
508.4285714285714,1.1133333333333333,0.18357992074730642,17
508.5,1.1866666666666668,0.1726175697802092,17
508.57142857142856,1.1714285714285713,0.1816979051294055,17
508.6428571428571,1.1642857142857144,0.182053953739581,17
508.71428571428567,1.1,0.18490666886425755,17
508.7857142857143,1.1133333333333333,0.18844392033470092,17
508.8571428571428,1.1,0.1760681686165901,17
508.9285714285714,1.10625,0.17712254467834784,17
509.0,1.2571428571428573,0.16162440712835371,17
509.07142857142856,1.2066666666666668,0.16108757354062525,17
509.1428571428571,1.2714285714285716,0.16589039524309102,17
509.21428571428567,1.2153846153846155,0.16864701181954203,17
509.2857142857143,1.0714285714285714,0.1873553864086286,17
509.3571428571428,1.0933333333333333,0.17794238411208296,17
509.4285714285714,1.05,0.1874496269331114,17
509.5,1.157142857142857,0.17406399155315272,17
509.57142857142856,1.1428571428571428,0.17247846997803948,17
509.6428571428571,1.2076923076923076,0.179551270608482,17
509.71428571428567,1.1214285714285714,0.1855134163059733,17
509.7857142857143,1.0416666666666667,0.20796937905918417,17
509.8571428571428,1.1,0.1877181270897812,17
509.9285714285714,1.2076923076923076,0.18792440462601814,17
510.0,1.09375,0.17641540701801905,17
510.07142857142856,1.157142857142857,0.18208628727215806,17
510.1428571428571,1.1714285714285713,0.17110775842185155,17
510.21428571428567,1.0272727272727273,0.2098011652151147,17
510.2857142857143,1.0454545454545454,0.21547564146816156,17
510.3571428571428,1.1214285714285714,0.17795497993105053,17
510.4285714285714,1.175,0.18095914489522796,17
510.5,1.1923076923076923,0.16850075647001253,17
510.57142857142856,1.176923076923077,0.16608379339953752,17
510.6428571428571,1.0923076923076922,0.19163986606210046,17
510.71428571428567,1.1083333333333334,0.2061399691197388,17
510.7857142857143,1.042857142857143,0.1790433325026592,17
510.8571428571428,1.2363636363636363,0.16856222334940849,17
510.9285714285714,1.1153846153846154,0.16978347970363938,17
511.0,1.0846153846153845,0.18703014766107173,17
511.07142857142856,1.125,0.1859150180576974,17
511.1428571428571,1.0,0.19480430680228286,17
511.21428571428567,1.0230769230769232,0.1864492252852434,17
511.2857142857143,1.1083333333333332,0.1794175480984415,17
511.3571428571428,1.0642857142857143,0.15710539013883337,17
511.4285714285714,1.023076923076923,0.16414262331568433,17
511.5,1.1307692307692307,0.1341567277977971,17
511.57142857142856,1.1307692307692307,0.13885272375961344,17
511.6428571428571,1.0214285714285716,0.1519754793077884,17
511.71428571428567,1.1166666666666667,0.14711021086727508,17
511.7857142857143,1.0727272727272728,0.1814541810890858,17
511.8571428571428,1.17,0.1751507287389287,17
511.9285714285714,0.9642857142857143,0.1622666178208774,17
512.0,1.0307692307692309,0.15745761146506707,17
512.0714285714286,0.9846153846153847,0.16826648349405662,17
512.1428571428571,0.9846153846153847,0.17462272660493763,17
512.2142857142857,0.9642857142857143,0.1602220790018842,17
512.2857142857142,1.16,0.1661324772583615,17
512.3571428571428,1.16,0.16275407487644936,17
512.4285714285714,1.0916666666666666,0.16489589614558808,17
512.5,1.1454545454545455,0.16201214116323975,17
512.5714285714286,0.9928571428571429,0.1427609566297228,17
512.6428571428571,1.0272727272727273,0.1814541810890858,17
512.7142857142857,0.9923076923076923,0.16348039106969312,17
512.7857142857142,1.1099999999999999,0.18284784202536636,17
512.8571428571428,1.05,0.168099898148618,17
512.9285714285714,1.1272727272727272,0.15438494338439113,17
513.0,1.0833333333333333,0.16229104669815844,17
513.0714285714286,0.9923076923076923,0.16348039106969314,17
513.1428571428571,1.1454545454545455,0.15803545998151886,17
513.2142857142857,1.0307692307692309,0.14472990555559062,17
513.2857142857142,1.0416666666666667,0.15445816013510982,17
513.3571428571428,1.009090909090909,0.17552754016214067,17
513.4285714285714,0.9916666666666667,0.1616479214374577,17
513.5,1.1181818181818182,0.15184811898627334,17
513.5714285714286,1.0333333333333334,0.15683099054702038,17
513.6428571428571,1.0076923076923077,0.15126032003848847,17
513.7142857142857,1.05,0.16482313753434824,17
513.7857142857142,0.9461538461538462,0.15957290135899088,17
513.8571428571428,0.9461538461538462,0.15876744185038685,17
513.9285714285714,1.0727272727272728,0.15081048256965612,17
514.0,0.9833333333333334,0.16414763002993507,17
514.0714285714286,0.9230769230769231,0.1668539381806451,17
514.1428571428571,0.9307692307692308,0.1642327208194859,17
514.2142857142857,0.9384615384615385,0.1681492246063008,17
514.2857142857142,0.9666666666666666,0.19649710204252663,17
514.3571428571428,1.05,0.18514258769331757,17
514.4285714285714,1.0818181818181818,0.17152692967375643,17
514.5,1.0999999999999999,0.17056057308448833,17
514.5714285714286,1.0636363636363635,0.16910068397943886,17
514.6428571428571,1.0166666666666666,0.1585126576216001,17
514.7142857142857,0.9800000000000001,0.18844392033470092,17
514.7857142857142,0.9800000000000001,0.19136933459209765,17
514.8571428571428,1.06,0.18086213288334047,17
514.9285714285714,1.05,0.18454147380888544,17
515.0,1.06,0.17524585904126555,17
515.0714285714286,1.0166666666666666,0.15316525702520123,17
515.1428571428571,0.9769230769230769,0.15027916166248823,17
515.2142857142857,0.9615384615384616,0.1512929157333046,17
515.2857142857142,0.9615384615384616,0.1517160224870463,17
515.3571428571428,0.9727272727272727,0.16519460099636157,17
515.4285714285714,1.009090909090909,0.1713340943911236,17
515.5,1.08,0.16852299546352717,17
515.5714285714286,1.018181818181818,0.15772137793543156,17
515.6428571428571,0.9727272727272727,0.17791259809800844,17
515.7142857142857,0.9545454545454546,0.17702780283109942,17
515.7857142857142,1.0,0.17511900715418263,17
515.8571428571428,1.018181818181818,0.15363367399474626,17
515.9285714285714,1.0,0.1556997888323046,17
516.0,0.99,0.18823743871327334,17
516.0714285714286,0.9444444444444444,0.19372884193514106,17
516.1428571428571,1.06,0.16944353369518445,17
516.2142857142857,1.0,0.17888543819998318,17
516.2857142857142,1.088888888888889,0.18962275739862236,17
516.3571428571428,0.9249999999999999,0.1586519919366112,17
516.4285714285714,1.0363636363636364,0.15798315633620696,17
516.5,1.0545454545454545,0.15975187371991853,17
516.5714285714286,0.9846153846153847,0.14625502570639648,17
516.6428571428571,0.9538461538461539,0.14615384615384613,17
516.7142857142857,1.0,0.17267941920849114,17
516.7857142857142,0.9,0.15075567228888181,17
516.8571428571428,0.9636363636363636,0.1383491809436131,17
516.9285714285714,0.9833333333333334,0.15266984249707213,17
517.0,0.9666666666666667,0.16345388253930135,17
517.0714285714286,0.9692307692307692,0.1503775655767736,17
517.1428571428571,0.9583333333333334,0.16304783334836426,17
517.2142857142857,0.9357142857142857,0.1381220764623796,17
517.2857142857142,0.9416666666666668,0.17772055581613502,17
517.3571428571428,0.99,0.20080393975772043,17
517.4285714285714,1.0272727272727273,0.17791259809800844,17
517.5,0.8846153846153846,0.16006655420526777,17
517.5714285714286,0.9230769230769231,0.16217822032544627,17
517.6428571428571,0.9333333333333332,0.1755223085766616,17
517.7142857142857,0.8714285714285713,0.15242673304966772,17
517.7857142857142,1.01,0.19405039437103846,17
517.8571428571428,1.03,0.19439364415764443,17
517.9285714285714,1.0,0.18040358795061295,17
518.0,1.0,0.18290583767213514,17
518.0714285714286,0.9461538461538461,0.15426225779969502,17
518.1428571428571,0.890909090909091,0.17860802458535,17
518.2142857142857,0.8833333333333333,0.17487369179155587,17
518.2857142857142,0.9416666666666668,0.16898015543043193,17
518.3571428571428,0.9090909090909091,0.19838188400362178,17
518.4285714285714,0.9833333333333334,0.1682500544073636,17
518.5,0.9230769230769231,0.16453268950928795,17
518.5714285714286,0.9538461538461539,0.15550388923134673,17
518.6428571428571,0.8615384615384615,0.1627245830869706,17
518.7142857142857,0.9461538461538462,0.1677969562907323,17
518.7857142857142,0.9384615384615385,0.16853001769389725,17
518.8571428571428,0.9363636363636363,0.17698111212665257,17
518.9285714285714,1.0,0.1727671405345497,17
519.0,0.9461538461538462,0.1677969562907323,17
519.0714285714286,0.9571428571428572,0.15957164008761446,17
519.1428571428571,0.9428571428571428,0.16128409366611987,17
519.2142857142857,1.0076923076923077,0.1615079336233182,17
519.2857142857142,0.9583333333333334,0.18968008686611085,17
519.3571428571428,0.890909090909091,0.19421382099238665,17
519.4285714285714,0.8250000000000001,0.18632205744599614,17
519.5,0.9583333333333334,0.19127100135565758,17
519.5714285714286,0.9,0.17161162387947224,17
519.6428571428571,0.8461538461538461,0.17380190042607696,17
519.7142857142857,0.9538461538461539,0.16817854699288806,17
519.7857142857142,0.9166666666666666,0.1837460918295305,17
519.8571428571428,0.8714285714285713,0.17046432111257326,17
519.9285714285714,0.9615384615384616,0.17303418275695373,17
520.0,0.8857142857142858,0.1744243728738426,17
520.0714285714286,0.8583333333333334,0.20168169240291758,17
520.1428571428571,0.9615384615384616,0.173404248882696,17
520.2142857142857,0.9538461538461539,0.173801900426077,17
520.2857142857142,0.9250000000000002,0.1796988221070652,17
520.3571428571428,0.8571428571428571,0.16565364559306614,17
520.4285714285714,1.0,0.17795130420052185,17
520.5,1.0083333333333333,0.19363286618930906,17
520.5714285714286,0.9384615384615385,0.19233333162415953,17
520.6428571428571,0.9615384615384616,0.1988874380591984,17
520.7142857142857,1.0166666666666666,0.19611118264799682,17
520.7857142857142,1.009090909090909,0.2167757724866644,17
520.8571428571428,0.9538461538461539,0.19987668782353216,17
520.9285714285714,1.018181818181818,0.2190135661294988,17
521.0,0.9384615384615385,0.1953098988978671,17
521.0714285714286,1.0545454545454545,0.2133557150793594,17
521.1428571428571,0.9692307692307692,0.19883784637707622,17
521.2142857142857,0.9818181818181819,0.21482262527624624,17
521.2857142857142,0.9428571428571428,0.18148177812876598,17
521.3571428571428,0.9384615384615385,0.19199975345151823,17
521.4285714285714,1.0076923076923077,0.17990793174656153,17
521.5,0.9357142857142857,0.17992890624628033,17
521.5714285714286,1.0214285714285716,0.16547586106905837,17
521.6428571428571,1.0,0.1620609029461957,17
521.7142857142857,0.9916666666666667,0.18726837545203526,17
521.7857142857142,1.0307692307692309,0.1773684472361155,17
521.8571428571428,1.0416666666666667,0.19519156609532973,17
521.9285714285714,1.0142857142857142,0.17188583703526128,17
522.0,0.9142857142857144,0.18303219642826873,17
522.0714285714286,1.0307692307692309,0.18410720656956406,17
522.1428571428571,0.975,0.19271780279764378,17
522.2142857142857,0.9583333333333334,0.21931654628583652,17
522.2857142857142,0.8727272727272727,0.22201183796894056,17
522.3571428571428,0.8727272727272727,0.22201183796894056,17
522.4285714285714,0.9333333333333333,0.18065137872410672,17
522.5,0.9857142857142858,0.17754650926259963,17
522.5714285714286,1.0363636363636364,0.2014821116682919,17
522.6428571428571,1.0727272727272728,0.19497827808661106,17
522.7142857142857,0.9615384615384616,0.2055444494751906,17
522.7857142857142,1.1636363636363638,0.19224639836925533,17
522.8571428571428,0.9916666666666667,0.20243155720770253,17
522.9285714285714,0.9500000000000001,0.190069391608364,17
523.0,1.0153846153846153,0.19143391235825735,17
523.0714285714286,0.975,0.2000473428814774,17
523.1428571428571,0.9583333333333334,0.1944137782455687,17
523.2142857142857,0.9166666666666666,0.2099182139921559,17
523.2857142857142,1.0076923076923077,0.2011064071138673,17
523.3571428571428,0.9428571428571428,0.19964646932980198,17
523.4285714285714,0.9500000000000001,0.2010275799786883,17
523.5,0.9416666666666668,0.2179304633792322,17
523.5714285714286,1.05,0.21231052158514796,17
523.6428571428571,1.1636363636363638,0.209446338223043,17
523.7142857142857,1.1181818181818182,0.2251537582987081,17
523.7857142857142,1.0083333333333333,0.2217213420836017,17
523.8571428571428,0.8916666666666666,0.22206275844199694,17
523.9285714285714,1.0250000000000001,0.21466146709306133,17
524.0,1.0642857142857143,0.182053953739581,17
524.0714285714286,0.9928571428571429,0.1908524214721669,17
524.1428571428571,0.9857142857142858,0.18952141659173713,17
524.2142857142857,1.1416666666666666,0.1900790638262155,17
524.2857142857142,1.0615384615384615,0.19629205789361537,17
524.3571428571428,1.2181818181818183,0.18868838275083066,17
524.4285714285714,1.0166666666666666,0.2077415838405148,17
524.5,1.0769230769230769,0.1901935067759251,17
524.5714285714286,1.2090909090909092,0.18995432247806096,17
524.6428571428571,1.3199999999999998,0.16248076809271922,17
524.7142857142857,1.17,0.19209372712298547,17
524.7857142857142,1.31,0.1636052158907737,17
524.8571428571428,1.190909090909091,0.1885131032120702,17
524.9285714285714,1.2777777777777777,0.17541837115385495,17
525.0,1.2777777777777777,0.17620835030170787,17
525.0714285714286,1.2888888888888888,0.17673304133985407,17
525.1428571428571,1.1800000000000002,0.20965580258021851,17
525.2142857142857,1.2,0.1891501461214814,17
525.2857142857142,0.9833333333333334,0.20443319029191245,17
525.3571428571428,1.15,0.2088327347690278,17
525.4285714285714,1.0384615384615385,0.19333061278096725,17
525.5,1.1083333333333332,0.18441485402168226,17
525.5714285714286,1.28,0.16786237749352229,17
525.6428571428571,1.26,0.1634353422950835,17
525.7142857142857,1.2666666666666666,0.18027756377319948,17
525.7857142857142,0.976923076923077,0.18713557616305274,17
525.8571428571428,1.1090909090909091,0.1870607803287212,17
525.9285714285714,1.018181818181818,0.21312317472134695,17
526.0,1.1300000000000001,0.20604745947367456,17
526.0714285714286,1.06,0.21868292622475632,17
526.1428571428571,1.15,0.18150604520082642,17
526.2142857142857,1.0363636363636364,0.19129830454636562,17
526.2857142857142,0.9583333333333334,0.19673791724222375,17
526.3571428571428,1.0,0.20845753873282072,17
526.4285714285714,1.0454545454545454,0.19086579595651942,17
526.5,1.0999999999999999,0.15954480704349316,17
526.5714285714286,0.8083333333333332,0.1864575397816193,17
526.6428571428571,0.8636363636363636,0.19645620713613007,17
526.7142857142857,0.8818181818181817,0.19809005381767053,17
526.7857142857142,0.8416666666666667,0.18523463144581978,17
526.8571428571428,0.8416666666666667,0.18928026891892402,17
526.9285714285714,1.0444444444444445,0.21801574300387316,17
527.0,0.8666666666666667,0.1855921454276674,17
527.0714285714286,0.9833333333333334,0.18125544227287455,17
527.1428571428571,1.0272727272727273,0.18590853522922068,17
527.2142857142857,1.09,0.19913702708325132,17
527.2857142857142,1.0,0.2279132388529557,17
527.3571428571428,0.9636363636363636,0.19224639836925533,17
527.4285714285714,0.9538461538461539,0.16893914266696544,17
527.5,0.9727272727272727,0.1839421396629974,17
527.5714285714286,0.9363636363636364,0.19737952701825592,17
527.6428571428571,1.03,0.20978825303412751,17
527.7142857142857,0.9384615384615386,0.17414202188725803,17
527.7857142857142,0.9769230769230769,0.16453268950928798,17
527.8571428571428,1.03,0.20223748416156687,17
527.9285714285714,0.9076923076923078,0.18026388721408007,17
528.0,1.0363636363636364,0.195063032830056,17
528.0714285714286,0.9166666666666666,0.1862034295380114,17
528.1428571428571,0.9538461538461539,0.16587583579113713,17
528.2142857142857,0.9692307692307692,0.1703633430026931,17
528.2857142857142,1.0333333333333334,0.16621149968116714,17
528.3571428571428,1.0,0.17752507291971892,17
528.4285714285714,0.9916666666666667,0.17814631938693287,17
528.5,0.9750000000000001,0.17927674560620382,17
528.5714285714286,0.976923076923077,0.16375162796366183,17
528.6428571428571,0.8733333333333333,0.1643071069577497,17
528.7142857142857,0.9692307692307692,0.1634502258528906,17
528.7857142857142,0.86,0.1608903797177267,17
528.8571428571428,0.9916666666666667,0.17600720256152974,17
528.9285714285714,0.9249999999999999,0.18632205744599617,17
529.0,0.990909090909091,0.1956130435577274,17
529.0714285714286,0.8166666666666668,0.19726667588353947,17
529.1428571428571,1.0545454545454545,0.17599774604116453,17
529.2142857142857,0.9636363636363636,0.189387878690906,17
529.2857142857142,0.9583333333333334,0.17814631938693293,17
529.3571428571428,0.9500000000000001,0.1742951171972063,17
529.4285714285714,0.9,0.18627122616488492,17
529.5,0.97,0.21137118483316922,17
529.5714285714286,0.9,0.18909673650694175,17
529.6428571428571,0.9272727272727272,0.186883974258658,17
529.7142857142857,0.9500000000000001,0.1738599227173207,17
529.7857142857142,0.990909090909091,0.1970023282993678,17
529.8571428571428,0.9833333333333334,0.17659804270395718,17
529.9285714285714,0.8999999999999999,0.18009968749527977,17
530.0,0.9142857142857144,0.1571927992566694,17
530.0714285714286,0.8999999999999999,0.17209121016305456,17
530.1428571428571,1.0333333333333334,0.16847503786566836,17
530.2142857142857,0.9615384615384616,0.16738503959222265,17
530.2857142857142,0.9692307692307692,0.16578663124809465,17
530.3571428571428,0.975,0.1796988221070652,17
530.4285714285714,1.0416666666666667,0.17076402880979805,17
530.5,0.9846153846153847,0.1632389132553539,17
530.5714285714286,1.0363636363636364,0.1805409685426387,17
530.6428571428571,1.0,0.18381479480139457,17
530.7142857142857,1.0999999999999999,0.19069251784911848,17
530.7857142857142,1.075,0.16972571455680538,17
530.8571428571428,1.0833333333333333,0.1740051084818425,17
530.9285714285714,0.9500000000000001,0.16829787825215095,17
531.0,0.8999999999999999,0.18501559185854913,17
531.0714285714286,0.9500000000000001,0.16599682242424116,17
531.1428571428571,1.0583333333333333,0.17814631938693293,17
531.2142857142857,0.9615384615384616,0.18346328548326934,17
531.2857142857142,1.1272727272727272,0.19867328552214888,17
531.3571428571428,1.0666666666666667,0.18188130217481974,17
531.4285714285714,0.9500000000000001,0.17501962213382857,17
531.5,1.0454545454545454,0.21463018357742542,17
531.5714285714286,1.1545454545454545,0.2042118491636638,17
531.6428571428571,1.1454545454545455,0.20107150983198913,17
531.7142857142857,1.1083333333333334,0.19206151687057524,17
531.7857142857142,0.9461538461538462,0.19269192384423614,17
531.8571428571428,1.0699999999999998,0.2476781065101323,17
531.9285714285714,0.9818181818181819,0.22915583495563638,17
532.0,0.9916666666666667,0.19363286618930906,17
532.0714285714286,0.9307692307692308,0.18480225585002577,17
532.1428571428571,0.8428571428571429,0.18537585393289513,17
532.2142857142857,0.8615384615384615,0.19629205789361537,17
532.2857142857142,0.8916666666666666,0.20833333333333331,17
532.3571428571428,0.9272727272727272,0.2300556885510783,17
532.4285714285714,0.990909090909091,0.21082286638724826,17
532.5,1.0454545454545454,0.18701659448180058,17
532.5714285714286,1.1166666666666667,0.18041758520306453,17
532.6428571428571,1.1416666666666666,0.18317830911244085,17
532.7142857142857,1.0307692307692309,0.1834095233471748,17
532.7857142857142,1.0692307692307692,0.1755521017644763,17
532.8571428571428,1.0846153846153845,0.1768115590570186,17
532.9285714285714,1.03,0.24223496398698888,17
533.0,0.9545454545454546,0.21757491347856858,17
533.0714285714286,1.0,0.21277388766652566,17
533.1428571428571,0.9153846153846155,0.20027101952685866,17
533.2142857142857,1.018181818181818,0.21776475289473682,17
533.2857142857142,0.9272727272727274,0.22687237465184096,17
533.3571428571428,0.9214285714285715,0.1791857564702648,17
533.4285714285714,1.0,0.19962085273959945,17
533.5,0.9727272727272727,0.21704247975115135,17
533.5714285714286,1.0272727272727273,0.212385117219943,17
533.6428571428571,1.0454545454545454,0.21673764465724513,17
533.7142857142857,1.0,0.23570226039551584,17
533.7857142857142,0.9181818181818181,0.2291558349556364,17
533.8571428571428,1.1727272727272728,0.1912118810928714,17
533.9285714285714,1.1636363636363638,0.1908224911809294,17
534.0,1.0846153846153845,0.18496228092476455,17
534.0714285714286,1.0,0.18247384277398032,17
534.1428571428571,1.0642857142857143,0.1695524629034008,17
534.2142857142857,0.9866666666666667,0.16786237749352229,17
534.2857142857142,1.16,0.21197484127446195,17
534.3571428571428,1.1363636363636365,0.1903454884116713,17
534.4285714285714,1.1333333333333333,0.17766726362967536,17
534.5,1.1307692307692307,0.16028204923109737,17
534.5714285714286,1.0266666666666666,0.17551737579609947,17
534.6428571428571,1.0714285714285714,0.17046432111257326,17
534.7142857142857,1.0785714285714285,0.1710274611419996,17
534.7857142857142,1.0785714285714285,0.1710274611419996,17
534.8571428571428,1.0846153846153845,0.18737257339943703,17
534.9285714285714,1.1833333333333333,0.17745393483915478,17
535.0,1.1500000000000001,0.17773831632742865,17
535.0714285714286,1.1307692307692307,0.1634502258528906,17
535.1428571428571,1.1615384615384614,0.16429275837251292,17
535.2142857142857,1.25,0.13679225567305048,17
535.2857142857142,1.1500000000000001,0.14516001023501127,17
535.3571428571428,1.0,0.19227505550564006,17
535.4285714285714,1.146153846153846,0.15795787519242502,17
535.5,1.1384615384615384,0.15423028965971863,17
535.5714285714286,1.0461538461538462,0.174904876936955,17
535.6428571428571,1.1416666666666666,0.16762979292103022,17
535.7142857142857,1.05,0.16366341767699427,17
535.7857142857142,1.05,0.16332735280969984,17
535.8571428571428,1.0384615384615385,0.1752428576906849,17
535.9285714285714,1.1307692307692307,0.1558206626075743,17
536.0,1.1500000000000001,0.1716674021755353,17
536.0714285714286,1.1416666666666666,0.16762979292103025,17
536.1428571428571,1.0461538461538462,0.17636478245146303,17
536.2142857142857,1.0571428571428572,0.16498893926106967,17
536.2857142857142,1.1500000000000001,0.17210814077553716,17
536.3571428571428,1.0571428571428572,0.1636514272437992,17
536.4285714285714,1.1307692307692307,0.15458157558664012,17
536.5,1.1307692307692307,0.15333247577154926,17
536.5714285714286,1.0999999999999999,0.16096301099659793,17
536.6428571428571,1.0230769230769232,0.17400038540844665,17
536.7142857142857,1.0615384615384615,0.1759729224284461,17
536.7857142857142,1.1538461538461537,0.1575515319097234,17
536.8571428571428,1.05,0.19325756090897153,17
536.9285714285714,1.1615384615384614,0.15873638101826917,17
537.0,1.1615384615384614,0.15873638101826917,17
537.0714285714286,1.176923076923077,0.15858098560067924,17
537.1428571428571,1.1076923076923078,0.1841339877474742,17
537.2142857142857,1.1833333333333333,0.1700415873077566,17
537.2857142857142,1.1636363636363638,0.1840319770992023,17
537.3571428571428,1.0666666666666667,0.19475444264327563,17
537.4285714285714,1.0923076923076922,0.1806191411831418,17
537.5,1.0833333333333333,0.19688226497738762,17
537.5714285714286,1.1400000000000001,0.20121851030382093,17
537.6428571428571,1.1300000000000001,0.1972308292331602,17
537.7142857142857,1.018181818181818,0.2053016325570221,17
537.7857142857142,1.018181818181818,0.2053016325570221,17
537.8571428571428,1.1222222222222222,0.21907493503478168,17
537.9285714285714,1.16,0.2006655592438988,17
538.0,1.1545454545454545,0.1830864854570779,17
538.0714285714286,1.1545454545454545,0.1830864854570779,17
538.1428571428571,1.1454545454545455,0.1815907668676198,17
538.2142857142857,1.1181818181818182,0.17777318635025915,17
538.2857142857142,1.0769230769230769,0.1801544373635441,17
538.3571428571428,1.2750000000000001,0.13264500356099723,17
538.4285714285714,1.2750000000000001,0.13264500356099723,17
538.5,1.2666666666666668,0.13333333333333333,17
538.5714285714286,1.2666666666666666,0.13161775079081212,17
538.6428571428571,1.276923076923077,0.12667029995827253,17
538.7142857142857,1.276923076923077,0.1271753514629461,17
538.7857142857142,1.2923076923076924,0.12581097872150868,17
538.8571428571428,1.1857142857142857,0.14819690749436987,17
538.9285714285714,1.2,0.16290629680421054,17
539.0,1.2,0.16290629680421054,17
539.0714285714286,1.2923076923076924,0.12733034890189884,17
539.1428571428571,1.3153846153846156,0.12752383077752005,17
539.2142857142857,1.3,0.1387170654332921,17
539.2857142857142,1.3333333333333333,0.14213381090374028,17
539.3571428571428,1.176923076923077,0.15858098560067926,17
539.4285714285714,1.323076923076923,0.12565410711595734,17
539.5,1.3384615384615384,0.12887007049363142,17
539.5714285714286,1.1500000000000001,0.1775133488247828,17
539.6428571428571,1.1142857142857143,0.17156587907687906,17
539.7142857142857,1.1285714285714286,0.17270586423628254,17
539.7857142857142,1.2076923076923076,0.16071217242904753,17
539.8571428571428,1.2153846153846155,0.16284574809488833,17
539.9285714285714,1.1214285714285714,0.17733638843305788,17
540.0,1.1428571428571428,0.17750229396885897,17
540.0714285714286,1.1500000000000001,0.17813132579860633,17
540.1428571428571,1.2384615384615385,0.16966726923163677,17
540.2142857142857,1.2307692307692308,0.16617283842071437,17
540.2857142857142,1.2461538461538462,0.163932203237749,17
540.3571428571428,1.1642857142857144,0.17684883433057066,17
540.4285714285714,1.1307692307692307,0.18891885905255706,17
540.5,1.2166666666666666,0.1740051084818425,17
540.5714285714286,1.169230769230769,0.1834095233471748,17
540.6428571428571,1.3416666666666668,0.1400532005699941,17
540.7142857142857,1.1500000000000001,0.170889720882494,17
540.7857142857142,1.2307692307692308,0.15582066260757432,17
540.8571428571428,1.2166666666666666,0.17225480304397078,17
540.9285714285714,1.3166666666666667,0.14451241601965686,17
541.0,1.3166666666666667,0.1450356974518809,17
541.0714285714286,1.3,0.14459976109624423,17
541.1428571428571,1.330769230769231,0.14023086065513146,17
541.2142857142857,1.3333333333333333,0.1499158012844126,17
541.2857142857142,1.3461538461538463,0.14033631062164725,17
541.3571428571428,1.1285714285714286,0.17174878518327555,17
541.4285714285714,1.1785714285714286,0.17546752976872876,17
541.5,1.3666666666666665,0.14581709866344983,17
541.5714285714286,1.2357142857142858,0.1595347434883882,17
541.6428571428571,1.2357142857142858,0.14847471492921752,17
541.7142857142857,1.2307692307692308,0.1598816130063579,17
541.7857142857142,1.2428571428571427,0.15679281693091138,17
541.8571428571428,1.2307692307692308,0.16462257353102072,17
541.9285714285714,1.2285714285714284,0.1442786419766011,17
542.0,1.1533333333333333,0.15364357847417254,17
542.0714285714286,1.1733333333333333,0.14358228656722602,17
542.1428571428571,1.2357142857142858,0.13851930593303427,17
542.2142857142857,1.1533333333333333,0.15333333333333332,17
542.2857142857142,1.1,0.16065342763079724,17
542.3571428571428,1.1928571428571428,0.1535171128071616,17
542.4285714285714,1.1866666666666668,0.14731458618068782,17
542.5,1.2571428571428573,0.1256693226285616,17
542.5714285714286,1.1866666666666668,0.1369277413426744,17
542.6428571428571,1.2538461538461538,0.13616326202412057,17
542.7142857142857,1.1,0.15675276256394519,17
542.7857142857142,1.1,0.1460593486680443,17
542.8571428571428,1.2571428571428573,0.12697420596165127,17
542.9285714285714,1.2615384615384615,0.13612704357367958,17
543.0,1.330769230769231,0.12474826723251427,17
543.0714285714286,1.2428571428571427,0.14053050418313265,17
543.1428571428571,1.157142857142857,0.16763195088530652,17
543.2142857142857,1.1266666666666665,0.16314371889801035,17
543.2857142857142,1.2,0.15335085104584037,17
543.3571428571428,1.3727272727272728,0.15379496923496383,17
543.4285714285714,1.2384615384615385,0.16776756720980096,17
543.5,1.2571428571428573,0.15818833041881042,17
543.5714285714286,1.323076923076923,0.14682705950995292,17
543.6428571428571,1.276923076923077,0.17140215350120916,17
543.7142857142857,1.2538461538461538,0.16855927383814923,17
543.7857142857142,1.3416666666666668,0.14640041259532302,17
543.8571428571428,1.3166666666666667,0.14079500105910123,17
543.9285714285714,1.1357142857142857,0.14698700804408518,17
544.0,1.2692307692307692,0.1402308606551315,17
544.0714285714286,1.2846153846153845,0.144046891335263,17
544.1428571428571,1.1923076923076923,0.16190434753730143,17
544.2142857142857,1.2384615384615385,0.14030116943902007,17
544.2857142857142,1.3166666666666667,0.14346012714621467,17
544.3571428571428,1.2285714285714284,0.15457441446609244,17
544.4285714285714,1.323076923076923,0.12917581249035898,17
544.5,1.2692307692307692,0.13977299149647535,17
544.5714285714286,1.2,0.1530639455540443,17
544.6428571428571,1.2066666666666668,0.15133270400540427,17
544.7142857142857,1.2066666666666668,0.14911378418818505,17
544.7857142857142,1.2785714285714285,0.13431902789957562,17
544.8571428571428,1.3076923076923077,0.14912631819072153,17
544.9285714285714,1.3153846153846156,0.14886155754125868,17
545.0,1.2307692307692308,0.1302781124662589,17
545.0714285714286,1.2785714285714285,0.13016412776562472,17
545.1428571428571,1.2999999999999998,0.1414213562373095,17
545.2142857142857,1.2846153846153845,0.14537579677500806,17
545.2857142857142,1.292857142857143,0.1348439414287175,17
545.3571428571428,1.2857142857142858,0.1304502527626523,17
545.4285714285714,1.2066666666666668,0.15006876730564198,17
545.5,1.292857142857143,0.13320408439860604,17
545.5714285714286,1.2750000000000001,0.14930394055974097,17
545.6428571428571,1.276923076923077,0.14058205294228512,17
545.7142857142857,1.2785714285714285,0.1293171293263412,17
545.7857142857142,1.3076923076923077,0.1393490077345637,17
545.8571428571428,1.2999999999999998,0.13821202589704018,17
545.9285714285714,1.2,0.14206272622267313,17
546.0,1.1923076923076923,0.17337581030130225,17
546.0714285714286,1.3166666666666667,0.1580340073362296,17
546.1428571428571,1.3583333333333334,0.16489589614558808,17
546.2142857142857,1.2384615384615385,0.1810009426021856,17
546.2857142857142,1.2384615384615385,0.17560826945164845,17
546.3571428571428,1.3416666666666668,0.15833333333333333,17
546.4285714285714,1.25,0.1389898622856423,17
546.5,1.2583333333333333,0.13951123194346698,17
546.5714285714286,1.3083333333333333,0.15689136046927182,17
546.6428571428571,1.2230769230769232,0.1769230769230769,17
546.7142857142857,1.24,0.15729862409715203,17
546.7857142857142,1.3071428571428572,0.1352507990731349,17
546.8571428571428,1.3071428571428572,0.13646409410387714,17
546.9285714285714,1.2384615384615385,0.13035378956382096,17
547.0,1.3,0.12966567322613495,17
547.0714285714286,1.2785714285714285,0.12931712932634118,17
547.1428571428571,1.292857142857143,0.12986226249896496,17
547.2142857142857,1.2642857142857142,0.12907410890142537,17
547.2857142857142,1.2714285714285716,0.1277138677870095,17
547.3571428571428,1.2076923076923076,0.12682591463606388,17
547.4285714285714,1.2571428571428573,0.12566932262856162,17
547.5,1.1928571428571428,0.1567051847057326,17
547.5714285714286,1.1538461538461537,0.15795787519242502,17
547.6428571428571,1.2416666666666667,0.13453530196475377,17
547.7142857142857,1.2714285714285716,0.12510592058642578,17
547.7857142857142,1.2230769230769232,0.12967110572810547,17
547.8571428571428,1.1733333333333333,0.13254529025300738,17
547.9285714285714,1.2692307692307692,0.12678702887257556,17
548.0,1.2571428571428573,0.11893034516711816,17
548.0714285714286,1.2416666666666667,0.1389671496680733,17
548.1428571428571,1.1642857142857144,0.13931036693638332,17
548.2142857142857,1.2153846153846155,0.12343697335293242,17
548.2857142857142,1.2384615384615385,0.12379597645716219,17
548.3571428571428,1.1714285714285713,0.1484086174701572,17
548.4285714285714,1.2583333333333333,0.13621414364629295,17
548.5,1.1166666666666667,0.1659834481221096,17
548.5714285714286,1.2,0.135400640077266,17
548.6428571428571,1.207142857142857,0.11881479063692926,17
548.7142857142857,1.1466666666666667,0.12868072955470122,17
548.7857142857142,1.1400000000000001,0.1252806373516598,17
548.8571428571428,1.2142857142857142,0.11806923972363334,17
548.9285714285714,1.1214285714285714,0.14720045815913957,17
549.0,1.2142857142857142,0.12218574531395955,17
549.0714285714286,1.1133333333333333,0.13482498944104457,17
549.1428571428571,1.22,0.16316317667360553,17
549.2142857142857,1.1333333333333333,0.13044490413915377,17
549.2857142857142,1.1133333333333333,0.13232955494186138,17
549.3571428571428,1.0533333333333335,0.1486019504668081,17
549.4285714285714,1.0642857142857143,0.16226661782087742,17
549.5,1.1666666666666667,0.16111981864313263,17
549.5714285714286,1.19,0.15947831618540917,17
549.6428571428571,1.1916666666666667,0.14220042051962994,17
549.7142857142857,1.1615384615384614,0.13799779891335576,17
549.7857142857142,1.1333333333333333,0.14940961255298243,17
549.8571428571428,1.0285714285714287,0.15947323018612516,17
549.9285714285714,1.0538461538461539,0.16196524817798727,17
550.0,1.0333333333333334,0.15779413772060702,17
550.0714285714286,1.1500000000000001,0.14796600756234318,17
550.1428571428571,1.1333333333333333,0.15439683882250907,17
550.2142857142857,1.1090909090909091,0.16093733701748947,17
550.2857142857142,0.9500000000000001,0.17627089541790095,17
550.3571428571428,1.0,0.16908501882113505,17
550.4285714285714,0.9266666666666666,0.15900484169527568,17
550.5,1.0,0.19211738835693895,17
550.5714285714286,1.0583333333333333,0.18193335998311988,17
550.6428571428571,1.1416666666666666,0.1534740790143174,17
550.7142857142857,1.0615384615384615,0.16738503959222267,17
550.7857142857142,1.1181818181818182,0.16338364323283117,17
550.8571428571428,1.0923076923076924,0.16426274233894325,17
550.9285714285714,1.075,0.1859150180576974,17
551.0,1.125,0.16055066225810205,17
551.0714285714286,1.2083333333333333,0.15048322836848638,17
551.1428571428571,1.2166666666666666,0.14966292092228423,17
551.2142857142857,1.27,0.16333333333333333,17
551.2857142857142,1.2181818181818183,0.15124824976789394,17
551.3571428571428,1.33,0.10225241100118644,17
551.4285714285714,1.1545454545454545,0.16861124537264915,17
551.5,1.19,0.18345450541089353,17
551.5714285714286,1.425,0.0920985497016259,17
551.6428571428571,1.375,0.11299494299683127,17
551.7142857142857,1.3,0.10000000000000002,17
551.7857142857142,1.19,0.15235193176035253,17
551.8571428571428,1.26,0.12578641509408803,17
551.9285714285714,1.1181818181818182,0.16449270877357883,17
552.0,1.0083333333333333,0.17557625181675396,17
552.0714285714286,1.0818181818181818,0.15944117286104545,17
552.1428571428571,1.2,0.13581032524975578,17
552.2142857142857,1.0727272727272728,0.16016520396760175,17
552.2857142857142,1.3285714285714287,0.1016864595431553,17
552.3571428571428,1.1555555555555557,0.15466012118972286,17
552.4285714285714,1.275,0.11140338543201589,17
552.5,0.9545454545454546,0.17075428191816577,17
552.5714285714286,1.05,0.16947631758514883,17
552.6428571428571,1.0699999999999998,0.16127960537870592,17
552.7142857142857,1.1666666666666667,0.14433756729740643,17
552.7857142857142,0.9833333333333334,0.1580340073362296,17
552.8571428571428,1.19,0.09712534856222309,17
552.9285714285714,1.0666666666666667,0.12811768579763458,17
553.0,1.1800000000000002,0.10832051206181281,17
553.0714285714286,0.9538461538461539,0.14438880231078038,17
553.1428571428571,1.0545454545454545,0.1397163596613682,17
553.2142857142857,1.0636363636363637,0.14095307231501314,17
553.2857142857142,1.0272727272727273,0.16464336614795302,17
553.3571428571428,1.0,0.15025231304628084,17
553.4285714285714,0.9461538461538462,0.13426694832395944,17
553.5,0.9500000000000001,0.15496822743759933,17
553.5714285714286,0.9615384615384616,0.13230620154198908,17
553.6428571428571,1.0,0.14012980994907415,17
553.7142857142857,0.9692307692307692,0.13076923076923078,17
553.7857142857142,0.9818181818181819,0.1469806306460956,17
553.8571428571428,0.85,0.15,17
553.9285714285714,0.9583333333333334,0.13053406227548964,17
554.0,0.8923076923076922,0.14208228857193378,17
554.0714285714286,0.9833333333333334,0.13642254619787417,17
554.1428571428571,0.95,0.15438048235879215,17
554.2142857142857,0.9666666666666667,0.13219208552234687,17
554.2857142857142,0.9461538461538462,0.12790991652550687,17
554.3571428571428,0.9461538461538462,0.1313711636661487,17
554.4285714285714,0.9461538461538462,0.12331707339908766,17
554.5,0.975,0.12439246298906075,17
554.5714285714286,0.9249999999999999,0.14622782142115007,17
554.6428571428571,0.9500000000000001,0.15,17
554.7142857142857,1.0153846153846153,0.11538461538461538,17
554.7857142857142,1.0153846153846153,0.11257257137700098,17
554.8571428571428,1.0230769230769232,0.1104500386843069,17
554.9285714285714,0.9714285714285714,0.11456011015316174,17
555.0,0.9928571428571429,0.11788627678537103,17
555.0714285714286,1.0,0.11859989066577618,17
555.1428571428571,1.0142857142857142,0.1171348161271301,17
555.2142857142857,0.9928571428571429,0.11457723807583398,17
555.2857142857142,0.9928571428571429,0.11647962879682774,17
555.3571428571428,0.94,0.12451811878101077,17
555.4285714285714,0.94,0.1260385428577873,17
555.5,0.9785714285714285,0.12587215362455975,17
555.5714285714286,1.05,0.1157976291168818,17
555.6428571428571,1.0666666666666667,0.11827890340165904,17
555.7142857142857,0.976923076923077,0.1354734556996722,17
555.7857142857142,0.9363636363636364,0.15912986536029866,17
555.8571428571428,1.0461538461538462,0.11071758055068773,17
555.9285714285714,1.0153846153846153,0.10968845967285865,17
556.0,1.0250000000000001,0.12316839913490206,17
556.0714285714286,1.0,0.1348399724926484,17
556.1428571428571,0.990909090909091,0.13311276521980456,17
556.2142857142857,0.9727272727272727,0.13217819177218793,17
556.2857142857142,0.9636363636363636,0.12811410203602047,17
556.3571428571428,0.9923076923076923,0.10528443675716825,17
556.4285714285714,0.9642857142857143,0.10196268594422547,17
556.5,0.9785714285714285,0.10492203878556658,17
556.5714285714286,0.9714285714285714,0.1045285446206076,17
556.6428571428571,0.9857142857142858,0.1063154867907501,17
556.7142857142857,1.0,0.10482848367219184,17
556.7857142857142,0.9769230769230769,0.1116047548349762,17
556.8571428571428,1.0384615384615385,0.11182544865311039,17
556.9285714285714,0.9916666666666667,0.11642290551817082,17
557.0,1.0083333333333333,0.11771713228040867,17
557.0714285714286,1.0454545454545454,0.13305066455618694,17
557.1428571428571,1.0636363636363635,0.13367037291427492,17
557.2142857142857,1.0416666666666667,0.11771713228040866,17
557.2857142857142,1.0538461538461539,0.1101370851021258,17
557.3571428571428,1.0692307692307692,0.11456977237307124,17
557.4285714285714,1.0461538461538462,0.11357556200179539,17
557.5,1.075,0.12193204764303864,17
557.5714285714286,1.0769230769230769,0.10986812966989,17
557.6428571428571,1.0916666666666666,0.12026380934588692,17
557.7142857142857,1.0999999999999999,0.11870513506545996,17
557.7857142857142,1.0846153846153845,0.10968845967285865,17
557.8571428571428,1.0857142857142856,0.10155772615878701,17
557.9285714285714,1.0923076923076922,0.11004750632756376,17
558.0,1.1142857142857143,0.10263406823430216,17
558.0714285714286,1.1076923076923078,0.10828590981424963,17
558.1428571428571,1.1,0.11491356841177723,17
558.2142857142857,1.1076923076923078,0.11235334512926483,17
558.2857142857142,1.1307692307692307,0.11512791959304434,17
558.3571428571428,1.05,0.1333218859554772,17
558.4285714285714,1.0466666666666666,0.12377655238628567,17
558.5,1.0999999999999999,0.119341628287971,17
558.5714285714286,1.1076923076923078,0.11348869731451655,17
558.6428571428571,1.0307692307692309,0.14428631409085563,17
558.7142857142857,1.1090909090909091,0.1344717242698225,17
558.7857142857142,1.0,0.1502523130462808,17
558.8571428571428,1.0307692307692309,0.1469277754652122,17
558.9285714285714,1.1,0.11821319289469756,17
559.0,1.1153846153846154,0.11867114323493473,17
559.0714285714286,1.1285714285714286,0.11065666703449763,17
559.1428571428571,1.1142857142857143,0.11136374558380864,17
559.2142857142857,1.0642857142857143,0.13118527409030165,17
559.2857142857142,1.0214285714285716,0.12455572539395546,17
559.3571428571428,1.0357142857142858,0.1299226916611461,17
559.4285714285714,1.1285714285714286,0.11879827367144499,17
559.5,1.0466666666666666,0.12183777921664708,17
559.5714285714286,1.1214285714285714,0.1163447753463492,17
559.6428571428571,1.0799999999999998,0.12618957771468103,17
559.7142857142857,1.06,0.12976168632572263,17
559.7857142857142,1.0285714285714287,0.13194594773625615,17
559.8571428571428,1.1214285714285714,0.12322523442357136,17
559.9285714285714,1.1214285714285714,0.12499607529160488,17
560.0,1.1357142857142857,0.12692783398154428,17
560.0714285714286,1.06,0.12976168632572266,17
560.1428571428571,1.0714285714285714,0.1423617785122176,17
560.2142857142857,1.04,0.1308579746282569,17
560.2857142857142,1.06,0.1355061059949136,17
560.3571428571428,1.1142857142857143,0.12529400275814703,17
560.4285714285714,1.0928571428571427,0.12858669018090382,17
560.5,1.092857142857143,0.1281586781368692,17
560.5714285714286,1.1,0.1394652266715594,17
560.6428571428571,1.175,0.14041335082857717,17
560.7142857142857,1.0846153846153845,0.14360119001995747,17
560.7857142857142,1.0923076923076924,0.15294608504622298,17
560.8571428571428,1.1846153846153846,0.13001289573422786,17
560.9285714285714,1.1615384615384614,0.12837168667906643,17
561.0,1.0923076923076922,0.14432048491764396,17
561.0714285714286,1.1076923076923078,0.13561896965751682,17
561.1428571428571,1.1416666666666666,0.14794467297819905,17
561.2142857142857,1.1500000000000001,0.1448614803350031,17
561.2857142857142,1.2,0.13084804974172187,17
561.3571428571428,1.2363636363636363,0.14287485132274286,17
561.4285714285714,1.1916666666666667,0.13509723396969542,17
561.5,1.1538461538461537,0.13234346564680963,17
561.5714285714286,1.146153846153846,0.13234346564680963,17
561.6428571428571,1.1545454545454545,0.1533644716256826,17
561.7142857142857,1.146153846153846,0.1303916116419602,17
561.7857142857142,1.1545454545454545,0.14915741310540864,17
561.8571428571428,1.190909090909091,0.15102952478032866,17
561.9285714285714,1.125,0.14255514616094958,17
562.0,1.1583333333333334,0.13951123194346696,17
562.0714285714286,1.146153846153846,0.13137116366614868,17
562.1428571428571,1.1416666666666666,0.1443156963120097,17
562.2142857142857,1.21,0.15878007151752738,17
562.2857142857142,1.1099999999999999,0.16563010998406458,17
562.3571428571428,1.125,0.15081847407135549,17
562.4285714285714,1.1454545454545455,0.15454545454545454,17
562.5,1.1636363636363638,0.15092004341416096,17
562.5714285714286,1.1300000000000001,0.16265163865007803,17
562.6428571428571,1.1384615384615384,0.14166521637498738,17
562.7142857142857,1.1363636363636365,0.161961121750492,17
562.7857142857142,1.1583333333333334,0.14005320056999407,17
562.8571428571428,1.1500000000000001,0.14061552998416382,17
562.9285714285714,1.1076923076923078,0.1370296329834604,17
563.0,1.1153846153846154,0.14044168141158106,17
563.0714285714286,1.125,0.14879567035082544,17
563.1428571428571,1.1416666666666666,0.13842092881986284,17
563.2142857142857,1.1500000000000001,0.14222261679238196,17
563.2857142857142,1.1272727272727272,0.1624197195209258,17
563.3571428571428,1.1500000000000001,0.13113721705515066,17
563.4285714285714,1.1454545454545455,0.1397163596613682,17
563.5,1.0916666666666666,0.1443156963120097,17
563.5714285714286,1.0769230769230769,0.13688561861578605,17
563.6428571428571,1.0857142857142859,0.12308182878763219,17
563.7142857142857,1.1583333333333334,0.12819157853806468,17
563.7857142857142,1.0923076923076922,0.13467031846162766,17
563.8571428571428,1.1583333333333334,0.13453530196475375,17
563.9285714285714,1.1333333333333333,0.12451927764426883,17
564.0,1.1615384615384616,0.12170712088518788,17
564.0714285714286,1.169230769230769,0.12319705675420743,17
564.1428571428571,1.169230769230769,0.12319705675420743,17
564.2142857142857,1.175,0.12620630056788096,17
564.2857142857142,1.1916666666666667,0.1275992384638939,17
564.3571428571428,1.0999999999999999,0.16678783474277076,17
564.4285714285714,1.2181818181818183,0.14448540776788235,17
564.5,1.2249999999999999,0.12740117976714582,17
564.5714285714286,1.2090909090909092,0.13714925211378987,17
564.6428571428571,1.146153846153846,0.1412469126576072,17
564.7142857142857,1.1166666666666667,0.15316525702520126,17
564.7857142857142,1.2090909090909092,0.1371492521137899,17
564.8571428571428,1.223076923076923,0.11555542912044868,17
564.9285714285714,1.157142857142857,0.12911971007186468,17
565.0,1.2153846153846153,0.11593883989268111,17
565.0714285714286,1.123076923076923,0.1326040211682145,17
565.1428571428571,1.1307692307692307,0.13271553122674395,17
565.2142857142857,1.2230769230769232,0.11610883828294973,17
565.2857142857142,1.1714285714285713,0.12378134365124153,17
565.3571428571428,1.2153846153846155,0.11758584090049336,17
565.4285714285714,1.2307692307692308,0.11842157167954351,17
565.5,1.2307692307692308,0.11949928407929276,17
565.5714285714286,1.1714285714285713,0.1224424383391495,17
565.6428571428571,1.1307692307692307,0.12978513574198733,17
565.7142857142857,1.1538461538461537,0.1303916116419602,17
565.7857142857142,1.2249999999999999,0.13264500356099723,17
565.8571428571428,1.2307692307692308,0.12829484040658334,17
565.9285714285714,1.2076923076923078,0.12932841244018964,17
566.0,1.29,0.16563010998406458,17
566.0714285714286,1.2909090909090908,0.14921281047523152,17
566.1428571428571,1.1642857142857144,0.12692783398154428,17
566.2142857142857,1.157142857142857,0.12479182036552432,17
566.2857142857142,1.1714285714285713,0.1315288676075664,17
566.3571428571428,1.1714285714285713,0.1327761776215864,17
566.4285714285714,1.0785714285714285,0.15015690380858773,17
566.5,1.0769230769230769,0.16257299983740883,17
566.5714285714286,1.1454545454545455,0.18701659448180058,17
566.6428571428571,1.1090909090909091,0.1909090909090909,17
566.7142857142857,1.0769230769230769,0.16098807335735654,17
566.7857142857142,1.0769230769230769,0.16296682301726093,17
566.8571428571428,1.1545454545454545,0.18991080986210168,17
566.9285714285714,1.1363636363636365,0.18452530118349492,17
567.0,1.1454545454545455,0.18506197309090144,17
567.0714285714286,1.1272727272727272,0.18785434836156203,17
567.1428571428571,1.1333333333333333,0.17247456260989544,17
567.2142857142857,1.1416666666666666,0.1720897992034943,17
567.2857142857142,1.1363636363636365,0.18794231575030348,17
567.3571428571428,1.1,0.16290629680421057,17
567.4285714285714,1.1,0.16756169931378434,17
567.5,1.0916666666666666,0.18193335998311985,17
567.5714285714286,1.17,0.20872629605937695,17
567.6428571428571,1.15,0.20723041389826072,17
567.7142857142857,1.125,0.1679308118713108,17
567.7857142857142,1.1454545454545455,0.18798628400818668,17
567.8571428571428,1.1666666666666667,0.172034762754391,17
567.9285714285714,1.1666666666666667,0.172034762754391,17
568.0,1.0999999999999999,0.18090680674665818,17
568.0714285714286,1.1666666666666667,0.17378728435078386,17
568.1428571428571,1.175,0.17672311848216296,17
568.2142857142857,1.175,0.17543236631680925,17
568.2857142857142,1.1666666666666667,0.1772403492835122,17
568.3571428571428,1.1666666666666667,0.17894189565387425,17
568.4285714285714,1.1727272727272728,0.19263291000379174,17
568.5,1.1818181818181819,0.19344634295666016,17
568.5714285714286,1.1545454545454545,0.1908657959565194,17
568.6428571428571,1.1416666666666666,0.17814631938693293,17
568.7142857142857,1.1583333333333334,0.17814631938693293,17
568.7857142857142,1.0769230769230769,0.18367817666730693,17
568.8571428571428,1.1333333333333333,0.17851802953395735,17
568.9285714285714,1.1727272727272728,0.19357446727336042,17
569.0,1.1727272727272728,0.19310426250693458,17
569.0714285714286,1.1333333333333333,0.18395212376698408,17
569.1428571428571,1.1363636363636365,0.19875646462795862,17
569.2142857142857,1.1300000000000001,0.21962088546705508,17
569.2857142857142,1.0444444444444445,0.23399377431836318,17
569.3571428571428,1.1777777777777778,0.2337958379166757,17
569.4285714285714,1.0699999999999998,0.2445176658012441,17
569.5,1.22,0.21489015281714932,17
569.5714285714286,1.1363636363636365,0.21585884582827283,17
569.6428571428571,1.05,0.2175970699446223,17
569.7142857142857,1.1545454545454545,0.2137813821146336,17
569.7857142857142,1.05,0.2140872096444188,17
569.8571428571428,1.1090909090909091,0.2294081497540001,17
569.9285714285714,1.1363636363636365,0.20682567418996178,17
570.0,1.24,0.1892675942210452,17
570.0714285714286,1.1727272727272728,0.18736978949801092,17
570.1428571428571,1.190909090909091,0.1918591080855217,17
570.2142857142857,1.1727272727272728,0.19497827808661106,17
570.2857142857142,1.24,0.19333333333333333,17
570.3571428571428,1.1636363636363638,0.19318983940566536,17
570.4285714285714,1.0363636363636364,0.2158588458282728,17
570.5,1.1181818181818182,0.1901282733592732,17
570.5714285714286,1.2000000000000002,0.1763261440935776,17
570.6428571428571,1.2181818181818183,0.17674747359294163,17
570.7142857142857,1.22,0.1987740202116743,17
570.7857142857142,1.1181818181818182,0.20037155569236492,17
570.8571428571428,1.190909090909091,0.1796231132396868,17
570.9285714285714,1.2,0.18140862964338525,17
571.0,1.2090909090909092,0.17860802458535,17
571.0714285714286,1.24,0.1910206504252587,17
571.1428571428571,1.1272727272727272,0.19958634909181952,17
571.2142857142857,1.23,0.19093337988826248,17
571.2857142857142,1.190909090909091,0.16973484425824859,17
571.3571428571428,1.075,0.17800451134902748,17
571.4285714285714,1.1181818181818182,0.19391571825183218,17
571.5,1.22,0.1896195020443719,17
571.5714285714286,1.09,0.20787282436891819,17
571.6428571428571,1.2,0.18012341448141728,17
571.7142857142857,1.075,0.17629391780360845,17
571.7857142857142,1.075,0.17969882210706523,17
571.8571428571428,1.09,0.17091258324392358,17
571.9285714285714,1.0916666666666666,0.17857106782070345,17
572.0,1.1727272727272728,0.16683737813751942,17
572.0714285714286,1.1636363636363638,0.16252145440062943,17
572.1428571428571,1.1636363636363638,0.1613988437903429,17
572.2142857142857,1.0833333333333333,0.1795758189386164,17
572.2857142857142,1.075,0.17543236631680925,17
572.3571428571428,1.075,0.1728219437525925,17
572.4285714285714,1.0833333333333333,0.1722548030439708,17
572.5,1.0545454545454545,0.1860418507968943,17
572.5714285714286,1.075,0.1633572957066995,17
572.6428571428571,1.0545454545454545,0.18008262566420924,17
572.7142857142857,1.1727272727272728,0.15787849706249027,17
572.7857142857142,1.0916666666666666,0.16489589614558808,17
572.8571428571428,1.1454545454545455,0.15513257460146576,17
572.9285714285714,1.0416666666666667,0.1588110814646119,17
573.0,0.990909090909091,0.1580877463220666,17
573.0714285714286,1.0909090909090908,0.17604469755488258,17
573.1428571428571,1.17,0.16736520280844255,17
573.2142857142857,1.0545454545454545,0.16807121670380543,17
573.2857142857142,1.0545454545454545,0.17339583530892355,17
573.3571428571428,1.15,0.20959143930173157,17
573.4285714285714,1.1625,0.20868422830405067,17
573.5,1.1555555555555557,0.1788164104381231,17
573.5714285714286,1.07,0.1862197029795123,17
573.6428571428571,1.1555555555555557,0.18642179706180573,17
573.7142857142857,1.1777777777777778,0.18392161508052055,17
573.7857142857142,1.0555555555555556,0.22180516419641255,17
573.8571428571428,0.9800000000000001,0.21385353243127253,17
573.9285714285714,0.9818181818181819,0.1934463429566602,17
574.0,1.188888888888889,0.18138697463682787,17
574.0714285714286,1.2000000000000002,0.17950549357115014,17
574.1428571428571,1.1777777777777778,0.1769948035785999,17
574.2142857142857,1.0,0.1818118685772619,17
574.2857142857142,1.0875,0.17971952354392984,17
574.3571428571428,0.9818181818181819,0.19060581972331458,17
574.4285714285714,1.1,0.19720265943665385,17
574.5,1.0083333333333333,0.17384176597112558,17
574.5714285714286,1.1800000000000002,0.15260697523012798,17
574.6428571428571,1.1777777777777778,0.1664813784863522,17
574.7142857142857,1.1800000000000002,0.14966629547095764,17
574.7857142857142,1.0699999999999998,0.16868774571839995,17
574.8571428571428,1.1800000000000002,0.14590712418826193,17
574.9285714285714,1.0545454545454545,0.16807121670380543,17
575.0,1.0999999999999999,0.14893561757289014,17
575.0714285714286,1.0909090909090908,0.14171324789199904,17
575.1428571428571,1.0999999999999999,0.14522709489247898,17
575.2142857142857,1.0727272727272728,0.14275911630875346,17
575.2857142857142,1.0818181818181818,0.14511323592170847,17
575.3571428571428,1.1400000000000001,0.14696938456699069,17
575.4285714285714,1.0999999999999999,0.14270121360253515,17
575.5,1.0909090909090908,0.1410702890274242,17
575.5714285714286,1.0,0.15811388300841897,17
575.6428571428571,1.16,0.14313940369055925,17
575.7142857142857,1.0999999999999999,0.14206272622267313,17
575.7857142857142,1.1666666666666667,0.15545631755148026,17
575.8571428571428,0.9833333333333334,0.15415130963642917,17
575.9285714285714,0.9833333333333334,0.15415130963642917,17
576.0,0.9916666666666667,0.15592263686478844,17
576.0714285714286,0.975,0.155760597188004,17
576.1428571428571,1.0818181818181818,0.1425853376487102,17
576.2142857142857,1.1400000000000001,0.14391355429948602,17
576.2857142857142,1.15,0.14700718047466632,17
576.3571428571428,1.09,0.1636052158907737,17
576.4285714285714,1.09,0.19116601278586223,17
576.5,1.01,0.19745604292826516,17
576.5714285714286,1.03,0.20168732676541126,17
576.6428571428571,0.9666666666666667,0.192799681461659,17
576.7142857142857,1.0363636363636364,0.1840319770992023,17
576.7857142857142,0.990909090909091,0.2011126077393845,17
576.8571428571428,0.9333333333333332,0.18477395417486236,17
576.9285714285714,0.96,0.22221111083331943,17
577.0,0.8727272727272727,0.19497827808661108,17
577.0714285714286,0.8636363636363636,0.19177293736117262,17
577.1428571428571,1.0,0.17735429358926005,17
577.2142857142857,1.06,0.19275776393067948,17
577.2857142857142,0.8692307692307693,0.17334736705440404,17
577.3571428571428,0.9083333333333333,0.18109863934253392,17
577.4285714285714,0.9166666666666666,0.18208944411076017,17
577.5,0.9166666666666666,0.18333333333333335,17
577.5714285714286,0.8692307692307693,0.17111422762430809,17
577.6428571428571,0.8250000000000001,0.18672820955180888,17
577.7142857142857,0.8916666666666666,0.18400359570487537,17
577.7857142857142,0.8916666666666667,0.18317830911244087,17
577.8571428571428,0.9,0.1842264745887353,17
577.9285714285714,0.9166666666666666,0.1886287573007045,17
578.0,0.9166666666666666,0.1898298014942689,17
578.0714285714286,0.9,0.18789100644530674,17
578.1428571428571,0.8800000000000001,0.21123972690339812,17
578.2142857142857,0.9166666666666666,0.18497884126886435,17
578.2857142857142,0.9249999999999999,0.18794139963555048,17
578.3571428571428,0.881818181818182,0.20662578463500886,17
578.4285714285714,0.875,0.18994616462183556,17
578.5,0.8727272727272727,0.20762330797993014,17
578.5714285714286,0.890909090909091,0.19883960893807007,17
578.6428571428571,0.93,0.2196208854670551,17
578.7142857142857,0.8727272727272727,0.20980116521511463,17
578.7857142857142,0.8272727272727273,0.21281272564944773,17
578.8571428571428,0.7833333333333333,0.19879688634433393,17
578.9285714285714,0.7833333333333333,0.19879688634433393,17
579.0,0.8583333333333334,0.19635247115657326,17
579.0714285714286,0.8416666666666667,0.19673791724222375,17
579.1428571428571,0.8333333333333334,0.19358395459011438,17
579.2142857142857,0.9249999999999999,0.17456656280194338,17
579.2857142857142,0.9249999999999999,0.17456656280194338,17
579.3571428571428,0.8384615384615385,0.17742403991801226,17
579.4285714285714,0.7923076923076924,0.18792440462601814,17
579.5,0.8583333333333334,0.2013057125344184,17
579.5714285714286,0.7923076923076924,0.1862110528755416,17
579.6428571428571,0.8583333333333334,0.19363286618930908,17
579.7142857142857,0.8333333333333334,0.18518350167584932,17
579.7857142857142,0.8333333333333334,0.1818813021748197,17
579.8571428571428,0.9090909090909091,0.19838188400362178,17
579.9285714285714,0.7166666666666667,0.2044331902919125,17
580.0,0.775,0.2011802297654639,17
580.0714285714286,0.7999999999999999,0.20633893858348107,17
580.1428571428571,0.7692307692307693,0.19624181034181465,17
580.2142857142857,0.7692307692307693,0.19591488712710836,17
580.2857142857142,0.7923076923076924,0.20174289885559485,17
580.3571428571428,0.7769230769230769,0.19746919466143747,17
580.4285714285714,0.8333333333333334,0.21438189279786657,17
580.5,0.7999999999999999,0.2059714602177749,17
580.5714285714286,0.7923076923076924,0.19886264376401272,17
580.6428571428571,0.875,0.20491128900974773,17
580.7142857142857,0.8846153846153846,0.18737257339943703,17
580.7857142857142,0.9166666666666666,0.20182250427621604,17
580.8571428571428,0.8416666666666667,0.19941518031838534,17
580.9285714285714,0.8857142857142858,0.18212938971974302,17
581.0,0.8583333333333334,0.20168169240291756,17
581.0714285714286,0.8307692307692308,0.1882390104343668,17
581.1428571428571,0.8666666666666667,0.20050441442028205,17
581.2142857142857,0.8384615384615385,0.18485561293381408,17
581.2857142857142,0.8461538461538461,0.18695103726726342,17
581.3571428571428,0.9416666666666668,0.1864575397816193,17
581.4285714285714,0.8636363636363636,0.19365983639207426,17
581.5,0.9,0.180067327475704,17
581.5714285714286,0.8769230769230769,0.17140215350120916,17
581.6428571428571,0.8692307692307693,0.16732611157082516,17
581.7142857142857,0.8615384615384615,0.16468246895724525,17
581.7857142857142,0.8692307692307693,0.16384194047790718,17
581.8571428571428,0.8916666666666666,0.17252945876404452,17
581.9285714285714,0.9384615384615385,0.16700163577367982,17
582.0,0.9,0.15619092289760117,17
582.0714285714286,0.9,0.15619092289760117,17
582.1428571428571,0.8928571428571429,0.15458710895258085,17
582.2142857142857,0.9307692307692308,0.16501150518730945,17
582.2857142857142,0.9,0.15759176639394848,17
582.3571428571428,0.9384615384615385,0.16545913646053004,17
582.4285714285714,0.9,0.15654230899502697,17
582.5,0.9142857142857144,0.1603077887289278,17
582.5714285714286,0.9142857142857144,0.1609918238512092,17
582.6428571428571,0.9076923076923078,0.1711430420098999,17
582.7142857142857,0.9071428571428571,0.15740487646015924,17
582.7857142857142,0.9214285714285715,0.15973142686526795,17
582.8571428571428,1.0250000000000001,0.16149162657718652,17
582.9285714285714,0.9214285714285715,0.15973142686526795,17
583.0,0.9142857142857144,0.1550813834049945,17
583.0714285714286,0.9,0.152632576132041,17
583.1428571428571,0.9500000000000001,0.14209964001470127,17
583.2142857142857,0.9916666666666667,0.16672347516686775,17
583.2857142857142,0.8615384615384615,0.16468246895724525,17
583.3571428571428,0.875,0.17927674560620382,17
583.4285714285714,0.9615384615384616,0.1558839400366222,17
583.5,0.9461538461538462,0.1591706810939788,17
583.5714285714286,1.0,0.17267941920849111,17
583.6428571428571,0.975,0.16702612751521023,17
583.7142857142857,0.975,0.1610218317590205,17
583.7857142857142,0.9818181818181819,0.17363398380092104,17
583.8571428571428,1.06,0.19447936194419763,17
583.9285714285714,1.0272727272727273,0.17585681628731584,17
584.0,1.08,0.1896195020443719,17
584.0714285714286,1.08,0.19310331143946985,17
584.1428571428571,1.0454545454545454,0.1800826256642092,17
584.2142857142857,1.0699999999999998,0.19610088106776968,17
584.2857142857142,1.009090909090909,0.1918591080855217,17
584.3571428571428,1.08,0.19708993998792643,17
584.4285714285714,1.0545454545454545,0.18457008344387596,17
584.5,1.0416666666666667,0.1742770057909957,17
584.5714285714286,1.0545454545454545,0.18407687937560535,17
584.6428571428571,1.0727272727272728,0.185418891403374,17
584.7142857142857,1.1199999999999999,0.20154955277107967,17
584.7857142857142,1.1400000000000001,0.20933757957476776,17
584.8571428571428,1.1454545454545455,0.1870165944818006,17
584.9285714285714,1.1454545454545455,0.18798628400818665,17
585.0,1.1083333333333334,0.1794175480984415,17
585.0714285714286,1.125,0.1780045113490275,17
585.1428571428571,1.0916666666666666,0.1768659539215099,17
585.2142857142857,1.0916666666666666,0.18523463144581978,17
585.2857142857142,1.0538461538461539,0.17157467710150356,17
585.3571428571428,1.0818181818181818,0.19717006126146847,17
585.4285714285714,1.15,0.2066935466390333,17
585.5,1.0692307692307692,0.16107993531824558,17
585.5714285714286,1.19,0.1785434898778944,17
585.6428571428571,1.0230769230769232,0.17326200929770413,17
585.7142857142857,1.0583333333333333,0.1840035957048754,17
585.7857142857142,1.1363636363636365,0.18452530118349492,17
585.8571428571428,1.075,0.17672311848216296,17
585.9285714285714,1.0818181818181818,0.192504159019148,17
586.0,1.05,0.1734236361507784,17
586.0714285714286,1.0142857142857142,0.1514969781213665,17
586.1428571428571,1.0142857142857142,0.15149697812136653,17
586.2142857142857,1.0769230769230769,0.14682705950995292,17
586.2857142857142,1.0692307692307692,0.15786419649967867,17
586.3571428571428,1.0692307692307692,0.1545815755866401,17
586.4285714285714,1.0538461538461539,0.14962148165020675,17
586.5,1.075,0.16289288170172112,17
586.5714285714286,1.0818181818181818,0.1762323785224197,17
586.6428571428571,1.0615384615384615,0.1512929157333046,17
586.7142857142857,1.1454545454545455,0.15157574545939154,17
586.7857142857142,1.1545454545454545,0.1591817922226239,17
586.8571428571428,1.1666666666666667,0.17159383568311667,17
586.9285714285714,1.1636363636363638,0.16693642081655316,17
587.0,1.1076923076923078,0.14869584274254338,17
587.0714285714286,1.1307692307692307,0.1456130345076993,17
587.1428571428571,1.0857142857142856,0.14444176090034946,17
587.2142857142857,1.1,0.1478787742312326,17
587.2857142857142,1.1916666666666667,0.14997895475261477,17
587.3571428571428,1.0714285714285714,0.14729374531775993,17
587.4285714285714,1.1384615384615384,0.15339677960149767,17
587.5,1.146153846153846,0.15755153190972337,17
587.5714285714286,1.123076923076923,0.1423942910452802,17
587.6428571428571,1.0857142857142856,0.14291207734979322,17
587.7142857142857,1.1,0.14180934422628896,17
587.7857142857142,1.1307692307692307,0.14649083955985334,17
587.8571428571428,1.1307692307692307,0.14068723967824526,17
587.9285714285714,1.0666666666666667,0.13080944580232384,17
588.0,1.0857142857142856,0.1362194185287157,17
588.0714285714286,1.1538461538461537,0.1430507282334705,17
588.1428571428571,1.1214285714285714,0.13675138725156546,17
588.2142857142857,1.0857142857142856,0.13702375780893486,17
588.2857142857142,1.092857142857143,0.137266999673527,17
588.3571428571428,1.1071428571428572,0.14082343621848975,17
588.4285714285714,1.1615384615384614,0.1398435304822911,17
588.5,1.175,0.1451879659425858,17
588.5714285714286,1.1769230769230767,0.14418375302061073,17
588.6428571428571,1.1357142857142857,0.14281592812064328,17
588.7142857142857,1.1166666666666667,0.15610473044942255,17
588.7857142857142,1.1,0.1374812674552388,17
588.8571428571428,1.1307692307692307,0.15291384174765743,17
588.9285714285714,1.2,0.14455945454184552,17
589.0,1.12,0.13172843638478732,17
589.0714285714286,1.1357142857142857,0.14736034284583513,17
589.1428571428571,1.1428571428571428,0.1470270535449083,17
589.2142857142857,1.1083333333333334,0.17340543372237344,17
589.2857142857142,1.1153846153846154,0.15723824559474084,17
589.3571428571428,1.12,0.13945472042071236,17
589.4285714285714,1.1266666666666665,0.139204086785474,17
589.5,1.1333333333333333,0.13685817012571344,17
589.5714285714286,1.2076923076923076,0.12982312348924954,17
589.6428571428571,1.2416666666666667,0.13621414364629295,17
589.7142857142857,1.2230769230769232,0.13688561861578605,17
589.7857142857142,1.1,0.14322297480788657,17
589.8571428571428,1.176923076923077,0.1311457625901992,17
589.9285714285714,1.1923076923076923,0.1341934780320977,17
590.0,1.2249999999999999,0.1430855857467301,17
590.0714285714286,1.2363636363636363,0.14849103264796668,17
590.1428571428571,1.1916666666666667,0.14059307999120774,17
590.2142857142857,1.1333333333333333,0.14839205511145812,17
590.2857142857142,1.1071428571428572,0.1427609566297228,17
590.3571428571428,1.0769230769230769,0.15027916166248825,17
590.4285714285714,1.146153846153846,0.13234346564680963,17
590.5,1.15,0.140075737089662,17
590.5714285714286,1.1615384615384614,0.13278981924332361,17
590.6428571428571,1.1538461538461537,0.13039161164196017,17
590.7142857142857,1.123076923076923,0.12565410711595731,17
590.7857142857142,1.1384615384615384,0.1278713604081198,17
590.8571428571428,1.1153846153846154,0.1314837193032453,17
590.9285714285714,1.1071428571428572,0.12555997022319246,17
591.0,1.0066666666666666,0.14157840387730203,17
591.0714285714286,1.0846153846153845,0.15601041789924366,17
591.1428571428571,1.0692307692307692,0.15499570522776834,17
591.2142857142857,1.02,0.14645005649578646,17
591.2857142857142,1.0,0.14242792663559448,17
591.3571428571428,1.0615384615384615,0.1558839400366222,17
591.4285714285714,1.1307692307692307,0.1346336983879495,17
591.5,1.0916666666666666,0.14431569631200966,17
591.5714285714286,1.0615384615384615,0.13133362368433749,17
591.6428571428571,1.025,0.1647426827362949,17
591.7142857142857,1.0642857142857143,0.14472677663242317,17
591.7857142857142,1.0857142857142856,0.14745352885270194,17
591.8571428571428,1.0923076923076922,0.15667275157095006,17
591.9285714285714,1.0769230769230769,0.1536537258110629,17
592.0,1.1166666666666667,0.16229104669815844,17
592.0714285714286,1.1076923076923078,0.15544045708951462,17
592.1428571428571,1.075,0.16335729570669946,17
592.2142857142857,1.1333333333333333,0.16666666666666669,17
592.2857142857142,1.1076923076923078,0.1541983148921604,17
592.3571428571428,1.1333333333333333,0.1689241058444695,17
592.4285714285714,1.125,0.17017148213885114,17
592.5,1.0846153846153845,0.15518646924486162,17
592.5714285714286,1.1083333333333334,0.16672347516686775,17
592.6428571428571,1.1545454545454545,0.1830864854570779,17
592.7142857142857,1.125,0.1697257145568054,17
592.7857142857142,1.1083333333333334,0.1694278846022935,17
592.8571428571428,1.0692307692307692,0.15623150778146078,17
592.9285714285714,1.0538461538461539,0.1643227689232012,17
593.0,1.0916666666666666,0.16987443372186184,17
593.0714285714286,1.0999999999999999,0.17056057308448833,17
593.1428571428571,1.0666666666666667,0.1639167071066487,17
593.2142857142857,1.075,0.17150183319101514,17
593.2857142857142,1.0999999999999999,0.1766695254199807,17
593.3571428571428,1.0214285714285716,0.15197547930778843,17
593.4285714285714,1.1181818181818182,0.18131749242103268,17
593.5,1.0999999999999999,0.17939291563999452,17
593.5714285714286,1.0307692307692309,0.16384194047790718,17
593.6428571428571,1.1545454545454545,0.15097479402122752,17
593.7142857142857,1.1083333333333334,0.14588202650280688,17
593.7857142857142,1.0999999999999999,0.14564381625088382,17
593.8571428571428,0.9769230769230769,0.15938738736328256,17
593.9285714285714,1.0250000000000001,0.17150183319101517,17
594.0,1.1166666666666667,0.14966292092228423,17
594.0714285714286,1.1500000000000001,0.1351205970885851,17
594.1428571428571,1.0615384615384615,0.1421169893389848,17
594.2142857142857,0.9571428571428572,0.16094306061403085,17
594.2857142857142,0.9615384615384616,0.15954199733984584,17
594.3571428571428,0.9714285714285714,0.16288220358559113,17
594.4285714285714,0.9857142857142858,0.1470804305855286,17
594.5,1.0153846153846153,0.16402241632532794,17
594.5714285714286,1.0250000000000001,0.17757840777834139,17
594.6428571428571,0.9307692307692308,0.17844938066456292,17
594.7142857142857,1.0,0.16329931618554522,17
594.7857142857142,0.9071428571428571,0.1615393959754688,17
594.8571428571428,1.0076923076923077,0.16658775252082855,17
594.9285714285714,1.075,0.16289288170172112,17
595.0,1.0846153846153845,0.14756404687116062,17
595.0714285714286,1.05,0.15447859516333118,17
595.1428571428571,0.9454545454545454,0.18895099718933206,17
595.2142857142857,1.018181818181818,0.16668870377725703,17
595.2857142857142,1.018181818181818,0.16668870377725703,17
595.3571428571428,1.0999999999999999,0.13003496033409978,17
595.4285714285714,1.125,0.12130914677347744,17
595.5,1.1166666666666667,0.12298887196109502,17
595.5714285714286,1.1166666666666667,0.12421470496399745,17
595.6428571428571,1.0727272727272728,0.13757041773110507,17
595.7142857142857,1.0916666666666666,0.1281915785380647,17
595.7857142857142,1.0916666666666666,0.12700413577931433,17
595.8571428571428,1.0571428571428572,0.12911971007186465,17
595.9285714285714,1.1153846153846154,0.12081250245527946,17
596.0,1.1545454545454545,0.1281785944146514,17
596.0714285714286,1.1153846153846154,0.12028073670086067,17
596.1428571428571,1.1,0.1281025230440697,17
596.2142857142857,1.1153846153846154,0.12186907321349894,17
596.2857142857142,1.1,0.12036269973367783,17
596.3571428571428,1.0642857142857143,0.12649420907439343,17
596.4285714285714,1.1166666666666667,0.13361712223190317,17
596.5,1.0999999999999999,0.1296849328880646,17
596.5714285714286,1.075,0.125,17
596.6428571428571,1.1166666666666667,0.12782168766834462,17
596.7142857142857,1.1166666666666667,0.12663077641455703,17
596.7857142857142,1.0999999999999999,0.12673044646258477,17
596.8571428571428,1.1454545454545455,0.12162807418417865,17
596.9285714285714,1.1545454545454545,0.12311386921621963,17
597.0,1.1166666666666667,0.12782168766834462,17
597.0714285714286,1.175,0.11942095141290592,17
597.1428571428571,1.1583333333333334,0.11642290551817083,17
597.2142857142857,1.0571428571428572,0.11373493655328008,17
597.2857142857142,1.1199999999999999,0.13808210118138653,17
597.3571428571428,1.0818181818181818,0.1400118058776615,17
597.4285714285714,1.0727272727272728,0.13079540518125599,17
597.5,1.0833333333333333,0.12421470496399742,17
597.5714285714286,1.0454545454545454,0.1323656343505549,17
597.6428571428571,1.2000000000000002,0.05773502691896255,17
597.7142857142857,1.1199999999999999,0.08273115763993903,17
597.7857142857142,1.0153846153846153,0.1091024887763758,17
597.8571428571428,1.0,0.11984838907401452,17
597.9285714285714,0.9454545454545454,0.1274673836096808,17
598.0,0.9727272727272728,0.10277151098954604,17
598.0714285714286,0.9,0.11984838907401452,17
598.1428571428571,0.8416666666666667,0.11899728373098917,17
598.2142857142857,0.8416666666666667,0.11899728373098917,17
598.2857142857142,0.890909090909091,0.11867031906967797,17
598.3571428571428,0.84,0.08986762752065104,17
598.4285714285714,0.8714285714285713,0.08671576116202259,17
598.5,0.8200000000000001,0.09007933011676826,17
598.5714285714286,0.85,0.08303977598479174,17
598.6428571428571,0.7933333333333333,0.08754137343846087,17
598.7142857142857,0.8461538461538461,0.07216024245882198,17
598.7857142857142,0.8230769230769232,0.07938372092519345,17
598.8571428571428,0.7857142857142857,0.0754889867938268,17
598.9285714285714,0.7357142857142858,0.08993718372991479,17
599.0,0.7769230769230769,0.07775194461567336,17
599.0714285714286,0.6933333333333334,0.08250060124841034,17
599.1428571428571,0.6714285714285715,0.0867157611620226,17
599.2142857142857,0.7285714285714285,0.06987317508562431,17
599.2857142857142,0.7142857142857143,0.0694223757014817,17
599.3571428571428,0.6533333333333334,0.0792023729001592,17
599.4285714285714,0.6785714285714286,0.06644717924421882,17
599.5,0.6333333333333333,0.07663560447348135,17
599.5714285714286,0.6571428571428571,0.06176371646767647,17
599.6428571428571,0.7083333333333334,0.03579896166882019,17
599.7142857142857,0.5692307692307692,0.07627935784945394,17
599.7857142857142,0.6,0.06513389472789295,17
599.8571428571428,0.6166666666666667,0.06723244767373877,17
599.9285714285714,0.5571428571428572,0.07087699119383341,17
