Time,MeanSpeed,SESpeed,MeanNormSpeed,SENormSpeed,NTracks
0.0,,,,,19
0.0714285714285714,,,,,19
0.1428571428571428,,,,,19
0.2142857142857142,,,,,19
0.2857142857142857,,,,,19
0.3571428571428571,,,,,19
0.4285714285714285,,,,,19
0.5,,,,,19
0.5714285714285714,,,,,19
0.6428571428571428,,,,,19
0.7142857142857142,,,,,19
0.7857142857142857,,,,,19
0.8571428571428571,,,,,19
0.9285714285714284,,,,,19
1.0,177.16096925285356,25.912628439093957,83.88657728671146,12.209828454552385,19
1.0714285714285714,176.36770212848376,22.281832391941244,83.71398207209783,12.929772466462586,19
1.1428571428571428,191.21105659535303,20.52100307562599,102.09751317220464,20.659059207128568,19
1.2142857142857142,181.49278949515917,22.404858695081003,79.95224481043276,10.346610776598261,19
1.2857142857142856,198.112146829746,27.785245568537643,88.55710556183799,12.546894296216603,19
1.357142857142857,199.71374440449947,29.809816940652503,95.21726179716605,14.399879901248724,19
1.4285714285714284,214.5733538544417,27.109130688649753,118.38025591232956,21.92488815164927,19
1.5,201.5988432205826,28.507160266791963,120.06569215108136,27.41776481413715,19
1.5714285714285714,183.75962389176104,26.249834698523056,84.0029202031492,13.72891328137397,19
1.6428571428571428,177.7209000956383,24.00695063158849,85.6908478167223,12.420998502372466,19
1.7142857142857142,182.3745275132011,23.19924140033827,102.52446475617317,23.76068964864468,19
1.7857142857142856,190.5782983519689,26.06699601452223,90.84942754487142,12.716351562787716,19
1.857142857142857,200.99886636610114,26.772659329061746,114.23657348248916,24.93160693963009,19
1.9285714285714284,198.08711006539218,24.152898467396923,100.80985567947948,12.472777496906112,19
2.0,214.98050816627628,25.12919344776747,102.66094265924879,13.973079882777702,19
2.071428571428571,202.328180098496,28.239009031748754,93.56116947466603,13.090370957403875,19
2.142857142857143,202.2536036672192,23.982743801849853,92.76152496552072,10.307568785058098,19
2.214285714285714,214.11416555859716,26.500141393181593,98.87892743128292,10.090823506373805,19
2.2857142857142856,202.3832819178758,24.477427299836123,121.82599382403102,28.92580499463791,19
2.357142857142857,218.4708870995396,30.083244181811327,138.21146934160296,40.50835633577124,19
2.4285714285714284,213.384655674758,20.404327324750636,100.36287936067909,9.319147092735834,19
2.5,230.1589022909354,25.804659116566384,136.0127715102691,30.70522759735223,19
2.571428571428571,210.28762796712812,25.540466139768917,110.64021867388686,13.716827073454692,19
2.642857142857143,228.5754695189823,23.391558524163038,108.771951107662,9.699570024186201,19
2.714285714285714,210.19336359405247,24.996316264865133,106.25700006078367,11.276656795403492,19
2.7857142857142856,197.97765567349268,21.297779686452103,112.0453324885766,19.094876203112168,19
2.8571428571428568,222.68854769639242,22.26950679677223,128.68647854588815,24.62436281077409,19
2.9285714285714284,215.09435049395526,24.051547700993186,105.7176091505764,12.83941939584595,19
3.0,212.71128051804575,28.76672760463267,100.2304450477131,11.6093045304284,19
3.071428571428571,205.22073117488506,26.416523203967717,101.17428156338828,12.55926737500821,19
3.142857142857143,212.60438405737005,27.023365110730204,91.21901584834796,7.246310134314972,19
3.214285714285714,215.7544463138847,28.637010257746773,103.44547083783414,8.751946295009839,19
3.2857142857142856,215.454095656593,27.45262182436269,98.24182615490489,8.670781419890002,19
3.3571428571428568,226.78671439792862,24.85645273693228,104.45183778853564,9.194420237731535,19
3.4285714285714284,215.25809620149636,22.866556574522647,109.63102787948172,14.133936129324002,19
3.5,210.14259288316654,24.998251932617475,99.98053920687067,9.60124121210416,19
3.571428571428571,218.3988232022567,27.69923273095214,99.64079831995329,10.567844208632243,19
3.642857142857143,218.1018073452162,31.10822774413301,108.70826542296868,12.200305255948104,19
3.714285714285714,215.71816870459136,32.34486732241361,93.56930020224601,6.6974863036216155,19
3.7857142857142856,225.6312365395953,32.66321669188815,100.76940314873237,9.725278735180677,19
3.8571428571428568,212.890894688342,26.351690147748748,96.59385596583024,6.638750701537518,19
3.928571428571429,238.35480825264145,26.715592930017507,98.71470590430381,5.34260039535871,19
4.0,246.94875243541756,26.570503650301813,109.41946887539083,7.876085549245941,19
4.071428571428571,215.5665631029696,27.123224704454607,95.78589758037845,6.483592952655902,19
4.142857142857142,229.99408893045944,30.587871106598623,96.22321391090212,7.61373220653115,19
4.214285714285714,248.64755740194212,28.525744997165468,114.3489315445038,10.938269610125301,19
4.285714285714286,216.20878216299994,28.143062148996595,103.16704880887414,11.550647519663219,19
4.357142857142857,228.2607107300309,28.414178314022674,100.00776777314461,7.219669168831505,19
4.428571428571428,247.7385099216439,32.37342423633154,105.26186421995958,10.074098679520072,19
4.5,235.35998060020586,30.505703245110766,102.02177929885215,5.380780668298852,19
4.571428571428571,247.17436513542324,29.90790597379857,111.83860904569333,7.943693906438279,19
4.642857142857142,236.2720290691253,33.46555965990366,106.6328561030186,10.639525312633197,19
4.714285714285714,229.4138874261411,33.6590829438142,102.66193421755312,7.305128783403889,19
4.785714285714286,206.67938938669695,27.443571367693025,94.0360801538925,4.1833469963642385,19
4.857142857142857,234.6977249042563,26.905803959177913,103.2932874914135,8.79486073553523,19
4.928571428571428,222.49892521173408,29.88284996665941,101.00585192729936,5.8264872651238795,19
5.0,218.29756133444073,27.618280363685923,96.11661294158675,3.817264669840418,19
5.071428571428571,232.30187071131533,29.54073799170572,104.99963779121344,4.8578153370885815,19
5.142857142857142,194.0208230820945,29.588405684042854,97.04477215075443,8.44894049253859,19
5.214285714285714,215.22387233226854,25.4000281612395,104.67262110812943,6.94440340528503,19
5.285714285714286,229.41855085745982,28.651231425681917,106.26313184604996,9.646835152235852,19
5.357142857142857,203.55772803584733,29.871807678854005,90.96484193949512,6.756238367602448,19
5.428571428571428,203.32408547173375,26.52133480685919,91.28967219032917,5.627931957853996,19
5.5,211.20934080866525,28.833639676742532,97.7803544639963,8.994652590794654,19
5.571428571428571,204.27432681623515,30.382476899467644,96.186198670926,11.001027952746346,19
5.642857142857142,229.4730192605851,28.509700583333437,108.1360202294642,7.786695128760214,19
5.7142857142857135,245.69039293198097,32.806860827885565,113.90413025315135,11.775571145365163,19
5.785714285714286,231.5857082293038,32.41819545365324,106.77041301057528,7.3062526746433205,19
5.857142857142857,208.70326189260823,30.263922323044238,96.42834839972421,9.350480571555984,19
5.928571428571428,226.08697864241063,30.650384478701604,104.15259699324406,7.446347803976898,19
6.0,254.72311743855545,35.712297495640456,98.85405232839653,9.754959754416202,19
6.071428571428571,238.0788713424405,32.367559974054274,111.69761193994158,9.915324268837246,19
6.142857142857142,239.12365354938058,26.52212767989338,122.64694554595937,10.309665349457859,19
6.2142857142857135,231.15110313847208,30.120284221300338,118.70881838095315,10.750611407456638,19
6.285714285714286,221.10659274347876,29.529197795788956,102.49959325335807,6.305298056106499,19
6.357142857142857,212.81333259815963,30.7853813708325,94.22494668073615,7.982476764981027,19
6.428571428571428,218.3139459153414,34.466114639643045,96.15548184361488,8.285673232784017,19
6.5,218.02455893324318,34.40528344219582,104.62577590970662,6.807375500885825,19
6.571428571428571,230.53233701711042,37.43716618834081,115.96424691970412,9.986266041619569,19
6.642857142857142,232.16130768933888,28.643466999805376,114.21445359156164,5.460871159058949,19
6.7142857142857135,216.71217061928778,24.758211587705663,111.99468075758922,12.092387055205068,19
6.785714285714286,204.6896821095582,30.891564107733434,96.55969755946946,9.335229046723327,19
6.857142857142857,213.02978781560495,33.73219565225105,88.50345756959334,7.858397596945436,19
6.928571428571428,217.27329272881622,27.694829591116825,104.86896185195823,8.198595136210677,19
7.0,227.27543890274185,31.994905286078552,101.08970836872717,12.224977411789883,19
7.071428571428571,187.48380028064096,38.0858254799885,87.46153806079097,10.962214660912435,19
7.142857142857142,221.63050409650307,31.55920825156528,102.49894973972337,10.201549381012466,19
7.2142857142857135,213.74471959449923,30.742391570477682,103.40650666118214,9.433971391047589,19
7.285714285714286,219.30666307981411,39.43302778022509,101.30302504212345,12.569850116695301,19
7.357142857142857,185.8602002963731,28.31910331216669,97.36735419684581,11.062636420358196,19
7.428571428571428,214.76366662221082,34.18329175810498,110.36645420422369,16.151986750045477,19
7.5,217.41311117429544,40.02407277065857,115.53131192333737,16.959889657916086,19
7.571428571428571,220.22204163399766,40.44284219766689,115.66532714943028,18.253265695573337,19
7.642857142857142,208.55467017551837,37.36076555075706,106.59887982473965,18.73022672365956,19
7.7142857142857135,192.39594128775062,26.47651435641854,104.61318548572594,16.434899748109117,19
7.785714285714286,229.86250581551872,28.47605167357092,113.78143365721962,14.566185273460444,19
7.857142857142857,239.81307027077483,29.20379234052388,119.1468458107685,15.7576982023974,19
7.928571428571428,212.87390786112363,31.839780592340343,114.81876252688778,20.152927236748578,19
8.0,223.7946917579882,31.285689777459105,127.08091166174326,23.07882283114082,19
8.071428571428571,235.8977387976121,33.07319473446215,125.11874788145391,21.15263528846195,19
8.142857142857142,224.52497892380256,32.297556335864,115.32712492649462,21.52770259324488,19
8.214285714285714,201.85939637437588,32.23478477608378,100.38392365132657,18.133626091772754,19
8.285714285714285,213.43014290762116,27.620109128667593,113.33414710712559,16.294694645394994,19
8.357142857142856,212.26863129120017,33.542020229388356,102.32745532144712,14.319516392579578,19
8.428571428571429,203.3529506275732,38.66408665663899,103.65896494142507,22.475027425448246,19
8.5,224.9868842253737,34.76831858709558,122.10886880764387,21.96007558126792,19
8.571428571428571,248.2854478142261,27.09589323968025,140.8451276976815,33.35085272657361,19
8.642857142857142,229.06743525201597,28.951103066801213,133.6623775868894,35.045898918733144,19
8.714285714285714,229.33097218250427,32.56581397472747,127.15213854307122,39.533666563329604,19
8.785714285714285,223.98026310986376,29.637602581644785,129.13482399550006,37.365724590833175,19
8.857142857142856,254.1128575193334,41.160769047236215,142.56625650854897,40.353844914002366,19
8.928571428571429,243.18302136314952,39.802220831492704,144.2241291055471,44.600927438137184,19
9.0,266.11590726192355,37.08857817063454,146.8910125995005,39.43299261115499,19
9.071428571428571,249.9059981590699,33.0374748549035,141.49037129582396,39.79997758728505,19
9.142857142857142,234.08551693879835,28.50052808591336,130.3610666785348,28.648928249367657,19
9.214285714285714,223.95620892326878,28.219362885016977,121.49074005401921,24.674345556804255,19
9.285714285714285,224.17951906332942,32.836811839595995,113.19882060267545,23.478415991181894,19
9.357142857142856,208.43284892051653,32.556437824967006,106.43527987113893,15.663033005775468,19
9.428571428571429,204.12315171285172,33.00127569179323,99.26342640061888,13.284984076059168,19
9.5,237.2971905750882,36.7415599724961,110.86684529593288,14.26657820004881,19
9.571428571428571,230.62246998473282,32.193534577667755,109.19594733583772,15.543489527684939,19
9.642857142857142,201.65079476300096,31.55530478668969,106.61185767880875,21.62036589489337,19
9.714285714285714,202.70742897338798,33.50110292995113,111.5420415645521,27.14365973278763,19
9.785714285714285,251.26362254132658,32.93938629979178,132.63201324219415,32.606143679407516,19
9.857142857142856,226.44657406245847,34.09454852179631,128.78788262025213,38.793838281921374,19
9.928571428571429,219.84607277169488,29.755978072596154,122.37593261198775,38.45674506125389,19
10.0,230.31951193379814,29.213481106481204,134.9804504960458,40.972720461326304,19
10.071428571428571,222.68823424089652,24.362437246377837,135.42994575168208,39.57648164212487,19
10.142857142857142,205.78529930482023,28.5389501735314,119.58505682434357,33.748562186517916,19
10.214285714285714,225.24804687159292,29.459952752534683,129.1004263008602,34.28825495627938,19
10.285714285714285,235.39316071522708,32.35103942376292,136.31626697576027,37.71708415405398,19
10.357142857142856,215.5504918091446,34.376127105974206,115.73887026953618,32.1446146235891,19
10.428571428571429,255.02719797041652,42.896313214182186,133.2117562728392,30.643932882513297,19
10.5,238.35887432859127,28.735622243952744,124.43472248827824,24.205745450634833,19
10.571428571428571,215.65114070730536,35.718535142334375,113.01182012061332,27.471661101632893,19
10.642857142857142,239.49808904162134,33.14300343120656,125.37001390052377,21.594409741623746,19
10.714285714285714,247.53040045984991,33.42492237134681,119.16188256345721,14.060316156579141,19
10.785714285714285,210.95015852767617,34.843720248899295,96.3778986020973,9.68099651298606,19
10.857142857142856,230.8701840716104,37.31231641047727,107.31325286484662,9.546099830142152,19
10.928571428571429,237.75787042191232,30.093728732074304,108.88046279155556,6.052890978575081,19
11.0,202.81283263111794,29.901676585581612,89.10491057692875,8.265875048975753,19
11.071428571428571,235.98775377657807,33.484358017621176,104.49537370570043,10.345289614889005,19
11.142857142857142,238.8343705460149,34.65798622890183,101.31884553406479,9.106819240688578,19
11.214285714285714,217.96982565642787,41.06596464527031,93.01195985508963,13.330658895249641,19
11.285714285714285,237.81952248243167,34.05401626611645,103.9557821833658,10.582778564238046,19
11.357142857142856,234.34540993718232,37.78196101852659,116.27227103392119,11.740270173249204,19
11.428571428571429,192.14170259823103,32.39119660974113,93.71343150547877,6.0439417127559825,19
11.5,190.01578694490547,31.645766786883787,92.02552044513251,8.733306726820382,19
11.571428571428571,219.54604694738688,31.78798762053948,111.37610984150153,12.271459183791352,19
11.642857142857142,227.59909086674784,33.29917104367414,116.10172545530497,15.314908670594997,19
11.714285714285714,237.2327129477237,31.264924121428475,113.14377740109043,10.419656814454548,19
11.785714285714285,230.69943694883193,35.9869171787791,118.77656944386307,15.534260774503633,19
11.857142857142856,209.82447097023473,35.307788262635356,93.27417407532023,8.079884679099282,19
11.928571428571429,195.98856278383448,34.86600346077009,90.84750538010158,7.83542688414621,19
12.0,211.31705874679386,28.592625043594435,103.9600031505575,6.5269860266107855,19
12.071428571428571,231.17323604406363,32.65114477719504,116.89259483052281,15.045523028736783,19
12.142857142857142,237.99956539707,28.328623477525912,122.22793206138093,14.851008263750968,19
12.214285714285714,234.0640821147591,29.04529859612237,108.60417509927709,12.276240432638792,19
12.285714285714285,205.65787164638073,33.75125619012847,102.85963285903792,17.787925194965254,19
12.357142857142856,197.05455495830492,29.537982205538476,98.79954460732696,14.887320831136964,19
12.428571428571429,196.62733939443993,31.83463585853822,90.39478405019693,5.838276537564973,19
12.5,223.92243428162206,36.52997023966383,94.78933886548154,8.49080224233684,19
12.571428571428571,248.7323170692084,34.032181632025534,115.12926709213032,11.841299067877848,19
12.642857142857142,255.57192963547232,32.60724351987093,124.12471905424407,18.041439132045667,19
12.714285714285714,260.59788163272464,32.054526123388264,116.8213033350564,9.849649654645068,19
12.785714285714285,257.4369947143214,33.35335947068616,122.2547348892327,13.433013456061335,19
12.857142857142856,229.71281889161537,35.242859093052125,104.80343587999747,10.608445203091996,19
12.928571428571429,242.50062841254052,32.90942118311494,108.40415165571562,7.540130248408766,19
13.0,247.69855871984265,33.472948719690415,124.93968074894084,13.08770876435802,19
13.071428571428571,252.84303068105555,28.705898988735182,127.27091261803075,15.18938095108125,19
13.142857142857142,246.95482484318967,28.648790800676835,120.61895992476103,11.851096862906617,19
13.214285714285714,233.6319413388074,32.52832887556807,110.58148877609455,11.397423623788153,19
13.285714285714285,240.68583625761772,33.20424165659043,113.42459373960051,12.590926943460753,19
13.357142857142856,223.35149323919083,31.386573157176485,107.14362576654392,13.625302287853318,19
13.428571428571429,218.2193429082016,34.10547302340542,102.47195781950674,15.027616322928955,19
13.5,232.26883181329416,34.002699207722145,107.98099019634101,14.379430781870637,19
13.571428571428571,232.36741979438423,32.81111212610128,107.52311097129844,8.861916572125446,19
13.642857142857142,227.96807229586906,33.019005398232686,99.50513361135005,8.541553487958538,19
13.714285714285714,224.37252369454592,37.89879038849362,98.27099237193933,11.476966817729219,19
13.785714285714285,203.5011899661372,40.298555191586225,85.58617955323619,11.379530513315585,19
13.857142857142856,223.52992525685482,33.71355440421277,111.07263445190186,14.186146245312708,19
13.928571428571429,251.65865364654658,37.93202130548251,122.24579215948353,15.11951761477937,19
14.0,245.63709129559635,44.76775701818179,105.95928115677386,11.49178748726896,19
14.071428571428571,234.59483790877664,39.161690947970555,103.04957685329335,8.6450086820496,19
14.142857142857142,242.79596138572833,39.892613411288,105.89572478354953,13.304447060067726,19
14.214285714285714,242.1322159870971,43.48689597235494,101.09504719904727,12.287431925989253,19
14.285714285714285,225.25646172881278,44.26731190371963,93.13695014357612,12.050657453862206,19
14.357142857142856,253.57772216106724,43.95406885276594,113.84428219138303,13.309491611266932,19
14.428571428571429,234.9077462279747,43.86760575471644,102.253686285707,11.669670303494115,19
14.5,217.2971081019392,34.754518205142645,94.91807235139322,6.5913212353952675,19
14.571428571428571,240.78339696176332,34.74018432560627,109.86910381534042,9.891934073257206,19
14.642857142857142,244.85468761634914,43.090160755680145,109.88394027267418,11.508497901471673,19
14.714285714285714,233.8782562612106,37.1206294555165,111.31547446358799,11.486141401192063,19
14.785714285714285,223.12150541562053,36.99548197311933,115.11725114393882,15.9442039393867,19
14.857142857142856,240.32771978903236,35.70079929020579,120.50230985582049,15.509501738421406,19
14.928571428571429,221.77050360285784,32.575462859177506,105.14163100037752,12.4087105189763,19
15.0,216.72329169403105,22.394744054711882,116.75583998861897,13.703432707484385,19
15.071428571428571,237.0515288237106,34.42202008871421,113.48744962667608,13.270355530354045,19
15.142857142857142,241.1010149934464,34.29117560101625,114.72423155272942,14.99396860429576,19
15.214285714285714,234.6205759495331,37.5401401664582,118.82581441160694,19.407822204834147,19
15.285714285714285,245.71754143820968,31.427152301555783,121.85381371295722,12.85076170886309,19
15.357142857142856,231.83190329511393,34.999136846693695,109.91701035430069,10.041991389207142,19
15.428571428571429,213.82181239953107,30.404663108904277,105.86539629846243,9.279955559315747,19
15.5,217.08652606519283,33.452757080708,101.90494769272803,10.00905820244286,19
15.571428571428571,208.32150203273082,28.411304965390745,99.94765048084983,8.958455361523885,19
15.642857142857142,204.92844684020628,30.4552940585995,108.22857649353004,14.166959489011413,19
15.714285714285714,212.56583950105065,33.01292136524149,101.30752477374692,11.277083359538855,19
15.785714285714285,207.48735213636166,32.880832001283004,101.28831210754599,8.114905178614267,19
15.857142857142856,194.94325969635355,30.353079820850144,91.69314931404892,10.4680100756806,19
15.928571428571429,203.97729046323914,32.63213763531655,92.76669981773055,8.839332015480492,19
16.0,226.64069774176716,38.15135134463968,98.10184771721546,8.647340540483327,19
16.07142857142857,224.5440304774074,37.23804044294515,101.76540817899297,10.537014812043807,19
16.142857142857142,267.0578894438805,55.261840832068756,114.3670229067463,15.99785912335615,19
16.21428571428571,245.2043591796538,48.697228610147015,104.79925705567928,12.378271537858092,19
16.285714285714285,252.27720742777066,42.62168739987738,110.86626500524643,12.09473473089357,19
16.357142857142858,244.13747811723763,45.00706604149185,106.45143703221707,11.471178714175277,19
16.428571428571427,239.75782768375754,46.4676351621232,104.38087007208533,11.962638802466062,19
16.5,235.93448990166738,38.5948477021541,109.3682982408223,10.959920889877763,19
16.57142857142857,222.65050595971644,41.56185010446963,102.21523905653423,9.586758687186546,19
16.642857142857142,230.81408170808393,38.988340230855044,111.54843040994184,11.314003356579871,19
16.71428571428571,238.47693207255858,40.75449732795855,117.86557278981438,14.356656772348074,19
16.785714285714285,254.19141152497596,40.74127356861942,127.8071813649533,9.33427588876831,19
16.857142857142858,245.77946606554167,42.83439719549118,114.00405992342907,10.170535761996833,19
16.928571428571427,244.35898223318708,37.492642636125495,131.4579518319579,18.04973163488283,19
17.0,261.1315479555748,37.64452002761886,140.0266220852256,23.775773023506563,19
17.07142857142857,266.5870795199459,43.851958752183876,126.09645603396383,16.766208465476378,19
17.142857142857142,261.379116704034,37.4081073739899,130.15921745555323,19.236798849796756,19
17.21428571428571,234.5188049282674,38.09084214779598,118.88479396073514,21.141607703351205,19
17.285714285714285,231.1269279977115,38.22374262697829,114.49449053558486,15.743688365194144,19
17.357142857142858,224.7206210086973,36.675390044005034,111.69685592255315,15.031812990117466,19
17.428571428571427,227.15374030260998,37.09915523366931,112.90976479442168,16.27751856558044,19
17.5,229.741175713712,36.1790548148706,112.9072246265493,13.715923297491523,19
17.57142857142857,229.38031381162446,35.32271460796498,114.12368799827,17.197335437414115,19
17.642857142857142,260.0423569277001,35.22015976140839,125.57703309318136,15.221942464897715,19
17.71428571428571,235.96119870627172,40.76020667517377,110.42283680071705,13.200740544667037,19
17.785714285714285,220.710440698208,35.77009354496045,105.10067855277451,8.144969912318363,19
17.857142857142858,210.92733836077875,27.88140275910857,106.3526969341063,7.313094845464749,19
17.928571428571427,220.11880434311811,31.390932568979345,107.55002464127952,6.169109624470432,19
18.0,242.35592394324465,30.159033919578867,121.3897742667287,12.22614739138356,19
18.07142857142857,243.62587324402648,29.750502464111644,124.81103885850936,14.447522688030535,19
18.142857142857142,240.75995743813942,28.045535176059147,123.85834919890638,12.886618601406491,19
18.21428571428571,225.68224151970026,32.602210814741206,118.05939189831861,13.03616299341316,19
18.285714285714285,250.1021753690984,36.43860944762474,135.54238875199314,17.45166054549668,19
18.357142857142858,260.94074613583985,34.38836905010735,132.3063853952794,14.381226204825209,19
18.428571428571427,259.91158592526796,35.34911653609899,130.51748293512395,13.624581264000705,19
18.5,255.56344229188846,28.04177612399794,132.58103714650412,15.944998326246989,19
18.57142857142857,230.27604834060398,37.40039641553826,121.18716685380649,16.403873832168788,19
18.642857142857142,227.57893365697262,31.546825838958522,120.07613232172261,12.208220264102046,19
18.71428571428571,246.51269353280253,33.42747778310698,127.10248681770528,11.355647350634174,19
18.785714285714285,257.1411389140242,31.19902393453705,129.2289178980378,11.295887303017407,19
18.857142857142858,262.4919212372068,34.844298654988016,129.37047260488063,10.929525111312836,19
18.928571428571427,273.08934086182404,33.243592214015266,136.54679498401975,14.396790657400935,19
19.0,248.0027058822536,28.836174670223627,124.72628634124304,14.073708026179341,19
19.07142857142857,236.01037216700018,31.152557932516316,109.76367502381487,8.499510493641942,19
19.142857142857142,257.42180479032373,41.5868701441359,112.50144890439927,10.922403425858441,19
19.21428571428571,267.07174668889905,35.203482062691165,119.33224816490166,10.65687568970124,19
19.285714285714285,256.81991411863703,37.011376651222825,113.44377421631569,9.750689459790594,19
19.357142857142858,254.11552956404554,38.34507855342772,111.12661504424997,12.197257117684163,19
19.428571428571427,255.62384431134618,32.381926244765715,116.21860037408668,12.291534486898344,19
19.5,237.70593125157842,32.451785824553134,105.71945708404836,12.541220528001753,19
19.57142857142857,235.99815388319269,33.925414765947906,102.43298492580695,8.070326937971547,19
19.642857142857142,235.9540598057968,34.25432056655092,105.89461148968711,11.944409013031109,19
19.71428571428571,228.3226063721071,30.41711341874624,101.19231347549972,11.177471907019743,19
19.785714285714285,236.04520963917506,33.51386412215488,104.2451489659907,9.773198896278247,19
19.857142857142858,246.1982535706009,31.665401402224465,113.57832735692213,10.847199115154728,19
19.928571428571427,243.7608295569036,32.15137981675257,111.62821829910484,10.151900676289205,19
20.0,241.66047265296086,34.13118967725061,110.20775472046844,12.00354410270962,19
20.07142857142857,252.90963917957026,33.64616563775192,119.45542957186787,13.018987495795567,19
20.142857142857142,241.27501279303203,22.80229339713039,126.97320237584493,12.934920638065307,19
20.21428571428571,248.1800227911361,29.559139398370615,124.23794920941494,13.209918013233132,19
20.285714285714285,238.44715302793787,32.494323154942705,118.66972735699937,14.614760012897435,19
20.357142857142858,243.00577055304453,30.771455999390067,126.90885685757642,13.960798570001705,19
20.428571428571427,242.23302064487274,32.71487084007092,125.3051538825548,16.360143647315933,19
20.5,275.79587623309214,34.370516099620225,116.66279861971998,11.418142980800988,19
20.57142857142857,243.9210641557125,33.77440566006144,114.85495089344535,12.724066316255044,19
20.642857142857142,239.55886568282307,27.294429989275223,124.34006137857476,14.161450690937407,19
20.71428571428571,264.9378875541963,31.15570817829381,132.77136559006092,17.613415436968662,19
20.785714285714285,259.61079329481214,28.334650663210244,121.24680883899224,12.041317442938368,19
20.857142857142858,230.82397301306378,26.805262421865486,119.72037763987008,9.166813816129975,19
20.928571428571427,241.4956565149662,28.347917579927746,121.53913775024331,12.836642997312378,19
21.0,255.69604964010276,31.26855584871304,135.6435881402997,17.706662948545652,19
21.07142857142857,277.49587530109784,33.56931820800883,145.57201310114323,19.10077824365358,19
21.142857142857142,270.1176563267242,32.61366434298758,126.89744484102333,10.256502372389281,19
21.21428571428571,267.70185129321703,32.40429191022219,120.72026266729694,8.366309905022531,19
21.285714285714285,260.12011462113617,31.48320233537875,127.24912825971775,13.832392566748476,19
21.357142857142858,254.5357092273591,31.775493933590372,132.02409626666665,19.82738442880172,19
21.428571428571427,261.7470521065378,36.921323297897644,127.21548659034782,18.53773558107398,19
21.5,227.99027430359504,39.90236983273044,100.48660765623805,9.179159281757931,19
21.57142857142857,235.83677922966902,31.7745211387181,114.08068652811825,11.102480809758983,19
21.642857142857142,238.3542166316729,35.234500710000084,118.75157915408876,20.650006272254913,19
21.71428571428571,251.54640774689125,40.15104182577145,126.6810507788699,26.137267379878068,19
21.785714285714285,270.04803774269277,38.963023465262545,133.11358339389102,23.230988023075497,19
21.857142857142858,220.65823879373932,38.701190233281544,99.93453951883959,10.954205526716558,19
21.928571428571427,224.67713855806625,38.51582307329434,101.89152528507064,10.204387974840822,19
22.0,232.06093160534488,38.59017596004215,109.04473712397282,10.346149685918872,19
22.07142857142857,233.97331083979375,33.7239370005053,109.81464430854167,13.822907589810491,19
22.142857142857142,230.24884826771407,32.26470862027812,110.01499249545246,17.53395292455571,19
22.21428571428571,235.56736414237255,32.25041772873647,103.86721886601276,13.487659354927167,19
22.285714285714285,252.19553840413215,37.96183734620857,105.88376683500347,14.48932564950339,19
22.357142857142858,253.73060041943683,35.386471629709646,107.41685225635715,11.902053090007822,19
22.428571428571427,268.9738060111907,36.431785129260646,121.15456431662265,13.851842431679717,19
22.5,264.17510720694634,37.5344988775342,117.81077068945812,12.754421396378769,19
22.57142857142857,226.35395278964566,32.7605319257635,109.29317516182246,15.143472347600465,19
22.642857142857142,222.48396260591883,30.48340300417139,109.29038869023923,13.327221728157353,19
22.71428571428571,246.05867875841224,33.965262831270145,112.17590721443467,13.46484524558582,19
22.785714285714285,229.01310619356076,31.4068930080142,114.44173702588023,13.264212479880788,19
22.85714285714285,235.84770942173714,34.25587339805906,112.04945326705622,12.090374727151211,19
22.928571428571427,243.2756104072501,30.81520379428963,117.00444966377769,11.575273506400999,19
23.0,209.1203630081494,35.207167411487255,108.13908964943329,19.654236969679985,19
23.07142857142857,217.54153984052903,28.21485842453328,108.64764018196334,11.556979750378297,19
23.142857142857142,234.0215523076661,30.90501994264589,115.56937390036543,10.606317169643027,19
23.21428571428571,234.19071583478615,31.268397806896907,116.0218938755887,12.936543046827493,19
23.285714285714285,222.80119994746877,31.4734363881231,114.75168586715589,15.777176420692092,19
23.35714285714285,236.63966657135964,33.598962488713475,113.5823098250033,11.572186320693723,19
23.428571428571427,231.14637249767136,36.421784185743995,108.17416024335093,14.508608533734153,19
23.5,241.56851972373184,39.54844116444512,111.3424141619144,10.250591317622467,19
23.57142857142857,252.3877070875718,36.73416895713625,121.13684263027525,10.99831649285094,19
23.642857142857142,269.80834289725414,36.322319470768306,122.2002303554643,14.831001833296915,19
23.71428571428571,251.43022779618474,38.735048814529364,132.5816771203835,22.696169730033702,19
23.785714285714285,249.50275861939588,33.61892864336352,127.71240894953479,20.591345800038585,19
23.85714285714285,262.5089476717681,44.18332531469536,113.56428944690765,12.7693808065266,19
23.928571428571427,243.03315665835296,33.11127304436856,125.38986589089586,24.708373862573215,19
24.0,240.18599947234645,34.21595748880247,107.7364413291851,11.436322070539616,19
24.07142857142857,215.92493637335866,37.74988424513681,97.12736556229768,15.299813225251725,19
24.142857142857142,242.1092826336268,35.398574629375176,106.3311411417103,14.046158391647266,19
24.21428571428571,223.45642702657997,36.555579990287335,97.12958122686145,14.190145628171036,19
24.285714285714285,244.1914014788731,38.804571575722214,101.66425248729634,13.169083588452496,19
24.35714285714285,257.53624522327635,34.83870860326189,112.04492935181365,11.870183367573025,19
24.428571428571427,239.64423208477112,36.38825717017058,104.57293088616231,11.765405859942838,19
24.5,250.87150378917042,32.59953496378211,109.16536936540669,9.798838611603427,19
24.57142857142857,265.75702946249265,33.90029676939937,122.41779102672876,12.870005704549474,19
24.642857142857142,259.3174600745618,29.07474114487259,118.4260899754501,13.119225507291542,19
24.71428571428571,260.36705535048475,33.328568833925665,129.27153867958017,21.171904877472343,19
24.785714285714285,267.7530254961975,36.78130862658732,118.70515621043914,13.679111100700425,19
24.85714285714285,287.98573292451135,37.01706175587484,137.4668593167577,21.13935438804331,19
24.928571428571427,253.92787599519914,37.94222144230634,125.17505424851416,19.563562490025536,19
25.0,269.855867043248,35.76209635257141,134.49096954273946,18.783414355384796,19
25.07142857142857,255.1574897718239,37.24096084505777,115.3130517112084,14.428412937895294,19
25.142857142857142,267.8135370733266,32.82261370966194,134.4839208664259,16.845987545570583,19
25.21428571428571,279.12039146486245,34.83891584146981,142.30299564636758,15.811973823383447,19
25.285714285714285,294.22975061940576,39.42345032192759,127.96993310102233,15.155151748914212,19
25.35714285714285,265.9957981882651,37.71437939869786,121.49917611138196,12.65771720832053,19
25.428571428571427,269.61940312639774,42.62435424645408,122.04368513769285,11.697734711708293,19
25.5,264.16563977792964,42.83435977210681,118.14032215052977,13.553485541743163,19
25.57142857142857,264.1098438485778,39.08668907659545,120.1007353436953,11.51177216246454,19
25.642857142857142,256.0984371362991,38.03340592437056,112.55527628667215,12.05369798096249,19
25.71428571428571,273.2014810602184,38.67864617592637,127.6205906763445,13.954721387094793,19
25.785714285714285,273.65870213994924,35.63071422770872,146.1685075421272,23.395910618306132,19
25.85714285714285,276.5913771143207,39.05862434632421,149.65926419118009,35.47093023394818,19
25.928571428571427,258.5734080588599,36.7753595760194,144.04754048840368,30.17525705975722,19
26.0,267.2972560655819,38.537091740571874,134.36772152867272,18.454023967416006,19
26.07142857142857,253.74074025215486,33.35550861479277,116.93115866618326,12.709909793645553,19
26.142857142857142,220.44094833288366,34.02878639135837,101.17686008027916,10.496948102592704,19
26.21428571428571,234.19862120698835,35.24473702651034,113.66155252048779,14.662000160184549,19
26.285714285714285,245.81788872376643,31.884839662545755,107.57160359131431,11.063460921637756,19
26.35714285714285,257.1094389996226,30.252198960186803,135.3911699492266,23.249351626083477,19
26.428571428571427,267.62180710836503,30.692993938350575,153.27094053184092,31.499151321621742,19
26.5,246.69880845860706,27.26375539651906,139.35402389282802,22.616511755004346,19
26.57142857142857,227.02975988216548,28.220055695658573,120.04590378277238,15.628114547727533,19
26.642857142857142,241.4293732875974,29.726311347792567,126.14922918854398,13.95197611142846,19
26.71428571428571,245.64718170086442,34.65474056175851,122.21092851121348,12.529781787041369,19
26.785714285714285,247.13098881570238,35.79008665877709,103.77215693090967,6.904992785975878,19
26.85714285714285,236.5237352168707,37.93016017535428,111.8251255355102,13.909902759179353,19
26.928571428571427,261.02645439993483,30.609164435908372,141.4128573981489,19.454711894364358,19
27.0,237.7904805704254,31.725481998539575,123.80540499229313,15.192563363694042,19
27.07142857142857,224.39490027178473,33.293343223738084,112.29317609477306,13.021809432084025,19
27.142857142857142,229.72696939250065,37.8633003228723,107.37755793497409,13.289113528416262,19
27.21428571428571,252.47340079611362,32.37672730889975,118.06240011777399,10.59100517187131,19
27.285714285714285,241.5880364030213,31.81956069190884,115.85698743714913,12.132376675686299,19
27.35714285714285,233.43258998982824,33.09517198949699,118.96386135430623,12.091411008740106,19
27.428571428571427,262.6875304360852,29.17428148416786,121.21499314023826,7.097912964067197,19
27.5,253.5586315616723,37.297224504735496,141.9748338940042,10.595962472369068,19
27.57142857142857,239.9674796253657,36.056857836022715,126.65511588723513,12.791486883958465,19
27.642857142857142,267.93652858657674,34.51769907004589,134.91722450622837,10.40472953983591,19
27.71428571428571,265.34533504881415,34.14791888894496,136.36651240693294,13.002969077172379,19
27.785714285714285,261.40147750978537,26.559730902368862,137.5310821715764,14.951108905971745,19
27.85714285714285,272.954367980269,28.594161004149427,138.45229548948063,12.766083501040573,19
27.928571428571427,259.2307297295313,29.67072477020569,142.86865154668197,17.2276792544732,19
28.0,277.3730743821435,37.34332553014531,156.50546751183205,17.23925346449377,19
28.07142857142857,253.24697664278514,35.403439116831734,132.85321474303908,18.122195621356216,19
28.142857142857142,256.75892886976715,32.92065356943962,135.88677142435424,16.48569822029285,19
28.21428571428571,256.90025374301916,34.85937833036004,142.69382351605134,21.009886298818387,19
28.285714285714285,264.899065594869,29.917591494117268,129.25846595928135,17.12742296958319,19
28.35714285714285,236.45429490505316,41.710288038280126,124.2322462461185,16.586268113303774,19
28.428571428571427,249.38458113508946,40.31962276486859,117.32922140061689,14.105334011515174,19
28.5,257.67413215499903,36.66827842556972,125.48527465108812,11.780641335046216,19
28.57142857142857,257.855446580262,36.85500751882829,132.57875860823535,15.032068045670908,19
28.642857142857142,252.9557801613002,39.61112933058943,122.29283663834629,11.721802072872183,19
28.71428571428571,229.35786954152368,35.94943218765366,120.48236293231444,12.476510357699699,19
28.785714285714285,240.3445913451449,31.292722489857816,125.09700065735866,14.538534750227637,19
28.85714285714285,252.20003987664097,32.282732825678494,132.7851098927245,16.31686404665724,19
28.928571428571427,244.97181582861546,31.22434148076316,140.86540581835945,17.454608646365195,19
29.0,222.40242219728427,19.666852390640187,138.18486638832294,22.246221202845444,19
29.07142857142857,239.65725563706775,21.821927654580932,158.69211035943482,28.947021639730906,19
29.142857142857142,240.02288872584293,32.065532009345674,150.887517633744,27.364634970793123,19
29.21428571428571,251.70782574758707,32.92763875561061,143.20739173554378,19.883020682889263,19
29.285714285714285,249.24227219731443,31.41169654376425,139.063701979556,19.35761181730526,19
29.35714285714285,231.74248924470444,32.56303031561629,125.83095298380658,18.415167073136324,19
29.428571428571427,204.7652328706579,23.03673472319225,124.06399484009431,20.974742752479987,19
29.5,227.44881860307626,18.89902293491196,130.50773965262232,17.294427720172465,19
29.57142857142857,257.29211056843053,20.781858006063526,150.47941538754176,23.405980071315525,19
29.642857142857142,247.13931322902903,24.86582508872924,150.23365640875167,27.424411121629575,19
29.71428571428571,243.4808962741465,28.44434167165597,146.77911662257017,30.84450877925259,19
29.785714285714285,273.70657842657465,26.565661054420158,159.36409951385545,23.265464004537275,19
29.85714285714285,258.020605508715,32.79443117881426,137.27468215294286,17.287318649388407,19
29.928571428571427,258.4692163796927,30.97693896150038,136.54374948397682,14.498288934666173,19
30.0,268.2041978977742,28.342722185945572,128.0776101983056,13.978985423192846,19
30.07142857142857,251.1866303528509,41.76484451926524,112.10260028358566,14.456692646655704,19
30.142857142857142,247.83360277285138,34.43707185019536,132.49418299173843,17.381755577448196,19
30.21428571428571,268.3293490610476,41.16760665452375,150.30588328625393,21.523679641392803,19
30.285714285714285,270.142501735186,38.514251092012195,125.63002046091498,15.346415605759983,19
30.35714285714285,261.1097969454618,32.68385766786419,138.32510146130326,18.993488239341985,19
30.428571428571427,270.0978867173466,46.03947457276109,122.17687533924315,13.509047438174127,19
30.5,242.47049801813804,39.85052159022348,101.40581490061847,9.137193880682853,19
30.57142857142857,231.03521838398436,40.7735296962549,99.8057386561938,13.70864460188532,19
30.642857142857142,232.96124931302714,44.173248247413774,99.7668100253009,14.246725095068307,19
30.71428571428571,227.51841150845365,34.351137216221446,114.51616363146408,19.153367422719544,19
30.785714285714285,223.4775100051678,27.88923036007001,100.23244146486967,10.274913918712793,19
30.85714285714285,245.4297856979447,29.24019265991905,126.82419784586972,18.38203552508456,19
30.928571428571427,257.18241505826785,33.3569693795898,123.52680995334696,17.376762382211222,19
31.0,248.85655549366297,31.891195007123113,124.97055189231908,13.793764012554876,19
31.07142857142857,260.78889406511337,31.780620388494842,118.94489688103492,10.437785924632605,19
31.142857142857142,269.9340283530782,32.1502133737934,123.4276838878596,12.389867988358459,19
31.21428571428571,247.37722480915178,28.883495306842644,114.36628380956391,12.321069509537608,19
31.285714285714285,244.29547460975144,24.910584235020703,111.58311041093624,11.81941597242768,19
31.35714285714285,232.17487826586782,27.225275594421856,115.95849501637788,11.759970152287648,19
31.428571428571427,224.70437454948134,28.82723208608959,117.38810105156696,13.933104026278086,19
31.5,249.4388963749243,30.216996995675608,121.71594461868735,11.778545653613277,19
31.57142857142857,258.38518581451143,34.959874311442526,126.65487801556618,16.277382572426443,19
31.642857142857142,227.25440913276873,32.904919242969406,125.22236611944557,17.756398364906744,19
31.71428571428571,257.3306370133137,27.281016518191084,138.5702483502515,15.99628404449142,19
31.785714285714285,266.95667867299903,31.672295297443313,138.35594452061994,18.739651800379747,19
31.85714285714285,272.8723395433449,32.819075651905436,140.43810854728628,20.021596121759615,19
31.928571428571427,260.3502046355292,29.9758263056367,131.23420301711062,14.325458524169349,19
32.0,271.7012340601214,31.96749129701835,120.24306355468106,12.494251758476342,19
32.07142857142857,268.3265662992352,31.36244954595937,120.16348310355839,10.933710611574924,19
32.14285714285714,273.17158312442723,33.557681653903494,128.2279605078177,15.118602510560802,19
32.214285714285715,268.78598734079293,33.38236906264203,128.32049091023055,12.006404458168916,19
32.285714285714285,271.99583749418906,36.53083012764793,130.50880364884833,11.64289273405661,19
32.357142857142854,260.72824662460164,34.9585522006553,114.97912271220288,9.277146326419604,19
32.42857142857142,269.7300069509146,41.37591719041266,109.68811870265448,11.022608043745844,19
32.5,254.0656274238703,42.59324598958489,108.41927348023664,9.867994797095017,19
32.57142857142857,241.72931640537735,33.799496004611605,96.07391075028698,8.409720159162813,19
32.64285714285714,216.49899989485527,36.82658871815691,92.91407570350322,9.44731744630975,19
32.714285714285715,246.06430345253128,36.75062557708043,100.22796480113487,10.740990195608019,19
32.785714285714285,267.15226887466883,34.040653838388366,106.22408093502666,8.55498805678744,19
32.857142857142854,257.5073915494384,31.267949200548784,112.77834084493097,8.020029634388678,19
32.92857142857142,253.6710805775398,30.017098230223517,111.96312509267723,7.496029557839567,19
33.0,234.82383078597948,26.458774264270232,108.54131335909874,12.477163855946602,19
33.07142857142857,229.95033399342478,27.929389771171763,111.34616779707552,14.063903062044316,19
33.14285714285714,229.02633200639733,40.03530740158618,109.18426514589446,15.841289597721245,19
33.214285714285715,234.0008737925432,27.408856722352812,111.86783438967868,13.70522908474866,19
33.285714285714285,241.44994001792796,26.728805695799693,104.50286924235277,6.8494239227637745,19
33.357142857142854,271.17658687603586,31.443459557576094,123.7540293167052,15.975555031678107,19
33.42857142857142,263.06191550300986,35.51856751750543,121.727668865256,15.951187782478495,19
33.5,255.57866064921214,35.24196731570158,114.76481036414896,9.94130646584524,19
33.57142857142857,214.50332248206982,30.481965572483293,101.06555105288348,8.608784851036267,19
33.64285714285714,243.0797651105956,27.98761989513705,124.19974803473724,16.77035850395095,19
33.714285714285715,259.691476959979,27.007131876333275,133.2949869203877,16.90932551087944,19
33.785714285714285,267.8363093422402,26.963073072451767,134.87219099685652,14.444671546975933,19
33.857142857142854,257.49943489677094,28.47884792306517,126.99454182696672,14.24442807125695,19
33.92857142857142,239.5027359176709,22.05648672475123,122.88006046209514,12.913566871125187,19
34.0,246.87278284295695,26.294675362840454,125.62940688713486,15.194604732292463,19
34.07142857142857,253.6745002711988,29.603890808549107,129.92119278459285,15.839577869392604,19
34.14285714285714,253.75272872083687,29.107228857866854,122.26253529099291,9.16738699477611,19
34.214285714285715,246.8058439306284,29.81729009307946,118.33026873921737,9.053642334059308,19
34.285714285714285,248.34222632363497,26.406654247651524,123.59990664690415,14.110603494391118,19
34.357142857142854,277.3681706597954,31.07005254621475,138.5870773010401,20.035687169190517,19
34.42857142857142,267.1904144426362,34.52129417909824,130.081049526719,19.730931570911206,19
34.5,299.87522316815574,38.84500353222244,130.53807677483056,15.089949402214815,19
34.57142857142857,274.39283598310675,38.429408580518384,129.81766653983456,15.898398205088068,19
34.64285714285714,257.752975331031,29.843867079919097,125.3291662447788,13.77596752604078,19
34.714285714285715,251.90639880124266,30.573874549101934,124.75074530695112,16.714259716951652,19
34.785714285714285,261.3177136734772,30.81912712240904,125.23355712090392,15.001568663734778,19
34.857142857142854,264.3621340415186,31.241010996472227,124.5410749001605,15.184895047879131,19
34.92857142857142,258.1562488406472,29.881197379225288,129.83158351411677,15.997844259294686,19
35.0,278.16842977959874,32.77209245123172,145.69110764163733,21.34021346100705,19
35.07142857142857,268.7283203144332,30.869201225635912,141.53721888147368,23.32639138143667,19
35.14285714285714,255.22272586687137,37.605149655914786,125.40884810057933,23.410159177200736,19
35.214285714285715,230.318293076556,36.23519615971634,109.85488580416201,19.298917379659027,19
35.285714285714285,255.35583674684239,34.08597789416508,126.08764006549224,17.358261518176466,19
35.357142857142854,261.8100421284442,35.64688042965552,119.35321558493115,14.485856478760311,19
35.42857142857142,265.0752805152749,34.313825441809605,115.27820077529468,10.33603632006433,19
35.5,249.5502073445532,32.00532584851441,107.77998298586344,7.238931672874761,19
35.57142857142857,232.96554472009595,33.26458162217583,104.56250937178258,9.652759347032775,19
35.64285714285714,250.5416848042443,34.52117214007166,112.00749855320501,18.767904467284147,19
35.714285714285715,239.46848754896277,34.02765283436544,98.2787132665034,6.39721039200517,19
35.785714285714285,243.8407744635708,26.91452752703128,114.38484292983995,9.750440699910092,19
35.857142857142854,248.55119501452725,28.466912071376147,115.48511531522792,8.572116173171398,19
35.92857142857142,257.4964189140576,28.2618288004966,124.14466692533902,12.103543331911803,19
36.0,249.82707965113244,31.546607667912923,121.8231604437028,18.084436836271657,19
36.07142857142857,237.680211117771,35.89398757604339,118.77124035493496,23.101524271620956,19
36.14285714285714,248.352069347814,28.317092671047284,126.46658962441106,22.725692112761195,19
36.21428571428572,241.2491463898717,24.974669499175576,129.9679086802146,25.53114973848958,19
36.285714285714285,247.21199984197227,30.151979073001968,116.67131665659144,25.223519302872177,19
36.35714285714285,261.0102742391684,30.932695945975535,126.38451565652842,21.890664550620937,19
36.42857142857142,253.9909049169427,26.77102949158422,129.30688345306115,20.42479005550079,19
36.5,262.1816743212983,27.415575695174034,130.57546965839947,18.627063776497963,19
36.57142857142857,248.2086203354969,33.35151743482963,122.54849939344837,18.821415654292814,19
36.64285714285714,232.01058512688556,30.675663123669555,110.012349605116,16.00920694928127,19
36.71428571428572,261.8836313060274,26.99048346566098,127.5446770570576,12.450466073120648,19
36.785714285714285,263.62289611899206,27.79739672667841,118.05631705425607,9.539828129349925,19
36.85714285714285,250.95563915997568,29.68904537136392,109.305587876298,9.974863937896853,19
36.92857142857142,220.69390003227997,29.73065602352941,102.55850761032217,13.152059675807918,19
37.0,229.9860534485529,24.518630209816948,112.51959923384803,15.202896963046905,19
37.07142857142857,230.03260980270574,25.008307444170317,118.00029297932143,19.835056672953634,19
37.14285714285714,220.97051236538286,25.75016544997964,115.95575083955103,22.59140712151191,19
37.21428571428572,231.74087021971928,28.025355195465725,119.10241115156789,23.584278206280715,19
37.285714285714285,240.34770207994512,28.686476472937862,128.60966606978064,23.28770582683009,19
37.35714285714285,233.0584230292711,30.183724589348856,119.13599657280231,22.943978170449224,19
37.42857142857142,250.73562958444614,30.97315205641789,120.26807660532428,19.876021160201216,19
37.5,244.8172617267205,30.533557556899954,117.08476225478924,11.560630632754556,19
37.57142857142857,217.24882002750942,31.434209842790803,97.95449656825812,10.35407008223618,19
37.64285714285714,213.74225282086724,30.080111527792784,97.30162572933096,10.246936707159314,19
37.71428571428572,219.5039173975101,33.59551748886054,109.79957203319039,16.92685167781702,19
37.785714285714285,226.65769581140765,29.723703800091045,117.55848240814646,22.53747857249694,19
37.85714285714285,237.43696295054363,27.87280265484393,132.04992305907726,29.699758310358618,19
37.92857142857142,246.64834943044818,26.798754666125816,139.97517405026932,38.36108644414284,19
38.0,257.40035977299164,27.48089018235269,146.09862088831017,41.44756129681339,19
38.07142857142857,259.9951120380312,25.63465975155005,155.45148018661382,45.78915920156259,19
38.14285714285714,265.30225547749757,24.877825808780976,161.46393586936378,45.36123017635075,19
38.21428571428572,253.2091383846663,23.9637128522099,148.67101500792435,38.900501742620825,19
38.285714285714285,255.6158864193973,25.217489294654335,138.88420850610754,29.60397622242906,19
38.35714285714285,251.0331417341529,27.78754646156766,131.319659273832,26.580813047462755,19
38.42857142857142,257.49907510948753,28.016329283672732,124.18493876091046,21.624105712581343,19
38.5,248.8513335873093,30.084065464395138,125.8549650836338,22.980310490180873,19
38.57142857142857,257.8796519176345,33.422567834535265,127.95086995914502,21.582574026066837,19
38.64285714285714,260.8688788437938,28.25337627496721,137.70708553199648,22.24135666613707,19
38.71428571428572,251.3701879886994,26.7196552979761,129.3794870083673,23.344506561709547,19
38.785714285714285,267.0977449103383,25.847116132088118,138.4419466530185,21.646362918663264,19
38.85714285714285,232.32305030035062,25.481257981028655,122.277596248835,18.873507531706643,19
38.92857142857142,245.46075068636165,26.682563389849566,107.60404818855763,13.454150104724715,19
39.0,239.9119622939309,26.400738783014937,125.22390108403192,15.06210962743039,19
39.07142857142857,260.91422834345167,32.5198297245681,130.5679463339856,18.78553677399288,19
39.14285714285714,262.27321673077955,27.395137033740205,146.5125350784898,16.895408729772267,19
39.21428571428572,271.92165405755134,26.202049473444426,152.4427980063355,25.114368428005704,19
39.285714285714285,258.33627717427805,21.599104366257944,147.89766218868445,25.437484419095654,19
39.35714285714285,246.31290198536453,25.3345457703976,130.09852270141343,23.53635744008916,19
39.42857142857142,260.7793429300554,21.82434877204264,144.12962689664207,24.28302944742787,19
39.5,265.643085795508,33.04888796110776,145.50409385761347,28.592239343477488,19
39.57142857142857,267.53875404792467,34.459601186431236,142.73984145628648,27.668494763151237,19
39.64285714285714,250.6044042843751,29.98105923216478,136.19339216343164,27.872505416540974,19
39.71428571428572,256.018892091661,34.406628430349656,138.65882309589148,27.851079896590203,19
39.785714285714285,252.86799593507257,24.46153172816998,145.34872397531086,27.565400156401598,19
39.85714285714285,237.0637862018774,23.9422614936352,132.09931581302686,27.377004723023944,19
39.92857142857142,225.12107222921296,25.756969426001472,125.91090652295377,30.906174246037487,19
40.0,259.05760377056237,21.829520873237435,168.63454983447883,38.0464021899734,19
40.07142857142857,260.5858188488408,24.14887632521088,160.09570919555492,40.20887271699803,19
40.14285714285714,255.878043989136,28.908785564194805,144.75346823614566,34.6928161827838,19
40.21428571428572,247.04548753565538,27.56544051285143,138.9742410531184,24.536598096924585,19
40.285714285714285,234.1268172592406,27.216423805372482,123.47295683738311,22.194675790452628,19
40.35714285714285,265.04639922207144,27.713353879263327,149.13431486590102,30.876712922941262,19
40.42857142857142,261.1629893973394,27.938423666740064,151.16941550462934,42.834011038669864,19
40.5,262.99835124866985,36.813215229167334,163.93735317730014,55.511626939251954,19
40.57142857142857,275.10905011097054,27.86681068384431,182.10983778809458,56.41989576254832,19
40.64285714285714,277.7109677576514,27.87567866787506,171.0202245250225,46.357108101617534,19
40.71428571428572,248.63321345530517,35.31273812450204,138.75223252532615,42.15241435974421,19
40.785714285714285,240.32857245402792,36.45065317676549,135.84947981521265,34.64014060853424,19
40.85714285714285,259.2534696727406,35.74171114738481,135.68066104258708,29.9774917795067,19
40.92857142857142,269.96957547498613,42.02503150132506,149.17704886369043,36.121735493509995,19
41.0,259.8684988040152,38.36677014215113,133.34562661267154,28.55021203307039,19
41.07142857142857,243.5857469183395,34.15001988673222,133.59405725549328,29.57457172781201,19
41.14285714285714,246.16040941563756,31.858615794184054,145.6244009722809,31.422410085512798,19
41.21428571428572,254.98002574235147,30.43233139732568,154.3945576217227,35.44050088559173,19
41.285714285714285,256.8554471401809,26.739791414662008,156.83278147022568,40.566223931337554,19
41.35714285714285,261.14841030845093,31.693254825028387,140.9552428971441,35.042265674821,19
41.42857142857142,263.0559787501645,29.400965621047217,141.7129860321297,28.022165451968288,19
41.5,271.85407030746825,30.82420967833344,153.98137631087238,32.31447570301986,19
41.57142857142857,283.16087887317025,29.62277860687109,168.23224218102268,50.64822637471457,19
41.64285714285714,264.3589519337491,28.182154179318047,160.07596272930044,46.41546799884839,19
41.71428571428572,259.4915434837922,26.85522447682574,155.30724861460357,43.33307699172446,19
41.785714285714285,238.4075632820539,23.981563434447036,127.99006996489655,24.163631460737772,19
41.85714285714285,268.0571669208178,28.91535625450457,120.0440103209619,17.583967585087397,19
41.92857142857142,260.78728274047927,28.498886462622146,151.463047289865,39.5476549836357,19
42.0,271.0832403071576,31.003672752029136,116.11536202842164,20.03979859230583,19
42.07142857142857,262.01326593261103,29.409287608386784,166.37948337997358,46.06328361109095,19
42.14285714285714,249.97802206126568,29.76188871793327,154.60514212851615,37.94576641570276,19
42.21428571428572,239.43043664435268,27.596731371657427,133.7150434751278,33.56311318546779,19
42.285714285714285,242.59970855659267,27.786992291538716,138.53212056256368,34.23869609541686,19
42.35714285714285,271.207169094251,27.159125648880888,172.6180698896521,49.19661097077559,19
42.42857142857142,277.7201320944875,27.382731325228676,171.14132117839802,47.3086445854397,19
42.5,252.49332435084483,30.12112646960634,102.3386404455655,15.477929108024918,19
42.57142857142857,235.23889321173166,24.329808974025248,99.63197941374857,8.173716240462328,19
42.64285714285714,250.53964173168916,33.36450088969636,98.79324436832688,11.51640596762632,19
42.71428571428572,244.60934116851868,33.16697615613549,97.14446665022604,11.80658319309034,19
42.785714285714285,288.1066562875671,28.97019689434336,161.6800893063078,46.95760762657838,19
42.85714285714285,284.5045343308855,29.3628106154684,147.71844714615554,33.14636261561523,19
42.92857142857142,268.6868132234277,24.690622433374983,141.03280517524465,31.760435264460636,19
43.0,241.11280324041576,23.07473248300363,132.70951034026868,34.15117292953205,19
43.07142857142857,229.287822592867,20.472657374025317,131.28823711494778,38.900858919662625,19
43.14285714285714,242.73934233461142,27.39196265855642,119.76248091416393,25.89728382398466,19
43.21428571428572,247.96545278961383,29.282210711920804,122.79849164958651,24.085825380848913,19
43.285714285714285,278.7043033637036,26.39872534867097,163.78192363417412,54.61225923114606,19
43.35714285714285,280.69760535076375,29.991722333740785,172.85073654723163,64.11314697775624,19
43.42857142857142,263.9680677188036,28.245439884932118,159.79735312593678,52.96576484905102,19
43.5,249.6192144035145,26.40843837669646,151.17061292185,51.045587904245096,19
43.57142857142857,216.52293790267754,28.59449635242105,135.06794746243136,55.04613511267722,19
43.64285714285714,217.77053189072242,23.519964180624505,112.09134108688818,27.93881230443589,19
43.71428571428572,241.78840728538435,28.3664315238784,111.69573868812138,19.062707787367675,19
43.785714285714285,251.59833533100903,32.58611794614049,132.73845865390615,31.87594946766949,19
43.85714285714285,254.61563788539058,29.33765866189205,155.39976395552134,53.38718265450362,19
43.92857142857142,242.60164973235086,23.412056945482156,160.0142659626581,55.85632073196084,19
44.0,236.88442159253987,17.16432278946054,168.3654328797825,58.57947549434907,19
44.07142857142857,227.01346432245842,16.969989085831706,153.53419656763745,53.314830382297856,19
44.14285714285714,223.51329881201974,17.547467554160587,151.42314535500142,55.35350084415359,19
44.21428571428572,258.41027458891074,18.062782359609155,181.0202316897961,59.04240380046283,19
44.285714285714285,277.82674027095226,27.040936431830108,181.16306546957077,52.52290744902529,19
44.35714285714285,283.57012395616647,34.019890566001884,179.87086011252111,51.29544950183047,19
44.42857142857142,243.92675958140833,32.730990025681805,166.75149395775495,56.501172829958854,19
44.5,225.92156748880933,33.02084872606001,146.32207819729513,52.33870641030029,19
44.57142857142857,223.81227854568797,37.484148824190534,138.05819371644938,53.059989026897355,19
44.64285714285714,214.45869329697533,33.64595592361693,140.63535631884693,50.496036702279625,19
44.71428571428572,205.15308156259582,22.944519906871303,151.13773126571593,57.99865339019482,19
44.785714285714285,232.99020439049136,15.727937476515738,172.30712589042872,54.16416257754908,19
44.85714285714285,229.6789706433336,17.03593215269126,160.9955177285178,45.4775798591087,19
44.92857142857142,230.7930887290419,26.177168019275275,155.65219123422503,44.999581802569715,19
45.0,244.04125648053588,24.004908415484067,153.22077815768287,39.34750581573873,19
45.07142857142857,227.2327206081998,27.06138658986004,129.70124648025023,31.61883675151256,19
45.14285714285714,230.0766236011912,27.927376332575918,141.06808853220394,45.15455592993112,19
45.21428571428572,231.29110331761424,25.94552723689314,144.81266520504698,45.190372433222436,19
45.285714285714285,226.22129327037223,24.076110004623917,145.89926125347802,44.818608569976924,19
45.35714285714285,234.0436146614851,24.394892712444975,158.86868551136286,53.244845130043714,19
45.42857142857142,210.91117582997057,27.811002324022173,132.0999371670245,40.09157885590574,19
45.5,240.92661268654214,25.920152185353878,150.59769412825037,45.571830907956226,19
45.57142857142857,258.388669771347,33.35601702591377,159.10911518012452,49.82023723468673,19
45.64285714285714,259.93186117215146,33.088707531554945,164.5270834677696,52.68542393498624,19
45.71428571428571,259.5602860661537,33.847593036746844,180.6594158167002,65.48794673767107,19
45.785714285714285,262.68790143629604,26.35500565970826,172.21880515247858,61.33273015228195,19
45.85714285714285,236.5191917347358,28.366609368440386,162.3909775281963,54.74871946648516,19
45.92857142857142,236.50967749172258,26.559929626028133,151.30959442842942,51.05230043253397,19
46.0,249.40268081888584,33.44198543125827,150.94942087886017,50.58297575313855,19
46.07142857142857,252.47454438444427,35.52863984852976,172.30116008103641,69.38581627644113,19
46.14285714285714,245.0231698096668,33.55712421761447,161.55713168255934,55.211229160903926,19
46.21428571428571,278.99478022037823,33.003099194664834,182.05012243426668,57.06229278075134,19
46.285714285714285,266.60737969229694,26.23411989131701,177.0224506398903,56.878923014849846,19
46.35714285714285,257.90018699662636,21.566759091245736,171.3187413031911,57.43071989732709,19
46.42857142857142,246.82786225755856,23.582595932847447,163.48705784712763,56.865392539155145,19
46.5,230.32105300686388,22.548760783233778,100.59969282412261,12.609654266415587,19
46.57142857142857,250.65949581047283,24.658287018063845,190.4872272510395,70.63981241966452,19
46.64285714285714,285.90630524878577,29.513405819264594,217.56234483496397,76.07862837497535,19
46.71428571428571,272.5817590599983,26.38247074574778,177.84245819794614,44.58719126955395,19
46.785714285714285,271.2445456128252,19.42083089949149,190.59801431831087,56.05735570044187,19
46.85714285714285,256.8792629267904,22.276296016569322,168.31333369095088,60.4504928636643,19
46.92857142857142,247.0105727076284,28.709149106236143,164.01204885806985,61.28074300531305,19
47.0,249.23117514299676,24.596965422850076,172.93437742180146,57.61590389488121,19
47.07142857142857,281.35723836671167,30.136908963394365,180.8312564482643,56.801677572056114,19
47.14285714285714,304.905283813805,31.07609904062131,190.21501492628406,59.82085766873567,19
47.21428571428571,307.0791835988329,29.893516350774025,183.10515419041215,52.75682331237494,19
47.285714285714285,287.9116256528481,24.185589783066032,175.19775059206455,53.2417976794518,19
47.35714285714285,271.1363868175203,21.741880139459074,173.52173697219825,55.90577708475534,19
47.42857142857142,260.7963229239598,27.245611618347766,170.70850586297453,63.93701788338731,19
47.5,258.0024005355851,27.568436628511723,183.51262193859125,80.59821833906412,19
47.57142857142857,261.0490098091827,28.047469818604856,162.55673254746517,54.06241690396079,19
47.64285714285714,240.86635034833108,25.90132840162787,151.87389893909955,44.45343166638391,19
47.71428571428571,262.07752329927547,23.34051072597067,179.48401441310563,60.27978928664551,19
47.785714285714285,265.1776103005388,24.82474661839039,180.19565519959932,56.13716929141093,19
47.85714285714285,277.41868707151275,27.931748447657675,184.27088302468047,58.787213127480655,19
47.92857142857142,268.99984421913825,36.47107495318723,161.6426286422421,49.35185600783661,19
48.0,269.88061454875526,26.17534556739386,187.70265127277875,62.37382863544311,19
48.07142857142857,252.75858141839743,22.183570403673123,174.79727638700066,63.02171226596284,19
48.14285714285714,263.33272747339385,19.401003115773133,188.49776528882387,63.112114107482334,19
48.21428571428571,258.3219853934234,23.110979244420733,187.95269783954498,63.318119312369525,19
48.285714285714285,277.32478116383226,24.59897808906275,194.53093776909876,73.4263149975333,19
48.35714285714285,264.84535579825433,22.42561747962715,206.23314549687404,77.52857175229386,19
48.42857142857142,276.22456153674403,25.583414388795877,211.59342089765858,80.6725076368111,19
48.5,279.0325339348635,30.721643921971538,218.54536469806635,102.76649088833945,19
48.57142857142857,254.89260518351813,30.130136833628466,189.01508892389836,79.3892456014342,19
48.64285714285714,272.1634709003712,25.11674294502796,200.78882149500984,68.08565615663973,19
48.71428571428571,282.8248479231886,31.11793370717065,199.22360971141282,60.63639859541207,19
48.785714285714285,238.68729434838227,28.93777075004342,169.6749389191296,56.622397679507614,19
48.85714285714285,226.80112397352005,33.95333153268399,158.3926996662293,61.341564492564025,19
48.92857142857142,273.42084405107187,37.564249697851295,205.71090315539323,88.85581745487889,19
49.0,252.43684320653983,30.94647221366477,173.57127664833098,67.74011949990347,19
49.07142857142857,266.4416373463479,33.49969496773066,177.44194317868022,65.51083523950845,19
49.14285714285714,270.45939130328486,38.283445616209974,179.90624246619993,63.54860862854192,19
49.21428571428571,282.01377553870304,32.20414971213997,198.11497422258253,71.45372469051996,19
49.285714285714285,286.0879742893462,30.038798216494314,194.9145387284026,67.08659781919448,19
49.35714285714285,285.77081949493396,30.395117583919177,171.1466502605989,44.72533917756023,19
49.42857142857142,304.1664972549695,41.54923194699354,160.64837980635807,31.43062658058668,19
49.5,282.47846065581206,38.09880796885011,112.02823882624122,14.664925824874386,19
49.57142857142857,246.67324070053053,31.077612227847535,124.32514925150043,21.147412579215516,19
49.64285714285714,279.40243015137054,27.6559419489588,121.74140878220213,14.981773282232743,19
49.71428571428571,272.90962498217607,23.49998044114331,127.58636089143242,15.791924768720543,19
49.785714285714285,281.55598677283564,26.503243903273862,138.89465505893267,22.625594909693014,19
49.85714285714285,262.97114401737997,26.33430386817037,165.7791646469652,38.05237102815311,19
49.92857142857142,219.28202212025766,28.116028700055868,123.68972329096889,30.003815422162006,19
50.0,224.2172865385549,23.313880624689624,131.89659267194014,34.431542020148406,19
50.07142857142857,225.5779515763022,31.839005118728824,141.72703792383436,46.21638595998113,19
50.14285714285714,247.420803436134,32.662295784323106,144.2939660698983,48.218540876367825,19
50.21428571428571,258.95859585669604,35.813563473888365,161.5780621654606,58.371298443392334,19
50.285714285714285,274.51400554408957,37.53067630528014,181.7085462541302,65.46983231909373,19
50.35714285714285,254.15048319197982,24.542858616219558,154.533404200539,47.30316189093393,19
50.42857142857142,193.37239697579952,26.75717062856113,142.02449309392637,60.84061795412911,19
50.5,201.25723563499955,26.317789195205584,147.57824600527064,62.7854454704459,19
50.57142857142857,224.33453688483164,28.098218960905733,154.74234647735958,66.03002012176692,19
50.64285714285714,257.94440835065166,28.148156007032313,196.01142237484382,87.39204648896285,19
50.71428571428571,298.3494955100868,22.362187150999606,201.18144845429686,74.16471497250056,19
50.785714285714285,310.5238617024793,22.152969802858696,228.9326293029162,90.27702138445777,19
50.85714285714285,279.34876840050947,25.985589923941603,200.67741708255798,79.73311428180095,19
50.92857142857142,244.3534751568545,30.79800664851435,198.16528570047686,82.0487046986072,19
51.0,236.06317535670195,33.03831282094622,175.58100236169022,71.87167790086676,19
51.07142857142857,245.59898998949177,20.15013212269377,176.42318154161433,72.07222526104398,19
51.14285714285714,263.8180344619642,28.408305447389257,186.7731860085214,60.665758372064055,19
51.21428571428571,266.2116222132606,31.502170113815733,195.64732108351714,70.86419609889496,19
51.285714285714285,270.35751178471253,33.69571211510827,199.9653034371296,71.48841607688472,19
51.35714285714285,298.2652296088232,29.62350508752736,227.46906301366275,72.80760707634724,19
51.42857142857142,277.03129222934666,33.92808366459877,209.8091080868896,59.338303976249385,19
51.5,252.3278818179466,35.17912212683311,175.7474321092568,42.470361990192345,19
51.57142857142857,251.83065403989602,30.12255120246443,161.76896654763493,37.15142693986648,19
51.64285714285714,278.06106083401465,34.93764226213323,182.62104246953854,46.42779315787435,19
51.71428571428571,238.1736235532376,23.825107588156204,167.4119064275615,49.583716896845566,19
51.785714285714285,231.42038094868687,22.610170496039792,175.92973153950652,54.430318004252506,19
51.85714285714285,235.9977908748056,34.16864444009775,173.96967962955767,50.87000203594532,19
51.92857142857142,246.09738036291319,34.58633469036184,172.75704612252818,45.783432232692356,19
52.0,239.73867124484846,26.238633073593665,154.98432628589407,35.64926017541785,19
52.07142857142857,265.9767738481416,24.319880809107957,174.31356462325806,39.795485338344726,19
52.14285714285714,268.76666283253087,24.895064465945982,173.4695427027974,40.57136071669857,19
52.21428571428571,246.85704789594175,34.17867583426522,167.60931939247368,47.351404973672004,19
52.285714285714285,232.1344042530117,31.54632419860138,169.05639080495214,47.6261356085702,19
52.35714285714285,219.7510558665837,21.167991283548506,149.99356727294983,39.325332817912994,19
52.42857142857142,225.01836921161848,22.721854260564246,144.3893173889198,31.940936247907963,19
52.5,243.50469390190193,27.323736827832185,172.5284426430126,44.347234797583525,19
52.57142857142857,240.16281464951103,28.381018793068993,160.44066443173105,44.20299196492873,19
52.64285714285714,235.89005645572294,27.81491199175706,160.69511281213508,44.45081556269421,19
52.71428571428571,221.85495005071363,27.606972086544715,162.97429020295462,55.997600565126476,19
52.785714285714285,214.36400963747568,29.101220335509574,155.59284302954742,51.356870168931856,19
52.85714285714285,212.2241009199323,26.3202126116024,146.77866470294938,38.488082812241316,19
52.92857142857142,231.92644770934206,25.437531706503123,161.91186799479536,44.58944299533184,19
53.0,251.7229957634312,31.507697630615443,182.77991681016863,54.331066295377724,19
53.07142857142857,248.5355205488553,28.153025124744357,180.80032033899656,61.92427635552545,19
53.14285714285714,259.8653434801841,23.61045810754639,183.11834032612882,52.56544928301205,19
53.21428571428571,251.81381429884505,18.37541949043928,183.30802025490885,57.719333088311444,19
53.285714285714285,261.19791421763165,24.553053667851056,182.47202275514596,55.295772073721416,19
53.35714285714285,258.13535976770476,28.23784317790688,180.74130047873714,53.8887151563644,19
53.42857142857142,265.8154760635415,30.40033813305395,193.9045864109768,63.811028396414905,19
53.5,263.7023483157225,35.11042655076488,182.39486583693923,57.34595950036259,19
53.57142857142857,287.24273709381663,31.47805127511036,187.08415322970808,57.617803665856755,19
53.64285714285714,279.27312651849036,25.417883413218,193.43051607989813,63.573490162926284,19
53.71428571428571,246.86503433458964,26.401001690288386,173.2732515883016,58.06635350885356,19
53.785714285714285,229.3965403599356,25.071127754646625,155.50899312323884,49.54224101549346,19
53.85714285714285,234.88830444306151,25.81263753115122,180.97291560336026,69.75307182902382,19
53.92857142857142,261.05168586867325,18.682176435524735,167.571317055322,50.85487774415637,19
54.0,245.08054545890167,22.569501802440854,169.30347397952926,50.129484528457155,19
54.07142857142857,272.1466613459301,25.835125971724466,191.9491441445709,61.440256289733064,19
54.14285714285714,284.36605480779696,28.19540823351849,191.31421080127407,59.998192888265805,19
54.21428571428571,284.86148482819584,31.16828427572255,190.18487392044767,63.40785790569672,19
54.285714285714285,265.0329029992294,38.87187921268779,121.00981699378107,17.271485891519138,19
54.35714285714285,246.2345369640936,32.98934174100928,117.59321868341338,15.76045348411015,19
54.42857142857142,223.28198515761574,25.93175937306295,105.09528064234055,10.965531214962585,19
54.5,227.75099897946743,26.759407456109443,142.87194935942796,40.3153824078577,19
54.57142857142857,288.1264034056681,25.674462099950272,141.36310933550723,17.37407640433394,19
54.64285714285714,271.6586504251774,18.679230830273266,203.23767228971658,64.24400692326259,19
54.71428571428571,285.0776108888809,19.773500365348276,145.54240639450296,18.00670661421579,19
54.785714285714285,272.0300253179844,30.685445172786775,136.75443673338918,19.08442337572598,19
54.85714285714285,249.22843656800185,33.637137950793466,117.8922779925388,17.93644396780272,19
54.92857142857142,227.02027252848936,29.758780552543335,105.1312135799157,15.20319535544739,19
55.0,214.55360466597327,24.466103596949463,100.73601853518241,12.219670377608427,19
55.07142857142857,257.13641149577177,22.48063302345198,124.1871944461157,14.732872296698304,19
55.14285714285714,291.092213179881,18.559034465622407,192.57915686282814,56.71942214543753,19
55.21428571428571,294.85819340872956,19.647557020161635,158.23533019644807,24.34679927058902,19
55.285714285714285,295.3829347127161,19.80593983871322,160.54816060689438,25.86445885289476,19
55.35714285714285,288.27766864781546,17.003338476049,152.1283973697445,23.387044634538846,19
55.42857142857142,252.2950032557591,24.004012116155778,126.98357931791604,18.620087558625464,19
55.5,256.12555952601224,27.22445512710552,196.54713099660083,78.58842281992318,19
55.57142857142857,270.50727751853793,24.437778551621275,189.45390964086192,59.770165455553375,19
55.64285714285714,287.8253102188607,22.20595229228052,144.91218350530298,21.640055336271924,19
55.71428571428571,274.79311040594865,28.794447489999186,138.4576988140535,27.280381508714242,19
55.785714285714285,256.496919871815,28.507749145777165,130.54030319646262,22.800235851023352,19
55.85714285714285,239.48311078694616,28.20661032149879,117.28840334066017,19.094479496559167,19
55.92857142857142,274.4175788809327,29.49733142533222,236.69585187212388,111.90158333314851,19
56.0,275.1606731259609,28.403603931229476,239.1368534990333,110.03010502992154,19
56.07142857142857,254.3441343867112,22.328507694875654,126.7657268206653,20.698798906565536,19
56.14285714285714,256.48322589097194,27.99463718190311,122.7408618911613,18.57816065828923,19
56.21428571428571,275.0329551686138,27.695539778151627,130.79476048100196,18.855148266762885,19
56.285714285714285,268.7194607800145,19.385509367616127,125.17520258954117,14.783340923959958,19
56.35714285714285,261.2144094027194,30.820796362725645,211.86043178188865,96.01890048395003,19
56.42857142857142,272.37003458126185,23.898559718474093,132.38608378699985,20.12440638665619,19
56.5,271.6229468164042,22.342161705307596,131.14845936497463,19.540321807056525,19
56.57142857142857,273.14878433964395,13.976532733106033,135.5048487783344,20.69268074817741,19
56.64285714285714,279.3545756137728,21.972578636984487,142.4909560545363,24.284393889025015,19
56.71428571428571,270.63103429040075,30.355484671925858,144.6235742496248,27.402342409511526,19
56.785714285714285,275.0998269631419,27.177111980947856,228.40617103229553,99.69464478720853,19
56.85714285714285,236.37615687195398,25.89183977595167,116.51813688065855,15.810208027542762,19
56.92857142857142,256.0997644333401,28.08252883523184,114.77504222052949,13.839633151362229,19
57.0,281.43234669091584,20.816543513824303,132.7069808736865,19.04264611874861,19
57.07142857142857,267.65030346329047,21.46838436243614,128.63556074310807,20.66048428102914,19
57.14285714285714,247.75581495655842,26.597185293163815,114.15155484657194,18.174811206378415,19
57.21428571428571,235.43952969479093,32.53956793484244,127.991098165008,26.847210014905606,19
57.285714285714285,232.66926270274993,27.881421721507447,98.99832617666331,16.0393942612029,19
57.35714285714285,260.67009759108515,31.248566837512833,111.24468772435306,19.75036126063685,19
57.42857142857142,270.04153196593114,24.947588041079857,124.28383347580902,16.250144688855983,19
57.5,257.8846081064392,29.067941564661737,111.46657296069436,13.282760893981813,19
57.57142857142857,288.6132113107069,37.101676486232684,119.90247258211066,19.388837645209183,19
57.64285714285714,294.015931850692,46.11214928549115,114.80336321804779,19.459165660272255,19
57.71428571428571,276.0209402429338,39.586593973942065,111.2879461743739,18.85903645197093,19
57.785714285714285,245.812026183346,32.68280174872242,98.88476649643272,17.918557775016872,19
57.85714285714285,234.15667083298652,27.266402126089137,90.26360805400748,12.580889980778052,19
57.92857142857142,235.38718650672365,27.54620172679246,91.6580961393223,7.416607115598621,19
58.0,211.81503211103677,28.701479875632888,86.7198871292229,8.356454255386312,19
58.07142857142857,240.37365755154468,31.833196939092325,106.37028591157228,16.811398512182947,19
58.14285714285714,222.1401895659619,35.14042265937066,158.30486312365161,61.04172759813826,19
58.21428571428571,236.3824338044051,35.81580428245977,98.8069913796021,14.33316361192861,19
58.285714285714285,268.4476999148388,27.908636210702454,115.71023725611458,11.373861978662772,19
58.35714285714285,242.0608147028701,40.990593372207314,97.17094320764357,13.353290937916912,19
58.42857142857142,262.36337643201637,31.507672508357437,111.19418377266207,12.812458403513999,19
58.5,245.41953934192426,33.00934076676309,106.1638482052666,13.102965893173048,19
58.57142857142857,262.428328671404,44.86381812740029,166.49068880801224,65.64652067941014,19
58.64285714285714,271.9085264633005,52.15210184523603,104.2849811240014,18.871753081581907,19
58.71428571428571,259.08708191135645,44.716411648762254,98.2635911736126,15.593273534703998,19
58.785714285714285,240.92385272495247,30.560843028817033,162.8945985331205,75.29613576793923,19
58.85714285714285,223.69431361569258,40.61693480775577,81.22742951871619,11.988200145743697,19
58.92857142857142,234.58675083964417,47.36664341020764,106.91061192548247,28.455069093853528,19
59.0,250.09213293363183,48.779697015924114,96.55513049236833,14.57506790754277,19
59.07142857142857,276.8765990915802,47.73298071716105,115.1908549871655,12.635245007375154,19
59.14285714285714,245.54540816569943,36.5415215011773,103.81595741866217,7.267174506972108,19
59.21428571428571,217.05669104704575,38.16840306539871,94.89914022284927,13.298982698685187,19
59.285714285714285,228.8408824308518,36.20904656264932,103.00331432028008,17.501903877201084,19
59.35714285714285,238.07919683893357,37.194434869332255,94.30312630724623,12.849161625690554,19
59.42857142857142,189.49720137237628,36.24917973193174,77.94579356864347,11.973430540031664,19
59.5,201.8770635098579,37.92782071047648,84.92673074620467,15.07756271624831,19
59.57142857142857,251.3125522270413,46.39298958998873,222.6700454667939,136.73652034447537,19
59.64285714285714,216.06746993311376,43.56263009139716,95.33093715886272,18.082592062048253,19
59.71428571428571,251.93390156881742,43.637185984788914,90.40305970417904,15.597079070036203,19
59.785714285714285,221.7433045890822,35.60771806314066,84.25427590426996,13.23212730797961,19
59.85714285714285,246.18891587557056,36.33331177052335,208.3521845885917,118.60949019012511,19
59.92857142857142,237.7543538199169,33.59632440866563,88.55761839468414,12.13843978131177,19
60.0,224.57185297939975,37.06902470243582,177.87766953577758,95.39718247776949,19
60.07142857142857,222.616182796899,39.53407148962314,180.27449819445562,91.32495322254474,19
60.14285714285714,231.83038092321317,38.03780838216131,96.69780863973045,15.13415632333659,19
60.21428571428571,204.55271453569455,38.301074309195506,84.37591267989559,13.774328690151409,19
60.285714285714285,237.93876831519754,36.735330198163346,92.63384024999857,12.299416223577747,19
60.35714285714285,262.2240247356986,33.177883587226766,107.8681775113529,14.785703930315833,19
60.42857142857142,278.6954779841487,27.013326497416116,126.2224386403597,23.165521542468458,19
60.5,219.06617740152447,33.598717476763035,174.54766935688633,92.96959397733255,19
60.57142857142857,239.30683070265138,37.62995856823719,217.15553872648778,108.16850510923192,19
60.64285714285714,261.4535324798445,33.27052639456192,215.81785375216256,89.15742919974191,19
60.71428571428571,270.42082567183365,33.35516461991605,214.0635182754723,84.60834714532763,19
60.785714285714285,256.9221371010348,35.57323041111486,198.709126802879,76.19975556269236,19
60.85714285714285,243.84504827691342,35.99838713493048,129.9812257017416,39.43685321892164,19
60.92857142857142,277.31735856831716,30.93327393269217,146.86596450819266,42.9573199181792,19
61.0,259.3072278098765,32.56335818579978,211.43785406034183,84.48896135868397,19
61.07142857142857,310.5596865945461,24.622764481128584,236.64121121286186,93.33209814330864,19
61.14285714285714,307.04351857108435,42.259784948405155,147.06696995723283,33.41481512885838,19
61.21428571428571,331.8280211204344,29.795311635526996,159.0015160432195,38.03406412197775,19
61.285714285714285,261.5790369721244,38.75620238463092,130.46549348934758,35.79050572319076,19
61.35714285714285,247.01176840472738,46.732439445226845,120.83201850605109,41.556546017348126,19
61.42857142857142,212.67054402828396,33.10662676326572,103.41105739903237,31.335103686850392,19
61.5,228.04578370506783,35.24415167463565,227.19186103784992,136.6146258584678,19
61.57142857142857,221.43526541309728,26.727710278517986,98.03979285474483,15.309306596611503,19
61.64285714285714,228.83112340549513,32.68436767389376,100.89518116072942,19.45899367984174,19
61.71428571428571,234.2883346410279,32.48758620312433,115.83644117156128,19.85078178096606,19
61.785714285714285,231.25167868908147,31.46120428651521,114.53002493891722,19.29813898329524,19
61.85714285714285,228.3823519336827,34.511568236130316,125.8703646460236,25.842782344911292,19
61.92857142857142,246.51880130959327,36.037455526284724,137.8669856300705,28.887120321646492,19
62.0,235.677343816907,32.244701697047915,129.49632092206215,30.35378984404759,19
62.07142857142857,259.4063740162215,26.77225699592792,140.5629935364985,26.262235720187554,19
62.14285714285714,258.4121471536541,27.942389964846374,204.60634834036634,71.93739807731312,19
62.21428571428571,235.07846762653932,37.55666604238313,135.40639544702407,32.99426620050336,19
62.285714285714285,239.03072493386833,28.584499224953415,136.87243126582186,26.226701406789307,19
62.35714285714285,239.1968703912732,25.584115364582473,135.99435848106697,26.087486431092014,19
62.42857142857142,241.25966575705277,26.449623832426287,138.05498015580488,27.53111645169187,19
62.5,221.28373809355529,30.28014790468801,119.98300350431077,21.65016310440015,19
62.57142857142857,239.68079273840723,27.86762416186885,121.12323442099466,16.408389968047572,19
62.64285714285714,251.35876708535167,33.187400816727504,130.38005276311017,19.990045446218268,19
62.71428571428571,238.33433223453065,38.44917839813973,124.1620047797166,25.87670353207305,19
62.785714285714285,219.64584912773097,31.517447273212575,119.74746472902658,27.334304064839642,19
62.85714285714285,209.24691826295182,26.25206736110156,115.09629913291086,23.157005585661985,19
62.92857142857142,221.83370110979732,34.00263625732531,122.35337121263257,25.88241958109715,19
63.0,255.1484961885689,34.45754053744512,137.1938792600703,22.53189727584768,19
63.07142857142857,228.52138394653585,33.39116159225299,120.09590974339174,21.169416011872023,19
63.14285714285714,243.04967271569453,28.953124414393173,128.55481434664983,23.848761327191912,19
63.21428571428571,238.89164141595057,25.89799056589291,123.92530524045613,22.996277875556913,19
63.285714285714285,240.6429463647578,27.6193869190052,133.01713059248354,26.674367420821792,19
63.35714285714285,233.28951675516183,26.06044009644814,127.13473764196438,19.60348741002937,19
63.42857142857142,188.53370810661428,30.214333549790123,104.57728190521279,21.017279966346514,19
63.5,206.83452961344466,38.480458721336106,119.55323699746155,23.30552655130574,19
63.57142857142857,221.93527328434817,33.27876232062156,154.440752694392,40.07311829066594,19
63.64285714285714,241.621511631449,33.43115249444673,165.6461651883469,34.04704099000717,19
63.71428571428571,245.31747365957366,32.0895374570102,166.43900885231008,32.6785223834113,19
63.785714285714285,219.52710897084305,31.28205189619756,157.87126040852175,30.634255459173886,19
63.85714285714285,214.07559366022053,29.492856649925244,117.67583565305215,19.45217403827393,19
63.92857142857142,192.76063449885294,29.912082861874516,109.58145373136324,20.23601654474847,19
64.0,226.25656939740753,31.049300639773048,127.5989833306343,19.147185146658686,19
64.07142857142857,246.58299461277724,30.168964424756645,132.528532292633,22.02795793936655,19
64.14285714285714,306.5544867583552,23.28430223416234,158.4568002500012,24.819293247660198,19
64.21428571428571,314.81750217908586,23.51813162632011,164.15040729989764,28.93879114330174,19
64.28571428571428,248.96739037523983,41.48519090810743,153.7090295484844,36.34884624600289,19
64.35714285714285,241.8267161242144,36.75182399604822,202.94067368885126,58.355512604854226,19
64.42857142857143,231.45609826612744,30.932104220381582,205.86963648860865,89.10610279074052,19
64.5,215.89744352952548,25.17002152290492,211.68989129114058,94.43540343638635,19
64.57142857142857,196.52845021001423,30.215864451310342,124.3545388697844,28.34992493370556,19
64.64285714285714,234.24326201379236,31.23181855121582,147.12308530899975,34.12062455691042,19
64.71428571428571,258.3018239282713,29.021187039004634,156.15063436934864,33.48276544114701,19
64.78571428571428,264.8808842535623,28.99387616953224,249.22635823820187,90.99465718259296,19
64.85714285714285,239.85318338992616,24.895370957869485,223.4855094774733,91.85697564264154,19
64.92857142857143,240.4386628086447,27.63888823355931,223.24829805020704,97.5217528579564,19
65.0,232.7611348187838,31.805932465975197,228.18238265139584,109.58384484091563,19
65.07142857142857,208.9723680663354,31.715801336659066,113.09394675884883,26.019409403925657,19
65.14285714285714,247.70410875569254,41.69648622245665,260.0492506758629,127.13677757593415,19
65.21428571428571,266.5901120878937,46.55293244635676,280.3261528492066,159.19252330625744,19
65.28571428571428,305.53402264779163,41.56466808029591,322.5753511381108,158.48750373058496,19
65.35714285714285,257.943143512749,43.67582739408048,219.954493597449,84.37884133306558,19
65.42857142857143,259.98571226599086,41.668819404420795,233.26764293941923,89.94345649033093,19
65.5,263.14848959722104,39.26085503126723,250.86644425954,106.97401286391056,19
65.57142857142857,251.91908561252032,37.72044401298709,253.56383108802592,110.15324186227511,19
65.64285714285714,241.02096435282644,41.531066535168954,227.60425062506138,84.04364183211793,19
65.71428571428571,246.60538559779908,43.62878480484381,246.39099356965065,105.34802278205473,19
65.78571428571428,237.6566035748057,35.42679890033509,231.4879606332904,84.33949292831358,19
65.85714285714285,228.66719136208374,27.098522789465388,200.63150317585325,75.53086639864551,19
65.92857142857143,221.25822294542337,27.43613959890838,194.2853347716487,79.26250499846483,19
66.0,224.85718490559637,31.590868745796577,177.78261814832862,64.82716859622884,19
66.07142857142857,227.21120829836073,26.309198500925273,166.02151579005428,57.317370384703,19
66.14285714285714,234.43282640116664,25.513412688785202,210.50207862831945,80.19679717786671,19
66.21428571428571,247.69371170227828,33.74967629929735,246.2030489583668,88.15709518217038,19
66.28571428571428,273.8799565686917,44.85365474516107,208.28263428262954,94.282598588984,19
66.35714285714285,264.3780880367662,29.122588796967598,207.54909594175123,83.64717526394045,19
66.42857142857143,205.792479341728,28.02209262490003,182.97249528310383,79.42006861680441,19
66.5,197.21645933183783,33.99813729292948,191.2665232378269,85.03520794493045,19
66.57142857142857,228.34076895300097,37.198779542961454,239.98098457780154,117.07153129196357,19
66.64285714285714,236.3145300339338,29.885722511666422,215.479528668891,83.44436366971894,19
66.71428571428571,252.31936217414767,28.55803819530049,226.6738855356057,85.47561094104204,19
66.78571428571428,236.87345421709426,23.65236109905523,197.17709264639112,78.02036292457103,19
66.85714285714285,213.991948040446,30.426917553597296,185.0053958794943,75.89152841305963,19
66.92857142857143,219.41967036260652,36.9980124058611,165.8256169066813,63.43482565847041,19
67.0,208.8041208996225,35.12574604662522,173.52484250758772,72.61871147757957,19
67.07142857142857,228.89037554383287,31.29955465061678,197.40433866040468,78.40260189849538,19
67.14285714285714,251.85114461358341,27.74036440080827,195.35016684340823,64.88439019826674,19
67.21428571428571,258.25332944672385,28.749238655000397,215.8072073364194,78.55835410491144,19
67.28571428571428,248.15219233681876,33.71615731269078,216.91471205634377,99.61141924631664,19
67.35714285714285,241.9077987167684,34.351133622189465,190.33498097557055,77.41796656861145,19
67.42857142857143,208.53638520329432,25.467371112546587,185.80139059528005,74.72966361021419,19
67.5,220.5724966532623,32.05156802844574,189.45747558510027,80.45134067854565,19
67.57142857142857,220.82946827007993,34.36850141887656,199.16752680652795,80.74963035581334,19
67.64285714285714,255.59039045745925,31.982958538519426,197.18579273461236,67.96034613954222,19
67.71428571428571,258.0799332211256,34.18380265790265,221.53039066300474,88.7956247156673,19
67.78571428571428,228.06378065535034,30.42801513369478,203.51308578716757,87.93697686991783,19
67.85714285714285,232.60090945545085,33.02556881381489,186.57321295920357,78.0459417868356,19
67.92857142857143,213.42945696035426,34.5375877833757,182.77451015988026,84.680081597289,19
68.0,199.38702848842124,38.08252646772421,197.02404977808993,102.0556382138015,19
68.07142857142857,231.7352167370047,27.0327695419914,195.95071407127796,78.33931070153461,19
68.14285714285714,277.4441932395066,27.65351969626528,213.32165929922402,70.76494149049132,19
68.21428571428571,263.5773531536514,36.38599145352011,219.81937114418406,89.34897281161608,19
68.28571428571428,262.6036059509059,41.95873800227769,210.63106302007063,85.99333734993395,19
68.35714285714285,227.72850856465473,34.88245700118032,191.62565063535772,81.5420787081116,19
68.42857142857143,233.98577277472998,38.29184881539925,206.49479506216332,108.55855028847505,19
68.5,247.83670715450933,28.204318924561292,223.0485872916661,94.039729037526,19
68.57142857142857,235.12805634250134,35.98581960580409,234.61937822365326,105.92724674321295,19
68.64285714285714,230.56002540040876,41.69113329393579,212.47356528588625,98.94161806234116,19
68.71428571428571,250.7447373729544,37.644339874978364,216.18430798297007,88.94640063182564,19
68.78571428571428,229.05794164436077,28.682768128474585,229.9217443588085,101.07675411560362,19
68.85714285714285,249.79891734148933,32.02150507132408,209.8139751774753,87.5541616178342,19
68.92857142857143,252.83455552798458,29.179934648411784,192.2375954900219,72.17424754253325,19
69.0,255.83395217280457,35.47384186402676,202.53757671937095,76.47557139097184,19
69.07142857142857,241.1431273934066,38.00938589047045,229.7926933082571,105.83234467529076,19
69.14285714285714,216.90449198308247,35.40737628899866,213.04658631389177,95.8543382399856,19
69.21428571428571,249.56702534113592,32.89781922816746,210.28240919538845,76.23600324526805,19
69.28571428571428,230.70922933094403,39.181889744417404,123.20338814173986,20.225955387414363,19
69.35714285714285,251.07051647262722,35.48016518916113,126.81661579901751,17.878684905441855,19
69.42857142857143,266.38554520515805,35.18025275630545,198.49332698663315,70.01977380564318,19
69.5,251.99679471747353,38.25194256299079,122.66318298657926,17.08021331784619,19
69.57142857142857,251.11815215088004,42.084432837459445,121.78411619721126,18.738875472302105,19
69.64285714285714,260.23662093561313,39.76360835669717,203.27870932104872,79.44185587785658,19
69.71428571428571,245.49313169580788,34.52671526330281,204.57178127938403,75.7282187827906,19
69.78571428571428,252.99819218187412,31.76550143776519,198.21177020729783,73.66223001771537,19
69.85714285714285,249.69552401129394,27.33226176126711,188.25198104100602,69.62867964340003,19
69.92857142857143,264.8562155863162,25.81628185811569,197.18887566024137,68.57577060698733,19
70.0,245.18571433811422,34.60614454668284,207.75464757487092,83.78579035142812,19
70.07142857142857,225.98601949617873,38.63523012210676,123.15997735211108,22.262623235783042,19
70.14285714285714,238.56883220814638,34.28936519606202,199.9085464706461,76.34786954786625,19
70.21428571428571,259.05848351266735,28.179424370638078,134.6756348064258,19.560965318973885,19
70.28571428571428,261.7858307642674,30.697697369936797,128.50784962351582,19.280412900659133,19
70.35714285714285,219.83849997925566,29.81110811517592,115.285468973299,18.751175195201192,19
70.42857142857143,242.29416817100258,31.65869763188092,211.60227783044914,92.164682317694,19
70.5,238.1584162050901,35.58605377550576,205.48975186482173,84.9040858498599,19
70.57142857142857,257.9500871752038,34.177901695565,207.4171258522715,76.84135087915665,19
70.64285714285714,241.84052273584666,37.6404005532664,134.51604787358042,27.25263534662637,19
70.71428571428571,247.72168179126928,31.836820950310457,141.68104743834036,27.22519698435337,19
70.78571428571428,230.59510442315852,28.40212064938778,136.74108739118853,27.45904776747413,19
70.85714285714285,223.3388743094084,38.70850637430671,122.44699856422572,24.15270022811359,19
70.92857142857143,231.17101086558478,44.14963594860353,120.38780653831033,20.756704274379324,19
71.0,251.365802452339,37.53355234444813,135.75887650538314,16.26613862324712,19
71.07142857142857,267.5957237350062,25.48964623745233,141.11199368741683,14.62492379549933,19
71.14285714285714,274.8031904844128,30.922452591664875,139.2288294054731,16.774744680201202,19
71.21428571428571,274.3423988503452,33.998810737665764,134.44294176759718,16.350535861351943,19
71.28571428571428,240.26160958641182,35.71716208468093,125.96331622341317,20.3489396453112,19
71.35714285714285,235.40627072552195,33.849171595691296,113.82854832248141,16.963497460574338,19
71.42857142857143,233.29416802197665,32.81170854010353,175.31546104173503,61.51356167358943,19
71.5,224.1203986064383,40.49102226944107,107.64514315432902,15.871879714707417,19
71.57142857142857,242.08306051637882,41.913627145769276,108.11113377910465,14.1481958026671,19
71.64285714285714,276.30225245482677,42.881663033242205,130.36504129449494,17.06041665878962,19
71.71428571428571,253.0256889421839,39.69960395123698,123.12879031960607,15.583972637574867,19
71.78571428571428,264.45770516552943,44.791158139635854,118.47696593919552,14.655476449126349,19
71.85714285714285,297.2259690834044,45.117510323092695,130.85220947781002,18.464281768511583,19
71.92857142857143,269.80445008883584,31.612275915633802,127.85711778415329,17.212497740887773,19
72.0,249.80152168824236,34.272572145147976,115.67098796494284,15.66194587158987,19
72.07142857142857,226.02569666594084,42.75605548003531,102.78639701064479,13.942937346307062,19
72.14285714285714,215.39570876948596,38.63723773411781,98.16308409560668,13.514784313919993,19
72.21428571428571,244.04919861144816,35.15297938288628,115.98636096057622,17.816798396272876,19
72.28571428571428,252.4293347033243,35.89219885130589,121.97993278227487,17.834334973640765,19
72.35714285714285,256.1080870602665,41.41123951990094,121.37446982554465,21.578159513831796,19
72.42857142857143,233.26381092298362,28.69538422537237,117.04752881279207,21.62241149257894,19
72.5,234.67013664289033,28.006408508923336,120.36978513823483,24.929137482224803,19
72.57142857142857,226.28774445282298,26.09735427979192,121.88160762735797,26.729401944140903,19
72.64285714285714,227.1855355462391,29.61687237761656,114.24694136439219,18.608793609848508,19
72.71428571428571,238.8470475036568,36.63677166364482,116.63931928704824,15.788042937931362,19
72.78571428571428,253.64810683018553,41.336148849935846,129.99836708722805,30.5039264651027,19
72.85714285714285,301.5325519739823,37.112287259641434,165.14175811341013,40.234896406090535,19
72.92857142857143,277.68368483599426,32.85987452868466,147.7836842548183,33.030250138310485,19
73.0,254.9397878782785,33.113201412548825,113.20139606422488,8.015341085204064,19
73.07142857142857,285.80237010306814,39.89286221969098,144.4217472853561,27.9256664733014,19
73.14285714285714,277.6561263181889,31.788051880026465,139.48183121815092,31.018228121663395,19
73.21428571428571,252.71604133126672,28.04623917200599,122.16627815678977,21.875950736061018,19
73.28571428571428,222.80510841024886,35.131007200820065,104.79444140548412,11.910556886164308,19
73.35714285714285,234.2594684948371,29.439587826184898,131.48464779518974,30.40095135862002,19
73.42857142857143,275.97893469759924,36.6123321021849,261.0098526736982,127.08203863374293,19
73.5,244.57454177837883,32.438102924301134,223.9455168056181,96.25945431034062,19
73.57142857142857,204.84793354156227,30.03617865944604,107.13510700097858,14.281662750455725,19
73.64285714285714,246.29247312502207,28.71865320918521,125.04220284879034,22.566309209608217,19
73.71428571428571,251.01793532335995,30.24695836627442,135.11958120140088,34.267050676066226,19
73.78571428571428,251.99527228568164,27.647362436961142,128.95679400310857,28.616285529013787,19
73.85714285714285,224.36159848736352,24.91897020478023,119.86146946957184,19.707500918085287,19
73.92857142857143,246.1075386208162,37.76207566300333,133.0783432530446,19.190710723100135,19
74.0,278.47294102088296,49.874934133076344,142.3151819943404,29.017137115516526,19
74.07142857142857,289.8518027984319,46.02778819091212,150.08256636306064,35.06002265530408,19
74.14285714285714,298.6209551636665,36.36041331088363,148.83320047740938,25.341647665176648,19
74.21428571428571,277.6086840013914,35.06951233294296,144.7502087491878,28.85539017879522,19
74.28571428571428,296.10347872497147,34.28359625219428,162.73279217314078,29.67548420800618,19
74.35714285714285,295.0749033118502,32.71913359932802,274.2092265758968,119.42497047572141,19
74.42857142857143,267.0224393641656,37.43206938494159,147.0717628184867,47.45651220748453,19
74.5,227.66577811618666,30.515195356505284,123.84108406659688,22.759110319089046,19
74.57142857142857,215.14365693491462,28.744078307116528,115.7917917640424,20.465597079748537,19
74.64285714285714,203.2570204209743,31.853006423138712,110.92880092815585,25.0345925516991,19
74.71428571428571,231.70560958041548,30.952423484557702,126.6730945174329,26.229471774595872,19
74.78571428571428,224.67383561210625,34.55367505859504,102.5769863187711,8.080005767619317,19
74.85714285714285,235.77436258394138,26.391845201116745,123.05066769407942,16.16988597560114,19
74.92857142857143,228.36072780694232,27.56727690438592,132.94046616624735,28.198370386385303,19
75.0,239.56072890761448,26.130546082088866,146.84522302802387,30.138096989793183,19
75.07142857142857,237.94833782727113,32.15569811821622,135.33947477287373,22.314092018217448,19
75.14285714285714,190.85701485507008,33.77346206789659,91.51098110828917,12.108423511088505,19
75.21428571428571,213.31885475513954,31.35275135848427,121.88620692781295,36.630599433376595,19
75.28571428571428,274.42683807023474,37.48800994179397,157.4253937487385,48.45229770364572,19
75.35714285714285,284.57685341476764,30.68946780858272,159.57984114511785,42.187118124899676,19
75.42857142857143,301.86092955719016,32.3361472415498,168.0203666941058,38.259126305903074,19
75.5,327.1365629364968,32.423499391363485,180.35610010650774,27.949385514854082,19
75.57142857142857,287.8102156002793,35.63379575604267,157.16636535219118,33.29572236564192,19
75.64285714285714,254.3006698995771,30.780580285047648,142.40422104826035,34.41280014028193,19
75.71428571428571,271.907808880862,27.00906770826847,148.29209406754933,29.611830118413728,19
75.78571428571428,218.9787682001439,31.577062144400905,110.63059570126939,16.85392805778404,19
75.85714285714285,241.82710193741642,42.87394553861977,104.59849137639263,14.043959479295625,19
75.92857142857143,270.13534163180447,43.99505216127992,120.47129422935909,18.600769062366638,19
76.0,294.9252561219025,38.558310382715085,140.84935257579068,24.684141480635688,19
76.07142857142857,289.4987065135378,36.40661424126827,142.53525264085184,19.53637772514125,19
76.14285714285714,288.9481714360199,38.983771986229634,141.83895507525276,26.254315130696646,19
76.21428571428571,277.83758029467185,30.877974270130263,136.48549304370042,26.736329872938544,19
76.28571428571428,258.08318314993653,23.802085753935973,139.35353276871817,25.70450800080511,19
76.35714285714285,278.8614699912098,24.44740380239814,145.55770058960414,27.488885896219788,19
76.42857142857143,299.6186599424448,32.810824924647726,171.09814895354168,31.527413138154007,19
76.5,278.6037697358717,23.225837169610408,150.43406031581762,26.787746140538054,19
76.57142857142857,278.1469428381751,23.353292732647343,150.8914841226756,22.1545356538277,19
76.64285714285714,256.2843583283756,28.351745995777918,141.1371153207351,28.33372872914473,19
76.71428571428571,246.8616957970544,30.690096884934725,139.77665787506132,29.219836167317602,19
76.78571428571428,257.49553259281896,35.503004403344235,145.40126509305767,30.86484159164001,19
76.85714285714285,260.9658648076478,27.89199698540511,147.292910854261,26.019317616729083,19
76.92857142857143,267.5343379277169,29.948400734565332,135.34735926760126,21.750948674195644,19
77.0,269.72932482968423,37.17585472885117,146.73184351098791,27.00503165817598,19
77.07142857142857,262.74482365814816,45.705520235130294,159.79308375420325,33.07332514861961,19
77.14285714285714,272.8842250518947,33.46048721266698,152.4281707395748,30.090103365139157,19
77.21428571428571,277.32499407388747,24.12094377757177,160.66727741690124,39.58169845928535,19
77.28571428571428,249.03706889060086,35.93127317367004,164.10859159009658,51.99601205326417,19
77.35714285714285,256.7180299275756,35.892514658600035,160.86400528705332,47.888168799336064,19
77.42857142857143,222.09330380752004,35.95027435897664,133.7106218580444,34.27085457470304,19
77.5,181.04762280776288,36.124471593170746,100.01873733589323,26.289765013366086,19
77.57142857142857,199.89024988760443,21.70901013131012,113.98332974124591,17.91044088509991,19
77.64285714285714,215.66486353433646,25.588340792649543,118.31551501938254,20.74510048125581,19
77.71428571428571,228.67046240318993,30.828023612008092,121.33205898104744,25.375006061280153,19
77.78571428571428,251.65352789956324,30.737654679039842,142.32053539602572,26.78744573608391,19
77.85714285714285,254.83778506351234,28.12659720903931,151.4705824987817,30.081641040327465,19
77.92857142857143,266.3581094517621,40.1446998093062,156.4704117049287,45.17025312002659,19
78.0,283.46724046426215,37.02098886627592,170.95349884979117,40.78966785003476,19
78.07142857142857,283.58745436867974,30.17209835560213,165.22343543014216,30.505750183619647,19
78.14285714285714,254.2455238059058,38.65516026193041,140.33347760714886,26.312728917085224,19
78.21428571428571,241.9320086249485,39.492001760021566,132.97928120806208,22.576237129024456,19
78.28571428571428,238.76544936750042,37.57941452219025,128.4774603227825,18.251975266662186,19
78.35714285714285,243.77655668347418,28.874910117098622,143.99912902478988,21.547682639450667,19
78.42857142857143,264.45309515621153,30.6544278732019,154.33184526214583,23.61973324458107,19
78.5,216.6262473336713,26.99240021302016,114.37643442804607,14.469755379536513,19
78.57142857142857,222.2389677030044,26.286466565281767,127.71227585422544,21.57101727969123,19
78.64285714285714,223.96372395365304,26.506799510408523,138.91262548849667,26.85859782105362,19
78.71428571428571,228.2148450375885,28.53626677991513,135.2554551280027,28.23766338253765,19
78.78571428571428,239.92831462018972,29.96476992356356,134.78404838466943,25.0342909828686,19
78.85714285714285,217.21644412647456,30.96502642091239,112.67395043783935,19.23970390496488,19
78.92857142857143,201.42489474146853,28.913542973436527,103.05138467187412,17.232779268117298,19
79.0,228.62981141606446,26.376623625376045,122.81220737476517,16.711652830764102,19
79.07142857142857,230.91849372562896,32.508424648232904,122.99807413410686,18.97403546123046,19
79.14285714285714,253.85324226772582,27.028011092560895,143.84002708546322,21.618984258901975,19
79.21428571428571,227.2149030445408,26.59390699336677,135.06368126842153,24.158498879042636,19
79.28571428571428,188.9213703933315,34.2012467095446,113.92881238513692,25.09774348523361,19
79.35714285714285,225.88060532397063,31.83832822489837,122.1155159555338,23.36930005875206,19
79.42857142857143,275.2676643495873,35.927904949270484,157.39548771965937,26.90283484865839,19
79.5,261.7173224820602,27.75022591682851,147.29131307602336,19.947336732398586,19
79.57142857142857,254.33351553937285,24.452769464337923,143.60465253330847,20.64664114094741,19
79.64285714285714,223.09647709426577,24.010056293334856,139.78012771254242,25.50548839846552,19
79.71428571428571,212.07926409314396,32.926759303554796,116.81094274118918,28.445361917305586,19
79.78571428571428,219.65942376162525,28.802331048714045,141.2772794593719,27.211107477241715,19
79.85714285714285,229.0956698633242,24.446118750872895,140.6506461361578,24.101520723489926,19
79.92857142857143,208.9618942838991,25.192379586017793,128.43426551767462,23.442000532665375,19
80.0,196.06801818809714,30.0586840602406,109.96813601662149,25.701254164661716,19
80.07142857142857,242.87576538470753,30.926058002074207,147.33721099561984,31.8102817665337,19
80.14285714285714,242.17182155723293,29.822134168968894,127.88750041156233,21.40827382981678,19
80.21428571428571,225.0264865371933,27.726704727493978,126.3336598509193,16.550740235379685,19
80.28571428571428,198.19975005550017,29.166636470768267,114.83931186067981,18.854398328103564,19
80.35714285714285,180.25422337694263,29.395275865747763,99.67985916767181,27.904879539563694,19
80.42857142857143,189.19907935826154,26.34793534937675,106.83375956857533,21.878468310985884,19
80.5,184.25817278807912,29.32597468958512,99.77682556094022,18.670914966805658,19
80.57142857142857,194.4490147371523,35.45252977751418,103.29891350264836,28.03966343747215,19
80.64285714285714,236.77826069210477,35.22669406228802,141.0473197211161,34.797554980918385,19
80.71428571428571,267.57953712835115,33.22590526828176,171.7061637177952,35.45753045401456,19
80.78571428571428,306.09078658108456,48.55642733150604,192.74908638525747,41.883028570145306,19
80.85714285714285,264.3180658500998,49.101971824839225,146.5122271955168,41.56486982787395,19
80.92857142857143,241.6561238684069,35.34311658058588,149.78647416016588,38.89414219383479,19
81.0,219.46251767522415,27.09037272756828,128.99369194542905,28.066524596160704,19
81.07142857142857,212.55672709512177,21.356664199872124,117.69331424340282,22.126469102008084,19
81.14285714285714,216.5910019725476,27.19665754151015,116.008221300042,19.85258325310574,19
81.21428571428571,198.8002180159448,31.373301356648813,104.62275718097482,19.20855298468939,19
81.28571428571428,209.4240786956258,25.151974615369763,99.47323925998353,16.90964638928602,19
81.35714285714285,224.99343100603483,31.862154834787148,120.15766283992633,18.153957423504043,19
81.42857142857143,223.8441620227173,36.6584468501302,123.28500287715485,21.36195415947689,19
81.5,212.04585278167826,30.404629156677803,122.39956732845174,25.314606727830817,19
81.57142857142857,237.5819262648356,30.028845868333114,135.78635236609102,19.42045547610071,19
81.64285714285714,232.7336268195434,24.58681513386269,135.26000945446765,17.470995593288745,19
81.71428571428571,239.02717605198796,24.59863235293405,135.28220564204415,15.912396645612016,19
81.78571428571428,210.09355440265108,28.30767377680904,126.41951268882913,22.14542760802155,19
81.85714285714285,238.6104865696604,22.619356095829357,145.6936336467965,19.48182787320211,19
81.92857142857143,217.88729850329116,19.835038709849595,131.39520151588835,20.571963269700497,19
82.0,199.81263001550963,30.93091756303701,109.80221129541677,20.25169168402779,19
82.07142857142857,202.71322816980788,30.881537609410145,97.72020323953795,13.902903575782599,19
82.14285714285714,202.26300834488822,26.86765271847437,103.5935029322354,14.006738209759126,19
82.21428571428571,204.44118555299528,25.664884050133054,115.91103604947595,19.224668511149755,19
82.28571428571428,211.20349711924695,24.137372686600315,109.46705904595215,18.536908126358767,19
82.35714285714285,215.69572305885208,24.632237890036055,115.22048292603357,16.22279692311788,19
82.42857142857143,222.11055997979233,22.257200003213708,125.08208575056496,22.40252057614284,19
82.5,235.40149470978713,25.840310089507277,199.67692565493923,72.20459160648335,19
82.57142857142857,225.91112328148915,25.265852935884084,127.61060112274642,23.652154199965324,19
82.64285714285714,229.52721784578293,29.910274061364277,177.9275355380597,64.17157312795986,19
82.71428571428571,257.975558436223,31.080947451701636,221.5651530686477,104.16817760787418,19
82.78571428571428,254.5484083891153,25.641072601656603,231.2206708777707,98.17347582313309,19
82.85714285714285,255.7771605093483,26.815383204721517,237.90999186203916,98.65755868020578,19
82.92857142857143,233.65937596099394,34.04156720196322,219.56134061554843,96.1073928077063,19
83.0,216.83237866613396,38.90875836619724,217.21124114157928,114.41615354998815,19
83.07142857142857,170.70026665251538,28.485991276722856,91.4209921118459,13.62031199945286,19
83.14285714285714,212.4690163004666,30.8647983325549,199.9632178079147,101.87807281369426,19
83.21428571428571,226.53846530774823,30.502071202342947,208.63970764020814,98.41565378386244,19
83.28571428571428,226.3244112909515,25.116258379483046,105.88719984860744,10.776801702811998,19
83.35714285714285,226.6885600103939,29.499598869690963,193.36508880035936,83.7354404910625,19
83.42857142857143,213.15525669518638,31.98512155878108,125.21175088908741,27.47830699480938,19
83.5,230.90461818318215,34.63945831432881,141.54158671946414,31.886034999788397,19
83.57142857142857,226.06024257369603,30.228437591449794,128.30304162177814,22.8514971333965,19
83.64285714285714,199.6701535310098,32.29010138175047,97.96275065200598,15.408848851545908,19
83.71428571428571,196.9212449804536,33.025852509404814,102.57920048543097,23.60160253519803,19
83.78571428571428,208.99496464588663,29.570797561542467,119.860362385149,37.1454573648358,19
83.85714285714285,207.48775690458635,29.94879781074578,124.55402124410195,38.96322929158246,19
83.92857142857143,221.47629399538505,29.798603069956766,125.27175348458873,26.2727641963369,19
84.0,208.90586700519216,36.66312759751552,101.1894139150562,17.833209921201682,19
84.07142857142857,226.5960081066807,32.17920000160038,211.06413256599035,92.08847255197871,19
84.14285714285714,210.79660264212043,28.927530414296772,184.88690870238818,77.55616182432267,19
84.21428571428571,216.38241162288486,25.956253315948924,117.65860070984345,22.317990067306994,19
84.28571428571428,204.37330440434062,27.885569506967116,103.79774165368488,10.480665967472788,19
84.35714285714285,212.71242857478802,22.661563463275396,120.50191668439653,18.61529374114731,19
84.42857142857143,229.3948704895793,25.78050454414628,134.59879068443814,25.021163612871085,19
84.5,240.16187901577445,27.247444838191164,129.60499715979955,19.637637907828964,19
84.57142857142857,257.3968969676563,29.667888802438732,122.17350421825041,21.528154670849133,19
84.64285714285714,232.48079699358905,26.978548939868215,120.02654341905543,25.64341876413483,19
84.71428571428571,236.9583128274119,34.12222568729888,130.5477685189944,38.18860000380916,19
84.78571428571428,248.37465498333543,32.59472978990027,147.1086690615765,42.15215024375888,19
84.85714285714285,237.19266266596833,29.001987773549736,125.55400193545648,27.822110131031163,19
84.92857142857143,236.2971726190251,29.258197311866727,131.23847687713723,27.04503805458737,19
85.0,230.04912645332547,27.856039025456585,182.87744255847133,75.29500676563573,19
85.07142857142857,209.93488407100332,32.620818771185206,178.00616243293103,78.30597337877099,19
85.14285714285714,207.18236204307732,37.12200749713703,108.7716176116636,21.895662824968984,19
85.21428571428571,208.76871966353121,39.25810345615074,100.2512437990041,13.754152659609616,19
85.28571428571428,227.98172133373808,26.192397020131573,121.63648412436699,21.03606061909484,19
85.35714285714285,241.8271556506222,24.122888211516052,115.78631664727506,18.94425394086028,19
85.42857142857143,277.95060457745984,30.509411227710594,238.03868098511856,87.21263554539527,19
85.5,274.2227804993634,36.20082271710462,150.75119647110566,34.43208460033194,19
85.57142857142857,292.6684108802793,32.106827171401235,213.16255231318942,76.09528776312723,19
85.64285714285714,285.1799306896693,30.888140695598658,140.04768243782488,22.985861070857304,19
85.71428571428571,307.61461785338867,30.055137191371045,160.1906915283249,30.072276466422288,19
85.78571428571428,323.1005860770415,32.0245154271991,171.1291570916291,34.04411707456345,19
85.85714285714285,255.68037493813702,37.658697774596554,194.21464726307724,93.24881601659655,19
85.92857142857143,248.58928002905296,33.82848175216683,93.21493934811325,9.994330870103084,19
86.0,246.81955139651168,32.15422711535185,206.67685073726224,80.94166291740775,19
86.07142857142857,265.57357227970675,38.81457268266202,146.72405081457134,30.243939078586152,19
86.14285714285714,282.60839143164554,36.879260220526284,152.00302623498067,27.13424011915832,19
86.21428571428571,281.7168555037366,33.9133200842631,242.9048593119334,109.10698872026086,19
86.28571428571428,272.83147788020165,30.376182593600387,246.89865437590973,110.27191916961442,19
86.35714285714285,272.36251500975067,27.746509767460285,237.23615317736102,87.86676911910526,19
86.42857142857143,294.71988472062253,26.484359450036425,256.26146470933423,96.38749830458652,19
86.5,277.935589250892,31.286635243448536,145.04211643507688,21.116671618501616,19
86.57142857142857,300.42684243779297,32.397054901092616,147.15749422205866,20.24019137366602,19
86.64285714285714,302.0888152285418,41.22653996439417,143.51309614453666,29.237322006235065,19
86.71428571428571,279.63224596532086,32.9439040585897,206.0185714521579,95.41231836080021,19
86.78571428571428,257.79856786329503,30.443884422387065,205.48300186430575,96.83305798051188,19
86.85714285714285,269.30719501243397,26.75853004100337,222.67216513495657,89.24913224031104,19
86.92857142857143,238.252714247972,34.02040509696381,97.13519296387084,16.104137727702103,19
87.0,243.17967239662076,39.47024542950256,129.37926767334056,36.56694903544257,19
87.07142857142857,252.0143978617423,45.285456971837505,127.61989538404661,23.580029742262386,19
87.14285714285714,259.48479387713877,44.25752788192511,212.26341550016886,94.77168398689554,19
87.21428571428571,249.5904476502305,50.50219097986407,133.3490013865473,30.744402957429227,19
87.28571428571428,226.17974289410608,39.14480455608183,176.5156432959767,86.52074286807827,19
87.35714285714285,255.009375294772,29.251678161779658,213.1353920729853,94.03972933427913,19
87.42857142857143,285.73558218724673,24.666260144752194,163.16771867374368,43.84946323742069,19
87.5,300.2341531540572,45.928355258027054,327.4061608463315,158.36972889937428,19
87.57142857142857,298.89102968916393,42.64030804404663,276.5105839406209,125.24307045944273,19
87.64285714285714,270.47350435739,33.31410866888836,224.6691818965722,95.06670262632181,19
87.71428571428571,231.66666215660828,35.728151894456914,190.96872549251393,94.81842897407147,19
87.78571428571428,228.31097578522275,43.13616135946345,112.03018322096636,23.501162885238188,19
87.85714285714285,270.62417129916093,43.99353020297597,149.59780766180808,46.07667718371853,19
87.92857142857143,262.1773409916963,36.93790354854227,146.23440414748097,42.95775345370433,19
88.0,230.30528187094114,38.307411593638356,229.20012282642725,128.80850037080882,19
88.07142857142857,181.28313920332425,25.215785435822752,96.50281145199176,20.885369248240373,19
88.14285714285714,194.35489129228688,24.079520373275233,109.05095808005665,35.034940418483465,19
88.21428571428571,204.86752383759463,29.13697113372507,83.22883604533588,10.304014380127102,19
88.28571428571428,244.94975392223668,32.64766583751034,113.92597685522102,22.541380476397958,19
88.35714285714285,224.57296113676247,41.51526768929681,94.57846568935796,11.003345936655467,19
88.42857142857143,227.6178855818882,36.11140539783706,97.79426125747877,10.814254713217638,19
88.5,204.0403992234317,45.12047381202429,94.71751092040692,18.478675919694467,19
88.57142857142857,232.43031871634915,38.13779086163352,105.761762399093,15.631210270809795,19
88.64285714285714,238.17931016395843,30.797646601642967,92.78342269186113,8.29292874979426,19
88.71428571428571,232.94520603997998,34.570536603571455,92.54160529115701,9.534039782041743,19
88.78571428571428,205.9723444266813,30.650919737761374,86.3621935720655,8.57147985232109,19
88.85714285714285,217.69541205475718,46.9852375587697,253.6717782284762,176.7532597414396,19
88.92857142857143,184.63621226788644,26.765253569466218,77.10144017020437,8.780594982432525,19
89.0,202.4014126567687,30.239719946169114,111.06126510016803,22.624091796762265,19
89.07142857142857,197.1562130806025,31.595647518851354,106.10960308463511,23.10629210141133,19
89.14285714285714,200.38696721936003,23.352144904787274,115.8073895219588,24.639661250535227,19
89.21428571428571,238.54052970505728,18.55995686428977,130.1341162479426,24.890714243016316,19
89.28571428571428,227.0862007805617,30.316806571925184,142.28875413594534,43.617046621419114,19
89.35714285714285,214.5639811597306,33.98708112625308,141.13171834740052,44.15931685247982,19
89.42857142857143,202.1027339898499,33.917564100414005,132.45937149984985,42.83379765646255,19
89.5,216.86974364626207,32.207262635478834,134.47550420711508,36.36285034769414,19
89.57142857142857,171.6912134934924,29.25389554045088,110.17109177045323,33.65759579197537,19
89.64285714285714,230.61292981458024,29.330230682934825,141.60053133224088,33.05173714754011,19
89.71428571428571,236.1256466771275,26.666993167609874,150.57154783309483,35.41154649100665,19
89.78571428571428,254.2474016520969,27.720710076527048,143.439058647026,36.977320774486955,19
89.85714285714285,232.01516104846755,20.589810071773627,133.34504493556503,35.17407802406173,19
89.92857142857143,229.38387157941955,29.15922236761542,122.85082388932331,31.228675653399822,19
90.0,245.31714198281978,31.21414922150033,129.23150645243217,32.13806843357833,19
90.07142857142857,243.3376151737418,35.519736130165654,118.13955635813925,24.72850110285742,19
90.14285714285714,216.3769327854916,42.573311087236036,105.0184703374885,17.84811077321862,19
90.21428571428572,258.5077205140939,36.98812442450896,130.92372831576512,24.9490639462676,19
90.28571428571428,265.40030731887396,36.29642510493087,125.72438415783243,16.430299257237763,19
90.35714285714285,242.16763632387458,20.693744455780315,113.4814964093887,18.03321614383769,19
90.42857142857144,232.76451351992512,30.984354384607915,102.35807499342627,17.92182871667495,19
90.5,250.56275170572982,32.69587962049736,109.97104120838722,14.784985785749143,19
90.57142857142856,256.0043660509836,31.909547656382802,122.88966935392912,19.124328455628174,19
90.64285714285714,261.45417643687256,32.27565314200792,132.6060726914513,27.049213380402215,19
90.71428571428572,264.22622862972975,30.906502833466142,145.92105917564467,28.97800557647534,19
90.78571428571428,235.76170789573592,34.77247826570289,130.60016409571656,29.754558436340155,19
90.85714285714285,248.9223713257134,38.038079910897615,115.78530312957089,19.905864664831782,19
90.92857142857144,240.92478762233077,31.98089068188749,144.28234900207758,33.641463214038424,19
91.0,251.5982764490079,31.666402912000336,138.65439179291792,34.06647469266131,19
91.07142857142856,279.9029461617019,32.76570889194434,161.00061964467807,45.1850432559742,19
91.14285714285714,297.5628154578307,25.329166494416555,167.5683205627764,40.32013712073838,19
91.21428571428572,302.5906457128244,27.160912486896983,150.2277292896038,31.89125950075129,19
91.28571428571428,279.07178054867273,27.593072640566074,154.00137587233172,38.73539478633536,19
91.35714285714285,250.01169703266675,24.423806394704393,140.10947692077383,37.55214774096832,19
91.42857142857142,261.6949507015219,31.74735391275316,227.29246419827183,99.60901480793785,19
91.5,267.521198056056,37.05610653036905,231.55148811035477,114.33092772152665,19
91.57142857142856,250.73990741035394,30.213713603351334,199.10577014041382,84.05990539188423,19
91.64285714285714,245.72554180230574,26.852453432013665,193.65405167094585,76.90235767795046,19
91.71428571428572,230.14171461063367,21.032600100745373,125.28191495295803,19.798343507036932,19
91.78571428571428,238.60005015160027,34.17584063742494,110.41475880080596,14.52207485140751,19
91.85714285714285,271.16738065982196,44.139946324312184,253.0430210296802,129.00042448906547,19
91.92857142857142,270.0442040802248,29.93138860721989,217.8006136948474,93.2563023324333,19
92.0,250.1890135457576,26.274848595997746,201.35862549906534,79.40948924144897,19
92.07142857142856,238.83621198626506,28.769537110102274,206.2404811674341,85.68876635618955,19
92.14285714285714,259.7715557813262,32.114657967679676,141.53767916134453,18.72058897601051,19
92.21428571428572,221.47126301023795,32.793696122440956,115.52724753689598,15.499967960867421,19
92.28571428571428,206.00289807926077,29.028461351082296,118.10392409899629,21.53749883795823,19
92.35714285714285,257.00581786417996,37.08269633876647,225.0346659027626,98.56545351467165,19
92.42857142857142,264.38435258921703,48.08856753507827,219.7477461923501,96.50106990640603,19
92.5,242.0625549224101,57.153572200676194,102.93671934271494,22.146335637816616,19
92.57142857142856,253.42613492192044,46.36729238300936,181.0365292280599,78.3894287162152,19
92.64285714285714,252.63613142439334,31.51300285368371,193.4341047842268,85.22227473551169,19
92.71428571428572,212.84907086500348,20.47037087099817,99.97255005206588,10.436114375542488,19
92.78571428571428,204.9410677379384,21.9090711553538,94.9785777201809,11.560836027730788,19
92.85714285714285,228.86504050501335,27.821984148024256,184.81656613285548,86.26250258356394,19
92.92857142857142,211.14593599209834,27.259881409922034,93.9712505914605,13.693390202225109,19
93.0,233.0923989087358,33.95607407999859,115.8813244773764,16.590260481700774,19
93.07142857142856,272.8939227925651,41.31195644564354,248.40865706335708,117.00323055433053,19
93.14285714285714,270.2589503762771,45.275229552844344,125.29474252285458,14.322748826161638,19
93.21428571428572,251.93184775304255,42.218711186804,118.75555896763079,15.534586757698515,19
93.28571428571428,215.73239451407068,32.41886170711546,197.8914261561604,98.33089288550099,19
93.35714285714285,197.0565531000218,34.33316313627261,211.65344778793096,121.767269313756,19
93.42857142857142,209.4909063622472,33.28103476695453,102.34934293473911,16.143852356761947,19
93.5,253.09676732954554,34.545476898160345,206.75463636904416,102.9911614915894,19
93.57142857142856,257.65577314699163,40.885759175272916,231.19267032089172,117.29358901474336,19
93.64285714285714,252.09187907512208,39.04708818527873,237.81770121150484,119.47870482134611,19
93.71428571428572,253.38021820289367,43.78685894671212,235.89694246711971,128.46249889428816,19
93.78571428571428,241.3307755327078,46.67236218055007,223.73183661777082,124.33076105256806,19
93.85714285714285,247.4019587114038,39.97467992219445,211.6350214286462,104.27069602581865,19
93.92857142857142,239.73663606722133,35.74482619205634,115.80873850733275,22.55877028925723,19
94.0,241.2812797437708,31.634329740606816,188.0196005147224,79.74141026370437,19
94.07142857142856,243.70599271284297,32.3193451429715,184.17617610670948,81.05521103138045,19
94.14285714285714,244.7638492656576,32.93144907508421,197.92764609742724,87.59281850236376,19
94.21428571428572,242.67928011730572,37.83296785463064,203.3401615176417,90.2369315049916,19
94.28571428571428,263.18606609463023,34.738885064455104,209.171874254426,89.73882045622223,19
94.35714285714285,267.29234121403636,30.39065025500969,227.26573560585751,102.37261204335681,19
94.42857142857142,280.147205186487,29.31921955887398,245.95411109155617,110.65409409696565,19
94.5,271.4691478200929,28.249639748308795,232.7559883431195,104.18191486894078,19
94.57142857142856,252.218479199286,24.271746146932923,188.87737544222225,73.4454475654372,19
94.64285714285714,232.6227651284984,29.68246419765446,164.3023624615468,63.39575278991734,19
94.71428571428572,223.38730431211116,34.854748604235944,179.14178296921725,72.09805517119665,19
94.78571428571428,249.92274360585213,29.267331336902558,165.29362500674125,53.03714526795437,19
94.85714285714285,254.23266473260693,33.45200167177689,114.42960712110919,11.26264622131608,19
94.92857142857142,285.97120349909113,35.39755589384769,129.90666162543127,13.946398498064639,19
95.0,303.2404829815435,28.608016126143355,146.8118421382583,17.821740444160216,19
95.07142857142856,278.42198543091206,25.39586121552155,133.85841316765013,15.719900508240013,19
95.14285714285714,244.42236590512664,33.29521336177491,169.04372988332676,49.516764924061576,19
95.21428571428572,204.04870295242142,29.93660116545604,119.98238921495175,23.08845149507047,19
95.28571428571428,184.8981033170075,30.384088358226553,104.15291054597942,18.18636377214712,19
95.35714285714285,225.9210936911356,26.20047682911604,121.2979777023168,15.726270947629287,19
95.42857142857142,213.2048164637613,23.953693039223506,128.50151982280823,24.67060409061246,19
95.5,210.630968754766,25.18394025984512,124.63594382758357,29.361788155834407,19
95.57142857142856,231.72457941746094,25.961598907331044,142.45580933026696,33.313725481015474,19
95.64285714285714,231.40799727958768,29.815546537925616,143.14734266510192,30.16516586334382,19
95.71428571428572,256.93785644406137,26.348080205507845,143.62738812414537,26.41651084042103,19
95.78571428571428,246.50790667732878,29.471760546030545,121.07232993613756,17.371085348367856,19
95.85714285714285,274.14392343571376,28.295689113584785,153.5102960177671,24.664912175992214,19
95.92857142857142,283.6157994872463,31.428603149498873,166.80499110424037,45.3103252231056,19
96.0,262.5267853992484,23.90244064578413,160.08209309813586,47.658723609964355,19
96.07142857142856,253.91180189012266,29.890381750027686,163.0793474738997,44.129167296606184,19
96.14285714285714,236.8521672627804,33.49348300327389,175.79634069782668,68.24367613130312,19
96.21428571428572,243.7812701246709,25.905911972372238,173.97291288786786,55.75797072208808,19
96.28571428571428,245.67928641729867,24.899342932914674,173.95373526572072,52.548905173594214,19
96.35714285714285,242.0317260812754,26.41736303072904,189.6916648489463,73.38214426742421,19
96.42857142857142,239.34824889348684,28.350928127594678,185.85814653859055,81.81812693639064,19
96.5,249.30527813508064,24.447823394183146,209.2308774473818,83.41269501232507,19
96.57142857142856,243.80710438447832,20.104518563169144,201.6960443445981,79.61881426517195,19
96.64285714285714,233.09013711526958,22.465761314814138,211.03673947588322,83.5436057788478,19
96.71428571428572,236.55298438986927,33.29548629660698,215.52191092587583,90.47317979356899,19
96.78571428571428,258.9206501153241,34.77743656566258,228.50855777757263,87.9639254212562,19
96.85714285714285,259.1976273581029,41.405058693912295,244.9878045200835,103.97381546611588,19
96.92857142857142,227.33298437382498,29.235889447573342,209.77796411038807,84.73611498313865,19
97.0,221.42396610394908,23.932295092004985,206.47058295982077,92.18184858711345,19
97.07142857142856,242.0915052864155,30.393997498303612,196.14692380686472,83.75368480538835,19
97.14285714285714,262.0932994230301,28.080882748019604,204.443293813085,67.44784900320427,19
97.21428571428572,272.05528533676903,29.15035362545571,225.7332513003532,85.33379429592789,19
97.28571428571428,269.5065959162658,29.002617157662673,219.22383594200292,89.45715774905194,19
97.35714285714285,257.44557396461613,28.058039387952995,211.5692851105936,84.57768053234967,19
97.42857142857142,259.39324917946703,33.69673569441827,212.53780378433535,92.04982219146909,19
97.5,237.33211482604656,30.688652781277174,195.27525538125593,87.36833869127481,19
97.57142857142856,248.3433487739659,32.11585226290182,186.93000474311725,75.02503478460271,19
97.64285714285714,271.3559381012744,32.01893544416881,218.28322098142212,93.32932894942435,19
97.71428571428572,284.20661349094854,31.552579548810257,230.78667484366605,90.46458491249625,19
97.78571428571428,278.37125007012406,31.393829834368088,220.7710191999277,82.6138585155254,19
97.85714285714285,269.06297440242736,28.37151999954004,216.33841181670306,88.06840094101214,19
97.92857142857142,264.05617991471985,32.51285131444151,128.71624798325686,13.117746278803748,19
98.0,297.0822087549199,36.86870635228359,218.98853750786932,91.45529636470182,19
98.07142857142856,269.1673323070655,36.855129703647115,200.51111916682433,84.94364212049625,19
98.14285714285714,284.32936087323384,34.956788506386204,217.95252889932823,95.33853101581815,19
98.21428571428572,259.18200807397875,36.69898760238382,218.9752289747271,97.31209117148315,19
98.28571428571428,232.24796931536858,42.8490102009556,227.62528825811845,115.42397799276773,19
98.35714285714285,241.76322366867763,37.476366926652794,223.0662920863351,114.22969593779612,19
98.42857142857142,240.72896252243717,30.317373051628756,192.0684584502861,86.20059904755838,19
98.5,251.2819397059834,27.042188564292022,201.0826202736759,81.39839021702377,19
98.57142857142856,280.59689111605604,29.53231213206094,225.19476465915218,92.86544548972321,19
98.64285714285714,284.15305994721837,25.59236548824896,215.74724286625622,84.83423602479104,19
98.71428571428572,247.20562661571438,31.923735411852572,218.38899393004067,92.80638854404341,19
98.78571428571428,291.4197179787967,33.84401242034684,244.79539228597534,108.28397548545608,19
98.85714285714285,259.30036914829225,30.00812268271541,217.12015261818854,80.90364517184142,19
98.92857142857142,234.500110057891,26.330341519049142,162.22632897104938,51.32672196448678,19
99.0,244.4514851170879,26.898119567756467,197.6156721934527,76.23689710560483,19
99.07142857142856,254.37754741002306,25.599215648437692,206.92588282841794,68.49473741122198,19
99.14285714285714,262.75502908918594,29.33555462258685,232.63331604201463,88.73010222191647,19
99.21428571428572,254.94561616624253,38.05973141036436,245.19781346921943,117.02589392282266,19
99.28571428571428,234.0557081193885,35.41777140668056,192.19831498375055,78.3112268582899,19
99.35714285714285,284.01966470106004,30.11736500147203,212.1767970945505,76.73293156643724,19
99.42857142857142,274.06603506195677,18.018956162811385,227.74607031328833,79.2903264906977,19
99.5,272.4641480712666,19.847538297909736,206.99445656195945,69.44319159321941,19
99.57142857142856,268.26287568546985,21.528779397943268,209.91453390807965,76.55293018744645,19
99.64285714285714,280.24858737583804,24.091689160540927,236.26075879527,90.86840851851787,19
99.71428571428572,306.2418785613128,25.764227111154277,239.050052426886,76.24292764467312,19
99.78571428571428,286.1817893855233,26.790507599502813,213.32804645477236,64.73229552860361,19
99.85714285714285,260.0126492979352,33.101924896053234,196.43885948805865,71.25240633066991,19
99.92857142857142,263.3357055666037,27.64380276583963,207.19779902950614,79.70238792870025,19
100.0,290.12426060152245,24.54653459632208,227.4569011272806,81.42981279551475,19
100.07142857142856,307.6934260752615,26.713598111397598,238.22794106787083,113.6619937949073,19
100.14285714285714,243.72033193696163,30.769750339617143,212.6738662468723,93.67360667799396,19
100.21428571428572,254.63160221762703,34.68991788333635,205.88945981267184,83.26254526553458,19
100.28571428571428,292.1340227414286,31.815750354119075,223.39374421780425,83.88053735242694,19
100.35714285714285,284.64282177605753,29.456903710535283,216.48937660717715,74.72972160136162,19
100.42857142857142,265.73157803169164,28.676928820121006,213.5854213660346,71.6420935207631,19
100.5,253.83478057242343,32.12724928668363,216.6149656944468,96.10715555054085,19
100.57142857142856,231.9838872171837,26.16022395310798,203.06632597777295,78.50183825383466,19
100.64285714285714,252.0040963761564,21.325433288559804,210.0086271253788,66.79419001604752,19
100.71428571428572,277.17342451292205,26.292387369777025,243.39248501069486,83.80485077304596,19
100.78571428571428,292.90399863615033,26.04905548995975,223.13918852414707,67.9439005336212,19
100.85714285714285,250.38707337818536,36.26875636724718,207.6136705621602,79.52769117158434,19
100.92857142857142,292.72376474249745,33.00974428438955,256.048664247196,112.76532682552718,19
101.0,264.23572741629647,25.26038659994887,206.29561981470727,77.0054865921805,19
101.07142857142856,246.1092388191384,29.03047760772229,209.8441821366267,76.49894360330339,19
101.14285714285714,229.2932445993899,27.68145125469681,220.3006293047802,93.77358223793973,19
101.21428571428572,235.16374877018413,36.48091640894454,195.67851710488807,89.9019172833707,19
101.28571428571428,279.6853925849903,38.529983342056624,267.60552796299766,114.67088378285878,19
101.35714285714285,267.8883481259647,42.654101092061055,268.77330506465074,120.77161837531874,19
101.42857142857142,260.34244757658513,28.620984969945226,276.13740021621015,112.2079031810077,19
101.5,264.57473582066046,33.341868724997134,221.14523393658274,95.51432592543807,19
101.57142857142856,212.7704097694657,30.436297279723924,209.43279548688656,105.27023880687418,19
101.64285714285714,225.18285011733315,22.06218744877713,207.6727570628988,88.59091255494813,19
101.71428571428572,262.7600409202083,33.962994975538585,233.74827499130154,98.28751418979014,19
101.78571428571428,243.2099473487252,29.22944096795908,246.67644670385525,119.4449648452641,19
101.85714285714285,220.894873739336,25.460333734074194,214.14164090182777,97.60051117672984,19
101.92857142857142,240.81211234350312,32.658383204507025,207.49155915936873,97.36793181446279,19
102.0,278.3549887920555,30.190469308043248,245.08315389014686,103.39377182937595,19
102.07142857142856,302.53118031231827,23.536432759088797,272.3137501597955,118.04428925874065,19
102.14285714285714,274.4336424615013,29.67937001724357,228.03212107517436,117.54419065249382,19
102.21428571428572,262.68970171744655,33.05809279185969,212.14775408756563,103.92546152139798,19
102.28571428571428,290.7313854955801,36.67016887005877,243.65830513833714,100.73540426288056,19
102.35714285714285,288.24494571105123,37.419759937467695,259.70812857595007,107.25334605130767,19
102.42857142857142,276.19735116449675,43.0493674128744,260.99296249243764,128.69709628470193,19
102.5,237.66600434288085,35.15266774854298,244.15616470681022,114.58832106602766,19
102.57142857142856,243.620878628774,38.89535784401875,264.57275557608386,140.58286475537147,19
102.64285714285714,268.3094352385771,42.158025166805004,254.86373857318537,122.99401634045893,19
102.71428571428572,267.8048475683318,48.67189162418465,207.367238297227,90.17859512566706,19
102.78571428571428,279.9644483946803,39.158196627118286,231.5042915114702,103.28031833938402,19
102.85714285714285,281.74047790699353,35.745571305541375,283.50923540512946,135.440063214746,19
102.92857142857142,271.53578901966495,38.67165960934765,262.21999895735155,117.71442493138846,19
103.0,259.3968530758668,42.94809953086863,287.932167323283,159.09808277056786,19
103.07142857142856,252.6510817318019,40.18263938845092,245.999398932444,126.4771737083877,19
103.14285714285714,254.3500632149993,41.669860110416465,226.2880283302614,102.55189322102264,19
103.21428571428572,287.3935731913265,43.82459858102274,262.778075086944,114.00818627616816,19
103.28571428571428,261.8499564877064,43.469995097304945,252.0095460169342,129.47740826969599,19
103.35714285714285,269.35526754293176,53.76147429870869,240.38606460983004,117.50302213139051,19
103.42857142857142,277.8155204190688,42.80227140644872,232.42444616991253,88.4987393336261,19
103.5,278.95418588374497,36.043861492250734,232.9440291155438,87.84659462824175,19
103.57142857142856,276.5927774996687,40.410384787329974,229.57755807136093,93.57358152969653,19
103.64285714285714,234.50886320967223,43.983406140362995,203.13554416487523,89.09749882372432,19
103.71428571428572,263.6633764202401,31.465697364942404,226.53596855225155,93.13485480341564,19
103.78571428571428,265.8551091139843,28.758415368468764,222.20833621419655,87.63994060399911,19
103.85714285714285,256.3680042035321,35.333657002155455,214.27216503134767,94.69930839694874,19
103.92857142857142,231.49743481724846,41.38804031035476,214.22641932765538,106.93313767308443,19
104.0,250.7746010097594,41.21976439192147,212.11460105136464,85.9996095780424,19
104.07142857142856,226.8842997144978,35.17708139629809,199.2463012583045,79.40327423704687,19
104.14285714285714,246.9934530121665,36.84315344559278,201.57639657935164,76.66966869520026,19
104.21428571428572,235.73878391655862,42.83252896696565,236.7103215288459,109.83851982945944,19
104.28571428571428,227.29515309339084,40.83629874349397,206.8244901052909,92.38526470881108,19
104.35714285714285,254.534523282719,38.29152915587108,242.6368122662858,92.29536013276518,19
104.42857142857142,260.96021107227676,38.75308168115073,248.56415622914997,91.1865964932713,19
104.5,250.97696734009136,30.628562286487195,217.05194513982204,76.89215955523147,19
104.57142857142856,211.51573713206454,19.720475975647005,183.22107360038814,61.529604904126806,19
104.64285714285714,214.228815101172,30.386315147615267,168.76546473850195,54.25572018095787,19
104.71428571428572,232.47572942900197,27.66882816268024,197.2832667922655,59.2673403936658,19
104.78571428571428,236.23462579410315,34.79378705755703,198.83455628807826,57.58205790870989,19
104.85714285714285,240.1588653611581,39.72147996704823,160.1776430537752,33.33411756905782,19
104.92857142857142,255.32748696772742,33.180573861395445,160.68079825329357,21.07905589275742,19
105.0,270.77522344798484,28.4665270276928,198.60725181660678,40.10597547488628,19
105.07142857142856,252.8816051191462,34.10128909953496,233.0164302617915,70.12354164650205,19
105.14285714285714,274.70061196784803,37.788598112264424,211.73218637708726,57.9444665275024,19
105.21428571428572,257.7414491679452,25.613872099074403,192.72927694345807,34.11013483465641,19
105.28571428571428,273.22518413539785,34.538098207488076,206.04035414975925,39.05981679784728,19
105.35714285714285,276.393770783864,24.109999688795224,234.97049937728482,66.51855023351395,19
105.42857142857142,305.7115680943789,30.93297355190838,278.6667400306403,98.51295086822947,19
105.5,256.490429134692,30.12907109720064,221.22706785809132,76.30307486504906,19
105.57142857142856,218.5383079483748,34.263651424309685,190.4763559233561,83.27722743158066,19
105.64285714285714,261.62009959643905,27.732042433182105,257.31837585951286,105.82578247452115,19
105.71428571428572,257.52856847608723,44.71798998770631,311.8822086798514,161.39847714770346,19
105.78571428571428,263.45410137800224,33.004585956212274,242.05397855431028,97.70017557304925,19
105.85714285714285,266.15144604460426,37.39334611410026,212.48806303518356,68.37555647567956,19
105.92857142857142,254.6495470900903,31.403830465067685,212.72243033572735,56.20295839208593,19
106.0,249.63834588620972,32.431981425642284,197.1207402798785,40.37813726209115,19
106.07142857142856,258.775005033563,28.476133665972025,174.19332259208605,31.229089715554917,19
106.14285714285714,239.18398806707575,20.021272153306384,198.13120843773788,61.118319227948525,19
106.21428571428572,262.6645176390919,26.003774281589035,226.24961299955868,82.77644123543377,19
106.28571428571428,234.2000081528963,24.10923915382572,202.701297648553,78.68612260624839,19
106.35714285714285,228.96058961434917,21.347312112352856,195.71326815734548,74.99631234661884,19
106.42857142857142,230.86620263490724,19.598860328037023,131.24272268700358,17.062853187684293,19
106.5,224.56791618716102,24.796032129474156,138.08495279755763,25.104209040028394,19
106.57142857142856,215.1737360627394,32.751513860102484,143.58023319809263,25.797632804762525,19
106.64285714285714,214.21941370351865,33.22927239711939,139.9288844517701,27.61136885590023,19
106.71428571428572,196.79987980962042,24.409784352414245,148.9542304053742,38.24106294885209,19
106.78571428571428,196.52799724844982,21.42698137906205,142.94750835255448,32.8698061284525,19
106.85714285714285,203.46393674183568,25.777959006821675,149.85079740644528,34.76533626401426,19
106.92857142857142,201.59902089260603,27.852133109403198,161.08030208881607,51.58647270183572,19
107.0,215.51211449279535,21.728930447155978,172.0624539942704,49.99923440269463,19
107.07142857142856,205.68802193508708,25.687852089169823,180.19830826785417,63.531604277857625,19
107.14285714285714,204.4300166086016,26.35649353850649,179.2849593943865,67.36923189382215,19
107.21428571428572,190.5167706221485,25.876098332387468,158.62101660686963,59.9622800961624,19
107.28571428571428,169.24087868216063,20.73013278928929,159.25505790615026,70.76085364476016,19
107.35714285714285,215.72709090507442,30.95439897950954,215.36439800740885,94.29774987049124,19
107.42857142857142,215.66376072606243,26.941365691588068,216.391594232044,97.644835498989,19
107.5,198.11004129050477,31.714496789136135,194.12600443177436,93.8214193637825,19
107.57142857142856,208.4661851440494,27.60330859153843,199.15858612440422,80.61494015449529,19
107.64285714285714,234.37033877585444,30.575785697001866,190.9594391184839,63.22002934578267,19
107.71428571428572,225.96908848308067,34.158988820671624,177.77623565458111,55.690155569016966,19
107.78571428571428,226.63740556406535,37.90217473108198,183.5065881903816,69.07677684421525,19
107.85714285714285,237.15526201640915,35.83211004098105,213.09634031106617,80.47012003766422,19
107.92857142857142,241.328318216231,33.593261964466016,203.31025234413536,81.03523477645783,19
108.0,260.3040535020113,36.40661218708939,235.98781245423694,113.21711362467096,19
108.07142857142856,231.99682587166035,24.431892575811737,176.34054849089677,64.37253232230341,19
108.14285714285714,234.36252878950822,17.293393732294806,166.59973655299945,47.91544602743158,19
108.21428571428572,250.7762855452865,22.781951627387315,186.44905014202124,68.95805405500951,19
108.28571428571428,222.16075783647673,27.30817939145967,172.8677369111684,73.47648076673865,19
108.35714285714285,236.321681234139,27.100428988966282,204.00189223637747,96.93635984589939,19
108.42857142857142,250.22349490636935,31.630621002492454,210.64794235370846,88.10282680552115,19
108.5,271.70565750487714,38.28901546124446,221.96330606848687,77.50000446260108,19
108.57142857142856,240.57778672411632,25.363342869636718,198.9095490124509,71.49903719720675,19
108.64285714285714,225.9709203722314,32.40926463255724,223.5882549433351,99.74513931827212,19
108.71428571428572,253.41163370132585,32.40624502434442,245.5806545607413,92.51157005850203,19
108.78571428571428,256.66366946652175,38.23254212657426,255.37908832884173,94.60691408726423,19
108.85714285714285,233.8319881344061,36.29122522123944,152.1056688559324,35.25987571520611,19
108.92857142857142,274.3949221128892,41.60274686861678,218.83479546474896,85.58984450160538,19
109.0,254.94602923235828,37.62302725330155,213.93594041673302,76.90595909875063,19
109.07142857142856,269.7618022536736,37.54724457503093,214.03894747125622,89.13513478534203,19
109.14285714285714,240.57841835573532,23.550475745417156,199.41207247502788,73.77030122005296,19
109.21428571428572,240.9904886222877,22.83122445422977,193.80009821474295,74.5691244899514,19
109.28571428571428,255.36023094848267,26.942514788659917,211.1086698012606,93.55743445097592,19
109.35714285714285,262.4653432940822,24.183002466160552,215.86809584705009,72.7430038365512,19
109.42857142857142,259.24379346836093,27.408129503330986,216.14548716417985,78.86734633006708,19
109.5,273.3102797591337,30.21588755202322,243.77730091031205,91.8995337498154,19
109.57142857142856,259.5233262091511,22.55881804639375,199.446291303344,72.30692218009527,19
109.64285714285714,288.00829370281343,31.946073399439346,221.8713552647811,93.40627771185005,19
109.71428571428572,295.4647453765959,31.33220713692902,247.1786420099617,103.50249343069972,19
109.78571428571428,259.4660014757532,32.8278824267543,235.5710711989645,94.75998017595104,19
109.85714285714285,255.67980273502783,35.266875723905684,209.65377774623963,81.35639942997084,19
109.92857142857142,225.5154180370623,32.053128626828844,200.34270633245933,91.84591321942688,19
110.0,213.2018278660848,24.471123060034504,186.80697710507593,78.61292617031238,19
110.07142857142856,224.71096345440048,22.454716710022904,199.34776664530597,81.67381865447977,19
110.14285714285714,238.25846971425435,23.359952057064728,224.1962690713214,92.91823808173324,19
110.21428571428572,224.23539221439373,24.28481944665792,195.8690785763013,74.69159685826708,19
110.28571428571428,219.34441881451613,32.689377036235136,191.94393966922894,81.88582676212313,19
110.35714285714285,237.7162772357284,35.29886701541012,240.99291164680565,108.62261077177658,19
110.42857142857142,243.84307486336252,34.034221037275856,235.8717580610845,102.80918084954192,19
110.5,243.91484853787256,33.074478781157,224.60815202660277,93.99502079209276,19
110.57142857142856,236.22112167930075,31.3601181896202,236.88862133499225,109.20845880242007,19
110.64285714285714,214.7721179347292,22.788289830009028,187.47891465106358,90.28829119024772,19
110.71428571428572,208.66714513036823,25.954472986956016,188.16904121965393,85.83775860327985,19
110.78571428571428,228.36765512750713,35.729145500857676,201.16051821397363,88.4353060250083,19
110.85714285714285,237.48541554339602,33.28103854833776,221.84884902542854,90.90456373943377,19
110.92857142857142,234.43240891385682,27.490562512768683,198.49668191825663,87.12975718221696,19
111.0,248.6364505545825,29.203269345343397,206.32266394967135,87.94833815293093,19
111.07142857142856,253.070266745617,29.483989203744425,216.62783676218376,82.20081423539317,19
111.14285714285714,254.13582153874933,31.046403898386973,214.55199255955077,81.73941974815558,19
111.21428571428572,263.50641832391005,30.707037037642174,238.66661608908666,101.18683301278001,19
111.28571428571428,218.86170734778793,32.97261723239289,205.42376982330416,93.75622239131133,19
111.35714285714285,230.01694879016148,36.51131154073732,217.19236447636254,95.26683894088927,19
111.42857142857142,262.30924050336466,31.992435713138168,249.62805689175755,104.70341739557152,19
111.5,243.01686045726342,26.29158803301723,227.61878719707008,99.16873589602146,19
111.57142857142856,246.57357766383035,22.00568050196958,204.55689125232897,72.16231442098582,19
111.64285714285714,256.3522480919604,29.599220163160943,220.4235099789078,102.38370362770442,19
111.71428571428572,230.1581979091311,31.481778580900023,208.0652553443867,89.71653266990124,19
111.78571428571428,230.35591680844186,38.76463110009055,187.00188948827227,96.69023291733787,19
111.85714285714285,234.05538837597246,35.32885473830218,198.741291355422,93.70193762996678,19
111.92857142857142,235.62776981591688,39.260872647518994,190.34733378883925,95.77369162974085,19
112.0,247.0568268835503,38.676751006584354,201.69051047673508,78.54331671506253,19
112.07142857142856,268.4471076496385,43.10876593663339,234.4620235256004,92.50096399395127,19
112.14285714285714,289.53940449198734,42.3920475577955,238.59158866215117,89.13559697515947,19
112.21428571428572,262.0936641215194,44.85298995473241,204.7782538841507,80.56087097139066,19
112.28571428571428,267.96058279040864,50.134437192525425,217.66633857645851,98.876618029845,19
112.35714285714285,282.2334352893267,46.55978395610195,231.4624351043983,93.49155438099078,19
112.42857142857142,268.9760012101596,46.740822881956014,141.2320178121401,22.953440912939783,19
112.5,243.9570002195434,42.55839736500043,123.72079115100375,20.59902048140486,19
112.57142857142856,245.60284027505682,37.72658519050092,225.69653765202565,109.861487372676,19
112.64285714285714,257.8891961444479,31.18450692909179,161.21360314948024,38.31785792539593,19
112.71428571428572,258.58967340642477,25.630297467149017,167.9295291275079,39.97104719140814,19
112.78571428571428,250.4389703131498,30.295279688331586,157.029828979786,40.65415029997734,19
112.85714285714285,238.14750493321634,28.521838728894966,130.48285631742255,18.90493405602703,19
112.92857142857142,257.581902639808,25.573515650678658,140.35519957950655,21.329485086775136,19
113.0,232.02567610001515,22.937393842711703,211.083722424387,72.73661262549895,19
113.07142857142856,234.79814876259772,28.206614279525375,201.0268222568741,70.05744615457176,19
113.14285714285714,221.8046132143344,32.57413022265872,129.7338022219499,36.90144147972194,19
113.21428571428572,211.71723046229673,30.436911593676637,110.60985351678471,15.987946349148748,19
113.28571428571428,223.49387392186006,34.170473735128645,117.99175207118424,17.194013445766974,19
113.35714285714285,227.07056067508427,31.553975094292444,132.53706823150532,28.070025329549267,19
113.42857142857142,254.72021947759583,29.134427558946186,201.3162215136927,60.04535897543358,19
113.5,218.9805481967274,27.954087802037723,153.0013699540458,44.7699495099458,19
113.57142857142856,217.84379366924853,18.89226925577826,122.79528036698724,22.110114281000865,19
113.64285714285714,268.2143001932523,27.25712560942098,157.87919100652505,33.179078369960685,19
113.71428571428572,280.5480976955545,35.447146824887525,168.6599462543433,38.80248973460412,19
113.78571428571428,287.7104468405012,41.59061448538518,181.43689856033336,47.87491484816792,19
113.85714285714285,265.6563938458308,33.3390738856374,209.20689163643132,59.52457064481429,19
113.92857142857142,248.15383872892312,35.2017596609866,197.41369775407335,72.19776683374397,19
114.0,259.95751699605836,30.181984975776977,196.36496733118167,62.45422820589449,19
114.07142857142856,268.75875970736774,31.73325514430107,193.36302405365004,74.96618012698289,19
114.14285714285714,267.7727920423376,33.04626977362779,147.82693568650643,35.293324517105894,19
114.21428571428572,283.57848145819577,29.020572895280402,144.62522867584306,27.69507523865644,19
114.28571428571428,261.4322340568688,24.98332987528801,193.75008901898659,57.34768794006299,19
114.35714285714285,238.50442070243963,25.456619010392778,182.44193409622628,59.843258360018616,19
114.42857142857142,252.4994061532667,29.168224855159345,199.86275511133584,66.1587827336551,19
114.5,281.5384475378654,31.295251706946647,223.15810335881454,75.10182630787358,19
114.57142857142856,261.9374878405175,34.09313710467606,161.23175076156303,33.40750429857486,19
114.64285714285714,262.2835756335349,23.416611535109777,128.5242799458694,14.065934621029395,19
114.71428571428572,277.398042404637,18.183740653613626,191.42237554516382,44.8525744927713,19
114.78571428571428,278.33048135153877,19.668197646221696,204.31651370539115,80.88473768145994,19
114.85714285714285,251.72070163601566,22.414756177715383,179.6914679279553,70.28735944745922,19
114.92857142857142,233.9108843003326,27.831773459229588,203.18671508885464,71.52606266927945,19
115.0,231.64410121114614,28.877820425691535,200.30834157459526,73.1413957803269,19
115.07142857142856,201.17922208507633,33.376693487515446,101.30494020526983,20.025404796356703,19
115.14285714285714,246.39356595606515,24.72316842362155,203.86536243442112,73.04324701436504,19
115.21428571428572,263.0226713958262,19.88243196748263,199.72393402670738,58.28778007649858,19
115.28571428571428,246.9250662357323,27.249346103727127,217.55446543131023,83.5481400745699,19
115.35714285714285,200.02986492792093,31.99568756317522,191.20896097072492,84.48055161949361,19
115.42857142857142,211.8574381253958,34.85138347239932,210.32822223570625,100.47336259081365,19
115.5,236.96350414338633,33.53649239521453,230.23198881153837,105.60229815340571,19
115.57142857142856,252.3234766115102,34.23914337354352,249.70857616535156,106.96513320328667,19
115.64285714285714,246.46338979319472,34.24506938956961,221.13383297104093,76.91582993638686,19
115.71428571428572,257.0665001118436,38.97274102697262,265.72173925685274,121.49571237673241,19
115.78571428571428,248.7788179976909,40.56468850824273,238.13557871736245,103.76718977570059,19
115.85714285714285,225.7402191988749,33.259606231327695,228.12838166084146,103.34006271830134,19
115.92857142857142,206.26566105545112,32.25088904816536,231.311658966727,115.56782012249401,19
116.0,230.10939437633618,27.68423660392897,230.56002940375518,110.24868427216512,19
116.07142857142856,238.03540610912614,22.38641218355439,196.1992745287086,77.38222570828675,19
116.14285714285714,259.5283101694179,29.459944430243358,241.3998763098325,110.63511105650501,19
116.21428571428572,264.33986357454535,23.117539093812177,218.34964348883435,80.18271799519987,19
116.28571428571428,280.82889446147914,24.804245279781995,236.65054287510006,79.99654969244735,19
116.35714285714285,281.6687874540963,29.784772562415522,243.93608642762086,88.56195084863239,19
116.42857142857142,248.44864107417797,36.525050720524995,242.51784457072455,103.00176820871143,19
116.5,222.47252502132028,29.437520888060856,199.0948228625558,83.7813586323494,19
116.57142857142856,228.45592776582583,23.599520894793525,197.2358652331829,87.49057584940302,19
116.64285714285714,244.76204603285137,34.81473142706325,225.47150901562316,115.2759541482922,19
116.71428571428572,259.46602367973486,33.09545768937254,255.77472776508387,114.72083124021773,19
116.78571428571428,275.91141766296295,32.50696858218031,233.75542097117955,103.76077416732777,19
116.85714285714285,277.51376104133243,28.022847258622782,231.82084468426513,101.42174946505482,19
116.92857142857142,256.82320671226904,27.55423988187786,208.07997997570288,95.09752896649354,19
117.0,212.16789697457048,28.162189642165494,176.18737061349321,89.31364227184531,19
117.07142857142856,228.12398484903684,24.568252523937037,206.83561296574206,92.43741614148028,19
117.14285714285714,235.14706766224515,25.448699713800806,212.4435811359879,86.72302515989048,19
117.21428571428572,217.48177378572174,27.47298919954968,192.13821080860663,81.22690337844675,19
117.28571428571428,215.6899021336064,37.353806281417526,207.88152788914695,123.10612114343317,19
117.35714285714285,238.437801458933,39.80411971815779,259.105543354807,146.64322556265947,19
117.42857142857142,261.7059550573892,33.94008962150778,258.9000608855978,124.34511678287055,19
117.5,246.9471855898433,32.54208488151808,218.71468519933947,131.5542743791619,19
117.57142857142856,237.16456561808047,26.844841093742062,220.71563514850473,109.25418759017805,19
117.64285714285714,239.59809078975218,27.199445090179825,202.9274849919968,97.47143416196225,19
117.71428571428572,261.690119901568,26.885502308747448,216.78995379017147,103.7003064410922,19
117.78571428571428,277.4960678440535,27.830888244623512,243.1443526896646,116.68136242192531,19
117.85714285714285,288.0492907885349,26.387024508686206,227.53232723881925,91.84473919622764,19
117.92857142857142,270.28827534577783,26.467473149513843,240.5963994529052,101.06210752650435,19
118.0,251.80066685347634,22.50691238383441,222.96016583217144,98.00379167684166,19
118.07142857142856,195.6733699655785,24.17967364593617,174.0190394631271,81.5726109267997,19
118.14285714285714,195.19237120822666,25.34066651849944,163.57809837743008,79.16029749055654,19
118.21428571428572,242.10545913185183,24.25835248697856,218.64863079366222,92.91511638318828,19
118.28571428571428,247.78126757211749,25.443129059516412,214.44870483643942,82.68932013802286,19
118.35714285714285,243.88292949624093,25.454133520879,216.60117120970725,86.53046627520102,19
118.42857142857142,241.90606951157454,27.50381782952168,225.6926324852448,105.4218437070299,19
118.5,272.3876533085949,37.18690456386561,228.3187821186451,97.60143077398072,19
118.57142857142856,235.81713573827673,29.938678378185543,200.80041159358777,83.35373437067278,19
118.64285714285714,228.27204655168663,24.957014214394736,192.3483776229023,83.78770463667956,19
118.71428571428572,235.0155829497073,26.05394812862403,184.09628651872538,84.74437538966667,19
118.78571428571428,236.66852141289976,31.884251418972404,180.38514676723344,71.6719267615253,19
118.85714285714285,235.96663957475926,34.77752470958745,194.91279974025832,85.27247004542025,19
118.92857142857142,227.4204783919275,31.237385631747834,207.11716801229227,96.83487487332226,19
119.0,226.0503678112691,31.95079403761311,235.137167871503,112.45685354054861,19
119.07142857142856,221.55151511826898,27.992939345809127,212.00299228582648,98.34391366655224,19
119.14285714285714,205.79652033714675,25.917544709795653,183.48441785591743,82.70577124299066,19
119.21428571428572,213.442432643002,25.035101715369365,178.06923481975718,68.61335076709352,19
119.28571428571428,236.8467448116374,28.185273082849754,207.15622327671522,80.46939604928973,19
119.35714285714285,247.3314899424075,29.928026870547956,214.47706569318336,85.60755106246273,19
119.42857142857142,235.9890196634437,27.550157387236005,209.3054466548372,80.79020741463319,19
119.5,267.392903930022,30.105456457035334,242.3949077527561,97.56395103023816,19
119.57142857142856,269.82542303836243,26.55434526201747,227.85741362642963,80.95197952485675,19
119.64285714285714,232.28436491514407,18.17688415667862,212.1524693562046,72.69482082706818,19
119.71428571428572,217.3798720970877,25.018677441594175,197.04715684683222,84.04240539981866,19
119.78571428571428,235.14000020009263,23.5478564045571,214.96240632674565,90.70416944071698,19
119.85714285714285,231.69802402067577,24.117594540986655,227.45625565582023,99.30692777857357,19
119.92857142857142,267.06221614761597,25.31043463190694,234.5489562725488,85.0806552984665,19
120.0,265.27145849364894,30.159679287366565,251.83581173692048,93.08949584966754,19
120.07142857142856,247.01133978120038,25.666157869443904,219.9896017615333,73.07958789901488,19
120.14285714285714,251.9192549089753,29.18345544928876,239.51892901589815,96.54155254181397,19
120.21428571428572,228.03823018416128,35.24007838624116,231.1142011196084,100.32080205567235,19
120.28571428571428,234.64614226052487,25.980693312165613,216.72724633518348,77.80042569799753,19
120.35714285714285,250.22063299105685,28.036689353853927,246.17608134613204,97.1299161096685,19
120.42857142857142,250.7903036955835,37.07827056021318,230.72039299950356,107.92028221230949,19
120.5,237.2400647717512,27.339779474349893,199.83081139106238,71.65839907541088,19
120.57142857142856,232.46368063208664,23.190577553821434,200.32502628499893,68.78131929397938,19
120.64285714285714,245.55883780010504,21.060213803478156,215.94273948389355,74.18942072370288,19
120.71428571428572,229.31643209693502,23.493704027040124,182.19323879347976,69.2070141339728,19
120.78571428571428,246.40318095807592,26.01903419953767,206.8376969232965,75.7907446454726,19
120.85714285714285,228.62029112767783,25.54239569101136,198.74282549780588,84.02173531823377,19
120.92857142857142,204.18145392151737,23.053036063688143,172.64097047160698,71.72383648464181,19
121.0,195.80607088295702,25.88207568923097,176.30011366144453,83.65239897552344,19
121.07142857142856,189.00801980879768,28.631292592023993,172.44187128136303,82.64522137055367,19
121.14285714285714,200.51710084706627,23.218469721491694,171.48284883521683,74.63789522915116,19
121.21428571428572,221.13724083565987,29.068693074352765,179.06195165307548,81.18118918359468,19
121.28571428571428,243.5339570222871,31.712601933099474,201.24093603199682,92.93327806179242,19
121.35714285714285,229.07147294990946,30.149852978247527,179.2755437502862,71.79166838379966,19
121.42857142857142,219.42099634303744,28.055454123990383,193.1208023668582,84.84485415383782,19
121.5,236.2712475336443,29.895842552725487,205.74594346943178,97.5867262127875,19
121.57142857142856,232.46121539934205,29.530672127066026,195.192780708972,73.62425200559963,19
121.64285714285714,232.23120344663133,29.789390620949966,221.83115579991227,97.98116833336492,19
121.71428571428572,265.4562931100885,32.41950837884352,248.3859527436925,99.30735417931223,19
121.78571428571428,251.65198205291276,32.35573064845822,151.11977789460482,35.62759681047786,19
121.85714285714285,268.4157138459787,27.669949611675854,216.22102965719753,70.73706712887034,19
121.92857142857142,278.18612110190674,32.59827410410166,228.21191406617316,89.91860426199958,19
122.0,269.6536464907071,37.573170528186,239.32407618536433,92.93893749475734,19
122.07142857142856,267.4608269621654,29.457348634532888,231.98024003831188,82.60456984596334,19
122.14285714285714,210.68594414984747,29.88776432744217,230.78623858021425,109.01462685643524,19
122.21428571428572,228.93773686363588,38.65815983699226,235.08745520123054,106.68698104087242,19
122.28571428571428,241.75215747684896,33.63238309650501,248.34431927973836,93.78321081814994,19
122.35714285714285,265.69120794206935,34.95772918550177,258.3807861409154,93.93202480499455,19
122.42857142857142,252.52813240959875,39.61303049439824,254.69756826536195,92.8638693386812,19
122.5,246.2672625393432,32.93732866555848,240.9463237604057,86.4366465648614,19
122.57142857142856,233.70259655441453,34.71819941729259,232.34404043390492,92.77596981820243,19
122.64285714285714,232.17808147520654,38.94918504198095,253.00279338683399,117.05124934972648,19
122.71428571428572,226.62573757018123,38.89230213082072,238.55516505399504,102.11839616550678,19
122.78571428571428,228.273319844185,35.85265381826335,234.52715719628472,95.67759941161869,19
122.85714285714285,216.3188946479208,33.94710754004266,220.8631465250494,97.12547790989736,19
122.92857142857142,234.98955114866132,24.9506501514935,210.8342661437646,79.77813928094562,19
123.0,256.3602666053642,25.9547462451478,230.61148161399692,84.52172300640348,19
123.07142857142856,258.30764581838554,23.357874951234393,223.03989850235286,88.55936009010013,19
123.14285714285714,238.1203401388848,27.628432518295277,218.29238807544212,82.211003062722,19
123.21428571428572,254.49051265692336,31.06681901239106,209.4306271975683,71.1601725177418,19
123.28571428571428,261.4012232505807,32.282915674326226,216.79421331605,77.5917998239288,19
123.35714285714285,262.9556981180259,35.834199668016595,212.46246888612356,73.6309271300474,19
123.42857142857142,284.1372315001054,42.14329075757075,216.00206831532967,81.73857187572227,19
123.5,249.79820220137483,27.37985887914609,205.3094455142627,77.44906772583991,19
123.57142857142856,239.44050021340718,22.727809061479594,227.79676103355874,91.94989533396493,19
123.64285714285714,254.41990873243114,29.026191499055585,229.91727280016647,87.47447009273023,19
123.71428571428572,239.00668120165003,32.22303683141113,245.205824508793,93.37641619470588,19
123.78571428571428,216.24712698095502,31.62685757162896,168.06686433257062,40.590519608878935,19
123.85714285714285,228.04459580448378,25.073465642718897,162.1318305756685,30.454674846318344,19
123.92857142857142,223.44361784704202,22.229535366901114,177.41395163091994,42.83672720338794,19
124.0,208.09974515565816,20.579157432589113,154.57493570115534,35.3385322872915,19
124.07142857142856,197.30299767504127,25.900701501856656,126.95226335522753,22.585349976935817,19
124.14285714285714,233.86074553864273,24.676047059224924,185.4002460447589,45.42494036217013,19
124.21428571428572,267.29439310133534,26.659928407736267,240.53376318717727,77.08192890713853,19
124.28571428571428,283.6948879367122,29.33105286877047,264.33540302309143,93.8521575296479,19
124.35714285714285,268.19585675568317,31.336089845805375,228.43601964326922,73.36124571502408,19
124.42857142857142,275.044596018377,32.02125022561192,211.9780091878119,53.964433268474046,19
124.5,267.55785129187365,28.622820905103577,208.798408715543,52.83946432326917,19
124.57142857142856,253.36933943962455,32.38952185594945,205.02833737724598,65.49567791477675,19
124.64285714285714,261.2370730863913,25.73372246096971,222.63847024252235,75.0834774637083,19
124.71428571428572,255.04427191972695,26.04919667233071,209.97226275272405,64.5954294579941,19
124.78571428571428,235.1676256549745,22.995648419081807,191.6632263235271,48.834312037998316,19
124.85714285714285,227.90683461608376,27.688156434220904,172.46823837909065,55.68237047227316,19
124.92857142857142,231.89218497939615,33.91176511895117,197.66950798122798,83.51058899935344,19
125.0,273.3563340068241,31.076387610471752,249.42756990598645,90.96942337898992,19
125.07142857142856,282.37126573192586,30.741127294342444,240.20496335527,96.53500258699552,19
125.14285714285714,250.58164952975798,28.382770457416484,216.8571760804516,71.92550470272923,19
125.21428571428572,234.88941519361347,23.468715378119107,197.77509833771768,55.514523195863205,19
125.28571428571428,230.51838553053105,24.112167333369236,188.9259550853141,49.47754851753397,19
125.35714285714285,229.0317918995958,21.42993138938946,179.9389223320863,44.59764307955309,19
125.42857142857142,238.83064431126104,25.890485086461613,168.45255182464828,36.24064801874114,19
125.5,252.6529574686459,23.375706061248575,177.9409465928238,40.349294882063674,19
125.57142857142856,249.7590467916321,27.43677392703162,187.3607796870078,56.77181445755182,19
125.64285714285714,250.7483830810676,32.16293492284283,199.41623270687987,66.46644677404707,19
125.71428571428572,237.88317168748162,30.48315367818866,195.3803127573428,70.17598176621765,19
125.78571428571428,247.54485826504578,29.212795158486013,138.66516951884694,25.088821391577557,19
125.85714285714285,242.51044280174006,27.80780621650599,130.50539253929776,21.47371597637875,19
125.92857142857142,250.9320868458771,34.6811944118687,131.81262793633795,25.081366597326916,19
126.0,229.548312591691,36.307976128916344,122.23777992412657,26.154014962235493,19
126.07142857142856,256.0329466218861,29.070988758866566,187.9012761785084,54.3178623406649,19
126.14285714285714,245.03307877671517,28.44017263808171,169.11901253280377,38.700113970608705,19
126.21428571428572,223.80189182215747,27.810279777491523,134.80504422707432,25.19035606655992,19
126.28571428571428,211.55001191707865,25.530420619074274,131.0504198917817,23.650811239195463,19
126.35714285714285,221.69145911820738,25.87396878372278,154.79238960187953,38.55677071348323,19
126.42857142857142,253.64030264931105,25.973986427111583,178.13419595353307,52.13507659902167,19
126.5,265.01107331172534,27.917952948322032,196.0319708357939,55.956066215727205,19
126.57142857142856,239.51843557379837,26.78406053789727,168.7575095919009,40.67920219013219,19
126.64285714285714,191.23406631753846,24.936564762129315,134.1074382923038,35.886895193451224,19
126.71428571428572,203.4768475433963,33.56174172070212,148.53486659498446,39.81808998109253,19
126.78571428571428,227.1100972307061,33.73973940726365,179.81202197767476,56.89451142037523,19
126.85714285714285,220.71158995822353,37.800883032268736,203.07280064347856,81.9639808662425,19
126.92857142857142,217.55968698301828,30.99347658042872,222.8294787440903,101.36572527192376,19
127.0,240.711348541587,30.359841008283226,213.2867339729064,79.12561137565156,19
127.07142857142856,239.77509555387581,31.414341422518294,210.90328573303393,74.49483263106899,19
127.14285714285714,237.4347262140091,31.007475755127597,196.61725354439773,69.29143969330798,19
127.21428571428572,234.51878014458342,28.261178586784144,179.143912116006,55.911047580697435,19
127.28571428571428,251.0860306954947,28.43211105448517,206.7185683622935,77.69212514718944,19
127.35714285714285,239.21446256911995,26.89271013350477,213.0065175976322,86.06847499590424,19
127.42857142857142,263.39128069920247,38.787046136299104,222.3133247492668,82.09422086395186,19
127.5,259.2495088383472,37.73185157449768,220.33687839358208,84.65386535932319,19
127.57142857142856,241.4971725090802,32.52579621195941,199.76790173807004,71.47387010827204,19
127.64285714285714,232.3320876004663,32.86986432350947,186.30793855515296,60.2918859535981,19
127.71428571428572,289.58370312944265,33.030700243860814,221.2567226317789,78.66893241060266,19
127.78571428571428,271.8846426493821,38.70703446439241,216.1856567024218,86.68327287754147,19
127.85714285714285,261.27640574782004,37.77912926424898,206.81837457010218,82.20484639575385,19
127.92857142857142,263.40088071095875,36.02449962265766,218.28873977916922,84.61083723069325,19
128.0,264.44277267599637,33.47018482049235,218.4770268427445,75.85288336873894,19
128.07142857142856,250.2753993778954,32.07563605343474,215.34134835765025,68.66688110145911,19
128.14285714285714,248.31161808116283,30.81306308115029,222.44807156884644,75.7048628868905,19
128.2142857142857,240.36950971929014,30.750300987809812,204.82503274171117,75.39616197707817,19
128.28571428571428,248.59318303147478,37.22113707711104,228.68517218566387,86.98035463038049,19
128.35714285714286,270.93996801854956,27.9473895360092,243.89826260693988,83.73970233300152,19
128.42857142857142,282.3069385657863,30.71049073170492,242.98583680247722,77.08540818002693,19
128.5,263.1004871535664,28.894265155087933,219.87315546697508,60.42957858278744,19
128.57142857142856,259.05812227221185,35.08239269763413,236.6801855097595,78.04245949167061,19
128.64285714285714,256.7752729338093,34.51043473867829,250.36761558200521,88.18411217856124,19
128.7142857142857,241.60804644628928,25.841640421868213,214.54281045895038,72.11684048560318,19
128.78571428571428,228.8212733942227,30.314042099449434,199.77645123369174,82.9192829160905,19
128.85714285714286,234.8470836751719,34.19696588307814,203.71566072812797,84.18464562248343,19
128.92857142857142,221.8544153148995,33.87001899601394,181.45985198752393,64.46157532080741,19
129.0,220.9967866816452,35.46726524850199,195.12508008035064,65.88909971117738,19
129.07142857142856,235.76143817644248,37.04320862701453,202.25323507179382,71.74739981881659,19
129.14285714285714,243.60499104286754,38.121375039509815,211.65960681395768,75.26938725110702,19
129.2142857142857,264.6949017007062,31.149188725626683,229.8143296650343,82.7018968204892,19
129.28571428571428,290.7777731336707,34.84300472465114,245.4945415185707,89.49629946367979,19
129.35714285714286,264.2576802488414,31.932248240717502,224.24524729267984,75.65181390373135,19
129.42857142857142,267.468251686985,24.17050473737613,214.84528011619904,66.24948035156622,19
129.5,302.38294832692753,22.26456182892398,245.54702803871444,84.0197563932141,19
129.57142857142856,251.02724147180422,25.612991325834503,221.58052383836235,74.75836897455497,19
129.64285714285714,272.00302839627784,26.826244023270416,246.4755578940155,81.18376123404728,19
129.7142857142857,276.3181815513364,27.34414812816569,254.56502338670703,94.72989567060505,19
129.78571428571428,268.08430970562017,29.544011549957087,233.84517961887278,78.31594535043789,19
129.85714285714286,245.89607422053902,31.35716247327327,220.45604773304584,77.1132451677589,19
129.92857142857142,236.27328419731523,26.15858259996552,227.61626996027243,87.03830833907907,19
130.0,231.41129684023124,24.978767729765227,221.03030641627493,84.93186144707492,19
130.07142857142856,243.86097855556483,26.197393237541025,223.24478910645763,79.7000172594995,19
130.14285714285714,224.71689787312567,30.13616435934267,209.6667552913209,87.52800372736958,19
130.2142857142857,254.59110973061635,28.379527193117543,220.204226755273,84.77279948267767,19
130.28571428571428,262.1222920386998,26.49479398060693,212.25573138368463,76.23238755636203,19
130.35714285714286,256.17867031251035,27.344634890680897,222.09409010621906,84.5423300838932,19
130.42857142857142,269.31818638246557,32.75133544845703,226.59237796618413,85.18746124717126,19
130.5,261.9248574762279,31.77327811536968,211.0526720333934,84.99066496876117,19
130.57142857142856,242.25283453750404,27.359039128542676,133.85342517295342,18.433532381167563,19
130.64285714285714,234.21709902905488,30.549404462468715,200.12401433618805,77.76539839172086,19
130.7142857142857,256.6534771738206,27.15610730464068,209.34377169540545,67.77748470057179,19
130.78571428571428,237.3724314401876,30.241982007817324,208.40100782801767,74.32148536829561,19
130.85714285714286,217.57810353293334,33.12627047980902,199.6655076843919,79.3706117001308,19
130.92857142857142,213.395464466713,33.16023584195149,193.16668873133148,74.12046996021706,19
131.0,247.3068744501157,32.45926681232269,222.0971694519482,80.94379447422733,19
131.07142857142856,269.9424809812727,29.18784483188549,236.37852778819018,78.8310144544455,19
131.14285714285714,262.89848803428254,24.48732467160252,217.73246103135958,59.860952317053744,19
131.2142857142857,253.2478650234656,25.905884764500577,221.5806569377595,71.07688703898582,19
131.28571428571428,243.04430769446918,29.37812192760035,216.18471288507658,84.53800486081862,19
131.35714285714286,240.0153933772967,28.25634623939326,208.17322187375532,74.43582054168824,19
131.42857142857142,256.98997260421487,28.027701023243726,222.4602676723234,79.15331989921997,19
131.5,268.2116915631928,26.50634184609248,238.75610934255025,85.69918285346014,19
131.57142857142856,226.18870847098535,30.82664599008018,206.17491289168024,85.9718940696918,19
131.64285714285714,254.76221075479484,27.79730816112981,217.14054002386695,75.9631724339051,19
131.7142857142857,261.63054127050674,24.204725275490812,218.97339077556325,73.64447040849018,19
131.78571428571428,249.1374198717005,27.2065006753092,214.37543566881988,80.42256459702558,19
131.85714285714286,212.01294099235895,26.23785892899522,176.60423746247116,70.08873948620088,19
131.92857142857142,206.53746150759977,30.114845403550113,180.72690752570455,78.13638693602421,19
132.0,209.76284916488495,27.58612658742894,184.08896497016403,82.97577287148815,19
132.07142857142856,188.5697824827789,19.26351130575366,167.56231398901167,67.12916579041594,19
132.14285714285714,180.48823912029502,21.95454189375502,169.0463070520964,75.13782097101554,19
132.2142857142857,196.33070242201399,26.1080134769279,172.95382831148416,83.89316981047372,19
132.28571428571428,221.73015467573026,26.936454393928187,200.88229579025193,82.07414602980954,19
132.35714285714286,226.00883366467195,26.655068117615127,204.995578854295,81.93328246184437,19
132.42857142857142,211.20034457567746,30.913955467610727,199.43935919506617,83.68288325590987,19
132.5,182.9004379890394,31.535494801421425,158.96885432353454,61.280606719858156,19
132.57142857142856,188.95592117765233,26.549539066422145,156.3415748186448,50.57975893156705,19
132.64285714285714,201.81993679127433,31.040022606710615,183.98448943612968,79.29146427870164,19
132.7142857142857,211.90143936568901,25.233725245540104,177.84651179197027,69.47138589786985,19
132.78571428571428,219.67884062198448,32.157679869651595,185.17381905117918,84.42498407225611,19
132.85714285714286,200.06588631819338,30.190982970945594,174.8782723595278,78.19228693318813,19
132.92857142857142,188.1629508759099,22.745424444455185,152.48930555014633,57.91446307700164,19
133.0,200.06983404092165,20.122509407682642,144.79404624372927,48.29875370038411,19
133.07142857142856,218.45796565583473,22.49511825688614,156.45470593911176,50.66002750266854,19
133.14285714285714,258.2039053834162,25.610982158076578,196.89858616361423,62.57022893589749,19
133.2142857142857,264.56812266170505,29.718422289690395,212.00812470135864,77.84276038434464,19
133.28571428571428,259.70297329642466,30.536694258223793,210.41515474826235,79.9614866031576,19
133.35714285714286,283.7927960562816,32.59385515114966,219.6236174450651,110.85168155259895,19
133.42857142857142,275.9651179965525,24.39962751006907,210.00368084182412,91.06193451297368,19
133.5,267.41060990471925,25.926949775897626,212.23989523334444,86.44880652548677,19
133.57142857142856,262.99663939137497,29.306127641428738,209.51685773235005,88.46911407550236,19
133.64285714285714,263.231452687596,34.71230340070287,207.8713201609296,82.31096188605449,19
133.7142857142857,261.6776848064279,31.167824689046945,170.72465642685071,47.04538468699781,19
133.78571428571428,230.94823542994618,31.650520589431828,150.69566985019895,43.62933018906217,19
133.85714285714286,209.87793844744564,33.49223116753358,109.55691317187483,18.86852518059158,19
133.92857142857142,215.381038462836,30.49311639012513,114.53273795544327,19.697809541905293,19
134.0,204.83521267069779,23.956324200220145,107.4566571629492,14.101375833525175,19
134.07142857142856,216.84777271304878,20.545587229176746,112.76214448461415,19.770083935886202,19
134.14285714285714,215.9417577075292,21.58501198866743,119.96583217509068,21.67177575463245,19
134.2142857142857,219.2355473528838,27.32325219019756,129.25035903387217,23.751226932628896,19
134.28571428571428,214.4443414622011,27.98871611377702,155.21919564050486,32.66321572851997,19
134.35714285714286,220.46057378243333,36.52899457757033,151.04295516387958,36.80617185121781,19
134.42857142857142,210.8469912133156,27.610605657125447,145.2934404785172,31.14032436895159,19
134.5,206.03632186989822,27.242747086649093,135.76111793900236,26.6652389484896,19
134.57142857142856,191.44140113723006,21.029552171830343,112.32691281981462,21.044044035854103,19
134.64285714285714,208.6682687070765,18.397932249975053,136.48667684437365,30.49004178950489,19
134.7142857142857,240.86108598167473,27.86824960177509,162.54638364502395,38.36357178097986,19
134.78571428571428,271.1190181499706,29.423180227472947,174.96086394066592,36.08560786734216,19
134.85714285714286,272.70664282045806,23.355061593015208,166.31646550637424,33.603012656184944,19
134.92857142857142,243.9491963174529,23.34004098645082,161.72166949656076,37.59174282710537,19
135.0,224.60190980959632,27.11213316007295,160.60965066682405,43.323517400504215,19
135.07142857142856,253.74003304979774,23.97931143786398,198.79087977141398,53.94072143349521,19
135.14285714285714,253.35461537122413,23.432513760784506,203.58375887648415,63.539389685218715,19
135.2142857142857,246.67403333380898,22.1963234042213,199.9623759044846,54.699546378423214,19
135.28571428571428,245.1154228016526,25.54668047397114,203.78752947915302,57.29602764867418,19
135.35714285714286,258.99334179967104,25.09769093361263,226.22118140382494,61.38928797399274,19
135.42857142857142,264.48637319064954,20.753455619703796,219.3306216877534,54.4588076400052,19
135.5,255.82042965457643,27.30406818769901,195.76916263818524,47.15938685193783,19
135.57142857142856,245.7505750610946,31.981281304043552,196.59722061645024,56.2415446387943,19
135.64285714285714,264.4760785584828,28.00769684532005,203.9436386855293,72.04026948839527,19
135.7142857142857,247.82053594851874,26.621236255343327,190.31734354341182,71.89705706453962,19
135.78571428571428,249.69540857399215,31.701600220173365,189.82071316526162,82.48863315753478,19
135.85714285714286,255.62331286226137,28.110508758645754,197.95960834898,70.27218901042527,19
135.92857142857142,258.7513626800615,27.866523105033977,183.58509737479466,59.82104548257569,19
136.0,270.9019981012131,31.778284363468575,204.31417206998697,72.95138674755022,19
136.07142857142856,266.6937168939605,31.090619642029726,209.6854551897329,83.01140173497278,19
136.14285714285714,291.1459261538242,27.039018259414608,226.77116997612163,73.4945398924791,19
136.2142857142857,265.59840593822423,26.35454713354165,215.39960299037327,82.1941993724901,19
136.28571428571428,227.69327302915275,24.81878328961285,198.83882872355693,82.6061066769012,19
136.35714285714286,236.46547938072274,22.79778820516746,184.0688635856044,66.33945063087315,19
136.42857142857142,252.07433138671453,19.04619128209702,193.70887521849397,57.221264190383565,19
136.5,256.2780767724999,24.42775828234743,199.9128214390716,66.8744120860136,19
136.57142857142856,258.739410020167,26.755524273715398,208.68841035102955,73.25069893615085,19
136.64285714285714,249.44714294452038,28.51710470078602,190.3379010247567,67.79438110508164,19
136.7142857142857,265.1004712924028,28.629507347344408,216.89892549976963,80.85757654388203,19
136.78571428571428,236.1088507313752,27.595032388065302,192.9731024127028,74.64135626968923,19
136.85714285714286,219.16868832323482,24.888663364033505,175.37252135112735,63.9328333477168,19
136.92857142857142,208.32495628312992,26.694812462591127,176.6925913220951,74.72340745007456,19
137.0,231.79479580241863,29.01345757572734,194.23833061713023,79.05431565283905,19
137.07142857142856,233.2479113179685,24.94679765408655,176.67256568500986,63.070466643833306,19
137.14285714285714,231.73588380597207,25.48318451114411,183.53875462717616,71.06094845536542,19
137.2142857142857,220.88574575339504,24.486182318629986,179.05902889321538,67.70454425857716,19
137.28571428571428,198.5998324197404,25.561259550655922,173.30438658117149,64.61737849180359,19
137.35714285714286,221.01703794836547,26.567105751363442,194.04242061948884,69.70921907635395,19
137.42857142857142,236.55541546869503,26.672489973174773,202.62995764131009,70.75333556791254,19
137.5,222.7509183497075,24.77457740368589,191.70594072263594,68.08282629247314,19
137.57142857142856,189.99006755526915,22.77839725211729,164.96504088117354,65.3700477231777,19
137.64285714285714,197.32584513410498,21.636148729913593,170.5293738719235,73.35231967092909,19
137.7142857142857,230.70857603289022,21.02929648984638,179.25720539485044,64.71469565630342,19
137.78571428571428,234.0900314132182,19.816484823143885,183.69159801955695,61.47835413286145,19
137.85714285714286,231.46870095504394,23.853527517983157,201.69068272832246,73.490012212209,19
137.92857142857142,234.80987182350725,22.467524721275613,195.28124564260384,63.98678354900982,19
138.0,236.97977805587846,21.662747257754468,201.43243245852628,65.85058905213201,19
138.07142857142856,243.72006980042943,26.174565608056334,217.67079245296858,75.0171104505972,19
138.14285714285714,233.0943022274542,24.329132035020624,195.1683522413799,62.8174595370396,19
138.2142857142857,231.8291031465148,22.531268394264565,193.33325310526138,60.96159909170835,19
138.28571428571428,210.3222923507567,25.219252910760723,179.09033088064703,74.15162038236646,19
138.35714285714286,197.86367594479626,30.050749938812306,168.33891263554864,78.78951585580174,19
138.42857142857142,198.66820117433426,27.262201262368812,169.1259319758954,71.33407818828766,19
138.5,216.37424870184137,23.669645315735135,184.1774156764305,74.60336988437564,19
138.57142857142856,229.48388264609602,28.412493101239154,193.14214383780737,74.61729607448616,19
138.64285714285714,253.73988550015753,27.87042861175449,203.2614482533028,65.45756816917078,19
138.7142857142857,259.41287569270236,28.916186013070984,223.26261338209463,72.50966875660794,19
138.78571428571428,277.08209864880513,29.497710121375164,225.35985298002964,66.25717599195721,19
138.85714285714286,273.1500370813963,32.769688408607315,215.85862233360226,64.16562656809867,19
138.92857142857142,253.88105496008683,28.861283974230222,198.97585521837004,63.9702466750922,19
139.0,243.7597581771463,27.978121420362953,188.26461123922604,65.21680447532003,19
139.07142857142856,232.58342257814223,26.422088919738936,186.33854683961823,60.98793939487283,19
139.14285714285714,257.0410799954856,29.400084811495326,210.09383684093035,71.18519894228257,19
139.2142857142857,265.0465077199188,32.19426253323771,210.11053534748606,74.85810892937558,19
139.28571428571428,260.2463746971537,36.764910474823914,189.89924053401404,67.67392720856859,19
139.35714285714286,252.97045085740072,31.60940733958723,198.28456641320835,69.142173378237,19
139.42857142857142,267.9689079404997,21.606867577994464,214.10493901441677,66.71272620220248,19
139.5,230.66300387276758,22.341657378944934,179.2158554728542,55.54997176981914,19
139.57142857142856,199.87260844468665,28.04545989542177,177.54278574565743,69.54883764874818,19
139.64285714285714,198.05168209758355,24.634504140037716,175.03782658945062,67.24032747351333,19
139.7142857142857,225.6241829281839,28.813117595090873,186.59062865023205,65.16099716243964,19
139.78571428571428,251.43672031699498,37.23377806686469,238.29678388238167,93.82055066717301,19
139.85714285714286,244.48351664361223,33.55428527048585,213.37562082052878,83.14138644742381,19
139.92857142857142,211.45364926075186,25.701024643441503,178.81702185477315,57.96004666346194,19
140.0,222.72385285149014,25.632503513627483,178.61816516603312,53.89058018301669,19
140.07142857142856,216.66135761339146,30.1601376295687,184.81973437410946,68.29801530017906,19
140.14285714285714,197.61486299782737,33.034399108468214,168.51282385453484,71.29389613683396,19
140.2142857142857,191.91370818272702,31.575944982643147,159.48560803090194,69.39206546914147,19
140.28571428571428,213.40364852122318,30.714495633055485,170.31622812717515,66.27573846751949,19
140.35714285714286,242.79053501621368,32.25558961543059,186.6363256647116,63.7104220827163,19
140.42857142857142,253.88075433009,32.15390318111798,184.25469154248867,60.778003597955205,19
140.5,224.14640816452393,29.118273245035674,186.12300168227375,70.99666502699823,19
140.57142857142856,204.918437911142,29.16528755064702,180.56085840971247,71.69474172946933,19
140.64285714285714,216.3653227556401,31.587216470332073,196.36896580038498,79.93197586350773,19
140.7142857142857,211.7837257553048,32.23383302432544,187.67010600938596,74.44934880536088,19
140.78571428571428,220.99544973102033,27.861479701069015,192.77235177088141,64.87081708073347,19
140.85714285714286,219.5243587167881,29.876440642285914,179.27875618907777,62.87340669198841,19
140.92857142857142,231.7972982744338,32.993034576078486,162.8348314790703,64.74193907922313,19
141.0,250.14837441433258,33.15930150613682,196.58939817370742,66.36345512463352,19
141.07142857142856,249.5033545861744,31.882814318601508,183.77704241485145,61.483579250290276,19
141.14285714285714,228.41174766177235,36.75688094094076,113.37747614559291,16.509993037124534,19
141.2142857142857,239.47696161730886,27.248356961795846,195.52891469547765,71.43194081614737,19
141.28571428571428,228.12590979954345,25.05257025351455,181.24596489027525,66.95199421242488,19
141.35714285714286,227.54929794983036,22.39041387071791,177.83398074146456,58.832985446518066,19
141.42857142857142,234.25324556035983,26.446223876565767,192.1326128704268,71.77489890169846,19
141.5,229.49496373921409,28.947916425263116,172.74688093354803,60.38876706331075,19
141.57142857142856,220.60374274593875,34.05384232411649,191.84707385047454,80.1679260087172,19
141.64285714285714,259.5638870007768,30.11967304853797,208.0659503103139,73.82686094648838,19
141.7142857142857,296.15639118238414,35.38737820412302,210.95963778597118,64.96872602475766,19
141.78571428571428,286.94959649159085,37.013210201677374,204.86832151895464,55.24739329115248,19
141.85714285714286,291.3681914281157,47.85446567085204,212.51665518417593,67.02361630361986,19
141.92857142857142,285.3628732583392,48.53175528394594,200.26669362691098,71.49055526620143,19
142.0,232.57834963259126,43.55727704086263,177.1280630827529,70.57387552684597,19
142.07142857142856,214.50966885304692,38.75335811089968,186.41989780774142,90.34216907270884,19
142.14285714285714,218.0259135543801,29.84213815369488,185.08479869775724,76.35541835038632,19
142.2142857142857,208.18711662705218,28.11894498114388,161.81199085236636,61.81833251722318,19
142.28571428571428,233.66614737906892,27.083207365162917,196.03008943943013,74.61345063746943,19
142.35714285714286,238.15801601454385,26.362939287629207,192.2046593118056,67.50132750382186,19
142.42857142857142,251.70810528664512,28.851548231409325,209.0243380423018,72.21880347603962,19
142.5,263.8748487005784,38.204218559647614,223.95170812303448,84.27662802818496,19
142.57142857142856,263.3415531523735,43.514482933070084,214.51077162666414,79.7551258696173,19
142.64285714285714,227.1384669331936,39.63162114173438,170.98023125516184,64.82557372538496,19
142.7142857142857,226.26087971933484,33.13416597269547,173.40140785054126,65.45700092835627,19
142.78571428571428,233.10639150157257,30.514521339002318,187.32890599966285,73.49904929176871,19
142.85714285714286,224.36088672255335,29.432176618345373,182.1543624715543,78.15428099062926,19
142.92857142857142,237.93549929819392,25.93302614618924,188.27726342046716,78.61683806654737,19
143.0,229.64067892461247,31.115436898773396,195.45828414656216,82.86855646265792,19
143.07142857142856,242.6978573372827,27.598740542547855,201.57813719393633,68.35217993756439,19
143.14285714285714,213.13167313416807,29.600637101577696,205.23032026718235,88.64400373576447,19
143.2142857142857,240.99523245720923,34.016254085433935,211.09650648376302,94.77079745794583,19
143.28571428571428,234.7490963865754,36.6326336389141,228.95475117325108,90.46192572213303,19
143.35714285714286,271.23157451031534,32.22856200455274,259.9132369565139,92.36916120693924,19
143.42857142857142,264.8716820495927,26.115563211644652,247.9052848587519,100.22793102660003,19
143.5,227.74765788874325,21.28756966068148,187.3151030697118,81.60934008933225,19
143.57142857142856,222.16876092962409,20.797431978814394,174.13542070831105,68.59834217903382,19
143.64285714285714,258.73727349645077,17.491451616718884,210.75104762364114,79.4934864393699,19
143.7142857142857,273.593387201167,18.766799308480564,217.3250947972953,74.95695434994299,19
143.78571428571428,280.83121450039823,22.908455951201447,225.14112223515002,78.07819723393187,19
143.85714285714286,255.28139564307978,23.828611948861298,202.55055481386628,84.30118208258811,19
143.92857142857142,255.37065728103738,21.220291001250562,206.3086856803446,80.50324266767619,19
144.0,249.9195186497787,23.2321984394928,187.3421105938283,63.541410233842555,19
144.07142857142856,269.2741890277819,40.620920854603725,217.00149924144773,93.21524873530791,19
144.14285714285714,268.394101078723,44.575169679506054,233.45250611066115,104.07499876146724,19
144.2142857142857,236.14425077912048,31.255838694104906,218.73871912247589,79.40689315033778,19
144.28571428571428,238.54615059143165,27.970978698201357,221.99319411629435,81.17597731319903,19
144.35714285714286,256.2508762230024,30.44201255159357,244.87598150706503,88.23191567828837,19
144.42857142857142,260.07182160773027,29.399279940861707,221.83361387227959,78.43042971119867,19
144.5,235.99612231413352,28.30083937817351,201.661835699918,68.6790794969167,19
144.57142857142856,249.2835590794138,30.423521462310735,218.47565666295992,73.64221158937619,19
144.64285714285714,245.80280222234163,31.11782051838704,210.61762393971622,77.4675175140734,19
144.7142857142857,250.63288378447862,31.43357529304006,210.145032007674,76.84682550882451,19
144.78571428571428,256.05829320915245,33.239519706701586,212.89509200802146,70.53059930061583,19
144.85714285714286,244.18687105190025,39.241543913300994,186.0073769787679,62.6396547832935,19
144.92857142857142,246.01202919175248,41.947115306400256,179.5071742002601,55.94934982639893,19
145.0,238.07785653043146,34.9868773995247,188.7442786368998,66.13937419651484,19
145.07142857142856,227.1604337126999,28.242522152516603,181.942439705814,73.91226295596739,19
145.14285714285714,241.85872551238455,36.57326042010978,207.1245069943582,81.60239614520104,19
145.2142857142857,273.13354818891185,37.47145797806946,208.71835317099695,84.34028637020431,19
145.28571428571428,248.7670896813923,36.57311385636175,190.75346952164423,76.77903744094068,19
145.35714285714286,224.50798983178436,30.676652023900342,169.79750522727056,70.16219373667839,19
145.42857142857142,186.2587341654587,23.84309870924576,147.44834017245623,62.88168207241206,19
145.5,206.04108521752187,30.623311986403202,171.941648147665,76.71910910056145,19
145.57142857142856,216.6140837239541,32.709684676393394,177.56843441853144,75.97228834574912,19
145.64285714285714,205.93892422478,30.47233700709839,178.26846662714442,79.79015641311098,19
145.7142857142857,219.608537200063,28.588629152367346,174.05793081314542,67.66423264415955,19
145.78571428571428,231.16572154009106,29.68054235748048,185.9180944004919,69.5197180921728,19
145.85714285714286,250.2436385421106,29.559024615312435,194.7909349301479,69.52807900667825,19
145.92857142857142,247.01613489111114,28.47311878928996,192.607403919475,70.889585933801,19
146.0,235.57979478920322,30.14979016032375,183.48836084080605,75.99565653890701,19
146.07142857142856,235.92837763796678,31.756136838853603,187.8960093002106,73.85128022703667,19
146.14285714285714,246.0526192356738,30.059908134074863,191.36069740192346,64.3348320776981,19
146.2142857142857,259.8891586068797,30.87483751316107,182.10085843434877,63.298045238020784,19
146.28571428571428,247.34869596931995,33.97087517544647,203.59644433010723,80.32329058948238,19
146.35714285714286,226.94767848502917,30.432199608555855,187.9686805633941,81.49589743610349,19
146.42857142857142,231.12538291604187,27.538927545269804,188.46287421371815,86.11509843096603,19
146.5,220.48761134603373,25.346038562567948,170.02066101988714,58.43212298470385,19
146.57142857142856,219.12611691004045,26.008508927502128,167.21107125642934,65.73987654234392,19
146.64285714285714,222.15023021081248,26.710105596344818,172.76517542586143,63.296106307651186,19
146.7142857142857,242.63115635888144,30.036782973847306,191.5893608310817,63.99244193573425,19
146.78571428571428,260.06984652641,30.65215336559628,207.76668202971914,70.45284041006049,19
146.85714285714286,246.1331659105405,33.28816474811953,199.65487434575152,76.32121726962387,19
146.92857142857142,224.47342028918843,27.349560793359366,174.92065830362404,77.50703952004156,19
147.0,191.64109789418018,24.847048892883755,142.62327871123276,59.14042152966916,19
147.07142857142856,203.93018877261684,21.920233685160166,144.86479911999908,48.1782556286172,19
147.14285714285714,208.6019408983272,30.979877935504,171.9866931147427,60.039031183659866,19
147.2142857142857,201.65680313749763,31.576941818471745,171.8276968479761,70.97562024274045,19
147.28571428571428,214.41608569064698,29.561178018721762,198.91506397308686,91.74108067255746,19
147.35714285714286,223.85799345449334,30.797279880817857,193.23786879740962,88.29309275740526,19
147.42857142857142,219.17074912484992,25.551828252419583,174.76404199731056,70.02706171921768,19
147.5,210.00541998165477,27.64949582329308,154.8387906908033,53.522113930956046,19
147.57142857142856,212.47729140644267,24.771798632773603,145.92687940099944,36.45742077267023,19
147.64285714285714,203.89894316612717,24.584641315453425,138.40723987227577,37.59749173376951,19
147.7142857142857,231.96976736303787,20.725897717667944,176.27786035355422,59.77810381219473,19
147.78571428571428,225.13972912454892,26.39790427015949,195.06353713895706,85.1220227283283,19
147.85714285714286,219.9763207844006,26.75263976808624,193.82932804091632,82.85011658279949,19
147.92857142857142,202.80081677129445,26.64647322592457,178.48137146633533,82.89722131220867,19
148.0,184.63039206761084,25.404977426330877,158.28510470267463,63.564290295869135,19
148.07142857142856,188.479369133466,29.893974424675342,164.35642578151953,60.102688795903155,19
148.14285714285714,199.8846414634211,34.602217593253805,183.07303791418366,71.1403941678243,19
148.2142857142857,190.50319627866295,32.42606455970088,200.23669513167826,84.16625181075554,19
148.28571428571428,195.66073896020367,32.39701517302697,194.25435222199505,85.00100526188263,19
148.35714285714286,180.58271892427547,36.29154873522248,190.3505099645217,109.11068799508287,19
148.42857142857142,158.71613205240843,34.715875620867486,196.39866826876496,106.99845148194248,19
148.5,163.09727941078427,28.569583105496548,168.4320054638078,79.80942427385314,19
148.57142857142856,177.05654123335887,26.047276002806527,169.60564052029852,63.556416894439465,19
148.64285714285714,185.5375795719808,32.632016551266275,165.4556273893332,54.775629883608765,19
148.7142857142857,204.50994326331346,35.58657598387337,162.66770171262306,57.28371884934548,19
148.78571428571428,216.7616496371051,35.858189108208514,185.68582575491868,67.72827673534334,19
148.85714285714286,213.25549483158696,31.83192551266513,180.69794137226137,72.50990732285864,19
148.92857142857142,192.02081949772608,30.084032530510292,172.5336448750495,74.7644594937077,19
149.0,172.42431380711392,26.886613573848233,142.33361868233203,50.867340215219606,19
149.07142857142856,202.67748459280492,32.2847663956449,142.24395338784373,42.52494140497336,19
149.14285714285714,177.06710484947172,34.96537012965136,158.30786875022335,67.71496046504689,19
149.2142857142857,233.63810748978958,39.56024110876668,183.98398687312906,71.90571039720575,19
149.28571428571428,262.14950601061054,38.77837046249635,219.0251341754152,82.28878313963047,19
149.35714285714286,265.6331141116575,36.69970260625545,219.9486553116803,84.25860424008891,19
149.42857142857142,267.42837407192667,42.77254051882124,219.30422993452714,88.38476227504117,19
149.5,268.25377402977216,42.62584411344506,227.38100930830177,99.55197202622269,19
149.57142857142856,257.5238726931597,47.07357012748444,205.06438643057993,79.06079497689096,19
149.64285714285714,225.27183987499086,32.19920242264127,175.48896957175327,69.30957876655094,19
149.7142857142857,210.73505467618452,35.29216990636778,177.28043548627295,83.32951450663995,19
149.78571428571428,204.4995148963274,35.093707280879165,177.74842748768967,89.58222736098482,19
149.85714285714286,242.09673436987163,38.876541668084705,218.55031348492872,96.31215716065402,19
149.92857142857142,258.31657712332856,40.984131418062034,226.70287005638102,93.99469519349948,19
150.0,252.73979741523436,32.601027252188416,209.36339563857143,77.90744132170364,19
150.07142857142856,252.09425159471496,29.812048999831614,198.2691935901102,72.83043385339454,19
150.14285714285714,254.68124499271738,27.520129424920125,208.13994487644447,71.95904697108679,19
150.2142857142857,246.7240424357258,28.360647095911858,207.57062758520456,78.74843162649955,19
150.28571428571428,237.0063301768825,34.23239481332392,197.2906806320752,95.15004846552614,19
150.35714285714286,230.51233641966843,25.32423113360028,190.92480731680257,75.31607393174347,19
150.42857142857142,234.9428004138225,25.949322950161704,189.00590935283157,70.70986387303601,19
150.5,218.43246029026727,32.28061918679856,183.41799043154603,78.95452602923193,19
150.57142857142856,226.93553271078778,33.38945174208557,168.26261926226684,65.12900473715433,19
150.64285714285714,221.47902807507236,30.706528445880053,177.3580125371496,76.91792716456106,19
150.7142857142857,218.9107390303699,30.766772883238076,186.3400079700835,81.07310128064701,19
150.78571428571428,213.29604474648204,33.425006343124856,181.24614092282576,77.21955515093065,19
150.85714285714286,235.09257681505872,35.412426074084884,199.5389324121453,91.69864798462541,19
150.92857142857142,230.44395884658024,31.938400650066992,186.78773616198808,79.5655082099283,19
151.0,212.64698124367715,32.61983437881147,187.72649401872874,74.84787824874631,19
151.07142857142856,234.18650803065506,31.856545525588263,198.88064602771863,78.44853005118729,19
151.14285714285714,239.86979748967224,33.24761762189676,198.01249907350893,77.9266355997911,19
151.2142857142857,243.38353871734083,35.81420173807226,229.38002730267473,89.00513559011277,19
151.28571428571428,220.77654152043215,29.393612695055094,217.26163040412106,95.76679975332101,19
151.35714285714286,242.53447570435736,33.33199973455001,230.82802567726904,106.81329690410732,19
151.42857142857142,231.76789744972186,40.11332388085688,205.75846926628262,89.05960049138625,19
151.5,214.80130546778005,37.664246325892236,176.84716625130844,75.15701067898743,19
151.57142857142856,218.2753775897268,31.751141984943235,186.95241359356075,82.63221871899438,19
151.64285714285714,210.74827085298068,26.930504494971448,191.48661739247186,83.28677989589492,19
151.7142857142857,210.1957929379537,35.325465442432275,205.10861120163537,98.56475572369149,19
151.78571428571428,244.3196732154458,36.60942454648173,225.15971794700684,113.01924419970135,19
151.85714285714286,251.18423095733897,29.05133917347125,211.35942890869777,86.8190859914358,19
151.92857142857142,263.9139026838177,20.852280574617428,230.51277110159893,78.48257584620659,19
152.0,214.14201766550102,29.910345604951054,196.51662361188835,92.23639237795794,19
152.07142857142856,217.59140582959824,30.646387345246588,186.2998834606274,78.287061962046,19
152.14285714285714,220.03668122305967,29.267438607003015,190.25880391746747,70.59208769227395,19
152.2142857142857,248.45263659101903,32.02374620002895,209.52039822925568,85.82751499187391,19
152.28571428571428,215.21488869454137,35.137408142813804,208.38992774313266,93.19094642399962,19
152.35714285714286,190.29544926307238,30.2357527858271,176.36495244578623,73.30748796586403,19
152.42857142857142,228.77439992016278,35.92377756940257,206.6444891929132,85.64264972274874,19
152.5,213.60007497682156,35.45670172440187,188.48324518685087,82.36903183777419,19
152.57142857142856,212.36178052783288,31.313485111384846,183.61284152596278,74.2907278479938,19
152.64285714285714,225.94388603175938,32.63233702967337,213.15182114366743,79.94645667704302,19
152.7142857142857,246.16487684823736,34.39160187967095,221.72394209539652,86.90016267949102,19
152.78571428571428,239.6812167217564,33.409976010899854,221.67596226092894,83.53736578832032,19
152.85714285714286,236.16949198482175,35.42022139173104,211.73306276664934,71.09941347745747,19
152.92857142857142,262.24129485073877,32.650143498683995,236.89998967752376,84.76698115635347,19
153.0,223.30934639590046,35.461607384935306,203.79791418514728,83.92027453202915,19
153.07142857142856,213.15392843297084,28.79697950857254,177.18240161520148,65.13156197942669,19
153.14285714285714,214.11790762175934,29.294498484952737,188.97429474947697,75.94917524116988,19
153.2142857142857,200.0724027840682,37.733358659535654,190.8621803382863,86.59533939845947,19
153.28571428571428,216.64044200070043,32.04874628744308,193.28176013618253,66.46800325936974,19
153.35714285714286,219.36858612638244,25.350625531225436,187.1537693101275,64.71423521512322,19
153.42857142857142,222.35144489884976,30.9957936896369,188.76562542039306,76.56109841061198,19
153.5,222.13169161906228,35.76196059699997,189.86449115279382,73.23087889071897,19
153.57142857142856,244.9966262345739,38.74467862369057,210.1241770705564,78.39474221305922,19
153.64285714285714,276.32674782259704,44.118484444031566,230.71997417287807,78.535553725433,19
153.7142857142857,286.5988496676046,54.21273395311111,223.16447027550223,73.76784853202643,19
153.78571428571428,297.65530149039955,68.16615913357299,240.9110400059325,82.67111859131685,19
153.85714285714286,288.9366735155792,47.359807619066586,232.76098466947087,78.8756831879064,19
153.92857142857142,240.77610648969025,38.427813191003764,188.40425469597866,83.79321038081801,19
154.0,218.66070387455122,23.559300781383904,201.79519398852028,90.26138147890293,19
154.07142857142856,218.66552223674063,28.95192376658629,198.25104201837027,84.37160925693578,19
154.14285714285714,204.92260361949076,32.86345840850963,197.86872699868994,81.39672769434443,19
154.2142857142857,207.32758517647886,34.37507264839559,199.40883806368657,69.72427710400082,19
154.28571428571428,226.69057099298917,42.38756902230433,196.2878443910399,78.98050369455675,19
154.35714285714286,230.52863298736497,48.56340875470378,208.0857228102775,88.50469005431523,19
154.42857142857142,274.7249967944329,41.42966681304241,249.22903509562002,81.61112087111157,19
154.5,242.30821649590152,34.24372358104006,243.16160496958722,92.79686651336304,19
154.57142857142856,239.20072211542933,29.3613030286163,240.41035154266353,90.40306802523197,19
154.64285714285714,245.57777178982107,31.58152122832693,226.68891840516667,84.13890808254489,19
154.7142857142857,234.44388497016558,34.63769834274818,218.24293087283272,83.02424415981262,19
154.78571428571428,247.70000704245862,31.915679036145814,217.2591411289695,83.37004362138113,19
154.85714285714286,225.06596022926354,31.505190331132937,191.2230051114445,73.5445519442717,19
154.92857142857142,199.75456614886411,28.902522623971457,169.25101120204073,59.28567633462145,19
155.0,186.1622737496469,31.69981887424158,181.09331256232286,81.85665820690964,19
155.07142857142856,202.0619493227763,28.97407263645653,187.4989243415226,73.77397085458529,19
155.14285714285714,245.71554479264069,26.08656637330548,205.60422243692247,64.87791583144859,19
155.2142857142857,259.4386675543101,30.325452753544713,216.68308014374415,74.33854326824114,19
155.28571428571428,256.67887602390084,36.57171632916422,205.5621437216328,71.97385174554128,19
155.35714285714286,253.21429333471877,36.66328916737562,186.2956884022572,69.9811047926001,19
155.42857142857142,282.31353167359697,42.200868608939025,209.35648070757836,82.81287108331097,19
155.5,234.45250090138504,39.08739344294565,207.66382133701762,87.52338075331143,19
155.57142857142856,215.7288791719554,32.108945836053394,168.23317111643559,60.91108015157165,19
155.64285714285714,204.51873410417588,29.60776740225663,168.50656638915999,68.18279198655263,19
155.7142857142857,211.62446816059327,35.08852697962589,173.31532311913708,74.26151445370441,19
155.78571428571428,218.215566316493,34.69181919031083,176.69070720273663,71.28368241612452,19
155.85714285714286,229.66673494296214,31.594290165608662,185.78376506755328,71.8866348956677,19
155.92857142857142,270.4670523194899,25.224750283559125,221.79803144520707,77.94053996226341,19
156.0,266.65317551981656,25.802712392183057,222.89772569050143,74.61618622721116,19
156.07142857142856,272.943824420386,25.246897686618087,199.46125266462772,59.09633079310082,19
156.14285714285714,281.8610406864578,29.05386012252312,198.31869123421708,70.11763315021052,19
156.2142857142857,279.52049147592265,28.774694869166,192.92671121955289,70.55056266547392,19
156.28571428571428,250.88763009296017,25.13200216336013,199.1724854114765,72.39448373500872,19
156.35714285714286,247.37833638004983,34.510101154067996,122.0612332156897,23.381871194988786,19
156.42857142857142,244.7655497909053,27.984554147510973,175.38165742337065,51.53850951730862,19
156.5,228.49415432631125,27.01772465923251,144.62865444932373,29.75363847517546,19
156.57142857142856,236.36971954611982,26.82794528641489,182.80691550103873,61.78243223621356,19
156.64285714285714,266.3169174832336,33.52931638044465,209.13652434735312,68.62153877107686,19
156.7142857142857,253.7135256130899,25.33753996056245,209.57451297624772,71.08050330729917,19
156.78571428571428,246.7233108175743,32.541429594937284,191.50667538348236,70.0989605679127,19
156.85714285714286,257.69748947032565,32.2329235038818,132.64734360432823,17.321865681930777,19
156.92857142857142,255.75548280576953,34.24070569319085,143.5843722627102,25.735025745469716,19
157.0,237.86454212988906,31.558007799184068,134.75404209629798,22.765218756682234,19
157.07142857142856,235.31001287037995,28.037909064479166,185.79023832916658,62.15976933972159,19
157.14285714285714,246.87508149197123,26.92271120437069,201.54958213743367,67.72704352720258,19
157.2142857142857,236.7647911227227,28.241614968667452,194.41472589576532,72.0493213569616,19
157.28571428571428,226.53391339099161,23.289158480459587,197.8101804243056,69.48233313230543,19
157.35714285714286,228.97331996093712,26.64312009795298,152.31572155669005,37.285850216800775,19
157.42857142857142,249.35272028180546,25.873796205823467,150.23885256529425,24.296039186952278,19
157.5,262.41099958090626,23.813496332896673,149.33123023313166,24.984843300975204,19
157.57142857142856,265.35399172744286,22.46629964410169,146.446414600816,20.273768994316967,19
157.64285714285714,258.9405049998948,23.759652031672715,200.5137430181826,65.12439342284809,19
157.7142857142857,246.1083581188667,17.644151861634036,138.9839119812009,21.081050369504116,19
157.78571428571428,229.47994695894118,11.804269193771828,135.1517187895941,22.699088622209665,19
157.85714285714286,252.61554457422625,17.627012418813095,201.36713176586477,60.04675311983491,19
157.92857142857142,256.1357570070973,22.046249305638753,143.45683841633505,20.444587080238147,19
158.0,279.7965998321172,26.56615488898127,218.84902008745587,79.95959614513785,19
158.07142857142856,277.8117895683073,25.407418265961123,209.75649947872083,58.17970149712911,19
158.14285714285714,260.1412093718931,24.339688592520268,211.97703849997905,68.58696803652502,19
158.2142857142857,198.24423782406677,24.822612232129917,114.0741209942283,22.59116043074327,19
158.28571428571428,210.4200480654292,25.438314735671465,117.95538776045056,23.684427155513983,19
158.35714285714286,245.40801784348687,22.461308985007182,211.33140793121,70.94145647136298,19
158.42857142857142,258.5895239403701,25.66394563071273,236.86178953706394,89.08805930172758,19
158.5,272.47682488590965,30.122636767268066,248.69174850830632,91.69052233079051,19
158.57142857142856,286.1715979777976,30.33319336567265,253.34223310761234,103.41721314184227,19
158.64285714285714,271.0117482405467,25.13640192243405,219.72573819199212,71.7144340917146,19
158.7142857142857,256.1937757166626,24.977883300087957,158.11793862329822,27.632477375851746,19
158.78571428571428,264.87841705730426,30.24424828012999,244.5944994820263,88.86481431707264,19
158.85714285714286,227.1121021217933,29.999360637270247,205.69476207926053,84.21894272350143,19
158.92857142857142,234.0075909601652,34.633388168448896,228.84406394904357,105.77064284251334,19
159.0,220.54449145167277,26.672692791117935,120.53682526867361,24.938960286731263,19
159.07142857142856,253.44845308627407,33.29524165088473,173.02050152342446,43.715994151143484,19
159.14285714285714,272.84319266681234,29.39216454731326,178.350191357604,41.468273103463076,19
159.2142857142857,258.0992409871188,27.556140828462457,157.34862466291813,26.98424856860653,19
159.28571428571428,239.84105881239006,32.946883130140826,208.9043427346713,88.86056364224348,19
159.35714285714286,265.87986929089186,28.70878697493627,221.4501200403099,92.48646301226877,19
159.42857142857142,262.513488790095,28.950348842358732,229.80843676270874,96.90141032225367,19
159.5,220.62850774212575,31.81019536055057,196.51837923288593,93.60532743684615,19
159.57142857142856,205.02395929336777,28.884541446600668,176.43485195159434,88.87726371701204,19
159.64285714285714,220.25260239920243,29.23646934901394,201.01631179784246,91.2119036037547,19
159.7142857142857,240.3983608971482,28.58745811825682,214.36852290513144,79.29134755046415,19
159.78571428571428,244.99387366575309,28.625680772862857,218.54419469623343,84.42345848154764,19
159.85714285714286,250.4627936043755,33.42382470785469,218.90323106710494,94.17208079131849,19
159.92857142857142,256.0746250238391,28.69000864010109,222.16459856503937,85.76758753277905,19
160.0,288.208029442935,30.792443742086935,266.3185777266519,94.36612850468671,19
160.07142857142856,301.63346513542746,38.67102654914226,291.9827642437838,122.34113556223544,19
160.14285714285714,292.05382905864406,34.5907241775432,270.11895872579095,114.40673842854993,19
160.2142857142857,285.46711268683833,36.90584119180803,281.6203335378378,128.58253989432563,19
160.28571428571428,269.8124059578635,27.76503682604849,228.4741654594016,86.39382008170966,19
160.35714285714286,270.0720241971695,22.04159363522509,231.14085761128345,78.61806746283818,19
160.42857142857142,271.00982730473885,29.88707274388523,229.31217859337133,85.37666188003922,19
160.5,246.7538867309817,29.982019149825398,218.97825211530156,90.47943854191709,19
160.57142857142856,212.0915747911708,21.080571451143545,183.32317794674083,70.73518969628017,19
160.64285714285714,213.02458221367232,25.209283827319506,208.75412067277236,85.71844551676828,19
160.7142857142857,230.98669301348338,29.92763097729139,222.39964626785854,85.67171686954593,19
160.78571428571428,229.07098358362697,27.688724664033728,148.66282237682088,33.746647724657024,19
160.85714285714286,227.41096864246418,32.19446796015283,222.36285529291328,88.64869637020992,19
160.92857142857142,223.97924603642952,33.06584893754876,220.60741948756296,93.77456635941711,19
161.0,232.0758120240477,29.525541390420205,223.26585759932684,82.24990213426791,19
161.07142857142856,227.20762040242457,27.211377044483342,211.51902009890944,74.9040724492547,19
161.14285714285714,209.53734894496975,27.87895340188922,179.68973403237803,72.6304025724938,19
161.2142857142857,213.5696301970747,31.865631247016573,177.2563073877423,82.58819410545188,19
161.28571428571428,237.31251801821853,31.989899643304177,187.32463146416913,75.48815669397702,19
161.35714285714286,214.6775994620215,39.572070103406254,235.33793276298246,115.51755030340216,19
161.42857142857142,215.67767699245945,38.29856072105873,220.3224485105549,92.52406479474965,19
161.5,198.7010364965381,31.994865409652697,170.9840297897751,64.21534970101719,19
161.57142857142856,191.6584904270334,30.344206595532157,169.4638248590173,70.28104173775986,19
161.64285714285714,188.10564355603128,30.117228099443174,159.85722214384054,71.56128767289036,19
161.7142857142857,181.89510685585256,25.798385180115798,179.4819608654568,73.50155001447754,19
161.78571428571428,208.51635261568737,27.479029571070633,204.31757897985958,81.27070853272909,19
161.85714285714286,224.22139893223343,25.131793284735014,200.65922648982993,73.029527680267,19
161.92857142857142,231.34392064775105,26.371159131633554,185.86030566889048,67.4256666237332,19
162.0,247.61925681115832,19.065263398538143,198.56265530774223,57.44869304231389,19
162.07142857142856,253.57194314220428,19.187182131691713,230.39286914596687,80.38753883749561,19
162.14285714285714,226.51747871882836,19.59174443054647,193.0861704481985,70.17163559275714,19
162.2142857142857,192.97018660994846,19.174502476575448,164.16634070702722,68.5584893393926,19
162.28571428571428,184.54933516017024,19.784151926175895,175.25578319704803,76.40937695861285,19
162.35714285714286,248.9099547594604,19.342132166130334,214.91958439307027,70.23976310608705,19
162.42857142857142,262.93557643264694,26.35898537527115,207.2607435226875,57.025162084598385,19
162.5,253.53647910954788,28.77297035407537,201.87623811930686,66.66857982418477,19
162.57142857142856,206.02843782273212,34.629304890833055,176.7451856809305,80.0221773584507,19
162.64285714285714,218.6170881997027,24.596104772552835,182.8704777423577,72.09536010264068,19
162.7142857142857,234.22207529161906,22.370173397293293,200.58088106140286,74.59828089240789,19
162.78571428571428,231.44464460079325,23.328544083934034,194.0938543293778,74.26570937175434,19
162.85714285714286,230.30096685530577,28.76870693033805,171.56604846434507,57.15734712253438,19
162.92857142857142,249.52884776617296,29.614775034199237,192.67651121681885,58.12415467468089,19
163.0,245.76501418028664,29.99694826600261,206.43756980025398,69.89637691259684,19
163.07142857142856,245.0808721468597,24.21270785519375,205.79970344559115,68.06665926414188,19
163.14285714285714,233.36974552684316,31.409380511951188,223.1541187489422,93.303350823199,19
163.2142857142857,231.71811748715433,33.47458333335742,222.8334534829631,95.2874198826512,19
163.28571428571428,235.31171070124753,32.58975423469476,236.6381814390873,87.09581279620784,19
163.35714285714286,218.01163136382172,24.19618465885365,189.7766508932811,60.77245089645658,19
163.42857142857142,231.70607693971996,25.333126577018156,195.35845077294678,72.10504463539036,19
163.5,249.97905233725936,25.73876583131747,224.47538998256644,79.08525304392292,19
163.57142857142856,260.71811468747586,25.68790429943881,227.91841730849097,71.09245410268635,19
163.64285714285714,254.84863579428367,26.663570711100004,229.6026372320923,79.91636438519377,19
163.7142857142857,254.05687950596237,27.226080325670452,246.4608339602761,92.09513304217806,19
163.78571428571428,244.99855134524998,21.8169368216593,229.61664617750844,81.44865541615854,19
163.85714285714286,223.40217245625382,22.36311810436517,214.8479765428548,83.58275930435627,19
163.92857142857142,199.31825680924823,24.94232453916382,194.01120873973545,85.08820140860689,19
164.0,196.0468192454851,32.190727210643765,182.41177170597118,81.43031011048926,19
164.07142857142856,216.3036777661123,38.84632594550319,211.51984425392197,94.60493435085229,19
164.14285714285714,245.82770068898284,34.298125619123155,237.48610350652777,90.81822394185068,19
164.2142857142857,261.65182829998577,28.736365801446482,222.32842554366138,79.80156344440255,19
164.28571428571428,260.849264947828,23.541599537374545,220.66893673347167,63.156518054338605,19
164.35714285714286,218.1088160958462,26.343233093731612,184.56561113814502,58.61567662439579,19
164.42857142857142,209.33965303326949,26.269258860313855,186.7115520825965,70.33875629430548,19
164.5,217.94071194558404,27.694522002052896,182.51326543309057,69.75607663444063,19
164.57142857142856,220.17311753338325,34.308989004043305,208.9709423699608,83.84055809568395,19
164.64285714285714,236.01760705177256,29.095630852676862,199.12376424608573,73.47961003391178,19
164.7142857142857,238.64474279813717,25.495295874760835,197.88610288169548,67.35586313369782,19
164.78571428571428,218.72138377857266,25.62806521024145,167.2156695149763,61.42452871043152,19
164.85714285714286,195.61057828774284,27.487950666347366,139.91564924142432,45.903594169199366,19
164.92857142857142,219.0539991880878,31.312177993092224,158.118775818904,53.565622881201975,19
165.0,246.60716038584462,26.814954562167916,200.36111490964342,67.00948125351718,19
165.07142857142856,250.7794231328576,22.70215769325129,204.50402141632608,70.2466952801167,19
165.14285714285714,258.7211497371997,25.032377448362833,203.20661963490247,62.01238803566544,19
165.2142857142857,252.46475745031367,22.49925052340716,186.79478670101986,47.458483044105904,19
165.28571428571428,262.4356117512789,25.992158706610105,206.47650398269695,55.24457347908754,19
165.35714285714286,250.96204220704627,28.82284369406565,206.33009658994723,59.023590812658966,19
165.42857142857142,241.51587103167475,22.97796521982027,184.08933665717407,47.89493328856371,19
165.5,240.42615933201483,17.679644635463085,169.30463013974654,37.0128816597696,19
165.57142857142856,240.3525477524676,20.678022698728558,169.23625844959986,36.05252593541617,19
165.64285714285714,241.15764796148693,21.382689412210617,167.22995686947542,32.47352108883307,19
165.7142857142857,245.86520822300213,22.415220169463904,142.91490024223052,22.922043624526815,19
165.78571428571428,249.05316506062977,24.319876826557113,143.67859145194035,24.547826923472808,19
165.85714285714286,242.17829732701674,24.71005320667547,139.53254844450353,24.570495040402665,19
165.92857142857142,247.68407289621376,24.23807819698736,177.6716604925648,53.216225016112155,19
166.0,252.54227975594242,24.924258865822296,163.29751339086948,38.70757126829148,19
166.07142857142856,239.53350839205777,24.830545281357853,149.2911909123911,25.419746218606054,19
166.14285714285714,229.4725856425198,25.50471252519838,138.78428504596263,24.17706389672757,19
166.2142857142857,237.87437702606798,24.530252023117153,150.6245039215291,24.140136837805425,19
166.28571428571428,252.20151632447013,25.5990540204328,163.78768119911066,27.052856657121666,19
166.35714285714286,269.8129083795561,28.22161799925039,188.31462545995907,36.763540757851864,19
166.42857142857142,270.65721232614277,29.38498487834886,205.48958750962126,46.21034382504878,19
166.5,255.86955071368436,25.048183510843824,193.37570458168634,45.66886142304743,19
166.57142857142856,238.51253816833994,21.20675238016085,173.5654256385436,41.530947885830145,19
166.64285714285714,233.61010276449474,23.60507958271023,177.45574819598988,53.15813530829534,19
166.7142857142857,252.0081238429297,26.13188582132841,191.30787522691296,58.84196145248102,19
166.78571428571428,258.6986269963964,31.474717285203834,199.10138513814502,61.729691338513675,19
166.85714285714286,255.68846685461955,29.690818453495105,199.56399764835143,61.37956445488803,19
166.92857142857142,246.17566337384605,28.043759676850062,199.60550434339245,69.41724670708655,19
167.0,233.98835743410882,27.451320553429454,182.4533003526373,55.08414784762502,19
167.07142857142856,218.71338771858765,26.285620015256814,174.43990027691706,53.24531966890706,19
167.14285714285714,207.2722582129122,25.73821619835482,152.6498100998636,51.077229693929205,19
167.2142857142857,230.35640663674292,25.01326521590745,163.7854151840986,54.15100760278612,19
167.28571428571428,234.29879655786308,24.163386795939072,174.50804284741218,57.367021113847514,19
167.35714285714286,225.12500345332106,28.398489410670088,169.58212084542356,59.01474521370814,19
167.42857142857142,236.47128500529757,27.593832883305012,176.70131931413,60.67703589497669,19
167.5,261.8695827649419,27.090880843774066,218.05970236999843,81.97933856563318,19
167.57142857142856,248.70083657930496,28.184588147952596,191.66398115450068,65.41255260113918,19
167.64285714285714,228.95919358010073,31.463099533756672,177.64179528008276,70.41519994122943,19
167.7142857142857,218.49939079113048,27.900341742451428,173.9059283490001,61.22909550371747,19
167.78571428571428,226.60372635960445,32.09486367522673,192.1462252817553,76.52934683682551,19
167.85714285714286,235.74157168390462,34.915246057302866,194.38237958096641,70.15436701820866,19
167.92857142857142,255.43094592495203,32.31292173854173,208.6166056414106,72.74757181686545,19
168.0,274.11112063843285,30.762682669099668,236.7656279228577,87.93688080440775,19
168.07142857142856,275.8159780606137,29.113774055634714,225.46177370696228,76.39695945577012,19
168.14285714285714,246.87977457375175,30.76150609390219,197.5370668978814,63.188389101516776,19
168.2142857142857,244.50568309434098,25.033959329511973,200.90173713515043,71.14354475275663,19
168.28571428571428,234.62860228355908,23.87363264725223,193.21826363936702,70.5907166707857,19
168.35714285714286,214.99587130585715,26.15700989380853,174.60999959264666,67.93091397127043,19
168.42857142857142,221.40649590375577,29.777339096802958,203.14868378086098,87.43811693863945,19
168.5,226.23170071514042,27.624978036896188,215.96768848714922,88.92318481035106,19
168.57142857142856,228.3704285516925,24.11991809166666,222.37355743360456,87.71189592581418,19
168.64285714285714,248.87177872728645,24.11975091131252,233.7025198689786,82.78939168276541,19
168.7142857142857,230.62856591017862,35.91663007495416,230.63869067818726,102.2750313564853,19
168.78571428571428,225.69668531634017,33.123602556084,210.0625817479367,81.5102269181933,19
168.85714285714286,200.18266594840722,31.793868855158532,199.9386605695963,96.58388069188291,19
168.92857142857142,204.1516269344676,29.998570714280135,195.92456634211976,99.73696661827259,19
169.0,206.0599477841145,27.367503602750983,180.83772857204988,81.42653597644346,19
169.07142857142856,223.32718970837337,24.037133252210115,179.61478972819404,68.17485679599838,19
169.14285714285714,225.21687710149712,27.068050450281163,197.24576062526623,84.36657135584613,19
169.2142857142857,225.4521414535713,26.31912167041242,186.99122023849733,79.41803307247885,19
169.28571428571428,224.13020374101416,31.72910651229181,204.71343611168564,95.85607657076936,19
169.35714285714286,215.23588938270157,31.86894753451725,203.15230100073637,97.89221723845083,19
169.42857142857142,196.2763490560464,30.44028384029647,172.47537543880554,89.3900791169261,19
169.5,174.37946501718486,26.225855655256204,155.36902711893842,72.07039306462569,19
169.57142857142856,193.68270728124398,33.96981418703015,196.3936494000551,101.6060900686101,19
169.64285714285714,206.29295163144855,31.8009823764503,201.34237751393403,97.58342376867299,19
169.7142857142857,200.07893370561945,31.225846451118144,204.21796133777352,99.69410968302321,19
169.78571428571428,214.56576730919105,34.80518493780165,215.25884483525138,110.8016711972381,19
169.85714285714286,197.96776646274554,32.54247980514787,192.97860319593076,96.25692407953926,19
169.92857142857142,195.1382830927503,26.631290664087402,167.5071734784903,67.17310835098417,19
170.0,205.0931613351791,27.58968051195288,198.82462067056252,91.19075955810712,19
170.07142857142856,204.2787580618665,24.69751452090117,183.6658678173276,78.51632750377956,19
170.14285714285714,205.68036023560927,32.33225941192323,194.8823220751671,98.0548132154366,19
170.2142857142857,237.76759889122877,25.574639403970245,200.7539559546148,80.00784879966945,19
170.28571428571428,230.52235976400766,24.48834289438121,193.8229829724837,84.39974100864843,19
170.35714285714286,239.69367084863276,27.5960114003638,199.92255895088098,82.11392798463349,19
170.42857142857142,225.12520074083147,28.150085195872006,188.79056702275236,85.16545696929538,19
170.5,213.65208899311617,29.55328969361455,194.82954365878,97.61472389320859,19
170.57142857142856,198.91035180013216,28.799669490737223,173.81409578162757,73.93068593335518,19
170.64285714285714,228.05529741617886,36.3412297163332,203.8086896063128,90.52479243352164,19
170.7142857142857,227.8817477889371,39.420645046420276,218.05067316985514,109.45694695910731,19
170.78571428571428,264.6079617625702,35.82759615238677,211.57496574874747,87.57724450439211,19
170.85714285714286,257.2595777595417,30.319296915260235,195.61040093231324,74.79799719918273,19
170.92857142857142,262.30836751474743,26.10048777367836,216.06299341016796,89.17105401224406,19
171.0,243.33344545219694,26.17074178831796,202.64824647412928,81.97019863125921,19
171.07142857142856,210.69771320625142,31.612698660114184,209.41409365870462,78.95351569908044,19
171.14285714285714,214.12274827039428,28.699862968317916,201.56338811620316,76.72383763445005,19
171.2142857142857,237.1161314979687,26.257921156337392,197.6438662213175,70.23641554272047,19
171.28571428571428,213.1380960039924,22.23988013483765,187.88796166976059,63.60780181478298,19
171.35714285714286,217.93729188534672,24.22891455297724,176.8639730165705,70.16617460133686,19
171.42857142857142,210.9077787774369,21.86095573262229,182.38521778954546,67.61086724710903,19
171.5,207.2035782797708,22.636212700715223,187.58860232978583,70.08388528417443,19
171.57142857142856,232.67380838291845,28.978271087986688,215.0313344664053,79.47378709318966,19
171.64285714285714,243.8901568239406,25.890925375724155,214.5528014802673,76.25018286941285,19
171.7142857142857,215.45225924495935,29.792053599017738,193.74289108140653,67.76462116771114,19
171.78571428571428,223.4875279899634,28.109439217062263,193.10073233324965,68.1092893870449,19
171.85714285714286,228.62933805258146,18.774334027171562,193.37297925780112,67.3524306920005,19
171.92857142857142,216.72647412738172,17.874907519358416,180.4859461293155,63.29788182205673,19
172.0,205.3240783680348,20.654750355789968,173.41112257459332,61.50142717895552,19
172.07142857142856,227.98492049390137,27.644914594346268,207.6173393752046,74.4903501647649,19
172.14285714285714,230.68331833246106,31.66219844109431,208.1132947989816,75.19479534713811,19
172.2142857142857,208.16437847494464,30.78196015125672,186.14726444198757,68.38984513482534,19
172.28571428571428,207.125780651752,35.417821605845646,174.79594293132786,79.89164499771798,19
172.35714285714286,188.95837638119343,29.02794075902712,167.4975490352705,70.7810329408963,19
172.42857142857142,193.93969903389214,25.365721704300103,166.17435875409367,67.73769056383095,19
172.5,189.62558066235462,23.245635544155846,162.86354897680374,69.36618279008943,19
172.57142857142856,187.10373360090355,26.86676478866418,144.26602296455735,54.591078053801276,19
172.64285714285714,210.97807414025792,28.068608956376654,161.29626515837398,57.92331788674071,19
172.7142857142857,228.1644781716357,30.77072302709761,199.87086285033985,76.72447355969736,19
172.78571428571428,245.0468743539104,27.664018520091684,218.1722579523145,80.18671348115357,19
172.85714285714286,227.24242905004436,20.672842770620097,182.0488429541207,67.41383018120035,19
172.92857142857142,219.73475532300728,31.31654874518069,199.1402896106579,91.71425636131525,19
173.0,228.02949180778506,32.39727665107009,209.2445479604864,92.24428806476232,19
173.07142857142856,198.93502984937135,24.522134124139527,185.19605326198834,72.19107867619287,19
173.14285714285714,176.52201417730774,30.411336251974728,113.87840409377976,25.002746094442546,19
173.2142857142857,199.7100931354951,27.089119979217497,174.28526384332594,63.034544974063415,19
173.28571428571428,207.65650726282502,21.313897895232635,181.27457636683744,60.81797488515601,19
173.35714285714286,196.43519176902285,27.606544520932708,177.2607803670682,61.2659994591617,19
173.42857142857142,191.37284087765198,20.057402447015733,167.04060110633603,64.20339976328817,19
173.5,193.13197808821306,22.688850871146034,185.63255010630084,86.6251870413168,19
173.57142857142856,222.14046258363024,26.313733944275445,118.76339544441895,18.982424823459038,19
173.64285714285714,255.65318214296255,28.33896418033151,139.24146435931686,25.35792296647992,19
173.7142857142857,232.99883435697555,18.54556712670899,132.9203019113473,24.34659042141051,19
173.78571428571428,209.10181041547096,22.160939319265463,116.5657647973,21.190612042790097,19
173.85714285714286,219.62831226409867,25.602010270188792,136.79300032554883,26.437141138808094,19
173.92857142857142,211.83358017074795,28.741901570349444,125.7523126139254,25.76057574191929,19
174.0,222.91243094886235,29.053951366613962,131.70317000046506,26.196393664776767,19
174.07142857142856,242.83436252471134,27.83886265403501,149.42671934486108,27.567004423917844,19
174.14285714285714,257.1536719968605,29.082216951976093,152.14596074073663,26.289441390710017,19
174.2142857142857,242.04817960460676,35.6336569780263,136.73702253553998,24.48180355746653,19
174.28571428571428,251.03822027589274,43.72787410180977,141.8877326237084,25.417441610747126,19
174.35714285714286,228.36250731615735,36.942345948146084,118.87856861471197,22.096312048275543,19
174.42857142857142,213.46018694276228,34.62933919700287,113.48058345441439,22.307525866104776,19
174.5,223.92904661678148,23.20210183004681,128.6386189673454,21.85390635839424,19
174.57142857142856,222.25559556735877,21.198521254719306,132.71824795664295,22.53810029985074,19
174.64285714285714,205.806438902805,24.821855684461102,112.6720990384876,17.860290803361842,19
174.7142857142857,185.51780256812702,24.637530594539125,100.91786486357293,18.483950048132147,19
174.78571428571428,186.9590491678528,26.04734225836147,106.63647233272125,23.229617239962586,19
174.85714285714286,210.78641599113772,28.954198182680674,126.49372109357483,24.785487710697456,19
174.92857142857142,211.54116225084067,32.235378989821804,123.26976360158895,28.141351669294824,19
175.0,214.34748398896724,25.197114498528716,126.08576878774046,23.410617268634784,19
175.07142857142856,199.53713152764962,18.31679969559088,111.16252669724581,14.361187850140402,19
175.14285714285714,223.05657904893354,26.130170318277354,121.12003165901258,20.82836319221087,19
175.2142857142857,250.51073120610744,25.08008480574824,147.95330098075303,26.716199299985764,19
175.28571428571428,243.74029284211784,28.416548873971696,149.69011864653342,28.165435727846823,19
175.35714285714286,220.6056507528133,27.966848901826392,126.8977568306051,24.90866346280815,19
175.42857142857142,221.57780287339708,23.391544338349906,126.22266270203437,22.392821423784184,19
175.5,218.32080360712,22.457608837827173,137.73666836996372,25.870498883898186,19
175.57142857142856,209.79174696165467,28.098389132359117,141.7729436594254,31.899193184043273,19
175.64285714285714,211.81658207400605,29.497103036810252,135.15096863604145,27.765818770532647,19
175.7142857142857,192.17059235701697,27.952535356223574,111.30879148723992,18.40511247177556,19
175.78571428571428,218.84164944755761,30.59901061996145,117.44387167687009,25.410624909758074,19
175.85714285714286,233.87106638010292,32.44962286499274,134.58389839053913,29.269085004032817,19
175.92857142857142,250.48587530997128,31.133909680456785,148.03489608917997,28.448179264630728,19
176.0,233.3280458460409,22.326732365431784,137.67812602339524,20.79001320105964,19
176.07142857142856,205.4100473768766,19.516922597763998,113.54957902597765,15.388886623430125,19
176.14285714285714,200.2841219481396,20.85461518504532,115.48346350438268,19.210550965628766,19
176.2142857142857,207.8992799841077,20.028884373346788,114.059341183582,17.85188873789893,19
176.28571428571428,190.05578329683232,20.9869234571525,105.37349251234873,17.368922779577176,19
176.35714285714286,175.93754105094746,23.002295110798222,102.42366329855481,20.305999150742768,19
176.42857142857142,193.60237682264767,25.504224218678008,118.3794090167887,24.381119797123745,19
176.5,222.94089582817247,26.11809031949921,142.69121680254364,27.940927245684385,19
176.57142857142856,232.81456688360015,24.789749201084117,144.38564169222644,27.917823037949645,19
176.64285714285714,227.23219822387208,21.68398701095674,137.20332548208074,24.746142119609097,19
176.7142857142857,208.21973140591805,20.413596778975894,132.40568036895996,27.053764891971802,19
176.78571428571428,221.1085383297559,25.32030626788071,121.27633303654603,20.878697511063436,19
176.85714285714286,210.79648946953264,27.959456811178637,115.48876660655499,19.668742600773957,19
176.92857142857142,204.74573795246428,27.177124760071266,99.72504852090695,14.741008847781321,19
177.0,230.51170213784923,26.65038167572746,126.48354217145983,20.464052109673645,19
177.07142857142856,256.17613236772394,29.13794161556973,146.77130140159807,28.41090713265282,19
177.14285714285714,243.39675611384527,26.981142123847427,137.55807586464243,24.08272711198059,19
177.2142857142857,231.22054072091854,24.67635712736888,132.01939111821142,23.310770585470106,19
177.28571428571428,228.63430033210383,21.44238487020881,127.50278923562446,20.410210099635982,19
177.35714285714286,213.8370773105065,25.318039792796736,104.09801457080506,16.654546974428296,19
177.42857142857142,199.058282566736,24.62404386646354,105.84712814563203,17.00497045138368,19
177.5,217.05691952844123,27.403360904607162,118.75073889775413,16.81630689299429,19
177.57142857142856,218.69784642286854,30.332052367583593,124.47174680441405,21.10833460389919,19
177.64285714285714,215.52980259467125,32.81280125835546,127.24460293667588,25.40854129145913,19
177.7142857142857,198.75503192462645,38.565397053610276,113.41452657289243,28.70006844995088,19
177.78571428571428,199.23858003791747,30.27666321690435,116.68398962859155,24.62717816937928,19
177.85714285714286,217.5425855147029,21.840511068667386,123.18748851856697,17.215897672507147,19
177.92857142857142,230.17558805976915,20.613467802094885,128.10172485177443,16.223810036288754,19
178.0,240.95484977343799,24.32559696593172,131.70094303485203,15.87222027646517,19
178.07142857142856,222.1303369128695,29.1313970479455,114.50385847156448,17.248858851366997,19
178.14285714285714,216.7714713776962,29.961892691649968,112.99710434395114,17.760380785557683,19
178.2142857142857,202.62450880564708,27.546202553795904,104.09228665030932,17.864381912101884,19
178.28571428571428,194.14783608659747,22.6675459459755,99.88883743037415,15.44631474806818,19
178.35714285714286,195.59530611668902,23.56917028298495,96.75394274539056,13.078559879228244,19
178.42857142857142,218.45779073686032,26.437525183846848,107.96999013841196,13.494407644573275,19
178.5,230.836301966294,26.91410701685023,108.40909772035408,15.240370348300976,19
178.57142857142856,235.87835707039665,24.49921784056875,123.91926259413059,19.81858657393805,19
178.64285714285714,223.14837798899603,23.594602401755814,118.18770538981292,18.896405188807744,19
178.7142857142857,218.8844028574373,25.031023102273164,112.44724550142956,18.045764298763764,19
178.78571428571428,220.58227803061615,22.104689384235293,114.71417092415238,16.652220866009323,19
178.85714285714286,206.19535109875056,23.454174662376932,112.27442584362136,19.47999329741375,19
178.92857142857142,205.67614507730391,28.6973111997589,118.58739600999607,22.80093226669792,19
179.0,219.74630697720556,31.386535321325255,122.81282629548502,22.5692009643076,19
179.07142857142856,233.49110861420615,31.49833963041598,124.40227124645727,21.25005273370987,19
179.14285714285714,251.97767988459393,29.972967334441893,133.53327656388018,20.321623801904373,19
179.2142857142857,257.8487171640068,41.909337436437326,141.46916558650105,31.71186259103181,19
179.28571428571428,237.14384689484953,35.99002799046777,126.92910036519162,27.70330747512709,19
179.35714285714286,247.00024175505334,33.19603073786156,132.79443796449988,23.566111126277974,19
179.42857142857142,212.399708203049,27.896557120247337,117.86862151056094,21.754264392457625,19
179.5,215.77113340545475,31.344731604521154,122.30351478076781,23.977209770230846,19
179.57142857142856,219.54087484781505,24.542446943440947,116.11368403147041,18.67096907598728,19
179.64285714285714,234.37760997501977,26.401329191358844,124.09070787899257,16.349737830487,19
179.7142857142857,244.26568735393676,31.28383361204376,120.25419313910393,14.70417346447444,19
179.78571428571428,261.79464924978686,36.33137856946303,130.84443196506714,17.594278483512667,19
179.85714285714286,252.89578264693125,31.712450064809286,139.29316744995342,20.924992175249486,19
179.92857142857142,250.75133877970904,31.105667639571973,135.6006712179008,23.279542636632243,19
180.0,251.9274690954025,26.72039602329574,141.15494305546974,20.57513937624183,19
180.07142857142856,246.6973344424405,25.96745841848055,134.63816573550136,20.263989739623735,19
180.14285714285714,271.49220552000696,25.285225395643316,146.4467058152939,25.127313386997336,19
180.2142857142857,278.4470985214463,26.04085066997116,153.16015001687936,27.761235113745535,19
180.28571428571428,270.19447470776424,25.375146766220926,135.44860086429136,18.78966848147259,19
180.3571428571429,258.6418361867282,27.72519902313356,127.39375728420934,17.565786682851172,19
180.42857142857144,236.4061451733339,28.571345092929498,113.50000690669023,14.7642856263629,19
180.5,230.30346629209615,30.177294790225552,98.48046176957637,15.653703943494827,19
180.57142857142856,245.6572097796249,32.365686165810956,107.32770279199345,17.107258839818318,19
180.64285714285717,255.96937464120447,36.78071218413439,110.95890752495096,18.062053385063493,19
180.7142857142857,247.7481349612117,38.72959028582499,116.20851685146714,19.112647761615104,19
180.78571428571428,258.59282851072356,53.022844552863084,117.37952289501902,23.077458795299687,19
180.8571428571429,259.43867720299835,55.20886874062578,162.94348810377616,49.51292360812417,19
180.92857142857144,235.67857889445693,49.68461832092197,154.0849628217779,49.275333677530405,19
181.0,205.79996044864288,32.527087795977906,131.0675938545078,43.31878306283108,19
181.07142857142856,212.04285617700933,33.02839514763305,137.25669712910135,44.07318687568389,19
181.14285714285717,223.12047696840392,33.55466539072534,136.46079872252315,37.60682415674552,19
181.2142857142857,246.35180495405785,35.52619353216687,151.08260151051599,39.44515463119617,19
181.28571428571428,252.2093834182107,32.68251493024158,152.16463325263675,36.12760127302313,19
181.3571428571429,226.8126270848767,25.465917781392953,135.2031792206005,32.09500949036095,19
181.42857142857144,213.4587870112929,23.154900802126964,129.61841352565636,31.665145121402418,19
181.5,221.36042695069696,24.76078697016383,124.35099190425137,30.305104894221728,19
181.57142857142856,230.2830944702877,22.85298242830305,170.75410696885737,44.173638677108244,19
181.64285714285717,215.63808499855483,25.1359564986308,150.92896104379813,35.016979191240594,19
181.7142857142857,193.886677413756,31.17854291531752,114.28485984486248,22.717715783550045,19
181.78571428571428,222.49130833612702,26.84934728379067,122.08918405328302,18.787496805862773,19
181.8571428571429,232.84745323127532,24.31511631613564,134.1311514004189,21.879167051081566,19
181.92857142857144,212.20053542753294,23.42361108202089,111.31775673669964,18.105212025794923,19
182.0,196.8112798840134,19.428020738472927,101.61231554800787,13.529167475172951,19
182.07142857142856,205.65323575718938,22.600119378134284,108.03434080139766,19.207514795016156,19
182.14285714285717,204.26112363135,26.119791200052845,108.28368544590492,21.579626195285208,19
182.2142857142857,193.18238060714287,29.34571037921965,105.34732773171723,18.50376486773819,19
182.28571428571428,204.86063722318468,29.055126511701562,100.56684666126424,14.780087000459913,19
182.3571428571429,215.93463096421732,26.557443566533752,112.11139782360243,18.34021136551576,19
182.42857142857144,216.69451262527576,30.691112398669173,120.86513639527591,25.515114170479098,19
182.5,224.38972132744402,32.7566427594078,126.33349806193443,25.176276884701025,19
182.57142857142856,217.4593747064587,28.22582085373801,144.6597552356544,34.273685713990886,19
182.64285714285717,198.39442887199107,24.640118775022987,139.70963027335273,37.0649619727697,19
182.7142857142857,218.44810675420587,24.993604057018207,154.33813813140924,44.340235606855146,19
182.78571428571428,276.62264860741135,35.82720233688019,184.121785470325,56.93868690453046,19
182.85714285714283,278.9396868488853,36.2948364356374,188.63983368454925,63.06971478646266,19
182.92857142857144,237.082403590227,22.373406975419964,113.37051250648624,10.99239621082452,19
183.0,232.53395037700886,20.181521346514348,116.39666095628172,13.516452983308465,19
183.07142857142856,225.48252706867038,22.993611257630082,104.99381499360247,12.305968800822406,19
183.14285714285717,237.56224738497434,21.400572820537022,117.59345496041688,12.418933442728772,19
183.2142857142857,226.3315830122895,23.458017244101075,114.89419415486725,18.883551574865223,19
183.28571428571428,230.4042391385792,24.60684517867204,127.09608190572715,25.699526045813112,19
183.35714285714283,236.06684187490558,30.95324991150055,128.44276469727907,25.522268674564437,19
183.42857142857144,222.19161101323274,32.41478787853625,113.32765841669814,20.901205311510374,19
183.5,211.56930975727346,32.396934034480395,102.26739960890691,16.635023906081503,19
183.57142857142856,255.64991606652458,32.66638817872478,135.43470553364008,19.8438387663064,19
183.64285714285717,237.55866579397625,34.323017320256355,129.58779881284244,23.535063400871078,19
183.7142857142857,225.8896184471109,30.808696133134656,123.15759398651132,21.965159705991642,19
183.78571428571428,202.20813803344828,22.37448250892345,109.66396056223432,17.319523131901978,19
183.85714285714283,201.65308071426085,23.10066318612074,107.78082917810309,16.756332252951168,19
183.92857142857144,234.03320600955303,30.205961177850778,136.44980222439776,27.370408166902156,19
184.0,245.43564469873803,31.012115639107734,142.61809266443973,26.634171858755092,19
184.07142857142856,236.08392762616296,34.83040927117408,128.67427601346054,22.721603298714196,19
184.14285714285717,236.67818967541857,32.648313562700466,126.21322082520983,21.748774364614277,19
184.2142857142857,243.5671513675626,29.924947277908142,130.80713439522475,27.782711090822804,19
184.28571428571428,270.8026012372843,42.053282264702176,203.79955755595887,63.265614062621125,19
184.35714285714283,252.93106722006138,49.913095161677155,163.54478317271744,38.59224364797734,19
184.42857142857144,253.85598408355696,48.53094215687109,154.80783655173957,39.4600412573606,19
184.5,231.9523063146793,47.35062652754568,127.21384729847833,28.946814030207943,19
184.57142857142856,211.86666968687584,27.23664476499439,105.89511086406074,15.650229875437123,19
184.64285714285717,215.0773146698991,24.706774733356013,110.01184324430022,18.055300592124897,19
184.7142857142857,219.0868989148711,26.48529346548872,112.51105672006837,18.225531523855448,19
184.78571428571428,209.91801460961955,26.07910946560121,110.5302869971615,19.59959023021635,19
184.85714285714283,203.0637999616939,23.917989897308956,115.55667408557687,23.798286943402548,19
184.92857142857144,223.4730423969938,19.83311097963084,136.01030620042587,32.98659062352763,19
185.0,217.29896625492967,22.66764763158902,125.9735868073805,29.860766514468068,19
185.07142857142856,188.31347019710296,27.379673772722597,91.8908838548857,12.803986355105105,19
185.14285714285717,184.7546044068492,27.732961680138015,90.12508974866483,12.049104305914945,19
185.2142857142857,204.4060796460902,27.506495300495914,100.76486299788932,16.49101491279106,19
185.28571428571428,209.21825187188932,30.56180884412586,115.42995985440923,20.487114415629208,19
185.35714285714283,202.4236558646191,33.07830474369599,103.47497483618584,19.040491466887456,19
185.42857142857144,204.54738930622693,29.584806538156847,101.84494512813143,15.054792924196251,19
185.5,214.73139595919582,25.926550878284843,118.35583575650007,22.848403142115618,19
185.57142857142856,223.5421719337615,28.832524895736334,135.19473984551223,34.57444488454621,19
185.64285714285717,222.37164148188228,25.105633539860484,127.81126732235586,26.4356579581133,19
185.7142857142857,236.55818452185213,25.599383877114533,123.5629549956045,18.328962420711306,19
185.78571428571428,256.38241007553506,28.049986610842776,137.2311224248552,22.545115838340532,19
185.85714285714283,280.5785074494721,33.239836858787655,157.73865540873692,29.532947805279683,19
185.92857142857144,280.73761239738553,30.57882231452876,154.02698290954982,26.04714899071538,19
186.0,252.83062814876465,29.657751402937528,133.16945375016445,21.265994209031373,19
186.07142857142856,254.02996389510918,30.614199050505423,140.316545633947,23.46984239540696,19
186.14285714285717,261.0290205704275,30.108887993418556,153.25469396824977,33.64235166478351,19
186.2142857142857,256.6721367291647,34.832269303076096,165.81213336869195,46.20106884137622,19
186.28571428571428,244.55211940729842,30.957037675486674,156.05282709791072,40.146558020942244,19
186.35714285714283,214.71096681541093,30.38318459759355,123.48964269939692,21.651694617597638,19
186.42857142857144,204.80926094073158,28.132286388047262,110.57548818171126,16.851360376522056,19
186.5,220.38502843366444,27.64258163742237,131.42735677562152,27.913909637066542,19
186.57142857142856,229.16396362341226,29.967516669580434,147.07506029304037,36.34246360120314,19
186.64285714285717,216.4671434307941,28.264065425778657,121.05132597837597,26.077567566962266,19
186.7142857142857,227.77735452170342,23.451943877823386,124.35610766042582,20.1976874790443,19
186.78571428571428,238.04293564093499,27.961839928740595,122.05483760605192,19.431479343581646,19
186.85714285714283,240.93157474435327,27.034902205840424,130.6205550772144,21.078944547217745,19
186.92857142857144,246.03884909883217,32.587630125803265,126.4388082569972,18.68414800873931,19
187.0,216.8331499540093,23.41141778826052,107.79902717757606,13.109616854732522,19
187.07142857142856,212.90961130258555,26.766168282538246,112.0427230997092,18.498483290859813,19
187.14285714285717,248.42382069488434,26.67841266184186,144.33620135768936,23.88206974464617,19
187.2142857142857,222.96580735653546,23.62725896442611,193.7695929906032,61.14941369957321,19
187.28571428571428,243.09705515998954,26.29747118804969,230.09763921353976,84.72147959240036,19
187.35714285714283,240.77260770537077,25.576890965768907,214.9062158313425,83.20566235809844,19
187.42857142857144,231.4083225058719,29.05865111016998,201.6032519101905,86.34824394744656,19
187.5,221.95389947319458,35.20490802160124,207.56667396967228,112.91418053852372,19
187.57142857142856,244.13428670788707,29.638914702563525,230.3608152891804,109.14567837659256,19
187.64285714285717,245.53545827600868,24.78645324095576,227.06901792588707,91.32065163736122,19
187.7142857142857,252.8903197124689,25.257816900042673,209.21696402964494,70.08350773115535,19
187.78571428571428,237.86497003436332,22.114667674885666,191.6586692368943,69.03548495080278,19
187.85714285714283,219.62751937479476,23.56876563263664,171.44477326153552,58.99485163477108,19
187.92857142857144,233.3721962588262,27.069632168887747,199.64203165444326,82.24069638165884,19
188.0,239.52648842886035,27.110078373304557,209.97835170526923,82.65338494483484,19
188.07142857142856,234.71169931803823,29.9457786548653,213.44182730841212,91.01206490485363,19
188.14285714285717,206.37073699668423,31.479021998703555,187.7369761082976,87.90009830949352,19
188.2142857142857,191.20466859505615,31.18822296324387,166.7973488501731,76.09284874724511,19
188.28571428571428,191.5248269842269,28.836877129695452,169.89590623457852,64.0550385856251,19
188.35714285714283,223.83241538748234,31.72334733316082,196.97813148568466,75.05027776003696,19
188.42857142857144,207.12321354998565,31.28743471990901,192.0737522336363,88.66123143424463,19
188.5,225.6470701735857,31.512920397438208,193.32780041334635,87.89286642337402,19
188.57142857142856,244.47147308451068,33.231035792374065,204.05545388563596,92.31688689468417,19
188.64285714285717,247.0644661754664,37.42709430783269,213.03583626316404,101.30996754744606,19
188.7142857142857,223.78366241447836,38.91419198431102,187.42405220072493,98.76772617038218,19
188.78571428571428,212.15504543660896,41.6092620577275,190.88028239701364,106.66622567782242,19
188.85714285714283,228.8683249022485,34.6761366171166,192.94468990912577,95.07828168103542,19
188.92857142857144,281.73114408971946,25.426267374219638,238.0794903898898,94.7561321822524,19
189.0,270.01916522734,32.35536687437636,240.15506223238233,96.93016168637357,19
189.07142857142856,286.4858643399222,36.965100068665215,247.2022742748562,101.07857764408307,19
189.14285714285717,266.62107408956183,32.91204264904218,225.24431778048387,91.9623130421328,19
189.2142857142857,247.44746375203962,41.865657475952474,219.5141416862443,108.71392958613319,19
189.28571428571428,264.3480741616683,37.64056171766818,213.4059589411348,90.95345838631441,19
189.35714285714283,265.1816314721299,30.591995864359557,197.3570713393419,72.01335311603611,19
189.42857142857144,258.6958293889697,34.513753431494635,177.21971310765915,56.122137591019545,19
189.5,238.8727102132565,31.89729668594331,110.52487242851979,11.017126569945972,19
189.57142857142856,263.7944201995148,29.525112098731668,205.34999580088717,90.63603255746241,19
189.64285714285717,271.3460769675848,26.917317495640518,212.0351993914836,88.47454726776607,19
189.7142857142857,298.84707831923527,21.007128056617073,225.9082224924563,92.60814729401902,19
189.78571428571428,270.7959704667182,26.72654410070354,231.49826102880448,99.97398043120083,19
189.85714285714283,214.7919678461488,30.209080759406653,192.0499469237723,89.90598283619168,19
189.92857142857144,236.90249780839926,25.033916250614638,187.7382153350741,74.04160025926215,19
190.0,236.3212717864872,25.714777471568503,126.72032347950042,19.356209404512708,19
190.07142857142856,241.79363619922262,27.68910020260193,188.07286541755386,67.57406595451116,19
190.14285714285717,224.56971527801528,32.67197770496694,182.25314272389488,81.41138417657213,19
190.2142857142857,217.90390061385537,29.056006673331932,173.5875079961524,79.01710280544128,19
190.28571428571428,263.0153935305067,25.602193565857124,212.73916028509336,85.84964205284781,19
190.35714285714283,268.55691533825603,26.75344594221068,230.38113998869898,94.40543214577487,19
190.42857142857144,234.80445403954784,25.67503921664479,197.43934655698826,83.64848616198685,19
190.5,211.7841035435443,27.579035639024895,168.08637571139252,73.47665982060933,19
190.57142857142856,190.80480009167306,28.413170804083595,154.78832868537987,66.10547220687388,19
190.64285714285717,175.12371558477085,28.659097110164527,175.37173993576755,90.09340740168429,19
190.7142857142857,203.53682571614874,33.127724787777225,202.70383352711073,104.50119496485081,19
190.78571428571428,190.5346698620647,35.17164282275239,190.16472642115363,105.10356665233913,19
190.85714285714283,210.78918650784686,29.06316448335707,190.13574167276934,98.27011337064495,19
190.92857142857144,226.42848613316,28.848793998804744,192.32360412381377,93.38443814127865,19
191.0,215.21917795013795,30.284094016305076,177.91434755783956,79.40917603608814,19
191.07142857142856,186.87787104886743,29.334353933140342,173.87497078724564,84.11453134935616,19
191.14285714285717,192.94715791401444,28.734126735524395,188.17450355174697,86.59728694675982,19
191.2142857142857,220.88846970249818,27.722440743908994,187.72937822432442,77.77095187417119,19
191.28571428571428,233.459452776442,29.48337014248844,203.7239835542944,87.700651249364,19
191.35714285714283,239.22268769219505,28.738606440820302,211.1218010892268,87.52093698663789,19
191.42857142857144,225.2508848927411,29.300369522954334,195.2603003816058,79.74066157249578,19
191.5,234.74280935622392,24.68271476270946,185.97290224537392,70.2682689522703,19
191.57142857142856,222.75733453050876,22.229652335131277,177.4468143707288,63.18877478207324,19
191.64285714285717,219.66364756549035,23.239074670208815,168.36494761021936,59.04795459747499,19
191.7142857142857,204.62378522095105,26.0172995431033,176.01692548490794,71.00217229400471,19
191.78571428571428,221.47634923337355,28.338812680172293,194.8458297919651,81.603280849851,19
191.85714285714283,217.0710481985122,29.77678064185285,188.73118243421266,84.54641436599587,19
191.92857142857144,206.20894086430002,29.394905640967753,171.15590848260726,76.68364398249669,19
192.0,203.14683746744112,28.22480074863806,160.03907575508686,66.29430691686674,19
192.07142857142856,206.4888467368848,21.502563445844498,156.42688033124645,54.91930358131306,19
192.14285714285717,200.6459285087931,26.746156707576635,154.3016241074945,60.644178908460134,19
192.2142857142857,227.4297554201821,27.942155632489353,192.25455242133995,88.14890068797449,19
192.28571428571428,225.78972708752443,33.25017201965125,191.53011186502144,92.61395693805204,19
192.35714285714283,205.22405009506662,32.55287010469408,167.69114178080048,76.20310843054867,19
192.42857142857144,187.65260538039269,29.42436619553024,151.66707330862442,71.23103752819323,19
192.5,174.6470041680608,27.660496736946058,142.1764079999994,70.92873887735438,19
192.57142857142856,197.66444612347036,36.10811894805971,183.93568919796553,98.96226100205375,19
192.64285714285717,205.27512967970222,33.66692220369551,179.15701167349874,88.67468958666221,19
192.7142857142857,220.9882402844438,33.21547456198266,186.5215208744253,85.28545553769742,19
192.78571428571428,203.9671535717395,26.93814968147042,137.1352626940685,49.92559142713634,19
192.85714285714283,187.68798834528351,24.17168861608768,121.04107977848786,30.757212828345057,19
192.92857142857144,183.60147822597938,22.937387659413453,97.70384898672289,13.090923521361601,19
193.0,189.59527897096305,24.22610043658935,87.63449209620663,8.966300066605609,19
193.07142857142856,195.68649090591512,18.169491926333478,91.65843296252784,8.935050376222643,19
193.14285714285717,195.80842129461342,18.12240206995964,101.82436647048075,15.172504518767022,19
193.2142857142857,230.95541772714168,23.240678921968335,116.82479512832374,18.287340263523316,19
193.28571428571428,244.8787091435588,30.28440181336695,127.58664380218003,22.954606880820723,19
193.35714285714283,243.127383597598,29.33086417828122,123.17449766116555,22.538766935078353,19
193.42857142857144,217.54325847685635,25.552798761308733,107.01508743390713,19.08991634039671,19
193.5,203.14103646866337,23.139576320410253,104.74922079056986,20.60778907531326,19
193.57142857142856,203.7479886702596,24.156756648173573,109.12123250076999,20.96056854299363,19
193.64285714285717,212.97526008684716,24.33283617431688,111.59041870650582,18.628632371857908,19
193.7142857142857,218.38438118906663,28.22533944191497,109.67916336568345,18.129848836430632,19
193.78571428571428,213.21633209409396,27.24492410258609,107.96492906569942,17.156304912632045,19
193.85714285714283,232.38107985148466,20.80913326030686,110.51167089062882,15.240791820463857,19
193.92857142857144,235.24225135114787,19.464946309115057,114.87048997350915,13.855230366576249,19
194.0,265.2874313175186,18.357125892539305,129.567671320174,15.32327879350747,19
194.07142857142856,263.5364719110555,20.988912970244108,129.3489372602576,17.10540494601857,19
194.14285714285717,246.14277308179862,23.373908497370223,121.0954486884192,17.585977395166175,19
194.2142857142857,216.94671220122143,20.949719050647385,110.59122606740922,17.454609989576166,19
194.28571428571428,203.01699637408203,17.002870376389584,109.6541850898488,18.925159562568123,19
194.35714285714283,188.92946392661182,23.87873031360248,113.165914502967,26.431910995950552,19
194.42857142857144,196.8499418363202,30.230888668793295,108.94919841292166,25.536008855166,19
194.5,217.30768605560476,33.18828851286404,118.40333532599428,26.98779679480334,19
194.57142857142856,209.8684134543177,31.83779383159177,113.93776821034659,25.498369860804186,19
194.64285714285717,178.49989047850565,24.525223452597,96.70670176426714,20.890359103182252,19
194.7142857142857,170.0085350090304,20.55024511747409,92.08486437630222,16.299908677614873,19
194.78571428571428,175.7037919968054,20.031162352221813,98.21387179904342,16.395930185783715,19
194.85714285714283,166.30409333569156,28.73850646791363,95.63648730448368,20.968206033956218,19
194.92857142857144,169.42371515281903,28.36607051168545,95.84185999984469,21.65642112288498,19
195.0,167.96304069376532,23.65959245903198,83.86615331365891,16.248447446764878,19
195.07142857142856,187.61731097498614,24.38063764382117,102.92056096280007,30.252624413958063,19
195.14285714285717,206.84485405995753,23.543383750735845,117.70899319053387,26.27043356962801,19
195.2142857142857,242.13945166911438,23.01306656778239,122.39326141028326,23.51530342420295,19
195.28571428571428,247.59395878533275,19.55291848489867,119.70686813563141,17.031826546788256,19
195.35714285714283,211.7236420403762,22.212650547641513,102.39015702492077,14.319482721338622,19
195.42857142857144,213.6235762273701,19.795580235188794,99.98174548037221,13.064393997309814,19
195.5,194.97623824539693,26.06138332487288,89.69398422586936,11.182580795398646,19
195.57142857142856,183.72291489244384,27.930928939799216,81.83585292810696,10.862937608821031,19
195.64285714285717,174.8735174474007,33.66029828915592,77.82607009869106,11.701798102019582,19
195.7142857142857,174.58417774648947,26.690719481174078,114.04577705163767,33.48263795080247,19
195.78571428571428,168.70347842284684,25.860462959853418,103.2121413774765,22.016526190154362,19
195.85714285714283,177.12978586041805,22.69663903977007,115.76350405677474,28.80935342399247,19
195.92857142857144,169.55029459661583,20.96843259945873,103.08592301549928,20.231377324268664,19
196.0,175.9558849592408,23.96828350139741,112.1141157144659,26.780804347191857,19
196.07142857142856,173.9116729460508,26.236525866411704,125.0406483248852,45.199365753329275,19
196.14285714285717,178.6045395763127,24.227303319016478,130.16724099169085,51.56095558697316,19
196.2142857142857,189.16720687821555,26.086864834721954,88.99423660067045,9.945057044126749,19
196.28571428571428,189.72208218890887,24.233111550840025,90.21308316669231,12.789765746158455,19
196.35714285714283,194.3247176702422,20.82422399325988,93.32947005881111,12.02153342787463,19
196.42857142857144,198.7510037059011,23.413013804752083,92.55010686872866,11.341590138478919,19
196.5,202.05016527821275,29.512324137357833,97.2469374120534,14.803019164318666,19
196.57142857142856,215.21973530734599,23.171913949569877,96.3486510848255,11.412705180805114,19
196.64285714285717,215.72378366622513,21.088464197701093,149.78931025896952,48.16063190325464,19
196.7142857142857,234.54882237625583,20.39391236385461,169.05609135247326,60.3733964975963,19
196.78571428571428,212.56567406846796,21.661821203141066,164.52026336444004,58.384349167237204,19
196.85714285714283,191.7780065454589,24.866891721614294,143.82077601360538,48.40741616866089,19
196.92857142857144,175.65171849094725,25.47176763658546,93.19719640898626,16.7803396848403,19
197.0,169.21603974792436,25.19465296438781,86.61223559310368,13.752888596414579,19
197.07142857142856,181.07313909300382,30.662395122331187,89.20328479356539,12.198812379605235,19
197.14285714285717,195.29929942620765,29.272087836465058,87.55966405427877,9.476462275063398,19
197.2142857142857,205.99827121230814,29.15079040094786,95.66968779660503,10.968410088684232,19
197.28571428571428,230.62346311749602,30.9918270780788,162.90198927987927,59.97941927837326,19
197.35714285714283,239.25291230973517,29.548951507921466,131.46233667141323,17.54694183034056,19
197.42857142857144,238.26827091880227,24.65601749884611,143.9865622829406,24.412592183719564,19
197.5,229.0142960178317,21.701327333978636,164.35407355407173,47.56102072276496,19
197.57142857142856,218.01056894991314,21.655152160844445,151.86786551156658,32.067786998217876,19
197.64285714285717,183.09623919718422,23.148125801766227,131.1215469695946,33.26176183304823,19
197.7142857142857,178.34107574286568,25.721577134467594,138.67283618697695,50.95011402219191,19
197.78571428571428,216.4189810819665,28.037652528780725,163.97208340606468,63.72015292574704,19
197.85714285714283,228.91888735279156,26.43377453023223,165.81407451964367,59.58347503300042,19
197.92857142857144,210.71842879349657,26.47911374554357,175.40710274488632,68.94452159782698,19
198.0,200.5079767354354,24.661863505598042,157.65875397232787,64.48877217143637,19
198.07142857142856,197.35552335264703,26.487996030464164,164.30821379852193,74.74224768725328,19
198.14285714285717,209.88289221285993,27.253869484084813,166.0798802586147,73.9408336503712,19
198.2142857142857,235.13664417011125,25.591952606636195,186.3470108331385,82.94864262404312,19
198.28571428571428,215.9647118874093,25.17687361198083,172.73918638946532,69.29923221097634,19
198.35714285714283,232.77685033729756,27.9216850262941,171.7484982041592,58.29178058884617,19
198.42857142857144,233.50599242188952,26.841386575683334,159.78499423018005,47.000065598431206,19
198.5,203.4940460836136,22.963004117512195,156.9790380420395,54.35782187492452,19
198.57142857142856,201.6815322973725,19.07032956396552,167.35980236129407,60.579219455767394,19
198.64285714285717,201.13413338479083,18.96419861297804,171.22283174841576,67.28332045830243,19
198.7142857142857,199.56910108858455,21.74761121895813,164.71565808232506,69.25963170503128,19
198.78571428571428,192.0669368320712,24.389086384572543,155.27508582403328,66.81335351508997,19
198.85714285714283,201.00898089812182,28.823692745135023,156.9728316305816,64.07299254364693,19
198.92857142857144,206.16785153079974,26.593654768481105,157.97546139448207,64.16133548409024,19
199.0,199.4831213218526,25.032300849126667,154.62580254958624,66.70610074885197,19
199.07142857142856,189.27414175971555,22.265660350657186,149.64819736635118,66.49584538656502,19
199.14285714285717,182.4539380067569,17.846782495449734,147.7150097952073,57.600240372040865,19
199.2142857142857,181.57002428809696,23.468127471646437,160.25450244902822,61.93479081520509,19
199.28571428571428,211.312331671939,28.713127901353065,178.29012369351298,63.924598922678925,19
199.35714285714283,230.43504206417,29.482827235384224,187.38736973738222,72.11152610088529,19
199.42857142857144,203.9913031517014,25.829821649323943,180.8850598440783,84.15312617543616,19
199.5,224.06809139178264,24.14393129955812,189.7012621978779,83.89115908964261,19
199.57142857142856,226.5563433937525,22.634501056205853,192.48383333730158,81.91671659619368,19
199.64285714285717,212.57783486535715,23.737730394112734,178.08180233870962,72.62155038448276,19
199.7142857142857,215.94154413972103,21.015938437966746,177.21366871570245,68.78599847956009,19
199.78571428571428,212.08022297092103,26.318880816026525,166.8169216842657,66.85286753173244,19
199.85714285714283,224.09127608326475,28.395387163557075,186.1996726065498,75.27161004630032,19
199.92857142857144,213.42178479220476,29.924596276661887,181.84324329624152,84.70255102846575,19
200.0,195.54817737373858,25.005932296062785,167.82370956961748,78.20584636265284,19
200.07142857142856,206.94021993597246,29.398985973434403,179.88896446006504,81.28145682230826,19
200.14285714285717,217.4743848505367,30.772198854541283,188.73064074492356,79.87094411183217,19
200.2142857142857,222.38168951866822,26.676789301993676,194.17456287188335,71.144775124751,19
200.28571428571428,224.34846601306197,21.09787878713351,191.58838443456213,68.85936656857308,19
200.35714285714283,210.85929049459446,22.479861689330278,192.34323397124135,78.2975453605915,19
200.42857142857144,200.8375470967679,29.803245053248983,189.24025902899928,86.75188763522456,19
200.5,214.92623731989502,24.844912223595085,190.77141861849486,78.77476442594528,19
200.57142857142856,215.38522274254623,25.459022634176577,187.60478983798754,76.4791149968873,19
200.64285714285717,215.50828768369115,23.717483560075753,193.3171496015287,77.78047601112229,19
200.7142857142857,230.8093570069465,21.924245456349354,193.91938939809532,69.55101916339132,19
200.78571428571428,224.11062190457366,25.658619390321796,189.26001369313707,71.48239539663012,19
200.85714285714283,202.95925819144318,25.38949677955672,193.14884242435878,82.45362317712687,19
200.92857142857144,182.53277840089348,27.232513182534653,183.5184375651116,86.72954612846827,19
201.0,192.73515783126294,28.871054294240874,178.01114725338385,75.00612810452354,19
201.07142857142856,208.07837552386403,31.272699434595598,182.34592241414967,74.21206604991006,19
201.14285714285717,210.55057149908447,30.884277100826992,178.44571540833294,71.4645882078546,19
201.2142857142857,205.1508567757121,25.594132102384116,172.00905561629313,69.45390767157578,19
201.28571428571428,228.19608049829083,26.07129566265828,199.85426170680313,78.0912142969945,19
201.35714285714283,251.44494543244613,28.75439384521799,235.3282259721973,92.25900601182694,19
201.42857142857144,245.18496078436283,29.974437739412387,224.30387903263096,88.61425566170281,19
201.5,231.59870715430753,33.215390123114716,216.85238069647627,92.03137741495956,19
201.57142857142856,243.07918085972392,29.19059248106809,220.3160760927026,82.65353971083414,19
201.64285714285717,251.87137900050976,29.175262068354257,231.80500493291478,88.81888365903158,19
201.7142857142857,268.61420001745716,25.729504159289743,227.80075055245737,76.90749468362382,19
201.78571428571428,257.12976629480437,27.812445815629893,223.87334664121366,80.41937097429614,19
201.85714285714283,258.6100184648782,25.985234325941395,219.36705182703696,75.29188221667093,19
201.92857142857144,249.3454711285605,33.20273430692762,230.58523230224267,89.18998497655144,19
202.0,244.98132885578664,31.082295461797642,230.27183539802434,89.7272750240638,19
202.07142857142856,229.41471502840903,27.83241193034314,215.65829977235836,79.68245814619122,19
202.14285714285717,242.02715008305637,22.66614883079869,213.75265679758922,69.48441186818617,19
202.2142857142857,256.82558531949377,22.827534722370157,208.602446909485,63.736673314235,19
202.28571428571428,250.0876952589637,27.128657256236433,206.99334324055934,73.79999903226086,19
202.35714285714283,242.41591409380823,27.44518437000654,207.43355541961017,81.85551918233774,19
202.42857142857144,247.18224600779388,27.556688634489543,207.06319109806165,84.06117351349428,19
202.5,243.80796974432604,24.799969852864436,212.2328121279127,75.13510217442183,19
202.57142857142856,230.31866170818148,20.670492461750854,194.03657405760435,67.49171821307571,19
202.64285714285717,199.57659233837927,17.413367447923196,158.81631141040228,55.619028465222144,19
202.7142857142857,212.7610118100582,28.88973542145408,173.48078871922087,66.95399016252775,19
202.78571428571428,229.8758855450102,32.46714828818028,191.86000496691597,72.73993243583327,19
202.85714285714283,231.00726431799217,32.65776767769937,197.17295108840705,74.16349229850593,19
202.92857142857144,204.18149868003457,29.911669856342815,182.02020196266534,71.50391427943184,19
203.0,211.78415609858286,24.735965655437788,193.14303395413205,80.94052474127264,19
203.07142857142856,206.18325133748084,27.23586851190156,176.20685289411182,71.00832832555197,19
203.14285714285717,220.41742429036844,28.477113123982754,173.26072922165417,61.325779368192705,19
203.2142857142857,228.9432561531647,32.11073243626676,186.21299235983705,73.94338757976617,19
203.28571428571428,240.31128354841337,27.86678441855688,194.89735884499663,71.13136080924204,19
203.35714285714283,233.84028477449516,31.553367274314752,186.10954523734193,65.82574997769582,19
203.42857142857144,265.7936957597727,27.345352067959517,204.7595161833522,67.0733816216907,19
203.5,277.6523154024312,30.108352971858274,234.85969469649345,82.37910832966992,19
203.57142857142856,297.87957308955293,26.834903696686748,234.91379034313528,77.72511100528797,19
203.64285714285717,255.81155264126,22.952589023709322,206.56901023645278,71.62471131443922,19
203.7142857142857,243.0609661700805,23.19053122582693,189.88323765809056,73.70717798476969,19
203.78571428571428,227.98864249689146,25.016699095783224,190.50335467343584,65.12563777584212,19
203.85714285714283,208.98390678083905,24.927965715447407,176.6215769245259,61.25107612167338,19
203.92857142857144,198.561522753915,24.127000081689726,174.62508260718283,67.51145515885531,19
204.0,212.19002809133565,27.047235152119665,171.3783161351049,72.71607916920479,19
204.07142857142856,249.9736496292688,26.498243671728726,205.54749643384187,69.37749703488288,19
204.14285714285717,271.32823202873396,29.618291035482056,224.4203762766147,79.99209395569943,19
204.2142857142857,253.29584807977133,26.971153463218485,208.9767004473698,71.4182102661656,19
204.28571428571428,234.70304282343108,20.98642224335535,179.47726446120407,56.755840767219695,19
204.35714285714283,244.76836115311562,22.34779113192072,196.34830771462947,67.85769702473964,19
204.42857142857144,253.50499932045162,28.854057788657737,202.32144227439952,73.81257468165273,19
204.5,238.41493863206895,34.12533083737135,192.43549358202125,76.87929280396808,19
204.57142857142856,232.81986167909318,33.866597603570185,199.0951084520705,80.32986527619765,19
204.64285714285717,245.6096884381777,24.666671953743545,208.78888901893885,78.02575457715211,19
204.7142857142857,252.27748183907255,22.154039600058532,195.924061237706,63.59214056177069,19
204.78571428571428,212.13206649309612,26.799250931012597,121.31724109579736,23.198025982278534,19
204.85714285714283,180.98385581161668,31.071361899603787,107.38320699095921,25.073574530592293,19
204.92857142857144,199.35681131130494,31.745775004616426,123.753214551196,30.166183679510365,19
205.0,214.43135146303774,30.59064828092386,130.51185246646963,28.502167447522385,19
205.07142857142856,217.56495105943182,31.551990904515154,135.05304720708895,30.902586071179265,19
205.14285714285717,228.0702238950499,27.29769320762589,171.9749391993878,43.3411154101607,19
205.2142857142857,204.29997783466285,26.709641309599508,160.88010860019506,43.19515989312137,19
205.28571428571428,190.01979061307208,28.94728257504916,121.27847390631221,32.66079275663986,19
205.35714285714283,195.91429703762878,27.509425619247715,121.98415412922606,30.984557474148726,19
205.42857142857144,194.85144677216445,28.511095343705747,128.60945725730977,34.146888036965656,19
205.5,199.43270544617738,30.217822018529336,139.4614869878188,36.195887070429436,19
205.57142857142856,207.7836850278345,25.61899696629373,141.184704896446,28.610196971860795,19
205.64285714285717,228.3878701504744,28.376284163315074,147.40632927033096,28.334621363408807,19
205.7142857142857,228.13567622349655,27.64509417322014,138.43592724373448,24.76394938541583,19
205.78571428571428,196.37609516536287,25.096691791189837,98.69293795542976,20.533633673033886,19
205.85714285714283,175.185831489507,27.723794889655625,90.10562163748217,15.122161212814422,19
205.92857142857144,179.89293844572794,28.00310610420142,98.1974341757912,16.77688291129944,19
206.0,182.51701184380872,24.853666362099858,141.9695315935787,41.966142509400036,19
206.07142857142856,187.56729034772587,25.254076434905055,145.6212118840702,44.97488396522661,19
206.14285714285717,188.62728341095223,23.023488228848915,142.34801233201034,41.16605023271438,19
206.2142857142857,211.1098887500759,27.032631153439922,164.94153464453314,46.29938771956726,19
206.28571428571428,207.71785679251624,26.729310207457026,130.55042725789693,31.247353757220257,19
206.35714285714283,230.7355073544104,19.072266310424467,146.7611240085563,31.42266505371073,19
206.42857142857144,222.60191531345484,18.54384523897406,139.8905665500581,30.047633813040076,19
206.5,198.62293432532314,18.76838861513541,161.86991536496666,46.27631554569693,19
206.57142857142856,195.79868117650182,25.62049903269802,158.12842929381324,43.98303765085443,19
206.64285714285717,201.08360864749022,27.57104151940195,145.74043622746967,41.868565600281016,19
206.7142857142857,203.03008560530637,28.802150287126608,156.19047254990843,47.6035857877008,19
206.78571428571428,183.39885845421173,30.060379421460286,106.28921607867063,27.24947079290008,19
206.85714285714283,191.10927426079374,24.250846455456163,109.7721528431987,20.14782329748854,19
206.92857142857144,203.65449227708757,25.914742166371028,111.28482857383008,18.306771990827592,19
207.0,189.15849088015935,24.832822241261944,136.0631034324932,34.5911019751589,19
207.07142857142856,200.3904892065361,23.074896887079774,138.63961434448257,31.661035440610892,19
207.14285714285717,213.55058056208577,25.3825765285088,132.18153741164414,27.310035092910415,19
207.2142857142857,205.99765935993133,26.250204183666522,136.70376779906454,32.376335822446784,19
207.28571428571428,205.2914504774575,23.636406865976248,114.68392776677098,20.992665693607016,19
207.35714285714283,223.46292246429857,23.016300055134323,126.12275020611011,21.70454864427583,19
207.42857142857144,224.98841767879873,22.545135396437576,130.17542664493803,22.257235895992128,19
207.5,226.5771867916181,22.05592308016896,136.33647094149035,25.62400033289385,19
207.57142857142856,229.5618808837306,23.608800319350056,161.38902974605202,32.70043103245546,19
207.64285714285717,223.94310047023555,20.482244339268437,150.57075967973796,29.81254810418301,19
207.7142857142857,222.30508189264646,20.549406426415324,141.61224848339745,24.49515930609782,19
207.78571428571428,234.66673829752514,19.836908273305603,128.63227550360617,20.07357383637692,19
207.85714285714283,229.20674834374435,21.794355370675625,123.6048389920904,19.717533536771704,19
207.92857142857144,197.60613250381925,23.067306887546188,107.45386027380057,21.719542652323174,19
208.0,185.27667122854592,29.931479204480496,110.28388383562556,26.687719000085668,19
208.07142857142856,191.51200824885134,30.590805473665924,106.43116035798501,21.238284942540208,19
208.14285714285717,210.33111898735297,27.98304912667826,125.6770013033562,22.301028947222946,19
208.2142857142857,227.74536088978095,24.322961759749898,135.92604234040007,22.34073410281132,19
208.28571428571428,233.35800692559943,20.827364624144916,122.5767883172209,21.04556614118082,19
208.35714285714283,253.08810348361018,19.76256157495863,120.51344288633645,15.559503899361683,19
208.42857142857144,239.47218937930953,17.895145259488665,123.37624341936258,15.016679388307836,19
208.5,233.5737033003164,27.26378012572367,126.00397582503489,19.651945557757028,19
208.57142857142856,242.55382325198096,25.248937150723542,127.45975432832034,22.01331445654021,19
208.64285714285717,229.44173716176144,32.91595759350711,119.3483066387915,20.329981727038312,19
208.7142857142857,215.5979077086416,28.86881282568531,108.87219598918045,14.444589912909015,19
208.78571428571428,214.4685089799464,28.40263902310399,108.64460905616653,10.972652943568418,19
208.85714285714283,205.61269167126764,21.10683124097313,109.82749736991393,15.106210221499625,19
208.92857142857144,206.18468659469667,18.385752368228207,115.82358586395715,22.67114079476967,19
209.0,194.8102236466505,23.934462083002124,112.4169753834759,26.216069559591794,19
209.07142857142856,222.5776451373441,33.475947611404216,122.22308455035727,30.508012604789144,19
209.14285714285717,213.45122158084325,33.60992451492213,113.54861615968504,28.424512184416546,19
209.2142857142857,223.46022473980693,35.45091114563844,112.61194427054492,27.601594699083563,19
209.28571428571428,228.3076936476556,32.987046506646564,145.67073509595548,34.39079003396714,19
209.35714285714283,224.26750811446018,38.77631081543323,136.53678127226271,37.45232406166517,19
209.42857142857144,220.04415577849812,34.461390129466345,125.68087604835395,30.45639794928725,19
209.5,216.21426425817018,23.945587994419824,119.77795976330736,28.611684681543803,19
209.57142857142856,228.66334209702777,15.62720444425392,131.89427298261245,29.240864667334076,19
209.64285714285717,209.76444793526534,24.223063694810385,128.34473803543813,30.215858821700017,19
209.7142857142857,212.5012713979459,27.630560159182817,118.50907246123613,23.30870608842285,19
209.78571428571428,208.6611350745211,32.29676446724881,97.50423375218418,16.39572253526087,19
209.85714285714283,177.57294485235116,33.80450120806219,86.66405061081451,16.3478465172251,19
209.92857142857144,205.13075784743697,32.10383178616336,92.48822520660322,13.40240093144653,19
210.0,221.03309648085312,28.70344113131569,98.69215630803866,10.358965417104816,19
210.07142857142856,219.65144171407508,22.37593268223676,104.83320525003862,8.7499171453375,19
210.14285714285717,225.24928281921288,20.724596978337228,118.66989132341324,15.848490935854704,19
210.2142857142857,231.73502157608843,19.88289993111773,131.30283146374543,20.48359988922351,19
210.28571428571428,239.131945649413,21.804793930678592,129.72184443799816,20.310844644154482,19
210.35714285714283,226.00255269798384,24.182618434014095,129.02327130367962,22.72965584317985,19
210.42857142857144,205.5537353268365,24.645821302153312,118.22630326224929,22.488458496352067,19
210.5,200.20671658675738,23.348239318690688,111.1800494862447,21.032183411530685,19
210.57142857142856,202.04437009876364,23.78159054214323,117.95402907407728,22.769692376789592,19
210.64285714285717,192.80257008068548,26.969768126960908,112.44310403460024,25.000797882021363,19
210.7142857142857,208.44142185168093,22.111780889126997,126.9375075200843,25.606458992844402,19
210.78571428571428,215.0552037106201,18.91083512562158,115.55542094141896,21.085903438626808,19
210.85714285714283,231.0384739368492,21.51068383535427,124.86222753547894,22.309973648784332,19
210.92857142857144,226.4483635203148,21.997520140372856,131.1749275566385,22.989583605943903,19
211.0,216.95875602000078,21.85361588933641,127.9922269532179,24.30774612338704,19
211.07142857142856,224.78732005231478,23.918507917748578,122.37513500582551,21.62372212324955,19
211.14285714285717,248.78144943047346,21.81951060907558,119.42797849924784,16.302397446608488,19
211.2142857142857,241.95840318897018,19.628419555404946,129.06613762979455,14.35356039551476,19
211.28571428571428,220.40745248085145,27.485812478077055,118.32377230850108,19.196943910378575,19
211.35714285714283,232.009800388987,25.20303898322884,119.24030636512107,14.888870595061709,19
211.42857142857144,211.67288115810967,23.47973950175493,116.1318719337972,12.285545516069034,19
211.5,233.74744869976365,29.495168897639555,108.29472469575904,16.146675487738115,19
211.57142857142856,213.12417794733375,24.41558909755992,126.3681218421841,21.410942965384685,19
211.64285714285717,207.31205148447285,25.058876003894028,130.68027344390313,25.54104014911668,19
211.7142857142857,201.4406443473047,29.062170636655065,130.52259111226496,27.322531619198767,19
211.78571428571428,224.12008679576692,30.580672492086265,136.56180525962904,23.132644996577042,19
211.85714285714283,220.9961234327964,26.217442811586512,128.31204434723446,20.900486685791446,19
211.92857142857144,233.9368335906085,21.39285583349513,140.39581640494367,23.120257326218002,19
212.0,252.90082220677243,21.41033196511019,149.6740413417412,27.51654965106093,19
212.07142857142856,240.1953689239876,23.494693781595092,132.21053255959853,19.12554980016045,19
212.14285714285717,234.82694498640768,23.076443634414787,130.4991841055129,19.069739828392215,19
212.2142857142857,207.64402108233196,28.003830912612713,116.65829693977724,18.677682758022662,19
212.28571428571428,213.77396574620712,30.13267424378933,119.56710871936508,19.227151069534276,19
212.35714285714283,219.81913448301188,28.473536634579215,125.91056012617827,20.03629803931916,19
212.42857142857144,222.17520041130453,33.090810187914926,125.1269624946652,20.651617901520638,19
212.5,201.27705913241826,23.413239616497588,145.91723185395958,33.6623353706579,19
212.57142857142856,188.8266522479031,22.821001759101154,146.94077322511566,45.30242080921917,19
212.64285714285717,208.38701181229865,22.721965378213987,149.01921785269315,40.255201724678756,19
212.7142857142857,217.5556098879486,27.793609132858077,122.71571752240615,21.349534252589255,19
212.78571428571428,196.6886886321991,28.969255760473963,115.19761139062976,22.974922633707653,19
212.85714285714283,196.97737174735983,22.334335836601667,114.28612279622112,22.074531544413915,19
212.92857142857144,210.51147204617993,21.092383080851945,120.02139754140376,21.526800903695264,19
213.0,216.7472757386931,21.2595505228477,136.84821028861944,23.406856117359588,19
213.07142857142856,222.72248397788144,21.73882581463907,133.92226902433947,21.285662445866656,19
213.14285714285717,232.35620447907903,18.655519159425964,159.06355577420376,43.7327068091809,19
213.2142857142857,227.97828332562722,32.353442209987406,160.5134221893352,44.20446896006111,19
213.28571428571428,237.15034704959012,27.016442798903014,128.1711862417408,18.379701809644956,19
213.35714285714283,248.57945301672848,23.120125491354266,159.48330629320685,37.84453770323634,19
213.42857142857144,268.675369112703,20.738075407642913,186.84909355636267,52.03293952173368,19
213.5,254.6743094671672,19.618391019399407,128.49319987284042,16.756905790572283,19
213.57142857142856,257.71643805395996,21.69599462185673,170.09805881795424,41.71286761875562,19
213.64285714285717,269.26548291785025,27.30659900448835,175.35517595877485,42.073916722247816,19
213.7142857142857,277.00673452286105,28.49927981902858,137.5268620782526,16.78037762330384,19
213.78571428571428,260.44935254374747,27.69845027845205,135.1126581677071,16.785930456786172,19
213.85714285714283,238.83965201372774,24.505648958630495,123.56541008389554,16.5160614824016,19
213.92857142857144,235.08491827190963,30.47850969447003,126.9792171928565,18.753563503730028,19
214.0,222.67203724256862,28.510196665224505,126.18358210026165,19.418049875262067,19
214.07142857142856,219.44736854221762,31.165167632026193,125.20529995892595,19.210837300201604,19
214.14285714285717,227.28390544801212,29.751067307184268,196.42678285810706,78.12539647889719,19
214.2142857142857,227.323123865411,29.322355629666568,193.12366185950904,75.51252412199908,19
214.28571428571428,228.87201149527823,28.25054243982493,165.98817681834072,47.473677849130645,19
214.35714285714283,241.6515615030294,26.58576937709745,185.49423225203842,59.733450660397885,19
214.42857142857144,206.05078890158913,27.157026535681222,113.84891690341627,18.38479050480447,19
214.5,206.85951076321768,23.49117601605882,124.65936742229533,23.95099133077724,19
214.57142857142856,226.1348826834692,17.978361681810668,135.40480932669436,24.569616116735542,19
214.64285714285717,265.26111593889556,19.028474739965393,233.45685373993945,80.73387262352283,19
214.7142857142857,260.9042127623218,25.181523392628577,245.4507369656311,94.4958509821334,19
214.78571428571428,244.2477335231448,29.6272277249311,233.55901710162533,95.85291354064063,19
214.85714285714283,250.55256633407564,41.67530069653665,271.6691979600269,133.40377569792005,19
214.92857142857144,239.9161188239247,38.278338802965784,250.9333453772799,113.80526418291555,19
215.0,237.16719392840756,31.725472173527923,225.87596489034718,89.05223451429114,19
215.07142857142856,212.4517163437288,29.841030339279502,205.5112272586856,83.6328095029132,19
215.14285714285717,201.84933937180386,30.190760598584454,192.57624772706,87.96876564335965,19
215.2142857142857,207.91115525826007,37.000583059590184,220.4508678243992,112.3335748980678,19
215.28571428571428,221.17921388870388,35.65919064934306,228.53692171966125,114.33138830048354,19
215.35714285714283,225.07094100463866,34.62574679938036,230.83348008162605,109.05345534586192,19
215.42857142857144,210.78938032001616,36.54158674817533,227.36299085707904,119.16786137016317,19
215.5,219.1225840182822,28.75352478364713,209.40766078712664,90.38820365186791,19
215.57142857142856,215.8625185042929,24.314089184518135,183.412038045947,64.68538995243928,19
215.64285714285717,207.05616217454585,29.400907228842268,209.36524555595452,98.05498875021,19
215.7142857142857,234.37163825991203,27.820713821949003,213.51875525255906,89.3278214831307,19
215.78571428571428,227.20374439781833,29.76134591740877,214.06943064780071,93.75957295454978,19
215.85714285714283,228.1386375516397,27.775039035146786,206.40946533679863,89.68162064953283,19
215.92857142857144,235.51817928909674,27.24987579120627,210.0234912161915,95.4659630361005,19
216.0,229.7617946549646,24.397944989782243,186.71425067604594,75.08267065161368,19
216.07142857142856,206.02517034748377,21.86898947169336,160.19616732323078,57.6099655474458,19
216.14285714285717,201.4220662331388,21.65741435196723,157.07653581260598,56.599521315511595,19
216.2142857142857,226.94959539225584,24.223459241394302,172.25078769865416,69.64909703802195,19
216.28571428571428,236.44767930099314,27.404883642885952,186.63129411435787,72.2884392080731,19
216.35714285714283,241.40887489248271,29.136136561535263,200.860947652178,79.96466212160287,19
216.42857142857144,237.29010302272656,25.941584145081908,209.97910092031108,86.32247776997183,19
216.5,231.6917852112836,19.02652659515593,185.66310404224552,63.382515627250065,19
216.57142857142856,235.5816144551466,19.71528956083177,181.52745392292314,52.97183521247403,19
216.64285714285717,244.81577370750924,25.262410648070748,181.0489887828816,51.130723747556715,19
216.7142857142857,240.76530225217246,27.427598333636524,196.8526752263963,64.27042536978966,19
216.78571428571428,245.98951571077066,27.67182359323483,206.1163174979235,74.52361304884231,19
216.85714285714283,232.16468652794543,26.94200227094842,204.48031308168495,80.45696524598023,19
216.92857142857144,236.02824283178157,25.33333291770193,199.04155988082846,76.97643613802973,19
217.0,248.82670793652008,28.03722118577346,214.44273125334638,85.74340292689344,19
217.07142857142856,219.91032726931763,22.11150382052379,177.82235591702022,65.66859215985227,19
217.14285714285717,222.75560131006173,21.470288039316387,166.00680482587876,55.40463422089252,19
217.2142857142857,226.57588618725225,22.768040615427566,180.15618875897155,62.74684232429378,19
217.28571428571428,247.66126425438804,25.365575496271656,190.82001272727263,67.90544257286011,19
217.35714285714283,246.2621305698459,28.58877102114284,211.69546614673473,79.43810939632638,19
217.42857142857144,267.0809759328244,36.27294307011095,263.86601391091426,106.02142432380641,19
217.5,267.9018693185227,32.54096548578778,277.99579480357704,106.27897554312632,19
217.57142857142856,269.96069154830815,26.77741937195718,249.34100724992,94.44566447473743,19
217.64285714285717,264.400142976873,20.09157960709243,233.20974467254572,77.21400047423523,19
217.7142857142857,269.05387212401587,16.498399891203515,221.62651692650712,59.6288838421976,19
217.78571428571428,269.77733107670485,16.613919496654976,220.2490791698379,56.72178312256357,19
217.85714285714283,241.95400650096047,23.781609572242974,224.20028682142714,73.51948670509051,19
217.92857142857144,234.47841816552798,30.29934856796531,228.13046128810154,89.1271244510335,19
218.0,241.89006340156243,36.06688358756392,229.90423666437624,105.52299951921852,19
218.07142857142856,239.82216896699214,33.44810749217988,235.69825694150612,106.03001150041233,19
218.14285714285717,242.83980593676634,24.072596299781072,221.4727291492182,78.095681367483,19
218.2142857142857,213.76476347140252,26.535386982704118,187.07880562287198,53.0373832386468,19
218.28571428571428,230.03889949665628,23.692530492535496,212.79531496600205,63.00547482354108,19
218.35714285714283,246.49458250827502,26.322068255249626,233.85801612823164,84.24799177460353,19
218.42857142857144,246.8791979909161,30.322050551779057,249.59366599662496,103.23769856492572,19
218.5,268.67708094959113,30.077857051389763,258.0597141535914,98.64320378391976,19
218.57142857142856,261.3348797184834,32.40510853853651,269.0918169643565,110.23415140115924,19
218.64285714285717,241.81364067712576,34.59378625799379,242.0224792355318,105.3153837460868,19
218.7142857142857,214.99943144774224,33.983973120370536,140.15194897069838,43.514591946364504,19
218.78571428571428,198.0523258069325,35.61118131923244,142.379475713048,43.79815584429131,19
218.85714285714283,238.4449375552209,30.593920230913206,229.02347873639928,80.67487328644734,19
218.92857142857144,234.97047584312568,35.653262152048875,230.82223373281155,88.71662422259588,19
219.0,240.12720407492984,37.47164345282682,233.27286494758076,96.40417730617645,19
219.07142857142856,238.53589009187152,34.668948103083736,239.21217796225088,105.51093050469562,19
219.14285714285717,212.63291348178154,23.01942547980277,132.1114157203146,25.64435103126514,19
219.2142857142857,182.61254638239876,22.66877907517065,113.46192382509429,23.084057383142046,19
219.28571428571428,190.54917000358975,26.80167205528755,180.4342503851485,79.43156734428325,19
219.35714285714283,215.53694857788994,37.464265761676685,120.22441591951085,23.617713517627976,19
219.42857142857144,206.29673029827933,32.07886039108324,167.70804313407183,64.44217685350247,19
219.5,211.2920250166083,29.830815679627335,182.59458858621443,73.7696244611478,19
219.57142857142856,217.35413730788812,31.937668503085618,202.31524420906194,92.89104405136904,19
219.64285714285717,243.38512677839506,30.8567331175104,227.86357728228776,97.03810973458688,19
219.7142857142857,266.9423614017527,26.085571457597748,243.1751249124584,92.32514202224947,19
219.78571428571428,233.43879707594695,23.77373531489462,214.5218297450136,75.03662618667249,19
219.85714285714283,221.04298609867593,23.151455762111045,139.03625758113097,26.922657730013597,19
219.92857142857144,228.41374544712366,24.722553530323257,185.0456518039548,47.07829787239439,19
220.0,222.44167624741814,26.212553753694916,172.83834948560528,55.7143409969269,19
220.07142857142856,221.45609885799624,28.777445421963225,198.60161641295198,86.18881930778389,19
220.14285714285717,224.6576121960214,28.259193140046378,221.2986412701613,88.05048749594019,19
220.2142857142857,222.0684887968881,26.97513285494586,209.6330164238069,77.20504932719712,19
220.28571428571428,219.76237938135895,25.498311366048558,131.61431718256773,29.18959741409548,19
220.35714285714283,231.2312094033751,16.791609327080348,184.3205348546456,56.65386972045318,19
220.42857142857144,219.74970096255043,20.579975650114097,191.21911701334253,72.04765612867182,19
220.5,193.9285979474764,24.08052422459643,177.17375214133057,77.77064275552766,19
220.57142857142856,209.01838687863003,24.932439121973296,178.9565899805522,74.22156047081307,19
220.64285714285717,221.7484584860257,19.78406907561991,126.85703675321965,19.93705964170417,19
220.7142857142857,255.75177919344063,26.987360315872497,212.42339945292858,82.07824245622068,19
220.78571428571428,261.62680604289153,29.26251448350376,221.80254148352816,81.0054981188063,19
220.85714285714283,244.40733717236708,31.331721315357733,222.98998509468018,95.10086609798121,19
220.92857142857144,224.68932978292787,31.42758211257018,188.17821475456864,65.45568159445507,19
221.0,217.33472222553422,28.236604169015845,166.9711099258105,45.070571807542706,19
221.07142857142856,210.66943464832562,27.276924740838336,189.2399968492388,64.26213708507414,19
221.14285714285717,205.79616362820641,28.51501180943131,208.8763318321056,88.7962667170805,19
221.2142857142857,209.82741877078186,28.455495100944265,214.14414460185324,88.01210950869913,19
221.28571428571428,227.732909622005,26.73290301316626,212.31323385440263,79.64375025093884,19
221.35714285714283,228.88474484920945,24.5291140972808,214.57153876505944,78.62881982396374,19
221.42857142857144,233.5636764006368,24.61653993730112,226.64559389426137,86.5660461762602,19
221.5,232.37950955635765,29.500753982609478,232.42117788999425,95.8419264356263,19
221.57142857142856,241.53405500573214,28.95062459297674,227.66908386112135,92.28198902107572,19
221.64285714285717,229.1983522811068,25.84424658538909,199.33342795579753,77.87631372629535,19
221.7142857142857,200.5089972306975,26.55743189446057,181.28039709963173,78.03433912068125,19
221.78571428571428,196.25173963579834,29.044800807615616,189.2658375515879,81.70043821929434,19
221.85714285714283,194.67619751482619,26.112453502892166,192.38973181399194,80.96031563727308,19
221.92857142857144,183.320633761983,27.464709274109225,170.09575478746146,62.48031747227388,19
222.0,173.86841863107264,24.193568272282103,156.59315807985163,51.97129316746821,19
222.07142857142856,184.38134884231118,27.594868645717334,177.36433693038654,71.81721273632472,19
222.14285714285717,238.95320941531136,32.69853966830389,222.03618164998377,91.6614641289283,19
222.2142857142857,256.08622620510283,29.751399830583384,231.359513818505,90.95540664630758,19
222.28571428571428,254.43961843344283,31.338862226780616,231.24920529333983,101.47537083396111,19
222.35714285714283,242.93679993352686,25.58417564411068,210.94951758405307,88.91801138410291,19
222.42857142857144,225.02643878323923,24.750386912840693,199.68088630936484,83.14939910780205,19
222.5,223.59023565527792,24.302655912345315,189.82620955393114,74.04171826915633,19
222.57142857142856,206.50027949066566,21.51084449792404,161.71346148351637,59.31625053565204,19
222.64285714285717,199.96159271154173,23.328976113986,142.6418540416553,45.920791489078375,19
222.7142857142857,213.696484345232,22.967031977390278,143.03043859428757,43.70197583275502,19
222.78571428571428,209.01150871393813,24.86362651142684,143.93854361408535,48.51797639746919,19
222.85714285714283,195.3356075769736,27.356339900910594,163.0456697215139,64.32935704156478,19
222.92857142857144,183.08345744397437,24.86907919872398,153.7300270123784,59.085088839032885,19
223.0,172.69324692850614,22.87588502441068,162.8043333368558,64.3706761403993,19
223.07142857142856,174.23586158259496,19.638527776321144,139.83287902824222,45.10324897203173,19
223.14285714285717,180.7648473522735,26.213928383194414,119.38149033195444,40.34538270398197,19
223.2142857142857,192.0028952834006,24.495436576344993,132.35336028489522,40.96820393657217,19
223.28571428571428,221.11003071492203,27.103108954046405,155.8877185297943,70.05108614802263,19
223.35714285714283,222.25617819448294,25.75961089449066,176.58935670540816,80.29095873461605,19
223.42857142857144,229.30795010137805,27.00664046690553,181.4851074811878,81.86482334349706,19
223.5,207.77605376417523,31.56358782385216,189.50433050227744,91.47153785768941,19
223.57142857142856,208.6517780266523,29.553744749778183,186.46484537488803,83.98616482191477,19
223.64285714285717,203.33925486103897,27.127948102854962,191.99566568569534,80.50660189660793,19
223.7142857142857,215.54940428315356,23.52574076360055,193.8222355621093,71.57120344860486,19
223.78571428571428,215.3010455143181,21.917959249651254,132.81755169650515,27.776893524652,19
223.85714285714283,207.87499040275242,19.27739479756912,127.83204258422897,25.434757211699875,19
223.92857142857144,197.81344464670764,22.525817439271933,122.46785351434285,24.265400868786074,19
224.0,186.9678036435497,25.451078749303292,112.89365066554802,23.372226291310337,19
224.07142857142856,187.42325360377853,23.77395757679203,102.6082181940769,19.558104954849135,19
224.14285714285717,183.58458296629644,23.88148931872741,87.78361655596015,13.399758676011066,19
224.2142857142857,204.00738985755453,20.995262219981893,105.98177930838149,16.145482931683123,19
224.28571428571428,222.6221015243623,22.0169532696477,122.76608732994971,23.08355743057351,19
224.35714285714283,229.51724765814532,25.26155158569015,138.78770671895276,25.40486709648274,19
224.42857142857144,253.36218218444117,25.03929074385038,149.95295876747025,27.10567845716689,19
224.5,248.906848599983,26.175348053540002,144.01690719896226,26.140335022879174,19
224.57142857142856,221.26494218301212,19.622853637644948,128.64344701541341,24.008780152529724,19
224.64285714285717,208.29607502735064,21.221995193186853,120.11110668866104,23.904291973860882,19
224.7142857142857,207.82152504576916,25.86718854831949,118.40114551471422,23.008129493889463,19
224.78571428571428,194.5317726218636,31.821236492661328,96.53849655785685,17.147808986369068,19
224.85714285714283,194.67593414290062,26.567287329251748,92.09797712216549,10.5962701420889,19
224.92857142857144,209.75696700326577,24.767302720866702,130.72783287057217,40.345078308565064,19
225.0,214.7681427656674,22.47163451857421,136.13253911864192,29.698503022636814,19
225.07142857142856,212.82535524972633,20.605362916713414,140.57361789534713,29.49694560982556,19
225.14285714285717,201.66442227230763,23.851550581876836,139.01999697919538,35.64220418868373,19
225.2142857142857,190.79216755975148,25.29838120949909,153.53618904456386,43.42774653102364,19
225.28571428571428,202.9748609585831,30.433274742366894,133.65883969317426,34.337769306591376,19
225.35714285714283,202.56445479805717,28.733121488404464,136.53047535099827,36.406095344219956,19
225.42857142857144,205.60542871891172,27.87050147081237,135.33699253315774,35.39384285005826,19
225.5,178.96526222928176,28.100374645127264,110.00290208525126,31.337981440473467,19
225.57142857142856,174.70598608444806,33.11025842137417,100.33605439716376,27.95724262722626,19
225.64285714285717,162.7119863249755,32.304249605596446,88.98441959887094,21.894388809484052,19
225.7142857142857,158.98454454668573,25.107581912391453,101.56462831221549,17.64901625154935,19
225.78571428571428,153.5927174545674,25.009368635299353,98.47826146467882,21.57246478941822,19
225.85714285714283,160.8135513034902,23.44488247669637,111.35939828967075,26.36189149650789,19
225.92857142857144,168.5728768543494,24.145422277929164,118.54750545117894,29.133117685432726,19
226.0,179.424429051453,26.965046163035726,126.66602276221468,28.85215840894237,19
226.07142857142856,182.81473103424403,26.141707372295173,126.4986102568666,30.441162631808925,19
226.14285714285717,179.43499737233586,27.20049568288815,137.82308282959096,40.75650120031509,19
226.2142857142857,191.5167197184867,27.539324769313886,154.38905685691884,47.45750167080103,19
226.28571428571428,186.50552911899328,26.570109254362063,148.30743175351665,48.791730097433934,19
226.35714285714283,183.7456928538489,26.50126526163034,103.67484173510493,27.323960133222588,19
226.42857142857144,189.3128784708633,25.854892541350203,106.44432344878315,21.118904889793328,19
226.5,178.14622417334684,24.544893625281205,118.75798254167782,30.47973760615132,19
226.57142857142856,177.68247657529184,26.061345478809905,126.69708373493395,36.31945503109587,19
226.64285714285717,171.80213710252892,27.873105552644525,130.95933935669694,48.99194277003889,19
226.7142857142857,181.98168392229678,25.1655267074996,138.0503011579056,46.892175141613436,19
226.78571428571428,192.3812640953186,25.87240779587088,142.09224125042755,40.834428525425515,19
226.85714285714283,170.51337230328244,28.287196712146496,127.4323783427427,34.890645972514974,19
226.92857142857144,197.53027143821652,31.22314508997853,152.8748613557682,43.98343438192142,19
227.0,210.44819867606034,31.243346174452927,179.79402240455218,62.0348076813353,19
227.07142857142856,198.9962019784157,30.932710142160943,174.6137834791526,65.31988566814829,19
227.14285714285717,169.285734369751,36.27370978705916,181.89529366405415,88.7081066386278,19
227.2142857142857,182.52749538337042,35.77684022465043,195.38485432695722,99.28972132737366,19
227.28571428571428,203.40533070507186,30.374627379961517,187.02718704655686,82.35837490358549,19
227.35714285714283,195.4272501809615,33.850094409688474,196.70652723793935,86.64977322172642,19
227.42857142857144,196.98644249213424,33.68464625477546,205.82024789922704,102.18840624650998,19
227.5,168.01257361173884,29.868320971265234,167.48906779285463,84.73007139987325,19
227.57142857142856,148.35805259425993,26.16315577116743,132.7115310399908,58.28015698723409,19
227.64285714285717,159.49696277440873,24.29026998554694,121.04353093781303,41.21165205376279,19
227.7142857142857,168.31129589583776,23.09364761877012,141.8249881693139,55.29378873647465,19
227.78571428571428,166.8530861995331,26.361678199716067,159.7120239163737,75.06777542273119,19
227.85714285714283,163.3913032850083,26.77132242046874,158.9223720357183,77.3471577264128,19
227.92857142857144,175.81226691098686,29.9277815363754,173.4986383988897,87.53203415549625,19
228.0,189.04282808926843,32.214092404778604,190.79064603626622,93.29681208689396,19
228.07142857142856,192.79973986059068,28.58689052184455,162.16111978653169,75.65385679420751,19
228.14285714285717,204.7625787518893,22.095422325988373,173.71778767708528,61.66916581705372,19
228.2142857142857,196.28413866312434,25.425533382826146,162.03377820590444,56.016299424870034,19
228.28571428571428,193.1257651907981,24.56122447281199,159.18526384165483,59.8010623601208,19
228.35714285714283,203.4767995595092,24.296231202212358,173.22968716237057,65.82295537103128,19
228.42857142857144,200.73826777264765,27.73786763137364,197.82568435314548,81.50179501903372,19
228.5,189.7445947163903,27.25269682546592,188.6320021406759,82.86700229039175,19
228.57142857142856,168.38697367728537,23.486052820309975,159.54825889579558,62.6932168439558,19
228.64285714285717,189.61487997262265,26.48323983001956,176.82467631757964,75.2716574466582,19
228.7142857142857,166.4631809071187,24.455857674675542,156.84505299627753,64.06307874573534,19
228.78571428571428,167.3434974832715,25.756068693168633,160.30187762995507,71.37885585574142,19
228.85714285714283,177.90930362527317,25.31311995492629,177.0849326231864,84.5684341527189,19
228.92857142857144,170.5124087501746,21.15504773358038,167.6879662059904,73.67464504536895,19
229.0,161.86619171262575,21.432208980925978,157.9937516109706,76.21118136142132,19
229.07142857142856,139.78553536774888,20.76663937838542,139.3750209248981,69.0183091095532,19
229.14285714285717,143.79191834508597,22.53634880575783,157.21366632411105,83.71671577561837,19
229.2142857142857,148.0608928964428,22.057428381974365,159.21796345049978,79.06869546025479,19
229.28571428571428,144.6593313865256,21.923312021933757,158.66644141462737,82.22145190516979,19
229.35714285714283,148.27139679284375,21.916888441346618,151.50553117002605,79.05796474237435,19
229.42857142857144,141.09600050872726,27.892876699725548,158.97345523604483,89.80900754057349,19
229.5,137.92492039277116,23.308598373953625,145.86264767627404,74.2388369925886,19
229.57142857142856,163.43971080205196,36.001377584195545,200.1374887597641,115.67729183524693,19
229.64285714285717,185.9528186930364,30.588020270930333,185.96512075207934,95.12945267582192,19
229.7142857142857,204.5276573825602,29.057599120599452,181.63629460440492,87.242017508349,19
229.78571428571428,188.6412168534666,25.95889388162085,156.46914457441514,64.65780284869008,19
229.85714285714283,170.2613271161494,33.17335500199519,148.3436233872425,69.6634831266828,19
229.92857142857144,192.0367137090759,29.338845220642,183.9607263175766,83.8586560735432,19
230.0,181.18539698788845,25.403405119257908,175.3215652346837,90.0553303745205,19
230.07142857142856,202.2450241509547,29.17170156218282,197.38050469296448,101.1350047315711,19
230.14285714285717,196.90451229111062,27.42265575449925,180.2814179660672,90.4536208433418,19
230.2142857142857,192.30428494214772,25.48662496229286,175.13221815064585,87.47337831753886,19
230.28571428571428,181.5738810282668,25.043192605173825,171.15773497238231,69.60929059146608,19
230.35714285714283,159.93768616568363,29.724244702605688,150.96042927677325,64.2706501872639,19
230.42857142857144,172.1125419747613,33.02431030198322,152.67670615741622,71.9797128366795,19
230.5,154.8969431642229,32.52022185308103,158.62053379842322,91.38834410762422,19
230.57142857142856,160.43128881300024,32.737410673418175,168.36993549774652,100.71083595672567,19
230.64285714285717,196.19079013323227,32.3443114652907,193.49396837937914,114.60151558973999,19
230.7142857142857,185.62160409064796,23.66823289804354,172.5494614222062,85.54222890373836,19
230.78571428571428,197.26631176398357,24.07224647719945,163.69195919507084,66.50958811366482,19
230.85714285714283,201.3046181582768,26.180363014701086,151.38494563346552,53.72288162068006,19
230.92857142857144,203.8300902417151,25.17415023769998,166.71058281515585,63.63702805316587,19
231.0,222.35403777339312,28.420441658100902,181.70390574251834,64.26938212773365,19
231.07142857142856,217.73573513321352,30.992173637371756,179.73134478441418,67.13110039769279,19
231.14285714285717,203.14451237586974,18.476733313632757,164.50702304339856,50.30738048898491,19
231.2142857142857,195.74853368597033,18.84974785728118,159.5020071445168,53.063767980381186,19
231.28571428571428,209.69086379180928,20.84651989724203,151.89097818623293,44.61903796829753,19
231.35714285714283,192.94734537650072,24.160313477521708,136.32858769063304,35.24978908731595,19
231.42857142857144,190.44288764829727,27.708925158923037,130.42692689312528,37.62418846722386,19
231.5,178.23126594378337,26.538962030384603,137.363956755995,48.401003002798824,19
231.57142857142856,178.16703332898217,25.52135155724695,136.95843348189769,50.5053724987096,19
231.64285714285717,184.90626664632893,23.779587307895753,94.15191601566562,12.221169154721377,19
231.7142857142857,181.16538873767607,22.74623067076653,93.24482766756715,11.683761157321316,19
231.78571428571428,165.2257174599375,22.10076917237531,90.45911496991191,14.951632239258531,19
231.85714285714283,176.6167931857973,26.192746944103163,95.72082814978458,15.07898421005826,19
231.92857142857144,153.80253859316184,28.687272028060523,90.03402378158577,18.26788482411952,19
232.0,152.3808911124578,28.75596576568137,86.14568836070742,20.332346117064137,19
232.07142857142856,163.91079630176768,30.555611217683538,83.80753150805386,18.891961785176367,19
232.14285714285717,185.58032210209117,29.804958137777042,92.64860081881507,19.203128743633798,19
232.2142857142857,194.79383101984024,27.750976675418293,113.43576031449172,24.825998753457597,19
232.28571428571428,185.8347520723167,24.382353561328948,106.91349877327767,21.33359802838758,19
232.35714285714283,199.1852029968753,21.636504359646615,127.87037019618789,23.986429945233184,19
232.42857142857144,213.1229838712043,21.529307497761735,138.35965818373126,30.187492909099294,19
232.5,209.6386672213142,19.119220858614263,149.07389211235076,33.45795362381566,19
232.57142857142856,199.2291575625289,22.250174591068532,147.9333713685276,42.82059089531992,19
232.64285714285717,185.285997563709,22.38163565297009,144.10352026559866,51.10819685390978,19
232.7142857142857,190.53573837270903,26.701489597210106,151.61362471212604,56.32224271091139,19
232.78571428571428,201.61406310171017,28.227056580978054,154.25970240603914,60.86351076498755,19
232.85714285714283,202.37978845083148,24.745397616126848,158.94948720684576,51.70389838212934,19
232.92857142857144,195.227752925124,24.572686814262894,149.12399123652204,46.85245599314783,19
233.0,201.07714740224247,24.985512726831267,147.2936433510505,45.54441579614569,19
233.07142857142856,212.31699325399362,23.823805272688283,173.1590831469996,60.3912513278378,19
233.14285714285717,230.84820468301226,28.248010299839066,195.89392744865617,78.49680471788444,19
233.2142857142857,238.8316987929273,30.956775121041108,201.03636484818398,81.24946326759672,19
233.28571428571428,236.9222980219441,28.77166302822578,181.66031916566004,64.68557729125142,19
233.35714285714283,221.82848883613312,29.684792522716464,160.16525118048938,54.75507564533241,19
233.42857142857144,203.5795114293514,31.46776973044421,139.08406142280427,36.560881868763374,19
233.5,203.18604413588432,29.21895242266754,151.31866612731957,45.591408782118165,19
233.57142857142856,203.8104539904831,29.662822460989098,168.67549050229397,64.39493404300971,19
233.64285714285717,200.667595837218,31.670722583049084,176.19616775770137,76.39141712233291,19
233.7142857142857,211.92566682404868,34.52926865488187,188.07554139485467,88.70086532301399,19
233.78571428571428,207.84495976091705,38.084564149720016,191.76501386863413,104.76854593463416,19
233.85714285714283,183.5836848217663,31.653044592502376,184.59359763678327,85.94961714074302,19
233.92857142857144,199.1964302505034,29.48956366148797,181.8668976160203,66.72411390054708,19
234.0,210.8191728864696,28.156289130815225,165.7994368061508,49.26242066337575,19
234.07142857142856,202.29561616330645,31.961287973583154,179.28319907118788,71.61452091074517,19
234.14285714285717,196.62421346285757,34.241554452542125,185.69042313922088,92.15353920497095,19
234.2142857142857,186.17723811269363,35.01994826161414,195.5657846013901,113.53960217624642,19
234.28571428571428,195.28062302266352,38.147488979812415,217.40804247416978,127.254406510381,19
234.35714285714283,211.51883432614383,38.29068158257752,231.17786106373336,124.33225670971426,19
234.42857142857144,195.20454826973418,32.517345259064825,191.77778211957425,85.48390937599855,19
234.5,181.02689854232923,30.670098601712873,166.40108375418183,66.28704321784237,19
234.57142857142856,165.8467247685442,26.216075198982097,150.97593296137848,60.42067499543321,19
234.64285714285717,161.6419960580202,26.32960241861239,163.83578882903421,73.49841794407874,19
234.7142857142857,173.6979353665785,27.6015553477277,183.84719883472357,88.9757462124088,19
234.78571428571428,183.1113238912189,33.3877488296224,200.1581614078695,99.59236293021827,19
234.85714285714283,185.9358700014128,38.54384034830253,214.439282618833,111.86920874770748,19
234.92857142857144,180.93968939758702,28.845010779529566,185.6040427375787,85.0205032066769,19
235.0,163.37219696908315,22.263435944993883,146.34331205818822,56.54205656085122,19
235.07142857142856,149.5342558892706,20.68053880431092,135.2625496274234,51.51939130553143,19
235.14285714285717,173.50159067208338,24.77959589403359,162.1859737244867,63.71206196249497,19
235.2142857142857,190.78239091048016,27.85550497547333,185.46965325607042,79.95865493318105,19
235.28571428571428,217.3722016001669,32.88027691723064,196.96410294892956,81.85672189507076,19
235.35714285714283,214.50299110698958,34.22224517901683,205.51373906811764,92.28946898577641,19
235.42857142857144,204.78663226937087,28.7321731208033,186.53849078305257,74.70001732848345,19
235.5,208.41054643568268,29.49071873756181,182.9693278273725,66.03367856719694,19
235.57142857142856,192.9643444752167,28.462329367179255,157.47824177601618,52.84764619772897,19
235.64285714285717,185.9275504187319,26.881815142408517,162.25502186856764,64.55136892897242,19
235.7142857142857,201.64690151829925,40.03901333538808,185.0245364962706,91.76581201307083,19
235.78571428571428,175.79162785089616,34.572738795758355,166.67995720445165,81.04315072827758,19
235.85714285714283,168.98018677802278,34.522657384915625,160.31160279467306,75.96642382688829,19
235.92857142857144,167.5929738225468,31.784476731123444,165.35303545349228,76.65628221313891,19
236.0,182.38499613912688,37.826041375359196,163.1655598859179,76.70272422002863,19
236.07142857142856,175.573681874345,30.173884340385236,153.84307491412554,66.25567424398143,19
236.14285714285717,190.73374488742482,29.35593922808585,182.2583352094738,70.99361055648149,19
236.2142857142857,187.515665684387,31.462396060497028,195.48645612092142,86.35288922272686,19
236.28571428571428,188.7531730385739,34.13705675599024,206.40447777899186,97.34621234075851,19
236.35714285714283,176.6185258347156,35.001173558207384,184.47187341004692,80.23186877323477,19
236.42857142857144,189.6615658928947,37.53402864156109,193.7043131083245,81.97036384336481,19
236.5,184.99548091595437,32.571057034006294,193.39098553654168,80.28562414601546,19
236.57142857142856,179.1737416487827,29.00818654084659,182.76684842902623,79.58388144200718,19
236.64285714285717,176.73320483504696,29.056318072149367,187.96268952664352,84.09457432888995,19
236.7142857142857,160.3491355354966,28.687751793293916,167.08361310152335,75.89417906744252,19
236.78571428571428,175.00707636037788,28.884455816711142,192.18745464463893,92.74163726965895,19
236.85714285714283,191.21248308211298,32.480682495961005,216.00625682038032,108.417920414354,19
236.92857142857144,220.45088277813824,35.68407068249745,237.85118436652803,108.89201701300306,19
237.0,224.57768371753937,39.02854113934045,232.52919551436705,102.68045013002823,19
237.07142857142856,214.6141144179423,31.942893197233058,186.9300508949207,71.96552844755799,19
237.14285714285717,187.39921925435073,19.847198359873026,152.45640871508326,51.81953114788599,19
237.2142857142857,182.26365617280433,22.225789772051638,143.65850466289083,38.783616507402876,19
237.28571428571428,200.841829329025,25.790747836853242,150.90844898363144,39.04285021411932,19
237.35714285714283,204.60817912803935,27.62264992056805,150.753319473405,37.18425731956944,19
237.42857142857144,200.40212592051597,27.410837959020864,133.44595155112407,21.21053987545412,19
237.5,205.32497828981982,24.58219688881362,116.57761863769154,11.409978821817473,19
237.57142857142856,222.86101360306895,27.106867044695118,126.31905532469888,14.57622545271434,19
237.64285714285717,227.80478982028825,31.01747670270201,139.4790516015536,20.5364452079225,19
237.7142857142857,216.7161466557171,29.986739714260317,146.96864109881136,26.110998592724926,19
237.78571428571428,200.83258209064203,28.500317511837107,128.8804377706795,24.040421877598103,19
237.85714285714283,184.28386486411543,24.20427558391114,139.12099800010307,33.910305272105894,19
237.92857142857144,179.14854401524434,27.71245880485034,140.15264379492052,34.04376935302412,19
238.0,195.02431194458043,24.380856903454678,174.90633021618476,56.33405853148383,19
238.07142857142856,207.40304350017064,25.52795932443082,192.9081969490591,65.45791887926082,19
238.14285714285717,189.82589454621652,24.781767293175896,171.52468202155734,64.6840600927968,19
238.2142857142857,182.15687781592294,27.32983804858335,180.99740761313748,85.73383245794842,19
238.28571428571428,167.09688297719927,30.80405067674836,174.30367691928626,92.94643642991224,19
238.35714285714283,167.60985057255584,33.51185624618489,158.50914122104908,84.22808232164448,19
238.42857142857144,184.71826083902573,34.249403421114,177.29754053058073,83.40871554473874,19
238.5,185.2001716134509,27.304151325086842,165.85739595908123,73.39964382265649,19
238.57142857142856,172.35715919108605,25.360008805089187,146.29280678674291,60.427930400700184,19
238.64285714285717,150.56763527374986,24.98511799028925,129.17996330840313,43.10345671196594,19
238.7142857142857,177.1646844319132,29.661964124362107,124.4939202989545,33.7267327867355,19
238.78571428571428,165.36516085482236,26.80024464974149,115.56310936519013,29.51788964186089,19
238.85714285714283,170.60008904565817,29.335231602075766,147.694967139005,40.297893879648406,19
238.92857142857144,183.92406834217127,37.28951110099961,166.96064989914683,48.08141917498024,19
239.0,181.75287581615035,31.500338666617772,167.80841447603277,55.46569680911,19
239.07142857142856,160.28780328847935,31.588999411976776,162.4030112662184,68.49835226414307,19
239.14285714285717,156.7520836883914,32.0032512445536,160.8975682605193,76.01804227785851,19
239.2142857142857,171.15875102450576,29.84597208270294,162.0805442070019,70.01949513638085,19
239.28571428571428,147.8202886283689,27.27315073212582,143.43736342732146,64.20279536096015,19
239.35714285714283,151.42817326789805,29.23006440238165,143.70772446765855,65.41940700242667,19
239.42857142857144,174.56711179312086,31.393439701435334,157.1004498412521,63.22459538007156,19
239.5,184.1943671054667,29.47292397492371,163.34679452581562,59.823819611912995,19
239.57142857142856,187.01659134734862,28.16672191452403,175.50460843488935,69.02841787461557,19
239.64285714285717,198.74695345768805,31.387901656069694,200.8120272302777,88.12241929869758,19
239.7142857142857,190.97466950150607,28.09519281892243,111.01239437283527,25.728634008258204,19
239.78571428571428,216.967427620297,29.238832917913964,192.93482957067243,87.26716889205423,19
239.85714285714283,208.23664304951697,21.89003702749065,112.78716987619873,18.19197116977236,19
239.92857142857144,207.2839689511042,22.397307252107623,112.50770434671426,17.01509202783317,19
240.0,200.5333999581092,21.30863247844706,107.71852940067103,17.582310948391076,19
240.07142857142856,173.303223303714,26.698380390669552,94.33793412100135,20.58885643326619,19
240.14285714285717,170.09389060719468,29.830741789126392,89.73153074070875,19.00564617565764,19
240.2142857142857,165.28133881311487,31.741253378350414,89.14773503157409,16.883204316322878,19
240.28571428571428,183.81483542731536,29.297239358334693,101.60204900598266,15.481060085162909,19
240.35714285714283,207.90715409460788,23.542769654530783,166.04242060458267,50.701826775278505,19
240.42857142857144,223.90064677524217,27.670762357984255,180.56098250859773,48.978162848572225,19
240.5,199.90650364461348,26.748541781506578,144.08093486451241,29.190224501570732,19
240.57142857142856,174.64504121519275,22.96226094140605,125.10555062953581,27.330435136083786,19
240.64285714285717,169.10267151507554,19.758533870496578,136.75005170773153,43.333557341270996,19
240.7142857142857,188.8152062942639,20.983252641956852,148.689678296341,43.971146906513184,19
240.78571428571428,190.55306762388446,27.278072727168187,143.93315926213884,57.090347342663925,19
240.85714285714283,205.05200587079705,26.33740090647107,170.97164003322524,53.62522029095829,19
240.92857142857144,203.02929665242473,27.524593015485905,146.84454085386048,38.50017745521,19
241.0,194.7626922232789,34.011043027687016,119.66890653788641,31.170341719433633,19
241.07142857142856,216.2819774250907,30.36553733351146,159.628456454799,34.884732079872094,19
241.14285714285717,230.72204132665078,29.89980390991671,190.16869464752838,53.228105872745566,19
241.2142857142857,254.5989734441141,27.36773059681846,223.85838694305696,83.81131156321578,19
241.28571428571428,231.70075966188563,27.759344446242157,218.16425374704085,85.11051840013373,19
241.35714285714283,219.74962958093144,31.763348964378235,213.6860518501402,87.16374448119132,19
241.42857142857144,224.2337727709774,29.941924137409046,197.7605277082751,76.45072730649864,19
241.5,216.128776619618,29.17271262240182,172.22206630807867,58.65320517888073,19
241.57142857142856,210.31727376461436,26.317736144031677,164.81477260791934,53.385384129641835,19
241.64285714285717,203.81040689691915,25.313022498128447,161.58880480770276,58.659681459191866,19
241.7142857142857,209.4119534137192,27.34071586601767,193.18305557519372,90.94449664463812,19
241.78571428571428,202.57293650519205,29.923691211804144,192.8599895301516,93.83538278334531,19
241.85714285714283,204.0199337420005,32.653216168998554,185.67837550208293,89.0112485989832,19
241.92857142857144,200.81658712064905,32.77014735475613,169.63242233637186,77.4106450986993,19
242.0,189.1842373592606,35.51920991788275,174.83203303868592,81.89954441218634,19
242.07142857142856,177.27185942328072,27.96890198319847,147.54178204607535,56.41275207073046,19
242.14285714285717,183.70613610887546,25.793972781474984,157.04737853603615,59.008240624218935,19
242.2142857142857,219.90075541635443,28.537339148800363,194.49074279100165,77.03843534866078,19
242.28571428571428,233.11420266884372,25.78990328195194,217.54389007414048,89.41587665306349,19
242.35714285714283,248.54970305373348,23.60018828779438,235.3816695962869,95.3674481815906,19
242.42857142857144,238.09349860352398,22.615305849391028,226.74912226701576,87.23988345261704,19
242.5,221.68154723121805,20.663921401534967,192.93189992682755,66.25761563158986,19
242.57142857142856,207.50376208717074,22.57975981517835,176.97021491110772,61.110546715346054,19
242.64285714285717,210.23117984422854,27.878364795029466,188.24234337100611,73.23642871589414,19
242.7142857142857,209.59266318715325,33.689570345260776,195.1179811111783,87.57181104781334,19
242.78571428571428,212.14775847309159,31.532577745633358,193.67466189601134,84.03770657583782,19
242.85714285714283,225.50427675938909,28.005704904102668,184.52530634849728,78.79580093706227,19
242.92857142857144,222.91886374953086,26.31275749164983,176.90413269284147,72.75735168920232,19
243.0,219.57810802759315,20.202317787336188,166.21961346554824,51.53068623870071,19
243.07142857142856,209.03918656782582,22.318376804502186,155.67315356756762,46.553308746955224,19
243.14285714285717,217.0802322509539,26.204392202981946,165.47464071508867,62.798684470549674,19
243.2142857142857,227.78690889109015,28.13846189941875,180.3707833300582,65.48560856046255,19
243.28571428571428,229.13079134031383,28.225710105390426,188.90540959048707,72.13113544644959,19
243.35714285714283,236.37066523882547,26.612684520498767,175.63661314578073,66.69663322311959,19
243.42857142857144,231.25617343282627,22.384454434917036,169.24097054882665,50.79903141077631,19
243.5,227.17234534516794,22.749242856875306,167.01553714900658,46.79758276656918,19
243.57142857142856,227.16126424465423,25.497254045248162,154.10015597989923,45.74995079020818,19
243.64285714285717,216.73375158039727,24.565932820625928,172.7749216492683,61.85314496362161,19
243.7142857142857,228.27141659453,29.85559494054058,205.1392666805484,84.86211798536367,19
243.78571428571428,220.07362466774873,31.033504687729685,193.16555045143832,78.47925644029498,19
243.85714285714283,214.8766106934384,31.30138799161859,187.99335335054263,73.79850973299865,19
243.92857142857144,215.93113769807098,26.00063084627484,190.07596803916118,69.55146577586537,19
244.0,193.07590247138594,25.3003525272049,162.25773953405877,57.577116418246064,19
244.07142857142856,191.8836810402756,23.888079425933025,155.59396346563005,57.92623818438793,19
244.14285714285717,209.81761893930627,26.240825918315387,167.79051129394043,70.82331327246027,19
244.2142857142857,197.87569549545796,31.25746011761028,164.29611305141216,72.45020561179965,19
244.28571428571428,200.03970972342736,33.714402754278225,170.06718948117904,81.19791569473306,19
244.35714285714283,189.85321429431315,31.112092286550798,153.96990283876585,70.19112960476971,19
244.42857142857144,189.69199469408514,25.2392373261763,152.4282668069433,60.754862404280736,19
244.5,194.6675574280874,22.017008159303195,152.00600745771868,55.12468461047866,19
244.57142857142856,204.82425708441627,24.70600729241994,163.8350525955766,61.63041901532535,19
244.64285714285717,218.54600758164582,22.172256661414394,182.9662667331468,70.57147558062857,19
244.7142857142857,234.1256646261542,23.080608372905957,199.2892152683654,76.01304399047642,19
244.78571428571428,264.55252921092676,23.420741488804733,218.49120172180457,86.34343300947803,19
244.85714285714283,227.46197735116752,28.830557123657815,184.27946068314142,73.93253891228436,19
244.92857142857144,194.28850257426123,28.951590979181855,169.70178148665178,79.96013751435626,19
245.0,191.53743117471845,23.01786208268911,160.24842859499108,68.29613333977042,19
245.07142857142856,195.42533375141423,27.330679141824813,172.36470211736176,78.43067923220124,19
245.14285714285717,207.24446762385608,28.326902994183886,169.34798281607576,72.16222708194651,19
245.2142857142857,189.0399228846912,27.9351084529304,157.3412278357177,67.88633158381886,19
245.28571428571428,197.23557907809953,30.317183842099436,171.0351077228462,72.61428094552713,19
245.35714285714283,201.59613677047162,31.75553751659295,170.31057325992356,67.87824576651701,19
245.42857142857144,217.4618878994666,34.38837102682824,189.61668223118593,79.44700332448087,19
245.5,202.96022890869992,30.383376963631616,185.25023914623898,82.51444530148478,19
245.57142857142856,188.25305804033266,31.52204894113286,198.1753359850324,100.85861650999215,19
245.64285714285717,161.3207554020693,31.989598933130765,196.09486816659532,106.13557956891003,19
245.7142857142857,204.87500702473685,30.29394411747202,178.5868810737405,75.96031653445431,19
245.78571428571428,214.41869492303752,33.06674936908135,188.43244981392382,81.68887411563917,19
245.85714285714283,241.1913051665566,34.81055821603547,196.12991599474952,87.20473175198825,19
245.92857142857144,217.0494537832408,32.16176404403242,184.2836317649063,85.78226740185754,19
246.0,214.059432832369,32.81966517133206,213.46972295413457,115.45360894093791,19
246.07142857142856,230.21712229968915,26.910104918106846,218.44399400364978,94.43212272545593,19
246.14285714285717,225.82959534528342,21.87215228462935,107.07535649154313,11.714567779528622,19
246.2142857142857,209.50472863326146,18.05667452603956,114.79933529172897,13.869458388246276,19
246.28571428571428,208.73882188893447,21.09260904982327,107.5291108220044,11.623103795273257,19
246.35714285714283,211.25478489139238,28.808228109212635,112.9965388894331,14.258852412471352,19
246.42857142857144,216.03655868838445,29.548852909178127,114.08948460580868,17.043356778643258,19
246.5,210.71745587525578,25.488534986042712,123.56993939432702,21.216505701031437,19
246.57142857142856,198.78216139655325,21.03046034103162,118.12848181220285,21.941285441778998,19
246.64285714285717,185.35585653763013,20.70154439172084,112.19758204662259,21.540814951174287,19
246.7142857142857,186.03392898177944,22.035915485154508,107.63236858851741,20.836821358450944,19
246.78571428571428,182.69475624382275,25.859130295481297,124.23753725394319,26.44791055255902,19
246.85714285714283,183.98749436098424,28.31716709023958,138.10810986357075,40.872597161466416,19
246.92857142857144,184.27527906375727,32.559936038992795,139.97948058134463,49.155157097965976,19
247.0,201.42542250646397,34.97018344558884,157.2427827048225,58.05009618220302,19
247.07142857142856,208.39764929971912,29.44055514889377,162.64486184070242,54.58752692659781,19
247.14285714285717,188.32052927113813,26.483557149166856,147.8489283164487,50.78066119741208,19
247.2142857142857,191.32847434174846,28.60714756357372,154.31679822837174,59.36356296620842,19
247.28571428571428,254.8201830050784,51.3487751531429,187.4062925152707,67.98476852925431,19
247.35714285714283,247.83883078040674,50.34411641680643,184.7360569214401,63.10339252537312,19
247.42857142857144,218.4891411901815,37.968671774235155,172.06060827588794,60.5132949588085,19
247.5,213.24406664169268,30.18800918801951,169.55107274750827,61.71104965075589,19
247.57142857142856,220.15255442382116,27.88997795116964,170.86804099082232,58.35017535953725,19
247.64285714285717,231.73886017934973,32.735373519072716,168.76568421709615,48.627157185160506,19
247.7142857142857,245.81801976791036,42.98341818456205,176.41166842714102,48.16156735145842,19
247.78571428571428,205.33015353586313,23.706823731786773,142.4483001994502,41.193742965174906,19
247.85714285714283,205.29626812525902,22.555655503523607,146.53844196775117,33.8216347514684,19
247.92857142857144,217.23574045401676,25.809300155368984,140.31758230911777,33.30908186189288,19
248.0,215.95290327225717,25.17885553339067,148.64682396898658,35.05745332749931,19
248.07142857142856,212.15559840076662,25.10394750818847,154.84208349256426,41.055990537856125,19
248.14285714285717,248.77880877864783,31.928788344272302,183.23470856829493,52.185056371434875,19
248.2142857142857,248.60260142121626,22.256848315646376,184.755886773593,53.57519880561031,19
248.28571428571428,238.51018612779913,23.014368165090325,177.70073305375215,55.446713601120784,19
248.35714285714283,250.96636097259235,22.77481306494869,180.44880282914738,54.679846953809175,19
248.42857142857144,246.85497166784626,22.48818754419852,179.4952358655091,56.46308734102864,19
248.5,246.02231292423306,25.463541985517228,191.29360363299605,75.57650547597163,19
248.57142857142856,237.25998913269245,27.989714231152554,179.27046617135773,72.64107147510225,19
248.64285714285717,229.05961234395517,28.66915853468567,169.46763951520035,63.80942518512862,19
248.7142857142857,225.37115218858898,27.44192244794668,149.07693344583683,39.552236249275175,19
248.78571428571428,232.71050261391554,24.14459197567062,142.5339084609373,27.639155063474902,19
248.85714285714283,234.62886114659912,19.976105183248254,164.2869348249895,49.23598096211674,19
248.92857142857144,229.51400159007554,24.828335838856404,183.27360275329633,63.68105175844725,19
249.0,256.8489730642137,29.483151895423514,218.42536781978637,90.8131210890308,19
249.07142857142856,260.06371140282005,26.17487836797878,220.4853750267283,94.19979753266966,19
249.14285714285717,250.74893692600367,27.876827293409754,217.34908224328836,99.38339254278932,19
249.2142857142857,239.28240380485659,27.763595792082167,200.6114490326417,85.4024506399198,19
249.28571428571428,216.3394854836999,28.461642850392433,156.64822266267964,54.77918683839609,19
249.35714285714283,212.42805271420423,30.51515476111336,135.38193702920145,38.754114916149206,19
249.42857142857144,195.56925692210567,24.18093805384339,139.01277878366997,45.707442584991384,19
249.5,178.5915416625321,26.47788983373864,149.66776203143016,70.75025307870527,19
249.57142857142856,203.90906502432927,27.240434450896345,185.2479633429925,87.75675873155616,19
249.64285714285717,236.22048035372242,30.856772996950493,210.64269585305604,102.42965576841502,19
249.7142857142857,236.11632557466206,32.071456782609495,202.2409870090805,101.76155428481104,19
249.78571428571428,231.94225210070306,25.14632341671667,192.336081674961,66.30413320315233,19
249.85714285714283,221.18950088729514,24.73758051026861,168.15763941052182,44.138256812729736,19
249.92857142857144,220.57123626234102,28.399574989288077,166.45723524005808,46.74912655694018,19
250.0,231.11622210006135,30.423967104805573,186.69210151879795,68.91672315857522,19
250.07142857142856,236.30769916871137,29.423221110364846,202.0275668108159,79.78127593773735,19
250.14285714285717,226.76510444360787,33.52405189861186,216.12121179271563,99.74143542725537,19
250.2142857142857,222.4137437413357,29.11995128280132,188.9402289475589,83.71436856828686,19
250.28571428571428,194.36873881908022,26.666547785921505,168.46241012203862,75.010857442488,19
250.35714285714283,176.71128425157235,26.087798177324597,149.30279946309588,59.853984984128545,19
250.42857142857144,172.25065638305463,26.332057392929848,134.7413615514283,52.175103215406494,19
250.5,203.54333546965964,31.112664954996205,180.01963767865766,81.97072017732897,19
250.57142857142856,215.57806753482444,34.070329155505824,203.68012849460547,100.62033148255226,19
250.64285714285717,205.95236344037156,33.457674210394345,197.53660701868372,104.57967911719345,19
250.7142857142857,181.50770817196852,32.43641306129821,189.97464185206954,103.79451764351803,19
250.78571428571428,181.4967521913336,28.690455058726,179.2981593702388,89.69438366881619,19
250.85714285714283,180.35883317586877,28.89104126423808,158.58154971757008,71.41348432993435,19
250.92857142857144,190.25318573973132,27.786535884312205,155.1485067774265,70.95145268048883,19
251.0,188.70391688866997,29.868931936155477,164.33627068140655,86.45631808652557,19
251.07142857142856,203.65516779744152,34.40714800264676,193.77781417965875,108.86181044777015,19
251.14285714285717,228.24862554320012,34.07860311679057,228.40342395426998,118.77154048219215,19
251.2142857142857,230.29159727754626,29.139759257549684,212.58194259365487,104.28618343149415,19
251.28571428571428,227.64852247522188,26.66874934050251,200.6231239690964,94.7235140524459,19
251.35714285714283,224.69335968316992,21.190054389128715,193.34190677675386,83.01206809735224,19
251.42857142857144,223.72252464896758,20.15515469724599,175.74382462565933,68.31155613623046,19
251.5,221.30929516145738,22.9891141815792,157.08141227290358,51.34400889160584,19
251.57142857142856,218.78045435640902,26.62214533236043,153.7178096239558,39.78269032303186,19
251.64285714285717,216.2494531475725,27.044578229745035,134.0978228850946,26.861756991623277,19
251.7142857142857,196.34571275643358,30.36051900332766,105.56753499894144,15.148759267694478,19
251.78571428571428,205.28857644616215,28.707169618078957,120.89773545315583,19.048222175077544,19
251.85714285714283,200.62766002498063,21.345324647948186,132.5747828260958,22.038558065750212,19
251.92857142857144,191.63686153429305,16.56211204083099,122.10157877775087,17.19522127837312,19
252.0,175.36613203073435,19.395567754039,104.56960871456134,15.600481679440053,19
252.07142857142856,177.3986572720733,23.198668720734084,89.10112236280463,13.73961744867697,19
252.14285714285717,182.9162987232667,26.390425219146522,102.42184365939895,16.577361950941825,19
252.2142857142857,200.71520642543854,14.51312230323643,133.3482782428252,29.716967651881408,19
252.28571428571428,191.54228559764047,16.824870187262317,132.30054045568926,34.2693653767081,19
252.35714285714283,182.04218105918244,20.533105960532733,125.71348110565786,38.513281456440176,19
252.42857142857144,179.80520321225293,21.64527221147463,133.08911918400975,46.853922594541054,19
252.5,187.99649708324085,26.111666981631373,147.3188256513514,56.78781717023658,19
252.57142857142856,216.69224805913444,25.48049430749557,158.13798106610574,52.533247571317204,19
252.64285714285717,210.69344489439058,24.916684242934405,157.4617933746481,53.14458350625757,19
252.7142857142857,215.4487450778853,23.407660359338365,161.3119819688535,55.22047296727897,19
252.78571428571428,201.13412165370866,26.541490175208352,146.38333106858525,50.58920626529415,19
252.85714285714283,210.75417537128212,21.78433430858277,150.5857890337434,44.23229893029661,19
252.92857142857144,190.8157516849596,20.7956245707812,120.27060031846493,26.245590432302734,19
253.0,182.28911687423872,25.544683488273062,94.02986876526325,12.103382356444689,19
253.07142857142856,183.33168457281653,22.86636075177712,89.22731429333028,8.572268109888212,19
253.14285714285717,180.09513394693354,19.108271062307022,96.47851770040158,10.250500507050939,19
253.2142857142857,187.33875358979705,20.775299312167213,97.20788413951098,9.41048847671891,19
253.28571428571428,200.226681943578,22.3692341801268,105.15463513195313,12.655671782738107,19
253.35714285714283,203.5888988043644,21.273884257702072,116.08145619594438,21.064552987382942,19
253.42857142857144,186.51189599972113,19.868390248573313,121.40890916247855,34.93833373819993,19
253.5,179.01654648616127,22.604358398366532,126.16718626611512,46.23591203574462,19
253.57142857142856,174.7705378788366,25.473287101760352,134.7803139398328,54.435451699983865,19
253.64285714285717,177.0308585951919,25.56462718186679,92.70153739833175,11.985135271802521,19
253.7142857142857,196.77118058558702,24.295823587134347,168.45310898094544,71.99176809202498,19
253.78571428571428,203.37207722311112,24.1212405413675,162.08234304211064,63.73095492585814,19
253.85714285714283,199.6012801464056,22.501911599414136,149.0972087386898,53.58149140706703,19
253.92857142857144,201.6198250938348,27.552553237953312,151.51390773400487,58.07017722387093,19
254.0,205.65531115619564,29.66245035906374,164.98255448543657,70.77234012315769,19
254.07142857142856,203.82284617229698,31.867912631305288,166.50734962001343,73.2144142273897,19
254.14285714285717,204.80175070904156,32.85014029921034,168.30002854191594,75.1620162390288,19
254.2142857142857,190.02256993525458,28.56725998435788,91.85534127720423,14.642344972385482,19
254.28571428571428,171.60358833374514,29.03017309821947,86.723019778584,13.475454299388884,19
254.35714285714283,171.4566249199984,28.165131430015578,86.08038685164546,11.81307141739249,19
254.42857142857144,177.1122701162359,26.254047963958865,88.93446290733829,12.253690142215543,19
254.5,179.9977771934247,24.328785664692653,92.78810377861095,13.443773982959717,19
254.57142857142856,179.79070639880047,24.891692670562893,91.32926347718002,17.76218294418871,19
254.64285714285717,182.22155773484477,23.472262546195424,95.0879729462415,20.316385242149995,19
254.7142857142857,177.03486769574846,21.188792606716273,102.93420621200659,20.208430183188128,19
254.78571428571428,167.65820902207201,23.164729774931736,136.9604835814417,44.289785145399236,19
254.85714285714283,174.1649859481634,24.24635573265824,118.18550542167169,27.763258819035528,19
254.92857142857144,148.9103252932973,20.382271449069428,101.11223294615122,25.629456928038195,19
255.0,144.176039320764,21.879154321308995,100.30262557983743,32.52514433069496,19
255.07142857142856,163.54847831097752,20.897614357267823,117.55762415081665,37.05385533231528,19
255.14285714285717,187.09644617109598,24.10488984041203,142.87001705027424,51.223670680559266,19
255.2142857142857,197.10361959717218,27.136417609461517,159.06636229547752,60.74735190602004,19
255.28571428571428,206.85588383791728,25.91212300599032,153.8465289758717,47.32718967703127,19
255.35714285714283,210.5184131715566,22.40660193121682,146.8484321767478,39.7231571730513,19
255.42857142857144,212.85392405766015,24.478699158409075,159.44741058676965,45.079703586231645,19
255.5,209.629523208289,28.014030171384917,163.53683441641567,50.81490018770849,19
255.57142857142856,212.81548453569465,28.124062885751066,179.48827557156704,68.87452881982418,19
255.64285714285717,214.79089137558958,30.00970850618405,204.45712501646747,93.34705637468193,19
255.7142857142857,199.97785340542364,26.936710105444956,192.98507259012226,88.36117055562936,19
255.78571428571428,197.37609476927813,24.480804089115217,184.69338506329495,81.39132007593207,19
255.85714285714283,181.06250055409876,22.810149812658643,156.42701614699394,64.83767691335557,19
255.92857142857144,158.3718518033224,21.7289369143495,130.391051971725,50.478800386291816,19
256.0,159.59130986781204,23.779673876228717,136.24759319825696,63.53301725089397,19
256.07142857142856,170.9075482215444,25.099896277818114,140.22955910009622,59.9778926127985,19
256.1428571428571,165.3564519331864,28.593046225893787,143.80110673978965,70.67035021520441,19
256.2142857142857,162.75105099483434,30.680952055919345,144.15083697029857,72.82475557630215,19
256.2857142857143,156.81163622016223,23.38265066606845,142.82108753879697,70.83632972772338,19
256.35714285714283,159.60415432804783,18.88241423054735,137.95468715695412,59.73243146648964,19
256.4285714285714,162.1330789452457,16.63567671202667,123.0572799686294,41.63951025041047,19
256.5,175.7251491269855,22.119684747754416,128.16033817235024,39.37267533985716,19
256.57142857142856,179.34658323791817,24.789549669291155,153.24317560571592,59.75375579783233,19
256.6428571428571,185.7473189394534,23.981545537748705,158.29168969445934,68.70739899895443,19
256.7142857142857,206.2681957334093,24.06418809443983,180.26187565833354,79.03457097086067,19
256.7857142857143,203.61398413026998,24.493291552665436,176.65678809317623,75.3023321714472,19
256.85714285714283,210.09347407739136,21.094883792832807,167.67747846974032,55.84913058210969,19
256.9285714285714,199.39706078104058,18.6844070591467,155.77074963235725,48.60840592726616,19
257.0,194.01371200384514,21.812211461092836,154.7214169976237,47.5048899909902,19
257.07142857142856,197.36712166585687,26.81629314091593,185.38562291711114,80.83386237041428,19
257.1428571428571,196.42043050448075,25.299060315398656,180.04822973256688,80.25893794435125,19
257.2142857142857,171.45399856456623,30.373701234595785,165.555767060006,80.32598615578182,19
257.2857142857143,164.54993222125842,27.417168919050418,163.4860598223282,79.21340159630569,19
257.35714285714283,181.28898766875096,25.01474823966285,166.4642590126335,73.39552688699312,19
257.4285714285714,203.167630633627,28.56043178165045,171.8398971410145,67.09985650796301,19
257.5,204.18504829650297,32.12521462633447,167.83566503445982,62.830355084670074,19
257.57142857142856,199.8782961799307,32.35629876459919,179.1411912413253,79.37348382041996,19
257.6428571428571,188.16449853131624,32.23969395053855,174.83869700924257,79.03586655241625,19
257.7142857142857,187.5180354551879,31.995706438049393,173.76120135692872,80.3664280199803,19
257.7857142857143,190.38767006314725,29.281351358072563,165.01432554229237,72.77300867867274,19
257.85714285714283,200.98286519627118,23.28277854545818,157.62518085367552,61.74885863942967,19
257.9285714285714,197.95117983881676,16.99541792791437,151.92164556510755,53.504277278661114,19
258.0,211.50821569602584,19.908287461637013,175.44635288333865,66.27264761589717,19
258.07142857142856,241.0659444271283,22.327934925997333,192.3857277577698,73.27401090212037,19
258.1428571428571,248.33926385408478,24.358943153674236,205.40095215736454,80.11620948450897,19
258.2142857142857,243.9591469989485,22.806879969287248,203.67652704566805,78.00112591669983,19
258.2857142857143,221.19170516541936,20.987802896154452,188.67444179478358,75.04337066238779,19
258.35714285714283,207.4333843980266,20.888725274299585,173.47635123735074,64.27644983295572,19
258.4285714285714,196.7292982352025,24.680241009984446,163.81235185613644,57.675517773482426,19
258.5,203.41286500931776,25.566694339647167,171.23701790935678,68.4650973354736,19
258.57142857142856,207.13875090312996,23.10739126676458,181.78879211094858,77.51570031550699,19
258.6428571428571,206.07677823271106,22.401085660694118,176.74813591725749,82.70223529259424,19
258.7142857142857,211.24486145119354,24.47079378398352,176.73412506832256,74.16600570064828,19
258.7857142857143,219.19185868880135,26.558227698371315,171.181591953146,63.28245153964961,19
258.85714285714283,203.0261675796654,25.111965105157385,160.0111789267433,55.72266519516158,19
258.9285714285714,178.4684254853656,20.91171400407752,152.8561540795207,56.52703847737917,19
259.0,176.06305537099811,19.7190030559183,148.31753041378505,63.138696590456185,19
259.07142857142856,185.70868842738435,24.165481061649807,160.45229392195,76.27458813392312,19
259.1428571428571,198.16314624659674,27.785966572120792,179.40402780085327,90.95761633581897,19
259.2142857142857,199.87269473951906,31.180153482035248,182.91890544973907,94.74427284043641,19
259.2857142857143,201.6548531442884,26.050425291602153,166.0744174595796,73.44947560076918,19
259.35714285714283,208.5096360895906,22.866197457806077,161.18312104046828,63.5745708820376,19
259.4285714285714,187.62087821473716,27.330406856621646,151.7601438705789,65.71362268450187,19
259.5,205.9327612445027,30.415384463737883,180.92516853264846,79.5841485599794,19
259.57142857142856,214.95847397302322,30.842192497644024,179.7672551171944,78.77073605062193,19
259.6428571428571,216.21347047819384,28.962836870304205,198.46752583221596,91.84389502928514,19
259.7142857142857,194.8214726599752,25.206705549696917,172.6786323283993,78.66032286818995,19
259.7857142857143,197.44605341047787,23.63459012908457,162.64357154031097,68.50599306082923,19
259.85714285714283,199.99656470508933,24.19130370010438,158.93633678422864,62.928602262618654,19
259.9285714285714,209.32991208232227,26.11472521944286,160.43526981689737,64.03681916763647,19
260.0,197.61533461125978,26.996419565233854,170.16054437359048,74.61058154266061,19
260.07142857142856,196.8110512380894,28.07369276766384,173.19680607157113,79.03205379350791,19
260.1428571428571,204.58543938305718,30.246713757464697,178.03515081345813,80.2044622142725,19
260.2142857142857,202.4641199538254,28.075278997445285,164.1850203976921,71.17664662852937,19
260.2857142857143,189.1083445878784,22.72767449187591,155.5079425391727,64.38687735929697,19
260.35714285714283,201.47632652826485,21.494073255194248,156.0190354601718,56.67272816444881,19
260.4285714285714,202.41395148785404,22.99004404564949,151.3779237283926,51.64484617859802,19
260.5,214.20707893357775,28.19272371932129,169.66322762775633,66.82940643830469,19
260.57142857142856,190.10900214737597,24.042915617902736,161.5226597111636,70.14556843327262,19
260.6428571428571,200.97168207244238,22.69961693267654,168.79907187600017,71.05105029438795,19
260.7142857142857,210.50384037066266,25.392498488495725,167.56855933858017,75.15799060064869,19
260.7857142857143,211.30686448179006,24.021099441645312,168.5893707996382,64.88230664991042,19
260.85714285714283,212.64345080441134,23.384725102275958,156.58803918760157,53.70401396021057,19
260.9285714285714,203.62787557525567,22.480098080233436,153.8717115200613,65.15278518386118,19
261.0,204.56814399415683,23.851438688025027,175.73913393063185,75.03425975829056,19
261.07142857142856,204.90935093953206,26.577160756388402,181.15465734197625,78.76601896755699,19
261.1428571428571,198.77387708436072,26.14224677339363,179.33259070448824,80.80618825488935,19
261.2142857142857,196.91558805961012,23.049152788667197,178.83281682395517,80.98349041651959,19
261.2857142857143,203.15607956344195,22.584645051371307,171.56755043962528,70.71097646144962,19
261.35714285714283,217.0933372215831,25.59246624988364,163.6030375358995,56.447054479812785,19
261.4285714285714,227.3996590415904,27.794870325306587,170.5299560249886,64.17096188430338,19
261.5,231.36712060703144,27.13712331931951,189.75377462419127,74.66146577696611,19
261.57142857142856,230.4568733276216,27.51457027036289,195.47441149853222,78.39176250111717,19
261.6428571428571,209.10449992064642,29.557506351750533,178.7275347880428,77.26442597774967,19
261.7142857142857,199.3583519909393,29.97802351667442,166.29600702959854,71.309695597448,19
261.7857142857143,183.98705122899077,28.98291204908249,147.8828108995102,63.54912186706554,19
261.85714285714283,174.9542823894753,23.903728058872552,139.72379483133133,54.642809849141216,19
261.9285714285714,195.36553169672635,23.37982881012741,165.39897556572973,71.26726202713614,19
262.0,219.46628540679225,23.901368501417217,183.6103430883964,76.20361024508097,19
262.07142857142856,221.92599939676987,26.76929809522528,182.91079144822365,71.82342751001912,19
262.1428571428571,206.1235997724565,25.92507254963289,167.59776361409405,66.70791419136243,19
262.2142857142857,187.87370240520374,20.772369535439893,152.71280740022996,58.33553509888259,19
262.2857142857143,170.6932278319827,19.267916187554416,136.8573941862186,49.93841756463814,19
262.35714285714283,164.10708774105032,22.044699995181908,128.62202602227444,51.37113681771838,19
262.4285714285714,187.78953277643086,22.01354146509411,150.95108524279067,58.4461625293588,19
262.5,189.6487068239322,26.376545366990392,148.84487922475597,62.320500861360344,19
262.57142857142856,203.44843236474065,26.97602383421046,153.70559190205233,63.97052690136939,19
262.6428571428571,185.5729340506549,27.325883447085783,143.42263259597277,62.51275453098236,19
262.7142857142857,185.8075775403055,25.83980970412998,88.04107094608669,10.41001523197007,19
262.7857142857143,208.3187329489383,22.772295845294554,145.53632166944624,48.24671480749202,19
262.85714285714283,213.596866147135,23.07175372113885,148.67358457263668,50.150766785026214,19
262.9285714285714,206.49825558085556,21.341630098157356,149.96165639912493,55.82324341212998,19
263.0,203.74409047972938,21.898649511175933,98.68816081968627,14.782438338270596,19
263.07142857142856,216.36454961511345,26.51111666645568,155.90683232531617,63.33124982000257,19
263.1428571428571,211.89721110419467,26.14265157503452,159.33509837506386,59.18307765080051,19
263.2142857142857,209.96926883144366,27.36124417507931,158.42647688496962,58.018506159696194,19
263.2857142857143,194.29779055075625,24.281825926085396,142.8610354452273,47.612282708264964,19
263.35714285714283,185.47591504422013,24.95741747034964,142.83157042682384,54.43758542660733,19
263.4285714285714,197.12521468681035,27.761710796414942,157.588429415062,65.45621360174779,19
263.5,196.7098643742269,26.721276384298765,150.56810855447327,59.24581604538665,19
263.57142857142856,195.769399429149,26.647102038504496,153.8658273982155,61.90025661332205,19
263.6428571428571,197.85299134013266,26.275912589664788,165.61433950427337,66.17657138511166,19
263.7142857142857,206.2194648082079,25.3475934322542,168.90602254278775,66.93804164594765,19
263.7857142857143,191.73757450315685,22.85565608572855,146.79527826155987,51.84539903338236,19
263.85714285714283,190.37700681996418,23.442322245064044,157.25092785871436,64.42131307947287,19
263.9285714285714,189.86764462424543,24.749141283187253,163.12227705092388,71.24779411983735,19
264.0,188.2361690365709,24.99732949966111,141.35599247471467,57.07830453467055,19
264.07142857142856,191.61430088003956,28.99967447068734,162.05253685901963,74.96131656128112,19
264.1428571428571,191.84159383741166,25.77565576660476,146.2031243158052,59.71920919827245,19
264.2142857142857,163.44488008569928,23.53248582926439,122.3012068606602,48.20056766779033,19
264.2857142857143,162.87207210620704,22.24571468994481,137.02433434768565,60.161275261955645,19
264.35714285714283,166.3694791984106,25.359581497611696,148.3397738637749,68.56483503572036,19
264.4285714285714,181.510661334682,28.044610947168017,161.66698967494858,74.5467019012065,19
264.5,168.74675787860625,24.45688591495458,158.68553169255446,74.22219428061884,19
264.57142857142856,183.60746435108385,23.686957452987453,166.37994858299348,75.6670832585988,19
264.6428571428571,192.649867518048,20.606896655387917,155.85551928889217,60.87786618507494,19
264.7142857142857,184.41756317161875,22.621979746305442,164.7020774612085,60.19316171860482,19
264.7857142857143,174.84235150009928,26.809739306228614,177.58161489519034,72.06992420733026,19
264.85714285714283,158.87389247895203,27.981482575537274,154.9339158464825,63.81598485995719,19
264.9285714285714,151.4540781574488,26.87646283041764,153.1878048518872,74.5749778119979,19
265.0,153.53250691871617,27.09792333606397,160.92146294222442,84.7942765719207,19
265.07142857142856,153.35257072949304,22.234191071101606,146.15022127874235,66.54221548747275,19
265.1428571428571,177.09428123825003,21.296966818400836,154.91746068761677,63.93739719179438,19
265.2142857142857,191.50309009332443,22.065432434695936,156.98695418473045,59.74673508584549,19
265.2857142857143,197.58723698247496,25.767477707373452,165.47103185997807,79.29239806046274,19
265.35714285714283,170.93376923496908,27.871054184242915,154.06017009954732,86.8537127478649,19
265.4285714285714,182.85067097068435,30.60240627193448,181.38571851277493,89.5520585203793,19
265.5,189.10291234183552,27.78434203406512,184.76013156300218,86.70130475870718,19
265.57142857142856,176.3733143758858,26.136150950307233,161.1528046546528,77.6424410328519,19
265.6428571428571,183.04007753995575,27.473742769428757,161.08018155818993,75.37147274715873,19
265.7142857142857,152.2964526372569,22.99184920992047,136.38181717693925,58.604717275209424,19
265.7857142857143,165.61480742188232,23.182262018400053,165.43571034562586,78.4505569761164,19
265.85714285714283,188.7367912741548,26.595601791786144,199.5106723197869,97.33759543512679,19
265.9285714285714,173.122438419272,25.013189467148038,178.3461670876432,83.96973902237025,19
266.0,189.68094529189105,24.472353770568123,196.23734860721262,93.42234306459072,19
266.07142857142856,163.6943569927365,19.60701225115835,147.21992719696013,63.382714400387265,19
266.1428571428571,163.24385045302094,19.924683962925755,136.56252556634294,57.13973089558158,19
266.2142857142857,150.50522158485742,21.409141988486244,131.35988448341323,59.27230825369362,19
266.2857142857143,158.75841338776706,24.388770376951037,152.04827919869788,69.41337325532895,19
266.35714285714283,165.43463164963296,27.285105124435244,155.3185267085851,79.06251334919105,19
266.4285714285714,165.89353302661533,25.06247814817016,158.00365447225704,77.1460396766964,19
266.5,155.51090232432475,23.121783165759446,152.01611765594458,73.52966090517741,19
266.57142857142856,148.76615533196525,22.81161861454331,137.32851388317192,64.86264071870225,19
266.6428571428571,156.6209362043774,20.20017789732255,131.80469384361538,53.26844531827209,19
266.7142857142857,163.69419655280362,21.352723494810355,140.65949193988007,63.232150234708115,19
266.7857142857143,158.02192945307797,26.03650268469269,137.9786515161546,72.79285366073971,19
266.85714285714283,146.02608922218613,27.299993671003037,136.77725662284013,73.11981597800278,19
266.9285714285714,155.0861167132835,27.901346965951948,145.1644884395226,78.74696795713808,19
267.0,181.5674236323838,25.031657210953572,161.72960568544167,71.56810926797543,19
267.07142857142856,209.1051603348875,27.731162349027052,165.74215054033186,67.66854253691882,19
267.1428571428571,210.08144067256578,20.449993980418355,158.33582186593694,59.535931218696014,19
267.2142857142857,204.0256675904734,18.053258995575106,164.67775788162797,64.06120116897117,19
267.2857142857143,196.7166966694012,22.087737174843376,174.65706850267821,73.84322059573675,19
267.35714285714283,183.25975805955696,25.635633781141895,167.89330178095466,73.85885585668035,19
267.4285714285714,183.51445364453303,24.111942236212602,166.01172645206174,72.79015628122791,19
267.5,183.19083624287168,22.399419321759275,156.8569985355159,68.06521414934745,19
267.57142857142856,192.96046884753343,23.118872433941945,149.98769480479564,58.54507652920349,19
267.6428571428571,222.2862982920497,26.10764599499868,165.9824699903409,66.97019769763048,19
267.7142857142857,212.43049506756063,27.978280934621885,166.81893678830286,69.48582807820792,19
267.7857142857143,212.1344849192909,25.727090881135876,165.2412987101508,72.35513377259622,19
267.85714285714283,201.9135676337283,27.466945262054296,154.48812958407072,74.05217374096253,19
267.9285714285714,202.0004499495332,25.628958426559496,153.7515122712235,71.07853549630333,19
268.0,195.02674917011186,22.458698779434826,144.29225891855253,62.20171677702929,19
268.07142857142856,194.7937167816061,21.2404223782006,144.9372583109956,57.79697616434863,19
268.1428571428571,202.99902562739038,24.558071536066475,159.15880441807047,64.92520235004918,19
268.2142857142857,196.50235872154377,30.72028039720402,170.85352313625418,75.92492984084664,19
268.2857142857143,206.15485517371368,27.57821314382316,172.6716757391835,75.51142528057548,19
268.35714285714283,206.27339032162794,27.574033237581038,180.1162635035792,81.34735018047007,19
268.4285714285714,207.29369311780945,25.423199095053125,180.09732093681708,69.87252562086697,19
268.5,209.6078571087879,23.400506922794342,172.35125593082253,59.532867092941906,19
268.57142857142856,202.87069055724092,24.907112903775086,168.42091256874411,60.96759054582614,19
268.6428571428571,184.9519887544922,25.79076374715078,151.1465968075231,65.63477016803932,19
268.7142857142857,186.1892500226943,25.323216757493704,162.75083649193994,72.35095341925748,19
268.7857142857143,183.7152109386548,27.343508914657264,157.99512733076043,68.57467571759742,19
268.85714285714283,178.5702130584838,25.198839068441703,144.20511271297966,56.24616038246099,19
268.9285714285714,179.08086894858383,25.68523959887233,141.94361485722678,56.085831839243944,19
269.0,178.66688947539726,30.492439591957353,148.07018315475017,71.00695127213402,19
269.07142857142856,190.43678017769867,28.619933480719858,158.86734745527156,66.59396506012177,19
269.1428571428571,188.00965710537648,27.426903204741976,163.9046858540115,71.5385659275138,19
269.2142857142857,207.61477442982365,28.685882623339918,181.94710121020165,87.1874575576754,19
269.2857142857143,186.06166946531016,23.721547738456643,162.4828421007963,75.87904453218731,19
269.35714285714283,190.2498703180272,21.995923608662114,155.27428675570675,64.05596976499433,19
269.4285714285714,201.0213149308428,28.81611227671465,176.18327538160906,81.13164479548041,19
269.5,189.95309638497295,29.159691360533717,158.12681943112682,71.99467050710365,19
269.57142857142856,182.08286554380297,28.001315604936725,160.54079252944837,80.4853292268337,19
269.6428571428571,180.02261161134678,23.691628007083278,164.593612968425,78.30400102936424,19
269.7142857142857,165.2991800243457,26.087041435328423,155.26804098451,78.1087531878027,19
269.7857142857143,181.2307331917787,27.110256331576664,170.82142395631902,88.67435778868025,19
269.85714285714283,170.33758102890968,28.939609143034122,151.83816355463904,87.48497280683806,19
269.9285714285714,162.98118465910477,23.51628527590412,139.25547702027492,62.83973943622843,19
270.0,167.69635852935835,22.764480687958567,141.40935526147737,57.370330840760495,19
270.07142857142856,171.9189478081168,23.325099123405966,141.89176370227963,51.83185314669989,19
270.1428571428571,169.51441212980131,23.247697391172377,129.61303269137716,41.050700121552836,19
270.2142857142857,176.6351219150956,24.585111504750575,117.35563952478967,32.72554376449853,19
270.2857142857143,159.18479169808583,19.600981864019,116.9186526013857,35.89705735142032,19
270.35714285714283,181.27715512950132,22.68894044401546,119.4759429583496,24.7292722515988,19
270.4285714285714,178.661314610586,17.5020341217347,123.65316718799373,26.25816693185809,19
270.5,176.7321183196638,19.698232362050508,120.87838737225913,25.303467267916087,19
270.57142857142856,174.54803854823578,21.196069669013706,120.06422752398613,28.333002368620033,19
270.6428571428571,148.10908973321364,18.360967581430323,117.16803502713991,38.583142370797674,19
270.7142857142857,144.3189293041152,18.472571687486198,132.101670707516,52.01319712934428,19
270.7857142857143,138.9440618304899,20.668159422183468,111.30911819684057,43.7947129691056,19
270.85714285714283,149.49487596122066,22.173628991997738,107.16406059900774,25.196827532641176,19
270.9285714285714,161.782453461036,25.865771772220487,127.74010212317927,49.131201327744826,19
271.0,151.250931552134,27.06762708975004,135.31600112129436,67.12314969937835,19
271.07142857142856,162.13907683977237,23.862492660702998,140.02830124922474,61.57750416994865,19
271.1428571428571,141.6438467070294,19.598077897906794,121.90597646105766,47.90818321629838,19
271.2142857142857,160.61433109079908,20.73700822829053,142.77419948998778,52.714412723486106,19
271.2857142857143,169.88478651064807,26.532623105148275,158.69362409864496,86.78120271960233,19
271.35714285714283,163.18534227909927,28.533561807798076,172.68047613722638,91.98491297208257,19
271.4285714285714,176.8248983479179,29.298905034795357,165.4752318122623,82.44152613929789,19
271.5,185.40991968715983,33.12781467933301,167.86375122504504,81.00875540940935,19
271.57142857142856,191.19206628807024,31.986110229417072,181.10840036697104,86.39615717110625,19
271.6428571428571,161.31733528963272,33.36627317912524,171.7395540399174,93.0826100065167,19
271.7142857142857,155.20394945646729,30.947186580479457,160.0007692657484,76.42413780885833,19
271.7857142857143,147.6122712767722,31.401311512352574,128.3122016091041,50.66585902884864,19
271.85714285714283,136.736187796524,28.722466879540747,106.13835857084634,31.207473376430286,19
271.9285714285714,136.87685490739102,28.11670736937966,100.8138754565569,25.468713579204145,19
272.0,146.07861458941633,29.57625719788978,108.88228212884336,27.9429862514685,19
272.07142857142856,150.35768179508344,29.11998395503902,101.20588846776734,25.228398662633122,19
272.1428571428571,148.2327776300412,27.43442834785209,94.91326703213177,23.986579171690238,19
272.2142857142857,150.34207194507218,23.27203259686529,108.65288821143831,29.137155177200324,19
272.2857142857143,155.72053147090648,21.24218144430655,140.2259956925688,51.55455451708733,19
272.35714285714283,167.94109388760208,24.387721903417262,150.85407823510332,59.494540738630484,19
272.4285714285714,164.89934511850532,29.435231407690534,151.890502737771,72.89739339310418,19
272.5,164.4487895426316,28.067230688462836,149.95239023374398,70.75609440601266,19
272.57142857142856,175.53069908874056,28.48266512538024,169.8466676804689,87.31041961255872,19
272.6428571428571,173.33121819639797,22.12038572019258,165.0311148045532,73.0928176889454,19
272.7142857142857,171.63376527634867,19.881344258430037,104.56548879460743,26.858938749467256,19
272.7857142857143,167.177315067723,23.330763831491595,102.7195650482294,27.45425065383982,19
272.85714285714283,153.80354523450512,25.317101076962196,89.10763342187259,23.86177136307811,19
272.9285714285714,142.21244199705473,25.879362607729963,80.57356077830606,23.29855520003137,19
273.0,146.80605987434356,27.850312481147895,84.36969492812804,24.285427354861117,19
273.07142857142856,169.31177021538468,27.13995126608777,94.94428549411359,19.750284533950058,19
273.1428571428571,159.63487323172583,26.388232275035165,93.5821870910009,16.57889580469965,19
273.2142857142857,143.38970448090038,26.786776997593464,76.93665953980437,15.60927248750587,19
273.2857142857143,147.6221405802855,28.080879170812988,76.16890424692194,15.652698722040972,19
273.35714285714283,153.96842689543152,31.455859623972895,87.54435729691075,21.16635249215542,19
273.4285714285714,125.94416460851723,22.649146249530308,61.97361939844888,13.12721409764846,19
273.5,136.82510085689196,22.615122153884556,76.30019809988117,20.61627230057661,19
273.57142857142856,134.62410378128286,21.50390763420518,66.29862420413683,12.167123032589636,19
273.6428571428571,179.49891562823112,33.17979572170933,102.19535304571288,24.399134157274712,19
273.7142857142857,197.34299210484116,30.73796891831692,110.93130370920817,23.536238499025618,19
273.7857142857143,198.5998251461814,27.553363345796104,108.216168537178,18.309725727224066,19
273.85714285714283,192.76364758208334,28.236271681324265,102.18373107270104,15.664005525520233,19
273.9285714285714,189.76881792701946,30.97977300409288,95.41987742797583,16.75279504939903,19
274.0,175.74916884109274,27.338784623959118,88.1600297913656,14.529227979852847,19
274.07142857142856,167.43978068602055,25.598681183939433,88.19600965612204,14.417965671931245,19
274.1428571428571,182.0805291768355,25.443259579289652,122.94020342613358,29.86689113393969,19
274.2142857142857,201.58885391543927,28.680695283596652,150.3694545303019,47.10651378274567,19
274.2857142857143,216.38549991978775,34.30424255652665,170.1657924857363,71.46898428351271,19
274.35714285714283,190.03360638969698,29.00005041457267,169.07595557365477,68.06368188172966,19
274.4285714285714,176.63075226707264,26.498409645801264,132.16391270334012,46.365705809905904,19
274.5,175.64067680903645,26.009487563054233,146.08609859406036,55.92821126141424,19
274.57142857142856,174.4728653904196,25.10079905679726,144.2650729755486,50.54214864084655,19
274.6428571428571,176.75698858928263,24.327999176691684,142.80275221222692,47.612119676055286,19
274.7142857142857,200.4343069609624,24.546371930350556,169.55787858251983,61.05469471804632,19
274.7857142857143,201.90591138313076,32.47788883738168,182.38741354205237,79.93978433342848,19
274.85714285714283,202.49539383733648,32.912693950799095,187.4571635584872,85.10796438325814,19
274.9285714285714,201.72964409670092,35.75709354572905,190.14748200150706,94.0793836959139,19
275.0,207.66349820481815,30.969938750429943,188.17972525762934,82.2945817721395,19
275.07142857142856,189.5359163392795,25.77836387139003,170.32914663481577,67.66832096030869,19
275.1428571428571,178.07332145051578,27.535215300724495,132.55616080965487,38.52283245804707,19
275.2142857142857,178.50130970724348,30.90871141562724,157.36190483133856,63.47229491376922,19
275.2857142857143,184.02516103189413,30.377778949975944,169.94687485368928,79.25454712578521,19
275.35714285714283,175.28925622297464,31.58870773256881,176.63916922076805,91.12297284576034,19
275.4285714285714,168.56255409192693,31.643716342420127,165.30815433323298,81.16072921835357,19
275.5,179.83665116820046,32.78616291422878,157.1924484799308,62.01621204455976,19
275.57142857142856,185.33345866317427,31.32071261576325,140.07099394695763,47.8221795325947,19
275.6428571428571,168.62895275114062,23.930513092342068,128.55801146609778,40.60380257859663,19
275.7142857142857,164.26654900717898,23.710862993808277,145.63295149795405,69.89802455705028,19
275.7857142857143,172.99709862018855,27.341414728879077,155.00256434592922,80.98723149336708,19
275.85714285714283,161.24140796123055,29.97678483033424,148.23200224730257,79.32330052425944,19
275.9285714285714,154.04038203151566,29.96453470299252,139.970538249843,72.58383201853496,19
276.0,151.23614424318458,26.974993011427287,126.6433181515932,59.39821566346173,19
276.07142857142856,155.84765097287752,24.715956912151466,108.93487107164941,42.71434325571903,19
276.1428571428571,149.26349382000117,23.134771544691077,117.08032611534954,46.449135652268254,19
276.2142857142857,169.9336103842316,27.250460038928576,152.83628372067173,70.62296254146356,19
276.2857142857143,172.53301765619227,31.41619110192072,169.03580744041113,86.64959858343288,19
276.35714285714283,160.13573270073798,30.19789652417332,157.806016467154,84.96598413994,19
276.4285714285714,177.39794854376504,30.034805582897576,154.64185232671636,74.96483731820251,19
276.5,182.71928624891737,26.10442045455055,138.77226417980634,53.507771420414464,19
276.57142857142856,186.55223496341938,24.35891147179791,127.0916767700021,37.06116625758949,19
276.6428571428571,197.38248219097545,20.799300498075414,136.6080280958976,40.30013470375174,19
276.7142857142857,195.5900066337874,20.623242167948863,159.43874894506678,62.08038409689034,19
276.7857142857143,201.65543054094843,25.218314708127014,170.56756721137452,75.48340079443756,19
276.85714285714283,207.04126159913181,31.036901197208387,185.2090335185926,88.51161170582257,19
276.9285714285714,212.88827156598825,28.423675124811723,178.31740687424934,75.64594721224815,19
277.0,199.5576243718024,23.967832996154183,167.13884455689657,59.20325872691013,19
277.07142857142856,189.56010730404893,20.522867408814392,136.9015845250568,35.86771104564662,19
277.1428571428571,187.79950092624657,23.78952207433226,145.69778699101644,50.10044807954154,19
277.2142857142857,203.35165719345957,22.18693661111916,166.76020877445546,72.76659566006475,19
277.2857142857143,211.15079726550923,25.4954434133703,191.13333306743246,94.28110473349466,19
277.35714285714283,207.02614117259284,28.22680894554121,194.07058308009982,96.9240809863881,19
277.4285714285714,200.2528289978784,26.509101370878557,172.45651459088072,77.95189570538376,19
277.5,187.51969939806756,24.01995609955583,147.93972242317335,58.38256836996318,19
277.57142857142856,181.3465702291673,23.798960263001845,131.39379999264042,44.00973577685541,19
277.6428571428571,180.91953700365792,24.832907025221594,142.58551653478855,58.5589521101497,19
277.7142857142857,188.91297906931445,27.102958242140918,164.0528712048175,78.45182830930935,19
277.7857142857143,195.24485350282222,28.06661457051096,176.9167523448707,88.5574037860129,19
277.85714285714283,186.07137589516344,28.765154701700734,163.74874596506743,83.31912703238365,19
277.9285714285714,189.3117502608134,30.018750526406105,157.7310284493774,76.48659513605448,19
278.0,209.44594815705028,29.14807073648807,160.32796354351436,66.12840666682547,19
278.07142857142856,195.86035096006765,29.26341163574778,143.8596085900044,54.257508820055904,19
278.1428571428571,184.3280766458483,27.656155073543882,141.44098107390616,65.54878065140115,19
278.2142857142857,186.30764326129412,25.27531591478771,151.57183755045952,74.5117510135786,19
278.2857142857143,191.50286747783258,27.1319435511211,170.18723662229482,84.1499009464137,19
278.35714285714283,196.50242116422876,26.542459514458372,169.20126274054937,81.8944691420857,19
278.4285714285714,223.00559962850636,26.415342999229335,182.3351358286909,82.31855994922091,19
278.5,232.7130400711411,26.118964732552538,180.7650075690215,75.47380828320354,19
278.57142857142856,241.99961755114057,28.450686192976608,176.30266005617935,69.90095545572022,19
278.6428571428571,227.72837382978724,30.533853325463813,169.18593403290532,68.30867604023088,19
278.7142857142857,218.82423355206882,28.879808163020957,161.542758438215,69.84412316343129,19
278.7857142857143,217.61513028127234,25.757362690829044,167.93449247940228,71.73602849216904,19
278.85714285714283,198.7576822751516,25.109366895752,166.59327822166748,74.61000711315033,19
278.9285714285714,192.13565164442866,26.461381894514375,161.89830278426209,71.71049631148061,19
279.0,198.82262167056527,26.701662870230745,167.87791561396926,73.01487943746372,19
279.07142857142856,197.97506478716852,24.160854553724615,169.02810607599628,68.39890497648301,19
279.1428571428571,200.0410931648383,21.483226996645353,170.62508244808592,77.0178773189762,19
279.2142857142857,189.8046960493774,23.576586270482938,167.2487034690163,78.64104455310542,19
279.2857142857143,194.55600406615824,23.86667156411034,153.31019511571722,67.84921513920021,19
279.35714285714283,186.70364170193076,26.126747488051983,152.59097280187842,69.05771587971469,19
279.4285714285714,183.5323518406433,27.261199275763268,153.1883098326687,74.70681830652133,19
279.5,173.4708440579968,22.924849387139087,143.69146814699812,60.47996683649836,19
279.57142857142856,164.1044213553663,23.821639063600795,145.0413469811904,66.43682256294494,19
279.6428571428571,178.82302228315356,23.166200619028935,158.84357142631373,72.69710514192127,19
279.7142857142857,188.28329437642043,27.19775376636552,173.1131163722585,89.07331869351744,19
279.7857142857143,192.31763066486204,26.097394558817275,172.14202152876925,82.76133988345222,19
279.85714285714283,191.9731445739365,31.580385603289926,174.2839019608931,90.84440420094097,19
279.9285714285714,188.00769184068866,29.394831745036353,161.7375941745177,83.21029087644469,19
280.0,180.68366362364753,23.26816045875944,161.788888244,81.98401084689729,19
280.07142857142856,141.04727439932145,22.490482575294234,143.01544760529606,70.2939672996987,19
280.1428571428571,170.99781293471094,26.83064915112351,168.67318796480495,75.44089388040341,19
280.2142857142857,162.25342535869186,29.392299770130276,171.89473040308616,79.93169539062622,19
280.2857142857143,170.82243545715892,27.465692514640594,172.00964704015308,77.64326760590977,19
280.35714285714283,182.62393572954278,24.966060039527733,158.54248581915894,63.741480141712906,19
280.4285714285714,204.5461112557933,27.590681728606732,180.35467558682183,72.3861258941352,19
280.5,203.99162858659182,23.24971052763452,168.72400021266836,64.75362931672889,19
280.57142857142856,185.16603599585835,22.702233532105282,168.62873375855895,69.61926819228754,19
280.6428571428571,197.14392556437784,21.90366573771211,160.03306845369343,64.90820412602028,19
280.7142857142857,213.44938078833783,21.335584412220804,172.39440353325284,70.58459969549322,19
280.7857142857143,211.7405268883447,19.304669450602912,162.73308355478613,64.36226005183154,19
280.85714285714283,213.05386354337264,19.929886762003985,169.3313161876065,70.29158742266476,19
280.9285714285714,210.54830979693992,20.737864103009503,170.03548391958992,72.95270435112317,19
281.0,203.30650656133292,25.10416745653886,189.66907425656566,94.45344518446971,19
281.07142857142856,200.54051684882418,21.203048148690723,166.5658532018372,75.3995062687373,19
281.1428571428571,188.85769584975944,20.407505339119844,168.9710540343604,70.48663780364895,19
281.2142857142857,179.7105208145614,20.076931958476912,158.58868629104032,69.0326141624321,19
281.2857142857143,185.91582594981728,24.859228945433262,171.61941413152252,82.12316435036125,19
281.35714285714283,170.6637303910381,23.5437532829844,155.40447677014092,77.36420219669897,19
281.4285714285714,168.05155002597996,21.907243806401322,140.96566867628934,66.18602114175762,19
281.5,180.22445842746177,26.60674649664944,134.27579461233785,58.31699047217554,19
281.57142857142856,184.71430619394005,25.0989870693432,141.52057813857678,62.08821655759774,19
281.6428571428571,177.05611257168732,23.885212977022835,142.19448648028532,66.55076716672124,19
281.7142857142857,172.7778923485272,21.12336429784179,137.45956474800016,59.98842929015415,19
281.7857142857143,167.26182159352624,19.54612025295079,116.2050370196542,42.25587198876971,19
281.85714285714283,173.56517760483476,15.35280258265334,114.99566582429651,31.224922814380808,19
281.9285714285714,154.92343254319354,18.757699456089203,97.48405287592428,24.34350901287391,19
282.0,142.57046539089856,19.238762150730082,98.48152406699828,24.265906578452185,19
282.07142857142856,140.54243293544675,17.159464366419485,96.33626411375144,26.234278041291248,19
282.1428571428571,165.71062259587168,18.815544825655685,82.26444237515598,8.53453979059447,19
282.2142857142857,176.0094764952063,20.36437081096275,89.05635955557702,9.203016621181623,19
282.2857142857143,191.7967073455991,16.40377121643912,98.0235692098393,8.923592041644335,19
282.35714285714283,179.94976482754822,17.81291411796427,97.69070596497524,12.11121251551849,19
282.4285714285714,196.79519375457073,23.668402537329243,91.44726426058239,11.914479878811033,19
282.5,199.1027790041908,29.386120153345434,98.7442210992909,14.66188814177311,19
282.57142857142856,190.92609385112326,32.23539991868979,104.50831262581875,15.132655087030818,19
282.6428571428571,188.88299488046167,33.20147225747817,101.04177846059987,15.720314379958806,19
282.7142857142857,178.36591014312165,25.794126759316168,97.42936984837633,13.432792529357435,19
282.7857142857143,163.67291757115188,21.30691194237665,93.05744731511814,15.74622671747915,19
282.85714285714283,168.34547034261627,18.058617312740726,97.09480666164761,16.655822400439774,19
282.9285714285714,178.94844429189584,17.40347246710307,104.2656913364726,18.679893179367717,19
283.0,187.32839575688857,20.562652515187825,92.8353282666335,13.98108693660835,19
283.07142857142856,199.15335220653617,14.315696807122373,111.01793809999987,18.498882540320576,19
283.1428571428571,205.1985705483727,17.109492656840164,115.03623281260357,18.48470581445607,19
283.2142857142857,202.2253747827008,17.581304617097434,113.85305568868031,17.825711205705854,19
283.2857142857143,181.66101766656664,19.164875157820788,101.84592985593568,16.630110794943093,19
283.35714285714283,175.44868254965635,17.91928326860037,99.45555609727461,15.643996309731863,19
283.4285714285714,176.00518179316907,17.811734252512895,99.51058141259317,15.139186734196606,19
283.5,188.10311141556554,21.684174815744594,104.66163626658859,15.773599110091173,19
283.57142857142856,194.30466426361838,20.54389024143733,108.36405178652394,15.419007885975137,19
283.6428571428571,184.64685522163674,17.47480667384896,102.4697426430942,13.711807465364076,19
283.7142857142857,175.80410591747102,18.52419867741352,84.88490197011726,9.61435695705996,19
283.7857142857143,148.4863193103952,22.577139102156558,69.68774002771448,9.880402308268813,19
283.85714285714283,160.06820109716148,23.949091563161257,72.61654356553956,13.542745193887804,19
283.9285714285714,160.387672510973,21.18489923061319,76.62936086275161,14.68887570366623,19
284.0,166.15865858867076,21.09639442704904,78.24995672634721,17.736199968905886,19
284.07142857142856,159.11083761286315,22.268818008585896,76.0780660717554,13.22249116301593,19
284.1428571428571,156.479198764478,23.064934232658796,67.91570734369823,11.718248497708666,19
284.2142857142857,171.08710798044817,23.9961842651393,76.54510057218566,8.73530015283439,19
284.2857142857143,186.29342155090214,22.110801006310567,84.38738504752278,9.265744374583923,19
284.35714285714283,212.470527454169,15.58769392042177,146.64886183302212,47.308853536306856,19
284.4285714285714,192.44255275231498,19.14454093858209,152.76714950586194,58.12183989486277,19
284.5,167.64625704902517,23.07149168855147,130.7998936436085,54.070944350124144,19
284.57142857142856,171.32668846429667,21.50650045011773,135.6373506528156,57.13738954991597,19
284.6428571428571,174.5926974294059,22.681768325162036,148.44082540154187,69.86880266880482,19
284.7142857142857,174.0283003074027,21.315120823411988,153.95497938651232,75.26480357892588,19
284.7857142857143,168.42645958418333,22.438150527018927,156.92810622386875,77.964773527519,19
284.85714285714283,185.33907753746163,28.775996411555955,179.9014780541884,99.82581352735099,19
284.9285714285714,182.70645278500163,36.642093676980245,218.90495562624096,131.34555349635502,19
285.0,221.60733439635817,34.58314831335898,226.62011850393083,128.8480774508854,19
285.07142857142856,214.35309386734608,34.46013760262171,209.47932306266875,124.39283431091565,19
285.1428571428571,200.4004089613067,33.30758973746271,207.9330315824689,120.38570326558406,19
285.2142857142857,192.6395711964061,31.262856582133097,198.73176223725497,114.77435909377922,19
285.2857142857143,187.168276268633,34.35161374122148,198.75532152531787,120.98823934878742,19
285.35714285714283,169.273665717052,21.05540697806442,148.8622624456047,66.29509966859452,19
285.4285714285714,174.43237841732963,17.76199243167917,139.7362924504687,49.191983465850576,19
285.5,178.38917935763277,18.31469543304307,153.75516813942917,58.889385353348715,19
285.57142857142856,179.94357944890436,23.841661232131838,177.08532690156338,86.5924879205867,19
285.6428571428571,192.17830592164182,26.767615413768663,190.19023964177134,95.42711004080843,19
285.7142857142857,190.53625195729757,26.712475867933282,178.6189531140414,88.97633752065093,19
285.7857142857143,192.3216610418478,30.874541395078133,189.58499569433673,99.32829927360532,19
285.85714285714283,174.83225056229037,25.607912119453196,184.3465888037622,97.56744294211754,19
285.9285714285714,193.53147286527476,29.498858387421347,187.41333277242964,96.02094011384021,19
286.0,201.60030444100843,31.178190107379415,200.11425551062936,101.3933414357267,19
286.07142857142856,221.33562917276763,32.867728156729115,200.54601835069116,92.18608723674627,19
286.1428571428571,211.75088704072485,30.18501480205156,172.77928839095787,70.28096059098584,19
286.2142857142857,183.50592340103347,33.46144706806511,166.49513059873573,80.06892928099604,19
286.2857142857143,184.25890672876892,34.53451285335321,169.34201162726933,86.28618518112957,19
286.35714285714283,188.8653838389987,36.40510752746621,175.2382377635939,94.06108363957024,19
286.4285714285714,187.14764909003105,37.34295780940359,180.8888478725475,103.85247745560903,19
286.5,172.57301344987138,27.469216248539542,143.14195938602865,66.5824588973421,19
286.57142857142856,159.88426761698688,25.85733198727808,114.21935811320381,39.339912993053815,19
286.6428571428571,151.91421734049166,27.802276422210745,92.97446608102219,23.170799093239555,19
286.7142857142857,167.42320279585235,27.263258272507475,118.62915413255936,42.22155960151855,19
286.7857142857143,186.8316580302689,30.72619256843344,145.5217844199321,67.3568129742907,19
286.85714285714283,169.42991030205434,33.181527184428546,157.34679126616734,87.6015979811386,19
286.9285714285714,186.9304638883436,36.427853416143165,176.07386985537948,101.3619226745414,19
287.0,193.18156810847842,36.51234888920385,176.46350303276037,98.52550671520845,19
287.07142857142856,180.26541487512765,33.07834406206182,156.2696286059114,77.87011776838054,19
287.1428571428571,178.2354172968365,27.21234812473481,128.24758186972878,49.344748620783406,19
287.2142857142857,177.6567855927471,29.787564741132698,122.25314807199011,42.33401699280711,19
287.2857142857143,160.71844608476084,33.46218486294327,123.9515331469096,57.24709766856261,19
287.35714285714283,177.06752550015682,33.03375850301785,138.90939478678527,68.56476619430299,19
287.4285714285714,190.74798627962372,36.76984996426017,149.3587628120712,73.94078580055134,19
287.5,189.90498486789687,30.72890257879951,140.40306180294763,59.976799709511916,19
287.57142857142856,191.12982231443004,27.960150336177097,142.69324980762525,55.267652192490594,19
287.6428571428571,183.05295349552028,27.091826818613782,138.9947947586144,53.447752189311764,19
287.7142857142857,176.07349348866163,34.58259513973771,128.20505618853892,56.997038585233355,19
287.7857142857143,195.15272899465617,37.43352468200488,166.81912200604188,79.84799899354792,19
287.85714285714283,198.70347042010232,42.05144322034221,188.39694140741486,105.44055714018883,19
287.9285714285714,194.49502313356808,39.83560262052701,195.78562012716796,114.12802968823019,19
288.0,191.09222939820407,36.071518570637565,186.47529442057584,101.94953342380433,19
288.07142857142856,199.92925998446452,34.11607022453497,185.84685012188962,98.11732178828403,19
288.1428571428571,202.5436134440703,32.23661835892112,172.21840189844235,84.13201087015932,19
288.2142857142857,183.01725646139494,30.217722632088485,165.84897911144225,85.54564735616874,19
288.2857142857143,168.24263379810162,27.328686749530466,156.99102330739234,79.9797003252258,19
288.35714285714283,172.6631790171018,32.1281304115464,154.12080132056025,77.55827240307316,19
288.4285714285714,189.36990418523624,39.710826233117906,172.12580268723013,93.39469711611862,19
288.5,193.41964222110795,43.43375831227023,178.53101599965066,100.76307806710969,19
288.57142857142856,181.70757340490422,39.930898568156316,157.3201998146812,89.18439432276094,19
288.6428571428571,168.13446223929805,34.90926391023857,143.99703331994473,76.9205413697637,19
288.7142857142857,191.88469700517592,33.014069964414944,165.29501256083086,77.61043055930503,19
288.7857142857143,184.81812234876134,33.626165335494996,159.76730493531426,79.14285126366852,19
288.85714285714283,169.89771071358064,32.015834020351946,148.09078522902072,73.26544067277564,19
288.9285714285714,179.35856396336888,31.575522324453104,162.198245177669,83.05560913303871,19
289.0,194.63142454684672,34.85370186868539,180.90830589260034,98.95355363859629,19
289.07142857142856,204.563124611614,39.61784916711711,190.36366968601553,109.77222127423227,19
289.1428571428571,192.7907978958294,35.9887330489562,167.81479942185086,89.0452216971057,19
289.2142857142857,170.3342328048106,29.05816227025002,137.72293354282357,64.9054206337599,19
289.2857142857143,171.73847902769555,30.547600126287275,143.0492512864229,68.63040730634359,19
289.35714285714283,173.88853591676923,28.94480317398191,147.49244165549345,74.30908827542403,19
289.4285714285714,191.37990322677288,31.77741492491865,164.79416263406915,87.91524526648955,19
289.5,201.26989987060708,36.91539391979584,184.6765735662749,108.15127250358556,19
289.57142857142856,209.67569314395115,36.77521646283729,191.401520332553,108.3679612055541,19
289.6428571428571,193.50655240513908,36.1290836855165,168.4735380880127,92.26823903055545,19
289.7142857142857,185.43328993072615,34.1011525756587,141.84888540379322,65.5883968739573,19
289.7857142857143,173.14396922383625,41.34165142117472,148.6305980001441,74.52904682776182,19
289.85714285714283,193.65592182146872,36.996401513837185,159.4490577119889,77.10052278102759,19
289.9285714285714,182.70520870197132,30.78369806976428,161.64325885838863,81.04375581119838,19
290.0,167.48044624759547,29.92037465208282,173.75414139834504,91.88753596720574,19
290.07142857142856,169.91692934433658,37.357941790960595,192.221051369493,115.09982506579213,19
290.1428571428571,164.83120896458087,31.93509979307787,181.0161146803851,111.41288190734672,19
290.2142857142857,161.31009888662632,34.414331691616574,180.6474526285641,115.38455148125814,19
290.2857142857143,170.42854144143453,35.41731511306001,181.8689464619174,114.3257550549124,19
290.35714285714283,184.40628567028605,38.759539143247416,150.7054678487659,74.7030860748894,19
290.4285714285714,176.59506937993206,32.105738311384606,119.00635741754127,47.06159622060121,19
290.5,187.2083980032092,37.02067846005697,132.50748368801936,55.51878951461535,19
290.57142857142856,198.04130190928205,41.15757719946656,141.98997140747989,61.893097157140424,19
290.6428571428571,190.54526785887506,42.95356620824922,126.80154908335817,48.058145747464756,19
290.7142857142857,150.96240322093513,29.012993445859294,87.66084266984036,20.169757211569046,19
290.7857142857143,133.66377238551996,26.678669529713694,70.5070662386241,14.391786988034271,19
290.85714285714283,139.3971897312807,23.999991291174293,87.82073800992612,25.243968630926826,19
290.9285714285714,144.55538999423354,24.40170178809533,85.9484896040252,20.36266814185454,19
291.0,132.91252520549918,18.29951992836442,71.61593895270765,15.373864673368486,19
291.07142857142856,144.29164996557995,19.136769551218116,85.65760176826983,23.211691822797025,19
291.1428571428571,158.10197244599144,22.266108675216028,97.18812718863164,31.091267242454066,19
291.2142857142857,186.1897450517785,31.462871208451062,122.1721057357616,43.494755068288,19
291.2857142857143,185.44512316479106,31.708995884077115,140.4266765422318,61.83905447676921,19
291.35714285714283,166.6049265238506,31.472493637993686,141.43737167739525,69.25798856957942,19
291.4285714285714,161.8363474124988,24.708743493544045,136.72033381294435,64.84913100924062,19
291.5,159.9397742779173,23.714151963498136,133.32583723026465,60.12860758271736,19
291.57142857142856,149.19229288858978,23.23870108608242,124.28664782859468,54.65154387573446,19
291.6428571428571,154.56172414817877,25.175560304748423,129.45518694780907,57.454647988770276,19
291.7142857142857,166.77256271764261,25.39813186411628,123.18904081098441,48.68896868549113,19
291.7857142857143,163.33686165453182,23.583849138137776,114.44393566136756,41.00207029509755,19
291.85714285714283,159.87168098483426,21.673230709449385,105.8017283988252,31.633361183918463,19
291.9285714285714,148.92789709972317,19.366286120010145,95.13609403633876,27.130186962175777,19
292.0,146.16683751048845,21.809858740731038,89.19908249075087,21.639289960853905,19
292.07142857142856,140.19764891727633,21.784431308929815,88.02759933059576,21.7922998385996,19
292.1428571428571,154.42773989100846,25.22246779786252,94.88469958269653,29.2502806565499,19
292.2142857142857,154.56200627964805,22.123485649627444,99.91621742088958,38.286230532593976,19
292.2857142857143,178.94138331992346,22.105536386664177,115.75733077330673,36.4351922231975,19
292.35714285714283,178.84333211927085,22.465769311318052,116.94027344623643,39.6255794055804,19
292.4285714285714,175.8361931384574,26.217054918174753,115.86358850770246,40.661825599697195,19
292.5,182.78731199903135,28.573403609948564,124.35017055081784,48.34491799061354,19
292.57142857142856,187.1170796564147,31.558836252441747,138.75936421015408,59.86102492309066,19
292.6428571428571,199.8778314006647,28.61275290060553,140.384817943644,52.98416938280155,19
292.7142857142857,176.67750223805,27.16229596517317,115.13113353333782,35.17192657091803,19
292.7857142857143,174.87911953911615,27.299601275255483,110.9736843677363,31.50190579699349,19
292.85714285714283,170.1718377479891,28.062340428283537,111.93837616887143,35.477068594126365,19
292.9285714285714,154.9040022036114,26.599510238816343,107.14952676818918,32.892439947235374,19
293.0,139.26896242512188,22.48802557631271,94.95974765266581,27.228124834482486,19
293.07142857142856,141.78982150063942,20.31929610033364,90.90955625433972,21.226710173050108,19
293.1428571428571,147.3514671693966,22.429511717800988,90.85141670424275,18.46819376022751,19
293.2142857142857,149.8585209252096,23.26006912165178,81.4082999776542,11.397119695601043,19
293.2857142857143,159.85547798161676,19.427900773198644,98.15400728245139,17.701216235892343,19
293.35714285714283,173.54483454788942,19.774915964790274,111.8101125009313,25.97721591965611,19
293.4285714285714,176.46808133802574,22.51001604954801,125.03986800396854,40.00035514633621,19
293.5,183.61106876803876,26.133225013382457,130.873443246466,42.98475843326355,19
293.57142857142856,177.36980092210425,29.43773269181049,125.44964103235813,44.54268379294877,19
293.6428571428571,162.55940605677597,29.341910660954746,80.3234327382135,12.168624385448581,19
293.7142857142857,150.0740113938305,23.417047374191828,135.3619371031374,66.43145036254181,19
293.7857142857143,126.20467377681825,19.14718853131107,65.09943658860006,10.576242912439307,19
293.85714285714283,152.0997068724091,23.02189504004635,76.57983332805743,10.766082842978081,19
293.9285714285714,163.5450127800521,25.69418629844619,81.81125750862064,11.846925635974806,19
294.0,170.47256986626124,28.412187152164208,83.54251799755077,12.747867570764273,19
294.07142857142856,179.01548845032715,33.5232878903125,82.73467574702991,14.632116066301398,19
294.1428571428571,171.65641533015145,36.357089302174344,72.51048984224546,14.122258399058362,19
294.2142857142857,164.78340869687904,39.29524780205078,69.08450063352267,15.27624184474281,19
294.2857142857143,158.7426373602096,40.5847185772109,71.45380478442551,16.65075408008415,19
294.35714285714283,149.83777445517174,30.892324170039167,71.32323218252466,15.508354168465077,19
294.4285714285714,144.16515307773585,26.269900765974683,70.31625714538914,15.379517027188626,19
294.5,175.1839443441727,36.8796664423676,84.79994079979575,20.221684538708164,19
294.57142857142856,187.00074048738088,39.968104631477225,88.9532676568686,21.23225537993887,19
294.6428571428571,196.4222131352081,32.78683233877028,95.4941537493524,19.002913083462197,19
294.7142857142857,201.99783717246288,33.75664624728288,99.38488139079573,19.70773843924634,19
294.7857142857143,194.72604806761464,35.44909549598885,92.03943691508948,19.739781543266915,19
294.85714285714283,199.02469330609676,37.89759264250874,90.35565574133295,19.942355989978946,19
294.9285714285714,191.2860560850174,31.36940161686563,110.01632476268824,28.122299091585916,19
295.0,180.66589701361457,31.368893187615132,108.99076696268956,33.51586334795425,19
295.07142857142856,176.94837381524266,36.75731565855915,109.06617780670665,39.622578876607406,19
295.1428571428571,168.1270556796507,39.67240470803444,95.73447218244883,32.213916261168954,19
295.2142857142857,157.11041857834874,35.12650072086796,94.37707785387002,35.2022208051684,19
295.2857142857143,152.7473351903147,34.1555237950282,76.03022376189315,18.088690609040103,19
295.35714285714283,164.93418531152656,33.44161693762234,86.84742095958383,22.79864882658933,19
295.4285714285714,169.33608813204845,35.26148628803797,133.09932331525442,69.2613367822511,19
295.5,189.899888682377,34.819533551964064,135.67593847893218,58.63762137924945,19
295.57142857142856,191.49712832144556,35.71812545638948,102.45694393604488,23.784439205875213,19
295.6428571428571,204.37180482536064,40.4201472035781,149.9156985605326,68.86678903147484,19
295.7142857142857,223.16808354799804,43.3853891193548,180.10795635806574,100.04066899632797,19
295.7857142857143,228.10021566641896,44.43565032239781,194.24134552619222,114.59269721057957,19
295.85714285714283,199.99783243572443,34.448454507794004,155.4081322770175,80.39566198858999,19
295.9285714285714,196.4340381142946,28.778337928027675,137.31417874377274,58.4771198590373,19
296.0,173.9829848791848,25.476728228942303,133.51106821747646,67.09471253424692,19
296.07142857142856,166.2285789844644,31.63331708206407,140.3190741100009,82.16613947971565,19
296.1428571428571,178.70662194588883,35.17086567113315,155.1335149799151,93.19036795325076,19
296.2142857142857,175.91890670651372,37.67962312868999,159.07723443468134,96.87994643159134,19
296.2857142857143,171.29679978621397,32.22480148492148,129.73633177266393,64.03858006023859,19
296.35714285714283,182.16854571130526,30.43917877943902,119.52276268694621,46.38781156214562,19
296.4285714285714,195.9155523748802,30.992385890454592,125.99649434072249,42.903378633837065,19
296.5,208.75963072834182,31.268847887664457,149.29492330610742,63.37169325458482,19
296.57142857142856,222.3651600070494,35.48765493790164,169.978961537722,82.85287630710924,19
296.6428571428571,219.2066533778802,35.85974263667814,172.29075513200323,88.7109302185911,19
296.7142857142857,211.58974479532358,37.13118395817648,170.39431600905704,91.46592919949855,19
296.7857142857143,193.92591738561336,34.72669383437305,140.9885316398828,70.47357312265834,19
296.85714285714283,179.94585659546743,28.47524784041351,121.89506853584949,48.33209071868549,19
296.9285714285714,151.27010760217414,26.497666449078515,111.90901413003989,46.982480959342176,19
297.0,168.44615946003944,24.085983857490888,135.65471116371,66.0207948520932,19
297.07142857142856,163.26186869498656,25.807742354769044,136.42622444209957,69.78212851402365,19
297.1428571428571,171.25215372412129,32.71873603364107,142.96948853650116,74.76514350647344,19
297.2142857142857,168.14447258560668,36.351402921235085,151.9217847456484,83.4317871090059,19
297.2857142857143,167.73727690811558,32.84399759760476,136.1421583995103,67.45287843776826,19
297.35714285714283,169.96043756109145,31.6959218535994,123.27626718481628,51.63015824176203,19
297.4285714285714,161.8811343202258,32.4796886458318,113.78064702627951,47.99829275577859,19
297.5,159.19772459731496,32.483856572879596,130.9670645385074,66.7821905498661,19
297.57142857142856,163.88988394459096,33.694174864379306,147.8220832978673,92.11050548275169,19
297.6428571428571,158.00136655719857,32.14466833076029,146.91389157440713,93.05761359152942,19
297.7142857142857,172.14714509868577,32.04907320676387,149.48960570955202,87.98545912441972,19
297.7857142857143,169.35856167459698,43.05152057120838,145.94865813633663,92.48878795017964,19
297.85714285714283,179.61553602988224,31.813168152479484,115.4643315103056,47.84449739991752,19
297.9285714285714,164.97604275902586,35.11443922449811,114.36306796320522,57.01379814082175,19
298.0,173.81802067413568,29.671983922898413,132.28959831283987,69.15183476242268,19
298.07142857142856,190.66285963813624,33.93050664178951,159.21295599313768,89.94719275621861,19
298.1428571428571,194.91764635482323,32.87877657769323,160.85545505707356,91.47084196956406,19
298.2142857142857,183.57912570442457,31.090636644959233,149.59764362717004,83.82946323743596,19
298.2857142857143,158.9276994970419,29.222674172296298,131.4356072706558,72.78723017346324,19
298.35714285714283,149.0785109043839,27.964856462460894,118.53241234688831,62.639601685134274,19
298.4285714285714,146.2130540053463,28.829461812992115,114.22182658494664,61.247315688561024,19
298.5,172.6666245990401,32.83269645646853,142.79061111912878,79.42501513039349,19
298.57142857142856,193.1720437849735,35.00419366789304,169.89494188621637,97.45891476841497,19
298.6428571428571,198.89454804130688,34.80252209259778,180.98854310193096,101.0572769481143,19
298.7142857142857,206.75082514189492,32.81441263600801,174.9250837823355,90.79224529500755,19
298.7857142857143,203.85279958201716,29.658305940868612,155.84409266797252,72.35545747535231,19
298.85714285714283,202.46218328565755,32.49569282955379,141.4088457317875,58.84649400518493,19
298.9285714285714,202.71594744661024,30.255105954026977,136.29615987165326,52.17817643173862,19
299.0,189.70778460462972,28.0942154373795,139.8989191918925,63.14531713493337,19
299.07142857142856,177.60956419224198,33.10947313236138,161.24390109024398,90.84523725501097,19
299.1428571428571,166.56332638871402,35.79376467875639,163.4672669250166,104.44207498518024,19
299.2142857142857,167.54365476162647,32.929316032641324,157.2093109881805,94.55767526740111,19
299.2857142857143,178.05454412037807,28.397309935231558,152.81867811210395,79.398183233529,19
299.35714285714283,168.56977441578684,24.536283205941967,133.86934428549154,63.13871647025827,19
299.4285714285714,167.69155880852136,23.688458525950484,137.29878309516465,64.02642669688396,19
299.5,183.3654309510519,26.896837377024056,154.80707906068486,78.10354905809513,19
299.57142857142856,194.05996965134597,34.06358170096279,179.07854113577451,94.21436758269368,19
299.6428571428571,207.67671698668667,35.74355022760808,177.07376480559776,88.42614923815721,19
299.7142857142857,207.43532537679536,31.308220124111276,172.86062767681906,83.5057688560421,19
299.7857142857143,195.9477939954026,30.832301117027374,162.1879635359384,73.70477811347487,19
299.85714285714283,181.93763630838566,31.18159119095133,143.7962948331336,63.32509490831924,19
299.9285714285714,191.1672680629088,30.32541417014813,127.31030515726874,45.98717313776594,19
300.0,187.29460127518652,33.730383380478145,136.396900663333,62.171069497969015,19
300.07142857142856,183.26123589685946,33.29965833638294,149.47214862843865,75.91441377710854,19
300.1428571428571,190.5321600512173,33.65641227626245,168.51299459033444,89.31505917801579,19
300.2142857142857,198.94854118690097,34.40644590724483,179.46858519371844,97.26198679505147,19
300.2857142857143,179.5971610357108,32.07475175971746,151.88551136343992,74.83483585986662,19
300.35714285714283,183.50810026296162,28.373940887035705,137.38268488188206,52.39025672854553,19
300.4285714285714,174.19910317138013,24.529507166447438,124.52361683028475,42.022304469528265,19
300.5,175.74442026851227,23.22787240964745,139.58563967404191,55.53608408059603,19
300.57142857142856,192.53422566380135,28.49924542489771,159.6248006957092,72.34166185888334,19
300.6428571428571,192.97567349869138,33.71006673393237,171.70897998402933,88.80759899236803,19
300.7142857142857,229.5672941280448,35.84612996426236,202.76990548911013,102.94896440927691,19
300.7857142857143,213.2413917932626,32.921009897838346,178.08710026193754,82.30720189221368,19
300.85714285714283,211.50970967902563,33.985693170363746,159.26453323388964,59.531415715537285,19
300.9285714285714,194.64788846624808,33.46463412061235,134.8126622616724,42.36580452650536,19
301.0,174.91337730494251,32.13684368357616,135.49780125527982,54.19795595390198,19
301.07142857142856,179.3516609180077,33.12329370780693,157.18212622631378,76.24142591927183,19
301.1428571428571,191.1874192391049,34.26767000764591,160.48286695505328,83.97830719681477,19
301.2142857142857,223.40251519615973,36.1659722212527,186.26891753798313,83.27660385281769,19
301.2857142857143,224.90744643417443,39.049807309178625,179.4182106784767,79.1226182905437,19
301.35714285714283,214.87929465862697,41.75695003592596,167.01223475510932,75.29826461995614,19
301.4285714285714,194.95622024872688,38.85834263908326,150.42513210365016,66.41417194092446,19
301.5,179.33050905364524,36.558842468167754,127.66690829358349,49.76682322285741,19
301.57142857142856,175.22282430625089,35.20491714133214,131.5118628615851,57.13640817243421,19
301.6428571428571,161.0537965769027,33.759281178923096,136.12731874225744,71.65871627883195,19
301.7142857142857,151.9349531217422,31.781370043883857,135.2537670378234,74.8730779017358,19
301.7857142857143,163.28816654902843,31.778205733992987,152.39309399077248,86.74288066188089,19
301.85714285714283,181.3761471641329,30.205171648108475,163.80172716507747,86.66364175936143,19
301.9285714285714,185.60396297050835,26.591896850502497,164.5081712189601,79.6114141701949,19
302.0,178.6598529727258,26.97501068717257,151.56004091224665,71.71621318888467,19
302.07142857142856,175.48054404595757,20.86754799395721,133.01471010561946,43.97252250161314,19
302.1428571428571,167.29408367098435,25.568679863676106,140.6600428762478,56.95739927186034,19
302.2142857142857,176.31245593280408,32.24883521555279,172.3501955393996,80.94543908037613,19
302.2857142857143,186.5223059162432,30.39092709850204,178.9800339875585,89.02706392361323,19
302.35714285714283,170.47792236485452,35.33654949071908,192.69390047990805,118.6532994205594,19
302.4285714285714,168.1264992694944,30.860500120089412,165.15156200496972,93.89375012191655,19
302.5,169.69163958669967,26.407805408028256,135.23248904015986,63.17008915038564,19
302.57142857142856,162.8020289352664,27.465859074465765,119.7232930038448,46.200995662881255,19
302.6428571428571,158.82240795671458,26.31582473043733,105.53355790133807,31.71424291098206,19
302.7142857142857,170.50892511041215,28.192910396883413,127.09845660239478,50.14308414350714,19
302.7857142857143,172.2416015308513,33.5194034430672,149.97080726040258,75.33542823589232,19
302.85714285714283,183.34456009017384,30.4310731425275,158.9623516891873,77.7387971461242,19
302.9285714285714,190.01139095786215,29.111066049233923,167.2580504028474,81.42349883479253,19
303.0,194.48058439961568,29.39034362006747,161.27125874190668,73.15453087291225,19
303.07142857142856,190.644388091198,32.4541270543525,149.44944743259882,63.66059380563822,19
303.1428571428571,179.98551954157134,29.51675530834698,124.71912579475665,44.189766658718575,19
303.2142857142857,179.97468883857164,26.09526089011417,130.80913367830476,51.09361091835148,19
303.2857142857143,178.63672455183757,25.812630129865767,154.03953779276955,76.05275450515765,19
303.35714285714283,164.2217686457702,23.857914278117008,145.90196762066637,74.86107147994734,19
303.4285714285714,159.62448373643159,28.63114455890519,151.6213737548389,85.49339727005767,19
303.5,171.82383326042026,33.85287064233063,157.32620038965223,87.61257399728785,19
303.57142857142856,173.0126411837632,33.69685668786691,154.02114037107188,86.17103995135467,19
303.6428571428571,164.1279797405468,31.73839553899129,144.91980940008395,79.7074184218641,19
303.7142857142857,167.86935907067706,33.460235577597786,140.72507344116414,72.6301741972093,19
303.7857142857143,171.97614912882293,34.308132569692376,132.1864603505201,61.64422561715153,19
303.85714285714283,179.53624908105934,31.74710191832922,144.01588938958486,65.64793947698348,19
303.9285714285714,168.07018912717893,31.27883982304803,155.16693696378175,82.6616832071284,19
304.0,177.42586042028796,34.73444178429542,174.7098506069547,101.31217476251932,19
304.07142857142856,196.68372383978178,36.59633497077283,175.9386091257232,96.67663160855535,19
304.1428571428571,198.26765650925046,37.64003029952213,154.91465677555368,77.48188956785295,19
304.2142857142857,187.49395521671832,35.224386773358376,129.47047042256796,60.41335324901588,19
304.2857142857143,172.38953457507577,31.891599482130257,110.79725758208103,45.88048406542559,19
304.35714285714283,171.8251726373422,32.18811586996883,125.80035839845097,63.3079230727124,19
304.4285714285714,186.00609902921434,31.34415376381864,153.07973537824023,77.78438011536745,19
304.5,183.30730502803337,35.850160211006475,166.17738219592496,97.92193696398515,19
304.57142857142856,182.57789435425508,35.536943219707865,167.62147205890247,97.18320227640729,19
304.6428571428571,166.6939689202142,36.47066733701326,146.4584778230843,88.65595981561478,19
304.7142857142857,163.95031035418137,35.27360407042645,118.53012899525602,59.8982421428742,19
304.7857142857143,174.03964514473816,37.30503943266767,112.02278054922006,47.24516773517788,19
304.85714285714283,165.06850520355826,31.618000409837144,116.24578045468435,54.87477125128429,19
304.9285714285714,167.00548376685452,34.226743809917465,144.97631696826,89.91957858603628,19
305.0,156.49839142693227,32.64612382065125,141.68857047107545,84.12863367376758,19
305.07142857142856,183.70168082397225,31.46758114686059,162.9108336175236,88.24327334681674,19
305.1428571428571,187.83897805450778,29.586788025351684,152.62266275743406,73.48306188126827,19
305.2142857142857,194.1777227585618,30.741538849235475,146.692566858965,56.271079289715395,19
305.2857142857143,180.10347339061067,28.62580705308295,132.98136149289672,48.858681457411194,19
305.35714285714283,176.90703991073238,32.36158127464877,135.45666771252456,56.55615716472098,19
305.4285714285714,201.35450756210636,35.594739897662656,167.62894813850627,80.95190636090588,19
305.5,225.80470515188142,36.020844789452816,184.96632763336785,86.97362074550705,19
305.57142857142856,232.04520800326696,36.87163249620336,176.49391320902603,79.39140759002942,19
305.6428571428571,204.48761881115843,32.18659411158241,160.07335031290074,75.51580207685143,19
305.7142857142857,187.32865647981833,28.840590276432312,148.12308614755676,67.94553169347894,19
305.7857142857143,204.93434312456168,29.926345585991797,145.07137806780287,58.90323303318383,19
305.85714285714283,205.40869255430636,30.111293536367025,154.98281825887594,71.15625826900236,19
305.9285714285714,214.2377885344026,29.130266419814976,162.8260687142773,72.39567476323144,19
306.0,229.2481517631852,29.00237382414395,174.44745598008618,77.16866382369196,19
306.07142857142856,215.331935321628,32.55412200425866,165.61994631443153,78.78441358024773,19
306.1428571428571,190.45011360785824,32.57050202452807,150.6307780741235,76.48508265821579,19
306.2142857142857,188.7078694862123,33.44489244947594,141.99988306456163,69.64228222065424,19
306.2857142857143,189.14161921326533,32.434283313192246,135.34311106234642,62.399292521516514,19
306.35714285714283,186.9365341131418,30.61613449730518,141.83893457399884,70.63492392557883,19
306.4285714285714,175.20997340480997,26.45570504024427,144.40565395435453,73.72746370279437,19
306.5,177.9130966949999,31.20973795407639,158.48780105785326,89.39551199701218,19
306.57142857142856,188.08080258676594,36.592950061685094,163.00947435379558,93.75496624233858,19
306.6428571428571,185.58220397182686,35.94934655219289,149.02957852746306,82.52962475132172,19
306.7142857142857,174.77649716448155,35.42925242809187,151.78241484030235,91.66957366200333,19
306.7857142857143,166.25656823128978,31.686780699353804,134.98591556735366,74.83046966744763,19
306.85714285714283,171.4755847253672,35.58858393983068,141.4285335748141,79.76797902722578,19
306.9285714285714,193.3846029332635,39.88133213120288,154.1321230783645,84.48953925321554,19
307.0,195.4451902382343,34.64239826157498,158.67391696740256,86.95917665182775,19
307.07142857142856,200.46657931420236,36.342561830426376,171.7318745980562,93.02537698471004,19
307.1428571428571,205.80747875511153,35.9325074701176,169.27554551392083,88.08968835673609,19
307.2142857142857,207.76131904341275,34.667648982903515,156.7102450638643,72.0453913593812,19
307.2857142857143,222.60598106104445,32.64786053699723,156.1127947814809,62.15208170885712,19
307.35714285714283,214.6685750204235,29.723095729187442,147.48662105364474,57.075673244754114,19
307.4285714285714,204.9426259507293,30.465412557153613,151.4862173277068,65.85380290882041,19
307.5,205.70387658169685,33.02171181728202,159.86326456483624,71.18837921761623,19
307.57142857142856,197.67117188194146,33.30238093556371,162.23530571562583,82.18327165700988,19
307.6428571428571,196.97786846694456,33.331644642504074,159.53198673591888,79.52466679577506,19
307.7142857142857,204.03498747473608,34.60489824225191,153.69545342406388,70.21691320741894,19
307.7857142857143,207.34068551241344,35.141862054342646,139.09835316386312,51.407777863241485,19
307.85714285714283,219.85755626023087,41.00177990982728,149.855374360323,56.4134074702786,19
307.9285714285714,232.87598805414623,41.15072183510467,165.03239198520336,67.62255572335478,19
308.0,209.90999009213712,42.863526033730636,173.17012191535648,87.7031247562,19
308.07142857142856,201.68033317258775,36.84546135935226,171.45754802178038,89.14906837751148,19
308.1428571428571,213.4143344478594,38.187267633777715,167.52656621652008,79.46805067358187,19
308.2142857142857,196.4178167357787,33.79309510500744,147.57482911126033,66.68246360333038,19
308.2857142857143,158.73908412024775,28.461854702573618,121.1638558602656,58.6177825394965,19
308.35714285714283,150.4446883361542,31.359526356076863,119.51049034166182,65.7988516439532,19
308.4285714285714,152.134487385415,33.009537985755586,127.26685299743019,73.25711673577361,19
308.5,164.72255496741354,38.56986079619776,143.7502807843894,88.70355645215777,19
308.57142857142856,168.76510756591557,38.51553681515536,154.66171186560967,99.38779695983938,19
308.6428571428571,153.97568374608997,36.89836051361035,154.784251301676,105.16967617961032,19
308.7142857142857,177.66107360743572,33.527435800154315,145.13374279509424,80.22964621919401,19
308.7857142857143,193.4617614466171,32.99202598237113,144.2679026453868,62.94475164390351,19
308.85714285714283,194.120047259069,35.751625631678294,139.07634865450774,57.808083476734794,19
308.9285714285714,204.98265489914203,35.59644005025831,144.67500039962874,63.46543182459856,19
309.0,198.86936494713004,37.32380490066611,158.5078327709183,83.90308374383052,19
309.07142857142856,190.52911238195514,35.584306180421855,158.5357348066942,84.43023505932892,19
309.1428571428571,196.99499692691433,41.953023326566786,170.80904015369558,92.79031488894566,19
309.2142857142857,189.5228361641367,35.59130071418566,149.22304000674825,72.25977685694679,19
309.2857142857143,192.51888243477396,34.10228228658385,148.64949256955924,65.26955350774675,19
309.35714285714283,189.99613150641258,35.705066173469206,145.05354325470532,57.71830377495278,19
309.4285714285714,184.78270650825604,33.140804978969506,148.70802364376334,66.30658402802048,19
309.5,174.06197500137756,34.704858880534466,151.70227227734998,78.23695815873045,19
309.57142857142856,180.2264659847267,36.697961363556125,158.23903256192102,80.81626108836393,19
309.6428571428571,182.3665852052923,35.505926650254864,154.5808069898577,78.96420284722224,19
309.7142857142857,182.93589113862367,34.284444265133644,141.3633511102901,63.9613880830647,19
309.7857142857143,166.09342303317715,29.131115499317183,119.29441553245755,50.05819205074852,19
309.85714285714283,148.6767283395867,24.125592835506136,108.63224226761835,47.05788868593359,19
309.9285714285714,155.69089443217928,26.365998638714753,127.50274557986161,65.43329502739681,19
310.0,157.54577703346385,27.525625235195303,133.03176824725315,67.37763283729458,19
310.07142857142856,154.74142041116517,30.481285809836926,137.69203509114587,74.16922874696918,19
310.1428571428571,159.8145079528224,30.95236176253162,140.73150200960592,76.0617163526149,19
310.2142857142857,153.0173674154505,29.8686197185297,134.55799126596773,73.5146386381783,19
310.2857142857143,151.14088593976862,26.736196567399638,115.26773241228902,57.23661741533148,19
310.35714285714283,162.61358433877498,29.953170572933352,115.21726782299176,54.6373706707699,19
310.4285714285714,175.65854895704055,34.05804191735926,140.27792651298282,73.52660853106491,19
310.5,197.87048138196315,34.886370017893974,158.53218404798403,80.55463429804706,19
310.57142857142856,196.28224584464724,32.70515479957451,161.69659669089648,82.5926030595914,19
310.6428571428571,184.51533625831513,29.976739670358036,158.1870420595065,83.52631919584898,19
310.7142857142857,169.30935127981755,31.933095249194043,152.87468726076173,91.94734840473815,19
310.7857142857143,181.23086075800543,36.68529882334465,161.67821270679042,89.49188766081035,19
310.85714285714283,164.9240243245045,31.78752795633499,136.16433026783923,70.86550734185697,19
310.9285714285714,149.2045217317938,22.327283631277673,107.15976336598987,40.50183744421193,19
311.0,150.9625136462882,22.81443500773678,115.12199653130561,45.24010929018139,19
311.07142857142856,159.89282992211406,26.600310073331002,126.8211599527486,54.880387087829746,19
311.1428571428571,179.06988027259354,30.186740465737564,151.52202415730036,70.81234074276847,19
311.2142857142857,158.9642512520853,31.354723186544735,159.4221310508439,88.20105144716132,19
311.2857142857143,140.3247993814649,29.559359076194465,143.50106892244173,83.62085558258696,19
311.35714285714283,158.70550550750275,31.076740377744123,149.2952795994374,76.54191413060586,19
311.4285714285714,162.40668338275017,33.899005957445986,132.40616772430084,61.66737060944902,19
311.5,158.26848392708013,28.847337758306647,116.60164593526238,34.46224883310904,19
311.57142857142856,161.25845293029437,28.54536261523636,133.90976634921364,49.03320829504393,19
311.6428571428571,173.31871405379064,30.463114580876173,159.7598652115064,70.06224369891497,19
311.7142857142857,182.4823800031784,33.49652779467697,169.48714067913858,81.44757474348766,19
311.7857142857143,195.48066718183173,35.378570294542556,182.6131896144102,90.18562672521753,19
311.85714285714283,190.03261204139338,33.26813695547779,175.83295110393954,85.69704747196343,19
311.9285714285714,187.13157723058475,28.910414045977216,163.96335261611776,78.73054258430285,19
312.0,175.98695958673315,27.497754389532474,160.50596558549196,78.5889752968021,19
312.07142857142856,184.14622396407972,32.002326487311485,166.11687002227876,82.68393502787298,19
312.1428571428571,182.041057304815,31.429515098434642,93.68514482696533,21.66050588660766,19
312.2142857142857,181.96793743439588,34.71081873110651,92.12455801623567,20.99233580408362,19
312.2857142857143,168.2469061212751,30.277119598972504,81.17139767659415,17.080411183206987,19
312.35714285714283,152.8555177351037,26.10794757950353,72.95124725144946,13.86519920969125,19
312.4285714285714,148.81681381597272,23.114074341859965,67.03911911152534,10.68484597095938,19
312.5,140.7111963557944,22.89180684960775,60.02513877462987,9.30127837636944,19
312.57142857142856,147.61316474749813,24.596177012848756,68.16391020936123,14.140095242028492,19
312.6428571428571,148.45389371828887,26.08453514845977,114.68508574859912,50.841976863126575,19
312.7142857142857,152.1875807669105,22.779119435865667,106.77228993825673,39.499240923751735,19
312.7857142857143,134.81629843903244,22.804553048217873,74.38016046284483,16.354811654437775,19
312.85714285714283,144.27476773307995,28.48520174708272,73.95447620640077,15.743297765968837,19
312.9285714285714,170.5004439490558,30.823989296643337,105.1381591362652,28.50777057909533,19
313.0,171.66702358973203,28.43161263744326,117.92438356726659,42.95203964395333,19
313.07142857142856,171.06105233433405,26.51228822009217,126.15501639385192,53.96722472870733,19
313.1428571428571,167.48382793036075,24.027605447523616,123.83224017598937,54.36795179942864,19
313.2142857142857,154.336455072841,23.318864953771605,113.28040901509367,48.95188770071158,19
313.2857142857143,163.80537199274292,25.288875484635543,113.81161602844759,46.38474303044788,19
313.35714285714283,154.75643340343112,27.14639958152977,76.61500720338391,12.104392975802108,19
313.4285714285714,149.49327870888646,27.670318917918998,76.59556423468163,14.861975603564861,19
313.5,158.3945245540457,26.38381162011847,109.38560322376878,36.45894671546618,19
313.57142857142856,160.52681210511017,24.730493195982014,93.67478051903952,20.539268079819557,19
313.6428571428571,174.04510425343727,30.464493326730054,161.25213456159673,87.95736966888502,19
313.7142857142857,154.6853512486204,25.895308914357482,131.07183268372705,68.41126283755823,19
313.7857142857143,152.51184515663763,25.17213854224215,129.70191378797108,68.09155798466149,19
313.85714285714283,154.55567290877372,22.069652631133565,116.39973202351972,50.51038174603384,19
313.9285714285714,144.70719627909045,23.191871471195885,110.58659133785524,49.67916429524693,19
314.0,158.24196588140018,27.458107259635586,120.9882839919247,52.9341292752522,19
314.07142857142856,170.72389760789972,29.086895495688513,132.3102607097019,54.36347976489067,19
314.1428571428571,174.3952458909955,30.805774990376126,138.04539398108727,58.11047641421026,19
314.2142857142857,164.58992890175577,34.704997537117585,133.2676519155912,64.58103928009683,19
314.2857142857143,167.4251755235871,30.040913799236026,128.206001443746,53.224423773905784,19
314.35714285714283,157.8702182393253,27.889263868462667,118.39110899046393,52.04261844766152,19
314.4285714285714,177.8054188551899,30.43038999342926,124.33476235175384,48.392845825152584,19
314.5,213.5635153913035,33.786447251794115,140.77169367983404,51.876697979963005,19
314.57142857142856,200.50915848450822,36.200136022690366,144.53272584087074,61.25138880047646,19
314.6428571428571,199.1073816821334,29.066335303294174,145.0031067077235,61.40809066177631,19
314.7142857142857,196.56128317351312,29.515857443513152,155.3120658647261,73.53902255681736,19
314.7857142857143,200.07345739216026,32.12235231303712,165.48365907604017,83.69627404758687,19
314.85714285714283,211.1352705763126,32.97100590239099,176.03560776032273,87.20579861491903,19
314.9285714285714,210.92285718385227,32.30679479880378,178.56875866985294,88.32489185533628,19
315.0,197.61315457977727,34.52710099813229,187.02687406893847,101.13691497770975,19
315.07142857142856,193.13002295345444,33.59901945820336,173.1236910173812,89.92350019807985,19
315.1428571428571,209.10640642422894,33.595029960901854,161.17755925170783,70.87574359385026,19
315.2142857142857,202.30245649579996,36.794114274272,136.7042669217005,49.88000356688767,19
315.2857142857143,203.25857978241606,38.47704440742606,142.14470705934687,58.72029180268152,19
315.35714285714283,192.02836915396452,39.262483378193615,161.69323484576645,88.9198125388985,19
315.4285714285714,202.8032090614876,39.52923431862816,179.56168518733537,97.31595340072683,19
315.5,166.7801578825409,33.99643734527122,148.03053383077742,83.545154579908,19
315.57142857142856,174.61593866348048,31.875856376420455,151.7475734075448,82.12290745201852,19
315.6428571428571,144.31865122948727,26.89900160677221,140.68469706347273,78.84945542066083,19
315.7142857142857,150.4472896364554,32.284220079357205,134.1499185175596,82.4276021791335,19
315.7857142857143,159.40187017737114,30.72237503546002,126.69842921418682,64.57643718717554,19
315.85714285714283,161.2734870287676,31.896575955114855,110.72114049019606,51.725971320462584,19
315.9285714285714,176.11836972938556,30.951128441914886,130.42624569454725,61.63549332741446,19
316.0,175.59938282804757,31.739651986689015,142.05693412520048,73.40753756310843,19
316.07142857142856,152.80221209142732,30.373661164655715,147.92722352203887,87.95922176008592,19
316.1428571428571,145.86022024750744,33.288657453804184,142.8524388562763,84.29171730662196,19
316.2142857142857,173.38292886581172,31.735815918073104,148.4635029841544,76.10291128725454,19
316.2857142857143,188.6989527681853,33.81240003079128,164.11950384677493,83.29859305313379,19
316.35714285714283,162.2346996938285,30.004225413413735,139.2860758944643,71.50791413969664,19
316.4285714285714,155.24068105841602,26.4219559449042,111.64550920502701,49.0196334924448,19
316.5,139.45528443091428,25.009854762376246,100.62939172954384,43.77242724121064,19
316.57142857142856,155.7231039230232,28.996719875759446,122.45698609875096,59.12075274466599,19
316.6428571428571,159.20059885901128,27.804546235044114,137.55247395456297,71.92815852120577,19
316.7142857142857,148.8600298141587,28.699787867984995,144.61939114261438,85.98670204436885,19
316.7857142857143,170.78595493914395,31.596838808533697,147.99169540255184,83.42278333770693,19
316.85714285714283,164.54869278333018,32.881335477667726,135.82804979360733,72.02793648058467,19
316.9285714285714,167.94947956162656,33.6533563598581,73.5812426094217,18.994257956697055,19
317.0,165.34721919575802,33.648479873971354,70.49583626832379,15.354963996065544,19
317.07142857142856,168.6409755589085,30.364359952817576,80.7877634404089,15.610142690388775,19
317.1428571428571,187.97152257804737,29.101461385102333,140.29271948034582,52.2390207153795,19
317.2142857142857,184.410722520127,28.866953257684635,133.08839350045966,45.11158976875437,19
317.2857142857143,164.91976339951879,26.769494735815574,118.27347595452517,39.17280807023416,19
317.35714285714283,165.4651107776804,26.016789467284337,115.86904183283515,40.825216957222175,19
317.4285714285714,173.44046985081943,29.04674086554739,107.30066492142036,29.136224683614618,19
317.5,163.35154879072493,32.0161398774848,85.58236823423086,17.417456568399608,19
317.57142857142856,163.13951956814523,29.579474764273392,93.44057214578875,22.76759562430916,19
317.6428571428571,164.07327434188275,28.28983050507346,112.69057119646178,41.80398330087278,19
317.7142857142857,171.58748566763387,32.12772382594611,140.82715217798355,66.86119843414748,19
317.7857142857143,164.29018121959854,33.21518177992762,150.10088914060248,79.89358115041979,19
317.85714285714283,146.86433998784221,24.865674980945283,72.12082759803467,16.097173829837516,19
317.9285714285714,170.09301073170906,27.986947263641675,149.4823245086826,78.87109364122561,19
318.0,168.61986532391003,29.29253571652245,125.16981799537362,61.333266504101516,19
318.07142857142856,178.27831779978163,31.3125577509611,129.74888824181582,60.097322385237774,19
318.1428571428571,161.5254018469564,27.945422968995018,118.34698755369618,53.4016536928704,19
318.2142857142857,142.7284377750673,26.323514229610968,102.6082819402208,43.9348948176987,19
318.2857142857143,159.40024071956648,26.004202758166116,110.15140554860966,46.64110785423522,19
318.35714285714283,146.08702488174112,23.24462189286879,101.32212841293635,42.61277891811098,19
318.4285714285714,127.03967620422029,23.974589845054012,93.54589298840207,44.72252305418767,19
318.5,126.39680515932443,23.692303694985885,51.55145616709795,8.690804837782796,19
318.57142857142856,150.00481490115587,28.35519523721542,65.16653909732408,14.303078890326072,19
318.6428571428571,159.61479320179296,33.10269649888361,70.66185525940199,19.571977972524664,19
318.7142857142857,153.58930895259437,30.74017437894226,69.5655291968347,17.928000922797803,19
318.7857142857143,153.5519082829849,28.712034449498226,67.07455274308346,14.37862137430456,19
318.85714285714283,148.32503874429247,29.445967356966353,64.85254290080995,12.92907323455491,19
318.9285714285714,139.03391871341773,22.879179781603202,65.46187591072145,12.10361624610997,19
319.0,153.17462432869263,25.192597677512776,106.53972958042289,39.78987529130264,19
319.07142857142856,139.88890648268514,23.251112510362777,85.76002782108138,21.70458828583603,19
319.1428571428571,133.89135895926893,24.294718214799154,86.6357290376377,25.719498616752304,19
319.2142857142857,131.13185551708276,30.85727695724451,80.7426602138125,22.35078521730539,19
319.2857142857143,131.32749484694486,27.2139598419437,85.87524841066944,25.098171168402356,19
319.35714285714283,136.98594738777877,20.615921147898874,96.10290371730572,29.565447339951227,19
319.4285714285714,147.64593126972807,18.46694843011076,107.50302626049684,35.87739761351202,19
319.5,158.31705446846797,20.320338642799324,122.03326236130994,45.88638412064652,19
319.57142857142856,164.78961427930713,22.49551702496117,131.75087647245172,53.639173739857625,19
319.6428571428571,160.21235390151938,21.839396761279353,127.83761097937362,53.151229476045536,19
319.7142857142857,148.0374617741577,23.526511726523978,69.64900406111653,9.5686983316977,19
319.7857142857143,176.5513919080885,30.242872574322814,142.14023538659404,67.48862342094601,19
319.85714285714283,180.58400848003058,26.43046720502624,128.36194730127505,46.54335396338424,19
319.9285714285714,168.2973689116561,25.34598345869972,111.7189853519974,35.33478626131736,19
320.0,166.77484186327104,24.95464447284965,121.59659591553934,44.045399226728534,19
320.07142857142856,149.90949737329765,23.809486348514486,98.33088148820882,26.11172142910892,19
320.1428571428571,156.841108394126,32.94545029811944,100.20795487030746,21.80549953826964,19
320.2142857142857,142.32437013050935,28.25822757023457,96.57713592377593,29.806609300619748,19
320.2857142857143,147.6427085370324,24.76374800301347,108.69054728017885,40.02702661452359,19
320.35714285714283,158.47421029136885,25.065053023401674,122.02114480973245,50.71645022448296,19
320.4285714285714,186.86651874573448,27.139479312192357,137.67496375870317,60.269886309673346,19
320.5,201.28812824564926,33.23276978850507,145.77309310520204,59.498776705948146,19
320.57142857142856,196.13798424226886,31.799920699301353,146.2035782730096,62.2335499667286,19
320.6428571428571,173.48999014297357,27.21305035755906,122.64806478906836,46.527416198565994,19
320.7142857142857,170.7393597111,29.503606416825388,105.0902788393938,36.67049349972635,19
320.7857142857143,171.04093964138033,30.306460613119917,106.549291574048,39.427207947160746,19
320.85714285714283,177.17403607513666,27.37743868989502,101.70057713496554,26.78248147980393,19
320.9285714285714,162.1229297625087,26.649648077388957,94.4544947338246,28.396448436568686,19
321.0,167.83389705034685,26.595674255869955,105.05706852374439,35.449958701276316,19
321.07142857142856,201.38825434827766,31.35284143892506,126.57577949665941,39.84201837909744,19
321.1428571428571,202.29583012683585,34.57404662460816,142.5891981808122,56.47092167975567,19
321.2142857142857,196.0330257110856,32.46693380602373,139.94493691585745,56.475540490755044,19
321.2857142857143,186.27184075257568,31.073438852267824,146.09444617213921,64.47132657214398,19
321.35714285714283,174.59360237817035,28.473321340578604,135.93606398422412,62.390864218928954,19
321.4285714285714,160.90901252102483,32.92718654293846,140.62618770103705,74.78584844926775,19
321.5,160.02271705037614,34.642529778677925,141.71003891283453,77.91734037568528,19
321.57142857142856,146.41590694556587,31.763408618426492,147.60220440131081,91.18308880999615,19
321.6428571428571,148.46559718098413,28.62270510647279,158.94092654203587,87.70884682661128,19
321.7142857142857,158.70971382659235,31.356468480259963,149.93488421565493,75.74357160029288,19
321.7857142857143,161.73851837668894,31.627966736003337,140.66758476255112,64.3291965008864,19
321.85714285714283,151.4848732491327,27.366246298199478,115.3274332818131,44.9462632708431,19
321.9285714285714,143.310935748468,25.615687931126484,123.37322324016984,59.11503918543258,19
322.0,135.1045833840682,28.00839647140368,126.30708276350606,70.67360961840895,19
322.07142857142856,135.76520461127015,26.957425047414837,126.3407340053294,70.98131131688845,19
322.1428571428571,133.26910820415003,29.520362528193612,134.58252790543395,85.30427454527339,19
322.2142857142857,134.6232476746609,25.84987935607473,128.0399189640317,72.7321055655516,19
322.2857142857143,147.38092719366057,28.37157653251068,136.91751184907085,74.48950363725156,19
322.35714285714283,161.7668666951505,33.47981886810558,145.45739535933095,76.80538933653105,19
322.4285714285714,175.35319031139807,39.55929581637534,161.1110906940069,82.28502227122574,19
322.5,172.67241464167392,32.89716763000994,144.09884750458468,65.47301313990938,19
322.57142857142856,141.57033000665152,28.93624513997909,68.01786659163163,16.72994658637956,19
322.6428571428571,146.27479016837546,28.099384096115458,69.58024506096261,13.793248372274817,19
322.7142857142857,153.72791325155941,30.229362283663082,70.05121202681165,12.991156097438372,19
322.7857142857143,154.53882246775885,30.201817230216797,72.77817644444012,15.961559658758325,19
322.85714285714283,152.9672337962233,30.154968777031698,73.3302352649285,18.589852057411605,19
322.9285714285714,159.7532769342296,32.38408195284131,75.3340419631822,19.187676771345263,19
323.0,139.57187236265116,31.07620833934736,56.168030985073756,12.604910131231367,19
323.07142857142856,142.01005618618908,31.732568328458818,57.23014944851174,12.603950616554414,19
323.1428571428571,133.84650843320796,25.62549346550108,56.81857024827971,10.103977093980838,19
323.2142857142857,132.40883828114963,20.287836933582156,54.98393409716448,8.091678844802285,19
323.2857142857143,151.4629153974478,20.145474182086648,69.11092460931128,10.166340996899233,19
323.35714285714283,164.0507472849924,23.009917325142382,74.04505744318853,11.643780459068031,19
323.4285714285714,170.20435707057626,24.771882215419367,77.99719432160776,12.256780855811598,19
323.5,151.88310666617105,21.91796409456785,67.26477391367635,10.309546901584996,19
323.57142857142856,155.17623226789544,24.03971210642783,69.94351168222502,11.623747455232037,19
323.6428571428571,168.51377854699737,28.31023607198865,75.8780761033725,12.886569725124593,19
323.7142857142857,163.59419956601127,30.004073818799824,72.07212877091307,12.754829668058067,19
323.7857142857143,157.98683404231755,28.402451004351565,70.37734435701081,12.020965801700408,19
323.85714285714283,155.61203696279324,23.883797528759665,72.59418060452884,12.145847984255823,19
323.9285714285714,153.21351713102348,22.925010443478566,71.26824805581349,11.920601393618865,19
324.0,156.44703620899952,25.539251167987228,70.0685559151966,12.436194118404215,19
324.07142857142856,147.86968857533077,27.73682369473246,65.80881213317393,12.47325028732255,19
324.1428571428571,126.1557607699018,25.073457363442593,53.32328618391912,8.901554948995921,19
324.2142857142857,128.40801323304603,21.175072210354312,58.58736767250838,10.254315750015659,19
324.2857142857143,138.6348352249355,24.81057303361625,90.00808903012555,27.774031172137004,19
324.35714285714283,154.3938855109278,26.654588268226107,98.54370581519281,26.576802328781458,19
324.4285714285714,152.5653478919528,27.268511815200988,89.08515474018716,21.344588378548682,19
324.5,147.40813541054283,22.85341802278457,84.10786294326108,18.188987686352075,19
324.57142857142856,157.5233015384324,20.5856956744417,93.38785765114929,18.90371673496074,19
324.6428571428571,173.50124537757827,23.989863629097705,95.05799168195551,19.95144842018124,19
324.7142857142857,172.56508554119335,21.566383877782652,102.66703971601406,24.626669696824113,19
324.7857142857143,166.54691660032705,24.515587763882515,94.07805471942822,20.19104092733454,19
324.85714285714283,175.84107765298344,21.841241138534098,115.03266575983986,31.975514992920115,19
324.9285714285714,181.7372884287347,23.30139347788726,119.85987123540374,39.43295223261746,19
325.0,182.76712535685513,24.947846970592828,126.48178306804809,41.34646994222246,19
325.07142857142856,178.0171415156438,28.332688432205558,129.79164392791162,52.17168858786844,19
325.1428571428571,172.38088018185792,30.59999027854535,146.2097024865617,77.58512025105674,19
325.2142857142857,184.04489461155137,34.08035427190733,166.63900574425261,90.76040053048558,19
325.2857142857143,163.0356049803848,30.006110608278735,121.16351109959045,52.5172241600656,19
325.35714285714283,171.68082281395266,31.56784392023303,124.55324212725219,52.59211583678848,19
325.4285714285714,174.7973860743334,33.790838656829585,122.8508105470319,49.33683612511868,19
325.5,160.98460274080577,30.812325030917883,128.2983575232639,63.79268946422304,19
325.57142857142856,130.42763585812705,23.658302435091123,101.31610321898651,47.80279599181062,19
325.6428571428571,117.0312285543336,21.273288475793095,82.32312972661958,33.916464778961036,19
325.7142857142857,118.77436028128629,25.570054348173986,79.29003063487302,32.65436383440611,19
325.7857142857143,126.25507044542304,33.1585692831861,87.65117531666586,38.41489253803998,19
325.85714285714283,125.00139853191591,35.96206023469578,71.45581409152929,24.529244726511575,19
325.9285714285714,111.18321109061779,30.693559984986198,60.50989460533304,19.308525295069316,19
326.0,125.05662848162342,28.52167765861026,82.54767489260969,35.117374882242295,19
326.07142857142856,125.98300180579153,24.98249967439603,107.53436810614588,60.5478629275421,19
326.1428571428571,144.1644707258609,27.332482302453357,122.09832507974193,70.17925332476986,19
326.2142857142857,150.96380922043485,29.152196980385554,129.35681268373816,72.98571023936012,19
326.2857142857143,151.38427421159898,27.92212539694276,132.7061316650151,76.26403911889703,19
326.35714285714283,140.9362833464151,29.476788278251895,127.05689451411682,77.07270994009214,19
326.4285714285714,143.31178442634305,31.27568623593864,117.29893137529346,67.46879546354194,19
326.5,153.53365437100467,32.90347565021973,127.8885984397196,72.86677722698529,19
326.57142857142856,147.87548912703866,30.214354508499664,112.39527496123576,54.09506698044863,19
326.6428571428571,132.5718733274411,24.75329649485977,91.72491155258147,38.607985263225046,19
326.7142857142857,129.7331316285464,23.022257517658225,93.73694999350238,44.028310890740045,19
326.7857142857143,127.22820126210537,21.159027794467654,97.25459896607761,45.21295823008796,19
326.85714285714283,144.6683530636041,26.94880090740451,110.60603895839546,52.10556072712281,19
326.9285714285714,133.78017462886174,25.795959233355916,109.10499626519027,58.20339586612618,19
327.0,123.54939814052939,22.443922087092226,110.30199971024199,60.9298644762381,19
327.07142857142856,138.96511753438915,26.66574062620973,136.35339841788976,77.88450576214689,19
327.1428571428571,141.80982930167642,30.824825772046786,141.96017715291117,83.44670456287908,19
327.2142857142857,151.32045039452615,31.98027891329757,149.2046089931119,87.11449620785773,19
327.2857142857143,152.6051559327912,31.693456959722138,149.728347415876,84.91806429381995,19
327.35714285714283,150.09959101883277,29.398958439695228,139.00888036004955,72.2616543365296,19
327.4285714285714,152.20768762794904,29.17451374767992,132.48589851389897,64.08196195509775,19
327.5,131.55213473266852,27.388134745879803,120.00926583398265,56.613972443045824,19
327.57142857142856,121.01389799931354,26.296231590031944,108.08917849435502,51.07744852156387,19
327.6428571428571,109.56574650323547,22.61875621716798,119.09563144742727,67.93414545638656,19
327.7142857142857,117.05061645546716,29.58679772152554,137.91103901801253,89.21222696821604,19
327.7857142857143,130.61692535134478,30.707118734918872,133.35442739659632,80.62807401986335,19
327.85714285714283,137.85728240027146,28.867107042955986,139.03929775310164,82.04612761725171,19
327.9285714285714,145.61470409341743,25.811986275323356,141.42012153997044,76.73690091441453,19
328.0,136.2581369533157,23.671802840345297,130.9589768594303,67.75130161943031,19
328.07142857142856,141.76865344272503,24.337442575650016,125.97549190350206,59.20667050623331,19
328.1428571428571,140.76811247335326,27.4811158330713,126.6759461220765,56.73913405158213,19
328.2142857142857,133.01379381416896,24.647053471619092,127.98439817589588,63.20186786763721,19
328.2857142857143,136.77881950678693,25.517557644758238,129.2501203869479,66.79824144591663,19
328.35714285714283,137.33586599993947,27.11907900931859,134.78373500015473,71.12145895436919,19
328.4285714285714,135.76167495487272,25.869274272082563,131.0434791186387,72.38602276521576,19
328.5,139.7180485945572,26.894238045401085,134.47940352803406,73.42089918264892,19
328.57142857142856,150.88059375761705,23.957462735275232,129.9474592047811,63.205795681775385,19
328.6428571428571,149.97205374721963,25.639087614985108,130.87189593211437,61.35751440168983,19
328.7142857142857,154.53405983950836,27.499151561917877,131.51938700584995,61.18332904425257,19
328.7857142857143,168.45634394677424,29.063300853005696,145.48692421401935,68.96845260291188,19
328.85714285714283,164.6884037856885,30.533951029412155,144.9263698110813,75.15218779826508,19
328.9285714285714,165.56280931298244,30.639787309151917,156.77248949347134,82.9454689341153,19
329.0,179.5295413918008,32.900180270419526,172.20707848114697,89.5686946469559,19
329.07142857142856,190.99552394319878,32.035679470989635,173.7503524657527,81.49200402736895,19
329.1428571428571,180.71288550486665,28.488457762776516,159.85910357057725,71.9682360204501,19
329.2142857142857,165.98860122570628,22.54726763085544,134.70128880939197,59.21313157453357,19
329.2857142857143,146.4081276134896,24.09729216901564,132.9599536161412,68.7384869417945,19
329.35714285714283,137.56677065676269,28.193424672213133,134.50838211513687,75.3041794431831,19
329.4285714285714,138.94645452078777,27.775398550553515,137.4438751673103,76.53588605674459,19
329.5,143.8687022701853,25.996856217057,133.7662321828033,73.09207203445209,19
329.57142857142856,155.4283484249498,31.46708722802633,139.18464903514197,73.20194855874102,19
329.6428571428571,169.82507131500802,31.82771819098325,136.93038000625467,64.10776087678788,19
329.7142857142857,165.15534126446315,28.89266368866557,134.52469174246627,59.08330409173788,19
329.7857142857143,161.4165283137139,26.336647348577408,125.41138413652685,53.59993192585148,19
329.85714285714283,158.88071748239904,26.07151354863749,124.71768313614704,57.36927938594633,19
329.9285714285714,163.06142953030624,28.59570774385094,135.4133150920267,64.91904523745323,19
330.0,163.66182025217174,31.30216591117177,143.15394390541056,68.37964301289108,19
330.07142857142856,158.056735110725,30.764812643509142,144.7327919275626,70.65627978045822,19
330.1428571428571,153.9582184574219,27.60592441642338,128.27549177017985,59.86579023084016,19
330.2142857142857,135.6820391841608,25.063252480785525,115.98649745912057,56.96803029996587,19
330.2857142857143,145.89034484180783,25.606341423146148,115.88398419614481,51.855717180775216,19
330.35714285714283,145.04513027230325,26.501969403030508,120.65153705143926,56.24307497447997,19
330.4285714285714,149.75985964966995,28.997699115622062,129.77857533602685,62.49248047572656,19
330.5,146.97893053825496,28.120790698241123,133.68826533829525,67.00667660189514,19
330.57142857142856,155.68634422820918,26.024486959605763,135.00164669647668,62.032072713518396,19
330.6428571428571,151.53044023095447,25.85646211987982,126.23493266623164,54.38474389493983,19
330.7142857142857,160.71669007749838,24.872140692644678,126.74961726954128,47.51347810063483,19
330.7857142857143,162.66271968132386,21.86648112917702,124.46074094903376,45.69764861215796,19
330.85714285714283,153.81461908402835,21.242515140230697,125.82785214083694,51.54139936237436,19
330.9285714285714,165.4297764931397,22.828194824284928,141.5345777544722,63.488709024645445,19
331.0,173.58132682673053,23.523274374238472,151.57201681875765,70.31264542506649,19
331.07142857142856,174.97539604362112,22.12502210330979,140.65192839331277,60.491686085229496,19
331.1428571428571,182.30654555528383,23.830899853138714,144.65817588297088,58.558434616001705,19
331.2142857142857,174.03983507303863,21.932939481705528,127.97422624395875,48.00038880668496,19
331.2857142857143,158.42847068814393,22.096361771155856,121.79089366894807,47.67307134574099,19
331.35714285714283,162.63559555182047,25.344750244440984,125.09652982682292,56.718846832712934,19
331.4285714285714,164.8602342113633,28.039153752136865,135.0310531719364,68.82507249961611,19
331.5,160.11406605833162,28.048388938648397,136.66704599693549,68.38132945886544,19
331.57142857142856,166.9197301713306,28.637684182502813,137.87898957395944,67.37812311858008,19
331.6428571428571,149.52852565773728,25.81898400088514,120.41658099467021,57.210723788003655,19
331.7142857142857,161.6575307429291,21.1721785279543,120.56223527467708,49.64163551074418,19
331.7857142857143,156.5696576592745,23.273955916485033,112.29225904844455,42.13056612370443,19
331.85714285714283,158.068392552825,26.627611037293903,128.71304755672708,55.19032801829555,19
331.9285714285714,139.55472903890376,27.21240492051543,127.83630561778487,68.05682007850326,19
332.0,145.73720287823758,25.54515195393051,132.5015519396453,65.32367786898949,19
332.07142857142856,154.63928593958792,25.130342254437323,135.57083402706405,65.54610832534213,19
332.1428571428571,162.14500904374404,28.629507352255537,134.15783541506767,58.60383623249194,19
332.2142857142857,182.75918901273042,29.301782326498348,144.94952617468581,53.94018267913977,19
332.2857142857143,181.67499845190613,23.433671626194055,138.72493881287684,46.24333018460903,19
332.35714285714283,182.6844171733226,22.1698662538107,146.23017987328285,56.093227749577125,19
332.4285714285714,183.1278765565131,27.067285829232226,154.05711250929366,69.51405623221216,19
332.5,188.93894156510706,29.278383427297577,161.18893498851278,70.23954818054914,19
332.57142857142856,185.4689435833604,30.741769970675136,156.94842790409564,68.57919387363296,19
332.6428571428571,160.28523371082971,24.70783959023656,136.22985809901286,61.037664405913176,19
332.7142857142857,151.81275711294137,21.88382900859199,125.75827450263833,55.9670732123354,19
332.7857142857143,151.7034668626167,24.109395822226972,117.70990518645635,49.135489634905646,19
332.85714285714283,169.23955335267985,28.912264475494187,130.69968906069602,56.75778979877737,19
332.9285714285714,175.37137819086783,28.256028008468956,133.05003195451602,59.578727885551025,19
333.0,174.5646847128731,29.633311356962448,138.6687890618084,67.12008675386987,19
333.07142857142856,175.33336530343098,30.51773216966611,143.70090584389115,69.4794505057601,19
333.1428571428571,169.83519588791108,29.87163070917291,131.81473750065788,58.67704070522259,19
333.2142857142857,173.31983070836299,29.017948235764244,126.33954481427571,52.56531006043512,19
333.2857142857143,175.65055629251796,26.856908871581687,126.3442256638677,51.77200915875785,19
333.35714285714283,176.65007531094673,26.882783761736217,133.68068216677457,59.03754251839026,19
333.4285714285714,187.43792318748143,26.847932159000123,150.7332152884195,68.0626120036252,19
333.5,166.9296532079165,27.898856455787723,141.94769986224838,68.95934916658597,19
333.57142857142856,172.28820785130904,30.595298889365516,147.1318609201441,69.6301511124263,19
333.6428571428571,175.82538314645353,30.000957157701947,150.16600760973435,70.2304505528154,19
333.7142857142857,174.76192177312348,29.65500551085566,144.76090669687486,64.06885131330793,19
333.7857142857143,176.57364000226926,26.43333528908272,152.84074551688792,65.60917389068584,19
333.85714285714283,164.62828286553523,23.729904449222165,136.6609412049795,56.11337652380333,19
333.9285714285714,170.29902031254042,27.204733989068135,138.61637849598048,57.10783175482967,19
334.0,181.0422752120469,29.18089879611841,151.11219910960276,67.39577809862477,19
334.07142857142856,178.3379227392932,27.375316688368468,151.51183676869854,71.10472419428184,19
334.1428571428571,170.2804900989136,26.057390984147297,149.2956839160492,71.25688657335888,19
334.2142857142857,183.97630949933858,26.669322734673244,151.41562602502805,65.08069392893155,19
334.2857142857143,191.853841776595,26.349057472209722,144.2062962085567,54.57840589606508,19
334.35714285714283,197.43044782130428,27.08607415751301,141.63281545605446,49.53305404689888,19
334.4285714285714,174.68474838552447,23.267160718558106,129.29112570480513,49.46453298206923,19
334.5,169.38275530972373,23.845750057805287,133.4576486788809,57.39933353115961,19
334.57142857142856,176.0441349842471,29.384873341069255,159.42838472799025,81.67313714738698,19
334.6428571428571,182.99282742973276,27.742936227926656,153.04508727289254,75.45056628028448,19
334.7142857142857,172.48282580960503,28.325702745803685,141.8313828354365,67.30888751951298,19
334.7857142857143,154.41488446492363,22.962459776970388,118.95644834704386,50.187810458183755,19
334.85714285714283,151.080646443923,18.64726239369986,111.05550852139774,40.08935706916561,19
334.9285714285714,149.35870113712372,23.27814784269893,118.38662555440271,52.66769904472702,19
335.0,150.28590037718237,25.140527597836467,120.54873247752751,56.0700290503278,19
335.07142857142856,161.88791937564315,30.804163719315973,140.33574793447377,71.82877781402215,19
335.1428571428571,166.62405301030708,32.572297813145376,144.79602354010137,75.8123752962428,19
335.2142857142857,180.82830951213865,30.46538760402355,145.26419253051154,70.5839307969241,19
335.2857142857143,176.83417220638842,28.35386727385512,132.6735903001619,59.43320217816074,19
335.35714285714283,164.61813182440312,27.747488877759075,118.24388875223617,50.13430776336642,19
335.4285714285714,157.38721949031637,26.059466767424524,112.40547863463846,47.284855197363946,19
335.5,154.50015884004918,24.938980005471144,126.73842261263937,61.80244259373205,19
335.57142857142856,148.6188141705748,22.02453851940396,131.62681794843755,70.7724818062157,19
335.6428571428571,156.23551006174185,22.405400578805818,144.06441477886275,78.2377452452889,19
335.7142857142857,152.0734214317857,28.353065336131916,139.27133985593977,76.69906286565947,19
335.7857142857143,165.20359768653861,30.55128568269267,142.30235628974847,73.91415086785447,19
335.85714285714283,158.92442916454974,27.980025119371895,127.7429410563292,60.150922772659875,19
335.9285714285714,145.53708564569146,25.94993738582327,115.49403661433416,52.76450732657926,19
336.0,161.3808747980386,28.040410049412035,136.7224279714575,65.47779064619652,19
336.07142857142856,171.24054840930373,31.50141650799379,143.3519943306542,75.88610454393141,19
336.1428571428571,175.4868873304187,34.28800708921856,153.901838401277,87.89270096410772,19
336.2142857142857,197.39906156989284,35.96372610486502,180.43655759124826,110.66701727735963,19
336.2857142857143,172.27921483229235,34.4547059044333,158.06052082461233,96.64164776774179,19
336.35714285714283,155.70098800689652,30.80815742139511,137.1387308395661,80.12883483574876,19
336.4285714285714,136.75937603749222,28.17212171107966,121.65622415949542,71.60256066861234,19
336.5,153.1795327663423,24.909632002936974,132.62342417329083,67.80501885304676,19
336.57142857142856,168.16728409153325,28.64168533232632,152.3058789023689,85.18437427653527,19
336.6428571428571,148.2043459894345,30.057475137732162,156.24704030247716,101.4193605372609,19
336.7142857142857,154.0417591748308,31.184228572061535,166.93594860204118,104.72354258265686,19
336.7857142857143,159.7970621678877,34.35223151348442,171.4079023692325,107.74360549568186,19
336.85714285714283,160.1121554052971,32.063186902030864,159.64002919265877,93.00825237886153,19
336.9285714285714,160.88732480538536,26.299847804614163,134.8703458948479,66.5214704293123,19
337.0,140.9311871754335,24.73194910844902,116.49082190103556,59.09963402365098,19
337.07142857142856,158.171928523999,27.195346696226114,129.946399947105,69.66479521907986,19
337.1428571428571,152.0443769451033,28.287708589989247,135.38995416244566,78.21132964733097,19
337.2142857142857,134.45910213136503,28.204406282885973,139.58342183794883,83.23846817576907,19
337.2857142857143,139.96361499637484,29.10152920778309,146.93945152759466,93.04434184583566,19
337.35714285714283,170.30874451146772,29.57223132045849,164.56509092826224,94.99465754617064,19
337.4285714285714,169.0557047315492,28.525461711743006,142.80895257535698,74.7203640954211,19
337.5,174.61199904979483,23.680716478189048,138.19979600481284,62.07070055596927,19
337.57142857142856,161.9174541060974,22.023677801682865,136.91760592291718,66.87116952928321,19
337.6428571428571,148.7989340947745,25.46453928133128,139.81051742693282,74.18625658391605,19
337.7142857142857,158.23088524959965,27.95480788076153,142.52983856525753,77.7079400970564,19
337.7857142857143,150.64290768083603,30.229815313720078,155.61022488465832,94.52023474600395,19
337.85714285714283,155.72177273200575,29.62084365898291,145.5768964771589,86.31817869852307,19
337.9285714285714,157.53027966682706,31.940374695089563,143.41262557472055,84.07330498174846,19
338.0,168.48018884033567,31.69816163694577,141.55352091866982,72.77104943515805,19
338.07142857142856,173.35484433152632,29.76149061978902,131.04204116796737,53.22088322489692,19
338.1428571428571,174.1498869313108,28.93166323772746,135.01634370910185,57.12095739266883,19
338.2142857142857,166.68813051762862,23.86814476737951,134.81185382846115,62.47613055493671,19
338.2857142857143,162.5597854268109,22.93728510798914,131.74014028844144,64.94297265919896,19
338.35714285714283,167.6414793042077,23.676732526909284,137.55235085395466,68.74857826418739,19
338.4285714285714,167.95736573613803,23.667104915203367,133.73634937612871,64.64091252155411,19
338.5,168.3004984510599,23.477558751973046,131.15899964346033,60.893069161173635,19
338.57142857142856,154.48287796684835,21.92266856772944,120.93478504498749,55.62945914086391,19
338.6428571428571,137.5886981321431,17.749665254646356,99.20052554636865,38.910584020385826,19
338.7142857142857,136.12236617903733,20.717808861800822,115.70676786352149,55.70055072948944,19
338.7857142857143,142.57627745885952,26.188968254959473,127.75971928312617,70.39198819108944,19
338.85714285714283,143.07286233278964,29.443504236166863,138.9484468131361,80.66062736203315,19
338.9285714285714,140.27936276900041,27.04794286528155,129.40276601374026,70.93813760511937,19
339.0,146.63409239138412,26.99779113351131,128.42319403559353,67.98581878855578,19
339.07142857142856,157.43556389459084,30.937856296804437,143.6775895189653,74.53497912284551,19
339.1428571428571,160.27234888103703,32.261771097830376,143.50693795373306,68.55232622558975,19
339.2142857142857,147.22540088236937,31.581555929843308,121.28443521595965,50.49762732419257,19
339.2857142857143,151.80770426302462,26.642138991259486,129.85874164566349,58.15202920648104,19
339.35714285714283,156.14692756696235,29.21178839591148,154.1415923979904,84.51189361941233,19
339.4285714285714,180.83503739190573,30.099455620796032,166.1698166668637,96.57286793528391,19
339.5,169.13105987808646,25.63399140461096,143.0095335213802,70.87811439759662,19
339.57142857142856,157.99297449762807,24.005371620170596,130.5123156352244,63.10897478368819,19
339.6428571428571,167.28794874244198,24.848163268007735,135.89068309621632,66.15475483591625,19
339.7142857142857,174.9326543260824,26.002320126716036,143.14550838024167,72.82167591687856,19
339.7857142857143,181.8501380920289,27.068737391166,146.07268996208097,74.162331801206,19
339.85714285714283,173.5975283428722,26.99479120515042,133.76390632079168,62.69265712999383,19
339.9285714285714,165.9259874345879,24.048771557027315,119.55062256382219,49.96342797643514,19
340.0,159.21290397972643,25.56001335733655,130.42911298804907,66.54088762404216,19
340.07142857142856,151.19153030769053,31.31799492051056,143.45854169845114,87.15329923999072,19
340.1428571428571,140.3605564948419,29.971040781577102,122.76098113142592,68.3907766319499,19
340.2142857142857,157.84356324754992,32.56890134453098,111.04109147512314,47.72407739243761,19
340.2857142857143,177.2835791130821,27.072834681793672,132.54055040095932,55.65992486689647,19
340.35714285714283,166.10916669941616,26.656780331489472,134.4745301488811,64.79833549524862,19
340.4285714285714,171.78418871164357,29.137323971364296,151.48244559670513,83.38606494544281,19
340.5,150.3690081587062,24.813095832467962,130.38885454794377,67.8622285308785,19
340.57142857142856,152.18576945262615,23.258046397038903,130.53037941745941,66.74026862858804,19
340.6428571428571,159.13678508924983,23.90826624115605,130.59491739405914,62.77561593228488,19
340.7142857142857,173.0581079091159,27.835539174944127,141.54649224802935,68.59762336886436,19
340.7857142857143,170.924924525141,28.90128398512101,150.78076242088758,76.5119523498961,19
340.85714285714283,167.52123350589926,22.459867847398097,120.13899392666535,48.53832713053153,19
340.9285714285714,160.9176779071728,25.992974696039546,113.53152164795422,46.15490677427158,19
341.0,172.43535505619366,28.757984810984784,134.27928244890435,58.51630809716504,19
341.07142857142856,169.48179876502965,29.416731327574375,137.16901757344374,61.76408708431948,19
341.1428571428571,164.85722361078865,27.709574849218846,141.44195560605664,65.46626621851692,19
341.2142857142857,160.9587141531728,24.3020058592351,137.69929358538337,58.966190832342974,19
341.2857142857143,179.39568729786959,26.68531133273853,151.83320650514963,71.92626946537372,19
341.35714285714283,174.96539919438126,24.989948761098507,136.8800644012362,60.7717591116895,19
341.4285714285714,164.55003341531142,23.301866676238646,131.05406659717542,56.35493328047569,19
341.5,173.2140069299827,28.169917143285193,147.86845270114998,73.9819203233513,19
341.57142857142856,165.16095473649503,29.256450395367807,144.24966125469257,81.46992310594024,19
341.6428571428571,148.67473041169904,22.18720241997377,106.90396940252454,44.09451654422947,19
341.7142857142857,157.9785631495599,23.611510326718886,107.38567109415334,39.32043838749222,19
341.7857142857143,175.7698314062558,26.09332820274221,128.7354034509371,57.99150242523312,19
341.85714285714283,178.18379402496114,28.740877914426026,145.727088656812,74.48005128486894,19
341.9285714285714,184.42415139899165,31.05775735671535,160.33049210406668,87.08109799809878,19
342.0,182.93835278337374,33.60098504886279,163.8749510933679,90.04869967363796,19
342.07142857142856,190.23545125357685,31.16350653559773,151.40876260859778,72.48934582276866,19
342.1428571428571,187.89725913029093,37.60853072542883,163.03779647601306,82.30928162144438,19
342.2142857142857,184.0242192461988,38.47366102252383,161.77072770268563,80.21872524815713,19
342.2857142857143,172.02177937533116,33.59680589306442,148.98465656995282,69.47620194011166,19
342.35714285714283,153.364004037778,27.516388337866186,118.879432715609,53.695665406467626,19
342.4285714285714,164.84137478649802,21.221990996784342,119.42765406750432,39.44508431687774,19
342.5,153.26593160129244,22.88088654631428,115.3218419571407,42.408314636451564,19
342.57142857142856,156.785458479876,25.344514972527566,130.18122068528945,58.1161874349443,19
342.6428571428571,150.80640484172085,20.66531557894475,136.9429902646293,58.60560088236003,19
342.7142857142857,146.4005602034296,20.442639590260608,138.76112099995842,65.45389500156139,19
342.7857142857143,143.3560835106681,23.455007510769324,143.30385973929106,74.86488158388399,19
342.85714285714283,157.05459763807627,28.33076301295759,153.55623559594179,80.23290547090362,19
342.9285714285714,145.61266018432715,26.30796540094308,131.98178162124523,65.40442168370288,19
343.0,139.95375049462527,24.336799302506673,127.08106079506875,63.728629621153345,19
343.07142857142856,148.2204621293496,26.936936201355643,138.0315973280479,72.79123801686609,19
343.1428571428571,158.04907785712567,31.434518484400066,150.23540477565888,78.17501912316746,19
343.2142857142857,167.09546989678896,31.50881548418164,137.39723179416097,64.67360686639162,19
343.2857142857143,177.2954075054609,33.46256788829657,148.43562261809265,67.58796897427756,19
343.35714285714283,161.53703420898532,30.480514136296055,140.35018086449458,66.57268741461381,19
343.4285714285714,155.33707927110834,27.235220756642992,135.85826069635894,66.52395280404956,19
343.5,150.6187049390974,27.117888970725033,127.6902547557704,61.19764003352231,19
343.57142857142856,182.88707290123818,30.002872828366318,141.24115238737667,60.855767593803556,19
343.6428571428571,181.6393851915126,29.726544937514106,140.86163690901722,64.67863588429243,19
343.7142857142857,170.76212789146544,30.947977633771224,145.34667664338912,74.26584110359447,19
343.7857142857143,195.53703141560132,29.195832853930945,164.0864364658571,84.38768749582694,19
343.85714285714283,205.7357168938505,25.407794388815283,158.85771923320007,70.0995287399907,19
343.9285714285714,215.3749066259669,29.01282110910865,156.84181915966377,62.24377093107586,19
344.0,215.87550732762688,31.334650749038932,158.06712020808652,65.11486822145095,19
344.07142857142856,201.9630258346919,29.863461194692057,155.23142770307126,63.88449156113109,19
344.1428571428571,200.36592603390736,27.717065548710746,166.39441601830663,68.2489117604229,19
344.2142857142857,210.09618130683884,27.550072234251328,163.60970848332354,61.01185109367454,19
344.2857142857143,213.84996726990985,30.36664876808709,161.35284441928601,62.80207682910768,19
344.35714285714283,205.53707435476292,28.06296296182329,152.05418956670113,60.09493118863151,19
344.4285714285714,191.91956755183938,29.338681273599605,150.07364188745834,69.84488371084579,19
344.5,202.8470982162355,28.135764532992383,149.94873513088626,70.3061195252506,19
344.57142857142856,217.22417520103176,29.417798372635318,141.08444040299338,55.37411460794095,19
344.6428571428571,209.40039101154832,28.838546562217395,129.70341585065879,45.51273046878448,19
344.7142857142857,202.79448334786608,27.780200306479653,142.1912337717292,60.50845298919076,19
344.7857142857143,192.39773136802089,27.224380038346766,142.57921651254125,65.90849905987332,19
344.85714285714283,178.3760924243206,25.400824598237644,137.26050963864304,59.26173356096034,19
344.9285714285714,201.081902160901,24.02000896529601,148.47702915328944,62.76997303349853,19
345.0,205.20622841597506,22.186740249437314,160.4912528691326,61.792461929243125,19
345.07142857142856,187.90777002586742,26.460320313571724,157.12430783806147,64.43852344003176,19
345.1428571428571,184.8851120754629,29.982686322449695,167.77864617240806,82.5956413897014,19
345.2142857142857,196.99441272364479,27.558995007545334,174.27619518357358,79.1430476782208,19
345.2857142857143,193.61576383899435,25.803953063487477,155.4305302198066,62.53444117407994,19
345.35714285714283,185.1249901162217,25.642229444024476,145.67986184473526,57.55599748891354,19
345.4285714285714,192.086229670835,28.977259767821845,151.0012029118487,63.94561146305408,19
345.5,192.62664975727293,30.69336779533801,152.94986435093625,66.44163017218726,19
345.57142857142856,192.2878564491497,28.810446238955368,161.9583390426802,70.71370789148548,19
345.6428571428571,183.3592254794593,25.70822797960414,152.25636850270936,63.990492649143654,19
345.7142857142857,188.65005669782266,26.424204927156893,139.98811511262892,52.5669704940471,19
345.7857142857143,197.01404961653552,27.778278212327656,145.02819736564877,54.57541871395423,19
345.85714285714283,203.3086804999678,31.427309958593003,162.77320896497787,72.27737710208959,19
345.9285714285714,222.36239924314285,26.093576109022823,172.7138092554525,76.37153014671043,19
346.0,213.679505283796,22.365529246263964,144.54894869772536,50.58747326438831,19
346.07142857142856,204.3600320007045,24.264134545434928,133.0874095420155,44.74120774520757,19
346.1428571428571,203.89847989917982,26.657371003623904,139.70768151271054,51.98485766197604,19
346.2142857142857,201.44587883088133,33.1744048818535,146.12459619178694,65.32887879275334,19
346.2857142857143,184.86425399734955,26.221302120604808,142.51462300015555,64.82263356760605,19
346.35714285714283,186.4095776183638,27.271765737540317,142.1304180642259,70.21653318117907,19
346.4285714285714,198.37448187311733,24.579382613042203,145.85978415260087,60.141549035719876,19
346.5,189.28723923413818,26.13039719511269,89.68950724115325,17.535241557753316,19
346.57142857142856,185.71568127951755,26.653387401360753,91.52396481625416,17.95371352177113,19
346.6428571428571,184.7793504884189,25.214262127273738,87.9156268255567,17.71725524209983,19
346.7142857142857,196.99036413697058,29.510137991014744,94.79488714064014,17.319602664162804,19
346.7857142857143,207.10058666612068,31.605846778686427,97.31432590232632,17.007066571083232,19
346.85714285714283,208.40708237220528,31.15752716090961,94.79505770282745,15.814061416566433,19
346.9285714285714,190.14323745956582,33.29732438489311,85.39127551415757,14.915769784232667,19
347.0,181.7440302553584,25.494118211090896,117.36579003599748,41.679020319342456,19
347.07142857142856,168.05492672038508,25.083456721911503,78.84922218682425,11.69363329808128,19
347.1428571428571,172.3202307719061,23.933078126363295,108.3598236937858,27.458864668078718,19
347.2142857142857,181.17246005451722,27.45170158508261,125.28138874819125,38.04681152771018,19
347.2857142857143,203.85932607007655,27.802774891589113,142.25589429823964,44.98809000089992,19
347.35714285714283,213.69262652129908,26.96279038712979,152.05207645801644,49.46769312052757,19
347.4285714285714,204.32268287450654,26.962473162535996,161.60226065615277,62.406083771253755,19
347.5,172.43589203112614,25.1220007288577,146.72622440784798,64.25558059375182,19
347.57142857142856,169.73370856683133,28.42970282500663,149.09392706258092,64.76443793560648,19
347.6428571428571,170.12477705949505,28.573749372279913,101.0900775253579,20.691104013777384,19
347.7142857142857,165.54377957944786,25.359134478671148,85.28089196062389,15.169593344904921,19
347.7857142857143,162.8725063424687,22.153302140964957,79.23989848748136,11.342761212324996,19
347.85714285714283,157.69374041976317,20.60250243023765,82.29224673364003,12.741904335654596,19
347.9285714285714,164.2450646393976,27.331427614901674,75.95374529395573,14.698823092188249,19
348.0,180.117814801579,28.17690735449936,94.35270567049773,18.662397569114148,19
348.07142857142856,158.84741276066922,24.7788322425946,92.85315792417774,19.114461542632725,19
348.1428571428571,164.12988086428015,25.03824298090345,97.41288633978725,20.67676250385918,19
348.2142857142857,160.29330377052457,28.052644419201105,108.58249926793393,23.117630143698577,19
348.2857142857143,172.2708154492763,30.224952774601103,102.74419771910065,21.311122834789384,19
348.35714285714283,181.18812797420725,35.01342549324265,102.21523679513642,22.044556820490087,19
348.4285714285714,172.12580809524323,29.600377577530484,104.73482536698641,24.15143122606146,19
348.5,174.60774904431173,26.972625804644828,101.37486750552513,28.48565322471945,19
348.57142857142856,187.8035460095021,27.84873949049662,133.51078403135986,46.08556977524102,19
348.6428571428571,185.06712659662736,28.16196483455393,128.5179755819053,41.30540189217881,19
348.7142857142857,181.40681061570734,26.10806460587895,134.3617900301915,49.61520059699232,19
348.7857142857143,182.29125154455218,30.261850081745486,139.99144733257054,60.38409593591485,19
348.85714285714283,174.30515308410682,33.1047311550872,120.79190615383739,44.48368504806555,19
348.9285714285714,169.47053344588096,39.078218710523345,107.98756811056757,37.3356048286086,19
349.0,166.5313602839318,36.091990380195305,109.78840955610933,37.58942655450206,19
349.07142857142856,154.6451442208789,27.001165272675475,110.77169822048293,40.0680439231523,19
349.1428571428571,161.11053541668582,28.685858378729147,141.08315873907836,67.77468035197926,19
349.2142857142857,157.3274563917646,32.323191463582575,77.09259776234278,19.999919043484844,19
349.2857142857143,168.11620128415547,28.258575023078293,117.71382836522214,41.47151035976437,19
349.35714285714283,159.51892191675148,28.119822053755914,91.12543328007987,17.98178493706817,19
349.4285714285714,147.12846946812493,30.016336372341996,85.27929397621965,17.04199892472156,19
349.5,175.4491255912246,29.210196323555806,112.46900229599082,28.20873726914857,19
349.57142857142856,163.60857728731688,25.138108026863865,122.02784376476161,42.54100346009392,19
349.6428571428571,160.69960135965596,23.398902223589747,131.36344398328504,57.35081288810726,19
349.7142857142857,160.76263488042372,23.768797705280072,125.20293639363159,58.222974164601624,19
349.7857142857143,159.35178897801475,25.330478410205032,127.3438212967736,55.30058402090675,19
349.85714285714283,164.95136969396768,28.56241417899103,136.34967049527066,66.77834845563295,19
349.9285714285714,158.10140635709,28.389842879026038,138.15739021325805,71.52921781542118,19
350.0,141.96469797528175,22.251846218041635,64.91849590944783,9.995503442101178,19
350.07142857142856,170.586047702353,25.166108768489377,145.29206542999418,70.60065244708748,19
350.1428571428571,169.98170171833624,27.676091900209677,152.40007372552915,77.80678012762142,19
350.2142857142857,170.44799729070638,26.05809027345784,146.64003826915123,69.3750211224484,19
350.2857142857143,175.91573632611173,25.906967379075653,134.63762046834276,53.19716143520406,19
350.35714285714283,190.5116652810842,26.451809354828,130.75321390536308,40.84041861628204,19
350.4285714285714,179.60217032135097,26.642897136393284,114.5715120536173,29.126428538443832,19
350.5,183.1311585229492,29.95107800761436,104.92381476114338,20.715277910919152,19
350.57142857142856,169.83841565663374,25.45952461982321,113.42462897424633,34.730301740454514,19
350.6428571428571,164.63836046396003,25.681026240066156,84.55768011354657,18.87909247644263,19
350.7142857142857,160.0853483381198,27.15554294073101,127.41964603349635,50.860417732395646,19
350.7857142857143,169.47647672158996,27.669911792514895,138.7508034637994,57.08972350999967,19
350.85714285714283,168.32265387041627,25.938590164236988,137.05822845106408,55.3900571201102,19
350.9285714285714,154.8973774574535,28.067600313849237,78.01240052399174,14.918687763070114,19
351.0,166.74599889063336,30.629399284745823,125.5994307649545,54.64990122859227,19
351.07142857142856,147.60762655342276,25.87389128116031,118.80787997369907,50.88106410740767,19
351.1428571428571,121.22307195708439,22.942012142717378,101.55913221638852,45.19418178752963,19
351.2142857142857,128.3299232162603,20.061203721014852,88.41768735096284,26.285605636555044,19
351.2857142857143,147.21601125498142,26.22292531324769,86.13008519537388,15.755639464463576,19
351.35714285714283,164.6977936854379,27.23147277573001,106.49132927411023,24.256723955359682,19
351.4285714285714,162.00711296197298,26.558222276171833,115.84926414258433,32.62310803895477,19
351.5,153.64413994672208,25.10565800598239,124.54873896994825,43.64120442261532,19
351.57142857142856,173.34207588147274,22.027055419975905,146.61364670984133,56.78564618710384,19
351.6428571428571,185.71730646534834,23.783687858495995,156.75238274041817,64.87731935704821,19
351.7142857142857,186.10510231148243,23.735274709262427,152.54355756865672,58.43458043846191,19
351.7857142857143,171.72740093671425,23.591801970023415,145.5356702963979,58.14846591742171,19
351.85714285714283,171.38879446679306,22.615188100162214,144.10796923697256,58.974542443417974,19
351.9285714285714,163.05494790941427,25.344208219311827,145.96068376052588,62.98880930382277,19
352.0,161.16326478885097,25.246033631275807,152.72424563919859,70.63630768827147,19
352.07142857142856,173.84203923503162,28.024503052844103,153.40229413331807,70.321012452375,19
352.1428571428571,166.29263748997315,26.606063415791734,149.75807033303198,73.03765812914196,19
352.2142857142857,172.79086889869606,29.190185712695225,157.69000643773003,78.99307841620092,19
352.2857142857143,155.9252266082352,28.904540473297292,131.64899240679978,59.63281913099732,19
352.35714285714283,145.8015764583052,26.6947340676477,128.57521335165112,61.666346966047,19
352.4285714285714,143.8985565761814,22.393904038918528,121.4492635053067,48.916274165763205,19
352.5,168.42792570374402,23.72979672716533,136.06756059079163,52.63436768281478,19
352.57142857142856,194.18459326474039,29.34722706852045,162.5517976832695,64.90274507473546,19
352.6428571428571,206.11158982633296,26.788756814878724,164.4263574986358,65.31822937160136,19
352.7142857142857,195.36590130897105,25.52300030893781,135.10626132680162,39.12712451339954,19
352.7857142857143,176.15471606947077,26.901646264046754,117.88244385244843,34.976072842338304,19
352.85714285714283,192.52092727575365,26.665560299627153,136.79430356850662,39.41012054182567,19
352.9285714285714,186.17790212484638,27.78314854097562,150.08259501038577,52.738143368252004,19
353.0,186.37589260140845,27.758937169207062,159.64337480263697,66.18262196165317,19
353.07142857142856,185.52327772361676,31.278521887947058,171.0697634694414,90.16501724417046,19
353.1428571428571,180.29926851508645,26.706837308807696,162.26136614965796,74.02868654982495,19
353.2142857142857,193.8304776470682,30.382144186718868,168.88098484280286,70.84135908356113,19
353.2857142857143,200.99044752026305,29.00068248280242,170.16556468170972,69.20494349747077,19
353.35714285714283,184.42519844084282,25.814509508925127,162.879120552462,67.2643990782306,19
353.4285714285714,168.15853838615428,21.05097777007063,141.70985884955834,52.340779770977576,19
353.5,169.03143296627493,24.784553113159117,124.37910982032385,40.71247933621721,19
353.57142857142856,157.39757139766374,28.9901583403208,130.04641132913358,49.342059375702085,19
353.6428571428571,155.92114639462508,31.687408004725988,132.94788708759637,56.43803505054543,19
353.7142857142857,149.61429085709344,24.017989029671604,131.29895820086176,58.9854505623897,19
353.7857142857143,160.18748152092516,23.463606486236273,141.09968764422894,63.475740913459795,19
353.85714285714283,173.85128475363672,25.00244492946604,150.4066666690296,64.25990605287298,19
353.9285714285714,177.03689522061987,28.58695405715831,148.09529921647209,61.69186575570816,19
354.0,156.24022912519362,27.14876706442739,136.0061020946697,60.94228960852956,19
354.07142857142856,146.8601274268933,24.270866488209716,128.80428869583307,61.91154780751677,19
354.1428571428571,150.459472670358,23.490522428901723,128.714172831711,59.47763412821622,19
354.2142857142857,150.2470267132923,22.542046919283663,110.6905719043092,33.96430605784924,19
354.2857142857143,150.7740474654812,26.400570802079592,115.22986240546513,40.99124205198465,19
354.35714285714283,144.2182094299292,24.951794751588476,113.22486331954403,46.47680773467516,19
354.4285714285714,140.08431992245337,24.21263806526868,112.66434743156131,47.592008724523495,19
354.5,133.29228179521942,26.600602295295698,116.96370820049741,54.993399283355046,19
354.57142857142856,142.42877518893883,25.47909962657779,119.85889626267866,54.79542497615708,19
354.6428571428571,149.89159566328743,25.46443155944596,120.38937664052207,52.1067207439195,19
354.7142857142857,160.38214387277947,25.84878525848451,127.707342995729,57.283470581774694,19
354.7857142857143,162.2306662028888,28.108704951316476,136.09474261708345,67.22671449946922,19
354.85714285714283,171.5860481350291,31.49155267153973,145.1631022282456,71.99450855931829,19
354.9285714285714,178.48729896837423,33.355155341073235,147.5560292631216,72.49076833666192,19
355.0,189.30844512105412,34.19475182393022,144.05302421090454,63.788504581531924,19
355.07142857142856,194.4293928601693,34.48315846020061,145.03336349501225,59.06164901203517,19
355.1428571428571,175.49452609218673,29.398599394548906,139.11126275029537,54.67419393450815,19
355.2142857142857,170.68001932179476,26.99546888145701,130.8809715874942,52.351809876551194,19
355.2857142857143,159.38999372548125,28.014305119701664,70.93669624152575,12.555050770052873,19
355.35714285714283,195.2495356232139,32.145989630936185,155.81635914202337,66.87030322613535,19
355.4285714285714,187.04621770755278,27.732738012181724,139.9788729149391,49.227828536518764,19
355.5,188.3618192945953,27.34136942134576,125.21131947165051,38.20351388063363,19
355.57142857142856,175.8173478644408,25.551683689503992,115.30417371506273,27.29033516578316,19
355.6428571428571,153.81126128095408,26.310978214756762,91.4556296507539,18.84931962604435,19
355.7142857142857,181.8047840265406,32.42462546421024,106.40360554606578,24.95491483055969,19
355.7857142857143,175.52826227573203,29.49126615076094,108.46153981713259,26.612015757592054,19
355.85714285714283,173.05900960134008,25.125466513125883,113.62806917583822,30.659846934757677,19
355.9285714285714,185.66464506385907,25.60807747702825,134.07693620995423,48.35299797844213,19
356.0,206.61851456793949,28.436643713398748,158.79045276049982,53.88955272357859,19
356.07142857142856,208.4258616475556,32.00643083974572,158.9313424298366,54.99585666102928,19
356.1428571428571,195.44165507235485,31.639496657372177,150.82307142085187,56.023919474903494,19
356.2142857142857,174.60122775919552,28.88427421983875,143.365196357984,59.99644994260546,19
356.2857142857143,178.60416043462325,28.896439051326404,147.7326579572962,62.19135606830096,19
356.35714285714283,186.90510243971082,27.309343842831563,155.44084874427614,65.75597090089802,19
356.4285714285714,189.23740900334766,28.128774037162117,152.3362860372638,63.48952570869991,19
356.5,183.34750537840677,24.807712883494627,146.28806912834017,60.5039205878842,19
356.57142857142856,172.6708720362455,21.712677180422403,136.3565260210353,55.673578400035275,19
356.6428571428571,177.49749738216485,22.905081567676447,125.4634205384605,41.5186639020193,19
356.7142857142857,185.55149754345237,24.334940891275796,125.44478373725765,37.46634511187053,19
356.7857142857143,193.56698695243935,26.37516268791309,145.53386384534122,58.181504530905606,19
356.85714285714283,187.23895468532953,26.457798530380224,145.98057418951123,61.112843828363275,19
356.9285714285714,194.15098782837873,25.295368012093967,152.73173664541483,61.885177691369066,19
357.0,201.01030098108507,28.03271786216217,160.81291670746037,64.82379174137344,19
357.07142857142856,199.34727682037067,28.69578649673213,170.25928562185265,67.8049058766338,19
357.1428571428571,185.35666705656055,24.073777664611722,148.3704286336728,57.263325925089674,19
357.2142857142857,162.07733050637157,26.799429954150558,131.397508704817,59.89501426568678,19
357.2857142857143,149.14190233250628,23.935055955130156,111.29871018294325,40.66347515443894,19
357.35714285714283,139.30764322263286,26.298618097874957,115.30228254499534,52.47914159481428,19
357.4285714285714,138.12996151021355,23.76067544091746,122.80031567604338,63.40430927498509,19
357.5,143.29844138762493,24.593391932769112,126.1002961896714,66.38421989695335,19
357.57142857142856,174.97002714108626,28.346863389728558,143.32214139947104,73.78543851822847,19
357.6428571428571,183.47771508944876,29.57941102644113,146.17328725484236,66.17042968048719,19
357.7142857142857,189.83522651176764,31.18076546392336,151.56324698239544,68.05358923543035,19
357.7857142857143,183.72728976041674,30.681686720694753,146.6279844138552,68.43653796344776,19
357.85714285714283,176.52793639064873,29.99880360798763,134.6426022448648,58.44037531836302,19
357.9285714285714,170.91122283033818,27.141731708821478,124.99602218411235,46.81208519550137,19
358.0,178.6316313830253,26.803139516411292,144.02762128086403,62.819733808286934,19
358.07142857142856,183.86689673060866,27.64422150962205,158.4393482876732,75.97391893306781,19
358.1428571428571,195.89720113578178,28.353041690308256,168.2370993386748,80.37302261924093,19
358.2142857142857,205.8270295252055,28.81139674494532,167.15988139327334,75.8177608478411,19
358.2857142857143,185.7291666351719,27.13748563367703,131.90075724288613,47.54849417075796,19
358.35714285714283,173.7570211463292,29.590708332190477,124.38681207941065,49.96986806215198,19
358.4285714285714,177.4994590601531,29.693514479551673,140.6606536190044,59.40568477549336,19
358.5,173.3053759135461,27.08779287247276,137.7611176243679,55.331488990140066,19
358.57142857142856,144.0448446935897,26.783277773882986,123.47525537941603,62.14815144273642,19
358.6428571428571,144.31820734183881,28.042334981651877,134.373432977672,76.11250965428117,19
358.7142857142857,158.02358551131758,32.23000239670996,150.57545538596665,87.12433882617056,19
358.7857142857143,165.62335478333551,36.04006281046702,161.13832321109223,93.22574785731072,19
358.85714285714283,154.19754844346264,35.92913046912881,139.87793257644813,76.22081658206103,19
358.9285714285714,158.32803209799854,31.625064527631718,129.1150498361509,49.28340419545343,19
359.0,147.6026425890219,27.581021876386227,124.6372118609545,51.85729461334758,19
359.07142857142856,154.7420667578632,32.785186487791854,138.3399289009996,68.83882958879423,19
359.1428571428571,162.8125785418093,30.85705024338583,143.89960647052663,67.39268771992123,19
359.2142857142857,155.7669423046001,28.591289614910306,142.6318373714623,68.88508465098528,19
359.2857142857143,153.04723138863181,29.70711417732282,139.91515222870285,67.72818332314061,19
359.35714285714283,159.54538132305254,30.838176440499275,138.8341926919354,67.9567592337342,19
359.4285714285714,167.03031353454372,34.01995413505872,143.41011402672365,76.76096766019862,19
359.5,143.81799834166466,28.081542385635395,117.75368781652332,55.99925329404515,19
359.57142857142856,118.40967954917278,24.937145088319685,92.13593347153005,44.807517166194074,19
359.6428571428571,121.22779978431942,22.12564833971199,110.07225309400437,56.87394731017583,19
359.7142857142857,154.148213242063,25.82854547362751,133.19163472894627,64.47682922531388,19
359.7857142857143,171.20983223222117,30.060163442691888,145.3368189619942,71.16562236618402,19
359.85714285714283,164.30449663685883,29.666968869387322,147.66953976239256,77.97466215141549,19
359.9285714285714,157.91242015314407,22.400462018084145,132.2706797898571,56.474312868150555,19
360.0,139.95648640217578,20.94077138698245,107.23276561200008,36.52807585160526,19
360.07142857142856,123.5878082703978,24.60906785184956,77.92397728159831,20.233408521453963,19
360.1428571428571,127.24639764942262,22.312198189781068,62.9916562988268,11.174086145353128,19
360.2142857142857,133.18474012515503,21.565552468401965,84.44043910731475,29.593299602502956,19
360.2857142857143,148.17629241912874,22.491228734798455,70.45033514624286,12.45633180321534,19
360.3571428571428,153.45335961758548,27.125126798449,75.56691717800835,15.296008967664811,19
360.4285714285714,158.535533583723,26.803965206662703,82.17135876851668,15.395834805460696,19
360.5,162.2934252823105,30.185862078824936,71.79823412063851,14.107783413635504,19
360.57142857142856,142.51456261915558,24.434505014975212,72.96299231539889,12.975759949406928,19
360.6428571428571,139.8557109927929,22.67393179514845,70.26476875150792,14.612757454425548,19
360.7142857142857,117.95837716588797,18.429159476588904,55.57662367682891,8.961904027459724,19
360.7857142857143,130.09731914764686,21.762247325452144,64.9776949247701,11.98766913377578,19
360.8571428571428,124.30577026529417,23.317178929771785,58.0317723919785,9.250586394359308,19
360.9285714285714,124.92283496975601,21.024724577173963,60.6023079245539,9.979935301876212,19
361.0,123.55182180986962,19.587265467984857,61.12241457850993,10.699892625865148,19
361.07142857142856,119.51708909662477,23.084748130130514,55.39123649814302,12.518236144367837,19
361.1428571428571,112.69316656219718,24.268651488199435,61.213930785647676,13.422260223859158,19
361.2142857142857,126.10007991776351,26.720161055585667,66.83680320119248,14.200943956974132,19
361.2857142857143,138.57372823981981,25.67863001013754,78.13577449259809,17.550261482235598,19
361.3571428571428,129.37823967105385,22.823704686632436,74.00525387216358,15.227392947556071,19
361.4285714285714,129.76115949989986,21.53446741868588,68.48723085236,12.877486012399723,19
361.5,143.81425067801294,23.360645345416533,69.71881159924922,12.882115918212145,19
361.57142857142856,144.4159005505628,24.492112446533746,69.59476608690916,12.599584580477721,19
361.6428571428571,165.9482535036688,27.01540135850661,78.62646238397488,13.861311402900906,19
361.7142857142857,178.95197059341797,28.74694834524844,90.35918063121218,18.447100106180052,19
361.7857142857143,190.32411968505653,26.84276933619353,88.1772901552708,15.490742593385635,19
361.8571428571428,197.93306310048314,23.793270856747046,100.15538937657104,16.270750736495142,19
361.9285714285714,194.06408341503956,29.314383742130673,91.68521500482632,17.294228579664974,19
362.0,182.60044696081033,37.0120332815295,87.98879303214466,22.330296949743996,19
362.07142857142856,168.54159123363962,30.34347809700151,74.55597206423018,15.589012406632767,19
362.1428571428571,174.64976228699476,34.62347693632278,85.79875299178207,22.178900714232135,19
362.2142857142857,173.05877055289395,28.971303657375845,116.62673958159057,35.95411859325032,19
362.2857142857143,177.22334618486033,28.205711503723943,103.06988129568154,22.83170270861468,19
362.3571428571428,185.585624858361,30.265389906796447,105.52031829116486,20.772088033869743,19
362.4285714285714,176.87682198689674,29.710022650101156,105.46086016157523,22.206029328729137,19
362.5,161.47518017152902,28.138345363595707,102.17166854824336,24.605898975462885,19
362.57142857142856,144.41023175006475,28.065285465229863,98.02545566071785,26.914415950735048,19
362.6428571428571,158.79716548073486,25.101919714287728,111.4141578310611,34.129720937775815,19
362.7142857142857,167.51509181258754,22.962122443938267,112.51301310170696,26.78522923792698,19
362.7857142857143,169.88950101385691,22.230429910176873,121.84255928922384,35.09970303917773,19
362.8571428571428,150.03814892416779,21.67742397369321,107.36289448006642,30.686958904167813,19
362.9285714285714,144.24447394441165,18.952150156171342,111.84521308500527,39.67220412992374,19
363.0,145.68602957985337,22.08942768518437,112.52147811460658,37.5769786746187,19
363.07142857142856,155.23633303281414,28.586524586630293,112.01564668903136,39.30158243423598,19
363.1428571428571,159.86795027230096,30.657449670125608,120.61300793962394,48.10418183554896,19
363.2142857142857,133.66936227266513,25.962024955531124,120.35938968733727,60.40146843113707,19
363.2857142857143,131.77040703608714,24.5071781829852,119.36960177734731,56.82030794915003,19
363.3571428571428,135.72887216645142,27.863600765240765,103.28997257855603,39.73884070546899,19
363.4285714285714,159.5642778586531,30.74829171955232,110.98911164719851,33.70596058293527,19
363.5,158.7226638040952,30.849587180954334,121.27009747632844,45.253523019997125,19
363.57142857142856,145.05552478802105,26.32938040361144,112.3100500670144,42.66665861936494,19
363.6428571428571,130.547542080259,24.827838307560686,103.39315975985464,46.470832693239345,19
363.7142857142857,138.103586004854,26.847915381565723,127.99521525247044,63.2746136683525,19
363.7857142857143,144.7164374411257,29.910589861427237,131.45150497993734,67.24665319154853,19
363.8571428571428,142.16017141694152,30.797410231752135,135.61606829141533,79.60236987965922,19
363.9285714285714,146.43492142593811,29.47966413408745,145.456407526242,88.1590316948293,19
364.0,140.70486324557885,27.128989453958198,141.917954462664,83.97674153612883,19
364.07142857142856,140.58482563042787,25.445743491303972,119.90668025281602,59.002370616200444,19
364.1428571428571,149.94553249991367,27.71403290561452,126.40991656348457,56.32852700237346,19
364.2142857142857,152.87767603050548,31.35036687846701,136.81229020157457,66.00946865513444,19
364.2857142857143,137.56294140757703,30.125533666167755,138.5832087457891,74.17169755169334,19
364.3571428571428,121.4012686156441,26.168303709520174,129.5165899931721,73.05415796168631,19
364.4285714285714,127.33197902796732,23.96990679954072,119.84189943057854,59.82481444066484,19
364.5,133.78046704334497,29.300214033621508,140.2716445957711,74.64253114034867,19
364.57142857142856,150.7914205597413,29.24032418744538,151.57835447428934,81.96521319484377,19
364.6428571428571,172.66817494594463,32.09206448949702,179.31019917044725,98.18846246051604,19
364.7142857142857,157.8980292410101,28.10798048707295,149.45374932585324,87.65093733600322,19
364.7857142857143,144.3571069675893,23.514189905454554,119.14889469398979,59.03309810855559,19
364.8571428571428,134.62580882379427,22.21717558391272,108.38268341741653,48.39360276523878,19
364.9285714285714,142.08896373674747,22.288217713015833,123.08485937084242,54.67143749860015,19
365.0,165.59370786504533,27.795615217677238,133.86948280147814,59.36101835833531,19
365.07142857142856,161.1051371055315,33.58436056181751,124.39906611914786,53.572028029534856,19
365.1428571428571,159.3355261166215,32.008757320184316,141.586354070034,72.38114308578115,19
365.2142857142857,162.437666886845,28.84887963725487,160.69416878558886,86.98425658094209,19
365.2857142857143,137.3011724245867,22.601931455927723,74.09348852071223,16.663589256810816,19
365.3571428571428,153.27775415137205,29.727685710413446,153.8270087078912,80.19484110874394,19
365.4285714285714,139.3355541200937,26.240201411025826,123.9795248830155,55.42849472140699,19
365.5,148.3453532082272,26.19833852484622,146.41835026274308,71.48802184945964,19
365.57142857142856,162.7215573869017,31.292315634098625,173.23375297283937,92.39369003635129,19
365.6428571428571,167.52799680781018,31.814933091058403,172.3314912952158,93.07385360467232,19
365.71428571428567,160.846892863972,32.155317044877314,157.71017964047093,96.53506142883812,19
365.7857142857143,176.7351796517498,29.53425924265082,153.97963448532585,73.05867748924429,19
365.8571428571428,182.66363179909138,34.24030937693565,128.72379408464346,41.08773316611228,19
365.9285714285714,150.9509954102014,32.924433933377934,79.21844177027582,19.90824141842263,19
366.0,143.85726679730942,28.06223172520778,72.42991136180983,15.21742552380222,19
366.07142857142856,143.29495911837657,28.920003612646518,80.69975959979986,19.643403054184006,19
366.1428571428571,136.98939881485833,24.419981934849236,65.95350609911652,11.758213373961762,19
366.21428571428567,128.1858420251053,22.61304205110786,61.59626698821129,9.323121067684834,19
366.2857142857143,115.23264503330553,19.9434173835326,54.93815069729622,8.416253997632396,19
366.3571428571428,111.45095444274644,18.802597467553415,55.59746879682051,10.284876316037156,19
366.4285714285714,140.61505861277283,20.116753561458303,72.98227788731852,13.408047022075326,19
366.5,137.43791300267517,18.6538251472524,74.80829488050297,14.977187468505118,19
366.57142857142856,148.59023922833606,16.86804074377337,78.40965033078835,14.315847720342376,19
366.6428571428571,148.45916091751278,16.5217884423722,79.39924146210356,14.925393313233881,19
366.71428571428567,145.04319912861092,19.101518216460363,82.71651898589235,15.620238476934652,19
366.7857142857143,154.93009943077303,21.856075238080418,87.40659752989534,16.40460880713329,19
366.8571428571428,161.049355075884,22.087317777067963,88.32102676079663,13.70751725003978,19
366.9285714285714,157.79488087876004,21.58380296828855,82.17568255691316,11.355263073170384,19
367.0,163.47634615931938,25.886825250442502,85.3125710040667,14.961000139440845,19
367.07142857142856,174.09614297320348,28.186120120556243,90.13890368775019,18.955022872274526,19
367.1428571428571,173.59750895906535,27.3741930237708,91.99174351811456,19.667019718885964,19
367.21428571428567,164.26056435350134,26.527752064217683,86.61620047110124,17.977927641091775,19
367.2857142857143,154.6833194661412,24.571340353533863,74.07074008995052,13.182878821536907,19
367.3571428571428,149.4072588731557,18.215166783179477,76.5954204206684,10.671231995319925,19
367.4285714285714,138.86818758104357,19.563270384777955,74.98687670935513,13.777855403165386,19
367.5,141.55743323323756,21.13307122652778,106.15360766584973,33.11668829769222,19
367.57142857142856,144.6292057913531,20.25306416521545,105.28336987589358,30.613769957503983,19
367.6428571428571,134.57953257169507,20.24956602844853,95.93583663802922,29.707193170813824,19
367.71428571428567,131.9931871931222,24.47200761554279,92.4131041974692,24.412601087668133,19
367.7857142857143,135.8501182506063,26.403945102682624,95.61803731934184,26.962906582430172,19
367.8571428571428,152.81190521997019,25.442772209727803,112.41175002768996,36.26845064759358,19
367.9285714285714,134.89269247710175,26.21990516375677,122.9142343795484,58.96769923901865,19
368.0,122.31256482724591,23.771008501633503,69.21944230309253,12.22161385222914,19
368.07142857142856,121.46870549788824,17.992573982694367,92.86559963296,32.83294077825895,19
368.1428571428571,125.9733287925716,16.856664035324282,99.42085127747349,34.44178478418122,19
368.21428571428567,126.09125145382592,20.536192306677517,100.70141711792571,34.42264394269902,19
368.2857142857143,139.24670123950233,21.04772076101437,92.2735976557173,25.943774212096045,19
368.3571428571428,137.8419124015665,20.43626732544343,85.30033898528755,21.091792166426256,19
368.4285714285714,138.56687865286705,20.054460666379917,97.85383510961115,30.955223210009052,19
368.5,161.9494989425304,25.040069791000516,131.90552143930134,58.341370423687636,19
368.57142857142856,178.77551850976596,25.129042043417257,143.55721680156006,64.08103186689738,19
368.6428571428571,187.3310361950589,25.91493597215897,140.67025734374886,58.258075311307934,19
368.71428571428567,190.54290730286365,25.378270399139303,144.28761326232217,60.786519117254706,19
368.7857142857143,175.07695078173603,24.757790503498626,135.72807172630763,61.883081192215776,19
368.8571428571428,165.05059728170053,22.744804607688245,132.6174866562887,58.69217149126334,19
368.9285714285714,158.84051905250055,25.633893836135364,135.38109471627016,60.93130230705021,19
369.0,169.46990190186395,29.680040465336592,144.2919807144225,63.49093390106541,19
369.07142857142856,177.08287159051727,30.85248086901916,144.259873473019,61.34841510596118,19
369.1428571428571,169.39309377058984,27.963826722060695,129.76512874856806,55.81761950510715,19
369.21428571428567,150.0169990936972,26.318801867725114,126.70650248496072,60.643084666496605,19
369.2857142857143,141.38289643497765,25.1899424512826,132.14449198732305,63.95890837167451,19
369.3571428571428,141.9453726079142,26.32473119420153,120.99574044291636,49.863205929573994,19
369.4285714285714,147.59867652063477,30.311362150424184,104.86366826152201,33.95243389295736,19
369.5,145.496251924098,30.50351257322893,83.61048780323172,21.031640267789697,19
369.57142857142856,158.0616605462573,28.635691127236235,100.10510735730332,26.448157196039112,19
369.6428571428571,141.60915781046234,27.326898507439246,100.81411995167615,35.50400044687214,19
369.71428571428567,155.27847353063632,33.04835472456731,107.60116831694437,44.99113868914694,19
369.7857142857143,162.482796057758,30.811789402465227,118.28799261345638,43.01222414244032,19
369.8571428571428,166.09649639973074,30.615518962137138,120.57249152885207,44.08861574879075,19
369.9285714285714,184.0267912947127,31.18540312897469,144.01651353370463,57.20550414193139,19
370.0,173.01202158234221,30.38233370992145,148.08723411579763,62.93220409011514,19
370.07142857142856,162.0355996173466,32.936883553682314,94.06874586236587,27.918418369311432,19
370.1428571428571,161.64713246377286,32.798982849705645,94.52284724935929,24.159834299889482,19
370.21428571428567,156.04573348122733,27.607921015198418,114.79409696480185,34.07129052728042,19
370.2857142857143,152.68101139980888,26.283620367318953,126.4351840810161,55.10375156021813,19
370.3571428571428,141.16180277758897,22.438500586694143,127.53372055321113,68.73158196235482,19
370.4285714285714,116.51457503443771,22.534067208417444,124.45642584976939,75.55228624407493,19
370.5,138.8406329409704,21.271732508224982,124.25888859807353,67.24016973810788,19
370.57142857142856,148.11157536343353,22.137609946085234,102.6526811236727,35.8569579384857,19
370.6428571428571,145.28752296368918,26.413439598167486,85.08135938364818,22.43206107900209,19
370.71428571428567,144.92871395791593,24.05432394950499,87.32456620905518,25.530755666411547,19
370.7857142857143,145.19166855477155,18.715806113130864,105.75909762179016,26.75621682406053,19
370.8571428571428,143.97133305639795,17.37485817410091,98.96554319727203,20.222199470109906,19
370.9285714285714,130.7222283248122,17.8733392987963,83.64061541097482,17.131425134245305,19
371.0,122.24352502537967,16.30288739201176,77.83506186208484,15.015563622133424,19
371.07142857142856,116.41199292494929,18.132039704338318,70.76592358748877,14.17075723903726,19
371.1428571428571,112.96913013437315,15.058950825589557,79.74043547028081,20.203464110503546,19
371.21428571428567,122.6342302842451,13.161054235195474,98.07120276006405,31.543512689655717,19
371.2857142857143,128.66156928379394,16.03439671617809,101.77437182632264,34.39054487820141,19
371.3571428571428,136.70064109495664,20.295740286378688,108.9319666156671,38.16728364662581,19
371.4285714285714,150.31124334534434,20.75416553398445,124.90635297200849,46.672591384774556,19
371.5,159.61099930038776,23.120012521040323,127.06615231842063,51.16440776741563,19
371.57142857142856,170.32576558429605,23.39237383950892,146.4428364313926,58.08764640630275,19
371.6428571428571,170.61955131959962,22.109145378324552,153.75760348300358,67.32337420018871,19
371.71428571428567,164.41378304299135,22.76117280727849,148.1736936831538,62.88503480824979,19
371.7857142857143,151.2485685652607,21.380324229963133,125.92693760240027,55.07630396409851,19
371.8571428571428,142.34945734714563,18.871547521946407,107.89096992208782,40.676274624014134,19
371.9285714285714,145.9475026372944,19.839731951044225,105.68303046760231,36.6608563379144,19
372.0,146.9845577833213,23.37559158354927,110.00612751452503,37.09816861083218,19
372.07142857142856,144.3266833007972,22.834674558466062,102.85527942918597,34.75790746877146,19
372.1428571428571,137.8688938110588,22.306345073784396,68.9529629008058,10.110207475431238,19
372.21428571428567,135.76163302227414,16.97403230236909,68.1949186983079,10.161212696553498,19
372.2857142857143,126.44186693657117,17.1440701009245,82.04712508330184,19.98636219523983,19
372.3571428571428,134.0060227105734,20.334610388906853,88.84242624289752,25.282628415963448,19
372.4285714285714,143.44529922691743,25.46571405674049,103.16965420727126,37.14857092145084,19
372.5,156.80708706024492,26.163277992168375,111.00284562825804,38.03941755793356,19
372.57142857142856,155.8426230028591,23.317802632617774,104.9743597718434,31.416310243265947,19
372.6428571428571,154.08334165414473,23.175374358364422,104.79728446397677,30.740034657019976,19
372.71428571428567,151.68753801521694,21.662881694479275,103.07382641525896,28.978936761705242,19
372.7857142857143,157.24203835763063,22.438722801364406,109.96048591442445,34.86576412115722,19
372.8571428571428,141.35208332405443,23.46658486768407,73.77698729011507,17.880960171935115,19
372.9285714285714,140.33432064674017,21.9553515011001,71.93019125162948,15.168731080426914,19
373.0,151.42819268592268,27.034965873387065,155.84039120692415,84.74775324319488,19
373.07142857142856,165.04877428490505,25.664102302128885,147.5604333407755,71.53291348091486,19
373.1428571428571,153.42288138830105,25.043780581409578,143.51622209230968,70.70482654696303,19
373.21428571428567,153.32263550481954,28.3157721560447,132.24254865261653,61.390670705691505,19
373.2857142857143,154.8652750629,30.80310350410319,133.21366373693346,64.30422400390388,19
373.3571428571428,155.309401396647,32.521889381161266,135.912888393729,65.93277660356253,19
373.4285714285714,137.4625104019933,27.190704797545767,65.69330101109466,13.804441849503236,19
373.5,126.12430765349896,24.51311785994159,56.51501714832571,12.068462212738233,19
373.57142857142856,128.12640443696918,24.83742788914992,57.64969774258012,10.44208517415032,19
373.6428571428571,124.69492806515328,20.99989361255913,59.969919125582024,8.545328533744327,19
373.71428571428567,124.30768750646124,19.293109654983425,59.59961168610752,8.956608986734217,19
373.7857142857143,119.28990195919737,15.917161952755738,59.12220625798485,9.816948471841508,19
373.8571428571428,118.93329392540114,18.707358361380432,60.65679568999461,14.068641817644739,19
373.9285714285714,114.91467849177772,23.16455387106578,61.06619634617247,14.736276706540059,19
374.0,140.4670586253532,31.077955105584092,72.92912899667016,17.860670547203412,19
374.07142857142856,137.1942005982912,25.318190290120658,72.48287140567793,15.95023881862929,19
374.1428571428571,136.8538798435667,21.98059408456493,70.29029709513162,14.151800570120193,19
374.21428571428567,144.43102582164533,23.21637193895969,72.73040788086016,12.96647065872988,19
374.2857142857143,158.62390295483272,26.790529049567652,78.89082338900947,12.595193655701358,19
374.3571428571428,159.4266174377908,27.693892268272133,79.67051833457703,12.980428356394308,19
374.4285714285714,149.64643577694963,24.573536740874545,76.28495801479293,11.811848062991464,19
374.5,130.35776292321304,20.213100799367187,69.43001353875746,10.850970429224205,19
374.57142857142856,132.3976617172858,21.41893028599053,72.00031798153111,11.906531604455477,19
374.6428571428571,125.27044226969225,23.854486784598855,66.23066877401104,12.234832644850004,19
374.71428571428567,125.51318863290602,25.51668483064273,92.52598011643144,30.18679026816586,19
374.7857142857143,120.2299973433932,19.273279396697863,90.45762908601702,26.750562680513823,19
374.8571428571428,119.35615219083145,17.885279799273896,79.55858772607209,14.84339647396019,19
374.9285714285714,144.45906208581695,20.756274872465635,92.56874522129843,15.93405575969324,19
375.0,148.864141182859,22.271953688099327,116.72486687613011,42.358006756472015,19
375.07142857142856,140.2590963568424,22.814914760106102,119.92796219782753,52.19659850797871,19
375.1428571428571,127.19578433280019,16.683443432047856,82.31108692542867,16.803429487896487,19
375.21428571428567,142.73983922713956,23.18367238905166,118.99542685801227,45.030760134715045,19
375.2857142857143,149.26639799841644,25.78362953674176,101.03876797507375,29.656993683598817,19
375.3571428571428,157.35439975241175,30.44531592251767,109.48771496345486,35.63213970613046,19
375.4285714285714,150.73222881698268,27.556174008729514,101.44775414113205,31.252080174210942,19
375.5,138.8101072286024,25.48355291568331,93.11594329928484,27.247356618883064,19
375.57142857142856,146.57239973712592,24.323643618329584,106.77364778926301,36.27558863172366,19
375.6428571428571,152.5777123115986,24.61188839453885,119.23542523522423,44.96795245875369,19
375.71428571428567,157.88018021721982,24.80984491925481,136.92710508492624,62.228907099415345,19
375.7857142857143,160.93872353289476,26.15367610930797,132.17652666551666,55.61601055800783,19
375.8571428571428,158.41790837348668,27.036413620554665,124.44983236106718,49.75615814923118,19
375.9285714285714,157.58571677967387,28.128487730747533,121.90456846099941,48.646680544069085,19
376.0,155.05915187679753,26.383717975203606,117.21795669279534,46.45509796526994,19
376.07142857142856,154.0517380770608,21.996524982725916,109.45262428680067,39.70843854188354,19
376.1428571428571,144.43592891024542,22.65869759879466,106.84581093381964,40.68867128278828,19
376.21428571428567,148.79894317061786,26.89010847100133,125.85174424335001,58.089506842668854,19
376.2857142857143,142.07764777180873,26.942488538497575,127.10001469480619,62.59702437663983,19
376.3571428571428,145.6528221156832,25.058208064339052,121.72446580511759,55.923069215455975,19
376.4285714285714,154.59608478055938,24.551179361714123,127.17344531113261,56.062097727101666,19
376.5,158.28279632455977,23.292785750549598,128.8318790886358,55.566402491578415,19
376.57142857142856,166.46767668978572,25.319177268777192,131.42259570912984,54.17460611803639,19
376.6428571428571,171.68119815580215,27.127678299151825,124.27498127635015,46.51409172913699,19
376.71428571428567,170.10077243547678,24.435840721339673,127.2807459489589,42.37028917507474,19
376.7857142857143,177.0588171584328,22.763037847129677,147.10607714876622,56.13314305849739,19
376.8571428571428,191.33837473203474,24.30429135527649,164.1890911947461,68.46307538673669,19
376.9285714285714,187.86841961601783,23.436555564810327,154.21552339755564,60.08579675661643,19
377.0,185.7893861159953,26.28308690712353,154.2338842890222,66.71985353297552,19
377.07142857142856,165.83385458042324,26.792295804601526,128.65331362569654,56.615307957813805,19
377.1428571428571,160.15578148602143,26.642875902428262,124.77714961423719,57.704934606140974,19
377.21428571428567,156.43834575498445,22.568311656799352,119.99206170319998,51.29651806184324,19
377.2857142857143,162.20775024335586,23.85412525908438,129.96158703205646,57.47714265293796,19
377.3571428571428,163.59244121626273,26.367803917896754,142.63315628191083,69.04291835256983,19
377.4285714285714,160.77003152608233,26.85380604727812,137.79742956929468,65.39313608779801,19
377.5,153.0109089461203,23.865568645005016,128.79803007420546,56.872628618535444,19
377.57142857142856,146.322335790399,26.922610762403174,124.89292439285113,57.238075279683784,19
377.6428571428571,166.91370944936148,28.77359357598623,132.1112851299438,56.09233506877162,19
377.71428571428567,174.6157276801211,29.316776927058026,137.9983595673833,60.41331311561134,19
377.7857142857143,179.0021230813675,26.05576845095602,130.69231695177604,52.28860667521948,19
377.8571428571428,184.84065089002274,23.6933474616385,135.08105251121634,53.59957761471969,19
377.9285714285714,176.36162538168753,21.61480262357048,134.19207451557583,56.40375653996167,19
378.0,167.6649664482749,18.745189515684864,130.14817300931233,53.62160330157517,19
378.07142857142856,164.3330041965338,20.85567259866749,130.1399009600048,54.28553306857924,19
378.1428571428571,171.96085625671557,21.461815016643005,135.73229301497204,54.52520041659249,19
378.21428571428567,176.29920969102793,22.437946463905824,140.74257415723403,58.90661227996719,19
378.2857142857143,177.78132656990317,18.59750015250136,132.333647447144,46.023152548651346,19
378.3571428571428,165.7513489521563,17.145904049578295,116.41106580286802,37.14138828832611,19
378.4285714285714,167.49504037026296,19.550376599142297,122.74869348950268,46.182485412844,19
378.5,178.61273810334959,22.871218468775062,137.086650497914,57.282983054507284,19
378.57142857142856,189.51530987800263,20.833117278775994,140.700376446053,52.15079087095524,19
378.6428571428571,199.9873982393225,21.263170348284298,143.59035033777906,49.28869214937113,19
378.71428571428567,198.5757835373692,19.76339749982726,144.12259263964842,49.64144762615382,19
378.7857142857143,176.7770957771728,17.51842637696732,132.73373204534903,50.41296372539022,19
378.8571428571428,157.52976602599512,20.64567415420768,119.2419186878862,51.80595997173825,19
378.9285714285714,163.3027991666447,19.71662936645174,121.0964985844309,48.19301396023116,19
379.0,158.1576150849382,21.919382154213867,133.50329541570864,66.30720107448894,19
379.07142857142856,164.16058334358235,23.44421815668493,143.78459103208112,70.29506951615974,19
379.1428571428571,154.87549660757418,22.903735172563724,133.077844586375,64.30247804468776,19
379.21428571428567,158.17993665007788,22.882501600134358,128.40727318858694,59.22357629151917,19
379.2857142857143,161.55055390759955,24.291488771964534,130.8468418031017,62.91958776686141,19
379.3571428571428,184.23216338929663,24.62925688882149,149.34915254757357,70.79732407334163,19
379.4285714285714,188.53927254066923,20.336450442141846,143.53732462944498,62.61094272856621,19
379.5,195.64767705412288,21.056539464021974,140.55148465647287,59.09631550197864,19
379.57142857142856,211.93500625722615,25.335710515507824,154.58124662970093,69.11358383252573,19
379.6428571428571,206.39034282334848,26.42923189470655,162.34581029213706,75.89239513837573,19
379.71428571428567,196.4355681111249,23.510391500412435,151.07932706684792,66.46270860165497,19
379.7857142857143,183.03319343074827,21.163615802175947,140.53249716088118,61.11984898002888,19
379.8571428571428,179.48100284122953,22.73081272138687,139.69698887909772,57.73849353026677,19
379.9285714285714,166.92632907852573,23.944496648128045,135.91552514127616,63.35763326438,19
380.0,175.1525586491451,25.680774705810062,134.78448641669664,53.75431672544745,19
380.07142857142856,168.9385457481902,23.55713618807564,130.07047312309896,56.843646863954945,19
380.1428571428571,169.75534274587898,24.494722459805207,134.75969275883597,60.375882837661585,19
380.21428571428567,159.02697313644612,25.760385685483893,128.0158811379484,60.111326939972884,19
380.2857142857143,159.34811025075652,22.75841407994364,119.6671372120484,47.70087824064117,19
380.3571428571428,173.0483216269693,23.57373375481195,127.9083156042364,52.66905475348878,19
380.4285714285714,165.0394688320611,26.049635102798675,130.02535701256255,55.391120663006404,19
380.5,166.9435648428544,27.810820272957255,135.04153411698707,60.86765107521016,19
380.57142857142856,154.5103313536493,24.423648280318414,127.31664445460945,59.96068330517387,19
380.6428571428571,170.58038172606405,26.50620994378064,130.19229858581707,54.66720041905229,19
380.71428571428567,176.5190011153151,26.563000179648657,137.3514809296147,61.39391185950846,19
380.7857142857143,189.3134532609499,29.906265166524083,139.67226745109684,59.142576490871896,19
380.8571428571428,180.58689337433736,27.76201953959436,129.8626554412948,53.77584300612018,19
380.9285714285714,172.72479829972977,26.090099642667685,128.1553598772772,56.77366545341776,19
381.0,161.20628387190789,26.334208355236957,132.69522221270097,67.1413917238965,19
381.07142857142856,174.03844272193564,27.32836369042084,140.00789376188345,66.04346513157523,19
381.1428571428571,160.67428759060024,25.51979484027608,131.2756103984032,62.7377793182414,19
381.21428571428567,166.55282474774742,26.517363169649855,148.08230476629825,75.0925358512182,19
381.2857142857143,159.13120761274115,25.358617987663585,148.38352291689785,80.95281191197198,19
381.3571428571428,161.83193890697981,28.157825458054123,154.99636024198654,88.9807580208137,19
381.4285714285714,170.55149315482674,27.2479643186182,154.05516608067768,84.09228494010307,19
381.5,168.3214022766635,26.327675127418274,141.07724033394362,73.6001334293125,19
381.57142857142856,177.44016379706412,24.312065539387213,150.67717824062706,72.79125239657701,19
381.6428571428571,175.77747109969215,27.049787152181008,163.88940043956728,86.22276788200075,19
381.71428571428567,170.2137435153951,24.210756005485955,156.85463884412286,80.76304157332375,19
381.7857142857143,177.42299810611158,21.677818950692558,152.38589980305784,72.43184876726087,19
381.8571428571428,185.65319084936317,23.369706747624896,154.5180247818093,72.10797774313725,19
381.9285714285714,183.53801341293467,28.512649834274416,168.6859127179532,91.97538788621551,19
382.0,161.13458425017336,28.976610579551068,163.38780711793015,100.79909015391372,19
382.07142857142856,144.82327609228156,25.38702668645359,140.3438876557924,80.90550927719828,19
382.1428571428571,125.52425462406856,20.831781144002683,110.46524981261747,56.150933187265856,19
382.21428571428567,126.40759360060993,18.160543863992615,108.72980420858869,53.22055944667313,19
382.2857142857143,138.68273086892006,19.81004892321174,124.09402357337785,62.16800219892979,19
382.3571428571428,140.24212038038917,21.27365552901377,125.89679801641437,64.56409011625303,19
382.4285714285714,163.10885966970852,24.648143198047084,137.72838936742517,65.30030033929661,19
382.5,173.37588736295356,27.88281369882129,150.59910399171406,76.91392994553256,19
382.57142857142856,173.60291096462254,24.478898498432404,146.86575498125467,71.64435892131229,19
382.6428571428571,154.15351412248347,20.900012462360916,130.57496153375837,61.281302223097086,19
382.71428571428567,136.03154408882014,19.80991610263367,107.00860786550274,46.88296034848521,19
382.7857142857143,138.82942548557378,22.691479800405656,118.45680643623253,57.04264203983006,19
382.8571428571428,143.79665477432377,25.16752221000526,130.4584428543898,69.53591543653532,19
382.9285714285714,141.5752089516875,23.974910472106487,123.50462778969248,65.51469879247679,19
383.0,148.1832179340588,25.5909636569334,126.45641139973327,65.42616046658038,19
383.07142857142856,158.7351386225783,26.407559907527098,137.56876576112728,70.38810334911014,19
383.1428571428571,149.26176243385893,24.17618017220829,134.34161337742066,74.63011535342802,19
383.21428571428567,151.49686165729884,22.034752651316875,126.18516179800397,61.30401028489437,19
383.2857142857143,145.1916037406693,21.72517516121893,113.54155294862458,51.71123159605991,19
383.3571428571428,149.98035332185688,22.61599744062855,120.08919124329798,57.356259979722935,19
383.4285714285714,164.77254448788887,24.65654522427004,139.00728745961868,67.18954981638802,19
383.5,172.944933528177,24.938378932496214,142.76969827142568,63.516827501862615,19
383.57142857142856,164.99313625601098,24.293073456116737,129.81320100386674,56.15175783429112,19
383.6428571428571,151.19540709230253,20.66229500932911,121.9746150943196,55.22622435005203,19
383.71428571428567,142.460532898004,22.84923633381068,125.59264111965777,64.22827178182162,19
383.7857142857143,153.45654898925073,24.661137915746096,130.1972056422862,58.43289494433301,19
383.8571428571428,151.74702895950492,23.367256200251447,126.70562282802237,55.352384281119896,19
383.9285714285714,145.5388583054661,23.25700570237435,123.02745797904329,56.39904953654977,19
384.0,139.1305179398934,24.2922829643676,123.5978083577307,64.54327011659676,19
384.07142857142856,148.53246670026485,24.340313356141667,127.64072390755207,65.91374017451716,19
384.1428571428571,159.95110742731777,24.13319829624676,124.57698624870926,56.16106000069297,19
384.21428571428567,161.07147309735458,21.560552316154297,112.83007600003305,41.76014392193734,19
384.2857142857143,173.1226263739174,24.717123936425192,130.41988571304907,55.69584166846247,19
384.3571428571428,170.24391574918567,24.29089115223275,140.2920009635967,67.48288500071554,19
384.4285714285714,168.42112714236796,25.219198493069122,139.17096231983268,65.00663916802775,19
384.5,165.46184395492287,28.16418293136964,137.84431152725344,63.586294738482735,19
384.57142857142856,164.82481321866788,30.77350743347999,148.65344818404287,69.75559211521917,19
384.6428571428571,163.1578267431468,34.131407281883455,151.9973715624036,78.78964108131107,19
384.71428571428567,173.18806227257576,28.769765794244456,156.84521553242337,75.29377362173469,19
384.7857142857143,171.25504099088576,24.307024048808092,145.96505916041593,63.166068273855345,19
384.8571428571428,168.23440847295075,20.804820681644465,139.19247944564924,58.09358096589582,19
384.9285714285714,167.41523552895708,26.200936967775228,149.50132680139012,71.98445549739671,19
385.0,172.36903205678087,28.781675532119767,161.6260437807877,82.50685918824307,19
385.07142857142856,173.90646976649845,27.58015818156739,161.7044182510258,80.71969476524795,19
385.1428571428571,179.30474457640713,26.527834977656664,158.61577523690227,71.4353236110397,19
385.21428571428567,166.80053154021664,27.535381991635884,156.3305903248664,76.83118426378736,19
385.2857142857143,133.67469676750548,22.096698676303028,71.88803397775561,16.233633581957267,19
385.3571428571428,143.98898139256187,25.568919314283555,137.16380180463892,68.43657364881635,19
385.4285714285714,141.8946473525204,21.48742550187745,124.42943912809775,56.993221350003324,19
385.5,156.46439939728756,20.290406034345807,131.66267132259432,52.42667831227811,19
385.57142857142856,170.144266199991,23.537072659928757,149.34988209361993,64.94940556788592,19
385.6428571428571,167.72319742621778,24.7674542266935,156.82959340858943,75.62084936714704,19
385.71428571428567,165.97963374908718,23.609969141345125,151.52832533934628,71.96703635212738,19
385.7857142857143,153.8328254432394,20.297352491228956,136.1376314064237,64.10639944232322,19
385.8571428571428,156.40341769450515,22.036486403033567,143.24705966948022,69.90272080902484,19
385.9285714285714,157.72289109053852,21.445722873487405,144.17941452877812,70.385448411342,19
386.0,170.4520972879083,23.909353137988205,154.30899723450156,73.35855756500793,19
386.07142857142856,169.81570857700808,22.98039139464699,137.967266027128,55.64129137339733,19
386.1428571428571,183.31795012546223,24.15833282468829,137.79579284424435,50.46685569527373,19
386.21428571428567,182.67117657934648,26.02944113246968,147.4084929678183,63.05928116215922,19
386.2857142857143,171.4958686604453,26.673267295421027,141.27661982526283,64.8229946518514,19
386.3571428571428,158.66693439774272,25.70260838623954,130.95379832566286,61.6521123363976,19
386.4285714285714,158.45764703516866,24.433707449547025,132.44762759763168,64.40802002923581,19
386.5,146.36696452367462,22.63011194609147,127.47054801134112,63.92711198033441,19
386.57142857142856,136.15903436788764,22.667362820258923,121.76481457549067,62.62820004622409,19
386.6428571428571,132.00352310979474,19.2830373468317,114.4395121836606,54.35562179339524,19
386.71428571428567,137.74811661311318,21.51667800971054,109.99878989640376,48.71735198652456,19
386.7857142857143,146.75999984143604,27.473488723725023,130.52275934259868,70.98909329030297,19
386.8571428571428,146.20929781565314,30.888895537949242,141.82340857738362,82.70085565378449,19
386.9285714285714,140.55232865497854,29.978926637320992,134.84116500591614,77.30455942624592,19
387.0,145.11244619742536,28.401519697279216,136.41169124018444,74.40715127569327,19
387.07142857142856,140.6017236693117,26.632456396233724,133.35335783438353,71.39307664634318,19
387.1428571428571,147.77129573675265,25.985197291940004,144.64718920498515,76.06956015355307,19
387.21428571428567,148.75915255844134,27.572445974440107,149.60116928414067,78.53267443556427,19
387.2857142857143,143.423765217428,25.98394905923548,131.95210317561524,66.43566117206319,19
387.3571428571428,151.70097164736433,25.458968295098774,129.4273266156201,61.16796674550726,19
387.4285714285714,144.19071288453907,26.698461698601758,129.47816949627358,64.62469750118977,19
387.5,145.0579671108999,26.467110647527978,130.4334520983716,66.00301802530258,19
387.57142857142856,146.7634795061871,23.74148448515631,129.8125844900702,65.27650751526592,19
387.6428571428571,147.48806899429204,26.618948624256845,144.16382162049294,78.06907929857366,19
387.71428571428567,156.14698264691214,23.827046147536937,136.67151605489852,66.843280780904,19
387.7857142857143,144.58853672194635,23.685186891946287,132.9909774941096,64.22948550687863,19
387.8571428571428,145.34824929784753,20.17987278214169,118.84165397334097,51.24503986608987,19
387.9285714285714,150.91401600616774,20.621070346413493,125.98796792416654,56.562982238566406,19
388.0,153.7349822062424,20.583426665113347,130.75557464708845,59.891571711272164,19
388.07142857142856,158.28563780955014,22.816208531257047,132.51072157172132,58.27583727273782,19
388.1428571428571,184.1465626766773,22.482742957416768,149.95311557918538,66.07996181552782,19
388.21428571428567,172.32712862640972,24.394665639568906,139.61910043056608,62.07623498967902,19
388.2857142857143,172.03996256979167,24.875102600055765,136.46738776217825,58.764830752871696,19
388.3571428571428,155.15089625319897,25.60781689805171,122.9505397221816,55.46350158352716,19
388.4285714285714,147.7869723130172,24.557142458970016,119.1575602300842,54.80436915259622,19
388.5,142.59776451937415,25.746921402551255,128.48296322669862,68.2472904962222,19
388.57142857142856,139.98223837027086,26.294545512832617,132.31355167149695,72.84961164881834,19
388.6428571428571,151.61820292455067,25.737203671741042,124.45901932784318,55.95932821353414,19
388.71428571428567,152.98736557489804,26.16815785454686,123.15888128853199,57.305545005080326,19
388.7857142857143,152.8502081496702,27.697861172219618,120.69124709100424,58.67177735987533,19
388.8571428571428,150.52641678300714,29.83497215646008,121.53686422448976,63.990999365203805,19
388.9285714285714,152.45214468401292,31.720751819016648,120.52520905428462,62.55352997184952,19
389.0,145.63396567707804,30.590201433517386,125.61266398759695,68.55917400286359,19
389.07142857142856,143.4742347683727,28.773296150414502,130.98475280604748,73.02767713153374,19
389.1428571428571,138.05646360123896,28.397435688262878,123.99776497662592,67.61064046957057,19
389.21428571428567,147.84035074777833,30.75716735804616,132.81988976358534,70.42133692044791,19
389.2857142857143,138.5845051634571,27.39691053292154,117.87105289562301,61.07904927840249,19
389.3571428571428,150.53522796612305,29.36122031509083,137.16642346289672,73.26618217853972,19
389.4285714285714,147.5607905838998,29.625589391782814,129.7503021308919,69.35666372651922,19
389.5,156.84440994917276,25.338647442906538,127.16009854460911,61.371935031199236,19
389.57142857142856,147.30826660706606,24.11764387609054,115.42532339101399,51.69026387648798,19
389.6428571428571,151.81678756949356,27.14259032240862,125.39448063929069,62.785481398795454,19
389.71428571428567,157.72456030719357,30.10665023224421,136.2098745978623,70.32799353532587,19
389.7857142857143,170.98484819378868,30.379086543904503,154.7191542692471,77.0561626625129,19
389.8571428571428,160.0022521979879,25.94592737210188,134.5658244516177,64.39828073753971,19
389.9285714285714,155.94592613109103,22.044126502152377,130.79707285137954,59.5161526418263,19
390.0,150.5190998833521,21.960575177038454,123.57492118725641,55.56501339140693,19
390.07142857142856,150.72264900948232,21.42070337266287,118.4890545600449,50.65056138557114,19
390.1428571428571,150.01104828200937,21.847911221026774,121.95253764864229,56.19641990994643,19
390.21428571428567,156.3863928488515,25.445861736705417,131.08384942177966,66.26687932832779,19
390.2857142857143,160.96637356888314,25.13749769734915,135.09399511776076,67.8715144565624,19
390.3571428571428,158.0403783537182,24.26062896798994,137.06921904159168,72.62656508152511,19
390.4285714285714,151.08529368191006,25.703869352473763,141.02503436208914,78.99995096049571,19
390.5,157.17225365619444,24.22675772865585,135.33185719861925,69.66017175099402,19
390.57142857142856,169.042463966138,26.592353441316096,138.04611859942017,66.21587186251413,19
390.6428571428571,164.8005719624224,23.336089372481087,123.88729463325029,53.76391115008373,19
390.71428571428567,165.70935830931975,21.340605830723508,134.38294837014573,63.12426748658934,19
390.7857142857143,177.81695469001724,25.239609815978387,146.94176596144982,69.53281565601486,19
390.8571428571428,183.6039292635902,28.79598299205893,156.70650336902582,77.52162801064598,19
390.9285714285714,178.80532344683675,28.306397623466687,156.41834177404147,81.72059667498301,19
391.0,169.544619362158,29.19340502472105,147.37757066786483,77.63088986898813,19
391.07142857142856,159.02852244222325,28.895381252011912,132.28075596926044,67.60929561539514,19
391.1428571428571,155.35267782707098,26.90706528722173,122.43215101927989,57.72349335444009,19
391.21428571428567,153.44968302157503,29.83896846438062,127.45675279449048,61.665600463061345,19
391.2857142857143,166.18785225222166,29.25935953863439,138.36763713661034,68.9851358921437,19
391.3571428571428,156.94540029013012,29.175255587716677,143.013883994486,75.19326061537843,19
391.4285714285714,150.96163549017487,24.384353523859474,138.38812328973916,72.151542592099,19
391.5,157.9305893507348,29.128071489877406,151.93729265896067,83.64735228295511,19
391.57142857142856,171.49073053997316,30.708068653893932,155.96831453937952,85.76769922211305,19
391.6428571428571,165.56178961486705,31.676618238303288,146.7416614272471,80.37811433752121,19
391.71428571428567,175.4240572994359,27.907042459662488,142.294282682608,69.05154172386145,19
391.7857142857143,167.57881233050114,27.428034068855546,133.14409157968373,60.044992859305644,19
391.8571428571428,161.84208539229328,28.717408952435242,140.42370218063567,70.86778178224426,19
391.9285714285714,171.8112367941182,29.873441741151233,154.29601891291256,75.42137250288134,19
392.0,162.98853538625812,28.219114924393832,152.81786172882883,80.99147309242232,19
392.07142857142856,153.87839976390524,27.18616444387063,146.45379675751172,82.72566596141019,19
392.1428571428571,144.46568274169016,27.533031255396207,139.51178788399932,80.41808088614833,19
392.21428571428567,145.01634043591736,29.169542789855228,137.0419610126748,76.24294589860855,19
392.2857142857143,162.37849457863086,23.708290359867746,126.61051892745664,54.59593043608493,19
392.3571428571428,164.18168820954736,23.665617153251734,118.6743787723975,45.38644541929756,19
392.4285714285714,169.51736938964717,23.461339228711974,132.62742347263494,58.15278696920346,19
392.5,186.2960811909561,27.747614627500095,156.14997463271223,76.46662644602421,19
392.57142857142856,184.7576609350714,26.526631869353135,156.81962383992,73.882281087101,19
392.6428571428571,169.46906194278597,29.664346681193212,158.74512386973578,82.71284648784649,19
392.71428571428567,166.71105463131062,30.21775656360685,155.56431572099706,82.70129569024613,19
392.7857142857143,158.7250642127897,26.182823937564304,142.91438481299312,74.53546964410309,19
392.8571428571428,162.31778034568646,22.991212631629388,123.0168804444031,50.73699648501279,19
392.9285714285714,158.12951836483006,22.033860864761554,118.83170180338611,48.586812731600425,19
393.0,160.00329511956275,23.757641598640312,139.16742438587707,68.4736849831844,19
393.07142857142856,158.6359895499291,28.595672724477165,150.15866718402216,81.47497564202317,19
393.1428571428571,163.74269901285388,28.329436394634993,155.36057241681414,84.6985270635478,19
393.21428571428567,146.31536546714014,31.80142496326089,162.30097375340313,101.56643406410691,19
393.2857142857143,151.85488108263345,28.687865085070328,148.16299964154916,84.15889941976049,19
393.3571428571428,134.77538310541638,28.122475444855883,143.9040629530212,87.84474588635625,19
393.4285714285714,134.43182661672898,23.8560465486746,125.90077330151667,66.21789995784593,19
393.5,144.08400033657563,25.52906582745066,119.3533197451796,54.191086020796824,19
393.57142857142856,157.56908658629462,30.067881738294016,146.35966421444556,74.32793046592245,19
393.6428571428571,152.8004907716987,26.122955566048486,132.04933576319127,65.0154813603768,19
393.71428571428567,139.25997657045605,26.92342128127724,135.77219742474375,74.02464311920502,19
393.7857142857143,146.74694781919297,26.292600476930634,141.13745262142336,74.02798531577157,19
393.8571428571428,157.18023935004197,26.017982353495512,149.7473017697776,75.50179404934227,19
393.9285714285714,158.41504687390562,24.59485712290579,142.30163785643288,66.35839383337103,19
394.0,149.21866259942024,23.715619643970584,130.9982941184001,56.03414731019953,19
394.07142857142856,153.2274566335531,23.497813703446955,120.48826388129214,45.277667600438086,19
394.1428571428571,155.21610830478352,23.99210932666952,133.55119367074462,60.65842217666712,19
394.21428571428567,159.7469926026818,24.981643340888713,147.74625977948318,74.2116525437918,19
394.2857142857143,171.73330184277808,25.588972497873744,153.14772795175458,71.79881492489095,19
394.3571428571428,161.48011971973602,23.959280515128693,143.3577181062714,64.94806685059737,19
394.4285714285714,173.33636795682017,28.647952350825815,147.13022648538237,73.59336547824576,19
394.5,175.99022670345454,26.907036932581036,154.17565049046877,69.38795424599944,19
394.57142857142856,168.8915591555931,27.309492132474627,151.44985570009237,66.44713882240572,19
394.6428571428571,149.91349979516642,27.12694904707882,145.11868640751007,64.80078943098422,19
394.71428571428567,136.21268514672124,27.133922606273543,138.08995368001052,66.82554228578815,19
394.7857142857143,149.61856192115428,30.55001151331698,163.27943163756444,87.4683467979471,19
394.8571428571428,186.61564579692373,29.913403516994574,170.8056018106594,81.5314101440055,19
394.9285714285714,180.92014590340037,25.522905786435654,154.02418447964342,65.1345301930113,19
395.0,178.23648698352943,25.895786918921917,131.0020681161034,45.22854749163512,19
395.07142857142856,180.98595278408447,26.561346236538842,139.24907520690863,51.41993829609345,19
395.1428571428571,182.67504641844002,28.660416355398013,155.97808966615966,70.0509179515533,19
395.21428571428567,177.99753606728214,32.45488100552165,163.48239129363674,81.63861974488107,19
395.2857142857143,163.39908375597457,29.10899035493979,138.67764771101636,67.95639242603474,19
395.3571428571428,169.31012784390947,27.26133875147472,127.80494709818466,48.13199114741889,19
395.4285714285714,160.74671132391975,26.776621742714063,144.54196881477966,71.44082718531635,19
395.5,179.65680608333042,26.923742989700138,160.77334501836887,78.77389040915098,19
395.57142857142856,179.6531864550286,25.40457800964153,150.55277196197468,64.79170867231988,19
395.6428571428571,162.91641888088395,25.960022738239378,133.07887988616372,54.629829840739845,19
395.71428571428567,180.03837436300626,34.28516860061195,168.8901487759817,82.18535626915943,19
395.7857142857143,177.56450546353565,35.98901218016297,171.0117492330009,85.37075387736192,19
395.8571428571428,182.09161089415412,37.98313802913278,181.60658215353752,91.45789640489538,19
395.9285714285714,182.9773508423751,34.22295804876198,161.96848827131404,68.08213895628533,19
396.0,146.9852378454585,25.406012237056323,125.25801712871964,51.913562665687316,19
396.07142857142856,156.01564731833005,26.254934193963212,144.59615799415883,66.77862999829293,19
396.1428571428571,176.84305498795828,30.861695521795397,163.39429352699315,78.98897592991199,19
396.21428571428567,186.66317699084348,31.446157294150286,166.68714591247925,76.02524813311321,19
396.2857142857143,185.83697254611616,27.6270743784978,154.17341059516897,59.98061699008729,19
396.3571428571428,175.9965106865509,26.126933175186174,154.7374864550576,63.07184408345057,19
396.4285714285714,172.40357203715806,26.07131148413491,151.92540816412065,64.26963109081319,19
396.5,169.37194388348797,27.91157654350951,146.94870277270297,64.98392055581789,19
396.57142857142856,175.04326172227005,31.391296557914597,146.37584912038363,69.86849004377265,19
396.6428571428571,180.9614411276967,28.912396836863316,97.36095522644692,19.925821030859115,19
396.71428571428567,192.01070687142737,29.415714134917014,152.06805819619387,67.05963209772808,19
396.7857142857143,193.00157616699914,30.455779582458547,161.0934782925958,65.8919225722498,19
396.8571428571428,195.59815238946987,35.05248252034043,168.0659916417161,70.01685322006016,19
396.9285714285714,196.7315109557634,30.359786796703215,140.71787184797628,43.68922081718074,19
397.0,175.82293746179607,24.45880011017268,124.45861069684246,33.571613119356996,19
397.07142857142856,163.6326859471221,24.686190823802413,99.49272380604799,18.95316221155996,19
397.1428571428571,164.2473638687415,27.641470442057134,104.55074119629197,22.777026337315476,19
397.21428571428567,176.66780573948242,28.05575979492031,128.56971813893745,37.665517743251854,19
397.2857142857143,182.080895353737,30.589245808004385,138.06577774171743,48.6488623365669,19
397.3571428571428,181.1172255813847,29.590917699608404,143.26413849293266,54.28192301708767,19
397.4285714285714,176.58270395426612,31.434634471930583,149.95098393641447,64.2459160547344,19
397.5,188.6911604026418,31.72965630148867,160.68976896548713,70.68621059311421,19
397.57142857142856,205.72307077464583,33.95126720942948,182.68120100123156,89.5517508636976,19
397.6428571428571,209.86599576738942,36.92193878709495,200.4545181678862,110.48207562625036,19
397.71428571428567,174.5825043995283,34.478923323822194,172.92366513386563,100.3894460326761,19
397.7857142857143,173.70275933150737,30.91844864401019,147.25403313001382,71.0860154930015,19
397.8571428571428,180.76787977846348,33.06792695360439,137.44908600908758,54.829613027853775,19
397.9285714285714,181.68278197442456,34.72906552012364,147.28761598114878,63.73410258946268,19
398.0,186.69149578078768,32.13452798600365,159.3947262681576,74.78540325163046,19
398.07142857142856,185.1531027964771,31.669138210433637,160.38774205395808,77.64634590809644,19
398.1428571428571,182.67495986677318,29.60551353454032,137.08478839029516,54.030295537400036,19
398.21428571428567,167.89646489562026,29.38938685076025,129.11615602668738,51.031875578983524,19
398.2857142857143,180.07702875266548,29.9253837540409,140.66346471909202,61.11098609971469,19
398.3571428571428,173.72791380989506,31.865048043438176,156.25179159927376,83.64592370720148,19
398.4285714285714,168.86446150492128,31.48682358691934,146.58503224029934,78.27132070366588,19
398.5,156.29449005761344,32.297342866332585,126.83578510589648,63.350140791029666,19
398.57142857142856,154.86849389796558,33.09595854548155,123.057309919628,54.58514181336515,19
398.6428571428571,160.03664601990067,31.554462902847522,132.89472245528773,63.90218104528856,19
398.71428571428567,170.2470751328107,26.049778028275906,149.55689538749044,62.19747657839061,19
398.7857142857143,152.1782444234536,25.732676438439395,137.39821909870992,56.35451197020172,19
398.8571428571428,156.76559398074238,25.646624401895437,134.88002748318502,55.03266403274876,19
398.9285714285714,155.52035644282768,24.10895423221519,140.2318236103717,57.57872128506051,19
399.0,184.80217186642807,29.351818758303892,167.57010694943034,75.91538458530962,19
399.07142857142856,192.6091368812799,31.612849565748288,179.84242721458293,85.9231580732933,19
399.1428571428571,189.34377880320352,29.79462969140279,178.61452004282182,82.95252908079733,19
399.21428571428567,169.4357000787366,25.842468702270935,143.85453896053562,54.29093798566043,19
399.2857142857143,176.9408184712131,29.690126050657366,144.27287752052206,59.65360554398005,19
399.3571428571428,188.7014501911682,30.1684760371337,162.2236763177416,66.66764259042307,19
399.4285714285714,186.79622779408072,33.074592887307894,169.15540572758394,82.81407274439833,19
399.5,184.257373373909,29.78118070324399,165.0051378532413,73.4431787464849,19
399.57142857142856,176.67251282658208,28.068838513379845,141.8951450536431,54.24345940768338,19
399.6428571428571,173.48365766890726,28.65643931185245,118.3459970408885,33.15893817276508,19
399.71428571428567,168.27022399464474,27.70733909540048,113.91567648634037,38.252400547325585,19
399.7857142857143,155.09404696103297,25.73805110345941,124.37783591987963,52.78584952853029,19
399.8571428571428,163.21047053866658,27.480881437305758,110.03739930400367,42.770197937609574,19
399.9285714285714,162.36216096501693,27.024641863727144,108.16747834539751,35.62388356904511,19
400.0,155.71390826597573,28.890670576847373,95.65739543354144,27.20620984312608,19
400.07142857142856,158.9962282406451,28.254265739153254,106.59268776482408,32.6325128793342,19
400.1428571428571,169.6567384446185,29.949408618686345,125.57383022648528,46.53064625671415,19
400.21428571428567,162.4862429838954,29.858410081876894,126.5127047605373,53.25079361099791,19
400.2857142857143,160.45679600349516,28.885449187056956,133.45482354130647,53.38843500584606,19
400.3571428571428,168.7131055861264,28.271296078618505,134.19698514137878,50.86211413301325,19
400.4285714285714,183.06834543730784,33.960964383058865,139.90170851785132,56.13101816245504,19
400.5,200.81745453517962,32.77060638741743,153.03354119360412,60.22124669138296,19
400.57142857142856,190.41838275287225,32.0709530582122,150.70567375593848,72.30647924502355,19
400.6428571428571,205.50005073326057,31.05246529880797,161.89670670027667,64.89105753117536,19
400.71428571428567,183.68154398626794,32.65565025792575,129.66326574950656,49.90199291077532,19
400.7857142857143,171.20449668732823,29.138208330387183,113.86261934658114,29.951066734342213,19
400.8571428571428,165.56247528890034,28.145921705598106,97.43008660669419,21.503442040434738,19
400.9285714285714,164.26082728987907,25.542399240740046,101.87010951029768,23.614960109836147,19
401.0,142.2091172441146,23.79913879632063,91.07530414657478,23.453543283127395,19
401.07142857142856,156.30797338595906,28.57235488374151,94.43466564101581,25.882130987002128,19
401.1428571428571,144.33345017576733,25.816022569934997,102.47632949790757,36.81005894388798,19
401.21428571428567,166.14773660390816,29.453582142564894,126.74044683025741,54.861008799680654,19
401.2857142857143,170.23002918131778,30.22706551102271,135.4250513819436,66.9663862388551,19
401.3571428571428,184.94558526234604,31.82367234671079,147.08857774694434,71.27389224314359,19
401.4285714285714,184.3074647143277,35.884376496160655,161.3325334217063,81.97980956276582,19
401.5,183.67255238423843,28.871865230704355,140.84997806396512,62.97860127979322,19
401.57142857142856,161.54894039742885,26.60524375215856,124.6865982638449,54.75297210965695,19
401.6428571428571,154.29009101907374,26.790899026099176,115.75756099881322,45.2729277367815,19
401.71428571428567,159.73792930366668,29.0731013731182,116.93567431794759,41.42775096267967,19
401.7857142857143,162.35258813863618,28.14840176465738,118.82302530403953,37.341974850047094,19
401.8571428571428,146.5132869555545,24.609454100850957,114.65122377060443,39.68438969974359,19
401.9285714285714,151.48939764502697,28.821048255138756,126.03001664234543,53.26902872470917,19
402.0,156.18843980729375,26.820802531425915,132.99775542385078,58.24706722415497,19
402.07142857142856,163.51817741036237,25.460014730234587,140.44996174125254,63.623982191042266,19
402.1428571428571,171.43616402981553,26.8328430815084,145.98000602736332,64.50171072489375,19
402.21428571428567,183.38438899531909,26.47125212974742,142.82820297383302,53.229006411982425,19
402.2857142857143,180.55037733058282,24.424888977167452,130.12815068675107,42.767532391136754,19
402.3571428571428,177.02191003373377,24.05781885147487,132.01307989150268,46.96628068828602,19
402.4285714285714,181.0993253628367,27.111493181938965,143.45276291981742,55.30823791532152,19
402.5,185.49015070392548,24.056507072678475,138.6751961599129,48.306345881796815,19
402.57142857142856,182.9915016007141,29.81597213452514,117.3792696229738,34.68854386577181,19
402.6428571428571,178.28981903904742,26.983955663766768,124.78437964123552,48.113811593546686,19
402.71428571428567,163.25786186429656,25.830210761439638,135.78069526054247,65.59838829941538,19
402.7857142857143,156.98285066969203,27.524181194684846,141.84905188310324,72.67436431557233,19
402.8571428571428,154.11407265132235,21.924716672259805,133.47609953915057,66.3246597541913,19
402.9285714285714,150.73315443991072,24.051340714856398,124.89509374785301,57.91040850109408,19
403.0,173.4452876248765,23.85548739428581,129.94090506520578,45.23094157183587,19
403.07142857142856,170.83177390553465,24.551635993009057,120.35411970533106,42.76670669928085,19
403.1428571428571,171.50080539443707,25.667989301888856,128.3775657310885,53.1071224910367,19
403.21428571428567,170.66578446953793,23.246306824547748,127.88564580388025,52.567205587501725,19
403.2857142857143,166.9593829252335,22.427496952353305,119.01930801487397,44.64605875781187,19
403.3571428571428,170.89375086371672,22.794813865670267,131.30420535266603,52.25990644605351,19
403.4285714285714,174.04364077835805,24.24448255336858,139.2091407555863,60.090702344702194,19
403.5,172.16325357554996,25.333163579223577,134.46218926905107,58.54347958115795,19
403.57142857142856,175.46395044422883,26.214158446721232,127.93382639087555,53.50077863299931,19
403.6428571428571,184.07797763307124,27.2424404960608,142.85547063958637,63.702348766803105,19
403.71428571428567,175.7081654192265,27.425753462017365,144.4605853997454,63.59080978122712,19
403.7857142857143,184.87230092751335,27.855668558437976,144.36934861228679,60.02808386056813,19
403.8571428571428,179.7568071226824,27.95628189510392,146.10271005557536,63.964587207889316,19
403.9285714285714,177.01124208178354,29.03503007346044,151.30418885187106,70.0850970165201,19
404.0,167.18816916375943,27.537011637683857,133.95324833693894,56.082262981720135,19
404.07142857142856,159.81299408962488,28.30181550344085,133.65277933473646,67.23280959284087,19
404.1428571428571,166.1888954186529,30.94346690178556,148.78032159195135,80.28424782395554,19
404.21428571428567,173.27675814776973,29.785089697530438,148.86109737229913,74.16299658037684,19
404.2857142857143,165.06429752151507,29.554059498824138,144.68160103716932,73.79383668082205,19
404.3571428571428,164.1143591679252,26.482813224397116,130.44058813412224,57.76049839557196,19
404.4285714285714,154.9749140904724,25.92958911993993,120.5442250253463,49.81057054129897,19
404.5,154.4959996939532,23.76342390480512,125.68182770609393,54.40679601678939,19
404.57142857142856,161.98453604721666,27.629329878656986,136.48843141527624,71.1395837771096,19
404.6428571428571,162.01505389524576,25.4467415985574,135.74492472935646,70.3252991870116,19
404.71428571428567,168.2718595959304,24.62383608606176,121.07866099969127,52.78384005088965,19
404.7857142857143,164.87910919788726,21.04128863473684,116.05400314657317,43.47347683812016,19
404.8571428571428,175.57629897831643,23.206703288227292,133.9718319388497,59.703229199908,19
404.9285714285714,177.99134377253102,22.435120393385606,134.1980451915106,58.26073800989599,19
405.0,155.64782071929258,23.110187384756966,128.26824077289535,62.29686289549247,19
405.07142857142856,162.66662312226381,22.817133583658347,74.63945919315185,13.064098106134324,19
405.1428571428571,155.2674867804302,21.610867748761574,73.6403392745364,11.8896808435238,19
405.21428571428567,148.97538813611564,23.326163305795536,69.74196418438343,11.681631315046657,19
405.2857142857143,160.19184375615836,31.441860984417943,71.1765494113301,14.184306936808154,19
405.3571428571428,129.37205671261316,15.962464300652192,55.86089418624184,7.173486074658784,19
405.4285714285714,150.94168851707917,21.10203420096022,115.76571939666803,51.918427867952865,19
405.5,158.14867207869736,23.974929253141724,115.22655691019261,45.188625177979844,19
405.57142857142856,163.6174049900183,26.611489728698032,114.86922649079477,44.39478020117927,19
405.6428571428571,151.34440848518392,29.139526238246102,119.39505638414914,50.96774339650799,19
405.71428571428567,124.92285466308863,26.746935410971684,104.53658516270583,44.319686081893025,19
405.7857142857143,143.00379248509742,26.610047715463505,106.96641441101829,34.074566476172535,19
405.8571428571428,173.50765494794456,29.51336699837666,122.30348950370826,37.79938242336428,19
405.9285714285714,177.03948406838077,28.235099555783005,119.13015174757041,35.710405229822804,19
406.0,162.92869054108112,23.53126632525233,107.58494938595975,35.545240047143736,19
406.07142857142856,154.286319443314,23.656487886793737,115.94109318364221,49.983273123679986,19
406.1428571428571,144.699732289033,24.290983172177842,113.15149545111473,49.651965094847455,19
406.21428571428567,126.05746387975648,23.723514077110785,101.18486516659237,41.25667394846197,19
406.2857142857143,157.39922696980096,27.35401025516107,117.41946478180844,43.040266725448134,19
406.3571428571428,162.5027361620414,25.07561225840193,126.22072685643886,52.40997673320518,19
406.4285714285714,152.74969557110617,24.97639659118139,140.45930612514795,74.59838968424964,19
406.5,167.47632670437807,25.050068939402735,142.18934603333497,66.71806454015491,19
406.57142857142856,184.9563182461427,22.997847872327466,145.56463554579125,54.608873991874454,19
406.6428571428571,182.6819774391108,26.517088167179207,148.58218279010256,65.40522019942556,19
406.71428571428567,172.23939994887252,25.32004686016019,148.9029136419016,71.29615251329191,19
406.7857142857143,176.21624667357693,32.69728644911347,154.2285683517216,84.94491049737188,19
406.8571428571428,168.81374657333157,36.28292876583237,156.6708384777436,90.12608701922592,19
406.9285714285714,162.07893134587098,25.322307727046933,135.77342171899912,61.299491207384,19
407.0,175.4546685941583,25.631255549370287,153.00390626393246,63.19148159901082,19
407.07142857142856,168.3069544199644,31.32824162323042,163.94033076242346,79.76358528228255,19
407.1428571428571,152.20019183652866,30.676733601770724,152.91104537221764,84.09443561090994,19
407.21428571428567,157.2956161436411,27.910132200027814,154.17115896235146,81.6275516310669,19
407.2857142857143,176.38386674906295,29.038380869858702,144.94211123651704,62.133572433550526,19
407.3571428571428,176.1695978457803,29.276476332402993,146.8505930238838,64.11897828499026,19
407.4285714285714,169.1004681415074,27.261181417150087,143.9232009246722,68.99660155380242,19
407.5,169.16683826175932,28.70520417319273,144.93877913395866,72.87503816500872,19
407.57142857142856,149.4896715227528,20.82903727585081,117.2708496497933,52.61162197388739,19
407.6428571428571,162.24787039667302,21.90304484712786,128.29211489931706,54.92574359901553,19
407.71428571428567,171.68616372751575,26.960692135868474,142.59406702653453,65.52112253953136,19
407.7857142857143,167.25024925673685,29.07589893470951,152.9889812998982,79.1514715979488,19
407.8571428571428,163.27639350480362,25.958552974848267,133.45162677836407,62.76605037423905,19
407.9285714285714,140.95362556265135,28.19909926505249,109.77214661298044,55.53855436699127,19
408.0,165.65443911453838,27.19847719019595,133.36773663630018,62.76758537806457,19
408.07142857142856,167.57129494977934,26.53660638623695,145.03452939621747,71.88878819456303,19
408.1428571428571,166.19229916992754,25.76100590037572,146.79834998810756,75.27381349004727,19
408.21428571428567,159.5245711317682,23.571551995033293,128.64871726949468,59.92681691997969,19
408.2857142857143,153.5715893547787,23.97216084887134,116.35441150246461,52.439537764071275,19
408.3571428571428,165.82343494100036,31.083197713451884,135.12694713591253,66.79792760760799,19
408.4285714285714,171.45578993521255,31.221962042225563,146.31300546976775,78.82026454254431,19
408.5,179.58692571923837,27.42837232669538,149.77182970433398,73.80165473816437,19
408.57142857142856,154.2741157043217,21.638545611490496,126.19694428346189,59.05171420085462,19
408.6428571428571,148.46103736163727,25.484418883454087,130.56663229310465,70.15220746606673,19
408.71428571428567,152.55885999520697,30.114226373144398,144.33802717488948,81.39302973579863,19
408.7857142857143,154.78154082999265,35.992295317303906,154.323885801934,92.64599219938971,19
408.8571428571428,146.22346163616436,29.678349967354276,139.30440386020103,77.98822320174409,19
408.9285714285714,136.27182357607188,26.925272895865128,126.57840017817725,70.83376580080993,19
409.0,155.791037264024,29.815031118676234,141.03950753580048,74.35487248277934,19
409.07142857142856,169.88516840270648,34.50087471671976,157.88751398614272,88.6476637971591,19
409.1428571428571,171.4063695044511,28.57330548577229,157.6928496855369,86.95146643096201,19
409.21428571428567,163.94386067500028,22.953683390877583,139.40419382612868,70.54516456894143,19
409.2857142857143,172.9803580377434,23.044434842962975,137.11420292582912,63.47799836974186,19
409.3571428571428,175.6489868109243,25.26844023939161,148.21959076833704,74.30035196888352,19
409.4285714285714,162.41016552085682,27.090560968952172,152.2677160488537,84.59049383279591,19
409.5,149.2856553898671,23.660377523564577,139.87446325649137,77.67726230176373,19
409.57142857142856,153.9677002011751,22.401308318357323,128.9436168624365,61.569492252737454,19
409.6428571428571,169.1608333653047,27.353546723550977,141.8265062835257,67.64293099825184,19
409.71428571428567,174.01216102696475,28.306722715301607,152.8364394607519,77.276705133254,19
409.7857142857143,176.79816449622228,27.58995216832317,155.40392111528286,76.87005515938634,19
409.8571428571428,162.5968973268294,22.73503772782071,142.0105805389117,67.17832269569465,19
409.9285714285714,153.26553689239626,22.838250162468647,135.47396840288724,68.7558050092149,19
410.0,148.81075676506137,27.25007054563261,139.88660573967698,77.37601363433996,19
410.07142857142856,146.46131547356194,28.94218507503045,142.67576006793584,82.23032745692456,19
410.1428571428571,148.69433900760828,26.905405923877375,141.75676286133736,80.15702273637328,19
410.21428571428567,149.50047866878134,25.485514057569613,125.91338623193771,61.451983216418256,19
410.2857142857143,154.6986362261176,24.56317957276269,121.43278607036952,49.674696335374165,19
410.3571428571428,150.44952090214983,23.900831625253037,118.89538844754365,53.25225746030979,19
410.4285714285714,144.15018452983304,22.53751861719854,119.32408664685937,55.51607421433116,19
410.5,138.53871136726227,21.62590734608721,124.4475210461689,64.35727145322474,19
410.57142857142856,148.03144756152705,22.679403847157435,135.60700234030637,67.24820424480635,19
410.6428571428571,153.87616068450373,24.85388527675937,143.8017060091194,70.56283955392126,19
410.71428571428567,150.59016960973187,25.152336262676315,137.49861661986066,63.66205882064983,19
410.7857142857143,141.20915192169616,23.362402559934818,119.22792464313144,51.88758791138411,19
410.8571428571428,131.80782693943675,19.110006307197995,107.48172389008137,46.843120015334414,19
410.9285714285714,142.55114249102883,24.19467221160375,120.29712314517572,62.9477583008175,19
411.0,152.63721853420483,27.506034126531773,128.99696243133704,69.19205020717156,19
411.07142857142856,171.3209584290337,27.754759732524846,139.00034984235108,69.47916184477597,19
411.1428571428571,176.03960526226797,25.574920139311146,148.00134282230866,68.76804333590033,19
411.21428571428567,169.75589681320574,25.51543848890017,159.9705004299316,81.34169943839326,19
411.2857142857143,172.68694233363266,27.07813958384622,167.34963634801528,87.52583879956859,19
411.3571428571428,169.13566329765533,26.99760020818806,155.28041602345377,73.72829553057201,19
411.4285714285714,158.40742847865477,25.402285724989802,140.94051221853258,61.44977083773233,19
411.5,135.4170870114854,20.238628162705957,122.47342855330237,54.357891577663565,19
411.57142857142856,118.64269541991264,25.661321339145076,124.90823993622578,73.76655925058037,19
411.6428571428571,126.6183589268108,26.618443527411735,127.40975058711443,75.0447576505404,19
411.71428571428567,145.49761801679716,27.259125153478784,146.70338397971847,77.20428491066492,19
411.7857142857143,150.1584255276175,27.291290699355756,144.64088045623157,72.75883626060799,19
411.8571428571428,159.4029206909304,30.344757839161353,157.359394364098,82.32233619748918,19
411.9285714285714,167.6047371154933,29.098154951262035,156.09291351983072,81.3547970244325,19
412.0,162.27636218487294,27.799798210824402,144.64638353113133,73.46341638721245,19
412.07142857142856,157.15653204779022,26.92444107850972,128.95291281133282,57.14822047450459,19
412.1428571428571,160.19100609066516,29.4172282212215,132.55207474775747,58.18719814028561,19
412.21428571428567,170.08771592038028,29.68639016447526,151.47744626714214,70.66865730743858,19
412.2857142857143,167.91705988558218,28.440678740185607,154.60844281616383,74.37570283838993,19
412.3571428571428,157.366745335499,26.783327284286823,145.95025458121182,68.96414046743982,19
412.4285714285714,144.55232927868633,25.681626928518334,129.82530218803234,62.86367874396299,19
412.5,159.70041808243423,29.15981356052244,143.92650571363052,70.61641462837949,19
412.57142857142856,160.2997693513156,30.99893382183593,142.54144933988516,73.5428522771683,19
412.6428571428571,161.1053115723318,26.040242836660678,137.910607187462,63.423959576454884,19
412.71428571428567,147.26958485357844,21.86269019595284,122.81938524058005,62.266984714528355,19
412.7857142857143,142.90674446036053,26.4307576953156,129.45626340245494,69.8360377257853,19
412.8571428571428,160.93697844793806,35.68498630044127,149.99828094838404,89.63558120063712,19
412.9285714285714,158.66844886662383,35.6761659060052,148.44889963046728,85.9918958095792,19
413.0,151.6782851828417,27.3638118199178,137.16508874402217,74.83875315874137,19
413.07142857142856,142.25353242919607,23.46811143613795,129.5806098417406,68.89634982983246,19
413.1428571428571,148.35724383704417,25.53731327759616,139.34863885693065,76.3838190989999,19
413.21428571428567,153.7297740523847,27.216086081412147,143.082204185886,77.95316851797563,19
413.2857142857143,160.91662019432238,27.099398416569358,144.06345310754878,71.35651389778572,19
413.3571428571428,163.98159758881198,26.68430129843854,130.15188234363484,50.54092988928683,19
413.4285714285714,175.0119669057846,27.547868245989175,131.17045301195208,51.21160592838016,19
413.5,180.5317795146086,27.706667885981066,134.83895478622023,55.131926484545005,19
413.57142857142856,175.54057861345078,32.52729522506984,149.67006668093305,72.83754995315165,19
413.6428571428571,160.28177695176421,26.282954814617124,130.0555128341336,60.9548466040506,19
413.71428571428567,143.99351812476453,26.155642555453632,131.62970486663272,63.17708402077609,19
413.7857142857143,134.2793088010368,30.937229800789794,134.22371037439297,77.11911467109354,19
413.8571428571428,143.77145908648345,30.850854043228864,140.7135457668775,78.44458984428913,19
413.9285714285714,156.82310550851912,26.126206659695796,145.1571524644828,72.93589128118786,19
414.0,149.94211047312717,21.483183697105336,129.2155690011153,56.992985038880924,19
414.07142857142856,154.8113495232717,22.409628192182705,125.41007037620814,52.5236363546579,19
414.1428571428571,164.02046212080057,26.12725031400296,136.11228102843947,62.77549830087452,19
414.21428571428567,158.07166946509926,27.456546605927517,139.68562993548912,71.92955208862527,19
414.2857142857143,161.04301650340972,24.251328228948168,141.5221750307206,71.21677156376632,19
414.3571428571428,156.3440866783452,20.981595974334734,132.54614799785372,55.335426820235476,19
414.4285714285714,163.34233447204943,23.770165468869276,138.5403289408565,56.743824933095546,19
414.5,172.23550774244575,24.385807551870545,147.0202583270884,63.7483445816584,19
414.57142857142856,173.546574267917,25.68609175908216,155.30180022965232,74.85340726341903,19
414.6428571428571,155.43876342960527,22.430501314344326,141.56863565912448,68.17413015573683,19
414.71428571428567,135.07215031223788,21.788122829111433,126.97253472092255,62.211342523622655,19
414.7857142857143,145.98187276777284,22.735954891128927,138.89554316253916,69.99642640779645,19
414.8571428571428,153.41564181748763,25.396756335178893,150.01123353844415,79.57201019752146,19
414.9285714285714,148.38803174440253,29.339930623542465,162.73287559369925,99.06310813213287,19
415.0,136.133092838128,28.21156888047947,145.76035724775218,96.43633656998348,19
415.07142857142856,128.53534088636152,22.241522728281236,127.21294510219369,68.46654117710015,19
415.1428571428571,138.12595119293078,25.20439643330725,130.83399636322847,64.359942859158,19
415.21428571428567,150.22949594980167,31.351024544794207,154.1728653000764,91.3547650534263,19
415.2857142857143,153.38320350722793,33.694788932390765,166.46019170704793,105.8953483508627,19
415.3571428571428,152.4354152182161,30.608060264648987,162.2572376499607,92.5495523112188,19
415.4285714285714,130.6103420666853,25.92053248585231,124.0973021707824,60.87179690464885,19
415.5,138.85167068211896,25.636376662949967,121.13146495080211,52.882787901478196,19
415.57142857142856,154.0935528876722,26.105271358108315,135.0282724871649,61.87728204138319,19
415.6428571428571,148.7656729801396,27.049029534179066,140.34510320140626,71.10095255435645,19
415.71428571428567,137.60385474340848,26.22147592083378,121.3227668089352,67.3657097065068,19
415.7857142857143,122.39815046919776,17.809823244402047,124.41513861549129,62.9049427468084,19
415.8571428571428,129.3247409878087,20.813727363644773,134.28082714114805,70.82881811682614,19
415.9285714285714,158.17787721967744,28.055174026266336,150.28290644761333,85.14197345779885,19
416.0,139.72354169044863,32.56122526900541,172.42017600198218,115.09880892697268,19
416.07142857142856,145.87413041478084,30.35534488864468,150.82342332546315,91.6892698834012,19
416.1428571428571,126.79056635996092,25.783625311145155,118.20481347181192,62.50344259204667,19
416.21428571428567,117.68428973719439,26.14409959127506,113.06979431052913,57.72698718802404,19
416.2857142857143,125.71007953371407,29.788243823420043,129.33069558158928,72.08813211515367,19
416.3571428571428,145.74867144242774,34.83750746344867,157.60867477305197,94.46748992287098,19
416.4285714285714,149.80788830196477,33.69294374933085,156.07034177839685,90.72168059894197,19
416.5,148.23557150184462,30.450259586976756,139.1087896379737,73.8887010720987,19
416.57142857142856,141.7249676086615,26.424465860386846,118.95285020256823,56.96730711190523,19
416.6428571428571,154.5239124646945,33.11668845981146,142.12776385581623,86.894394559834,19
416.71428571428567,139.1560679975727,37.64788739907417,157.31251903871464,110.56109460143747,19
416.7857142857143,147.82783233749902,33.54781358508351,151.75312322081152,100.21690434903245,19
416.8571428571428,129.02738511762712,27.6208955297425,116.40873987958308,69.46203682910792,19
416.9285714285714,114.9216264119216,31.416731897939037,98.66123024653594,62.695399657228535,19
417.0,110.18654459591824,25.62661476762052,107.70978549787519,67.12839656146367,19
417.07142857142856,115.46406879504211,28.121535069475907,126.83803162587475,86.75729032300418,19
417.1428571428571,124.73984871670301,30.892292750547018,142.136477570077,98.9779726429022,19
417.21428571428567,129.57980618392688,27.62617086795064,133.55472546339357,87.08518695286725,19
417.2857142857143,114.34694330422657,23.2574136678328,107.15580864508944,63.93940015944688,19
417.3571428571428,109.27556780757037,24.352813727871805,115.01665135798436,76.63871712846046,19
417.4285714285714,115.05530359329032,27.526008939221818,130.80831002120064,93.32694258766048,19
417.5,134.6643335525878,29.43185568695821,146.22663639500618,100.20373012228227,19
417.57142857142856,149.42313971556828,27.420467128156304,141.84996062567112,87.07909677957365,19
417.6428571428571,148.54821655738635,26.15205320273116,128.3270920588362,72.76684929848362,19
417.71428571428567,158.42824456488276,23.281985035211786,133.8351778154141,73.14454102599244,19
417.7857142857143,167.26030510415737,23.862614030509302,136.55666338457414,77.63860742800303,19
417.8571428571428,159.80838095457543,23.420066599605406,137.20020845385903,74.89389611822972,19
417.9285714285714,147.1701053647351,19.690045156836412,116.14766515658631,57.96472360838642,19
418.0,137.79802498086255,17.67787533639841,97.34398350644496,42.79192918892157,19
418.07142857142856,143.7238759171325,21.09188539586283,86.48357427319601,28.722863062540807,19
418.1428571428571,134.3235862236336,24.61323950656412,79.90643779254881,20.759459496292205,19
418.21428571428567,141.73499567245307,25.697498088188127,101.2970117684399,39.66071393376907,19
418.2857142857143,138.1672759209436,21.330331278051407,116.08431854067226,49.36256364667827,19
418.3571428571428,145.61239164363198,24.352248844031944,129.482123245564,65.73720929858924,19
418.4285714285714,158.97708627312872,31.199652746816938,149.58174795332042,80.64354944910882,19
418.5,164.84816452207423,33.372849544182415,152.70077350095494,84.19760457851777,19
418.57142857142856,149.79112005185337,31.729845943358587,128.29336398352984,64.58695711514986,19
418.6428571428571,136.92250886637495,28.329556358716964,111.88181568737362,59.050649122179685,19
418.71428571428567,131.2294817230976,27.046954549344377,110.33576757865913,54.93315351752893,19
418.7857142857143,118.27341311657727,23.881944087537633,91.24671077314397,38.73741417228887,19
418.8571428571428,111.62204424096039,19.689831180281413,72.23648335757811,21.76673830204449,19
418.9285714285714,107.91877446909984,18.433529714354414,65.4790076208774,16.12565145231108,19
419.0,124.80301087427189,21.77832834328753,96.91833788888826,39.762416212373004,19
419.07142857142856,113.4403459178786,20.056033702601102,101.19582653419609,58.28106075551294,19
419.1428571428571,107.47891691566191,20.88243323144261,102.14856651710768,60.09148320733955,19
419.21428571428567,132.40236052231205,29.53050141285055,124.07344918393038,67.7576821206138,19
419.2857142857143,143.20582401383857,28.57664320993389,120.48560706451894,58.25826256152818,19
419.3571428571428,119.1971871680605,25.037012871203668,110.53151468298299,55.25994065831881,19
419.4285714285714,141.53486184572384,30.965980893006737,143.14551696488923,85.53219450709715,19
419.5,134.80776246787312,29.148760586816575,153.90583156615148,102.54966677257812,19
419.57142857142856,154.33158325033756,30.337359470624673,146.06057638438526,87.09795936415317,19
419.6428571428571,144.0050226292026,29.637198168797205,127.40434725556958,79.03959524243464,19
419.71428571428567,125.28373657015347,25.605909691869225,105.71410056781544,51.0116588819894,19
419.7857142857143,118.08076759225425,23.183164296362897,100.26408412039187,52.85531993756503,19
419.8571428571428,123.52624923036176,24.758479983095008,121.12255598896505,71.72598294244334,19
419.9285714285714,133.72164069152467,26.478885571065433,126.51210466528292,75.1925766049405,19
420.0,131.67344771983298,27.160426215699484,122.31571288688947,69.61368267033198,19
420.07142857142856,116.47276317966144,22.102018302203113,115.51563696254712,63.45962939981421,19
420.1428571428571,123.28672548306307,27.12842528608942,123.0838101505174,71.86680809662595,19
420.21428571428567,141.10017425615416,31.792171764791227,151.67179763224487,94.38150463595629,19
420.2857142857143,156.24988682940594,34.72234348146462,161.38656903752153,105.20004997365092,19
420.3571428571428,156.37460444627223,32.90146706028502,152.69044364376654,94.74348277172143,19
420.4285714285714,146.78486721554034,32.043540855262314,133.4851949445987,75.78425818524674,19
420.5,151.54687212833798,32.27328945958926,147.0285486695834,78.51661499482766,19
420.57142857142856,150.50565833723402,36.76602197712689,161.67954516088133,96.85247460419916,19
420.6428571428571,131.40359336178312,29.83309636206369,153.09164935196932,96.81890175194265,19
420.71428571428567,110.7169263955667,25.499328084083754,127.54612136975256,82.81962280581784,19
420.7857142857143,120.50450010445448,23.645731842085205,121.48495799002548,65.90232676892883,19
420.8571428571428,129.30418992282608,27.424408099624692,126.01118150455086,72.87229908229129,19
420.9285714285714,136.92374315768822,30.664878202193727,146.19187144672057,86.11656180505962,19
421.0,134.34829522785924,31.85426881119272,152.41112535523988,91.38519968704344,19
421.07142857142856,129.38161446346976,25.379149623067892,124.44706642552195,67.53523560370716,19
421.1428571428571,120.62915696988846,23.55444135639922,108.24245348837042,55.82266138985891,19
421.21428571428567,123.25816002545952,26.871817165481445,119.26958430250491,68.83669147135548,19
421.2857142857143,129.372391582147,30.10099376443022,132.84207800785663,85.73202769692001,19
421.3571428571428,136.2856972645943,26.230907021253692,121.05670471387172,68.020060297286,19
421.4285714285714,143.73534219800086,25.188257983794774,109.47243964209012,50.75250899293404,19
421.5,154.23422205783393,28.611264378404833,118.7968194358759,55.27189762825425,19
421.57142857142856,159.95776411510266,31.160615154336178,132.44439453987522,68.04131934110316,19
421.6428571428571,156.97279191717314,24.525938036962607,128.72693045685796,62.806707830715055,19
421.71428571428567,147.75473476861413,24.040142813993825,121.67101422916677,59.569880015400024,19
421.7857142857143,154.9419021294299,24.17076971780056,132.71627323504785,67.76759146791741,19
421.8571428571428,163.33752643272553,27.616800022644203,155.99616861866832,87.05140893712513,19
421.9285714285714,152.70955516697046,24.734040187135008,151.51183503169275,85.78835057233972,19
422.0,152.37171172771312,28.373385103794583,148.745146379833,78.34226641608612,19
422.07142857142856,163.99034974109207,31.902091347797455,143.36719329838755,66.13809536815205,19
422.1428571428571,171.4217105894113,40.42434578021513,152.17225822636684,81.42768332517511,19
422.21428571428567,158.48849043384308,32.68790848876171,142.22718391567898,71.78398527334481,19
422.2857142857143,150.3824511236457,27.43642717901596,137.58262022442315,66.72176746555459,19
422.3571428571428,143.11607447676587,19.698816396704736,142.9004100758807,73.63006810414015,19
422.4285714285714,165.15226689516913,26.90689431246513,162.84501392518425,86.08936753137316,19
422.5,169.8778861688203,26.337634644085416,157.75874023007833,82.40548574883942,19
422.57142857142856,177.5626568986253,29.313592711937183,161.83325551065906,84.19040284921067,19
422.6428571428571,157.1434105075097,29.51906582126699,122.96053633562767,58.36438704423746,19
422.71428571428567,160.6207821232783,33.12686945318827,120.87426286202175,57.19237111802823,19
422.7857142857143,175.4106686503149,31.40606046788177,145.7676409768528,76.45830929436279,19
422.8571428571428,154.89635412977162,24.043057526731392,134.11194967302765,71.68712064690445,19
422.9285714285714,131.47353791251322,19.24009866090019,116.37985954109496,59.75875993536436,19
423.0,124.50963631095715,18.040144114855796,114.80869146997003,58.81245464510533,19
423.07142857142856,127.13414544758025,21.42713169533769,133.91963947681177,81.5492375707668,19
423.1428571428571,115.14614450302179,24.149618487596438,131.48141555451494,85.45464484473253,19
423.21428571428567,108.29490355229643,23.497687910079875,124.79867784274599,81.42467551440618,19
423.2857142857143,105.94595994661427,18.406827494323533,107.11989831790957,57.9229416870483,19
423.3571428571428,116.85539035496103,20.043379489803993,109.69727403465265,54.47527081827525,19
423.4285714285714,128.64152142458923,24.63503771085016,125.82923691410328,66.19681954904463,19
423.5,127.82334141509293,25.162808920743643,129.02498731870187,73.15460231294,19
423.57142857142856,123.87558016775003,23.717342550957394,125.70795223437025,70.7786616411111,19
423.6428571428571,123.79443623950448,26.961654726207886,132.07034003796045,83.13307184060886,19
423.71428571428567,113.11740812751097,25.21879098652642,125.73294704108054,76.59250036042916,19
423.7857142857143,123.35564210300358,26.86982111812952,136.55824021321047,82.81184533877673,19
423.8571428571428,132.0509890071389,24.785486819965605,134.70265340511094,76.90004224542596,19
423.9285714285714,132.89413354896627,20.22480311333149,113.09065200968571,53.312048871378906,19
424.0,133.62469609460098,19.708011672118026,112.3782046459522,50.04502425536145,19
424.07142857142856,132.44085545405486,20.026933144377708,121.39480402551119,61.46481717910961,19
424.1428571428571,143.35227632471793,22.48298543635536,139.53904765727256,75.50830743764372,19
424.21428571428567,146.03401042652553,21.22811380497965,136.01901618287718,69.45353970699419,19
424.2857142857143,148.62273176343672,20.650160635109398,127.36652684886407,60.381451102300645,19
424.3571428571428,136.04986768831526,24.026239833546256,132.91362074969598,71.52734145102544,19
424.4285714285714,134.35437506391787,25.93851831961833,137.6991513181738,77.92038072425535,19
424.5,151.35531565299075,27.056459114967712,154.17424793530463,85.03613787101706,19
424.57142857142856,165.00476148471742,30.02351664173951,164.49331488642895,86.4145677049133,19
424.6428571428571,193.2662898400235,28.893617636874765,167.34063431527494,77.729016451188,19
424.71428571428567,184.356460168796,26.97446896584282,163.3535345572655,82.14122508980877,19
424.7857142857143,191.08522727497575,28.225589594434762,182.81005290159987,100.87067797467772,19
424.8571428571428,159.83899983763288,23.340496305196403,145.29578035300761,77.50775474045595,19
424.9285714285714,173.62604645774366,28.002941345938805,147.95358146110763,70.430687631212,19
425.0,143.22027645967927,25.785525862536247,136.3015774764481,76.25476291416807,19
425.07142857142856,148.3080645235718,30.64815281313949,156.2346912374205,95.80908677870457,19
425.1428571428571,153.69362674366766,30.325221074940483,163.59447341601214,95.13607800902241,19
425.21428571428567,159.59574618772783,29.878174500715733,158.955229110716,85.71636697973511,19
425.2857142857143,148.87020096571246,29.8341029702999,139.4565105203979,71.45041007627059,19
425.3571428571428,148.8070032196515,32.23915216138723,143.4272965764571,77.29134938263249,19
425.4285714285714,147.9516659214194,35.71974708471876,155.02239161937746,91.4569879258222,19
425.5,154.89645138549415,37.11214079848056,176.44266926910353,109.93249188172625,19
425.57142857142856,148.53324373456473,28.574341011955724,160.86896339128336,90.80564181020986,19
425.6428571428571,130.82113787642442,24.27986065804233,143.09518880992306,75.08225841465422,19
425.71428571428567,132.4399371482647,27.340408169072003,139.68091683756737,79.87940485857995,19
425.7857142857143,169.0889240518039,30.5958881552288,186.82398556060397,100.96668194830464,19
425.8571428571428,163.1197830288588,32.33038685775797,182.25173330953598,100.34868210803765,19
425.9285714285714,173.46539965127914,28.879858271102947,164.16984986978076,86.03018163543732,19
426.0,149.13243773012132,23.02032860329627,127.4951691171049,59.91520320386059,19
426.07142857142856,153.43906310462302,22.29504858744354,129.14534785351935,49.86672988302389,19
426.1428571428571,169.6741667310766,25.698325185844904,142.0394015725749,58.80927884313894,19
426.21428571428567,167.35074572989467,25.18241354573428,154.11329334581148,67.16283641554422,19
426.2857142857143,152.0649839897665,27.423691561715298,128.41208974694263,55.469540077302184,19
426.3571428571428,120.10841819724337,20.7382974895176,111.5350094067447,45.573508594882775,19
426.4285714285714,122.54278179069522,19.168980814293214,111.64698215525257,50.870040146609064,19
426.5,116.31014254424981,22.167241566785453,119.15394395526259,63.089436406612556,19
426.57142857142856,123.364868129671,22.232959332094854,128.73941004496754,67.47185571276455,19
426.6428571428571,119.30217840208526,20.47387000612812,121.05281104814516,59.23977126253218,19
426.71428571428567,107.854995247518,23.13979547708588,114.36871455401533,59.25695257477998,19
426.7857142857143,119.42409913523507,27.141526147653952,137.73694258982687,77.31101000681552,19
426.8571428571428,131.54667959716718,28.774012724341603,153.04081927312143,90.45371050827345,19
426.9285714285714,138.81147664703693,33.460909605933196,174.96092311668983,110.53098623964007,19
427.0,135.07234262315313,32.42796135110286,165.58807302296256,106.64505584717236,19
427.07142857142856,142.01617896389737,22.292370670241855,146.342293344891,75.75552612045448,19
427.1428571428571,158.9332758494845,28.290047936610556,161.1401590628725,88.62596484132855,19
427.21428571428567,158.6188029068033,26.055832134528597,177.85515051875203,100.50892610795272,19
427.2857142857143,178.79485539987172,31.827016541929055,173.14010953140428,91.53420874558806,19
427.3571428571428,142.82615932312484,26.31493887397566,143.57302763716868,86.72866175838357,19
427.4285714285714,136.40000397468805,19.871402360305797,119.95795967727081,63.62514847507093,19
427.5,131.22687491679022,18.98284101213027,116.10042343235202,62.132130065462576,19
427.57142857142856,133.34701748427116,22.556887133170825,124.72164789619902,74.93746560198663,19
427.6428571428571,134.38210597079828,27.60838169863364,136.8628767650474,89.43781047656638,19
427.71428571428567,141.87977199867322,27.783027962765708,134.17752372518632,81.85543077954677,19
427.7857142857143,136.33248860379305,25.19264010232132,116.3533376036385,63.35869680116101,19
427.8571428571428,132.26389976612657,24.31979485271643,110.05324331393253,60.844647642960304,19
427.9285714285714,134.70654177463476,24.175722272913006,121.94332456037955,72.97728354225723,19
428.0,145.45310367293138,25.154674857630923,135.95463730348428,81.30895050922258,19
428.07142857142856,150.2885150916085,21.924907458465476,145.97069412394526,74.3355568496151,19
428.1428571428571,139.63850777960567,20.7359753491932,137.8674122531417,70.10344460270922,19
428.21428571428567,130.48262309534414,19.58325803736447,123.33724762708465,57.494101046630576,19
428.2857142857143,131.1429365168506,22.109294387647793,121.18471649588261,57.729164925813585,19
428.3571428571428,146.00430838558572,28.12168054096758,137.4904678457515,69.24669338297119,19
428.4285714285714,137.66374476763446,30.669688041986884,120.2931711969152,63.4105035408118,19
428.5,134.69282195328327,32.37894165068728,103.86072686032276,45.3650355575619,19
428.57142857142856,113.09887303609187,23.228418761045138,80.52741554455223,28.717199632105228,19
428.6428571428571,116.0347386073983,20.70025320353527,97.26382394920883,46.56848742507284,19
428.71428571428567,129.8731296810876,26.590199931116157,116.82060697083178,61.45423842457024,19
428.7857142857143,119.95321000934605,24.455767937201966,110.9507617221428,59.31674113186394,19
428.8571428571428,116.81308229742692,22.296042361168954,118.00944305840919,66.26440475862634,19
428.9285714285714,118.23509271603005,20.903029452336774,118.91499716140942,66.0798490992124,19
429.0,124.20587118939322,22.0377694485264,118.31170267278449,60.450069212638134,19
429.07142857142856,158.08091138164787,24.59343031423211,152.0595782869061,73.08840587715022,19
429.1428571428571,168.81779297327995,24.43714949237411,164.40619317175714,78.89991148006945,19
429.21428571428567,171.22619053726123,21.34406187088367,155.57826389452143,64.58901289425741,19
429.2857142857143,180.72869979101864,23.372314498994022,151.98908569664667,49.37791551104573,19
429.3571428571428,167.5160591136927,25.5617928262756,128.64737304340034,38.28904755008978,19
429.4285714285714,157.15716197451923,28.806867699073546,129.8194804066182,50.066092030941796,19
429.5,154.37673326686428,29.403158441203537,141.5404302293004,63.541511380065266,19
429.57142857142856,139.53984459433568,22.61562399414874,141.03278399876777,64.89521718809705,19
429.6428571428571,138.4173068616981,22.770185187120205,139.63436443197267,67.43743995644391,19
429.71428571428567,149.09710521339977,30.066694288698464,173.34242506475786,101.13237432450207,19
429.7857142857143,161.39332442132374,37.38444347409387,194.86391148282624,122.31445532488236,19
429.8571428571428,162.26186538013937,37.46725208319679,187.02196441010267,117.83701901682521,19
429.9285714285714,155.50823267648053,38.666130421153966,185.91598334550085,115.33752421675092,19
430.0,152.45580275533334,34.86677116502708,169.46633588796124,95.83839605818086,19
430.07142857142856,137.44344857827622,24.98571293268122,132.73298285430323,68.84129916508189,19
430.1428571428571,141.46850555662442,28.194524464568765,150.70294134388416,89.55278880895733,19
430.21428571428567,140.22314133081767,30.80055003019419,157.1044500589181,99.6085569385949,19
430.2857142857143,147.04965564685156,28.778762788006325,150.82084684356025,89.56884662402162,19
430.3571428571428,133.27363170566588,21.27337758026329,126.07972454002727,59.66673766902955,19
430.4285714285714,129.73592423864952,23.942868820442463,136.0684031323037,73.27988657248574,19
430.5,142.67791880726483,25.73775088679909,150.81007244449134,79.85807118670229,19
430.57142857142856,146.92559295487044,25.999592612744397,153.8629223244956,83.37261889534366,19
430.6428571428571,145.7250982398941,23.671537128318185,142.98767609251144,72.81083480654509,19
430.71428571428567,141.580950396502,21.870547594424618,130.8427232865151,63.762646176859704,19
430.7857142857143,145.41736297277967,19.233817042127985,123.47253800334713,53.68062360226839,19
430.8571428571428,150.73517654548615,22.956588782666454,137.3143027808853,65.95040186838101,19
430.9285714285714,147.21196371281783,26.339019792586203,148.75147669318082,79.97171935130886,19
431.0,134.52854656077332,24.937423000294224,137.64296555565033,73.83403362551803,19
431.07142857142856,111.50074376842365,19.375614687612682,99.07172115709132,44.82440507822053,19
431.1428571428571,97.71663960697272,19.597241570156203,85.43393206469577,40.948269490350015,19
431.21428571428567,106.98183310339205,19.089165668476056,100.89296639528763,47.48373792156962,19
431.2857142857143,110.9532995489318,20.697697474701926,109.12199110339942,55.835767126737124,19
431.3571428571428,118.63087842557444,19.82501163238831,118.32742533298999,57.44142424119316,19
431.4285714285714,119.13337568537635,21.438722900806667,132.23252000396135,68.20770832880113,19
431.5,133.87788162306137,29.473798803943776,151.31480087007836,91.58544508223184,19
431.57142857142856,153.78371616057714,33.646322798389335,174.97631703710647,108.503633336679,19
431.6428571428571,159.98423619575198,37.68335942038431,185.25567280974627,118.25245370455052,19
431.71428571428567,144.2102755065565,37.60795352748064,167.45702472379546,116.48095178084257,19
431.7857142857143,133.89167131815358,31.641206744483956,143.00173168267474,93.99582880027845,19
431.8571428571428,117.44354902412285,21.680412493988683,101.45052321744046,51.366877414024394,19
431.9285714285714,109.02902870999849,19.959628412906415,86.05480258617693,37.81763533324464,19
432.0,95.92403619356607,17.96396262221221,72.1122937863806,31.426143759128507,19
432.07142857142856,78.05241009817829,12.62288929602853,59.0349514411206,22.426780362612455,19
432.1428571428571,74.99606297844585,18.392316834229863,52.73902012869439,15.884407800817456,19
432.21428571428567,98.8106840123385,22.550882980959404,62.29931971522402,17.274167394132864,19
432.2857142857143,111.00079121264541,25.423617728668756,66.94972654083674,15.454437482238307,19
432.3571428571428,114.72797871629687,23.721189213750215,79.35113590245679,22.455156046201516,19
432.4285714285714,113.9686199950205,23.772155613245566,92.43526188491678,42.52817421792594,19
432.5,126.8170898743979,23.85000470958064,115.475894798312,64.24585710182225,19
432.57142857142856,135.4210970386209,27.101650696936403,66.46797403424567,14.436873108242585,19
432.6428571428571,157.11272417255128,28.94680907821868,136.0185699119381,68.84507471995082,19
432.71428571428567,144.06512150169956,25.98593013792661,67.72150118535066,13.6158564841217,19
432.7857142857143,143.70949642246882,25.131819707130603,65.81176218674435,10.161372457125696,19
432.8571428571428,159.6863879974124,28.33595244322901,145.1401445848591,86.41267799996925,19
432.9285714285714,143.98821104701722,22.20159660647236,123.56840993760366,60.12416184439137,19
433.0,124.25739366084107,17.696636601696955,94.90178379107259,32.70255502026748,19
433.07142857142856,111.42710951020686,14.676172603524174,72.8001306795951,14.831253977460591,19
433.1428571428571,106.92894646102062,10.448215849812678,70.06974980204151,13.089447662680422,19
433.21428571428567,119.55514312688953,13.807214593899118,86.40458803773376,25.518578454683215,19
433.2857142857143,131.563873392122,17.910292536399606,101.07904064303798,37.04290598218523,19
433.3571428571428,144.45671548649833,20.954059839889702,118.94277459306893,46.36703188587979,19
433.4285714285714,148.06669511324026,20.76662233136306,129.08486113696026,55.947186841901875,19
433.5,147.39283970816652,17.714364553339973,126.86899971606651,50.282364935594885,19
433.57142857142856,156.38143564385868,24.06882678646273,138.0592012530421,58.920905489876425,19
433.6428571428571,148.58909552397665,23.84233639465987,123.87631553615334,48.76799253266328,19
433.71428571428567,155.17536101797077,26.261716813046725,109.163410094033,30.960726613068253,19
433.7857142857143,148.42184102592623,23.267043575557498,100.7514084106717,26.76960827093123,19
433.8571428571428,145.52438475831812,22.749773897903477,103.95786385455085,30.931747885971603,19
433.9285714285714,138.7904152789662,21.037581896161985,90.43381589259826,19.382823510256678,19
434.0,127.97250829084676,17.484106078854257,84.42175338506216,18.865503559835886,19
434.07142857142856,122.45067840337634,18.304432113496624,94.83004919266699,35.70905189486275,19
434.1428571428571,121.95331752313479,17.960960590453343,93.86389023265941,36.52036782646441,19
434.21428571428567,114.00582824812305,18.396661313669874,57.07570519707359,8.881180319525965,19
434.2857142857143,114.64338053051449,19.983899528105976,56.18292964535857,9.905499480779628,19
434.3571428571428,139.26621675089632,27.642923366127455,133.12040151536493,72.57170640814469,19
434.4285714285714,142.11892626141668,27.599532605295913,122.58691126935149,59.56055233439526,19
434.5,146.03531721755562,24.799745887361375,114.26748500779492,43.42569875482916,19
434.57142857142856,150.22115767985952,22.51562079168096,101.59690169526358,24.56030259981123,19
434.6428571428571,143.5796007087223,21.5738470020673,81.6405805399246,12.036695218520727,19
434.71428571428567,147.20138016836853,22.079498436216348,91.7455767792231,17.723738321992162,19
434.7857142857143,151.55216342230173,24.782942096167535,88.31483846817751,14.575447714073485,19
434.8571428571428,143.69783330691982,25.22858841712272,76.6510626452714,10.558793471888025,19
434.9285714285714,143.12965833214486,25.5398873135875,84.87965153824977,16.70465982010597,19
435.0,131.80916370624027,24.646552235606617,101.82979734180307,41.4331838767284,19
435.07142857142856,141.28719760683958,25.39150358072273,70.37614234803844,12.841908088742883,19
435.1428571428571,157.55174426360034,29.70258598068315,135.80504454993414,64.5948388978378,19
435.21428571428567,161.40398598395188,30.122350265710708,141.66460283080244,71.4797815429982,19
435.2857142857143,155.59996175060198,27.152795377442697,130.9267721614649,64.46047201956436,19
435.3571428571428,154.1441178929092,28.05123739032066,136.7181861738882,68.50566135144335,19
435.4285714285714,152.5702626663016,24.737931339989466,126.33667388472483,59.41030339300122,19
435.5,144.1807146961558,23.058384084651927,113.91420322652867,55.48897236805658,19
435.57142857142856,137.79844179131763,21.41671472646335,98.67815896246528,40.61691762522614,19
435.6428571428571,136.04658916573447,20.974337252902146,98.80414612829264,28.614948624384283,19
435.71428571428567,135.92061034187515,24.36303280840363,111.82160385419365,47.46320375947423,19
435.7857142857143,120.07715908513293,24.29825709764356,64.02217335016493,16.21029541477823,19
435.8571428571428,149.55108718490263,36.849193026298316,167.79166751200972,100.4339375875099,19
435.9285714285714,125.64929100600322,27.731977997992157,69.12720064483227,17.1472605014223,19
436.0,155.96514904692353,33.883871322736,168.7813101668507,97.45703651444869,19
436.07142857142856,151.1289751713779,33.400595436688015,171.51165887719156,104.27295634820504,19
436.1428571428571,147.05527037554057,30.68812910352086,165.10865645708031,100.06231405096698,19
436.21428571428567,135.60676198821807,24.552688889135236,137.113531784085,77.44534127000003,19
436.2857142857143,129.0050491163126,20.14328810259913,105.01209557593499,46.417559174633084,19
436.3571428571428,125.33484487372736,17.30688245779898,81.63382261760863,18.1600119185577,19
436.4285714285714,141.6379491619551,20.40705860773454,90.56419712392686,19.44217695078471,19
436.5,151.22480912334515,19.44272013741431,106.22123649722609,29.161691640703314,19
436.57142857142856,144.31915061401546,20.08120930354677,104.8555837985577,35.84995648444738,19
436.6428571428571,143.23400620047076,21.795551071662462,84.60563342932808,16.860661860064486,19
436.71428571428567,152.934839984955,19.61066469147917,105.93443712356627,33.01758322904753,19
436.7857142857143,155.00492769648793,20.008651244962167,126.69011167598549,53.00283391422182,19
436.8571428571428,155.5466260128059,20.76140537619432,137.87549213251017,61.78666616072266,19
436.9285714285714,154.20721042800065,24.10736648494037,140.41261724702855,66.12853439932842,19
437.0,147.12053428957387,24.678283760768505,134.45355551037466,63.48949549800374,19
437.07142857142856,119.79137302551311,24.7543782458136,64.92852135414455,18.482541527447918,19
437.1428571428571,130.56207654050806,25.573282674783282,69.15804901224467,18.404787564156365,19
437.21428571428567,136.98468969813825,22.805265104771276,73.76997862999485,18.630334867179833,19
437.2857142857143,150.04333644332237,20.416336435315234,81.48797953623541,15.231424465806572,19
437.3571428571428,147.9218248417264,20.696612508818514,80.22184056240134,14.680197075919404,19
437.4285714285714,138.1266807890813,20.993196702426193,71.89653492515971,11.890949394450864,19
437.5,134.35069406341916,24.228902546367284,67.70505079125628,11.856495137565073,19
437.57142857142856,127.51069678092055,21.761563979604936,62.80348547849678,10.446509853245015,19
437.6428571428571,118.89487770187543,19.60092540173196,59.666473330091335,10.930759812387876,19
437.71428571428567,110.88044422673684,18.06940532212952,54.83170414282596,10.604766478377186,19
437.7857142857143,99.43873738367036,19.602721242387684,53.29643118161281,13.70820237339693,19
437.8571428571428,89.42871359957515,21.084069367448322,47.52557917668534,12.344204455147537,19
437.9285714285714,110.31980678351047,21.474258854739286,58.4751049380149,13.238158493338148,19
438.0,129.75482784633144,22.872385970399122,70.93498513016797,16.776613777888556,19
438.07142857142856,143.34409062133236,24.53242803422799,76.88723971758256,17.593729152385734,19
438.1428571428571,137.17833667671945,21.112728146482343,73.58744420521609,15.960274595962446,19
438.21428571428567,128.43599450224116,17.92624159548734,68.45084880343359,13.207994227891119,19
438.2857142857143,129.6419420434064,19.749061014239377,66.13320579547188,11.409427054138048,19
438.3571428571428,123.58945827391359,18.0118501537885,61.8999864679212,10.987886614864447,19
438.4285714285714,137.22341899094127,17.74188046697952,69.24030911249108,11.461477334138367,19
438.5,135.85461445218138,18.81889261098958,70.82446173850751,12.920945437566262,19
438.57142857142856,146.7027244132966,18.14763547441486,76.64949853646397,14.018124841698324,19
438.6428571428571,164.06840095018336,22.541054534711943,86.26152502001572,17.64725667100775,19
438.71428571428567,162.1123903767922,21.398442766671028,85.90442361992359,17.696967088375956,19
438.7857142857143,154.65117132386018,22.270409372504584,80.03893797614789,16.289924345828087,19
438.8571428571428,148.72770931999716,20.96879579409534,76.87777376692088,13.340322400692727,19
438.9285714285714,121.03640279560213,17.097683347678963,59.307499161193455,9.254828119833888,19
439.0,99.84345404159744,13.550971002612343,48.9232420744779,7.923717777416395,19
439.07142857142856,88.04601881141157,11.725344750477548,45.43254089982827,9.435706219647772,19
439.1428571428571,83.30052810510301,10.506495460296888,46.79323101913982,11.076512183722977,19
439.21428571428567,101.9010176162983,9.754112108592457,55.74925189112005,10.758752076913455,19
439.2857142857143,132.6823991317222,20.479285644067694,67.41715119803679,12.552012409663051,19
439.3571428571428,147.8958516524831,23.366812717883324,73.18163710343232,14.422276134397986,19
439.4285714285714,152.6281129189135,28.22459062432168,78.99756611668113,17.19757959280288,19
439.5,151.967156207645,28.63269310538459,79.10720301092023,18.57969990288281,19
439.57142857142856,138.02838556465844,31.251259270322603,73.94227041842724,20.538052808817326,19
439.6428571428571,146.8459930521658,28.96431869095942,75.60232229258507,21.225019453470605,19
439.71428571428567,141.11972651673724,27.651446527801852,74.7499904872151,21.536354199541837,19
439.7857142857143,134.66190340640884,24.263374805058294,70.88069029432147,19.583186972572783,19
439.8571428571428,136.9296614013284,21.392135377721903,69.16556868938123,16.473403668767453,19
439.9285714285714,127.84176268207287,17.26159758721515,66.57372973583809,14.564300212232851,19
440.0,129.36687966577247,15.631858776644233,66.40315272525251,13.356272966882972,19
440.07142857142856,121.0992866435132,16.37275601121412,61.129851796931874,11.17295949261366,19
440.1428571428571,129.11702230165616,20.5192662276525,64.33969820786989,11.264476433128575,19
440.21428571428567,131.1796943203799,24.307966404698508,63.3971966624173,12.076217557269809,19
440.2857142857143,139.76813498647178,25.892127116527462,66.10195300805292,12.00660652815218,19
440.3571428571428,133.65117454318343,23.173599170135315,62.95046163207727,11.610128328573358,19
440.4285714285714,108.42987212675378,20.3639105589253,49.09863239216316,8.26112158178903,19
440.5,106.55935312475653,16.110348782791107,47.011968894580605,6.002970324363903,19
440.57142857142856,115.15862507149953,14.958331159061489,54.24885594304299,7.718046690862404,19
440.6428571428571,121.17347736153856,17.94243598267869,58.62507499719387,10.336725353639908,19
440.71428571428567,126.7650114096863,20.978666033741558,61.96700269451819,12.281069175511561,19
440.7857142857143,137.2740127701556,24.07437204284116,65.46778055423779,12.644671079034202,19
440.8571428571428,150.680664141218,26.07830711714091,69.46959444633147,12.003002657889684,19
440.9285714285714,154.65083334695987,27.20178022691991,68.36188574393454,9.791723439565295,19
441.0,157.06387469963744,29.268333710583693,66.49840522750604,10.536360726426198,19
441.07142857142856,141.44275853253083,25.17980556567923,62.96484020788208,11.944089390436638,19
441.1428571428571,142.34303390111674,21.908013028657482,66.00840996805424,12.741648675839828,19
441.21428571428567,128.7884293837896,14.986376832502922,62.05006752821789,12.081373628189498,19
441.2857142857143,128.1355051139579,11.361952212614442,87.85707169281322,23.313631501931553,19
441.3571428571428,128.19700391559726,15.461082313134975,76.67473910893102,16.139706621424956,19
441.4285714285714,147.69866081095108,21.9549709209437,75.46404892100469,11.767534831702255,19
441.5,147.79389382260408,20.610295097525988,77.2277549355711,11.126997038227998,19
441.57142857142856,144.80739880469955,19.863696569194005,84.42561968528763,15.092881237007504,19
441.6428571428571,139.56659936200273,20.293756803669414,82.85964818592785,16.61444708283144,19
441.71428571428567,136.698294425834,19.973425451241052,88.99215926357219,25.08410230566382,19
441.7857142857143,144.26988211082335,21.58883060495904,104.66513918297179,38.08418613664921,19
441.8571428571428,155.3804788279096,26.251394504894755,114.92317271060632,45.91093087238145,19
441.9285714285714,141.67673722780887,26.884855805645493,73.04076924198094,11.913650388678544,19
442.0,152.7281719175607,26.629665777953303,72.04607157937626,11.562910247451759,19
442.07142857142856,150.81682247026714,24.058576218408096,71.42564470620846,11.810413632553738,19
442.1428571428571,141.70817783357856,23.51244302820919,66.91237552538306,12.738249246058743,19
442.21428571428567,152.23657851492047,28.69133446529971,115.05500403983523,54.48153430321671,19
442.2857142857143,157.77197891677272,24.4473955416838,119.37885240486945,41.42273244930453,19
442.3571428571428,151.36301135505454,22.997644128743357,98.99162181149593,23.90566377801604,19
442.4285714285714,136.8984821083232,20.19457796039064,86.00376545763737,18.85255725793472,19
442.5,122.37507723092043,19.43782908095518,87.56678737749435,25.06416647432021,19
442.57142857142856,124.93607092721028,20.721681340870088,84.15174429867079,24.183266381401147,19
442.6428571428571,121.04084498527197,20.1831839634485,76.39081607493226,20.655259690701513,19
442.71428571428567,126.57564453722082,20.229607252903442,100.83172013400689,41.477662837233424,19
442.7857142857143,137.979266680647,23.38419579258543,117.53138997270555,56.97957226359549,19
442.8571428571428,134.98388017921536,23.158099511253027,117.66434762539741,60.32743768754511,19
442.9285714285714,120.42382911937288,20.34431003240644,57.74459633822696,9.797215110182329,19
443.0,142.98385079832585,24.352946538631677,126.80333779097272,66.3524774389333,19
443.07142857142856,158.2865451690579,24.64675272799346,128.5364164910037,57.14476370897149,19
443.1428571428571,148.19723980123217,23.73744370929605,123.29037094187053,53.670614562046694,19
443.21428571428567,151.3347464603372,21.207044316344252,120.56313121675088,49.07147500185338,19
443.2857142857143,135.87734605645588,21.22796036894457,106.75925009603937,43.6739155356055,19
443.3571428571428,129.7551628745767,19.633850138134672,90.57231888327985,30.719168914347982,19
443.4285714285714,130.78410195570282,19.254505861261126,91.37641947432749,27.213995005702134,19
443.5,149.16183272196358,20.901648970749225,109.51263396739503,39.27998931008318,19
443.57142857142856,148.27536011061372,22.969877743916843,129.84770757550737,58.586342633884335,19
443.6428571428571,159.25064953846908,26.43190351783958,139.65731473483888,72.93603463076707,19
443.71428571428567,173.48184394017795,31.08907205625099,154.70975386055278,80.91517934480014,19
443.7857142857143,166.8255074297301,32.124621898811455,161.94312001408122,86.62191299023952,19
443.8571428571428,172.16386795350354,36.940207071340474,173.08053479436145,103.6886296743392,19
443.9285714285714,160.66367553613856,31.582851549303538,150.00285955016653,83.79753142852434,19
444.0,138.64646293850697,25.384282782049155,119.36822552245913,59.29067575820859,19
444.07142857142856,129.7443226406681,22.113121980221273,82.06008720733172,21.17394675655437,19
444.1428571428571,128.37260256797362,26.413086378116606,79.22778899544853,19.635558653028944,19
444.21428571428567,130.1468321571742,25.714071528636815,99.98249253062635,40.64409290913744,19
444.2857142857143,129.76603842177016,22.982400410315524,94.91139062438918,36.151293811822335,19
444.3571428571428,130.56588182982946,23.339965986878443,71.57885138977817,13.991794842690972,19
444.4285714285714,137.1693541747445,23.546675225535086,99.57739075547195,30.619499584252875,19
444.5,158.74254175301286,25.795689293666538,125.68283309364736,52.36931822306384,19
444.57142857142856,150.81642562125245,31.187613856125406,75.18075544705525,17.00210829959882,19
444.6428571428571,142.8152308339244,28.933279596799338,115.22620263751116,50.97085455416744,19
444.71428571428567,141.1312698297043,30.61055710074385,125.53949992245948,65.52565677826585,19
444.7857142857143,132.88696735767223,29.656351030185917,104.97553373657767,45.697904507443894,19
444.8571428571428,132.34286032534533,26.769230841204706,92.54042493576948,29.88332565319474,19
444.9285714285714,124.60081684865565,24.91167667947782,76.87084718607419,17.848339676773513,19
445.0,121.5725549475604,22.49023690741911,76.83369229733917,18.108660559150945,19
445.07142857142856,126.82435815799846,21.607734672843037,93.95857988979805,28.433560926290884,19
445.1428571428571,139.94204691255396,23.97750933707771,101.95801244402519,29.712888047408722,19
445.21428571428567,133.8665054352458,24.083376968260733,89.28768825760608,23.623163209032892,19
445.2857142857143,143.26006253502925,24.540828906292926,97.96053534181542,27.675700630263623,19
445.3571428571428,167.49821394432607,22.84316357781907,118.46330452333483,38.78706618579104,19
445.4285714285714,146.35252720490345,21.396043281739768,115.05824643213364,48.909191349373124,19
445.5,141.7901381690651,22.7932597312022,124.03400783645624,60.08111861554654,19
445.57142857142856,136.8496098266579,25.944786677951324,131.33844734929227,71.4063645808709,19
445.6428571428571,145.92253776890496,29.391394405422883,147.7596961828974,87.38142782131425,19
445.71428571428567,133.50046752428204,30.190313626316687,143.81481857567763,95.20628691520237,19
445.7857142857143,117.42144787149854,23.80002725851541,124.64676117918184,76.08164162825523,19
445.8571428571428,132.15255044624863,22.87937718700786,111.1111104720248,53.51218710357284,19
445.9285714285714,127.53116753064924,21.96940758018889,104.86247847908483,51.86455636025985,19
446.0,123.8359858956666,23.059729762776726,119.98905429532103,66.47733768662002,19
446.07142857142856,131.0385759561614,24.426104671403134,129.05383578332837,73.01835214556279,19
446.1428571428571,119.48284653142343,21.10923062676566,117.8787779627748,57.46707871039858,19
446.21428571428567,132.95858148998974,23.726576613865912,133.5219100569236,60.48515345342295,19
446.2857142857143,133.5923063919589,23.360171631942077,133.5746965820834,62.44186666028677,19
446.3571428571428,141.05391518080256,22.578648787936785,141.25819491809466,72.26491920357337,19
446.4285714285714,133.98416237926264,24.653653904600425,142.45666473295776,83.37565651773245,19
446.5,130.90228329635457,21.68400182151948,128.67293527607984,67.78480525875604,19
446.57142857142856,129.74683995858462,21.054999497746945,121.46224884842808,56.86892579114674,19
446.6428571428571,133.49053736004674,24.97414037902486,122.19824509500157,59.00419248616042,19
446.71428571428567,131.4382257193692,27.074733391116435,139.52284619300286,86.12902849761043,19
446.7857142857143,158.37666907656893,34.78912601500379,164.92016232496397,103.48078605984803,19
446.8571428571428,161.73903972691295,32.13176695906831,158.2830160300625,92.27195037877023,19
446.9285714285714,141.3688248703921,28.856375634204763,133.84589308522857,70.1305676729782,19
447.0,140.23799616484936,30.889953464087384,142.3138511511917,83.77886929480776,19
447.07142857142856,155.76607385066245,32.76258844570698,161.62810128748058,100.16861131606684,19
447.1428571428571,171.93503653239824,32.570889118319606,161.58332872167082,86.7700949577558,19
447.21428571428567,163.20434174472672,30.75461168398221,137.74075331602594,63.84328703227092,19
447.2857142857143,172.5193440980175,30.209954694549882,138.8309994887331,55.66226122256097,19
447.3571428571428,181.28525132812965,30.69646852160521,164.1467024732432,80.15712462201975,19
447.4285714285714,160.0905705835526,36.86630361838505,160.3034664703345,93.52079626164192,19
447.5,183.37509634126602,34.16330376908601,168.68638446108997,87.47783336331324,19
447.57142857142856,175.57888992116204,28.87432847855832,152.38896956669484,60.403432087285715,19
447.6428571428571,166.70137353183944,29.03114948201444,145.85969324104724,56.86229185268856,19
447.71428571428567,157.41765331439538,27.389120694667266,150.23198250524655,63.51930299062847,19
447.7857142857143,144.28971620286796,27.427545494309612,148.0138232054075,66.8282223194131,19
447.8571428571428,135.99725711218264,26.44428442524149,140.85299500571867,65.02550146264446,19
447.9285714285714,128.2358817918145,28.68873266591093,133.2019866042885,65.94929474158178,19
448.0,133.50420624822857,24.03119720887527,136.30070755128855,66.87644072626951,19
448.07142857142856,148.28559655268555,27.3005461702988,156.39800162065478,79.69557070905164,19
448.1428571428571,153.1239922736054,32.024417448257125,167.25803954164587,87.07598068497518,19
448.21428571428567,156.16426729623197,31.18367347371797,156.54567169347135,72.03534398174342,19
448.2857142857143,160.68534850856275,26.934466710331368,138.92602996824462,49.27533671500699,19
448.3571428571428,167.63526009758198,24.632551762313177,139.6953081746463,50.38029342594068,19
448.4285714285714,169.22470479364839,21.678667542456566,147.78968230433597,58.553928451913045,19
448.5,165.40021195097788,23.56308162083643,143.6438857431196,67.34829335057925,19
448.57142857142856,162.15683169231906,20.928647010070268,125.8607195185972,50.63524388362933,19
448.6428571428571,148.59374476959945,18.64091913493615,125.84634623576692,44.42375020650772,19
448.71428571428567,142.740731423982,22.84659615095719,141.24310100134568,62.77957230550945,19
448.7857142857143,141.99558825584458,25.601823343616942,150.4495145259119,76.92962616248786,19
448.8571428571428,132.9074076988169,26.982095182962976,150.95363393205628,83.64596754114065,19
448.9285714285714,128.57424981142674,26.4006011868918,136.2669577641917,68.32653587734829,19
449.0,124.6362724999641,31.91255063437952,110.97720995162733,57.73197675382794,19
449.07142857142856,103.98004382403566,23.310448671003666,83.60259039982829,36.9793595899212,19
449.1428571428571,110.96183526292592,22.458264608490396,90.7191549041642,35.84186601198137,19
449.21428571428567,116.98834256479762,21.705579575875213,98.91462243450363,41.57715210005378,19
449.2857142857143,107.33315943219219,19.442951555208545,86.09752433568605,33.861188325208744,19
449.3571428571428,109.950785826533,18.118917472150514,81.26767801523303,25.60131734782219,19
449.4285714285714,109.82418714890983,18.70479078682439,72.64165395686021,17.563806274699484,19
449.5,112.13999736559157,17.72712183240045,66.24485206730651,11.354139914887588,19
449.57142857142856,118.31257281043126,15.879343350356905,83.52308273122708,24.327700499932796,19
449.6428571428571,126.45943835234765,17.362684669078163,97.05166870505143,39.11276535414413,19
449.71428571428567,129.39528511991054,16.65051083967386,110.28486786383235,43.59291094445339,19
449.7857142857143,141.3146910523242,18.142101616457353,124.05209461510394,49.62828722388595,19
449.8571428571428,143.36705430525586,17.389646252224985,124.45912796687622,47.51018658949214,19
449.9285714285714,131.98822358188852,16.236639061286866,117.41258735176332,44.16191003422097,19
450.0,109.18418287703078,16.762491186454838,109.00992815949182,44.2861421311677,19
450.07142857142856,121.20749825048887,16.707678140163793,111.1924279425126,41.73780298405095,19
450.1428571428571,121.39646099858945,14.063366418589169,99.5907381014157,31.315470716428226,19
450.21428571428567,112.27564365203216,16.037105044402736,86.26768606632659,27.053830919436386,19
450.2857142857143,118.19200730748459,19.564279608631008,81.75089162338648,24.201587516062656,19
450.3571428571428,110.95591338467918,18.635365056049952,77.28943338934928,22.757032623916693,19
450.4285714285714,112.9220534831786,16.536570827577673,87.11509145442821,23.591598629155392,19
450.5,116.48709483240405,16.682971140480365,80.56090277287527,18.805770221817507,19
450.57142857142856,132.61071741986052,15.717809963576661,103.36865583737327,29.40392052362264,19
450.6428571428571,138.29841186369,15.6031383608953,118.18154159938796,41.76193259911324,19
450.71428571428567,145.2576450324548,17.42819393935408,122.5746536293998,48.13899076984103,19
450.7857142857143,137.52679199905333,19.413476935578693,107.2762955040208,46.08681014955748,19
450.8571428571428,145.43974784117407,19.018288423785343,127.93450573933868,54.96526124255524,19
450.9285714285714,128.71983451667148,22.648395365695503,110.24035614463195,56.19514854196437,19
451.0,118.04422737321138,22.001798931548834,118.22980954113243,65.53945333700057,19
451.07142857142856,132.27922909766298,20.610301465910258,124.07397396083215,68.01912600736267,19
451.1428571428571,128.78148430674528,18.892078500114753,113.16282907518743,53.244490861838685,19
451.21428571428567,126.85471814421908,18.768344799185982,99.75259681784775,41.788718515002394,19
451.2857142857143,115.74223991448909,20.872217222331784,83.52631733692758,32.03247257072983,19
451.3571428571428,118.65012850125234,21.849248404498105,86.77494892454062,34.56440035181766,19
451.4285714285714,123.5498905590959,24.77434569366377,109.8196218943734,58.42138285918212,19
451.5,133.5304357606916,23.867458493358868,118.03606835925486,63.10500296369797,19
451.57142857142856,146.10193786140627,23.23309975708734,125.05670237949099,61.220067090204,19
451.6428571428571,157.02512167598675,23.943934671485135,120.60331880737172,49.77174683493043,19
451.71428571428567,176.43570108768972,29.021433719769803,134.89150714733123,56.012831270246984,19
451.7857142857143,167.82013869405426,28.26705642006956,134.78262812051952,75.5826674924673,19
451.8571428571428,175.06185063228335,29.752039045546233,144.12310800221624,77.57335894972474,19
451.9285714285714,159.00051661938343,28.036681055505085,134.7076656837259,72.57506744290525,19
452.0,148.18050485863873,23.806124251138716,121.22722610932011,57.371561874724534,19
452.07142857142856,132.69112701134745,18.794856238553624,108.02644637229585,51.7287081183745,19
452.1428571428571,128.02326232562453,16.344416839776784,99.8508989806205,42.08095263929675,19
452.21428571428567,130.15815074636237,18.48812963108871,113.21411345363636,56.25876910743514,19
452.2857142857143,127.2981393272401,23.87797680893215,117.24601811437594,70.92273442680784,19
452.3571428571428,134.11338701719706,23.875373420815162,114.46195196422494,64.62281703116737,19
452.4285714285714,143.25288981581753,21.999088722465466,100.13514801547588,41.044578842391736,19
452.5,140.32298905637109,21.01794713773538,103.86376437169316,45.948794134619156,19
452.57142857142856,149.21517844897318,23.72762278529836,116.44780334331305,54.790035318295416,19
452.6428571428571,151.94386531398092,27.609590347049856,122.27811644892245,60.718600408257394,19
452.71428571428567,150.45167466499078,30.975657857877057,116.91151320127823,59.11021738502287,19
452.7857142857143,143.44358633459873,23.296395164805844,107.75004379099866,50.895307936379744,19
452.8571428571428,134.78031254807,19.42172961434373,99.94004191215286,46.52607741155504,19
452.9285714285714,142.53724604407074,21.615954978900614,117.86675260355949,58.37279902955725,19
453.0,140.54504254803498,25.206427473824508,132.20568331323582,70.10419571718708,19
453.07142857142856,139.94070667903506,26.00779440952796,132.0348433691447,71.11699594727861,19
453.1428571428571,137.36390406240102,25.519540602190723,122.064254572486,63.15975874345253,19
453.21428571428567,141.07354967365126,23.68382170159018,110.41811436161586,47.46821898598717,19
453.2857142857143,156.9289756583671,24.106308657622737,121.24607044570135,52.07888049241435,19
453.3571428571428,152.87885235066054,25.123880686858556,117.8495834930642,50.976671519378534,19
453.4285714285714,155.58381353586418,25.292135151609877,121.597924785957,54.76560886969123,19
453.5,143.82384156848943,19.93257424388081,111.53142858697424,39.5298820097635,19
453.57142857142856,140.86183971160165,22.119812922553056,125.81706167132454,59.67643333424667,19
453.6428571428571,147.11755631879737,26.71917160548626,150.20205893018527,79.93683390626609,19
453.71428571428567,149.1839564299818,28.774571881748123,161.7086799715732,88.11199112872401,19
453.7857142857143,137.30440275889814,25.83485854655464,150.5754928659202,81.08466361825113,19
453.8571428571428,140.29019261282497,21.39916833178561,127.51550900101762,52.72900417483548,19
453.9285714285714,124.75201569825606,22.128651441788463,112.56371879817577,48.926402332802844,19
454.0,131.1474478893544,28.448711569550692,118.1927467140933,57.69386035940018,19
454.07142857142856,123.9076666067057,30.86040299926076,117.47822798827119,61.30905324443467,19
454.1428571428571,110.5206002748546,26.94422768111832,96.48498773691526,53.532108929075186,19
454.21428571428567,110.96417751046337,22.654645372746185,106.62227501204029,57.516251459641545,19
454.2857142857143,128.83434588126133,25.545258524840666,130.54119483874285,72.69652914519476,19
454.3571428571428,151.44329091952008,31.033186770414886,157.1702798818778,91.26588532554304,19
454.4285714285714,148.55988790712428,32.78255539055116,161.14697736207316,96.60840894880899,19
454.5,160.13195321314697,28.126924768895762,153.7079591308925,77.36715099459316,19
454.57142857142856,145.7793564928371,25.109513877944497,134.13923672945458,59.217005216582415,19
454.6428571428571,156.98236347545526,23.547478167780355,133.07677259231326,55.27205359699181,19
454.71428571428567,160.872703490611,27.794438442585527,143.96952773159617,67.26659362441772,19
454.7857142857143,151.4454137747822,26.614104892368974,139.41552777037728,66.5096491175549,19
454.8571428571428,156.97993719449332,28.997264215708036,145.16373475174734,67.25108630301207,19
454.9285714285714,145.15121270721022,22.50519265594818,127.77846958254027,54.119431982357675,19
455.0,142.67414785115625,21.809346707742797,123.47793022580657,51.16166531045974,19
455.07142857142856,150.12623456725836,26.56159297535003,139.7870889088718,63.60903652464035,19
455.1428571428571,161.3363238909231,29.823576814423124,160.05424297514037,80.56246994042338,19
455.21428571428567,164.4241445645287,29.099018139181446,161.42810457771887,77.68629638000998,19
455.2857142857143,157.5050705826696,25.126963849005474,142.73193110542093,66.52632431501989,19
455.3571428571428,154.35216615033076,25.438298274415157,135.18120805427813,61.54526038192613,19
455.4285714285714,146.51588972612376,24.124406171900624,123.05966519526413,54.94045738466063,19
455.5,137.54930282773802,22.815784477430896,120.78007155321417,58.566241722823264,19
455.57142857142856,134.6424214601004,21.823534523262214,106.18545412043119,46.2385888209521,19
455.6428571428571,147.55637695405323,27.293846489971436,108.30065435007081,46.831239186747176,19
455.71428571428567,145.313491707231,26.207728427797853,96.09492972606658,34.947505349700336,19
455.7857142857143,145.07608270210892,26.826250336925845,91.25399808994975,30.071429663352216,19
455.8571428571428,127.83689581210706,22.988903325490202,82.97902260302027,21.288564289606647,19
455.9285714285714,130.37903540036373,25.063721989377377,79.76175505234973,27.829899589325674,19
456.0,159.80797238401465,29.717103546928264,102.97303162521925,42.093992640349924,19
456.07142857142856,171.6972807021947,29.083830683978615,117.56681566361357,50.826245328138725,19
456.1428571428571,160.6102318323846,28.460422425315528,118.53148517820038,57.201417712310786,19
456.21428571428567,147.74215367769358,29.59329133298496,113.88903939339531,57.417478174208405,19
456.2857142857143,143.64972598441037,26.35853271853364,106.72883496255083,49.89828617356088,19
456.3571428571428,131.79946399399986,23.08339181718429,58.34018509843666,11.070339778798061,19
456.4285714285714,143.22100671877286,25.609844296517107,61.57053066586755,12.402154404117141,19
456.5,151.37298681747725,25.375232759256807,68.69724634009808,11.156475838685722,19
456.57142857142856,165.48248607233407,29.05729428553824,78.71984716625842,14.12045736292892,19
456.6428571428571,156.62720201125907,29.595711741758592,74.38313610599421,14.364686192727447,19
456.71428571428567,152.57934694708382,27.019104838749136,69.26188555719757,12.945107594226135,19
456.7857142857143,152.05547229525328,28.94967777313937,65.90378318569728,13.962184761264373,19
456.8571428571428,136.73718982238944,28.804344461800095,58.69256242610537,13.899942378897016,19
456.9285714285714,124.69864333366183,26.897568957949385,51.82022770965539,11.998230243590438,19
457.0,124.4567529156251,27.937982045834286,51.502146280477334,11.215206089701327,19
457.07142857142856,129.6856084325828,28.875032574157434,55.49572837256241,11.908136931291423,19
457.1428571428571,129.0394893467997,24.83942823336939,96.06515100508021,42.60497926456098,19
457.21428571428567,140.9366399596251,24.015835346316223,95.52109487361112,37.76573031228578,19
457.2857142857143,143.17561313281178,25.940274391463596,93.17940834218352,33.11508188291033,19
457.3571428571428,153.52766324985268,28.726559136388417,89.09299530856518,22.626324627486408,19
457.4285714285714,148.9249644692699,32.00778831011862,81.96983531224785,20.012111117025672,19
457.5,160.13512496792694,32.02257152710364,78.24757022081835,16.39664320423322,19
457.57142857142856,157.07834387207902,27.832731015914376,86.44652990281391,19.370991483722428,19
457.6428571428571,172.4556444303279,25.460399375444613,105.22763642336261,29.113875671961022,19
457.71428571428567,144.86385436948572,26.274188929603213,97.9925176373974,37.271151313257285,19
457.7857142857143,136.78999835118037,26.6804171451254,101.27399990260442,47.455083928664216,19
457.8571428571428,139.56277033536622,23.632711663512012,106.05444377370318,44.27474924776724,19
457.9285714285714,126.84022926728663,25.948169320221975,57.95796906726845,10.480272981084507,19
458.0,129.466796793674,24.411094756375675,57.20033249168293,9.450115214810122,19
458.07142857142856,130.64181694138458,24.49680871631676,55.454679443846736,8.418869245224759,19
458.1428571428571,144.3720461337301,27.338132827154947,65.82879255642102,13.302006027819676,19
458.21428571428567,142.12307128819597,24.774721080763932,65.3831335986435,12.93716431795286,19
458.2857142857143,138.37429323449726,23.263064486357116,67.76498655454502,12.870320892491746,19
458.3571428571428,134.95511814417273,19.687908305534727,64.38638512252358,12.264809059585122,19
458.4285714285714,134.60322155870216,18.324307501898904,61.51540656333081,10.041178564221166,19
458.5,142.15311352515346,19.697925428736237,65.39059958018069,10.193200973566025,19
458.57142857142856,141.24413749725778,20.153288728232354,67.21545265290324,11.885637272759467,19
458.6428571428571,133.60254412072203,19.07643415396495,64.83717353978923,11.570502780674532,19
458.71428571428567,133.53884140494367,21.402690829205607,63.573381323758994,14.82878393874998,19
458.7857142857143,155.52760537738996,24.73087474636422,77.49082446728633,16.230370946128893,19
458.8571428571428,201.37469488848367,26.591902919724262,98.59465405957681,16.180303055030397,19
458.9285714285714,186.99485094332442,27.66059992561505,95.53530992439907,14.770916803699112,19
459.0,173.0247853890993,26.644081387630486,89.13481496971897,14.207718996786642,19
459.07142857142856,152.75486517360866,21.247048557121726,77.56602251920144,11.37962505814865,19
459.1428571428571,170.07670709799095,25.152490859385644,85.05308360747163,12.127950621267185,19
459.21428571428567,179.08121671318645,26.66654365633069,87.14627524556099,13.217299931940751,19
459.2857142857143,186.7353146415615,30.9042661450582,91.82016822696984,15.543642614175388,19
459.3571428571428,181.30383539508995,29.221534735712332,87.4947170493519,13.065287567932575,19
459.4285714285714,173.1939847696592,27.490052897049786,113.91185323901662,34.27058459654533,19
459.5,164.28719356209936,25.058926317972308,105.51488139579223,28.677482614334775,19
459.57142857142856,148.66911385825085,25.497046395945706,98.11554076864317,30.484333786566882,19
459.6428571428571,134.56000721675184,22.16610343109425,98.15967798759209,28.682096235334715,19
459.71428571428567,135.24842239424507,22.11578461947125,81.62470714623248,16.38594202737343,19
459.7857142857143,146.02740965445028,17.077898775982867,77.96645378987184,12.605944791934688,19
459.8571428571428,146.0200822390176,17.59897349595183,88.08133146774969,14.255623568969165,19
459.9285714285714,168.7253532583701,21.594533212198645,88.97371270924623,14.598863454300526,19
460.0,170.65073238976132,20.46669058568339,89.76939236422662,14.190039979577708,19
460.07142857142856,168.6884745774247,20.950278827478215,82.70379823449554,13.349158671945126,19
460.1428571428571,159.35931625512546,26.088871024780676,83.50264774553324,17.914511968556294,19
460.21428571428567,158.57210082333864,22.693187977578155,82.87414361260706,17.616779554442804,19
460.2857142857143,154.03525046428143,20.15590406483106,119.56063890965207,41.693139228057795,19
460.3571428571428,150.58706293493432,17.740924009501416,113.28632576757897,41.982618123840076,19
460.4285714285714,152.96466411058887,22.10085375370898,88.32084292398739,15.873125135545479,19
460.5,172.44628596438446,23.36034473595965,94.4945695418843,16.321758953718376,19
460.57142857142856,167.92059747475795,19.840044006730956,101.99839277081504,21.999163297960312,19
460.6428571428571,163.01297420458846,17.227882866628672,111.33351948036804,31.455065553450844,19
460.71428571428567,166.14651644609972,18.320466631047942,108.46919572856261,29.905741825189647,19
460.7857142857143,162.89926341124365,20.843691591582083,119.23560061284329,42.96197387235018,19
460.8571428571428,172.56392545005633,24.523079456280833,127.74372843459165,47.70048099200136,19
460.9285714285714,177.11583711218776,25.9212198586169,128.6757236770886,49.79394634114724,19
461.0,174.1872232146339,27.155507969435014,126.59466545346835,55.52534623703428,19
461.07142857142856,157.86826581003365,26.94606827222575,121.09023191800568,58.79837645424512,19
461.1428571428571,158.63332390215106,24.51514019726686,124.7351286566584,60.083965891611506,19
461.21428571428567,159.84651422548356,23.951340007413474,117.82263028748483,49.69900787179268,19
461.2857142857143,173.42411946512695,25.89422629256473,127.53746095194859,53.330495473862,19
461.3571428571428,177.62559339758346,30.232435927801024,133.96334898748935,57.21464603116954,19
461.4285714285714,168.5345137895184,27.762328359108658,123.24582551300436,49.63032468931895,19
461.5,158.33695353343379,24.918619333543003,106.91808855504932,40.84001959861276,19
461.57142857142856,174.3997893919965,25.883726222375312,117.40447301397536,46.28467262368954,19
461.6428571428571,167.79116607031497,27.39259061661689,127.52548783557403,61.756697937837586,19
461.71428571428567,158.64238815747964,27.146451977927317,127.30666832013635,70.52174423169798,19
461.7857142857143,152.245806034021,26.33442206275249,131.12717396890272,73.34750569528991,19
461.8571428571428,156.5222210380186,25.674248343595963,136.04029090941634,72.84331705432528,19
461.9285714285714,167.5392735349491,26.67986929764189,131.54693493413603,66.43143854896307,19
462.0,161.6424562295255,28.635475343105465,122.92795222664476,59.55134049565929,19
462.07142857142856,146.18498568389285,25.976966093386288,117.09147133264885,62.516395986288316,19
462.1428571428571,134.93022213715437,24.605770550352318,107.80693243623494,55.64276194342104,19
462.21428571428567,126.37430168996595,23.5009318953125,98.42924750289124,44.25579877629695,19
462.2857142857143,109.94289899627479,21.9888142786241,72.598410724278,26.83012830361444,19
462.3571428571428,106.69139480835959,17.820794959300837,59.595267530156114,15.009086834294548,19
462.4285714285714,130.81897466373024,19.358525186431155,84.75261220219242,33.12104003186608,19
462.5,161.3828769012564,23.861861177636296,110.49044694698715,42.74563579751369,19
462.57142857142856,175.32254291615138,26.211732491885748,124.11402581525832,50.98830386732411,19
462.6428571428571,182.48551928194757,28.11663631421072,136.3617065465356,59.727103110677135,19
462.71428571428567,187.4200904583211,29.084203137591217,136.14533251208334,63.283574827047964,19
462.7857142857143,164.73021006135616,26.735525226063587,127.26539167027808,61.676777526690756,19
462.8571428571428,140.23801516479776,25.067149490840485,117.64022501331304,58.94167039016673,19
462.9285714285714,163.6229508331658,27.02245700553054,113.51598029145721,43.14761658697229,19
463.0,150.99579957835678,27.283297564467052,88.51650653117589,21.7548777555679,19
463.07142857142856,119.75562641868738,25.231690342248896,59.40937060881817,11.266556420452995,19
463.1428571428571,134.48901475002194,24.670854023340546,72.67881261028137,16.74367852453303,19
463.21428571428567,162.16315256310847,28.064268160209707,104.62070329559404,30.326705435211416,19
463.2857142857143,195.41787029286309,28.707286924729672,139.49429999876173,52.58209974861013,19
463.3571428571428,158.22984939273766,22.102806634315506,116.50600224267782,45.63189570129085,19
463.4285714285714,147.728716248464,16.33635894819672,95.66966087610442,25.475779876196963,19
463.5,150.43873968464558,20.306715370089975,82.08151421712788,16.88919203175008,19
463.57142857142856,171.27287162150407,23.71064259955223,122.15818956119142,32.568123041793186,19
463.6428571428571,191.6183618671706,24.32947055496821,161.78662599573542,58.98736079042021,19
463.71428571428567,166.1058296617905,25.202167558521108,152.08512054364823,67.07023531105926,19
463.7857142857143,155.39238985492264,25.538474570783283,151.84487230848293,77.66019491653114,19
463.8571428571428,146.69263599185814,28.72114425981196,136.8101323413992,78.49346549424159,19
463.9285714285714,148.87027080780038,23.66035613955808,125.63054454838411,58.4862402196031,19
464.0,139.53063499118704,24.594805212902006,102.43052198237774,45.33728386567449,19
464.07142857142856,133.19332378675315,20.736082281177463,99.67912443548127,42.36002358227015,19
464.1428571428571,136.12158311494923,19.190484783643022,108.64570893545019,48.517297241463204,19
464.21428571428567,128.13027913047424,21.183862058182665,103.83158322207522,42.52914726257591,19
464.2857142857143,131.04172754902226,26.368173168854703,100.06415108143908,39.680576517515405,19
464.3571428571428,135.45067783111318,25.680630902040868,107.10588679863677,34.9215007653672,19
464.4285714285714,136.71936690944088,26.512895243414455,106.76611570909199,36.76106972380375,19
464.5,140.18877165297752,23.698415614823556,102.67254897936664,31.540525591094145,19
464.57142857142856,141.8105202643016,23.274687502003232,94.94707235072526,24.161153170069664,19
464.6428571428571,124.64062251340769,19.913237181322117,77.76298281970823,16.84100630135452,19
464.71428571428567,112.5210266271458,18.709298054413363,66.98774088734977,12.768085910639455,19
464.7857142857143,127.73228398602865,20.353374296936515,80.68616046780575,17.962301519608694,19
464.8571428571428,141.04558998270457,26.462281894747004,93.25275170290216,23.431243080685984,19
464.9285714285714,123.08035403556082,22.61604386226765,84.09616549169826,24.87678961609239,19
465.0,125.97962675913658,21.05909320450937,63.31449778618794,12.337788031368644,19
465.07142857142856,124.64432274007375,23.265572664425672,62.67417032695495,13.848661075879521,19
465.1428571428571,134.16664986309925,24.73068072602072,66.40396550930254,13.830256615498635,19
465.21428571428567,146.836099108547,29.508074443408507,148.00841935271075,94.13460629586565,19
465.2857142857143,131.5000482665758,24.340600451591428,130.66122632301452,76.61133931819451,19
465.3571428571428,129.93489327375042,20.13873660466833,118.92653473626453,67.45977507302399,19
465.4285714285714,133.90362411261063,21.619020238207316,114.9363066866392,65.06456553860608,19
465.5,133.7637268562185,20.777696310399158,103.34493016285492,49.993771130935166,19
465.57142857142856,129.16923652853117,19.98854372525513,86.76448701586592,27.629185902732367,19
465.6428571428571,114.43400399802627,21.34965645116303,71.49142902654043,19.235129777616855,19
465.71428571428567,137.20907962730982,16.295445191822605,89.75289128048315,28.73484831814546,19
465.7857142857143,157.47233971132445,23.208279308472342,74.54610819841488,12.698422477510263,19
465.8571428571428,164.50534872289163,23.899590306704617,76.78857246648847,15.193288746956075,19
465.9285714285714,161.59778096413527,23.06851936366654,72.98229488806032,14.029069060281502,19
466.0,161.59450428197079,23.90270710091879,130.64012054703295,60.48656616174479,19
466.07142857142856,157.65890090180963,21.89220052218085,130.47304730082328,57.424901609352275,19
466.1428571428571,164.3087677932468,23.806439000043248,128.03671362154483,48.25105195994143,19
466.21428571428567,167.21159836127666,23.411329661520902,127.42816731759942,44.48416039504394,19
466.2857142857143,161.1252637070478,21.593620573947042,111.51404115288452,31.374285460116734,19
466.3571428571428,156.9278284183349,21.4107468097678,92.8134834168413,19.200165785874653,19
466.4285714285714,170.45598129534795,25.122199521833206,89.69206554781509,16.826954560525564,19
466.5,178.76411301553725,26.70442546580377,91.55313758189247,15.989383610611243,19
466.57142857142856,173.37031714271583,25.31041561894869,110.22419974612122,26.572206778007818,19
466.6428571428571,164.58239277963676,25.287793295671108,86.23896853752566,13.966324068121226,19
466.71428571428567,154.40463638458667,26.053571617159257,81.67423733145402,14.6983277704627,19
466.7857142857143,158.19134138693414,27.84044338054676,82.21661291916224,15.449925654118564,19
466.8571428571428,173.8698305916305,25.32800706317606,86.76547868025301,14.481734722299416,19
466.9285714285714,171.15554662601767,23.527300132560658,140.9799747436891,62.46938408379818,19
467.0,149.6478832937768,24.14624149944924,138.37777993702665,73.83423381790863,19
467.07142857142856,128.92327301031588,24.210280197577,123.01846398160735,67.74573374265249,19
467.1428571428571,113.5023212232529,21.70806211867327,100.78996586305767,53.064998574184266,19
467.21428571428567,117.70021316920788,20.12448999152797,94.45808763423372,39.3771105758792,19
467.2857142857143,118.34876762165328,16.65218728980887,81.64140355570477,21.483684239393828,19
467.3571428571428,119.01033095670955,17.33042936188411,74.8107122002094,14.34459763174959,19
467.4285714285714,139.99126366205996,21.25333189199446,100.17718248288965,26.51823362956792,19
467.5,148.1570221881535,21.830383290234753,111.46529945355013,33.03174903618163,19
467.57142857142856,152.31711877209636,23.678808303001546,86.85374421271253,18.47105373669393,19
467.6428571428571,156.43747091982152,20.212886517745876,86.99422564862746,16.21138975005362,19
467.71428571428567,157.08780644056554,21.169348550215258,74.95676005236366,11.316935449819622,19
467.7857142857143,166.75113490227835,22.796080346940414,78.66642258808083,10.521291504701626,19
467.8571428571428,167.14602242808468,22.012863531826063,100.20130503003361,26.100351603877467,19
467.9285714285714,164.51921233331805,19.739566038150056,100.72900320332649,26.87092428526039,19
468.0,151.37669185713827,17.627187221184077,88.98039897459942,19.155979629686232,19
468.07142857142856,146.41875019373353,20.786135966537206,72.91754605764952,10.994542887299009,19
468.1428571428571,150.5309907577494,22.042901080089884,86.04432968377861,15.264025425892752,19
468.21428571428567,151.659358499227,23.23366966635943,84.43412110095464,15.283450888501179,19
468.2857142857143,140.37956373085981,21.69267559551224,78.4305820692841,14.297948093425438,19
468.3571428571428,121.41894248569298,18.499697406286124,66.40648945650135,12.429150685135218,19
468.4285714285714,122.39587651380607,17.561711004139497,63.304378684185544,12.444422520670173,19
468.5,130.1491701698331,17.05266881821571,68.76459157990593,12.01659240321556,19
468.57142857142856,146.63114020446403,18.181048387713496,79.20820280885145,13.394870431217454,19
468.6428571428571,158.23159038983644,14.07428331978836,85.99465413793041,13.392570604915239,19
468.71428571428567,160.8780205746349,15.828792449761982,91.16491012008164,16.438397675363287,19
468.7857142857143,171.3461888845763,23.22984199551941,101.27793746266886,19.916730153514287,19
468.8571428571428,165.08073094701496,29.59189939431812,103.8853735932245,25.112247362867773,19
468.9285714285714,171.60499235999794,29.308595704019922,93.57302638517126,20.16158828804839,19
469.0,169.19459118650536,21.06794151277108,83.96368222500605,14.273618356385796,19
469.07142857142856,172.38871717754395,14.064371709420548,87.55947005379474,14.353280958233807,19
469.1428571428571,159.55000292850175,20.314949646868882,85.3119411075586,17.88104069614868,19
469.21428571428567,160.9457547924649,21.05652198520242,104.25715198113171,23.33717150033722,19
469.2857142857143,149.71875382124634,23.47722791993656,98.35053107817144,22.700186558894167,19
469.3571428571428,135.13770092947294,23.877342769647495,90.085193706181,21.326658116214745,19
469.4285714285714,137.436754029063,22.896305120905524,94.88673113974745,24.464978021452744,19
469.5,127.21203413756693,23.6092725653231,84.47627115387398,21.73652368981465,19
469.57142857142856,130.09685792154366,29.399196406037323,80.92091114544347,18.33897772672159,19
469.6428571428571,122.04053691032246,27.91709741051416,75.28002250676943,16.881298906296923,19
469.71428571428567,90.14453703701153,14.478763433279028,59.23955734990017,14.680193393590049,19
469.7857142857143,94.37498567742146,16.340944842441,68.6861034998909,21.98624445337509,19
469.8571428571428,117.27975678399714,17.004073533730942,82.52364261638209,23.793700914483118,19
469.9285714285714,140.92830569451647,17.952224161423956,93.74265558515381,24.735347496381838,19
470.0,147.67479169580713,17.33620963996329,101.98657344761087,29.188348243252012,19
470.07142857142856,159.86002006379485,20.416343181411616,134.21560290509814,57.86603709935097,19
470.1428571428571,168.11592835291447,23.7768980576521,156.2401764628564,76.75848439489843,19
470.21428571428567,156.47012260510243,22.16979679079735,134.34230816246836,56.329204484313024,19
470.2857142857143,163.82001532268205,26.06432641409888,147.3077625049669,63.302079371674154,19
470.3571428571428,165.26569396452172,26.226002742548676,144.75774571038613,60.36949245064802,19
470.4285714285714,152.69327589850766,20.18331998623846,124.9418771459383,49.65785599199068,19
470.5,163.17516840380608,21.38165334376281,129.82883952527328,48.26310355918143,19
470.57142857142856,155.7459848129648,24.142756515514385,127.84931162361617,51.232179191891696,19
470.6428571428571,147.38698151827342,24.00463431496909,121.21331932995392,52.764028200922276,19
470.71428571428567,129.26291035087036,24.66205005124657,108.21621533055041,56.98240803232179,19
470.7857142857143,138.25146635653888,23.793330993966457,116.88984769046608,58.34134307750624,19
470.8571428571428,170.2892641633592,27.55941010433171,144.84599767563046,68.28245602541763,19
470.9285714285714,168.6285896594331,26.503846418247498,135.55642828046183,60.405063710567674,19
471.0,163.02067450423635,26.163712539066573,139.81256329811495,68.39540811901546,19
471.07142857142856,119.35952818005445,22.691645199136865,115.26586039331455,66.67227175874304,19
471.1428571428571,125.99613940025594,19.88830070361463,123.25562049853862,59.74887233018595,19
471.21428571428567,138.80765216448597,22.865642649726105,137.67172387464169,69.45494896258255,19
471.2857142857143,127.30033711645333,25.620554070165664,147.52251457476603,84.18544799221519,19
471.3571428571428,132.87860209072144,29.199022443804868,149.97680389951555,91.69444059174404,19
471.4285714285714,136.21010233716927,26.27539597360875,150.96480566831607,84.01958066944904,19
471.5,168.9501223018222,31.57229735514924,156.88569205003574,75.30214952885966,19
471.57142857142856,184.62183236992138,32.7845487658098,170.45659060969288,80.99427103328696,19
471.6428571428571,202.54664139948864,29.852750002578354,189.662497652752,92.69936458814969,19
471.71428571428567,180.20370014540896,24.845125890928433,155.14730121803476,72.08419447528989,19
471.7857142857143,179.3992892211983,26.907984716726936,156.12368715118274,70.68251986853386,19
471.8571428571428,189.6744876921695,25.636088362362557,161.4363162515746,67.97520241736198,19
471.9285714285714,180.29622528455855,32.13224254183284,165.47274898847726,85.1205379286939,19
472.0,163.41764959333295,31.9480462393592,162.29262272220376,93.37751850633357,19
472.07142857142856,152.63739568631965,32.56586338583959,154.48467274823184,89.81848229086052,19
472.1428571428571,165.5245153399913,30.271524642114418,152.99480214121616,69.79284453566487,19
472.21428571428567,151.6648747797654,25.93075440564051,117.71430616277516,43.15483966232837,19
472.2857142857143,146.50154312745784,30.95108377657855,111.88374195795262,46.290435108439,19
472.3571428571428,149.6834466724271,25.2368907572727,130.2755003888776,63.06893881058174,19
472.4285714285714,163.5157002256555,30.436334318682363,152.4480755904842,80.59599821423038,19
472.5,194.664626862421,30.005137889895323,181.46271011162662,92.27434709837293,19
472.57142857142856,197.7889894769775,29.18903478488194,176.69337686060308,87.76643280274553,19
472.6428571428571,196.7387336042679,28.37088441215906,179.95402587791267,92.90285945922851,19
472.71428571428567,174.70608295128417,28.635919781265333,169.46177662482802,97.4149008218278,19
472.7857142857143,186.75007440488818,27.48173692076579,183.46462406452358,107.12956223276119,19
472.8571428571428,190.61991965283897,23.66411477712107,167.47154226015067,83.37571220048088,19
472.9285714285714,173.07533777983502,23.722301208724204,131.07686365721486,50.9298710925325,19
473.0,179.54598923557748,24.839501841324054,146.7090222250684,66.14411912994268,19
473.07142857142856,188.1940247352307,23.98911139226364,163.78576774596755,82.53792430281351,19
473.1428571428571,185.25093909760525,26.527846864201287,160.88910343388153,81.79252494160946,19
473.21428571428567,183.4548393683046,27.577629368832497,154.884900028121,74.20388286769747,19
473.2857142857143,164.8849566113173,22.043225732854133,143.2880898525528,54.24826086997299,19
473.3571428571428,161.53246171227963,17.08017951940658,141.63117750979882,54.82703996034738,19
473.4285714285714,153.142541403769,21.431709445112475,140.6954080369361,65.28730681333651,19
473.5,158.53909548138634,24.689171439014224,150.8556468521873,66.55679158090723,19
473.57142857142856,155.0586387404669,25.223599788558943,135.51933428717786,53.444819512194464,19
473.6428571428571,148.76616739428678,22.845812935059584,117.09043389913651,36.16777473456767,19
473.71428571428567,124.8351283292191,23.400828270200694,113.30021816752932,55.431721235879685,19
473.7857142857143,136.58243573732764,25.314477997782696,131.3989992989367,68.47537563601225,19
473.8571428571428,161.26614348569117,25.630349541163373,153.21089053198241,73.57759152715121,19
473.9285714285714,147.61591829871153,25.32388766345358,134.68611363555496,68.78803060524749,19
474.0,148.68608478604577,22.757634867485045,125.00181271810337,52.04959468564938,19
474.07142857142856,157.44951540366483,26.066331419833567,139.43763371298616,69.53302638695008,19
474.1428571428571,164.84575362149607,29.19768446865176,151.11575103309193,75.22297905635885,19
474.21428571428567,170.60355456642978,28.121268098453616,160.65127274191502,75.00626649413478,19
474.2857142857143,169.98516827765465,22.932774814722308,152.49983081278154,62.819123616504584,19
474.3571428571428,151.85482258786033,20.40055737609589,134.09152205320967,53.43432418226359,19
474.4285714285714,147.27894728275191,23.167126723495073,135.56073347506677,66.99252597741521,19
474.5,151.49461605468315,26.63791993838064,152.81901448431466,83.68805149434002,19
474.57142857142856,155.3544997038068,26.584954364400602,163.06770936462166,90.79589237592229,19
474.6428571428571,154.74884689395452,23.170157160546847,148.4826013966582,72.4619059146001,19
474.71428571428567,143.72367663752345,24.90691926027027,138.9364014433936,71.1302648023091,19
474.7857142857143,149.6357980284827,29.69442952934689,167.49992044396456,100.23468816182948,19
474.8571428571428,157.3864716666404,33.578099015279,175.89098669288504,105.14225268961756,19
474.9285714285714,163.83871129664092,35.174123412128075,180.4371248621952,105.40657610084754,19
475.0,161.47680906807778,29.949871991475963,157.3449553338046,82.84255275503233,19
475.07142857142856,141.74105098934936,24.722965039697566,130.80597634870603,69.90516711304612,19
475.1428571428571,141.49210568862281,23.899487233096107,141.0046135661695,75.32582053822658,19
475.21428571428567,154.3528508056862,31.73276819008049,160.12785049889197,94.56572298551711,19
475.2857142857143,160.2592307197399,31.684386876325718,162.47923150133926,92.7209425446448,19
475.3571428571428,148.4980872736412,26.965321340988528,140.5622417885881,74.10094650168607,19
475.4285714285714,137.4870600407428,25.373038206142226,129.7226023621564,62.26230223545819,19
475.5,149.667901694247,25.618745465749736,139.1572974639463,67.24454121273416,19
475.57142857142856,166.5891329256295,26.019008949222922,155.62798317087777,75.33007836073504,19
475.6428571428571,161.10823828891705,23.38073968694886,147.9027555844736,69.24161055023436,19
475.71428571428567,152.2503808033637,20.409740185223583,133.19694042399584,56.86356584178617,19
475.7857142857143,166.0433032720116,21.424163469009756,133.20295819468052,53.0362564557646,19
475.8571428571428,168.26146738212307,26.552550969504836,156.52321614060094,75.48590389985084,19
475.9285714285714,178.7717193392204,29.79697804310283,175.87482859881925,91.19144370756786,19
476.0,166.16253429294335,26.30604185615422,164.70163177233934,85.6657747535024,19
476.07142857142856,149.40308776586087,27.898312491867742,157.88609969789354,88.77027397355974,19
476.1428571428571,149.95162773630233,25.267886349453278,137.49506165302412,70.27789988092144,19
476.21428571428567,153.2904010690492,24.83712802969879,123.3669814408147,50.619166455652476,19
476.2857142857143,157.14923097535544,24.385089901442893,122.20904442737405,51.48075748772121,19
476.3571428571428,151.59154733029132,23.278117560097606,118.67055069694965,48.25351607926722,19
476.4285714285714,160.8737230482457,23.849859798307047,122.3233211243886,42.73611063783491,19
476.5,147.3002577693859,19.945765956521733,113.87143927301449,44.72065765549819,19
476.57142857142856,151.65908094139627,22.449901434345755,127.06263070428142,58.23691963117452,19
476.6428571428571,158.60441783946752,21.98481051749905,127.80773478310576,63.797621479279556,19
476.71428571428567,156.08705994469375,20.974535636124116,123.56238885129598,59.433136914061805,19
476.7857142857143,149.827590485243,17.83188822589003,113.20857028292842,43.63026688004983,19
476.8571428571428,146.14022704439813,21.624466548442637,71.88211564001423,13.43733074051736,19
476.9285714285714,167.2803475366401,25.04021213563963,129.25373522421782,59.52314103652603,19
477.0,164.87865459318772,25.138247070125708,123.66932354002321,56.62388188519229,19
477.07142857142856,152.22937549781497,21.98928334016461,116.55937421773746,39.445608317796044,19
477.1428571428571,148.91531376627535,17.855970321080296,118.35968278550948,35.92244711419536,19
477.21428571428567,137.60563777137713,20.69711776159575,112.86892623254276,43.16902495186312,19
477.2857142857143,130.25997248015238,18.99181160715005,112.9878085388715,46.55936740087267,19
477.3571428571428,108.59912144854921,16.45326197268017,98.5919881911747,47.175392300552026,19
477.4285714285714,113.62160776471741,23.052758505800494,100.78314083771552,45.641647630263705,19
477.5,117.08570820627185,21.250290365853623,117.24820704939344,55.2424332394772,19
477.57142857142856,116.52445482121999,20.03876898781573,126.66668503522025,69.45612514226136,19
477.6428571428571,126.38418223004668,20.075862519777456,127.77600623217101,68.28290085748108,19
477.71428571428567,101.20576947171446,13.579327087262708,56.83520550330627,12.976827446229208,19
477.7857142857143,132.9496779389108,25.449248495831327,130.84489839141554,62.220522198533445,19
477.8571428571428,129.5564975776098,26.014420550268998,128.58437343964582,69.5190655249586,19
477.9285714285714,128.70433909493215,24.794322802562878,122.78793864634534,63.16484505086284,19
478.0,146.81991025285578,23.489893129792268,132.53338040867635,62.198234297991235,19
478.07142857142856,149.0746486307166,22.21217103204418,118.35791922554924,46.70453014220567,19
478.1428571428571,134.12922105927265,20.937881153285208,98.3528452595016,32.91279092761402,19
478.21428571428567,141.40503155681373,16.142877419466412,97.8088675503906,23.571652305999983,19
478.2857142857143,138.4667772551937,16.651510707687773,92.44091838812122,22.038365834332435,19
478.3571428571428,142.13877117625842,20.584089039325526,121.32182131008867,47.20176509334465,19
478.4285714285714,143.46754624310245,22.738561990931345,131.92750366385317,61.72046272468479,19
478.5,145.69018270275754,25.243996692388507,143.7146697907136,75.4810658696732,19
478.57142857142856,134.94585808651647,28.294079961530635,139.8556661747802,85.68042833347111,19
478.6428571428571,124.08332105707687,24.550316599575204,128.17772669293493,77.11971467497818,19
478.71428571428567,128.67237837060554,25.162179895409253,140.4238990319337,72.80322487096967,19
478.7857142857143,129.2500155299385,25.676442124302696,139.74112598162833,74.15769249551764,19
478.8571428571428,129.46374827846864,25.17711135106115,138.50616734349788,74.12682593155117,19
478.9285714285714,117.62148707384722,18.215201994538415,117.8185181321276,61.178964983102084,19
479.0,117.92378380273024,17.762550935383075,104.32026941920633,44.16469425489423,19
479.07142857142856,109.89200236626343,23.983119798492933,108.43144452150935,60.647708090911905,19
479.1428571428571,124.28278394316045,24.74956003313574,120.72169819351636,70.40152954171965,19
479.21428571428567,122.80181607394455,25.126553877571663,118.89459744605838,71.56851789711835,19
479.2857142857143,113.020042218105,24.961458132808065,119.09393453423641,73.90870984756138,19
479.3571428571428,115.3617514539991,25.167805260641224,113.21043435115497,70.95703540087231,19
479.4285714285714,117.12189649949624,20.891668514378775,107.40600319773476,60.340435313390834,19
479.5,109.78119961392593,18.07904449044945,93.40049537847692,47.15677635148681,19
479.57142857142856,125.11116706439188,22.67869875399216,96.40270938229506,39.22610728532351,19
479.6428571428571,130.66333057916867,18.60305480151188,86.07996282549972,24.650872758488344,19
479.71428571428567,132.1463865130482,17.854728368923325,74.76495979199358,14.938253409011407,19
479.7857142857143,147.20475738321178,19.074287565244767,83.39996789630635,15.929118679145228,19
479.8571428571428,150.8327317294507,21.0161601089413,87.51481140065724,19.208559989099435,19
479.9285714285714,146.5258957189841,18.49657644653779,92.18395944835436,19.476454353746156,19
480.0,142.62426232591062,21.36409413561717,99.84547726500806,35.326709344285575,19
480.07142857142856,153.7833117610362,23.418987939610194,130.19691161754403,55.63499852648632,19
480.1428571428571,146.7201404646491,27.39941082604734,148.2447692168464,81.81679509452387,19
480.21428571428567,159.04581804217372,29.561255326465403,156.87736305112963,84.25442174323092,19
480.2857142857143,132.4897601745681,25.199257477843656,133.61831092853473,75.24826899145849,19
480.3571428571428,112.14572540399234,22.548342383460028,111.57129411900297,62.457034981198554,19
480.4285714285714,118.60498013704706,20.571418143839416,97.43276439360129,44.88121102055066,19
480.5,120.71866025432409,21.095507954816686,75.90111423174987,19.776200615729294,19
480.57142857142856,124.89269216958904,21.225177304797644,68.18050385477491,12.269685900000368,19
480.6428571428571,129.01054826269913,21.107556182944194,73.93768457687739,15.7284790710542,19
480.71428571428567,140.18742987718994,21.159936113432277,84.97593003960837,20.421774317046342,19
480.7857142857143,152.519714748846,22.89005004115702,97.87198591649683,25.829299063450524,19
480.8571428571428,139.62356218629697,23.71885693491956,91.97325825691742,24.80030476379298,19
480.9285714285714,111.94448997961165,23.0235966868313,64.1716284476838,19.351343446198058,19
481.0,117.11584887941561,26.774091357072344,70.01847971515357,20.46076991097426,19
481.07142857142856,111.34419574531567,26.044957536579837,70.27462257054813,21.798956953443412,19
481.1428571428571,112.69631701234275,22.066404899958776,76.24766477677147,23.06885902351652,19
481.21428571428567,137.29739394339614,18.75547561811447,97.53734452513625,30.349557234661567,19
481.2857142857143,146.2017223944372,24.003769441018317,105.04150615384529,43.42672001333011,19
481.3571428571428,151.1902891611881,27.426622030273432,103.670146416587,42.49277949839844,19
481.4285714285714,167.95274788997824,24.175742654791037,108.8319175744136,34.6433869846988,19
481.5,151.84990433733225,22.14274223107145,95.23254958718503,30.946308356672283,19
481.57142857142856,145.45018324296143,22.290176948645698,92.7111492513884,31.01267212829918,19
481.6428571428571,145.4823703391532,21.96832128500195,92.26535822022872,34.963401255957876,19
481.71428571428567,137.88917881811753,18.930091517429045,90.13880785781139,31.819767498184852,19
481.7857142857143,122.78843551995297,20.263531068945838,73.77707621159404,24.69718756667115,19
481.8571428571428,113.5274652826255,20.46303248776606,63.91393424440438,17.63191802362141,19
481.9285714285714,117.9733904518365,20.66815708170491,61.83131456640214,13.538088797083432,19
482.0,125.4908400661148,23.88331730180837,67.09917054566478,15.957178272402594,19
482.07142857142856,121.74977698750307,24.031678486903502,77.49506815841222,26.729289301482417,19
482.1428571428571,107.8537435427808,21.577977612604755,84.66338832117543,40.3557903059714,19
482.21428571428567,118.15043713534048,25.51140055325256,109.20676964591277,63.878214873876104,19
482.2857142857143,119.31491610890707,28.525078191707546,116.0301422564757,74.57549336420084,19
482.3571428571428,131.3551560254699,30.94540911375833,122.94239990242542,79.06658970520165,19
482.4285714285714,150.6506837318781,27.98391275718583,128.22131178332853,75.52846370272364,19
482.5,152.5985867415495,25.120083705162298,123.86732405529123,70.11540568326696,19
482.57142857142856,152.94804627663967,22.896397240250838,117.21602743997273,58.87102950021972,19
482.6428571428571,153.7197157535152,24.506889288434834,111.65111051207704,52.349258901309774,19
482.71428571428567,154.09755526588032,25.21855365061349,98.48017614919603,29.762904921672046,19
482.7857142857143,137.399827894914,24.615143049734066,71.00930641007429,12.078408014860196,19
482.8571428571428,141.1686562524191,21.916576673820867,73.67138653815239,13.324553703331759,19
482.9285714285714,122.95743337444794,16.19231630920794,85.42579440595824,26.861123611320924,19
483.0,123.8605958416076,12.728314099397737,97.17570633122702,37.40308678648899,19
483.07142857142856,116.85915966842354,17.30903279028106,100.71317330098398,45.84070542763339,19
483.1428571428571,126.92073993323935,18.72675094491001,94.13865724952144,36.167067751052656,19
483.21428571428567,115.02867770384054,15.400700531670658,78.39287812468503,31.62120136626228,19
483.2857142857143,112.4503411158979,18.445174937988455,69.54018851493618,25.759267118621143,19
483.3571428571428,127.39285399013232,19.587868911960424,72.2894035395468,19.98928868855554,19
483.4285714285714,127.98410814882247,23.23008380218905,71.70832778472327,21.925760952268575,19
483.5,130.74560395424834,25.123435636175547,56.12393843327915,12.711389524495017,19
483.57142857142856,124.22206102710992,28.386511468417943,54.499808372753044,14.91938505749009,19
483.6428571428571,134.63982051167008,28.320531328035234,58.32899927108664,13.619601036396723,19
483.71428571428567,137.3361300112429,27.694146465403477,58.825660149798054,10.851080196932598,19
483.7857142857143,136.26013953860647,27.055404992023437,60.27112781217806,12.007568787926022,19
483.8571428571428,153.18468063282774,30.634816418167645,137.15373698400964,76.77770828082167,19
483.9285714285714,149.31741810665602,32.150917178994916,137.8660614186583,82.57318142311681,19
484.0,148.3208797783735,29.446649455717385,130.49383438049966,71.52476380163188,19
484.07142857142856,155.2484126771163,30.90763948554647,129.80531501680048,67.76767970922468,19
484.1428571428571,155.6624857790949,27.490537293208558,115.6503689624688,43.694837740140194,19
484.21428571428567,155.26938355559088,26.917844256266015,94.83069204827352,22.054401567840884,19
484.2857142857143,132.23050383314347,26.48440307216935,66.88221114927924,12.86880075706377,19
484.3571428571428,129.84268749602722,24.04110928114892,79.25807358475942,25.968621039062278,19
484.4285714285714,100.68799857386983,20.891444572402722,72.77589210527252,33.58319846747164,19
484.5,102.74837321482977,20.186138915468707,45.734022200213644,10.059151148112052,19
484.57142857142856,105.58663709822677,23.31005083638946,51.31187232193614,13.735755227043919,19
484.6428571428571,112.65862471868854,22.586051530218853,54.17289847031436,13.633642578475024,19
484.71428571428567,110.94686071408306,22.944204532012805,54.77054215822184,12.858217579892017,19
484.7857142857143,115.13986546642414,19.68451824456986,85.9811669913225,33.8675804428468,19
484.8571428571428,117.4066941209938,23.35875354818776,84.71394051831204,34.08984483616196,19
484.9285714285714,124.01886171756138,25.23094124969864,81.90335104771452,31.709419593410313,19
485.0,124.10238308016152,23.06201380917267,83.29396068826713,31.05663349453521,19
485.07142857142856,123.33814040672178,22.416542513473043,84.98420393730309,30.266985485432528,19
485.1428571428571,116.62226771536682,21.821397508903715,73.24459832005105,21.78794896629493,19
485.21428571428567,116.92394403068887,27.0619146292092,53.00465898722341,12.457414636526538,19
485.2857142857143,117.2964840451175,27.649556804527485,50.961680752404725,11.1934020236046,19
485.3571428571428,138.5222941737164,26.060900172937938,65.47288302131984,14.454369294136312,19
485.4285714285714,130.67665308477265,20.778234950758534,59.21477173920169,12.06420658893688,19
485.5,119.67922289042716,19.643569910492662,51.777640863015755,9.642982083032702,19
485.57142857142856,124.82479125807164,22.40859957663831,53.79623194626394,9.485021226033565,19
485.6428571428571,130.55892066135928,28.544102897707806,57.86755020999562,11.927103472252405,19
485.71428571428567,133.02463913035706,26.11717277513562,61.420154445787446,14.006438441577068,19
485.7857142857143,132.61839070070107,21.192885570889118,61.82711797104419,13.170983908146654,19
485.8571428571428,121.91001539008069,19.69617705108504,59.28799708635455,11.019113391247252,19
485.9285714285714,122.23038614867315,25.204951176632303,55.165458972907345,11.367070729882487,19
486.0,130.43032914306139,30.203080395875165,56.28558485294907,11.788011487137497,19
486.07142857142856,127.7847009601664,34.22478146337462,55.9459370434209,14.89114000112593,19
486.1428571428571,131.6275004779634,30.652686612756995,64.49245168447659,16.00308112610843,19
486.21428571428567,135.47978677948043,26.720391153624206,61.19953292681392,11.610995352815431,19
486.2857142857143,136.28439607268098,30.089113223133445,64.02035986622083,13.215024273070625,19
486.3571428571428,133.649560568386,31.73996942478958,61.91996801694776,13.41273189690586,19
486.4285714285714,125.945013533474,32.31959513871373,54.856539343158325,12.77034106297511,19
486.5,127.98390557015371,29.730857131113677,60.66777289909538,15.00579130761387,19
486.57142857142856,112.71656548161705,26.079384047283877,52.50449267323181,12.351358806970985,19
486.6428571428571,125.49115486081068,25.374384264813497,59.39839735626311,12.593986181718211,19
486.71428571428567,142.28349538460608,25.718426605331352,82.08725151224138,19.833106514423186,19
486.7857142857143,140.42631127909837,26.621637091181256,79.44353822133469,20.966384946264366,19
486.8571428571428,135.52131078447678,24.863336015142437,71.88500252419178,19.87449776677984,19
486.9285714285714,133.15919753643576,20.15415763152068,78.95406298963793,21.892846866229707,19
487.0,148.8772775646123,18.33733884308227,99.69807205470956,27.3530040225646,19
487.07142857142856,146.15204617464684,19.95881396163905,108.26591170567,34.75197870186393,19
487.1428571428571,142.52348795038736,21.536661818837988,106.64028284650455,36.85840363677151,19
487.21428571428567,141.56449730371486,24.68828801902406,102.18106221767997,34.08764180732484,19
487.2857142857143,138.77711229163393,25.5886703454149,96.61212949159945,34.29896088225522,19
487.3571428571428,135.10924407847642,22.420370364487585,99.45125754873493,38.32750199843871,19
487.4285714285714,126.35055631966728,21.175753104598485,98.524481517546,47.50152425548081,19
487.5,136.9825719136721,18.200459099529397,103.80553469785166,41.65570535778158,19
487.57142857142856,137.62110361921958,21.087829996598003,96.39965173889252,40.33652131565637,19
487.6428571428571,145.03609559455546,24.24836267783866,107.62491829369638,49.42878547882247,19
487.71428571428567,139.61722280632608,29.02864163151145,122.28424285765466,70.56900292837268,19
487.7857142857143,137.8490179248899,27.2965014455343,124.66112689440482,77.5690759620264,19
487.8571428571428,131.85199432814,25.139513940554657,119.25453588290823,71.03258187862684,19
487.9285714285714,128.46236760122312,20.90339065373673,97.13463944222904,46.528889746889874,19
488.0,128.0885584684806,21.37934655666713,101.83174199573881,50.83084861892003,19
488.07142857142856,120.75962550677521,22.679332004355754,109.2919306917507,63.916807261837256,19
488.1428571428571,115.6536549834196,21.868364250814494,107.75139128530235,62.207803481770924,19
488.21428571428567,120.13099512809882,23.391502586318477,105.54961736919927,60.89022954145733,19
488.2857142857143,129.6397568666213,24.658954063869835,108.75769701248845,56.93337778618568,19
488.3571428571428,141.08611440852414,27.29873352526299,114.6611272182585,58.84722793009798,19
488.4285714285714,153.65428422957535,29.395246767345792,124.02067769811843,64.2266729055348,19
488.5,152.72536478602757,30.43960852778304,124.97516653251553,67.5902317387309,19
488.57142857142856,151.18506011612644,26.824568897278922,120.67622164886345,57.89837792580388,19
488.6428571428571,134.88848248369487,23.657636464283904,114.68198155495138,59.798212110662625,19
488.71428571428567,133.83899482797443,21.089865393187374,104.55472373956776,52.29401664926361,19
488.7857142857143,153.37550097968875,19.861992462616925,126.63887876560284,61.745175171863686,19
488.8571428571428,141.56573147212336,19.654167879197445,113.40015700563816,54.821906960014665,19
488.9285714285714,133.2094170373998,21.14796677735388,116.4593688128177,60.52229960478224,19
489.0,140.1252954033764,23.318044077967105,124.47315535463397,65.37242985246998,19
489.07142857142856,155.03820457327376,26.37345511344097,141.8459570695235,75.74994763279389,19
489.1428571428571,170.97219286607216,31.34264712952064,160.2171256550394,88.73424882308687,19
489.21428571428567,161.88688692049644,30.730113008429385,152.2654596119914,84.18229887844925,19
489.2857142857143,158.09962629360803,28.225469433164026,146.69589280709658,77.79542337710636,19
489.3571428571428,154.75117356992794,27.682216990600782,150.28159721301145,82.97975937531106,19
489.4285714285714,127.45631742105148,25.966996399667178,132.6387012489687,74.60036977413208,19
489.5,131.21380243505774,26.988279380918396,136.24731547739378,77.65456960021132,19
489.57142857142856,136.39544016942574,23.29642663468175,122.40516635348132,63.238020700344926,19
489.6428571428571,157.41285496968052,27.436362802101307,140.3616026204875,70.43339813285748,19
489.71428571428567,163.75546627795052,26.460556762690267,149.3153172439808,77.52843640086134,19
489.7857142857143,183.81349811436164,29.02736096393484,165.03009420617332,85.06701958505366,19
489.8571428571428,190.9831633218288,29.939480383149558,172.05704170856768,86.10300302379382,19
489.9285714285714,184.1461481375762,30.073443511781086,170.09271756678805,87.70944641094229,19
490.0,169.81935510337973,26.062763288682092,155.72996028743725,81.32019206257941,19
490.07142857142856,153.9302803038002,25.457474390029926,146.03073951459345,80.63059963515384,19
490.1428571428571,155.93945506074488,24.894032916372627,146.61083155149527,80.03167891940707,19
490.21428571428567,146.31194281091996,21.921076542796428,122.06354567837393,63.79006349301722,19
490.2857142857143,146.10093123056143,26.866817792650043,129.7555438735854,72.21750705499304,19
490.3571428571428,143.244995982574,28.55747948403717,141.8252251786154,80.30773009752998,19
490.4285714285714,148.17075559816345,30.602774271198598,149.13479314966386,86.33157366813433,19
490.5,141.0177262753746,30.23599343686692,144.37359997971134,81.95752261644206,19
490.57142857142856,137.74583135114244,27.81907472812749,140.51351882540794,79.26655624688233,19
490.6428571428571,149.83622309899374,26.066580817131587,146.66965203638026,81.34146819155634,19
490.71428571428567,159.19161307817072,27.683509459824815,157.54251963646337,87.90103062478653,19
490.7857142857143,164.1785917980032,26.4156922730085,157.20818814143163,84.21591818516876,19
490.8571428571428,157.96737563378028,22.51177271854619,138.13451368498397,63.84902981832868,19
490.9285714285714,143.40246726518797,21.30110622479117,123.2044178266936,55.2974618754561,19
491.0,136.1204601295351,21.535269000822833,127.21752738168495,66.12610309066407,19
491.07142857142856,140.95331959774194,22.391685264591267,130.6600342683327,69.25631064273198,19
491.1428571428571,145.1145101263067,25.587699056403824,132.3498808314486,69.02097279328446,19
491.21428571428567,145.53448183477005,26.495310009871115,133.82396776726551,70.36114491284526,19
491.2857142857143,144.44026909893856,28.246122456210728,141.47766685130205,80.7967272855433,19
491.3571428571428,139.14818050026207,28.49749278152555,146.92407234740188,88.42370520092827,19
491.4285714285714,139.7475417910633,25.832772643689836,147.98211866952798,88.80352180694844,19
491.5,140.48859583447978,23.81107436823671,135.22377609120852,73.10379064931413,19
491.57142857142856,145.09417855675386,20.565593885614604,120.06817100080119,59.2745971360035,19
491.6428571428571,127.5370361137676,22.436673973123053,118.715960872623,68.24372665198683,19
491.71428571428567,133.902677322048,22.79095946884136,128.69113519227525,75.56221992930872,19
491.7857142857143,153.03316373246622,22.3812201212338,142.0149037424716,79.32422919274471,19
491.8571428571428,146.03366249542907,22.254457719696433,130.97159825638144,61.55436735338378,19
491.9285714285714,147.7860455479393,22.68731205870224,135.030690944942,66.25986994484764,19
492.0,148.66539998540438,22.949253493785882,143.7975675186065,82.14066959712059,19
492.07142857142856,137.99844716318242,24.35402921448818,142.3918350406674,86.15200176939896,19
492.1428571428571,139.53702321774617,23.025662185054486,127.82443770046872,67.65886060988778,19
492.21428571428567,149.00948859069246,25.995090694579144,123.75569428938765,58.51881608621234,19
492.2857142857143,163.6894050398497,31.27470491407642,145.29530142512417,76.55501312752622,19
492.3571428571428,167.07995749214558,30.159677014656687,151.45385090140485,79.85342051482809,19
492.4285714285714,161.08433393089322,29.529586938697594,151.72202044397693,84.29788838600982,19
492.5,143.97717793405317,24.486186872545584,137.71362420759988,74.69977446799693,19
492.57142857142856,164.71375702214658,25.822729084429,140.28264654503892,72.26240718194765,19
492.6428571428571,159.17917094422768,27.787430726723603,157.02645758688627,92.8302434693087,19
492.71428571428567,145.4957803614095,28.34904548966712,153.2381802118727,94.13132619729623,19
492.7857142857143,139.70678787039645,26.085731785165212,145.38297748452274,89.40942537707006,19
492.8571428571428,126.48462705616858,20.8845350431553,118.17610887780893,67.0065694843301,19
492.9285714285714,118.29323395232174,22.475159558308157,125.57197419207122,75.51017876807775,19
493.0,119.27543491633878,26.333273181068954,138.62274897787532,88.4566425798211,19
493.07142857142856,123.34660890111432,29.078485906651174,150.43635289506648,98.95851768886318,19
493.1428571428571,114.37340635690252,25.089311958143952,130.32511611224652,80.80068428940015,19
493.21428571428567,116.109488410124,23.09097493944876,128.52241556955275,75.98754744650046,19
493.2857142857143,134.1302006288096,25.958060136693774,144.70811709159128,89.80612218531193,19
493.3571428571428,143.14596018486742,31.82035255245909,163.75149408028227,111.85584195172264,19
493.4285714285714,154.884371655697,35.23145955823312,178.18451822494308,119.98834071251652,19
493.5,154.83609458805287,29.29920828244143,160.83472897185854,94.33907333531221,19
493.57142857142856,144.84773999540332,22.502586254399823,132.47012498385726,67.53705205597187,19
493.6428571428571,144.23901510543868,23.51041680891523,142.52407303107623,79.69259816690926,19
493.71428571428567,145.67832774013524,26.36886290205063,154.0747550551174,93.5859800817036,19
493.7857142857143,144.16691507947922,24.21784871106062,144.88798670569497,85.41811954544544,19
493.8571428571428,140.54216012421858,21.576299225677644,114.64009051050942,55.68493742005185,19
493.9285714285714,120.45464803284085,18.983004401633405,101.64935249595428,45.63432865563443,19
494.0,119.35819750567154,21.943061420972036,114.49263368372797,66.35269357256428,19
494.07142857142856,115.92122999345398,21.79773976578862,118.05135585282413,71.72587903138223,19
494.1428571428571,117.46507475754277,22.688519113374646,123.20822020972658,74.76051382543362,19
494.21428571428567,107.66118312860837,22.560938610997287,117.3899641889112,73.83982660603067,19
494.2857142857143,98.82917497361156,20.552987457473094,110.5084702482319,69.52452722425011,19
494.3571428571428,115.71668518668216,21.853541241461947,120.85051825610886,73.35488147993003,19
494.4285714285714,137.91540707476855,24.469075290694086,137.05000768865114,78.08496451873262,19
494.5,144.89759439273627,30.584644734843426,151.03289742236083,96.4759253718344,19
494.57142857142856,139.4024965507054,26.63558596558775,127.56612912950014,75.81809796605049,19
494.6428571428571,137.32225166785284,20.300236616201737,114.55671575474183,55.67553645362912,19
494.71428571428567,145.92484509620297,23.749620703990868,136.7033774113016,75.12163288605075,19
494.7857142857143,142.985106317492,25.300050756316697,142.00037336358912,86.24194770893601,19
494.8571428571428,141.99418641814992,24.617953870332887,141.35448605157643,82.93340239671129,19
494.9285714285714,147.28064890446822,26.00797854875089,147.4787305310101,91.30340208846745,19
495.0,152.53775242821558,25.28261856719765,146.24893401020418,87.18626601640166,19
495.07142857142856,141.30334054921155,23.86795760779053,135.31388974982357,75.43199434639298,19
495.1428571428571,152.28266845509788,30.18328113769469,148.65003032642724,93.79622151546045,19
495.21428571428567,144.63000633681733,28.762110487458003,140.58536837546927,90.81809585732731,19
495.2857142857143,139.4243077539743,24.66018416590622,117.19943828971239,65.03385353283713,19
495.3571428571428,144.12315137671933,25.694308312012016,103.13591460621878,46.21616648922715,19
495.4285714285714,148.65916570244872,23.41792774921578,117.16849025693122,57.99439960525431,19
495.5,139.2226535851763,24.055161632723788,123.49031296310861,68.30249875218988,19
495.57142857142856,129.90159460246971,24.23374264497934,119.79887606177606,69.16447819051966,19
495.6428571428571,128.6571530812497,27.625941739905027,125.1970160587664,75.12555876851503,19
495.71428571428567,146.55542714462987,28.10842274080542,135.89484540157767,76.8964970140813,19
495.7857142857143,156.88528753734676,27.25330107700428,143.38432527290468,81.51967638357175,19
495.8571428571428,149.7076044197698,27.07845765900819,141.1465553144312,81.92497373081557,19
495.9285714285714,166.2928481565494,28.91786299677856,159.08390123214082,95.79940118005439,19
496.0,144.90264096145236,25.63133572144348,141.05877250243745,81.91150353202865,19
496.07142857142856,133.9132669391602,18.899928423891833,109.15343391588489,52.721867969151006,19
496.1428571428571,125.78331270077436,17.17606924563894,104.00385200809363,49.89054698440088,19
496.21428571428567,123.42146917150427,16.92429034166243,105.36685060123773,55.452046904944496,19
496.2857142857143,110.49383890399798,22.363174847397836,113.8115134640432,71.6813471011178,19
496.3571428571428,103.98130698465462,22.357075384530088,110.64666581656827,69.57590900994136,19
496.4285714285714,112.60373284366037,20.146770727181913,101.44757590945574,55.16860752933877,19
496.5,124.27070822492918,25.95636937485288,126.89407840866214,77.28533849114793,19
496.57142857142856,137.48220507148267,30.37220619595561,146.00615723638506,92.15269919779091,19
496.6428571428571,139.7551925388086,31.566257439660426,147.23229458320813,93.39503206450136,19
496.71428571428567,149.79506808348407,30.100056752871403,143.81176582910356,83.11207306460601,19
496.7857142857143,135.34220970125142,27.992220963773338,114.25243027726543,60.84774148261986,19
496.8571428571428,151.08383207002504,31.039814370692053,130.98274293702454,72.18797297092708,19
496.9285714285714,155.31992686758238,29.957099247805665,137.99849014663906,77.71051226495588,19
497.0,163.04033785894637,29.364967221015508,154.02288942081813,76.79993019229244,19
497.07142857142856,133.07342719112168,27.33681442886927,122.33050494525807,70.95816393562028,19
497.1428571428571,118.31435266461517,20.220081047460226,95.97630857023142,46.967676543231576,19
497.21428571428567,138.1178100596411,20.46041275434859,122.7580279274101,61.574590554027004,19
497.2857142857143,147.69590902132956,24.022668638744626,143.75863095276068,79.13443090333338,19
497.3571428571428,152.03305068860755,24.152064405663012,148.49425929867246,79.21978242644309,19
497.4285714285714,144.18529417183888,20.71217900522617,124.14239425628726,57.425293630766426,19
497.5,145.36598693259558,17.853455500901376,113.09643381190352,43.79163497106479,19
497.57142857142856,148.4441060296804,19.421038882869322,123.72054936620964,51.854566751865505,19
497.6428571428571,150.04225125533944,20.94352129155988,131.03902562395106,58.85259349114872,19
497.71428571428567,147.9067107259282,21.176389216589165,131.0974625553625,59.57987257133251,19
497.7857142857143,149.89785350850676,19.074357956681393,125.55610194452142,55.48687870225158,19
497.8571428571428,139.6383140961298,18.054540238799397,119.19151709191628,54.95420059528217,19
497.9285714285714,148.8553839178887,21.053747133009374,143.06085850347537,78.88519691398275,19
498.0,147.53550390411095,24.79226326318578,155.92328394284485,94.76291811943675,19
498.07142857142856,138.37441067159472,24.72879505518417,154.25599878759138,95.02141937635325,19
498.1428571428571,114.86058244583899,19.98490994234596,120.53675993494477,67.73308856234348,19
498.21428571428567,114.39146783035046,19.52913121630448,115.76126724870925,63.163688843576104,19
498.2857142857143,123.75411962565919,26.87121314159667,131.9772065326293,79.63368528994192,19
498.3571428571428,128.71317478872606,28.732359410355635,137.83216143569462,84.05798238255211,19
498.4285714285714,134.43313627121066,29.36586698475945,138.05828515410062,81.40055707074617,19
498.5,139.16080318370538,25.587777135316028,122.382606037412,60.66942964500677,19
498.57142857142856,136.35458108681433,21.82775292681788,118.42575983542112,53.42641844916726,19
498.6428571428571,139.35476622831501,23.85218149298502,126.04725565159316,65.6033577357597,19
498.71428571428567,154.13958065354765,26.477797999640796,152.83968215892864,78.74814331691218,19
498.7857142857143,151.45566594238434,27.906357330523498,154.73584112491267,81.59067286225454,19
498.8571428571428,132.49765560374703,22.038037549476734,125.70278358494728,60.61623509223493,19
498.9285714285714,114.90519724553074,20.908238168092787,104.75002529103187,54.82609971287509,19
499.0,114.50959558591347,24.146534441405162,121.87725474186531,68.17856887071865,19
499.07142857142856,138.96851672558552,25.509650541175976,142.5152189647508,72.16131198755481,19
499.1428571428571,158.72129122950042,26.843735551362858,160.82515858948577,82.52117958515983,19
499.21428571428567,141.57512296816648,24.32903253381107,139.31715747745454,78.06740640267834,19
499.2857142857143,133.8676628796468,25.42611798155846,141.80596008161874,86.93457833829156,19
499.3571428571428,126.78320285646916,22.580275577088134,137.0254894795252,75.19382251693673,19
499.4285714285714,146.16687327577904,28.727477209626752,152.86796978450133,94.43792895655427,19
499.5,139.1941873112099,29.208256185130715,143.83948462877942,87.41376274581846,19
499.57142857142856,128.78148775429622,25.40437702696661,124.03534147944026,66.89604551100305,19
499.6428571428571,132.80888360508257,22.845661169337422,122.85054733406754,64.93494723923156,19
499.71428571428567,126.46723138962811,28.548055780535567,137.06377225440968,84.91564387512814,19
499.7857142857143,113.6633959987461,29.31539090068212,136.39631874143234,84.22155489732388,19
499.8571428571428,117.36406157195626,23.31581761350815,122.3639741456885,66.03975479544376,19
499.9285714285714,117.53529277872637,23.093113092373756,116.6107827517971,65.45566134719772,19
500.0,126.39751784427524,23.11090336168531,125.88284674496946,70.333947422578,19
500.07142857142856,137.99273223628964,28.333146907570594,148.00093034646298,94.11133555287398,19
500.1428571428571,151.46856690043825,32.70876748143652,175.89036382832813,116.34801211327502,19
500.21428571428567,159.33617622167304,34.41179502880124,185.08028539952906,122.79453544180541,19
500.2857142857143,137.66709160836368,25.938415216357924,142.7531130941755,88.14302630816502,19
500.3571428571428,140.30808259044335,24.886888087442628,137.68057006436266,77.24009583277747,19
500.4285714285714,139.66075332662317,28.19766118530118,143.94313113715125,88.64038272259101,19
500.5,141.21172694934506,30.05825472730981,152.07298301900627,95.37025284479238,19
500.57142857142856,136.7590111261024,25.666044182279222,136.8649615888304,80.98045340418652,19
500.6428571428571,114.06286043211881,22.689531674049682,111.76671359516737,60.89931790666868,19
500.71428571428567,105.06896340385983,21.25697779642884,112.8273920075731,65.84580920256215,19
500.7857142857143,99.99449118514546,22.931321638313467,118.65894519319784,77.20405304792408,19
500.8571428571428,106.97389493218779,23.89362874999099,128.0717697351386,81.2401937899419,19
500.9285714285714,125.3606451896775,26.10771170575428,139.02129302731063,82.72914285152326,19
501.0,128.19430709913763,22.589898058564003,115.9464902687273,60.76919451539196,19
501.07142857142856,124.8414562857458,26.180142186251953,130.09714229743648,73.71596473080764,19
501.1428571428571,131.405640965476,30.97080208611714,147.32363122085505,99.10888676702614,19
501.21428571428567,148.2787551890672,27.765864752647218,143.43567798659222,85.60550325989617,19
501.2857142857143,153.62888060982712,30.39213292903561,149.353985046973,87.00544354454783,19
501.3571428571428,153.67938887887271,27.21905219627415,134.62851407510115,68.4906343109305,19
501.4285714285714,145.85829418470152,25.573426346284872,123.08354593259988,61.62586751578776,19
501.5,138.86896249710605,22.33793003705855,121.54162007772547,59.6133486865306,19
501.57142857142856,139.53346656618243,27.12786616208466,133.90467119824515,78.62509491686254,19
501.6428571428571,122.70878695147024,24.76092103991154,119.54013094436318,64.33379441176179,19
501.71428571428567,113.66348621287669,23.84065230796981,105.16533883094152,46.72791318926093,19
501.7857142857143,115.4450335252398,21.469004957410515,107.96791792909994,49.34622224992762,19
501.8571428571428,110.62803600794561,18.92831715254817,108.45891771830858,60.73831581581362,19
501.9285714285714,106.63701886435314,23.53787713627244,113.47679451293094,72.15470803614681,19
502.0,108.93585846587649,22.844025868716518,113.45172219352038,68.28812164513164,19
502.07142857142856,110.59356993853798,22.624223363916684,114.01664020299926,66.4552689706564,19
502.1428571428571,130.3194448264076,20.487655380487265,124.49890463793943,63.93181834003869,19
502.21428571428567,146.28503884160375,20.77890992513958,136.16536071121465,66.62894426111002,19
502.2857142857143,158.11494825994274,28.61123878465906,156.9913488961989,87.51497819364627,19
502.3571428571428,155.87021356689831,28.22040628746426,152.49351916967854,84.79555675882895,19
502.4285714285714,142.12686771496763,24.30125288336764,131.69108914805423,66.39801511917639,19
502.5,146.84617106522802,22.715268467949233,130.28528847518766,61.175284184988136,19
502.57142857142856,124.85256351337311,20.46106851455814,109.35555016093065,48.68647486987078,19
502.6428571428571,122.72666039228442,22.345366059310336,114.33871477778722,57.40867133624417,19
502.71428571428567,115.79686799308875,23.63001028567606,122.09708431376419,67.39264355962959,19
502.7857142857143,109.52761531704199,23.224388574235565,122.00531402342206,68.30606638754008,19
502.8571428571428,115.12207091109501,23.634884049631175,122.95019424595208,68.07125170085352,19
502.9285714285714,110.74029956189449,22.387286625758158,114.97666216253315,61.538583614446566,19
503.0,120.63244995664178,24.54590880065089,124.00763628965466,65.71262846991749,19
503.07142857142856,123.04747357078932,29.828589533807836,137.813058241003,85.69869574514259,19
503.1428571428571,120.51417584547359,29.16243064175373,139.12731259831855,85.34508869798837,19
503.21428571428567,112.83106435707631,22.841398176001928,118.99317285584505,68.99659214684914,19
503.2857142857143,117.30423901827496,17.409958525204907,100.21925999871218,45.60464421158732,19
503.3571428571428,125.03267410937264,18.5088024385903,108.36549129139327,49.45378587042339,19
503.4285714285714,141.11316171274984,21.50113763318635,128.53508023713545,65.33396845704672,19
503.5,150.23190084041815,25.011180962652894,140.57804656787062,76.30161772099113,19
503.57142857142856,145.77712404761553,25.407184252916686,133.21864567353913,67.9373052211399,19
503.6428571428571,143.8534974913196,22.54512823086244,125.9866487693075,61.145295828786665,19
503.71428571428567,133.11064363109782,20.905132032321625,112.06629384074186,51.72532721508414,19
503.7857142857143,129.57226883571843,24.09243974097241,117.55676650118616,58.50313911035685,19
503.8571428571428,132.5752277879499,26.444947553021056,132.138932312228,72.41391299818245,19
503.9285714285714,131.56750780048338,23.83079125413187,134.72795408917335,72.68826658138795,19
504.0,126.18916816911202,21.70620968620445,129.71809343207997,65.08081944996754,19
504.07142857142856,117.66680235295206,18.437060886460547,103.95060951787349,41.49207465799091,19
504.1428571428571,136.2424448791398,22.755306484761956,119.55170762475879,47.08053413085873,19
504.21428571428567,147.2322620436585,25.447959124611387,143.07842052427966,68.1130023209822,19
504.2857142857143,144.30534355683164,25.246032652390166,143.58314467949427,70.10780861469873,19
504.3571428571428,149.14645670048418,24.457110344514742,141.05640032184138,61.564259083703554,19
504.4285714285714,157.49859815349808,24.472796728622168,141.39757438484332,57.52523376154053,19
504.5,154.94343257218782,23.04924574228586,130.13207143244057,45.997798554648206,19
504.57142857142856,152.10177898367164,18.98410566585566,139.24366991318888,56.888460151366715,19
504.6428571428571,153.01858371844233,22.893476468385224,151.68236766839865,73.25675699137935,19
504.71428571428567,148.31407666157983,26.638121616113782,151.07961760854423,80.06080783402585,19
504.7857142857143,139.70386844220295,23.259468953995466,122.67387046952712,57.78443296020816,19
504.8571428571428,143.32313772437928,23.981335343457694,117.19932932714967,52.2652414825349,19
504.9285714285714,157.97768797855477,23.37926315325492,125.51098793972626,51.61338725195915,19
505.0,163.03063693896078,25.933189872009404,141.5354649190975,64.36574832489717,19
505.07142857142856,162.8253435296795,30.686902423038127,148.57374783883748,84.65508238529897,19
505.1428571428571,151.18783355745467,27.95552576643257,135.91425085860502,69.53367927731452,19
505.21428571428567,132.7974868416806,25.08878697372737,126.4697055123257,61.13238171689238,19
505.2857142857143,120.74843086922796,27.066821369716518,126.67817002843596,72.58806529379696,19
505.3571428571428,104.96703643909918,21.736381377871314,113.74907267413131,61.952724247126966,19
505.4285714285714,102.64456459484933,24.636439717325416,118.90432330584228,74.57793061350606,19
505.5,90.06178878605385,27.061768847337014,125.30486520699434,90.4466294204199,19
505.57142857142856,97.99104517357311,20.98320431836381,105.37452228073334,64.03849351720307,19
505.6428571428571,87.35598817728894,15.200337823365881,80.20970636963798,38.453872965679764,19
505.71428571428567,96.05468593542582,16.624723951243542,70.00621731307069,26.841344416122368,19
505.7857142857143,112.1502545913967,17.73445882791114,93.74594697681955,42.18978343700971,19
505.8571428571428,118.85129384943265,18.644167419407687,110.04319771773442,54.07070588428688,19
505.9285714285714,118.86712087439301,19.93085956091808,115.75304519325942,61.2274871458198,19
506.0,114.06472350426894,19.38307738267929,109.52317919243431,58.139693926792106,19
506.07142857142856,126.79694943793764,16.828180828464408,118.64827292374845,53.73882538877319,19
506.1428571428571,116.6946667022104,15.401011054408995,64.33593879408369,12.157892497704491,19
506.21428571428567,133.82237972690498,20.510402606523098,122.23361784292453,58.59285146038646,19
506.2857142857143,136.6508559020224,23.782155116357693,67.37074576692872,14.338077225653892,19
506.3571428571428,120.30314564761488,21.66240885446356,56.51494475580053,11.70822199623609,19
506.4285714285714,121.55675169508912,25.54814996031536,122.76085601910691,74.38885094756697,19
506.5,123.40344098626107,22.5471526976727,112.17617425528321,62.74094569867661,19
506.57142857142856,121.66634076760491,24.031105207300882,106.59612610445511,56.56930319788373,19
506.6428571428571,115.01051656399947,22.289268610698805,96.02834481130515,47.02037103997088,19
506.71428571428567,110.94977614477139,19.287524248239055,78.60863188304408,30.404905068416546,19
506.7857142857143,108.0098507237546,17.434810231399034,60.132738070909745,12.768264197434712,19
506.8571428571428,123.12982804355455,21.119159647978346,82.40249482018436,28.262668290724374,19
506.9285714285714,138.74802522063771,24.235227426680087,98.97919263821248,38.6099035808415,19
507.0,141.67544354306605,25.457648074737268,97.0261259615584,37.38257857658296,19
507.07142857142856,146.54721126027601,26.34780642546645,100.67636456097705,36.075331082375435,19
507.1428571428571,151.44676208513948,27.573010693132424,111.81276017859871,45.034457284949816,19
507.21428571428567,141.88009941777895,27.351166994936033,111.99360337832893,50.15520313294495,19
507.2857142857143,132.399500243798,26.019146320960076,108.73168355218077,52.5734206659658,19
507.3571428571428,123.20022538146199,23.049297766170426,103.78439828737761,53.02406709271898,19
507.4285714285714,114.77838140618643,21.07470842128901,109.36802174351124,59.39335877333153,19
507.5,125.73984621937254,22.187666078692217,108.70674752739185,51.570185780982044,19
507.57142857142856,141.206319294405,25.754397870491033,108.9337275319357,44.877415187449145,19
507.6428571428571,148.9131263747364,26.12520605020657,106.30622503055537,37.01905399734546,19
507.71428571428567,153.59705795356857,25.51234548853751,105.58838411689743,32.11938955523961,19
507.7857142857143,154.08312768119328,26.035111428962452,99.8574524907953,25.504245070559094,19
507.8571428571428,146.93582677590686,27.024376307711755,102.89552059553685,33.105725364635894,19
507.9285714285714,151.9871629764133,26.437589483524977,118.24040050088425,51.6295526282158,19
508.0,153.7634313248229,25.989208838814132,127.68966758485068,62.505913968408755,19
508.07142857142856,161.81892140319835,23.327404206313247,136.66699269359904,68.23726935208018,19
508.1428571428571,164.41512317968372,25.2824436552804,140.01711029618332,74.33184974429219,19
508.21428571428567,149.7371217961046,24.499926760620337,122.31912576320111,59.11935796259895,19
508.2857142857143,161.07602988540873,22.15326916333811,132.90372308381123,61.731105516942165,19
508.3571428571428,165.45251362733518,22.07174930073348,138.06231433632453,66.85929912142258,19
508.4285714285714,174.4382205419103,20.364466308901825,136.03687693426846,59.265113561865995,19
508.5,168.94165942995267,23.07850452812422,117.73279939520027,42.9297537362243,19
508.57142857142856,142.84267804150713,23.492255438405756,94.60481237120904,27.407347335929515,19
508.6428571428571,149.54044463479366,28.34590046454566,80.77475460410722,16.59469034642529,19
508.71428571428567,121.55945813289631,25.61165669469629,70.20871010376116,15.337323067200602,19
508.7857142857143,123.12958523090946,24.507480360514094,78.32756684630935,22.517842491708198,19
508.8571428571428,132.02938029934822,18.6850291557495,105.07997767177267,43.90150967122116,19
508.9285714285714,138.52385896138318,17.738849655464346,120.28522598269214,56.49353689021191,19
509.0,150.10226865787098,18.831276237955382,136.38248554346993,66.62871427489253,19
509.07142857142856,154.31737762994783,21.75927539808506,145.86952267275953,74.49119563393701,19
509.1428571428571,153.4838083844897,23.707708376662453,146.5056091919544,77.61737823874284,19
509.21428571428567,144.9824006496122,27.877799023891466,140.91463045190116,84.91791017755344,19
509.2857142857143,143.93092107432753,23.470472690471286,127.23546863552525,66.6964652178608,19
509.3571428571428,140.31254326730138,25.35491399297657,120.5667987641769,63.64802431104707,19
509.4285714285714,141.96858647609224,27.22718985612006,126.95760418244085,69.27667717011461,19
509.5,148.41279441694135,24.499096394601214,114.35670136112942,50.270568071212494,19
509.57142857142856,147.14951162802882,23.437525028396518,89.69383623545758,24.91986258144488,19
509.6428571428571,132.9925520357792,23.604402049121607,66.38863591036736,10.641928025494021,19
509.71428571428567,124.77559750680699,21.9008183732541,67.82418390828224,15.718878930043509,19
509.7857142857143,135.44487271642305,18.899609636186486,84.83048857608367,22.485150944036988,19
509.8571428571428,126.45752662327126,17.78939395995188,94.411076313741,34.32510890359916,19
509.9285714285714,135.30543829627283,19.921423657732202,103.95274330610147,39.1548389060754,19
510.0,120.41016727641822,17.422621695493476,115.1300691155069,58.051649620020726,19
510.07142857142856,115.52910309205994,26.007787610409597,141.16082860134867,85.73599579662252,19
510.1428571428571,125.10504620953172,25.503247903580252,142.24712479254362,82.4691753752379,19
510.21428571428567,152.18247913068606,26.97546635061506,161.79043020690588,87.49241487953199,19
510.2857142857143,153.7452561083825,29.97303343172276,159.54299391424362,83.64900655685024,19
510.3571428571428,163.3964497324571,30.35239012060541,161.7364574804713,82.45861831169437,19
510.4285714285714,154.53504732062154,27.161078481556423,142.79575797759978,82.67749428251614,19
510.5,175.2730198695945,30.413851905977168,161.71324243987706,78.74499475134496,19
510.57142857142856,167.19394084038225,26.379770381722427,147.118771352404,64.53256443054761,19
510.6428571428571,151.4728422212052,21.904174519345876,119.9598269079583,42.759524517793004,19
510.71428571428567,120.56860357521148,17.96627147296126,93.81638433384221,32.72037836489211,19
510.7857142857143,131.37234944139286,21.498889356086654,95.99082171691953,25.73845358702527,19
510.8571428571428,133.8507927368182,23.9787103150758,92.28015333992978,22.775539276974996,19
510.9285714285714,123.47118958794208,24.21598253989981,94.12027630518125,30.899861282116937,19
511.0,115.50471710192271,25.125962075720985,65.10765582207199,15.530268870208227,19
511.07142857142856,119.21663426366916,23.461680552008012,66.79392622350366,16.56583407922502,19
511.1428571428571,130.60477941616233,19.220954839445657,75.05649602393734,17.242314879579133,19
511.21428571428567,134.28349795794972,19.019854964526367,79.1620493337485,19.15827397853722,19
511.2857142857143,152.6736761879545,25.776230204758612,142.93872806651163,57.75119872437307,19
511.3571428571428,154.10458705759018,27.579247844702465,102.95086591181384,23.411887057292667,19
511.4285714285714,156.34375911576407,28.886497469627233,106.76611805167832,25.619542138574705,19
511.5,155.60071714958772,24.558206019864883,128.37158215793113,46.27985216076111,19
511.57142857142856,154.33530715794424,23.220173751627904,133.54696388252188,53.74674481271892,19
511.6428571428571,150.328390162491,24.42793085097229,128.9042247347119,50.90804020122553,19
511.71428571428567,147.67847883559276,22.4760774386671,123.20772187356819,46.56057717707051,19
511.7857142857143,141.1487867875014,22.392013203675067,123.6916573310532,54.79106205999617,19
511.8571428571428,144.88138553296025,21.570644608663347,127.05753388342599,59.096115530911796,19
511.9285714285714,160.82710974272908,26.977407703000896,139.7089430227181,72.81056526954728,19
512.0,158.8397936070182,27.10083167997374,141.12906250586934,76.915371105644,19
512.0714285714286,142.90452191052904,23.805026997195313,132.55927659274755,75.45594563955136,19
512.1428571428571,129.09422939188605,24.886292768162065,124.66381049695002,77.68634024841955,19
512.2142857142857,135.03854641081108,30.409467142660365,133.92643716011523,85.17009565347712,19
512.2857142857142,136.91068920977722,31.768187219511645,133.54306837756482,81.6023888662462,19
512.3571428571428,136.21913307741642,29.820509664926394,122.74022676770849,61.23174829249245,19
512.4285714285714,121.13390859231451,26.76488808875807,102.33648333749152,48.454317260902684,19
512.5,120.6203109572496,24.265131420671846,88.25169685870355,37.105535583452934,19
512.5714285714286,128.8945858356676,20.05086518189414,103.10698755014378,43.54843516540487,19
512.6428571428571,136.56194207940885,21.806415245537497,109.45534358534603,46.94215482786681,19
512.7142857142857,152.08426977063783,24.103358842625187,125.85761127146485,53.90136625630159,19
512.7857142857142,150.0032999305492,23.680946197731032,118.02578101910652,45.97497986603201,19
512.8571428571428,134.33437656843486,19.58130816165245,111.36319241946849,44.90360495192786,19
512.9285714285714,152.00410306797397,25.40898497750519,130.71023509499074,49.15040780633069,19
513.0,145.14927516594227,23.9644834610578,133.32224988606296,61.43183208900721,19
513.0714285714286,139.19759036578884,23.773790807504046,135.00897721545448,66.22571659212855,19
513.1428571428571,129.3858768672053,22.401875734576674,129.05908521763624,63.26277045827055,19
513.2142857142857,134.71747833892005,21.794828718619463,116.90082747927906,51.47571387279891,19
513.2857142857142,133.10126518786936,21.830890701554324,115.44825356187424,52.96736713317662,19
513.3571428571428,135.8220318576381,22.074991149468005,107.86425588162865,41.80692163940765,19
513.4285714285714,152.4900683878638,21.6102556701059,116.63186523439809,43.23071139956698,19
513.5,151.01602307627434,24.142113473972234,124.20072927966804,48.52287606904546,19
513.5714285714286,156.3138301612251,26.23663700252844,127.06347713979045,48.002041813200535,19
513.6428571428571,140.3812088666282,22.239926864979864,106.92834696377255,36.317388158111186,19
513.7142857142857,137.92683937051106,19.693043016960573,101.39179306978828,33.231202467743856,19
513.7857142857142,125.94080779538156,18.358959363995087,100.93208197456921,45.10763552581634,19
513.8571428571428,117.73706256975598,21.888587174371654,110.43063893803529,63.99741739897062,19
513.9285714285714,124.527502322101,23.324161070045573,117.26335415919183,67.11352886325793,19
514.0,130.1010757878036,24.790698448693295,126.05655070310922,71.11096044643357,19
514.0714285714286,136.07710954799944,22.86736227007375,126.14828699211523,67.15247320872662,19
514.1428571428571,130.64761636970894,20.54542896089976,119.3451475582672,61.08909045045667,19
514.2142857142857,129.9062490058229,19.244689601963294,116.89943779817337,58.157273329399814,19
514.2857142857142,126.30592622784637,19.47529261815678,119.98025409497623,58.3697334618333,19
514.3571428571428,127.61003983559942,20.52695940549294,127.22019027309112,63.816332966199305,19
514.4285714285714,118.68912492458082,18.404980476407655,111.80081228692111,51.98111451681819,19
514.5,112.41819839643347,15.533620791043047,102.09084881080148,44.55244526872322,19
514.5714285714286,107.95898146762072,14.708394610941301,84.82316528547122,29.845563150375913,19
514.6428571428571,118.19927015750162,19.99106268611794,95.723025792443,38.70079742022755,19
514.7142857142857,129.00657585715842,25.046301431005656,113.01102925712021,51.718506246808374,19
514.7857142857142,116.53089435571616,22.195770669780305,113.74256938717825,54.36737090404559,19
514.8571428571428,109.39801546144638,19.96194069535663,110.76041837873896,53.609106220523266,19
514.9285714285714,115.63826289122682,17.613211870446584,110.45890707823982,49.535108890082675,19
515.0,111.50595259022435,15.796008382087445,68.44127681654847,16.01327695240002,19
515.0714285714286,129.8864216598406,17.55268418968366,78.50627876787166,16.91170513049588,19
515.1428571428571,145.91744353825223,21.77672183147559,134.67219780194904,53.688315314986404,19
515.2142857142857,146.13555167448717,26.914777629165574,124.10469237931926,44.061715226072,19
515.2857142857142,135.335279760289,23.023381764865324,96.91981163220879,28.99196141730254,19
515.3571428571428,150.92348671411247,25.35328446403462,97.5240708459769,19.346066234327292,19
515.4285714285714,137.5911464169781,25.525834548920123,69.36197988535778,13.64599487389028,19
515.5,118.10674953473938,19.201556452982118,74.86046639057842,17.446635145849445,19
515.5714285714286,105.92206668085761,16.50313473389709,74.60964072703699,16.84568004398605,19
515.6428571428571,116.48604153970076,18.866121020528546,110.95069907142113,45.62209430004286,19
515.7142857142857,119.7524801994065,24.934006817542127,131.06805279222982,76.88042656755981,19
515.7857142857142,140.1283389337617,25.84241801466781,159.0204879034074,86.17855554914692,19
515.8571428571428,139.52829705798135,23.412534173445657,150.45351460803403,73.40377951189434,19
515.9285714285714,163.29619472235788,22.153067820767177,164.38340866914,74.80623346278448,19
516.0,186.37460992495508,22.57186896850433,176.97341925214687,75.46923069967438,19
516.0714285714286,184.18992681334214,23.488797651292376,174.30518742000217,75.24007384046624,19
516.1428571428571,189.176755167517,26.002370013114515,161.93787579728266,73.3042191749505,19
516.2142857142857,177.2520540652607,24.601458426003358,131.99452667227618,48.18300174146185,19
516.2857142857142,162.8805156889854,22.199049526485872,112.22302473528026,25.18460742970076,19
516.3571428571428,130.88521807333643,20.80273022027307,88.96849469838072,18.825210996882568,19
516.4285714285714,129.04968617376076,21.569644321361036,88.03280816242184,18.55287872543921,19
516.5,135.66928731287632,24.503189182504695,88.15270647129067,18.84932197820986,19
516.5714285714286,134.4994943263926,23.274474233828542,93.32681775584895,25.096097505133944,19
516.6428571428571,141.71701060926011,24.927346535729523,106.06782235110612,36.10862676883121,19
516.7142857142857,139.46660559324263,25.460079047240868,116.18692150110792,49.819786884915395,19
516.7857142857142,130.67345876111432,23.534943539271637,114.82390361511472,53.949480916472055,19
516.8571428571428,119.14694363996495,21.428224155505056,115.12866883605133,59.94358173877208,19
516.9285714285714,113.69908005464141,20.852948335128936,117.4678849662043,62.858063528696796,19
517.0,112.09289978822217,19.039824756074605,102.20214301239363,43.50931197128702,19
517.0714285714286,129.42524818257914,21.151833199784036,118.68221785350028,51.473349111538695,19
517.1428571428571,135.86662649790185,18.82429863866348,124.0344884660413,49.90167519971062,19
517.2142857142857,137.4117147353627,17.85313293922025,122.15132681449604,47.43149042225159,19
517.2857142857142,137.99402235131865,18.12234432815022,114.72776267541339,37.35404076207551,19
517.3571428571428,129.90665302992838,21.143919422576413,105.46901030320919,29.94032850911317,19
517.4285714285714,128.80155351585879,21.675530588745698,106.56600123806527,30.15391763243271,19
517.5,140.7978273760112,21.807157703327622,124.7166744706802,45.08431176639646,19
517.5714285714286,144.7132976814727,22.07650643412849,128.30295168989343,50.606238311785134,19
517.6428571428571,142.84354049503415,22.77006265943496,129.77240466924528,52.802368237034074,19
517.7142857142857,139.21591708917805,19.982187928712477,138.18273723970015,58.30710292976809,19
517.7857142857142,133.36077198794416,18.375672508855637,126.72690292229223,49.39530818227049,19
517.8571428571428,115.39416910031106,17.124897058225123,108.08631023539563,39.883055471658814,19
517.9285714285714,106.36481338137884,14.828549991871432,96.39400429715498,37.7045093695155,19
518.0,116.04797034336832,15.725622900195459,100.28447437766972,34.94755185516583,19
518.0714285714286,111.20513994419493,20.722474089386747,60.348580607444205,14.000760573932245,19
518.1428571428571,105.55898227741159,20.883718038341556,51.61929964990006,11.060235077091477,19
518.2142857142857,108.56484810020447,19.17876928101036,52.078498285254646,8.540490961223849,19
518.2857142857142,99.05981997591145,16.836497017265486,49.08159051745105,8.987996367656425,19
518.3571428571428,125.09648440113567,21.19400941742091,57.68339737876064,10.74091239118437,19
518.4285714285714,124.99306289971422,23.43393089301899,55.85561812565811,11.21241414217873,19
518.5,119.33813421782357,22.54225420965361,58.76263178096859,11.593632102923248,19
518.5714285714286,118.06860543474909,16.941895655315584,56.15706263841671,8.311191841714228,19
518.6428571428571,120.59098056871942,18.30300805508235,59.97486771981762,10.197760298594877,19
518.7142857142857,134.52294345515764,19.427113474048404,63.596004000758455,11.183828694412414,19
518.7857142857142,135.22701706938898,20.546418269787015,62.1832377433018,11.566629823053697,19
518.8571428571428,132.111638729151,20.270343300457018,74.01760266341643,20.364107388254105,19
518.9285714285714,123.26467156638085,17.122916323288976,68.13876840753726,18.31454051813477,19
519.0,123.35300875071007,16.42050863411479,67.32716841760138,17.682529817768174,19
519.0714285714286,127.52529356477099,18.496686427194188,67.73312943491185,18.171757213262946,19
519.1428571428571,120.70660495447187,18.269511002316726,64.71650871140768,16.361756895956553,19
519.2142857142857,121.55969643195355,13.510350111646826,62.400892120573815,13.39775232572967,19
519.2857142857142,129.16962781870924,12.189707392862406,65.34052737711419,13.537573948599881,19
519.3571428571428,134.66374724390244,14.924952732583606,73.42430073209526,17.02674600003939,19
519.4285714285714,149.83757272580428,19.10058765686272,81.40313483503407,18.541980002462275,19
519.5,149.10379895755858,18.67846236411193,78.04814245788702,14.0405476402388,19
519.5714285714286,139.95320107255884,17.553810149570378,70.88706778849539,15.057209464373129,19
519.6428571428571,145.6107127430348,15.314857639769135,77.27409850073563,14.209679256256722,19
519.7142857142857,133.4256080615174,16.601373634030722,70.49286782164994,14.105150574630066,19
519.7857142857142,139.16407197101975,16.48267432150824,77.05883311180074,16.298025975689143,19
519.8571428571428,143.56956242350907,15.187901899207363,78.69769530327272,16.22922947906134,19
519.9285714285714,133.90164611732013,18.342076296423397,75.29256714063197,18.50520282037611,19
520.0,140.54258803917725,22.9327793191245,78.75723233026595,20.029155278721475,19
520.0714285714286,148.63779570323462,26.430182919430422,78.14807735872155,21.161835140029464,19
520.1428571428571,141.94220804224395,24.28809880707846,75.91035827199293,17.975409186979487,19
520.2142857142857,124.51195359178125,21.07835001688053,77.84969222718956,18.13864393053225,19
520.2857142857142,118.199524239416,20.42823696784028,76.89881961588556,18.70046538897466,19
520.3571428571428,120.78062624501393,19.01853795446396,79.80173332915156,18.762949417221527,19
520.4285714285714,113.91176514417953,17.26513869162371,80.7364509461127,21.74066890588096,19
520.5,108.93230267745835,16.40504168778664,85.99700533531563,27.64921028592511,19
520.5714285714286,108.33654112507914,14.152049213466464,91.90890908600583,36.13945827235521,19
520.6428571428571,118.89547993794949,20.144866845032592,115.65939153448895,58.476032424121584,19
520.7142857142857,124.92974767371437,24.6936046071026,124.78988033165773,69.1545783877703,19
520.7857142857142,136.87082689528594,27.582028321471327,131.70681977033377,73.6076062862332,19
520.8571428571428,141.96850531650756,23.350139528111907,126.25661696701927,65.0878995717659,19
520.9285714285714,122.31583892235852,21.79770392783068,106.87191355358081,57.26663237957806,19
521.0,135.15048575748736,27.29875788482456,140.933077872015,87.56920008880488,19
521.0714285714286,151.01260141032978,33.71310441157447,172.9485554762903,113.39228953930154,19
521.1428571428571,150.29819061064313,23.04967538321459,125.40423744827253,57.482794117050936,19
521.2142857142857,132.1704935247133,18.293891736812913,96.55807053749339,34.76480141949229,19
521.2857142857142,130.19706753545623,19.00273555133695,98.70202275441719,43.876723968984834,19
521.3571428571428,131.7266459042598,22.850724186581896,110.26428875987993,53.55936948131442,19
521.4285714285714,153.33296937751908,24.913385897520687,127.94949129951162,60.6450427905657,19
521.5,152.46885493165374,23.004435237526472,117.97722181420436,47.56125133577267,19
521.5714285714286,158.7531160831821,24.778045659892573,115.73272477281795,36.94140529677974,19
521.6428571428571,175.83025759638898,24.923048986691242,132.80343596642882,44.77358912275398,19
521.7142857142857,172.5084461585951,24.509044064477422,144.6294002484785,62.76902989548266,19
521.7857142857142,177.82691450251107,27.300576112012607,172.76244853878003,93.24011107812841,19
521.8571428571428,162.82695940248044,24.045803186481017,157.39602883113625,84.05670220983544,19
521.9285714285714,145.6745927977648,20.67937799174753,134.93618504267863,70.5214179766794,19
522.0,139.93362425919108,19.116882751615787,123.11403712034253,58.51823246060444,19
522.0714285714286,136.94836753906966,22.19555727600445,120.79048369697459,57.76027904175187,19
522.1428571428571,136.23621682576305,25.438984356021123,130.0090497707799,68.91769190663653,19
522.2142857142857,125.60683217073193,22.57240080655478,126.07741275122162,67.9418248104089,19
522.2857142857142,107.07841297431976,18.53163545881981,103.95730446189577,54.178552051552984,19
522.3571428571428,107.60393011826942,17.041831189201396,92.47282928263836,41.04439280940095,19
522.4285714285714,126.13241103928712,19.3929660411791,107.33816900868041,48.29137605004712,19
522.5,148.77788730985586,24.400360367495214,134.02353777763958,65.90413429973002,19
522.5714285714286,156.4436569761774,26.4365556063163,158.34814081973101,83.95826952256321,19
522.6428571428571,165.9269651433071,28.7359393833931,169.89470679657103,93.48085196589439,19
522.7142857142857,178.01662131038626,25.872010218455944,165.959958323729,77.60703247151314,19
522.7857142857142,186.07233003177717,25.36494979174105,158.4686001488171,68.62861157187584,19
522.8571428571428,177.43934741200945,29.172827354231252,167.24253058266044,83.01407871049145,19
522.9285714285714,174.412372524219,27.589197143075125,163.84857737949753,87.02627439956312,19
523.0,175.41202004007246,31.69228459006297,158.82260145651526,85.47756204283023,19
523.0714285714286,150.6162660461061,24.01564160625343,129.94268539588975,62.36078291907389,19
523.1428571428571,141.08956680770373,19.235492689191748,101.83664911050437,35.03270223270449,19
523.2142857142857,146.86637606371767,17.570435262463757,107.54618501882003,40.818273124575214,19
523.2857142857142,145.7560575212444,22.808212937937363,135.99313633672455,64.94626249402995,19
523.3571428571428,147.1821204254644,21.26395190315311,133.7308176347355,61.173756691629166,19
523.4285714285714,155.98491817515816,24.03489297236992,140.02307347050922,61.122242447438985,19
523.5,154.13323900500524,24.368579120232067,138.1378956969977,59.366224850202855,19
523.5714285714286,142.85009758638955,23.544271375628828,132.10618144625033,53.995785867441256,19
523.6428571428571,126.01486353027548,22.423120721623068,118.37809479507105,52.11965995141149,19
523.7142857142857,123.53972688409795,20.260166873416537,107.78413035867041,46.28722029380838,19
523.7857142857142,120.06314749739182,20.185815065760867,96.75804963781722,36.22839720797147,19
523.8571428571428,123.6429794507542,20.276488788915422,90.73294181956943,25.539007336292848,19
523.9285714285714,116.58073224399385,17.482882667781066,83.09535598053147,20.306340162653058,19
524.0,95.69113879828284,17.2523402538282,60.279987515690024,13.47127555061096,19
524.0714285714286,100.07180408629506,15.53981852485778,67.32080530542116,17.73653461212874,19
524.1428571428571,124.46031062261287,17.47787901966897,95.42335914131068,36.29814446231619,19
524.2142857142857,146.5704211778255,23.025279219464,112.52238337168416,46.912060019251314,19
524.2857142857142,148.0963247925322,22.43262138701403,127.20915974577241,57.69851604339281,19
524.3571428571428,141.06113121258798,20.97275176440251,125.4974793088204,52.94537910242325,19
524.4285714285714,129.89832298175827,21.835855175965172,117.29980178636781,55.83580132840096,19
524.5,116.8079455697291,22.470879044693923,102.54558914354759,47.54304315930438,19
524.5714285714286,120.26860905858624,24.172304380324817,104.44454797869895,52.48871950948334,19
524.6428571428571,127.81310225357717,24.579766015958747,109.80524926533856,53.84400784813467,19
524.7142857142857,129.13527824674935,21.521039239141935,102.21061589079105,41.96641646237679,19
524.7857142857142,127.2475633003196,17.895205254419785,98.85397000271972,35.64675245604169,19
524.8571428571428,124.53987904945137,18.35909588318928,101.09340552924051,41.10387529735579,19
524.9285714285714,120.63302720649911,21.559977402927167,114.25570617181347,61.906987570227294,19
525.0,133.0480640129062,26.21605661805579,131.47645157715866,73.95060026837639,19
525.0714285714286,143.04302788381446,26.27347000382587,134.64219398842417,68.21763559747397,19
525.1428571428571,150.5777921645897,25.279112889864447,134.2429834966008,64.77698878755805,19
525.2142857142857,158.27512471099394,24.365121082034324,136.95090235122439,62.03031405918919,19
525.2857142857142,150.14493931574762,23.446331024266648,124.14574385190129,54.25234808523119,19
525.3571428571428,151.22078380981327,21.241460349850083,122.07524349432028,51.11362125059816,19
525.4285714285714,156.67683166352407,23.887760535481444,128.99767785522073,55.38565463299613,19
525.5,145.31331980418844,25.220534840460477,109.9226727644267,44.69065987397183,19
525.5714285714286,123.63340318817394,22.963721440692602,89.42712748359902,32.183512846654295,19
525.6428571428571,132.3864798072055,24.990299584033743,81.60577747789215,19.793876896882598,19
525.7142857142857,124.93589899448327,20.000234877270174,99.80465940598151,42.32228995236645,19
525.7857142857142,136.39261533575527,22.800962940490358,120.99167884113967,59.48803960820277,19
525.8571428571428,145.35984097129904,24.511992635055314,128.6128999893392,63.19259283332301,19
525.9285714285714,156.59266835032642,27.571226140955556,133.54659487275285,66.19269737203271,19
526.0,176.78998869907716,30.209247903199113,141.4760997422492,65.94741757858405,19
526.0714285714286,173.81051638847492,30.25264739305235,84.02512673441767,14.824360190943832,19
526.1428571428571,170.49396768193776,28.270075649694466,118.31046749590918,40.472120585749764,19
526.2142857142857,159.11780007359474,24.808668770449266,115.0909269375711,38.97151658515483,19
526.2857142857142,157.10240633273673,24.82319946081227,80.28661152061122,15.593328490438891,19
526.3571428571428,136.7989961180417,24.544181934834626,60.33084674676594,8.916073854516679,19
526.4285714285714,133.8889496997009,23.439275905840233,66.39462354947497,11.08453861203023,19
526.5,133.90101559920316,21.412477691560206,65.99750051631997,10.007883749786828,19
526.5714285714286,136.13167399149614,21.56046604685319,65.6043197980927,9.710714151767995,19
526.6428571428571,118.32405385241103,18.01695329479912,56.773189976669045,7.882414093455988,19
526.7142857142857,126.95312044331214,21.412681047637857,60.23351870726718,9.080730279356453,19
526.7857142857142,141.73152109846288,26.863297841887277,65.38547538772035,10.771012544911907,19
526.8571428571428,145.58854922517384,26.283177477153885,72.09257418314786,11.977897086095949,19
526.9285714285714,145.53535977963296,24.71046491197419,102.42641366681791,33.040055193075894,19
527.0,135.17102261249576,23.131927844371866,92.8626356766541,29.19855126863356,19
527.0714285714286,122.74572812455273,17.870958588702365,82.6402914737518,20.74490942952671,19
527.1428571428571,139.888614496195,22.827791773370816,77.10953707414208,13.142105928921332,19
527.2142857142857,131.24550103055094,22.22639682138933,76.59383909874684,14.653381640176299,19
527.2857142857142,125.74261649794481,22.349654914732216,77.68656333771531,18.37911428803376,19
527.3571428571428,120.92761063909401,21.767610904888887,76.16770295365457,17.977364587668564,19
527.4285714285714,121.51850169984544,22.786858748603,69.47369609824116,13.817501250368267,19
527.5,138.70413915622018,23.239530261306168,103.30993507308696,36.41423212895804,19
527.5714285714286,139.355740174287,24.58871459775967,101.7499946215784,33.09895326946963,19
527.6428571428571,137.03163310062422,22.74157956189134,106.84784542810974,39.79768995720132,19
527.7142857142857,129.1009428408146,18.037838885302904,92.46749515251983,28.880578095948234,19
527.7857142857142,129.30699127753627,18.709082204938458,87.21394469007495,23.808733318381794,19
527.8571428571428,137.9085195408869,21.655626611386676,104.72021032010176,40.3128921964132,19
527.9285714285714,134.00041878152263,19.226682498031078,97.53641351603645,31.68873839432071,19
528.0,139.42939888838455,19.466669095427722,101.85551131995918,37.93192779243068,19
528.0714285714286,145.6475466638391,19.237260818117175,103.81577829895991,38.950536754195966,19
528.1428571428571,154.94821525954535,21.548601345056657,110.83193066266263,41.61724881684359,19
528.2142857142857,145.77262716635872,22.510696512285588,102.59954188960843,32.66823586418293,19
528.2857142857142,153.34095737536566,24.123390452729808,97.10033130559934,27.995253299081064,19
528.3571428571428,143.4829748411373,21.591202998356824,93.97037827323933,24.73045006291062,19
528.4285714285714,138.24971498819724,22.951797000592176,102.55346122559571,29.71447132547902,19
528.5,129.53309688115476,25.27277161739565,98.5796795930283,35.304868115487196,19
528.5714285714286,143.79183378699713,30.808789673649162,113.83286900600716,46.06939858073564,19
528.6428571428571,148.16565585337236,26.775043296833775,119.90643896218975,47.09066753556714,19
528.7142857142857,141.4041899124883,20.24464893876265,119.64679938637167,47.410160612467145,19
528.7857142857142,135.1233641663086,17.988184532313586,113.47760640389917,45.81613549670681,19
528.8571428571428,142.9507314353254,18.286271298649798,116.89452698410507,46.71547514486775,19
528.9285714285714,148.6648838032281,21.551798377302134,114.83112614153379,42.86358543017499,19
529.0,143.84748291242323,22.501506345159157,113.40201241529287,43.189694903279175,19
529.0714285714286,132.0346930510944,22.10277768050166,99.60251453978253,39.369104994115354,19
529.1428571428571,118.12725312661723,24.875420365360572,89.43444563312735,34.76656038939354,19
529.2142857142857,113.33306967263299,29.603356136552776,77.65085803533592,32.6621100812365,19
529.2857142857142,110.89079750427068,22.54745772191746,92.99816438257542,45.14842153806743,19
529.3571428571428,140.890965461941,27.379729576541926,108.9963681058738,48.126675439157715,19
529.4285714285714,138.12490182618552,20.643871760790315,123.59835018236993,56.04080838909102,19
529.5,138.18341306103338,20.866194508979387,108.07024825593122,43.98467161927582,19
529.5714285714286,150.1841102896245,24.773093383361562,104.2696642400811,34.98288635261412,19
529.6428571428571,159.46693921788645,25.043147584315037,119.19322867613602,46.11276717611165,19
529.7142857142857,160.4396458572802,26.100422629978514,139.10669938958827,60.17326329368618,19
529.7857142857142,164.2970939479011,27.034225487021793,144.67823493388758,65.05529784215285,19
529.8571428571428,169.73977239296838,24.966936550499682,153.46592603265714,59.954553804365666,19
529.9285714285714,137.35765683979452,25.827742799971247,127.09865523250612,66.31595661763096,19
530.0,146.0695699885507,24.038296743360526,118.28123631801188,48.04557580275364,19
530.0714285714286,154.6669653484277,23.45068780401909,130.73516969718887,57.75899844247589,19
530.1428571428571,149.73656676370192,25.309378646335198,132.43890798004225,67.26881649382514,19
530.2142857142857,158.05012305077884,30.305839596951355,146.89167797568433,83.53412733623908,19
530.2857142857142,146.16920555425747,26.200843118372987,127.61734491651782,67.12909831014764,19
530.3571428571428,143.80844434525008,21.733115332463267,117.76539158978377,50.5954219670833,19
530.4285714285714,146.74919035257602,25.544114883937574,128.36526889061096,60.33319230042871,19
530.5,174.07455625210423,29.381310282010997,162.85397108873065,79.95077858670443,19
530.5714285714286,175.03624225423053,30.105903346055587,166.02304370625623,79.5594363857928,19
530.6428571428571,179.33623381849713,27.427148671503378,161.76513776229842,79.2826360822399,19
530.7142857142857,171.79581650820515,23.435195552333592,148.22135400994512,62.211960449673434,19
530.7857142857142,183.66963672451564,24.101808103719424,147.6415358902672,54.80681225659287,19
530.8571428571428,202.89249720464738,29.571890211100985,167.9044753291096,65.86897234535691,19
530.9285714285714,215.14957961069265,31.90044503952632,186.46915627478703,78.96742381882862,19
531.0,206.84192772784937,29.3296615920199,187.1128348839258,83.74724853560727,19
531.0714285714286,180.01494124094268,23.465993668565705,149.2775990830186,57.35139660513562,19
531.1428571428571,167.26719794427544,18.49294266412351,122.26595314857092,41.5611721853975,19
531.2142857142857,159.60469485896803,19.118392564782468,124.34145362112453,48.207610123244635,19
531.2857142857142,151.04496720996553,21.35143765747697,123.73320857850013,53.61653444372877,19
531.3571428571428,139.4972851989843,23.450457168497813,123.53693126729927,58.47273363047,19
531.4285714285714,134.85410130244645,20.379962494210677,110.8748150455262,49.29400164462458,19
531.5,135.54338103163025,21.196468577504746,107.7994321580366,47.42706267793296,19
531.5714285714286,147.94447069599428,24.106251860538755,122.88393546252284,59.39600093293324,19
531.6428571428571,149.10961519076383,24.843832180473573,130.02770615674416,66.39409609919004,19
531.7142857142857,170.69941734661953,26.62649160524966,144.16087792090013,69.7114417195276,19
531.7857142857142,165.5767547287865,23.671060250674014,131.15575366003816,54.3428510963538,19
531.8571428571428,156.98322662197765,21.02776293506225,104.12958957291865,34.003599005846674,19
531.9285714285714,160.51785195838337,20.17407843523918,113.71667790982231,40.50507299735628,19
532.0,161.66398692236012,27.868947482829487,127.75510724196984,59.272011899482614,19
532.0714285714286,138.5374568164285,19.49388819186362,123.21432485914902,61.09735418742121,19
532.1428571428571,121.59388068137369,15.309979203030185,109.06744032538953,49.07232850667933,19
532.2142857142857,107.25488255593213,13.962388828110504,97.03290507774939,46.1671923615521,19
532.2857142857142,124.28660460548917,20.53396613317766,126.16441624074994,64.39794626997119,19
532.3571428571428,125.2610077328724,24.109165199940165,127.33362260645337,76.22768102246167,19
532.4285714285714,138.40875037086226,27.15425111081622,141.4248900025878,84.8075220120145,19
532.5,133.12262982591648,24.337851927857734,122.82754782478304,67.38632668621901,19
532.5714285714286,139.8619217809665,20.78266304719162,112.0223445251711,47.86416263002647,19
532.6428571428571,139.46418386836274,22.86252613196315,128.38401808886582,65.655458689902,19
532.7142857142857,146.170420481718,25.717345587511193,139.6429173646188,74.12430994573977,19
532.7857142857142,148.6104778064534,26.197103612746194,140.4719534627802,75.967901897526,19
532.8571428571428,148.14202467652711,25.915710833712147,133.71791639473656,69.77069798663106,19
532.9285714285714,146.00824602380533,23.995650157987196,119.22677998298265,52.66684304777404,19
533.0,144.71757320485233,24.18969591300574,124.89639329499975,62.83472975310726,19
533.0714285714286,135.72240051378736,23.398972057310274,129.18066927120125,75.74654497270016,19
533.1428571428571,128.6006933265816,24.201133522643545,129.78366918945838,82.92611824896862,19
533.2142857142857,127.06386790147647,24.538518242831554,129.9091893785858,81.60446118225785,19
533.2857142857142,128.903575908634,20.21418198316604,117.48604072352414,64.50379090935778,19
533.3571428571428,139.9262749711335,20.964868150842143,126.94754962432965,65.60417589688814,19
533.4285714285714,155.74060670678517,24.594235485310264,145.53759486718465,80.75627310582729,19
533.5,166.72888774270498,24.851997158777728,153.8502261132056,80.22590022031231,19
533.5714285714286,182.36258181451038,26.634785329279694,151.02893204642618,69.49435681763636,19
533.6428571428571,169.5137176539424,22.148532552553693,127.15332907323304,55.66672138776675,19
533.7142857142857,143.4188833973114,18.288392941667045,124.56907014970342,53.73676712701989,19
533.7857142857142,136.40491132879666,23.321401742462065,140.89279071245934,76.95764100677096,19
533.8571428571428,128.44455521113,29.488439336828346,148.47646511688427,98.52621199672183,19
533.9285714285714,116.07506308503056,24.540505630562837,126.30763642700205,83.84217294775647,19
534.0,112.77742883760902,21.781524988122893,113.95744044646115,74.7282318477624,19
534.0714285714286,117.44344782927047,18.40166188663084,107.77477539796595,55.14135844481818,19
534.1428571428571,125.60612432804068,22.06296150604802,106.68369086040735,46.811264165779804,19
534.2142857142857,134.94104245207672,22.71130186022772,108.73787412894367,43.50450968349703,19
534.2857142857142,136.05951797372938,25.630941162313817,121.03974196091215,58.060310809691046,19
534.3571428571428,136.76229044567157,24.79635998551832,124.96032906268435,56.67681559335162,19
534.4285714285714,141.39356896140637,26.954549295251397,125.8541534745801,69.82208233712912,19
534.5,147.7916673520214,23.649044595222044,130.26185750931992,64.46059051394131,19
534.5714285714286,154.92009312536473,26.36209589087301,148.2016919285427,81.33463421316702,19
534.6428571428571,158.47613171035866,30.649389625126858,167.94766319959004,102.99422687975157,19
534.7142857142857,151.45382843370245,30.219242240156845,164.4077236188592,103.40156352860845,19
534.7857142857142,133.38899291341565,25.369409440753383,140.63331109911906,87.41063108982638,19
534.8571428571428,130.36684880380355,24.3199564720148,131.40281352226506,84.59430743946427,19
534.9285714285714,136.1873433012438,23.875184439435543,113.3906507387347,57.42216221391729,19
535.0,144.76040123503907,23.534312921839994,120.8180762505274,62.10943255202005,19
535.0714285714286,157.76810158481095,23.895938438986786,132.44221358501576,73.6746164062649,19
535.1428571428571,159.828618008925,23.028123738838165,139.67498558145525,78.47465559653882,19
535.2142857142857,155.42053681962784,22.416967749965483,126.1836422542277,67.61159450365066,19
535.2857142857142,133.71435431927316,21.50508331354899,92.72315406457807,38.806421834744434,19
535.3571428571428,159.53969110873587,22.96973309737446,94.47470807497196,26.600320344944663,19
535.4285714285714,152.73971778171384,23.11549508271059,101.80797464542154,31.19108941126854,19
535.5,166.11010593010295,25.347664314312293,131.24149789013998,62.26858133231598,19
535.5714285714286,165.07460109110363,25.881325773407323,131.45788630813485,64.87946549531875,19
535.6428571428571,165.9281303910043,27.20542952578824,132.32789366516363,69.8573674988019,19
535.7142857142857,158.0162875251706,25.272167732441538,125.46173674428869,67.91111220804915,19
535.7857142857142,148.20908699014805,20.710512272427735,124.51414571213205,60.21580474859677,19
535.8571428571428,131.7700299388081,21.905899939536514,119.16025582491548,65.64528093621696,19
535.9285714285714,136.90698505377676,21.97328110930769,130.0688519033787,74.01461338663745,19
536.0,141.64784554683806,21.38015128435879,133.8960438972514,72.2425430844934,19
536.0714285714286,141.04600211956546,20.013503941614623,126.20732322407775,62.79409856745814,19
536.1428571428571,142.84512952940955,19.04372348538693,120.1907610082941,56.706255371616756,19
536.2142857142857,160.93669356864928,20.034692627519746,117.33160306671864,46.37764264895312,19
536.2857142857142,171.88645510735415,24.747052325626626,134.9615818721751,60.63816275383646,19
536.3571428571428,176.0706480984251,29.223736120540003,148.79345392968298,73.89132164015511,19
536.4285714285714,164.1777913573791,25.808972068718447,139.13657828027996,71.11682125683372,19
536.5,159.6755711439952,22.67819161647016,133.97328210872055,73.37561784694525,19
536.5714285714286,145.6051633695085,23.921330598792434,127.1531861900028,69.71296153704587,19
536.6428571428571,143.0873695644689,28.073674622968607,126.56675330936271,74.69661858766091,19
536.7142857142857,155.16418510539856,30.44822684067426,135.1600384381141,71.8636129724244,19
536.7857142857142,162.8499886704592,29.322356807395426,138.24051140736887,67.12214760491273,19
536.8571428571428,167.85321467680086,21.989709869002965,112.73228419708377,41.343188990625244,19
536.9285714285714,156.05615180189423,21.39810239508974,94.02156654980081,24.431759999814464,19
537.0,157.4115073998569,20.899424131311815,80.26810677198114,13.405106805757542,19
537.0714285714286,145.44159501061682,16.680656998400153,81.87549868672204,17.612878919838455,19
537.1428571428571,138.7314446965641,17.06697611214174,84.93256171781636,23.102125879646934,19
537.2142857142857,141.66925459906943,23.884385159656404,67.34604169855106,11.385728430195677,19
537.2857142857142,137.51837979562063,28.992979651023983,82.86354148380663,25.135395275575124,19
537.3571428571428,117.64337194180241,16.64000707366835,106.37920505172502,50.435489102704416,19
537.4285714285714,137.4052041248178,17.63612334907062,127.44524983720103,62.79288949068127,19
537.5,153.46740254830735,18.509296240179406,138.09631782729832,65.34736588131197,19
537.5714285714286,159.95859861969214,19.34484009685952,136.39202769320963,59.80396674095496,19
537.6428571428571,151.53618143707192,20.907452107005977,128.47289739696075,59.44598168962166,19
537.7142857142857,128.51765052831138,22.56821540025059,60.51568031028966,11.036084266159113,19
537.7857142857142,127.41181096773782,22.53655916227437,57.01516021634486,9.158911928278238,19
537.8571428571428,158.04076135844792,24.636631282662005,129.96574594596265,59.94741600961852,19
537.9285714285714,162.88696116857056,24.65195149577948,78.04950709510923,13.533764360463074,19
538.0,165.96937189109374,22.919124103089278,136.75281170097583,57.56493508251857,19
538.0714285714286,145.9865827842771,20.05727010495108,115.47522568091108,39.33744308542416,19
538.1428571428571,130.96087307830055,20.110792444796544,99.67790502581094,36.32543729722829,19
538.2142857142857,110.15376531029408,21.137307174564896,65.4874727425291,16.060297376571654,19
538.2857142857142,113.77623375581197,20.308032390051633,82.70649192511442,27.084733998659473,19
538.3571428571428,145.4776403888362,30.244523493892565,116.6225186962362,46.46676844658154,19
538.4285714285714,155.64602805095916,36.15661168681636,132.70462505207408,58.70403618555995,19
538.5,129.4380907359538,18.867474943939833,124.66067692211209,53.2031682258697,19
538.5714285714286,131.3288352068192,18.42920936058498,125.68226099598078,51.892572272566134,19
538.6428571428571,141.58609184126595,20.203397247053534,136.5518611232949,57.19658596416904,19
538.7142857142857,150.10940361792942,22.03097266680391,144.43190289709236,61.42632265612462,19
538.7857142857142,174.84333222536176,35.82541644793678,143.93562725355457,53.566329231445366,19
538.8571428571428,132.8937444522959,21.517665613896057,78.76215704860097,24.76341646495958,19
538.9285714285714,128.2617667292851,20.11197876996297,126.07814744798891,58.4417482391797,19
539.0,119.47419749142846,18.20957011317182,68.84820775689545,17.10711644573988,19
539.0714285714286,121.37315178351271,18.616218617674235,68.16225787507815,16.30225257255501,19
539.1428571428571,133.35256692595016,20.60940266969318,117.44305896398023,53.44646991036393,19
539.2142857142857,164.35515538154186,34.14280342642015,118.8956254436963,44.53601426907847,19
539.2857142857142,174.0213302135604,42.62021059641665,126.92017146900949,46.971620836557584,19
539.3571428571428,175.9282490401204,55.8923168597111,93.82554089050629,25.12739271426654,19
539.4285714285714,175.88410948178415,57.57436160019416,94.55111025201168,25.803649611402687,19
539.5,177.21883366942654,59.86658381696877,98.25710546584781,30.156784416503474,19
539.5714285714286,185.6930941017757,61.01409672001338,102.82989048410586,32.836644100962715,19
539.6428571428571,178.88027898651856,61.893705629693685,93.42063355254534,32.97301217148186,19
539.7142857142857,176.7846499138411,55.0645638068205,93.9560475908803,30.19851711012109,19
539.7857142857142,190.56817954963154,67.50119491891064,84.90478066014288,29.03367030320635,19
539.8571428571428,178.31328259347433,67.87920056242825,78.94049791344248,29.21339781975125,19
539.9285714285714,175.92213577861065,62.653353950332296,77.55898120724345,26.70791093569622,19
540.0,175.6906620731162,56.84178378568984,97.46591331460793,27.929438858461214,19
540.0714285714286,184.6183908861646,56.233261793530545,97.41984306982877,27.09733959522367,19
540.1428571428571,186.80960439918616,49.658452822280104,100.91236955496716,26.929224721902525,19
540.2142857142857,154.3970660733467,29.761912040080915,76.81848114776085,19.190468097240373,19
540.2857142857142,165.76044700552438,28.98054016741866,90.55416025203753,23.30837273521491,19
540.3571428571428,161.24234224120568,26.71166789533125,90.13778340237761,23.64513985007969,19
540.4285714285714,157.75413079423743,24.412759717259377,83.26493513956252,19.473344201834166,19
540.5,160.0054513658227,24.588559899753662,79.5863697579281,13.437708877551955,19
540.5714285714286,150.05372759678934,26.732512319538348,73.68385670456516,12.844317389836823,19
540.6428571428571,136.14292418882343,27.507420860976197,64.27974727650566,12.658203689164084,19
540.7142857142857,115.52992649449827,20.31534207736332,55.58491421203462,9.62823372377976,19
540.7857142857142,112.79328150808877,19.018739036776196,66.19594954236341,17.106991455418104,19
540.8571428571428,137.24784176938704,30.67882572942385,93.95247404509688,38.17866286957189,19
540.9285714285714,120.94775756490455,23.736972029948888,69.57877735172546,18.261339511897994,19
541.0,112.91889861712049,23.779424850415868,59.56991080470818,12.779088235516898,19
541.0714285714286,129.7516878690822,32.60344852769038,59.914472966005356,13.395449605566494,19
541.1428571428571,118.21724988625226,21.42853532160398,60.290025942742645,12.077863944241921,19
541.2142857142857,115.64839344951632,21.557179291089426,58.866001376365986,11.188002843635001,19
541.2857142857142,124.7986625247907,19.82796126753447,60.80795504246489,8.79269312576459,19
541.3571428571428,134.76571721678073,19.849495955531527,64.42119766386186,8.85319550651357,19
541.4285714285714,136.8452889913189,22.489124297123603,63.800592554434154,12.092830145256146,19
541.5,125.50653418181204,24.6238329336495,62.329800035873525,14.521252623438935,19
541.5714285714286,108.76453383352487,17.530204141308655,52.38345191457942,9.297901935446955,19
541.6428571428571,107.42491713273664,17.22169217727641,55.84081936189868,10.686158019333478,19
541.7142857142857,103.81414901402344,15.714796935928762,61.46059362499973,11.594283053052534,19
541.7857142857142,125.15536954395279,23.150733916463103,66.06108111854435,11.340928043245261,19
541.8571428571428,146.12115107753786,29.929687970766118,73.18469965302147,13.529605569099619,19
541.9285714285714,160.43019722955586,25.985607955611815,113.51647153665753,28.84636946787564,19
542.0,152.50366511289212,25.83256330721587,109.41863688113868,28.49568744057287,19
542.0714285714286,154.2806590491751,25.344366150872915,112.1337346290276,30.780269749514773,19
542.1428571428571,148.5610671399793,21.50534580624114,114.41441075877933,33.99456630620836,19
542.2142857142857,157.49804644474497,23.061585247320593,108.52844614163679,28.660134373113873,19
542.2857142857142,153.4008240787211,21.419311386069797,123.55891857797779,49.11579731084307,19
542.3571428571428,140.2161566996865,20.03493096101145,108.79195422103984,44.540805304231256,19
542.4285714285714,132.3288189956371,19.444427617440763,104.11577113821838,46.1460840411257,19
542.5,110.70768035060573,18.094391191412026,73.45437497342601,23.473922915584406,19
542.5714285714286,115.74679202459207,19.67903227728999,99.67976356225273,49.313104346746584,19
542.6428571428571,112.20285151681432,17.846155582419556,78.75330514347789,25.438280248508672,19
542.7142857142857,117.43591282683724,20.94463419642524,85.96843193429355,31.86232916460676,19
542.7857142857142,113.42916041361465,21.45302906092735,87.17205107216783,32.49271695280754,19
542.8571428571428,103.62786718294892,16.148278268149923,90.1223678546922,34.659592086441556,19
542.9285714285714,122.30790962732995,20.888081568273662,93.17167275293372,32.94817121459947,19
543.0,121.76808090212049,16.14547822188511,102.21945691139767,38.50327550244331,19
543.0714285714286,124.38273472970174,17.65813192390889,69.53658872632145,15.522998050940387,19
543.1428571428571,140.74050073549643,20.742714088444888,118.14233087258869,47.829864159138936,19
543.2142857142857,139.79978246868356,22.23844162262105,110.2807812471331,47.70559630743131,19
543.2857142857142,134.10310572343207,23.19848150503305,64.90535623937384,13.060907099045751,19
543.3571428571428,152.18267706755051,20.143423870829274,112.36190182014658,33.569866636046996,19
543.4285714285714,149.10535848966364,20.487781701654995,109.21604567625614,37.77829571834242,19
543.5,148.15435942742425,18.41181192133093,123.60003883836735,46.504012007193126,19
543.5714285714286,145.78221553422676,18.83366855057427,121.91960996942449,52.80012271062947,19
543.6428571428571,131.68577063207343,16.096088131082364,110.27534752146178,48.619202968183316,19
543.7142857142857,128.68771438597108,18.06265254746395,115.30932736301764,56.934353387843196,19
543.7857142857142,127.52263455578804,19.838672983607612,110.87470497827118,49.59354062427945,19
543.8571428571428,123.6100090316082,19.194581625138653,104.37806935793654,45.65076019220165,19
543.9285714285714,139.39255102258298,19.333046021923,108.89505077910195,41.05720647209523,19
544.0,143.14053811414522,20.75290668156188,99.85226839441417,25.786373062794503,19
544.0714285714286,136.01553575138695,23.438900272038442,78.58403688272571,12.42638285495409,19
544.1428571428571,146.26248044165544,23.0009842969807,79.58634186781683,11.02602723394996,19
544.2142857142857,140.7786706776912,21.202288393423192,83.70889085808433,13.988628585587874,19
544.2857142857142,146.04743315404647,21.472533976221722,88.23411974376185,17.982345187479428,19
544.3571428571428,145.38571309326275,21.430803349473916,84.20105597428936,12.527659672366113,19
544.4285714285714,146.54892530522577,13.905792231544597,104.26709100761707,26.376324698282378,19
544.5,147.2331713128192,17.329480882639196,125.0113657628969,48.65524571084509,19
544.5714285714286,138.25664702249935,20.751602938572425,124.05323867161344,54.037398534575026,19
544.6428571428571,146.1545296416294,22.474062328591476,136.80405045919244,62.488709110693904,19
544.7142857142857,146.7951821567239,19.249077016290073,117.47418037287274,44.30272720574937,19
544.7857142857142,159.62538521943074,19.107025860868625,126.86361248045414,47.812905891890644,19
544.8571428571428,157.405893362675,18.501348412322706,124.61659618415942,46.41750760535236,19
544.9285714285714,150.25174388134081,19.20542564515978,114.68563329838157,36.987635816959674,19
545.0,147.0756211412097,20.325899732688942,95.94832288787813,23.688284392082963,19
545.0714285714286,150.62895614056364,23.3134385221134,92.36882404040425,17.86340719984874,19
545.1428571428571,141.59764641743223,22.312468115414738,83.59686801620167,14.051480793071647,19
545.2142857142857,144.5034274228274,22.10256490652564,84.85054198143447,13.346564401172998,19
545.2857142857142,144.68367308187953,20.60913311276381,82.50202252890627,11.797768611705983,19
545.3571428571428,148.55429849495908,18.848723040256623,103.38689218061282,28.17863396211548,19
545.4285714285714,148.93176510370563,18.361768617315494,117.23380325050483,50.31475979634883,19
545.5,143.59409237563392,19.05511560334791,129.9505447101981,62.050141106363824,19
545.5714285714286,143.92429389108167,22.413302405189725,144.7996068310586,74.43651959835907,19
545.6428571428571,145.96338644306437,25.21716047711037,149.45481625060654,78.0568879211387,19
545.7142857142857,140.1123471754176,24.661324304305413,133.22496005939504,67.85225773088042,19
545.7857142857142,145.00631910326945,28.587838212788782,138.4606859972369,75.14867032158077,19
545.8571428571428,158.86801529204658,28.730680480046473,142.0685518830163,72.43452725052116,19
545.9285714285714,155.51879878426178,26.557609064757877,133.9019829309519,61.6591557330934,19
546.0,154.9596897886848,23.617450946934216,125.02450152051041,50.81732106423428,19
546.0714285714286,145.0801699771424,19.9680952576369,111.80260019290594,40.68404088204933,19
546.1428571428571,150.87821141708272,20.041267374203,114.91374066983715,39.90165778156302,19
546.2142857142857,156.83228556666563,20.240348546944148,131.6437725529927,51.14344041835243,19
546.2857142857142,161.26528594293092,25.491861115023784,151.83887509133547,70.59088481403154,19
546.3571428571428,156.71697111130482,24.139363717802837,140.93693080151903,61.74914955366761,19
546.4285714285714,157.3763484873485,21.11486196004645,135.9512337955439,56.05159427528334,19
546.5,148.05509710197077,18.2571911777818,114.90953333014077,39.804389708652316,19
546.5714285714286,144.47059149569444,19.350790842342466,109.47844893651767,37.0861964416485,19
546.6428571428571,152.44182427251542,22.169621258542726,119.69854104189295,43.87992695979176,19
546.7142857142857,150.45018147710582,23.21680686788445,128.55283317840025,54.97959904314938,19
546.7857142857142,148.15575642622474,21.327013034498588,130.40097673787363,52.98468049448237,19
546.8571428571428,144.97554120645765,20.407620951851815,118.6516908010446,45.091486097731284,19
546.9285714285714,153.83698705161987,24.189893393016625,113.86353912048182,42.85498078661825,19
547.0,163.74390789778636,26.827009173218514,132.91857635406302,56.23988029691644,19
547.0714285714286,160.7807485030239,25.829792711424737,143.1085193815271,65.52177289041383,19
547.1428571428571,158.72643398872682,27.183446239512506,144.9570917698585,69.41155855177246,19
547.2142857142857,154.77555376790252,25.178292354317705,136.36307985191647,61.62044350529853,19
547.2857142857142,165.45560071221823,23.058692221676296,127.28486418291762,44.75069440548718,19
547.3571428571428,167.1462694624871,23.273994029866714,117.49641178197463,36.11450892846596,19
547.4285714285714,166.6490459228293,25.424605603257085,126.08924846276959,46.381519110550336,19
547.5,162.90914789088774,24.352816116009137,133.41552967540676,57.61852643735959,19
547.5714285714286,154.59341158026638,22.171336502366614,124.33060766812893,52.068358882771896,19
547.6428571428571,147.6675996837808,20.028661932002333,115.13940593097686,42.24081155014182,19
547.7142857142857,138.07644123322476,20.788592314428886,102.97022777447965,38.39130646868594,19
547.7857142857142,130.5058244429104,19.67138686525288,111.47226550687631,51.6300121007924,19
547.8571428571428,130.8550304283609,20.10612639866705,126.70250214322418,63.91957212753221,19
547.9285714285714,126.57908176856579,21.36767207527837,123.96182538597414,60.88820122603187,19
548.0,120.34904473944849,23.468949173155558,112.6560782745283,53.78558327144392,19
548.0714285714286,112.94099596008506,22.664249391064963,103.0416118444094,47.05525092257818,19
548.1428571428571,119.19748257585569,24.81244639950464,109.03347194711446,56.97952572688967,19
548.2142857142857,131.34038834215357,26.531289345222703,124.26327053870416,68.8568967445355,19
548.2857142857142,135.66140813465634,28.429065952467386,139.84919183342225,76.18129046790601,19
548.3571428571428,136.75172328049345,27.731184280307343,134.32638869953584,70.5742185783326,19
548.4285714285714,126.03109964216313,21.08495205764884,107.86474350403766,46.255206677770396,19
548.5,116.16798766048322,17.817584979320987,94.63580680131754,35.357969373223135,19
548.5714285714286,126.13918517185552,20.680573485250147,111.65504594781213,45.995539000636796,19
548.6428571428571,148.78965956281945,25.541844500094577,131.76642242652227,63.02685029867511,19
548.7142857142857,165.53347825333222,27.8308715240364,146.04014369486222,70.69504369028544,19
548.7857142857142,161.19689203626004,25.870584886447574,139.58856201400792,65.44361251197031,19
548.8571428571428,153.77230632493368,24.14309781085919,128.71847236546395,55.91643806909523,19
548.9285714285714,155.34861516565496,23.049941450372867,143.41291850982464,54.731837881689195,19
549.0,151.38205510205592,26.091152529359714,152.23719045833616,67.33891351714789,19
549.0714285714286,165.00600814739448,24.78871925838843,160.02573677337213,68.97303987810626,19
549.1428571428571,157.66378401021217,22.501821709440232,143.35330900923003,55.22307377385266,19
549.2142857142857,130.14221498858592,19.22405482087529,106.15860709037587,35.97992162333013,19
549.2857142857142,123.15731214254967,16.510489186631194,111.48083134196898,44.50407844064611,19
549.3571428571428,132.22245863582643,19.821775524911736,134.087285828384,63.37898327728936,19
549.4285714285714,145.18462255127693,25.214062515612557,154.62685789991,79.79518552832002,19
549.5,162.25201953275888,24.61067845632664,162.4986195952634,77.02484587753092,19
549.5714285714286,164.8571730959961,25.327507183433724,159.992724474982,74.03940238522806,19
549.6428571428571,166.3766675568377,25.32033106492719,154.5785268828594,68.08740675109335,19
549.7142857142857,172.94623406768264,27.056976385527225,151.71636572218694,58.67350158718343,19
549.7857142857142,176.5747805690731,26.98432467970041,159.60441230729356,65.40205865435614,19
549.8571428571428,168.58392574260566,23.699900123157498,158.25521109207168,67.15628616416893,19
549.9285714285714,161.7017875365014,23.8877667059335,153.2994527134274,61.23969976996667,19
550.0,145.62637339822808,18.748446023321513,122.49935653762776,41.37578295304683,19
550.0714285714286,132.52063018767473,16.343037193612144,105.79967324343085,31.729841017418828,19
550.1428571428571,122.18226303589223,18.823171343964162,97.20693987514986,41.110821499410655,19
550.2142857142857,124.78709013537667,24.334838019680248,114.84649648282537,62.00641372328454,19
550.2857142857142,130.06731081019254,26.501470744975315,119.08577894262116,66.45389409223563,19
550.3571428571428,142.3494790005777,25.56374476623827,128.7127365588845,61.8271794589249,19
550.4285714285714,156.7135390161597,25.545160943556834,138.67123098757182,59.548524493724315,19
550.5,159.46478970324569,26.709073602766274,134.5041031346852,54.90926992641167,19
550.5714285714286,148.13847237842768,23.66109539666278,130.96166306317483,58.92972854242828,19
550.6428571428571,137.9386972314138,21.90978138454622,131.14752020976738,60.09153368152068,19
550.7142857142857,136.1761778694397,22.179836611989963,128.19064672751432,57.113016382900064,19
550.7857142857142,136.8143815624362,21.168603178274637,108.80129754599719,47.519267000511114,19
550.8571428571428,139.3235522690979,22.62359804203682,100.3371885198684,37.025864458324534,19
550.9285714285714,130.41173463514883,20.890940046414883,91.35093584778411,31.50556232899364,19
551.0,133.782770129592,24.06505376995692,109.4684130226553,52.34057855812452,19
551.0714285714286,143.30752185357818,25.856852452243995,126.85304534204208,66.25906968444835,19
551.1428571428571,147.71493310016072,26.00588027811021,133.64320348621544,69.70415195301858,19
551.2142857142857,126.90667796458142,24.755349844401895,113.45407086796979,56.581869764078164,19
551.2857142857142,116.72621479627259,22.800136917508233,105.97295183497351,53.53421491213556,19
551.3571428571428,120.6024350548979,23.27913759403878,121.10092572018542,53.02477344206045,19
551.4285714285714,121.37317517523185,21.758848194901454,120.46946772888148,51.349367842107284,19
551.5,136.19047157597728,25.636343723363872,141.73112057285928,69.14169149147759,19
551.5714285714286,145.05678952793002,25.553749714954847,144.37359413941024,68.95433503580614,19
551.6428571428571,142.03732775319213,22.083697966243726,135.66489457289882,61.039355678418204,19
551.7142857142857,142.2190192607915,18.56248628521132,126.3136860252639,49.49995629862877,19
551.7857142857142,164.38252169494547,17.92405138099103,140.71666016843977,47.56584866939417,19
551.8571428571428,175.65383671145324,22.032998177179987,146.0828115338516,49.58576837434145,19
551.9285714285714,181.14932081938895,27.555281635842725,168.67074543916644,71.97128067253769,19
552.0,168.9314465316936,29.359863907974773,181.42054202611757,95.3032315674892,19
552.0714285714286,152.20761703491473,32.68745287865142,184.07883456579333,113.35749205948258,19
552.1428571428571,156.79605084363553,37.57528278533944,200.9934600507856,126.5876740741839,19
552.2142857142857,166.3508607215455,38.90344204325491,203.72514830231322,123.60481636384355,19
552.2857142857142,166.67002970656287,36.946105120670026,184.30070972956872,105.78870296341196,19
552.3571428571428,170.42003332912853,35.27426198591618,185.6885888553147,101.05468984570958,19
552.4285714285714,170.69009951374795,32.0414304211336,184.08548883885567,95.70498973595542,19
552.5,148.43510808941807,22.473283033871628,136.25531336288782,56.081957319174414,19
552.5714285714286,136.48065779085,20.677966202304738,109.34035275331867,34.618432493496336,19
552.6428571428571,135.96360738376038,19.54745614530253,93.55949047460156,20.336503036035516,19
552.7142857142857,121.30042877457171,19.556205732112737,82.97078579756884,19.35640232325698,19
552.7857142857142,119.62229136631697,18.284776539218583,102.14619641688085,41.3436788971199,19
552.8571428571428,133.48441257715834,20.740132960560857,130.40211769902263,62.84985431837165,19
552.9285714285714,142.8877391208839,23.253258764018867,146.32975083938496,74.11034343507431,19
553.0,152.21253672042798,24.99761865130836,153.0493963109553,76.9992069492853,19
553.0714285714286,149.62724335805711,22.707725094138855,145.55660030110414,71.70175085409143,19
553.1428571428571,148.83334969197105,19.92013993790463,137.66571603084049,63.707423331190945,19
553.2142857142857,149.18511304915822,19.788198595711634,134.73136591161006,60.11437103497615,19
553.2857142857142,150.63714188331903,19.239025387827375,130.70750877050816,53.32059387620586,19
553.3571428571428,148.05367477091897,17.76166367267689,117.97193237714988,39.35953682082668,19
553.4285714285714,137.4995778809479,21.043383653739973,92.10884668260587,27.860477775254118,19
553.5,123.38618402951273,20.38697051606758,85.63092424921994,24.996631599620454,19
553.5714285714286,112.90873033979278,16.714348390404453,68.7565511027076,17.577650573692605,19
553.6428571428571,102.07775918605797,11.52496883756437,63.48782780041363,16.349251232023853,19
553.7142857142857,100.70495711051383,13.348019021917882,70.43145817578937,24.750459205691442,19
553.7857142857142,114.15711323821846,16.10144243934678,80.26618621209822,30.816041982483075,19
553.8571428571428,115.23779895568647,16.13016148129315,81.18021028345987,28.551989595822743,19
553.9285714285714,127.5743306427213,18.016040803327282,80.40528404721402,16.79324762500392,19
554.0,129.92142580413673,19.837034447103644,83.64725754122986,19.446415264481796,19
554.0714285714286,131.9762443051862,18.561370468521158,92.81788192497541,23.052641829622594,19
554.1428571428571,132.12546133286185,18.16707666677119,94.99638193966251,25.11000453734899,19
554.2142857142857,128.29771971581465,16.61419231163148,102.85797866990208,35.7480162307025,19
554.2857142857142,132.3323242589764,15.6667466062416,114.1990246035977,47.87500756561003,19
554.3571428571428,136.24190248642265,17.659525615358163,128.90517055590652,60.72180023903473,19
554.4285714285714,129.57792451554636,14.856887337242146,73.22318706924453,16.10898618789542,19
554.5,144.2651544290585,19.62633855832355,134.7174521185722,65.81558358344465,19
554.5714285714286,146.8086271932998,21.506227961270067,135.47745974148148,67.74955546916723,19
554.6428571428571,136.0003661096966,18.708952834384736,69.10448735809189,10.734065249671069,19
554.7142857142857,117.77498524788271,21.12258473424478,62.0813782372488,11.849529312954239,19
554.7857142857142,119.56115124748699,20.70973186100657,61.163151121908356,10.869382770704844,19
554.8571428571428,121.87235860279013,20.35962586678336,63.09543403581757,11.264220601216628,19
554.9285714285714,132.7941035641201,17.376923533345753,69.55146520057897,12.501680278789774,19
555.0,129.00299907057737,17.976371270478143,68.23579995615563,10.282720584915126,19
555.0714285714286,122.07715457137174,21.39987412740699,62.45143398294617,12.299816843357503,19
555.1428571428571,109.63806590108383,18.922768485225347,61.45674453542276,13.515594778619349,19
555.2142857142857,107.83234023101593,18.70969773018463,62.8638856923998,13.966490643015076,19
555.2857142857142,108.10961500723269,18.817200596186453,59.6251539445805,12.969210378962716,19
555.3571428571428,125.78458724145088,20.583645442867116,61.23303085765053,10.120655198987643,19
555.4285714285714,128.26737077074804,19.85372016759179,66.66230523551225,10.343442289507836,19
555.5,128.69448991919,20.3092018326849,60.93472927411152,8.771105155611522,19
555.5714285714286,125.74091168785725,21.066751675283154,59.30693023133352,8.864518579076995,19
555.6428571428571,124.30260376314547,18.662672350500248,60.58759415606636,9.468233848452272,19
555.7142857142857,110.5590489313542,16.387590094765482,52.115211948146495,7.448433896644137,19
555.7857142857142,118.44361205008678,13.012983966084331,60.50607993101174,9.12368086130256,19
555.8571428571428,101.37216377605019,14.735986931501927,53.4264807755889,10.038305967331807,19
555.9285714285714,114.85789061216767,18.81277067733195,58.441744394084466,12.902956025307384,19
556.0,123.74241107490599,20.619925803212023,65.06901050905482,13.387119881551811,19
556.0714285714286,143.35366148275247,22.62061828874754,75.36790712650686,14.744185263538713,19
556.1428571428571,142.1315514890211,24.99881296915892,74.57970125895984,15.753613982040529,19
556.2142857142857,135.02915541789915,21.785700702872816,88.78294399083055,18.197939152558714,19
556.2857142857142,139.3714782930889,20.872975769641194,89.20547030654886,17.245667990610766,19
556.3571428571428,120.88848874600463,21.613190294229657,80.24887102345096,18.266244342103352,19
556.4285714285714,106.64153867325449,19.069426238183205,73.96708268551872,15.690386858604764,19
556.5,101.64737724395144,19.87329848418547,63.77754131322914,13.490770738324123,19
556.5714285714286,109.68212343399954,20.67565317681379,61.8728832374335,12.321335183685946,19
556.6428571428571,115.26090016926196,20.297249859028053,71.42363517582609,13.06432119014761,19
556.7142857142857,133.58769252926427,18.944066113502046,97.22034556959281,23.63977836394657,19
556.7857142857142,132.41601207484123,21.261080894980726,101.8930482525176,31.181958901867986,19
556.8571428571428,137.0536775337277,23.559754783288327,78.08537256792704,15.889211066081144,19
556.9285714285714,144.3704158197173,24.076286281178028,80.70226222599955,15.408294072048008,19
557.0,149.80741414790916,22.424278148644245,111.87231732015941,31.687577963447097,19
557.0714285714286,147.72110198177364,21.42175330193982,103.44806216372106,24.61139729597269,19
557.1428571428571,149.02483316013368,22.031207332736464,101.24633934602332,21.964917103445682,19
557.2142857142857,149.4127420556623,20.505912701543046,102.42290695986273,20.72192713334438,19
557.2857142857142,146.79406005899014,21.72490291687292,99.60964400883874,18.6127054798936,19
557.3571428571428,129.0080677472941,17.115728074842288,84.75452936326882,20.12222935958044,19
557.4285714285714,125.77587570600286,14.346921687645608,92.76102014334522,23.413275876304017,19
557.5,122.22832862213954,15.120061739144312,90.22025944330316,20.74545565788899,19
557.5714285714286,145.88353243594446,25.326942900227976,110.46872045859755,36.3671057820338,19
557.6428571428571,142.19143831069283,29.750508434044576,111.59440969156182,44.152330696770136,19
557.7142857142857,161.63840652521654,32.412066318181786,133.3878905860842,57.71094131770711,19
557.7857142857142,153.73706221595316,30.451731696902158,126.76393213022337,55.890317145588455,19
557.8571428571428,136.43181341252554,24.44944075510025,114.12392038295567,51.15607481798353,19
557.9285714285714,122.43858156167244,19.782199775327697,104.62950483420121,48.31011879569276,19
558.0,111.40313201267317,18.82690430593839,96.43278847691252,46.31815038610634,19
558.0714285714286,117.52976318515235,20.012743845676262,93.5339620975808,41.03319148871808,19
558.1428571428571,132.26639271471782,23.45484639690832,92.63237326701964,31.568668467254078,19
558.2142857142857,149.90921820197278,33.43532075911703,85.62547855373793,22.34577205925448,19
558.2857142857142,154.42068806619574,28.29568803043574,90.60865799807395,23.05714583339288,19
558.3571428571428,147.11473633542482,22.332019639983308,92.60971036836753,22.692652999313506,19
558.4285714285714,143.88293000899654,20.96355380989209,89.58695519015833,19.13033448113037,19
558.5,153.50052458978462,23.86542932952123,102.52955908599003,25.72007019313675,19
558.5714285714286,156.9617422392905,20.1441982698436,125.14196643571792,39.13533754540988,19
558.6428571428571,155.67724206230662,22.338176153062353,136.87118869690494,51.776754944251934,19
558.7142857142857,145.93638260845375,20.86660780616168,130.33768803012651,54.34500337584551,19
558.7857142857142,132.27272492767304,20.992989666819188,118.91251285682358,52.97030792540386,19
558.8571428571428,129.9205078739587,21.239357013940186,118.1958357951281,55.18627149573124,19
558.9285714285714,144.9760743372252,21.193302258307344,129.0188356028238,59.131008412027676,19
559.0,137.8437070527577,22.464453111196075,118.20912269731856,56.23839605643463,19
559.0714285714286,143.27747816689876,22.26954442359062,117.19350546034751,50.40709818277254,19
559.1428571428571,137.30068137713917,22.751879746834323,110.26852424371,42.95922623066293,19
559.2142857142857,146.82626357115473,21.087266060233436,116.06253035211923,37.85070929396246,19
559.2857142857142,155.58875391993098,20.7363445703011,117.05605871579782,28.914510759467355,19
559.3571428571428,163.73081815965065,22.201093990021832,129.09566995616004,39.42600230576984,19
559.4285714285714,166.82324016870479,20.93025536087118,147.2167147217995,54.020690667769266,19
559.5,156.3322806417364,22.292880762446966,135.86385231087405,52.127118676378565,19
559.5714285714286,142.62103186870226,20.472034209254186,122.74393948332141,46.96595789176034,19
559.6428571428571,146.52269037071022,20.795276162191403,126.77483028855356,47.28799187508635,19
559.7142857142857,156.82152080442177,21.387742336406205,125.76760235865103,43.78215638478011,19
559.7857142857142,173.62384542275575,22.638010082976265,140.26895270633284,48.44160755025888,19
559.8571428571428,168.7127662725775,23.168453466894434,119.45416361439882,48.121479752277416,19
559.9285714285714,169.3150428202828,23.98628958194825,131.06949973254325,47.07883380109563,19
560.0,175.8245709116452,25.498217329005847,135.65956608684692,42.430724384098326,19
560.0714285714286,184.39927302292497,25.26374970739401,137.28159244128554,41.29385207072688,19
560.1428571428571,177.3213579874915,25.16880307908284,140.3656090241961,44.9286361421619,19
560.2142857142857,174.4247121013097,24.7603747971156,140.4009988276517,60.64101018177134,19
560.2857142857142,176.02057453887622,26.041668867511742,159.90339753094332,64.37210727309433,19
560.3571428571428,154.15376252347673,24.060465437244506,128.99335438264757,58.64916987477912,19
560.4285714285714,157.00596124174558,25.029850728082714,124.99025445100769,50.57481639034004,19
560.5,160.37385908621647,21.22284986701048,138.54008788225494,44.63779396467931,19
560.5714285714286,153.10297347878495,21.909376621001567,82.35984582652544,17.96131672749174,19
560.6428571428571,174.0391372631052,22.648912030147997,124.34291392281979,45.54542743198747,19
560.7142857142857,171.2085258597482,23.337601565268915,126.98226898517144,41.631278096365094,19
560.7857142857142,173.28216279586715,23.568812874996944,108.38137033346085,30.80095962679031,19
560.8571428571428,152.40790248587507,22.613904029853337,92.61656961122115,21.135730222204618,19
560.9285714285714,146.5006725780423,24.120689227791598,79.79669406336619,14.790697868959679,19
561.0,140.70629172182805,23.131280007665662,83.66787794937247,15.525565248645098,19
561.0714285714286,143.9225091419107,21.66360903997447,82.85448350706605,15.865939436592912,19
561.1428571428571,144.46624682272926,23.00787897118273,95.53235047495416,29.396274027986525,19
561.2142857142857,142.66854810614612,23.102446228498806,112.028393086481,48.17361818421404,19
561.2857142857142,135.61017770172054,23.694501212527136,123.22541173745195,59.02013794034219,19
561.3571428571428,134.35523696125952,24.013256031627304,128.16447223108472,62.70404525711515,19
561.4285714285714,122.0606796828199,23.60533240145237,121.02442210904965,65.81212475431758,19
561.5,138.0743529254514,23.559118809172784,123.98801549412391,64.04130167183101,19
561.5714285714286,149.03943242856718,25.0030290844447,129.73329187027488,66.04679740932578,19
561.6428571428571,151.28083078550767,28.84823344064532,132.0641254939991,68.0725980943171,19
561.7142857142857,157.28364787911528,29.589327850718934,122.3575493954159,49.98281598153362,19
561.7857142857142,166.9222439327978,31.021831502930002,117.87418142927446,41.13335850363721,19
561.8571428571428,175.79509471152363,30.114393708362304,118.55843862896383,35.539188992199584,19
561.9285714285714,182.23054224381448,27.23284068869733,120.4428844272862,27.77553010600189,19
562.0,188.04577349562626,30.653799491087923,125.32384069510309,24.22009345301242,19
562.0714285714286,195.84326371655075,30.330247908268436,137.7171865170071,34.25674698410459,19
562.1428571428571,192.2835552433267,30.39933644084575,144.40785688507947,41.64203960229647,19
562.2142857142857,178.5978302647798,30.10103392219115,140.82096983858196,47.42352044390237,19
562.2857142857142,176.10871273882853,30.58747165271566,152.73462552881676,53.63542879239319,19
562.3571428571428,146.44283985169264,24.861067553174323,135.78576622702934,55.743097738918024,19
562.4285714285714,144.6811450033537,23.21915017518501,144.8744202011093,66.82083588921043,19
562.5,164.46711943044664,28.046925739353885,164.97068118772162,73.00223551406663,19
562.5714285714286,141.85945663276013,26.82166261768386,163.98278416448082,86.51372745188588,19
562.6428571428571,142.52484052664178,24.257625577902154,134.08004289735948,59.10596294717818,19
562.7142857142857,141.15797375305738,23.77558364453556,116.52194535751217,46.77086020617952,19
562.7857142857142,151.94346413097028,31.09377668857027,113.50310323337149,42.513605261930735,19
562.8571428571428,168.05602344644987,35.09992509694744,127.44601911274096,50.72838870517063,19
562.9285714285714,176.3014827594864,42.53467330788894,157.49693583916257,75.76231268014556,19
563.0,176.1691112926811,44.36921033902523,150.34344973416387,73.05003997075494,19
563.0714285714286,161.39995738638,44.340129610825734,77.34649351805497,26.781638069969787,19
563.1428571428571,171.7783757581107,42.69354273334992,136.23955368322044,61.96853814991601,19
563.2142857142857,172.2082602846219,39.67007362986731,139.6415479727363,58.724258540900536,19
563.2857142857142,176.00853121065649,34.43819911443407,152.37136914117866,60.956477060119546,19
563.3571428571428,179.0452501157993,35.351570946997285,153.48526005215098,63.02042740476188,19
563.4285714285714,157.30194210267842,34.99368182145344,124.68212334146084,52.68034834816079,19
563.5,137.11601554993658,27.80261753283955,101.41300175688801,41.902702605040815,19
563.5714285714286,142.45895417719143,27.705409929617723,102.66742836806202,33.10351451014597,19
563.6428571428571,153.2250033387142,25.09624688707383,118.03212522359452,42.80850298343905,19
563.7142857142857,153.9438169076765,22.221573325195568,133.51562336806597,55.36245998885234,19
563.7857142857142,153.90897116468406,18.796128793672477,133.54551584520544,56.1223543931124,19
563.8571428571428,154.2536867761619,19.493754499817335,141.6011433885747,61.31382660354811,19
563.9285714285714,156.67356729212253,20.858223288152868,136.25422517673147,58.94209645549343,19
564.0,162.36088960136505,22.91426274825889,133.94073782226275,56.895629696508614,19
564.0714285714286,171.6065555159783,28.71921301722715,148.06521178238683,68.08422926900491,19
564.1428571428571,165.05304807792206,32.000876915635835,138.790004922082,68.11848056612293,19
564.2142857142857,167.8970884433725,25.357420166046147,144.28936508093273,52.79176947294418,19
564.2857142857142,172.8873134371107,24.904230104282746,130.40758697534883,38.10525871855335,19
564.3571428571428,162.9269847092077,31.576371570830045,120.73292623954197,36.60149410549098,19
564.4285714285714,151.43000555184463,31.930134784918764,113.10671491010486,30.311846350062552,19
564.5,138.84398814987267,29.759445616157592,108.71567638147097,27.867383062618778,19
564.5714285714286,124.52511961462184,20.58540621078002,97.1766348302163,28.058107411035802,19
564.6428571428571,128.02158508587036,17.112598362489084,112.36073613495988,43.033957802348205,19
564.7142857142857,132.77447354822996,20.028756984311798,126.77772381837833,57.97184824188768,19
564.7857142857142,148.10615736779397,23.281771230462414,142.56259246958837,65.85414459231559,19
564.8571428571428,155.59274933905368,26.631030707342997,150.02380815247824,67.7453043015369,19
564.9285714285714,147.4283937926759,26.133180717436435,138.51378050103477,62.31480875479822,19
565.0,126.90634583011888,23.565932687241308,75.82666221243932,20.315124587760263,19
565.0714285714286,139.9393165780988,25.41654204016162,139.79653943989587,64.41350663223136,19
565.1428571428571,141.67144409726882,24.76035138450374,138.35249195770382,56.72934004483271,19
565.2142857142857,147.63332141677657,22.7760004053739,132.25289519586852,44.695001831346815,19
565.2857142857142,147.72185021409715,19.270606183287978,119.4819808061786,33.42662287594134,19
565.3571428571428,145.30453289289977,18.18788291862686,102.87840466374277,22.534456133409517,19
565.4285714285714,138.99598068839816,19.707456449615183,89.15494595853198,17.199564109036462,19
565.5,129.5069348803201,20.747858439482314,78.56386319849953,14.800157417409986,19
565.5714285714286,127.6983399012983,20.16398328746678,86.45240530809603,23.05259902615491,19
565.6428571428571,129.14176362577982,21.43982112981076,96.47521070465629,38.13646573546271,19
565.7142857142857,139.85360648173952,20.49968410818909,110.88716891548535,46.963581100773816,19
565.7857142857142,140.16376255596748,21.944278143754495,108.26442928201062,43.81357818945824,19
565.8571428571428,145.77504092638327,22.496004241869247,112.43661239983209,44.061698379275306,19
565.9285714285714,126.2688772807302,20.96535376117455,109.85107259300793,47.25038783494584,19
566.0,126.34230093481743,22.08606895942741,114.94711642798835,52.5023574185385,19
566.0714285714286,123.18942838199888,18.052000605319293,106.34255631134417,43.35296543375123,19
566.1428571428571,134.8414511388372,15.814129835104508,113.6194210630362,40.06493918240133,19
566.2142857142857,145.37882163758633,18.944705557444056,116.56292159474738,44.137888440700856,19
566.2857142857142,151.34319768118024,20.530082008532688,110.109340118489,34.6290014155995,19
566.3571428571428,150.21277348104607,21.27618855991098,110.12442228178338,27.70772378397361,19
566.4285714285714,140.50919234084807,22.360350858165095,96.28865180550684,23.967448006593393,19
566.5,129.6165169736393,24.414379303981775,95.924234850743,26.73047233384193,19
566.5714285714286,113.25926843832295,24.501894803332426,87.73143661746951,27.354409401668356,19
566.6428571428571,101.46862383470591,19.90168285822463,82.52811212477994,26.323014256432945,19
566.7142857142857,106.01777710937374,20.138147656600474,90.20097002278565,33.05543591684183,19
566.7857142857142,126.05179794238423,21.265651236723325,111.46696102399896,42.33646598512336,19
566.8571428571428,142.1909221107431,22.73186001729721,124.42212438033046,47.32306735423045,19
566.9285714285714,158.02307314351026,23.008229856322252,140.15252700625757,54.06883211014801,19
567.0,158.66428486128828,19.710572202698874,142.89824171457877,55.65977754886322,19
567.0714285714286,162.2249982957939,26.140957556558906,138.54232559010515,70.53816741783646,19
567.1428571428571,156.8630837151481,23.525830608123137,139.12688211865037,61.776673665480054,19
567.2142857142857,151.95518510081638,22.15844628509318,125.0059147089326,50.144633792708184,19
567.2857142857142,132.74036693929403,19.262011124947417,110.28782127265568,45.63931103145931,19
567.3571428571428,145.42703216719883,19.310788221322266,107.92277492044495,33.71431373724335,19
567.4285714285714,135.40973697941234,16.041445810179,95.46318508027615,22.317512454071196,19
567.5,152.08732468105094,16.062296481848417,97.00143411141421,15.604614153558122,19
567.5714285714286,151.893478094395,17.806616477510794,87.6330705305117,12.544328684756373,19
567.6428571428571,147.14855630800298,17.357099043802442,86.66220294601708,13.045269748672824,19
567.7142857142857,142.13326395727577,18.132740095977212,95.92017139537805,27.697309325084394,19
567.7857142857142,140.62435928577412,17.27435838105287,116.28687804554244,45.219389509273306,19
567.8571428571428,139.81401056678064,22.28182625334617,131.74546140755433,60.60560559331805,19
567.9285714285714,140.67607194543297,23.323057908076503,130.77559442111524,60.03072795958906,19
568.0,151.87797433706064,24.824828060011733,133.20096957468945,60.44477159425529,19
568.0714285714286,144.98649453728171,23.728249930037048,125.67911333964018,55.33294216149961,19
568.1428571428571,140.771717760407,24.596905054235688,73.53031151781501,15.132018072268599,19
568.2142857142857,163.1428859560092,24.109945773529063,146.08678647908354,64.44903632297608,19
568.2857142857142,161.5677678651871,21.007221518672505,134.88479729577602,49.75411057930662,19
568.3571428571428,153.26596986172655,21.719062739585098,115.98357336649357,33.72070329746027,19
568.4285714285714,134.70888069356226,21.152822373403414,90.17535659641557,24.61825976957338,19
568.5,152.5021957119481,26.299119876304978,97.91071449727608,23.287466615993065,19
568.5714285714286,137.38539147227516,25.35450365452742,89.52855766266715,21.23803301124486,19
568.6428571428571,128.44817469866507,21.74265300242097,87.64713285674212,19.648268611815446,19
568.7142857142857,138.95571467184777,22.769736055438294,100.94495994529441,30.223708954909107,19
568.7857142857142,152.4916171683601,22.226217158512856,121.63909652993318,40.40040368626151,19
568.8571428571428,159.104214323385,23.623959605025917,129.057061248148,51.722942713741304,19
568.9285714285714,141.06352950186172,24.76126271379942,123.02979371257425,59.3128941652525,19
569.0,141.52496796268383,23.472122146206697,120.80032875652377,62.78031150016047,19
569.0714285714286,138.06329816679354,24.588303458701933,121.77427900057185,61.516750859436655,19
569.1428571428571,142.0139582426446,24.442128152246642,122.87714837011784,57.22377401567975,19
569.2142857142857,146.7627762051044,22.248502549235084,125.398568974785,53.00838227623273,19
569.2857142857142,130.90471839400863,21.673718048416653,62.99629016856113,12.191050849897318,19
569.3571428571428,137.86051284846152,20.522153813603648,103.18583186938233,31.750975092402193,19
569.4285714285714,132.0985161156134,22.19552245358739,87.9212820171818,21.406854307927308,19
569.5,126.7759414290184,22.714796715616224,76.65387136194137,14.687659560157824,19
569.5714285714286,120.20759366901247,24.114872767962947,63.75662161118911,15.87401184592218,19
569.6428571428571,137.6725883953126,20.69021261168578,78.8372816706312,15.602016880177645,19
569.7142857142857,149.65680168353958,19.508398265834266,98.12247640151213,23.5723750067292,19
569.7857142857142,159.20485490458023,20.38806733745635,115.00141676124214,36.934036158527604,19
569.8571428571428,162.13488216583028,19.232349087827984,128.3397756083931,48.913783222865696,19
569.9285714285714,149.58896024659953,21.16027857349318,133.34920387907061,60.70454946347824,19
570.0,143.6211625893471,18.794892958475064,125.98754399469091,58.11167321789572,19
570.0714285714286,144.9487905693799,20.916431122935908,119.62068501492405,52.11245603278727,19
570.1428571428571,139.98244354618805,22.294429194782595,116.35288946788577,50.978832922683914,19
570.2142857142857,138.2797143959002,24.40118886809386,120.64695448114908,58.306233935554836,19
570.2857142857142,139.33516913404443,24.57885868504832,125.20087878536599,60.77878818622756,19
570.3571428571428,144.33817684385824,25.811486527363712,127.08056022215787,57.7992350856381,19
570.4285714285714,154.85126671356394,25.457911450364236,121.91485114354671,48.76003259025042,19
570.5,157.28890828418278,28.428872167836904,113.14909788580553,37.70297074704038,19
570.5714285714286,155.10620958145367,27.277213725990627,109.96449595711375,35.20229485322712,19
570.6428571428571,143.77515394185548,24.704495372951182,112.93954913489938,43.84043351830519,19
570.7142857142857,133.39411263739333,23.827555508262943,119.65517862710324,58.085099245631454,19
570.7857142857142,127.13515598678256,23.114549384917886,122.62518207486036,59.515272186712444,19
570.8571428571428,132.23884006002172,25.103013056067308,122.09779257692645,51.95117916975575,19
570.9285714285714,138.19085086677705,28.736923491012675,115.7606111160606,47.96837548616417,19
571.0,137.2747471641243,26.25735098770317,119.36861376587672,52.7181343515886,19
571.0714285714286,133.76018202365591,24.474526622174007,137.90216588153288,75.8184326525264,19
571.1428571428571,129.7286778170375,22.410866351529364,136.55014244025293,74.04665827790969,19
571.2142857142857,137.07540304248192,21.57722695274676,140.74360544308811,69.41342873271907,19
571.2857142857142,135.6916716213145,18.58465860148956,121.15513496854996,51.88822147790421,19
571.3571428571428,150.20377102047155,16.02568299869135,127.02946552415894,49.349340289698915,19
571.4285714285714,153.8577765391027,17.66314867448813,124.71459455611047,46.0466521940387,19
571.5,165.6531095946028,26.97849657433862,144.93621902243888,68.11283702038523,19
571.5714285714286,156.65688796444124,27.07083994528715,143.10231952434782,60.03616874515792,19
571.6428571428571,148.3005538687711,25.57327070970856,124.74669068740161,49.540553759975914,19
571.7142857142857,130.87709143180922,24.39315161071169,108.08361635890435,42.164967851545256,19
571.7857142857142,111.63939609993152,16.564531935536994,98.21640747756004,40.54750998141199,19
571.8571428571428,112.77518800643196,20.79536949315047,110.90864394467053,57.216419285446364,19
571.9285714285714,112.50859689594476,25.635277966446104,119.35677434475683,63.73311717810694,19
572.0,114.94156008802051,27.3836983246233,122.42604152997615,68.48068300889882,19
572.0714285714286,118.27567962701369,25.44444723362103,118.96395529348796,59.15600603815263,19
572.1428571428571,116.98071952893007,21.946118779758024,109.63015270602682,53.05466786977,19
572.2142857142857,133.91106972369576,26.74710877606109,121.05552202292985,55.84073468156216,19
572.2857142857142,141.5388680333172,30.984457620581836,129.1618200675724,70.4412491241958,19
572.3571428571428,154.78432049735068,27.502381800798663,148.21804330685137,73.65863903204921,19
572.4285714285714,151.07990153260963,20.02686443247281,137.27413980239976,60.90002723066034,19
572.5,129.31996069291512,15.743290593890723,71.68995215370738,14.88729959177973,19
572.5714285714286,138.57153748070982,19.525784502010954,107.45354997421941,44.22665336237679,19
572.6428571428571,150.84800320914772,21.5988739760221,121.63037429049719,42.919507454438005,19
572.7142857142857,154.78914634418533,27.397348337279194,126.66653037877511,59.29723797803701,19
572.7857142857142,150.92345180406377,24.262363366819024,127.40503336252921,60.56756573073411,19
572.8571428571428,138.13416735234836,20.356613700436835,106.37615503293587,44.13348272089066,19
572.9285714285714,146.47699225425717,21.03288700277113,117.83219079141789,47.77914141882306,19
573.0,151.92696015163583,20.36203895213807,114.15164721218183,43.928215949253804,19
573.0714285714286,165.77013273958593,22.30515955607265,138.81944163496604,62.31225717772762,19
573.1428571428571,144.247384896141,24.716162180017854,138.7652569729667,73.8096273004218,19
573.2142857142857,143.73063972160523,24.07176767119108,126.5031530287741,65.2749907522282,19
573.2857142857142,126.50460869105558,22.755619240308107,108.20715579416525,56.888044778761,19
573.3571428571428,141.00989761591296,24.222577647211033,108.72350287265256,50.179021225322074,19
573.4285714285714,151.31624313818108,24.621388960743054,129.8471983382091,55.58256781112994,19
573.5,166.20063149962607,27.63589961505936,139.70502780753267,58.89640599046973,19
573.5714285714286,155.66343929795622,22.86324704016913,133.09654885647024,58.14638519712298,19
573.6428571428571,140.12524667443301,19.379882433498477,125.98401753811325,56.93966829705713,19
573.7142857142857,128.57629937094237,18.04311351793995,105.41551045233211,40.52236121267605,19
573.7857142857142,130.58895163940454,17.36894866020119,108.49489705884359,43.86714103530428,19
573.8571428571428,117.22594583221914,14.50861314839332,65.90577590297305,12.905665048332335,19
573.9285714285714,136.31653215186154,23.55795161336099,141.6425749192614,77.11223694353637,19
574.0,148.0090635062575,24.93499970476572,140.20192618705167,72.16442544052563,19
574.0714285714286,149.66493879289067,23.724728996490626,128.143335232964,60.326269607490225,19
574.1428571428571,144.8906200276149,25.177776133023976,121.50157311885941,51.45383899735259,19
574.2142857142857,141.58267240604957,25.21858023024307,114.2050794426931,43.29225431711203,19
574.2857142857142,132.49974466556682,25.359097061071335,117.56475096045371,53.193519315396536,19
574.3571428571428,129.168399632029,21.380244857884026,112.77267823930416,49.73094728301128,19
574.4285714285714,127.05623950513417,19.127888832410758,106.81101132605232,43.801046374810205,19
574.5,124.24221641992187,19.785506331676043,100.1195917252932,37.467566253163334,19
574.5714285714286,125.10857197884263,23.436743384926714,103.79543415686946,37.01617610401409,19
574.6428571428571,134.35534325483846,25.283613137058374,120.20531020311311,50.04479826034218,19
574.7142857142857,140.4530006891865,26.104552511811146,129.38948299831975,61.99177050617866,19
574.7857142857142,153.13814151655842,24.549983972876877,142.99335476375495,66.37788760679304,19
574.8571428571428,159.46100982242956,23.615573905829418,142.4328075313037,60.08772506653187,19
574.9285714285714,154.10559097757346,23.147038958124458,132.18504794526058,56.12364766879759,19
575.0,142.08090957233352,22.962420887229786,121.01512360988932,51.43451523200219,19
575.0714285714286,137.18958853199553,23.177074308220607,125.27774997121894,57.953080773308166,19
575.1428571428571,134.38452764317938,21.254390883873164,132.85907560590942,65.71621846863756,19
575.2142857142857,134.2277123469069,19.370484670876976,133.3059288125815,63.37139866590432,19
575.2857142857142,129.81815494714922,17.083580764710987,122.65974575942279,50.87566654182262,19
575.3571428571428,137.22988426137726,20.339442731738174,114.24441447785809,37.25138785850484,19
575.4285714285714,130.14305504540573,20.592881864541447,112.33493395703596,39.38025882766906,19
575.5,125.19434058624226,20.35916078034661,127.86010042822792,58.74604597992568,19
575.5714285714286,140.00103237864582,23.950218475096413,148.07423886434975,77.52637052451304,19
575.6428571428571,152.68573619986734,19.032268905249236,140.91896190094604,67.16402277702585,19
575.7142857142857,154.73453344910945,19.384114082553403,138.70341299256535,63.762550519572905,19
575.7857142857142,157.92074166340015,15.21222287596961,135.3228400607444,49.20319695629651,19
575.8571428571428,156.98580318408852,16.029967512484365,132.61585602661128,47.388815511299015,19
575.9285714285714,159.94805233891384,18.380915451932452,135.59770485121754,53.26211748253588,19
576.0,162.62492362507535,19.273027216034436,135.36334096067148,53.79588794326738,19
576.0714285714286,153.6872189991528,19.195695901162868,121.84987076752917,48.21073671871445,19
576.1428571428571,152.09556035061095,17.89695315443468,109.92151046135231,32.499373203097306,19
576.2142857142857,138.25815240403765,16.931576752559938,93.83323848731575,24.33255126396667,19
576.2857142857142,126.17542247295191,17.848711115290662,98.0391491460786,38.78951289240017,19
576.3571428571428,129.5210067177889,21.34226026912168,111.64586763835143,52.77906988160916,19
576.4285714285714,137.85494705139791,22.031792018796835,124.21452601174235,60.41498911144051,19
576.5,136.00969357467216,21.854862979037602,120.95322976120534,58.178445553498214,19
576.5714285714286,148.12643747891576,22.69280390068939,123.16974861414077,55.35594850119582,19
576.6428571428571,136.4768548570355,23.37839101935336,121.72595496242288,51.81542143173661,19
576.7142857142857,149.84643517564874,22.096094152432357,135.64432763487602,59.62661429430089,19
576.7857142857142,151.33504152400974,24.725878621234276,144.1691724527079,73.967552269727,19
576.8571428571428,143.70358605829227,22.366792307947506,123.29132498251586,57.061012687631155,19
576.9285714285714,134.9187554708768,22.914411811897402,116.32800621689378,51.36339769162147,19
577.0,138.1778282141084,22.452230087359794,102.61405701588612,38.21782690632548,19
577.0714285714286,132.17585849797183,18.660194508545338,96.86502330947515,34.86988324269949,19
577.1428571428571,133.6968185625132,21.816980418277524,105.67617168525362,44.56550144550085,19
577.2142857142857,136.8707087470226,25.00264064605544,110.39028548963526,53.64699028476653,19
577.2857142857142,142.16158187002668,25.310591562518326,120.29405120629521,56.879807667290635,19
577.3571428571428,144.1937013255256,22.60458732966703,115.43386872742946,48.44491376241009,19
577.4285714285714,138.91437188727843,22.116855837722607,110.79293165180904,42.071520356338766,19
577.5,152.1090264996425,22.4468617369637,115.46305939120307,38.11772860533579,19
577.5714285714286,158.76311246354558,25.893434576124953,123.90032125172249,46.97948722605891,19
577.6428571428571,158.94401618557526,26.586672893868123,128.1864827878624,50.67796724303316,19
577.7142857142857,145.0467710327646,23.90492814139587,116.94584079068314,43.67212762563955,19
577.7857142857142,142.99522038019268,21.71564260938972,111.67686576111925,36.232608253776256,19
577.8571428571428,137.31175375409174,22.8822132195556,103.02463246196464,32.16845733861431,19
577.9285714285714,147.75224309663204,21.584785155598833,105.45549486090866,27.090095997546598,19
578.0,152.1769528112144,22.095910379045787,118.61826293847525,37.910299461990604,19
578.0714285714286,148.48886208884622,20.692542897929485,119.18773040677526,42.49671068926582,19
578.1428571428571,142.6799873223795,20.392913148768784,112.69741888692934,41.26500333604922,19
578.2142857142857,137.46985036067915,20.955633725059293,107.09147483732016,40.599097875582196,19
578.2857142857142,139.72276761452886,23.022541485552985,96.8211364879266,33.75970159611066,19
578.3571428571428,142.24838020152353,24.8169745830445,99.17677509831987,36.04672211645087,19
578.4285714285714,144.40288009127624,24.195766597233824,111.89290671674414,47.03443432480144,19
578.5,142.41013532082974,24.880179962863508,126.31670490944151,62.236946144205746,19
578.5714285714286,126.01680391978596,22.162584394740797,109.32019632914505,53.847563408800056,19
578.6428571428571,118.6399695348504,18.916929127325098,101.44208316987086,42.83133604613013,19
578.7142857142857,118.19378387866061,17.918851620088628,99.68462752764201,37.66613669563595,19
578.7857142857142,122.50177347526594,19.37513830931627,95.89238622059425,30.20142808841337,19
578.8571428571428,132.7057409726085,23.37314775162187,104.94274757377461,34.62949121001246,19
578.9285714285714,148.72485350904614,27.051198393881847,129.63398165118548,49.508229348468355,19
579.0,142.8198738752754,28.67432035453744,123.13028425643145,48.36847362448865,19
579.0714285714286,133.0502332496139,24.12487745850173,114.92062298274222,44.66254802545898,19
579.1428571428571,123.13950683989825,22.05615251925273,107.62001211544764,42.2027626637402,19
579.2142857142857,128.93320062148615,23.30748234425407,102.89227961481214,40.7784872011666,19
579.2857142857142,128.13248476923943,22.933079986784406,98.85384242891793,35.97991481842825,19
579.3571428571428,133.28347724247442,20.388660158154934,106.18664645908403,38.55952023866534,19
579.4285714285714,138.02608833499818,19.197945785861886,109.7102259349457,40.06989885194029,19
579.5,141.99044517879307,20.794616360856306,101.87304590565998,36.23436065482592,19
579.5714285714286,135.1300577524382,18.97550290490986,101.53481929001593,35.7654331828337,19
579.6428571428571,131.9528077017188,18.069968448065744,97.79045865938052,30.193656533424114,19
579.7142857142857,120.54912625026424,17.454442804293127,94.90748886063888,29.002625838095117,19
579.7857142857142,132.48574352962987,17.89859741045455,101.53251322103642,33.43373184945017,19
579.8571428571428,132.23728291242594,16.321127943045052,104.98262219922526,36.24331789367988,19
579.9285714285714,127.64637999157048,16.408979641897453,102.17544572957866,38.23741440769334,19
580.0,128.13232792376974,15.310713609000171,101.00083826859826,40.38974107474891,19
580.0714285714286,129.73545515856938,13.868380222402331,100.83837044760435,35.22350334988182,19
580.1428571428571,142.06743786030376,18.278971949073526,106.79596779934919,35.49839339611059,19
580.2142857142857,143.5063654411268,19.032537519979087,109.47804931526659,34.41338399855073,19
580.2857142857142,140.08189888136064,18.642996093883834,112.76666710789242,41.16020606880169,19
580.3571428571428,147.55837372459746,19.247119088068608,119.32323261127141,45.4466983751016,19
580.4285714285714,149.64914541217277,19.16816373029155,117.28509961379655,39.39452523400386,19
580.5,172.27375739671402,23.01615801516668,129.21190855722233,41.22753583275001,19
580.5714285714286,171.46257809077164,22.10538120551225,123.05434714987474,36.710931094411684,19
580.6428571428571,168.2328175807078,22.706116546483592,119.72279080353562,36.310987869467944,19
580.7142857142857,170.67471724978506,23.494898108758008,122.60698874077161,37.759124349417235,19
580.7857142857142,164.43603615018623,21.191421528963,119.64057205568675,36.55341107328663,19
580.8571428571428,167.46032882997437,22.13839873473285,116.58522055333293,42.3844423090742,19
580.9285714285714,172.10115065435892,22.342301894450735,119.2787349734398,44.35650805230172,19
581.0,181.5678238811303,20.518946213396912,132.83268952708573,45.52355269907295,19
581.0714285714286,174.53576893616574,20.767694451989378,124.95043534781144,46.8510812918853,19
581.1428571428571,172.0345461754897,19.132300980376133,122.22037694916308,42.621864751320146,19
581.2142857142857,166.8614820412239,20.130371226649142,118.13404282729749,38.14357133047926,19
581.2857142857142,161.69432615108826,23.0704581750042,119.14011286208175,40.81922608393372,19
581.3571428571428,158.61664376322014,21.841913436960603,116.75711578238719,38.217142171562166,19
581.4285714285714,149.9386224829697,18.84603553175753,112.84878047759719,35.470441889535614,19
581.5,165.01996973907688,19.009937801607993,115.48394937765863,30.638692174929027,19
581.5714285714286,163.37305290345992,19.55946387937259,119.64089139011338,32.32747648551264,19
581.6428571428571,154.02062653887023,19.52549076355922,123.63300898551984,38.52207619386033,19
581.7142857142857,158.86849356393319,16.46866865007615,123.33013612362763,40.17717678366923,19
581.7857142857142,160.36562474911818,19.778001658651572,129.77273887520522,51.83739745544167,19
581.8571428571428,164.28363940976243,22.595618264169477,126.72201490603408,51.356385577074064,19
581.9285714285714,157.72103269524126,24.463139695878162,118.49853587817302,48.4601087646418,19
582.0,160.6460537040176,23.44878208689016,118.43539487459364,46.473478472607034,19
582.0714285714286,154.6932826458516,22.587858047071812,111.31669469491372,39.62282063501799,19
582.1428571428571,167.69874038664895,21.829348976244987,121.62519831073624,47.55733717841503,19
582.2142857142857,162.44482574894948,20.083629472990786,133.6510281160119,52.44879972001343,19
582.2857142857142,156.54860129601605,18.590209934047937,123.67452141939562,41.70214817378991,19
582.3571428571428,158.79363704915278,17.87101372151663,116.21606639731438,32.59291872110795,19
582.4285714285714,156.9290397937159,19.41454026639159,107.67871589286116,22.389454654425904,19
582.5,149.61670136215164,19.97115427412406,100.65936607358512,19.000581999860962,19
582.5714285714286,156.67954500982142,20.699967174783612,116.36593104546735,31.48140852709417,19
582.6428571428571,175.49298104806772,20.82205095425517,136.0975363248015,45.26392752711904,19
582.7142857142857,186.6515092221848,20.517924565586362,140.25475240039003,47.14856952259581,19
582.7857142857142,179.68144736480147,21.629440151935416,142.43767567282143,51.13169211181614,19
582.8571428571428,177.6768036622344,20.64479211867273,130.15476646211354,42.12416023256867,19
582.9285714285714,166.09044169230697,21.632398177110538,120.70128429683697,37.670729874193974,19
583.0,152.99681232777814,18.284347262206094,107.86077126179154,31.899458401088165,19
583.0714285714286,144.50059481559853,16.77886196709639,104.41477762280161,38.11053332704659,19
583.1428571428571,129.60638712733675,19.21988022908429,95.088587808939,32.04327243706031,19
583.2142857142857,129.8405626493123,20.6810927626795,90.94222658084749,27.442965394807235,19
583.2857142857142,132.22945971798808,18.05625323809802,87.69559471941736,21.78909319722009,19
583.3571428571428,138.50322555590094,17.308015122777185,88.44847010485908,20.47380572906508,19
583.4285714285714,160.86206629700348,18.296975765916738,110.44607492030367,32.0762724506972,19
583.5,181.00982702491345,19.68469189996167,131.06701515170118,44.003941540945256,19
583.5714285714286,191.87623152013725,18.88861450731624,141.30966943753631,46.99565915300347,19
583.6428571428571,201.45380106533182,19.498000912926987,153.62376027156284,51.36483190958028,19
583.7142857142857,202.3003569421332,24.381585291095295,167.5110742566346,59.20410564316552,19
583.7857142857142,196.2019490003738,26.18200289030046,165.12054705799684,58.861679225684966,19
583.8571428571428,178.14235394006712,27.394933878864133,149.50527495880647,61.09669777146442,19
583.9285714285714,175.0431712179392,28.477151079508783,149.93543908539297,62.8705320934603,19
584.0,179.1300273514921,26.834347662625223,142.1502248155619,51.76737511824371,19
584.0714285714286,202.37832639228026,25.40626013040801,146.55991398957408,40.82448424787131,19
584.1428571428571,188.693597188777,20.259424669105606,130.4980864793665,31.269494553311127,19
584.2142857142857,176.00244824831788,18.15119937891715,116.51939074731425,26.528716332232737,19
584.2857142857142,170.73010772395938,20.702548719378672,109.17696522329913,22.28188343204361,19
584.3571428571428,166.95760485559677,20.119573212720248,111.61342557606636,24.034025967130482,19
584.4285714285714,149.83975383496573,15.814124306158279,103.99732649242183,25.470567629582522,19
584.5,140.20176038994853,16.97031610856294,108.07439201444853,35.585335714117804,19
584.5714285714286,139.90773882181392,19.213027708909095,109.09510283827203,42.49885338867502,19
584.6428571428571,144.9891543342129,21.56957393426744,119.96672187739308,51.453615713850226,19
584.7142857142857,136.84978843167744,19.97974882636795,115.0028239268483,50.817704544452944,19
584.7857142857142,140.30830848537877,19.25729223065102,122.90036604971495,57.0245159978618,19
584.8571428571428,154.52491204876736,24.631278304605818,133.17973716043915,57.54159344369847,19
584.9285714285714,171.13149572085536,24.821737521794326,132.0550333946869,45.71182168494223,19
585.0,178.5215220889963,21.816764766358506,133.54260097847,40.12736890416204,19
585.0714285714286,156.50107688085544,16.17497823195128,112.03189830969038,27.166602869043377,19
585.1428571428571,137.26107565465975,16.118184515819244,89.95541038355381,19.645574562279997,19
585.2142857142857,134.34696028953724,19.251744273229367,77.58344291805092,14.54362889031226,19
585.2857142857142,128.65818952112176,19.500594285043995,81.95797870553461,16.579446134901247,19
585.3571428571428,128.1421014801784,16.879933729967398,90.333471151103,20.174431921389466,19
585.4285714285714,148.1824532453497,20.859749908273248,116.798406342968,36.969537510745894,19
585.5,173.99170660124602,26.176938716053975,127.85696006736526,52.74577581947235,19
585.5714285714286,186.85274962078452,22.138564354658463,161.7103810442746,59.08535762374865,19
585.6428571428571,186.3903439752512,19.459269059784603,156.778686886829,55.94656669187781,19
585.7142857142857,165.4163811084212,20.565113318431983,140.9755988655132,50.823073462751005,19
585.7857142857142,167.9548127972233,22.38199593397851,145.94625538529993,54.02933153815618,19
585.8571428571428,168.51390068571826,22.58330840238709,144.12708353567126,54.23683764822766,19
585.9285714285714,154.03351978819515,21.419289391130626,132.76550080067548,48.76772018650878,19
586.0,166.4035753200406,21.580487510010148,122.51426237965873,45.14848194611818,19
586.0714285714286,163.29060821659965,21.025075682748557,112.23495921321648,31.107224249553322,19
586.1428571428571,168.7323844101574,22.78962184318905,104.57509932909267,28.47248359273216,19
586.2142857142857,167.37560738941318,22.690652296551292,107.3730152339521,24.995989751253834,19
586.2857142857142,178.3840367533291,24.047849617052304,112.69842398303314,25.195052609092446,19
586.3571428571428,183.55462032066038,25.202666720182766,121.31384769659824,32.814198932212996,19
586.4285714285714,177.3809874606254,25.443917680631518,124.19173378370643,40.98970822754908,19
586.5,165.97812190340045,24.45697814131655,127.42156931654216,44.35321795523441,19
586.5714285714286,149.7122317685816,21.288490795919902,106.95256971676172,31.10068547616364,19
586.6428571428571,139.17414379061134,28.480204512223697,107.83072143435182,33.4027035268703,19
586.7142857142857,149.00155282738007,30.04081359757142,109.7843454649911,34.81549822033307,19
586.7857142857142,140.62406810730315,27.01996315801293,111.43340447883988,40.88313925508405,19
586.8571428571428,138.68670105233178,24.93303744174985,127.21816342586025,51.30353928739011,19
586.9285714285714,152.65611136796997,25.037498076946505,139.24569729926182,49.12468535989638,19
587.0,162.71938814847488,23.492115442380197,156.1343563964633,56.10713927908092,19
587.0714285714286,158.51321095432357,21.609672466629224,154.12031648375182,55.972078628633675,19
587.1428571428571,152.34435252569472,24.85231341914648,139.75486079223163,56.90285068630867,19
587.2142857142857,149.9290753122311,25.90709206921829,133.91618642131522,44.620646631634905,19
587.2857142857142,141.57651560166926,28.28064833806722,107.42807092861148,35.233602368695074,19
587.3571428571428,125.53851885500767,26.65843694729024,94.63645094158024,29.495678507501996,19
587.4285714285714,127.6574010377377,19.057977396257606,103.54532254276455,27.817590087358184,19
587.5,138.31185914881715,19.760550035250482,98.68284362469551,25.499738089465048,19
587.5714285714286,151.89059088749053,23.442192041562947,120.56338453831803,43.4929050402331,19
587.6428571428571,152.80189764053654,26.852764839956304,131.76262071629986,58.58257789777683,19
587.7142857142857,147.83936536916448,28.45999316558165,133.81015609511172,66.78550351104948,19
587.7857142857142,139.01509090454027,26.676068996868242,137.06718224042487,62.35966531943912,19
587.8571428571428,145.75973362581666,29.157162157117394,146.18476807099339,64.1636522083529,19
587.9285714285714,143.400393417648,27.274814011672284,139.1859026102441,61.01600401634507,19
588.0,147.30199976337298,24.066718493400142,147.6929112546811,65.25337270495731,19
588.0714285714286,148.7184064365483,19.254975059110638,144.39879638429122,61.52951458647203,19
588.1428571428571,152.5756235207106,20.51809392658227,138.7879977465239,54.31920416132094,19
588.2142857142857,156.0477047340016,22.64524568789499,115.47978553370655,42.72305452009083,19
588.2857142857142,167.37282731345107,21.32401563759944,115.46591652918704,29.23288309173508,19
588.3571428571428,139.74755295140682,23.482279526391824,88.34188591869038,20.15242922582479,19
588.4285714285714,139.04832175683282,23.4559862302346,81.95248218982974,17.03891583237729,19
588.5,164.1241529687235,25.020119317129584,95.1754730566885,17.218328541336838,19
588.5714285714286,183.345827710518,24.639333287889293,118.44089644871515,26.45646038240908,19
588.6428571428571,183.0764366597326,23.54590843178497,121.19991452202754,36.854975609496535,19
588.7142857142857,164.19425548301334,18.207967523006587,122.899988995478,37.38872318391199,19
588.7857142857142,156.27974342033335,16.221236945340216,129.2457745702907,43.133620249169155,19
588.8571428571428,158.4162522503993,16.831610746784126,135.31497208845323,45.404946682323285,19
588.9285714285714,172.9735952860017,21.40019319071104,142.9752995698985,50.70893413731674,19
589.0,162.8863980434768,23.9753894123863,129.71669678761612,45.95368064928393,19
589.0714285714286,171.84715748901226,24.591372490977054,143.15560900315523,41.77360051263981,19
589.1428571428571,152.47387199962554,23.072842229825707,122.82899938031122,36.73867383126847,19
589.2142857142857,155.00331622666124,23.869293246567835,119.71779415825327,34.73175286188329,19
589.2857142857142,145.88259627240703,22.470845517532577,91.60256793329651,19.28983938251872,19
589.3571428571428,136.3359559635426,24.99547634309838,84.25455332287322,17.74769790619526,19
589.4285714285714,139.97964446693004,22.269169984132688,85.25727161603106,17.224572765487125,19
589.5,138.24759787989686,19.372934202638845,95.20358234778355,24.663991173292043,19
589.5714285714286,141.42476644444974,21.642968291210646,108.55953565128002,34.54279248193018,19
589.6428571428571,148.7346457973056,24.288279956908934,112.69327589023585,37.47724997856274,19
589.7142857142857,165.39719892968716,25.00854255034627,124.919387330228,37.58501712844789,19
589.7857142857142,155.36696376979253,19.95312817810314,111.09921336952628,29.78972820013362,19
589.8571428571428,152.4856354720591,17.09636518446218,113.69752877589505,25.804719867419763,19
589.9285714285714,154.37205156825965,13.912446975170756,112.69488747802993,26.00398963773872,19
590.0,165.49254033426024,16.00918337579082,111.01197648592508,18.225238931124228,19
590.0714285714286,181.14298162226123,20.259640779832385,121.3453361345202,24.20986678665846,19
590.1428571428571,175.03671435004924,20.447793841822996,116.05743272541275,23.757625184993998,19
590.2142857142857,158.38807523445612,16.980284399605786,101.78944343179136,23.763194588817015,19
590.2857142857142,138.0867778861098,14.685785951049443,94.86946352622078,28.924387625303325,19
590.3571428571428,134.1889953045422,13.110007688688317,101.3020176388313,35.46253974565,19
590.4285714285714,136.39593331512324,16.886232589749255,112.55046474285237,40.12871409422745,19
590.5,137.91009928743458,19.975174511289413,116.58911161046083,42.903250323077096,19
590.5714285714286,143.98183150788347,19.35698800453231,124.48006188318858,45.735332970161906,19
590.6428571428571,125.7614543031185,18.820488864837788,75.47272946031366,18.09145196311974,19
590.7142857142857,125.92022417637155,19.13076593509139,74.04693472948227,17.58273533597358,19
590.7857142857142,140.8188824835025,20.45675047365505,80.04459566383727,17.283389260364977,19
590.8571428571428,137.84914019028741,19.434222247749823,77.32597965198359,16.051936298243977,19
590.9285714285714,139.16182396236422,17.209731299902867,79.28975115534867,13.949657970525337,19
591.0,147.08959158535922,25.2934520394035,76.28791878748838,12.530466358385812,19
591.0714285714286,134.48739508412353,17.829858415940635,71.37777330733256,11.149785003558843,19
591.1428571428571,126.62708109825613,20.189756083440386,66.46398318917224,12.209784766712545,19
591.2142857142857,141.40361904586135,21.067455068954164,74.6464110313071,13.315898414368407,19
591.2857142857142,149.6639441523739,22.139031222758078,79.63004187522043,13.406253526689898,19
591.3571428571428,140.9548573579413,19.128309017132885,77.09059767642256,12.596749535307037,19
591.4285714285714,136.67937407407786,18.433931899478313,74.32692233869163,12.750900264525548,19
591.5,138.95099077264592,16.648850252302154,77.80349402945136,13.234341183499758,19
591.5714285714286,144.5264529913138,15.049065552663738,81.68638422962042,13.681954799267853,19
591.6428571428571,137.46729511638722,17.052152248737396,81.98761163162641,17.257556924378015,19
591.7142857142857,140.71782009534022,15.110746611735712,83.87019802447688,18.226587873663643,19
591.7857142857142,137.53827009076556,15.89779649398459,106.61057320456504,43.68456707676162,19
591.8571428571428,133.36496010720933,18.287875708315273,108.47967790983104,38.071480570469035,19
591.9285714285714,139.3153149049271,18.457624504887367,109.7724279410586,32.36530898127156,19
592.0,138.5680261586071,18.487587505970698,107.01749818818438,26.73034499501834,19
592.0714285714286,136.898856504616,18.446259595680516,99.47944637007483,22.11244102649292,19
592.1428571428571,140.55356285279728,19.0154398763279,97.07666835664521,20.843639731733603,19
592.2142857142857,143.44439846199697,18.110433348587456,84.26550601086167,15.012186804732753,19
592.2857142857142,148.3506535497311,16.070861626264787,108.7962523675439,24.7977989027256,19
592.3571428571428,155.74144254064342,13.172824433782036,110.80902133603493,26.955914320520282,19
592.4285714285714,148.49915458925665,11.756723078319105,102.38664316108458,23.646020628068975,19
592.5,151.2129774400148,14.590358938769226,100.47071896636821,21.868828737937736,19
592.5714285714286,142.22858066032492,14.900240393268822,108.36688723081389,29.702970575340238,19
592.6428571428571,146.16148233512098,15.503196940359038,112.26353489758563,32.1027113113961,19
592.7142857142857,149.0701211774551,15.829643719552143,119.87116476991118,35.11109852017514,19
592.7857142857142,140.7611595499024,15.786661103655444,111.90130313929737,32.176468505056185,19
592.8571428571428,148.4946160337358,14.97172535801857,107.84296954137693,26.573424884223897,19
592.9285714285714,164.66233983147072,18.89698782303323,114.49860868197518,27.852111126828596,19
593.0,150.92140531565244,19.991457314721135,113.2649113384512,31.041549225778923,19
593.0714285714286,147.24728122898503,18.614706094054487,117.3660046742835,34.28905512232449,19
593.1428571428571,145.4497509116157,19.6855741696034,118.97778425960031,38.86101348731268,19
593.2142857142857,143.61588246887504,18.15824378607777,114.65164979575628,38.48718129603072,19
593.2857142857142,151.44004520191498,17.24240866370982,115.97548974937662,37.260556292876295,19
593.3571428571428,159.30391558802904,15.456763225458179,115.67679295129449,34.256700508954914,19
593.4285714285714,166.95318343830064,17.547962176336075,111.26391880622306,29.82572825732713,19
593.5,153.18221224551974,19.807295849675878,108.54722954601567,31.724313117784945,19
593.5714285714286,152.43096501581388,21.738936465131726,115.2468908376788,39.29213730118757,19
593.6428571428571,156.475262213956,18.9140420536943,109.39446590734207,32.43950235683066,19
593.7142857142857,144.0611455171235,16.133736840411952,102.11531062451644,28.966140103863165,19
593.7857142857142,139.18805801092424,16.59956280585253,98.70989412815969,29.058204256516806,19
593.8571428571428,140.30140809526532,20.48508050728752,104.19592257487115,33.678857706083406,19
593.9285714285714,124.53105626456924,16.278812367903768,106.10998696135444,39.31697799576798,19
594.0,129.61913539096378,14.69131546397379,115.93525940873863,44.171041458764584,19
594.0714285714286,148.83708642979357,13.576820485065566,110.79229464340887,40.37743967962527,19
594.1428571428571,153.38285742701407,14.416564901976981,111.68474207901023,33.01743216789816,19
594.2142857142857,169.17721725227588,14.402041749443962,118.78484613269218,29.560450782100713,19
594.2857142857142,174.34838535486566,18.571145747514375,134.09346479867705,41.87695134024639,19
594.3571428571428,168.69428749338624,18.869875022735062,135.1079885918517,49.2092950773993,19
594.4285714285714,166.75011061143442,19.547417976813822,133.37275356617363,61.25177466986829,19
594.5,172.71695982653333,27.28446022511108,132.46401823337646,62.41868266011934,19
594.5714285714286,151.737487765391,19.16635894568747,131.56275604501838,53.42086049421071,19
594.6428571428571,147.30205222257842,17.34884222254157,128.82205455221913,51.68903494052435,19
594.7142857142857,159.67079433730288,14.077459567740666,126.74538408262649,42.66476557274038,19
594.7857142857142,170.50077412338217,13.302530771157242,121.70142380101913,32.471377577376124,19
594.8571428571428,161.42197181265462,13.507074819346167,114.06565108837009,27.931385430337926,19
594.9285714285714,152.86718206400633,16.370332202979263,109.92721360158603,25.410573705582443,19
595.0,150.89261126462065,19.771561453981022,100.80947397731549,24.557219864406488,19
595.0714285714286,165.6903770134164,21.20646018279332,106.2908280916714,21.334543980262254,19
595.1428571428571,166.94455185960558,18.84331416106106,107.41672975005396,19.292288813361687,19
595.2142857142857,155.45549436851388,16.608616543719542,104.8064355123183,23.378732194592054,19
595.2857142857142,146.80154777570766,17.095404387188943,107.22836583205961,24.774145517151123,19
595.3571428571428,146.03984842120786,15.01603117100917,102.72333842243545,25.07596501780311,19
595.4285714285714,135.08301648628873,14.631788283727019,91.43549209817706,24.89417572242422,19
595.5,134.6070643171339,11.552186166304919,93.26401308738835,23.93670853482287,19
595.5714285714286,136.41371422740391,14.651503735140555,87.96158739501854,19.901600721321568,19
595.6428571428571,145.19910274539106,19.892087514602665,88.63748108047561,19.149206771543174,19
595.7142857142857,145.81935941099863,17.157504384992745,100.15117180257809,28.445318210217692,19
595.7857142857142,152.5147743613462,17.65658799840103,110.68108023373203,36.56239251050337,19
595.8571428571428,156.8795250499064,16.52929233967514,124.46936554768257,44.19479285166624,19
595.9285714285714,155.38072610197926,18.328651890937394,131.86027497332753,49.41275812229651,19
596.0,171.75465283905288,17.827669362864206,143.30815813493157,49.09944927254815,19
596.0714285714286,172.88807136771618,21.09461140556552,142.9699077912279,46.18672042993346,19
596.1428571428571,166.93088629358687,21.70581039544363,143.4550770573935,49.05793138223392,19
596.2142857142857,170.70360890324952,21.782129331855693,163.30826835535734,64.0025874200591,19
596.2857142857142,168.05711834784873,23.32502326356095,163.46474759167967,73.20249326827903,19
596.3571428571428,161.9779353801774,23.396290151251186,136.87514464282054,63.58884697269758,19
596.4285714285714,151.04605748827007,21.008381595592084,141.30118991101344,61.34497077458646,19
596.5,140.28837719340055,19.39622790645366,125.18956547205305,56.46767789943584,19
596.5714285714286,137.6914198992524,17.86932165991711,121.43944986151216,52.92134151366647,19
596.6428571428571,133.00511823378423,23.71965383968252,119.81429856616032,55.18483814141798,19
596.7142857142857,146.12073949039902,26.44009769090468,127.17969450418265,52.134325975229295,19
596.7857142857142,146.569093735456,30.635529168156356,102.12865855186642,48.37268289228239,19
596.8571428571428,158.90026760425044,30.19132241361613,96.63781313564132,38.68492327579901,19
596.9285714285714,158.6961572597701,25.210337826596962,93.040110549161,29.39261371167734,19
597.0,158.1780350835393,24.040992519757985,85.98020233551375,20.651131928795913,19
597.0714285714286,162.6743866161423,23.121984247449834,102.02964358571067,35.73033952705685,19
597.1428571428571,153.2316929299863,23.79141150970211,111.40064122431268,46.82897556339881,19
597.2142857142857,145.2761220513425,22.6736942649142,119.55099127681936,59.18217291363605,19
597.2857142857142,158.02912080772288,20.7812223574586,134.1439858426828,64.94537514789324,19
597.3571428571428,160.76752121697058,17.811994207072974,129.59250483213955,52.82852868688156,19
597.4285714285714,163.7050908103054,16.136635986457566,127.56798295278008,52.73964114868453,19
597.5,187.83589957814564,17.794077501656332,154.1049500222134,61.20457390052967,19
597.5714285714286,176.764403955761,19.46937530698177,151.4128669013747,63.30440583682573,19
597.6428571428571,195.0804823265551,25.643911182135568,147.693118185923,54.69242502216921,19
597.7142857142857,193.10430292831566,28.887204161655852,143.4413528496272,52.9046048800837,19
597.7857142857142,207.9847614593258,27.418281696779566,142.42072294601996,40.69627465442238,19
597.8571428571428,182.8530588474044,22.381892638435225,133.3875382204904,37.27099716991028,19
597.9285714285714,150.82181552664733,17.544270086535622,100.4477346501374,27.38304417795813,19
598.0,150.10847133957665,19.33263995464666,111.01714651654989,41.060469909702725,19
598.0714285714286,147.52008256766223,21.34950049902469,125.30240451637894,47.884947540972334,19
598.1428571428571,132.94532281475682,21.938001271255256,120.1638262960937,47.52607100770219,19
598.2142857142857,132.4179214841825,20.985281095176607,114.3713127043209,41.103415051732235,19
598.2857142857142,147.99726539914352,19.805329123417433,113.5493400930812,39.45720792746555,19
598.3571428571428,163.6026571295183,16.28227468677484,129.3856723566246,37.91096826245363,19
598.4285714285714,167.1367498127965,20.09580274390921,134.0718803453752,45.00503824266502,19
598.5,171.85292485129736,23.077928488289757,131.68605357709194,49.92346965532112,19
598.5714285714286,173.5212887313083,19.482811948099112,128.78352256100214,35.106478292159544,19
598.6428571428571,150.57545143785478,16.642847759656885,113.2074485964194,35.417501416058386,19
598.7142857142857,151.98825900949518,15.293409119116188,109.85025194893495,29.94116527672505,19
598.7857142857142,149.16328760748794,20.52063099285653,103.12815895210454,31.320228243778754,19
598.8571428571428,157.9791779845771,24.168827174672817,125.60191523755631,50.52694727922414,19
598.9285714285714,148.38581320779332,19.744938295095377,134.2984252106882,53.76436622942606,19
599.0,136.0435022972835,19.106848341261152,131.45945367886753,57.91930257327022,19
599.0714285714286,146.77235684532377,19.646421841017002,129.24105399718587,53.62881167055419,19
599.1428571428571,142.00346319021907,21.10129674737199,121.54014372018536,54.2176298300231,19
599.2142857142857,143.57234359318187,17.928519398595817,114.24563565939982,42.865788271904,19
599.2857142857142,152.83026941008893,19.89789747956247,122.85037139692278,42.173479554136186,19
599.3571428571428,177.30276603573813,25.96432032673551,146.7245141839023,51.43088895602658,19
599.4285714285714,169.06584867889092,21.148138892770465,95.8966300055719,17.068132394714816,19
599.5,171.93742760531606,22.24955189025501,119.96284934805853,30.89794753734999,19
599.5714285714286,177.38168348172871,29.05081739520748,121.0556071697311,34.146515299250915,19
599.6428571428571,165.0217413735554,20.230360521144938,112.4004066846134,29.233766741468457,19
599.7142857142857,152.5687740773889,15.45237766624764,114.03522684151032,39.20580700978755,19
599.7857142857142,155.04796576096896,18.052951628939166,127.58269836797803,51.17181242813281,19
599.8571428571428,156.04349910485135,21.26377437954535,129.81477484930937,52.08199369106101,19
599.9285714285714,155.77908503393573,22.1091055041405,130.916855076488,51.93118192059656,19
600.0,158.3172222950237,60.8816969550895,293.7869964157256,258.31987297778977,4
