Time,MeanSpeed,SESpeed,MeanNormSpeed,SENormSpeed,NTracks
0.0,,,,,18
0.0714285714285714,,,,,18
0.1428571428571428,,,,,18
0.2142857142857142,,,,,18
0.2857142857142857,,,,,18
0.3571428571428571,,,,,18
0.4285714285714285,,,,,18
0.5,,,,,18
0.5714285714285714,,,,,18
0.6428571428571428,,,,,18
0.7142857142857142,,,,,18
0.7857142857142857,,,,,18
0.8571428571428571,,,,,18
0.9285714285714284,,,,,18
1.0,194.2144892218991,29.95179089572351,82.8250932177641,9.387711729271812,18
1.0714285714285714,208.37897002893467,28.776091907816323,91.8194878683492,8.444744368586932,18
1.1428571428571428,217.172557388202,25.76556350358148,95.96770122283598,9.683197680740038,18
1.2142857142857142,214.59289830044568,27.62105241586604,94.75432774259461,11.625786984419255,18
1.2857142857142856,205.63968107786013,29.264055689325335,89.2765387257786,11.484523891388553,18
1.357142857142857,210.9255094891916,24.553578787067618,88.13570389710677,8.79549852210373,18
1.4285714285714284,229.82293502082666,24.445135479575548,95.74605232975999,8.841609489750875,18
1.5,234.39776751963575,25.639779604074192,99.27355680675174,9.102363967020466,18
1.5714285714285714,245.1135219654521,30.444295449913376,100.64216730122556,9.724189494181829,18
1.6428571428571428,257.96349594871896,29.89496378933255,103.52458963773411,6.701803998561373,18
1.7142857142857142,232.41210348259744,25.649502594049288,91.3486091825702,6.881452303069853,18
1.7857142857142856,216.75652909652328,25.810972063995266,95.37083235938074,12.952272199005689,18
1.857142857142857,206.91329763774178,28.978485418567967,101.78921788539141,15.733235008483103,18
1.9285714285714284,223.65022910723866,24.821902067558533,105.36204448191785,12.55765881649643,18
2.0,241.17382757860162,27.25394717066031,104.55765941848011,11.103839909457102,18
2.071428571428571,242.60581636521042,37.62335754213792,102.6108468537059,12.27513743715604,18
2.142857142857143,233.95515622648534,32.790020790221035,98.18300422644029,9.342718765998013,18
2.214285714285714,245.50578281136222,34.25018434744043,101.88823549859127,12.47594696627275,18
2.2857142857142856,217.20959092209924,29.340337611279182,87.88134452436624,12.975527218556802,18
2.357142857142857,197.85183474779464,28.632163676565003,87.99085414116138,13.742135911264441,18
2.4285714285714284,215.07086278588176,26.583536385763242,94.15892124374561,13.989955137356619,18
2.5,240.0678830788099,38.368336843456596,102.15394951705157,16.41881532075762,18
2.571428571428571,227.34512329808982,35.942827645320136,101.26791093936214,16.760907529028586,18
2.642857142857143,245.58979093999176,33.461285716383166,103.92843685508858,12.560060112951813,18
2.714285714285714,264.3709922453582,37.998354983053254,103.96819303929453,9.393625772873131,18
2.7857142857142856,247.01888565943463,32.6920240119174,101.38764852592782,12.299047464738297,18
2.8571428571428568,240.83775993529088,40.63519756971596,94.14520108528475,11.501758619116314,18
2.9285714285714284,209.48289902980105,28.366717809017715,85.88719768021524,7.963618587946313,18
3.0,196.21174031669636,30.340899992169227,81.43051659646729,11.448847693052347,18
3.071428571428571,199.21911441093187,23.61826859003781,88.66663358456807,10.263225027769993,18
3.142857142857143,217.42093847879693,21.935151881639925,96.8990459434597,11.826906788354108,18
3.214285714285714,211.15575719474234,26.731200001236125,85.62937265694627,4.520265487784427,18
3.2857142857142856,214.7523198379694,31.384138270947656,100.34476159580271,18.127387936325775,18
3.3571428571428568,231.8761821603269,29.15359224787974,109.0963601935614,16.45013991299868,18
3.4285714285714284,221.67565105991014,29.256909697624035,106.21002951413526,16.77889413490269,18
3.5,229.05876124345252,26.542613000170178,105.3065480410905,10.940010976484642,18
3.571428571428571,238.20599184052767,28.594459872986004,101.39737182830504,7.835887274477255,18
3.642857142857143,246.96948833863456,30.405759485324012,98.55839658944686,8.22703890142806,18
3.714285714285714,210.74919330655675,37.08016878791985,88.08415120657538,11.430278976654337,18
3.7857142857142856,218.00171595583097,40.557299694565494,86.47045919195266,12.69487966985512,18
3.8571428571428568,262.01992258354505,41.0961998465375,105.91052347283949,14.55642413690476,18
3.928571428571429,248.24267736434945,43.81571343487495,108.35810127172415,19.204321110132074,18
4.0,240.11725636501401,27.548278597165353,107.22887102328603,11.960119414077242,18
4.071428571428571,210.38941459596302,20.252862056677923,98.68292750916298,13.291282772396274,18
4.142857142857142,216.40282968886984,24.884808275874178,100.52464297016563,16.36742324954108,18
4.214285714285714,255.27539150383575,30.510710887568763,114.02562552188952,18.88988693940137,18
4.285714285714286,284.5284943911281,40.84900015691327,121.20794176291088,20.768903430414206,18
4.357142857142857,270.231755844907,36.98007181833548,118.24800373048106,14.309221905217223,18
4.428571428571428,283.6050941568473,21.663499498486757,125.70996378590839,12.646581545324308,18
4.5,270.18006128118594,23.80803309020735,124.6740842614516,16.51977553747792,18
4.571428571428571,253.62818096756365,25.417083724435596,114.9054819666671,14.30913821807839,18
4.642857142857142,221.97189281773436,27.5096529843984,99.25732018514836,12.49873179506553,18
4.714285714285714,220.38740704934955,28.8673745816305,96.54897575553984,12.558729523482077,18
4.785714285714286,235.8288368686673,26.961399894441527,105.25554417642861,11.963473930411018,18
4.857142857142857,250.50974884690973,21.171673624506692,114.60914842661417,12.352762478144045,18
4.928571428571428,251.914278966653,27.29506160720175,100.75600389700345,6.8997817091164375,18
5.0,222.3354852158397,30.07773312724061,88.19082878808328,8.471244768559536,18
5.071428571428571,219.71512024202437,27.214918265210823,103.07221816688,18.826552305915218,18
5.142857142857142,217.44295034716168,25.844813070968996,91.90392236467133,16.66591400351448,18
5.214285714285714,233.1435643100722,24.822823481874682,99.11193714520698,12.346953578107124,18
5.285714285714286,241.47496482799008,30.088305542352888,103.03534367246397,11.345587377454772,18
5.357142857142857,251.28558521661395,30.418190011305644,104.70560565459178,10.725908334767981,18
5.428571428571428,238.14333085903544,23.76106894033908,104.69418171497807,7.306177397069682,18
5.5,244.91575331564508,32.52270882340068,100.1878285565098,10.761399651067796,18
5.571428571428571,263.0122977768947,43.90791067409385,106.79361579547339,13.705402764731495,18
5.642857142857142,265.96318191736486,41.93969555444096,111.9325778678426,16.286251640814758,18
5.7142857142857135,236.6327134616084,30.98029783128195,108.12903106796557,18.516192520459676,18
5.785714285714286,252.69943248445327,25.224029253785975,111.44445404871085,13.059049343010313,18
5.857142857142857,237.4408197638282,32.3893592722423,106.94435371599513,14.463413419410678,18
5.928571428571428,229.55092560983948,31.798290598781353,103.47142128372288,13.61686876100243,18
6.0,236.46862526352012,23.53802581159856,108.58217944457384,12.07266150406418,18
6.071428571428571,214.9500518466034,26.739360623996927,99.62966228576495,10.422742232981054,18
6.142857142857142,206.21174882992986,27.478320388683493,87.27542064531907,8.213386715021093,18
6.2142857142857135,231.09009241391405,20.281557745843713,103.5921612954224,9.813123295876379,18
6.285714285714286,245.51557397915744,19.677476085284216,113.19357596077027,12.379807658470009,18
6.357142857142857,252.8293205584011,22.772098483038537,109.0971561479733,11.942598018760163,18
6.428571428571428,228.74270553092884,27.25769439286782,102.613939885574,12.973325142126757,18
6.5,237.64514187583546,26.62303768391626,99.7679101114136,9.407636295282636,18
6.571428571428571,243.29307893646657,25.52601477619806,100.51049508515085,6.367932109927535,18
6.642857142857142,256.60889912388564,22.33572167623074,112.80323752256973,8.263698710355854,18
6.7142857142857135,271.3360991740959,24.646114854270692,120.404649322639,7.149118585734697,18
6.785714285714286,266.870952514981,27.708341566241458,115.16803564407441,9.539817478051564,18
6.857142857142857,283.02223723453915,29.739228937103718,116.89869842991813,8.408055431567924,18
6.928571428571428,279.9453739596365,35.62962245311288,113.61542828930969,13.090483527897403,18
7.0,264.647658256709,34.86706122286064,108.83794872980583,16.115112863481254,18
7.071428571428571,191.59933004366388,26.2991759009072,85.95114388054118,13.779894735102616,18
7.142857142857142,214.74989705688023,24.714157285718436,91.41256013692033,10.313619155235454,18
7.2142857142857135,244.5053876342534,27.683195950959544,99.68079087057447,4.493388270730013,18
7.285714285714286,255.8023277706754,37.84826518724723,102.62954886030705,11.395215691120416,18
7.357142857142857,268.37260733936233,37.4962964040522,112.78965207649341,14.095757964020596,18
7.428571428571428,311.3978324062781,33.16516032250895,133.44839004809177,14.430092726164856,18
7.5,321.14760144383354,29.242329316030705,145.60491188284416,14.847851624338674,18
7.571428571428571,278.6869294510667,26.07761734410604,125.47835512897163,14.274938877859956,18
7.642857142857142,243.97362804008168,25.522394331081156,109.71708539082383,15.255729854462432,18
7.7142857142857135,254.16185328748693,21.191724768932687,112.6251267975343,10.758847126900841,18
7.785714285714286,250.55322681874924,26.910813104745873,107.92603199229741,10.296763162600456,18
7.857142857142857,277.2618152302469,31.4298209688266,117.54785673695652,10.665820676750622,18
7.928571428571428,287.2639649264705,42.2033781118742,118.02257051065266,14.582073943670146,18
8.0,257.6138702664854,38.92942364623382,107.18312822357481,14.504178763189033,18
8.071428571428571,225.1518139255682,34.623559233774536,94.5405889432202,12.292970159566,18
8.142857142857142,257.6639690812531,27.41014037398414,96.06521261773264,7.546638260058262,18
8.214285714285714,244.92856227682356,30.10402179357507,99.07857411446206,7.891599221181402,18
8.285714285714285,244.57387634720345,30.746946088324208,99.8034464037618,10.273971388287501,18
8.357142857142856,249.4199003691403,29.301576921628637,104.3101348583873,10.847213057105456,18
8.428571428571429,243.3127359500694,33.30408225884486,98.42000702937145,12.190509705017885,18
8.5,248.06935283866304,35.45259609163383,98.97194488806407,11.021235947033537,18
8.571428571428571,222.52520849307248,28.55832237148767,93.68245244269984,10.531707063057258,18
8.642857142857142,231.58532018669047,30.569912930384127,95.88089085681443,9.483093845653402,18
8.714285714285714,225.09710074577848,29.872009885705374,91.07696252852925,8.745876805696478,18
8.785714285714285,229.42217705274533,31.119573059430692,91.55054320176403,6.9783290771812645,18
8.857142857142856,238.09439221404543,30.401228790814443,94.94207459623206,6.608428070933505,18
8.928571428571429,240.4244739391833,30.14261951375735,103.50902128357538,10.983626647101037,18
9.0,258.7772446062827,32.81166946703411,105.44955149029383,9.153019258446815,18
9.071428571428571,281.8301341570896,35.28076583954805,112.57212148519174,8.477755663924812,18
9.142857142857142,254.412957409626,28.187644144340396,105.95858138347094,5.758719265767591,18
9.214285714285714,241.8497439108914,25.750983738362414,99.60034043818732,5.127265512647306,18
9.285714285714285,226.89581741992558,29.728951420008404,94.55635024588662,7.1143251342992135,18
9.357142857142856,222.6857807700459,31.49464026522651,92.58472517937744,9.775791409492644,18
9.428571428571429,210.83064821340977,27.347799101573607,90.03315042141494,9.306649281747623,18
9.5,220.22855269400654,25.956111562707907,95.15802168100822,9.063224540234984,18
9.571428571428571,236.9995750358913,28.223175231945195,101.39706358341436,8.85926514919358,18
9.642857142857142,266.4846886255806,31.97965973976387,112.49945497464435,11.313960044486164,18
9.714285714285714,267.05076437582886,32.125244935310626,112.615621553389,12.414763997215719,18
9.785714285714285,263.4221425351273,33.3090818161453,108.68991332853422,14.27131501216551,18
9.857142857142856,232.45992458078425,29.49506022006249,99.8252627988011,12.46341602772844,18
9.928571428571429,223.696243578089,24.90001260964532,94.14588094103706,6.797908125092861,18
10.0,211.5813155663073,32.73888296695967,86.73891603331913,8.364554812825757,18
10.071428571428571,240.62399896153477,35.037764333836314,94.31363138290342,9.104833371350704,18
10.142857142857142,233.25930428710475,38.433264939132656,89.3842330247384,11.749363946877187,18
10.214285714285714,276.0898576421412,29.273174079865644,107.75315343492541,7.976059580267573,18
10.285714285714285,226.17760545827534,31.586815077026266,94.31463995170749,11.41721305423022,18
10.357142857142856,257.7790295129059,43.35754693223482,107.48703489225018,14.738408099540873,18
10.428571428571429,240.96834550584114,43.22660501228491,98.82998266428082,15.146967860870094,18
10.5,224.9939221107838,36.98194503176272,86.88106311359388,10.896984282857234,18
10.571428571428571,249.81949680005403,35.95899704010529,97.08105479307414,12.265459097519887,18
10.642857142857142,213.53738165931296,28.634524222006196,90.93460020852964,8.541555720098167,18
10.714285714285714,225.9459681685807,25.0270452281135,96.07594650588985,8.861275555716645,18
10.785714285714285,211.8914590161368,25.929437311072075,92.4732551133462,11.258659852831736,18
10.857142857142856,185.80043782143932,25.96010084599727,81.829450953723,11.856045643014284,18
10.928571428571429,214.25638507385577,28.036600840868555,94.73617328801046,10.598666365616811,18
11.0,195.62257847768512,41.81339835705181,80.02814657315892,13.53645205157362,18
11.071428571428571,208.31864100756007,36.92556800955989,83.06104530480185,10.870174950569115,18
11.142857142857142,232.85363876005368,33.958547577223094,94.36775297694913,8.200962555468257,18
11.214285714285714,191.48763226126204,34.35454543867938,77.2911755513287,10.897370474770518,18
11.285714285714285,194.60231365674193,28.94756405315659,76.11163941396086,7.996391795665434,18
11.357142857142856,202.71366919627783,38.92358560743812,81.6545467321731,13.584230942001138,18
11.428571428571429,257.4379253736458,31.43791680054464,110.25272416541337,8.851721250383498,18
11.5,247.6709293218045,29.85326127482021,105.51095632857601,7.579820821378103,18
11.571428571428571,245.76304388173273,38.15664484231799,102.78456432038234,11.035647151118471,18
11.642857142857142,257.9611171176923,28.959245090310514,105.53744608702453,7.57860308534973,18
11.714285714285714,219.608574115458,35.01876586193811,92.99265800796321,10.22408101867476,18
11.785714285714285,201.02599112384914,31.721122211596544,84.53096633506736,7.829881144563566,18
11.857142857142856,163.6271878580796,35.26719056440424,65.82776658094889,10.670010488188154,18
11.928571428571429,188.08890687444276,37.47572340619519,78.50775863723705,10.45637105593172,18
12.0,237.67090879405512,34.219204040152725,100.82157279800353,9.52473078777026,18
12.071428571428571,252.68267155657568,39.05386658039995,104.25075112313374,13.130362927259155,18
12.142857142857142,232.15421393141546,44.959328158924556,100.6440961605972,17.85600629556918,18
12.214285714285714,240.71825630758943,31.591526392645733,102.1097008966609,12.317808460133127,18
12.285714285714285,204.69271046084415,29.179001563843272,83.79289375953779,10.812178042359006,18
12.357142857142856,180.05772288352847,23.469319613039044,77.41599370339092,8.718304218410966,18
12.428571428571429,187.5433599383575,37.210548315353364,76.69706509022264,9.847197590606546,18
12.5,231.4524597951847,36.18218319275377,95.04194907447112,11.508185919778892,18
12.571428571428571,242.25346761043045,39.47924516716407,94.24995509670444,14.28235639172818,18
12.642857142857142,266.30535302988005,46.46592080170964,101.93596102485547,13.440329776636325,18
12.714285714285714,221.8549340547089,34.948471107095784,91.12749679321495,9.098897605339467,18
12.785714285714285,180.56822132571705,27.98071833240932,78.26285149740124,11.203147115038771,18
12.857142857142856,209.1155993414597,37.284383363136854,93.61365713893339,16.482072606295958,18
12.928571428571429,206.83344269690167,32.01945031940615,92.10002955206708,17.315153487181227,18
13.0,232.550697778106,33.41272255428882,101.47857484597921,15.316635284054243,18
13.071428571428571,222.02648368111974,32.40292250124998,95.47265391613765,12.872262376275138,18
13.142857142857142,242.3681062453852,39.43741252770549,100.91680628332864,13.673929018786788,18
13.214285714285714,242.1518757086063,37.701188111854805,97.81063539607078,12.765485134909039,18
13.285714285714285,193.47740358282857,30.565966838978706,79.77654869500823,11.646250853215722,18
13.357142857142856,163.82707340105298,28.597271441808054,72.65278076004134,11.931124943612858,18
13.428571428571429,200.96418862169205,21.887827825563214,88.32799666345764,6.866500850108654,18
13.5,173.37365732530256,24.341042179830723,81.63095011571268,10.98156246387449,18
13.571428571428571,157.99238699527558,27.38156370108747,73.06539040404516,10.263403773398638,18
13.642857142857142,205.53831600888574,24.287182013089502,82.5189439041361,6.559539807666375,18
13.714285714285714,198.29049893790756,31.95599342265751,87.02793247358053,9.244179087935903,18
13.785714285714285,214.81779115262825,30.873062218795017,88.51114412071496,9.066907409011648,18
13.857142857142856,234.9801067066403,31.380999783602455,100.01369018463492,10.070163571598076,18
13.928571428571429,237.54898579317276,29.178732901661075,103.98788845813318,12.853575583808503,18
14.0,223.6495870176674,28.731054068376306,98.91621209508534,14.645521682356328,18
14.071428571428571,235.22553491341716,28.804161159168135,101.02920910976533,16.523254541820826,18
14.142857142857142,233.95965464842612,27.242989767644044,118.58916286166746,20.7410678303462,18
14.214285714285714,223.3764306585039,31.404570779029623,102.75077428939021,18.454702318981038,18
14.285714285714285,239.33288169301366,27.83167124224287,119.15744024840359,18.95240530011864,18
14.357142857142856,252.30416655101055,23.829331227720644,113.19351048413144,14.402421456172167,18
14.428571428571429,266.47865321646833,22.914028574396756,115.63266036648747,9.465270108699118,18
14.5,236.91815574751683,25.659698153229574,103.17035698111921,9.42229904680732,18
14.571428571428571,198.50792680251215,29.736030943883538,82.78330344675788,7.69556978964313,18
14.642857142857142,192.86841584931778,25.86425771226418,84.89567231864591,9.484822119383537,18
14.714285714285714,216.70709548282213,31.76341996251962,93.14567815878168,12.35101871874959,18
14.785714285714285,194.0698790013871,34.66200545795755,92.51524236727377,15.752688071600145,18
14.857142857142856,217.62030974064632,25.3944166553131,104.4094793956437,11.95063962524286,18
14.928571428571429,223.4372032383123,27.11381851062246,99.08203861359397,11.02011485846288,18
15.0,223.75975888673108,34.35107941694719,95.25794551639966,13.94770750657544,18
15.071428571428571,195.6728576218966,32.463944763954395,80.37117368757477,10.441635632764836,18
15.142857142857142,221.97927614041708,32.00885224564186,94.32223068413457,11.654707427659575,18
15.214285714285714,197.37413349044738,33.05793099708989,85.27170075264286,10.024840117240386,18
15.285714285714285,219.23250612544234,37.82903084381695,88.6835905154379,14.012065119607003,18
15.357142857142856,222.93124911311,34.38256979033818,97.31198192630953,15.908330848090829,18
15.428571428571429,217.3510271471937,28.843108911806638,101.77191434032183,14.761897532429339,18
15.5,228.272302752925,25.97661187522829,103.9902043717486,12.488983832566774,18
15.571428571428571,259.8334061797526,29.42183367377513,114.83430797917816,13.805409695775785,18
15.642857142857142,273.9259935337649,31.897587112495966,115.28031422449247,9.428212083204166,18
15.714285714285714,255.49769212382319,31.333267979938583,115.64608834866111,12.984758897691854,18
15.785714285714285,271.41844768779526,27.651170334220293,121.57085738995683,12.286942105227233,18
15.857142857142856,259.31090779668904,26.907488153756738,122.61666142039151,16.824963663234357,18
15.928571428571429,220.78241472939092,36.7505312615966,105.657681879361,22.095957017662634,18
16.0,232.51785385402886,29.082130464046507,112.30683510540544,18.913952091098476,18
16.07142857142857,212.729601546669,27.24066822434158,100.03810777886453,15.255252111375174,18
16.142857142857142,204.25180731104317,31.96227544020849,91.80169410249492,13.60505030469426,18
16.21428571428571,237.02733850497543,24.79945437251085,104.70750890887703,10.097247065475878,18
16.285714285714285,213.1883474710447,28.833413410136792,103.1045451025135,14.881028085654018,18
16.357142857142858,221.4151355647413,30.780027160028748,95.38541853430081,16.148204792335108,18
16.428571428571427,237.52237604892517,29.98064916081674,109.31274728683168,15.237704753780537,18
16.5,247.75737252210487,23.0766183147011,109.79783886122979,10.310450247065868,18
16.57142857142857,230.07333148570245,25.222867697494937,103.78019712714301,10.123922770207168,18
16.642857142857142,219.12399454510737,27.928641698385555,95.11129340795358,10.206443010936944,18
16.71428571428571,220.90064938830875,27.753856534661708,93.66564736853728,9.423530513330373,18
16.785714285714285,221.57668193615334,26.49727695878107,91.86786757283085,7.412679165108185,18
16.857142857142858,204.96723972312853,29.577863657340348,90.36961288382541,11.80701482336211,18
16.928571428571427,231.5852940126131,25.723945542734786,108.64230037088353,14.401035338785114,18
17.0,231.81245737978654,24.081001861796373,113.37154988545336,16.495995856156714,18
17.07142857142857,245.39906310728662,17.166944727363198,113.96831134709123,9.473947614951015,18
17.142857142857142,268.3475238629332,24.44571482186105,116.92327908808873,10.777827198695558,18
17.21428571428571,279.03661654814516,28.07541525474153,121.11818605034934,12.952685677748454,18
17.285714285714285,274.396921931914,25.804380780552474,117.45290664848258,14.656769052217657,18
17.357142857142858,224.78504196211438,26.403924722928895,100.9705362380988,13.964689851950073,18
17.428571428571427,219.5809970896374,30.943933678382002,95.23316866695768,12.980200835973655,18
17.5,230.62888396600582,26.28257239831178,100.68341487662546,10.550545134092792,18
17.57142857142857,203.63463651574992,32.42647156857727,90.46987079212468,14.971524814575542,18
17.642857142857142,206.69324435049185,23.611244300454377,92.89668490927797,12.59385330974651,18
17.71428571428571,222.29390156532438,23.41140059331525,98.07067178072442,11.39624068579991,18
17.785714285714285,232.55771270830036,26.06914395166461,101.62643424021691,10.174160353801568,18
17.857142857142858,230.83786584896134,27.974972426774006,98.71080243284733,14.727508533580748,18
17.928571428571427,239.1326443533845,35.06408171796382,104.72881142744374,16.652816326842842,18
18.0,253.6516726299663,40.55055986168407,113.37441214730156,19.865052328402022,18
18.07142857142857,243.9059792648358,36.39507354435157,106.46411303917289,18.187942355882424,18
18.142857142857142,215.58492129253654,27.517269456369824,92.93111698407135,11.19600774117783,18
18.21428571428571,219.52812066832044,28.793180402116715,92.6613566985881,7.679890554386729,18
18.285714285714285,197.83574648267373,29.208829486658924,81.072247709314,7.891485021477233,18
18.357142857142858,191.24830621908237,30.9470876964866,73.61201810142634,9.550658874941911,18
18.428571428571427,183.4424979990028,29.640140070402932,72.49160561492643,9.286143559376931,18
18.5,213.15749716516683,26.61360443233298,92.62242938827528,12.647379261081067,18
18.57142857142857,229.79020298495718,25.304974476524595,104.59035497495078,16.52088329165089,18
18.642857142857142,239.59906048368092,23.912026941752114,107.24090286648695,14.44882623978317,18
18.71428571428571,238.0080918020162,24.395475962587167,108.6160454610018,13.374017327910773,18
18.785714285714285,209.4581208897574,23.813170205528422,88.96508150491725,9.093856321609868,18
18.857142857142858,231.50572650433963,23.184977659095566,103.10585153817807,8.875186573785507,18
18.928571428571427,220.9993525129209,23.248770831632882,97.9195834246208,8.854415792595251,18
19.0,217.41659968026602,26.473710747834833,96.32507461425267,9.7167020256815,18
19.07142857142857,225.28084728507943,30.836866301270252,97.03203886133835,9.8100713672826,18
19.142857142857142,221.41566389327903,25.337816592936672,98.93970912779821,10.099445095251582,18
19.21428571428571,215.1892514888071,18.32701152178029,92.95196575281749,7.437864287234834,18
19.285714285714285,219.09113361797156,19.430809115575993,98.90007092268387,8.781157906229156,18
19.357142857142858,217.70194105202918,29.130334694034026,91.59891304128975,11.785455396497781,18
19.428571428571427,238.77135813867864,32.61735025640614,99.73482736707092,13.174558788216169,18
19.5,240.88638579234546,31.806887936035576,103.23422042265653,13.44967108333392,18
19.57142857142857,245.99248998206562,26.121903596441864,107.54453296854777,12.128772298004591,18
19.642857142857142,221.82582892828776,25.483316540441997,95.32250787235702,11.590299356026328,18
19.71428571428571,211.97730585513295,23.79334916122408,92.58872906005715,11.4029666492584,18
19.785714285714285,201.40988252338894,27.766237771018748,86.39572939316298,11.50203566384933,18
19.857142857142858,222.90191582498818,23.182704688324762,95.2545563813218,8.07052752434233,18
19.928571428571427,215.88862576611763,27.769928616982845,88.73204197427063,9.822655861357005,18
20.0,235.9884620642364,24.759855272319623,96.20987894003773,4.942054217488952,18
20.07142857142857,251.30152050380988,31.40510894693705,97.37376639793099,7.46825711176853,18
20.142857142857142,234.88424532839187,30.263688195315698,98.05350597124657,7.677221073730766,18
20.21428571428571,205.20187373578824,22.487154319177108,90.17373788316796,9.420723021853885,18
20.285714285714285,222.506479585167,25.914178703637898,96.77244471647488,11.697540718533883,18
20.357142857142858,225.48580369454496,27.81923734563585,96.09972097296271,13.323813490851348,18
20.428571428571427,191.85920683035,41.52105137694019,74.42595956791696,13.117416090499301,18
20.5,222.1680628484391,26.276562633487448,93.22304065084423,11.430506194790702,18
20.57142857142857,260.26551735791054,31.286088649600284,105.2865786820681,12.224854202681474,18
20.642857142857142,239.60238319577493,37.684179077159925,102.39929858144207,14.822343590924373,18
20.71428571428571,239.55817304047721,39.46678092180319,105.65825274582053,13.414249584188303,18
20.785714285714285,213.02883018675064,32.301784535659785,91.12081109337821,9.60755373308153,18
20.857142857142858,248.97207205706212,37.60109015678403,100.45604947220752,12.120443119699187,18
20.928571428571427,217.49644139179432,29.11274033525658,97.051568049014,12.02915785386428,18
21.0,212.99171113071932,29.071791373853404,100.25187678245602,14.233532290914745,18
21.07142857142857,216.27903617237203,29.735513614224395,107.83854013739528,15.788242848385881,18
21.142857142857142,230.62682044348367,26.977532110238553,109.0750848618517,12.902648471734471,18
21.21428571428571,233.89302385413382,27.574166608950176,109.37078858828393,12.31430315669008,18
21.285714285714285,234.01797798833286,34.61371403858799,100.90869164012196,12.555933274055283,18
21.357142857142858,213.5529764739214,33.575586883297255,90.87494480478465,10.403064385978826,18
21.428571428571427,206.03943532495882,31.074150252264108,83.75073578602603,8.315790428420673,18
21.5,189.4106843465038,33.928795142032975,77.54426065520953,9.186468518781767,18
21.57142857142857,189.0343208639874,31.583979548369626,78.25801102241941,9.96017663148698,18
21.642857142857142,217.74049227451997,31.511652668532705,88.15024135572345,6.373276966992757,18
21.71428571428571,211.24516017350575,31.803208411508553,89.4531606557979,8.252292868426732,18
21.785714285714285,227.59221274532396,31.487727924230246,98.15146444800611,8.763362427656299,18
21.857142857142858,215.3170483515534,32.5159883409777,92.22835045769503,12.294102378162716,18
21.928571428571427,219.0533019651613,33.66234183887662,95.64540875354552,12.23134247263398,18
22.0,201.81246728175873,37.203752828286675,87.2565533337124,13.854595747216942,18
22.07142857142857,189.5218410789113,38.60584905428985,84.99020386482431,15.215070912146068,18
22.142857142857142,197.52679311465366,30.756139596773213,87.20483795673583,10.93848442383873,18
22.21428571428571,188.37769613338227,37.33168915909259,82.91426806166828,13.517262090145783,18
22.285714285714285,200.14360054823067,33.00771237295369,83.28424881775216,11.265831775266037,18
22.357142857142858,219.32529358819298,37.77172687790986,87.0052573412766,12.831219046134064,18
22.428571428571427,191.5793865811362,40.96834808893729,75.90247272626574,14.750588385026541,18
22.5,189.95642664703786,31.986464968676305,79.25568639902994,13.984613108931969,18
22.57142857142857,203.1133215849455,33.47816670996976,86.82820606568536,12.948397238085326,18
22.642857142857142,205.82501192187607,27.021015939632584,84.71414224608382,7.4264694445209845,18
22.71428571428571,222.40410985853921,36.10934696485266,96.15142074829397,11.387009373190084,18
22.785714285714285,216.34899040373412,30.71658068522081,94.04713249509548,11.161586769500099,18
22.85714285714285,197.77353751783247,31.08590666451027,91.10919959241994,15.88561800582357,18
22.928571428571427,215.04961670723102,31.024170364864887,97.81849582861462,15.325929540620018,18
23.0,220.02766572400876,28.02748665047327,97.65459680772273,12.946523466325518,18
23.07142857142857,213.91840688252825,23.075081446648323,95.58708416206781,10.36527315347927,18
23.142857142857142,208.57642744092092,26.508453040604714,94.84129084491276,11.436928650787094,18
23.21428571428571,191.31723512209538,34.62076962885022,88.74131075337262,14.624888936807894,18
23.285714285714285,181.53660019240644,39.20922317275006,80.32791762809103,14.221310247858726,18
23.35714285714285,201.93237211253302,35.676502310457565,85.75621606404246,11.47859396731193,18
23.428571428571427,196.0224127136033,33.12745134625571,82.50113061110467,9.76390594202741,18
23.5,214.35649593055012,37.75312517624596,91.6726736235531,9.209707968713303,18
23.57142857142857,188.45792644522678,32.82282614095933,86.24151652830561,11.897645202664417,18
23.642857142857142,206.17911730711467,30.622568709524646,98.21439782586357,14.475297084612537,18
23.71428571428571,232.44359926792134,35.928879106683574,112.8778261573424,18.723652480929314,18
23.785714285714285,248.2600929855585,32.48829154684656,114.42069413562307,16.514715015068195,18
23.85714285714285,238.95851073309166,34.40906666610717,117.8607820273881,19.970572257489508,18
23.928571428571427,240.3045777419655,41.12773858616182,117.08906526822678,19.006475019355737,18
24.0,223.95515344273176,31.932327007313603,99.51197398220519,14.496005008371158,18
24.07142857142857,179.6206595668447,38.49587726651565,77.50052624894276,17.52926785765019,18
24.142857142857142,203.95969187720164,28.50424308867024,85.95654516027543,10.191228814975572,18
24.21428571428571,193.96181734063094,25.202160928731885,83.63095747577579,9.657339205767434,18
24.285714285714285,224.10976440803464,32.52441098064949,98.3205304895791,12.286330672817083,18
24.35714285714285,240.98576730398096,29.04218216156686,107.45010515487344,11.849723083604108,18
24.428571428571427,230.8908371125185,42.406643849302654,107.11185447977468,18.587615892649012,18
24.5,282.242297158036,35.40109330802895,123.91701013578427,10.858707883559113,18
24.57142857142857,254.58898964814034,25.822443997914007,105.93281553280588,7.305684776041312,18
24.642857142857142,255.414381813548,24.050785271084774,108.61687577683885,10.161645556133383,18
24.71428571428571,195.70335829563507,29.46228150719545,79.71280892373564,8.363375582347219,18
24.785714285714285,192.88627622419367,37.67015135468389,75.84113273344819,12.758625586090904,18
24.85714285714285,232.5657937095434,38.048166510900145,93.64109185396885,12.378895101961593,18
24.928571428571427,261.2143796055131,43.66148449985544,105.4233472681462,13.185295949165205,18
25.0,265.4795242498907,37.63069264080395,107.57729751437464,9.066371491643382,18
25.07142857142857,262.86903673908427,57.61675725788932,106.84846152651272,16.731917401354323,18
25.142857142857142,231.1632007066581,38.4082945826095,94.15207977510389,12.712692679654742,18
25.21428571428571,197.39629501838152,38.51695270111776,82.66308975781443,12.706114184098409,18
25.285714285714285,187.502599245723,37.33715700375833,82.9388966647334,12.035909694912666,18
25.35714285714285,191.97452238755398,39.26522702304018,88.51662778959263,9.61057608242548,18
25.428571428571427,226.10326659610752,37.61314013504607,104.83639704856766,10.450956609680704,18
25.5,213.00281141080796,46.28158510790018,94.79081222823781,15.650005574173036,18
25.57142857142857,225.29320547939943,42.9292666864182,95.5291672088627,15.079301397384375,18
25.642857142857142,262.9371575347584,40.96452398865699,105.74695202222824,13.06866394011842,18
25.71428571428571,242.18278522604763,37.77835909941925,95.55954463282606,13.628748840655602,18
25.785714285714285,215.19558900788346,39.04244727208534,96.30570988403069,15.78220239448933,18
25.85714285714285,233.7779965770625,29.41973032406051,102.61811925966053,12.70712161175431,18
25.928571428571427,211.29097570843533,22.254139129550097,98.99184089574867,12.620477969523803,18
26.0,192.16216108202522,30.274029546464877,87.77744566068203,14.91963511734137,18
26.07142857142857,177.5016470691768,32.16099284444064,82.18406304058558,15.962211744023845,18
26.142857142857142,173.9728124969681,44.01862117379825,71.83601983813169,14.819343562774547,18
26.21428571428571,201.41000030448694,36.21367941268693,93.74576356640758,15.190934434864497,18
26.285714285714285,221.98020368722192,49.90705437361787,87.61677636038088,16.109177107061203,18
26.35714285714285,278.7758394491263,46.11235984425255,108.19790266597839,16.86606420412478,18
26.428571428571427,224.60369911074076,44.5293137497889,99.37185202616568,17.012946290296412,18
26.5,259.3673303810659,58.74137460956567,108.68214428924179,19.429912768958847,18
26.57142857142857,252.3734758174724,66.7500145604044,98.8896229526599,19.042956851131827,18
26.642857142857142,269.8444812187648,47.71517370865308,107.74226265564563,11.725045022823327,18
26.71428571428571,288.60977914763987,47.46758824590517,108.81694568456145,12.18355773966014,18
26.785714285714285,233.8807893484051,46.31680486270015,92.94490237395416,13.375381987730819,18
26.85714285714285,256.76412970280194,48.38153540918882,99.5755227769909,14.663245812868055,18
26.928571428571427,263.3608725949225,53.78525162347451,99.84777204033236,17.468766439703575,18
27.0,217.18649400846547,43.95243565382962,94.16877374969579,14.807062856223427,18
27.07142857142857,175.7747000399898,38.14219524050599,75.26619964076022,7.257596503866233,18
27.142857142857142,138.78645420088995,36.10924253244629,57.79839316931563,9.838787435683575,18
27.21428571428571,200.60715806897176,51.69931787048178,79.83077930909153,13.863138855092604,18
27.285714285714285,256.97058509550124,60.2155468905408,100.04115068693893,11.197769742357643,18
27.35714285714285,251.14266902168887,51.80410999367716,100.7342988198357,9.604678909976125,18
27.428571428571427,260.9945012016874,48.3959530005431,101.38236869691725,7.091174430744754,18
27.5,285.46190891560514,58.53466871877723,98.5784765647288,15.531881909225058,18
27.57142857142857,269.8847629650581,53.850226980738896,96.27622075102923,15.541879274591414,18
27.642857142857142,237.7829493024782,34.521978608323685,101.08001195706038,13.19295944155662,18
27.71428571428571,210.4879637406249,42.79225861097498,84.61500853696843,10.882954001939833,18
27.785714285714285,259.7441927740924,44.20731329214941,113.04459843889609,16.086450914390216,18
27.85714285714285,259.2890263565826,43.640171120529516,114.32716787751855,17.135443513468207,18
27.928571428571427,264.5303555559932,57.24063027737944,94.7711476175247,13.544517557178658,18
28.0,229.32952768315081,49.29004762515385,89.09962951376305,10.791888464753047,18
28.07142857142857,226.8473843359591,43.65172561937727,93.16907639465673,8.874936547716548,18
28.142857142857142,175.66740406588005,37.17008307625099,74.85375994129355,9.90607337017452,18
28.21428571428571,191.69322674026657,31.99073982357619,78.81148317737997,8.732510925634209,18
28.285714285714285,221.8413242066781,38.34141969013786,91.50022514214821,9.340733483540767,18
28.35714285714285,250.12844295476708,41.55019890786146,104.26774323916665,11.503269926644608,18
28.428571428571427,300.0844963792873,47.33299280227591,119.43972893301127,13.804196541917815,18
28.5,310.25513335982504,42.10462802787067,123.24613518006056,15.678034287801237,18
28.57142857142857,322.91883342612516,38.44460134997705,128.79894384115354,13.838810799605824,18
28.642857142857142,275.73985534279296,36.05383455178188,118.05526922518747,12.990031027454325,18
28.71428571428571,236.11535654898418,33.86518814976257,100.39879548862032,13.655584298303358,18
28.785714285714285,217.93778091748615,39.470209425266155,93.12689899523934,15.152160474879164,18
28.85714285714285,241.15401519491473,50.416315632439854,93.16464811377566,15.047268898043592,18
28.928571428571427,308.9682918185734,50.889642649669014,114.14466191475503,15.144321114559771,18
29.0,327.63635006733443,50.57314343938031,120.84616717246752,14.939945091665528,18
29.07142857142857,323.93061436261206,48.70000574818239,120.16332500103525,14.963338327993084,18
29.142857142857142,304.43375808824305,46.847882222089716,117.0463809616345,15.818401398091732,18
29.21428571428571,291.84635295010804,48.31402072602214,120.51443996746218,15.325292781017941,18
29.285714285714285,264.32405605606556,42.016748126173745,123.59476127487363,13.702283857464048,18
29.35714285714285,243.2227921962928,45.048599999333206,102.74221544187417,14.336205345165222,18
29.428571428571427,227.6691391432667,44.44153713349118,87.72383530832164,13.316605950069167,18
29.5,234.19158812911473,38.27220707413047,93.20383545585379,10.83623713429052,18
29.57142857142857,215.43015487810473,34.38529751241369,87.87579104090001,10.832238400866762,18
29.642857142857142,229.33750474922908,35.226993725442576,90.85875709159176,11.365623688576719,18
29.71428571428571,251.93049118034423,29.82334779338029,99.41154413501425,9.538575073838542,18
29.785714285714285,251.06746328700208,35.88567505184662,97.82373579999968,14.11317865240144,18
29.85714285714285,252.67396540330262,28.44933097677614,120.35046784444421,19.98557770755027,18
29.928571428571427,276.31258604260665,18.528884462268408,130.00897113620394,21.072445091604486,18
30.0,267.41090408681,30.86870189809459,142.73329441465592,31.346977730867238,18
30.07142857142857,237.23224368874384,40.00886179699948,129.40350609185668,33.48630821384142,18
30.142857142857142,244.28979230424446,35.11235174196641,128.57133830407182,31.42559976516142,18
30.21428571428571,284.8833305840643,27.63535115797493,138.29677780291252,24.377250587937798,18
30.285714285714285,307.6822558809538,31.40484905847844,146.2396485293408,23.7436516331991,18
30.35714285714285,323.7120300541228,37.50820922376246,126.83597254910777,18.864544742348897,18
30.428571428571427,337.45014410793476,31.164855605978435,135.7415629586327,16.139595946148045,18
30.5,310.48916198163187,36.73316884371117,130.03105126287016,21.86868244689124,18
30.57142857142857,257.9593938783324,44.02926697109906,109.47220060946036,29.72802790993584,18
30.642857142857142,230.60367520679839,34.86568593039489,102.67976926217894,27.98996082386781,18
30.71428571428571,256.25163373884595,22.98280097926332,116.8407795871351,26.289462259992373,18
30.785714285714285,257.2041456767213,31.78497507425419,118.24208630782202,26.79617379469352,18
30.85714285714285,237.99366524020286,39.50395031137429,93.18060539068921,16.86076380707552,18
30.928571428571427,227.88472404045206,35.910272059630785,96.63498857659971,13.182261503866595,18
31.0,301.5494753576993,49.91645937538687,108.465489456339,5.276580444656032,18
31.07142857142857,271.6156803871698,46.226720491178064,97.79772630563362,7.441593488428072,18
31.142857142857142,263.8175105183486,51.71054892331203,95.33803404072165,8.964947189942581,18
31.21428571428571,223.71987983596648,61.699108876773636,72.0445321110178,11.785322733620303,18
31.285714285714285,248.95128323120827,66.43176727196172,79.66571589729729,10.89410798181972,18
31.35714285714285,263.24190419219593,66.91635569704087,84.29882242021671,11.165944279115806,18
31.428571428571427,278.4115252380847,66.97936206830259,88.40507088745564,9.586286047815396,18
31.5,256.837864343838,58.03727276208768,82.51764813731656,10.728584308728232,18
31.57142857142857,286.750627979864,51.13204062998975,95.43150721836814,10.357463828926806,18
31.642857142857142,297.2504477871252,44.852988131374346,96.14996661639415,9.116295889063089,18
31.71428571428571,244.96104880110974,34.307358733919244,84.21839069703518,7.649004023893414,18
31.785714285714285,202.66757366410886,29.938910501745685,69.75106337258782,8.376091645172114,18
31.85714285714285,194.99493448827542,35.304963903612474,77.59773244807059,14.631878954957118,18
31.928571428571427,218.96706454394953,33.379442019446714,88.10429297792531,13.995621770219453,18
32.0,230.01574602299786,30.037568905040168,87.09601310298136,10.247929109406455,18
32.07142857142857,223.65254163544878,28.677721613200237,93.5820016874634,10.651783013967325,18
32.14285714285714,209.45587487784854,29.489828157686766,88.31067458724303,11.375715895348753,18
32.214285714285715,193.16257776097532,32.52863854124426,75.82036212093404,11.331683121898298,18
32.285714285714285,200.6769952003645,29.42698667981582,75.95208850982567,10.84180012176174,18
32.357142857142854,199.52087153115554,32.40308163640553,78.50858052379819,11.642005562327606,18
32.42857142857142,230.87820641687838,25.33877026153278,89.44968230361904,9.083278209488022,18
32.5,217.05530116484957,39.202822674936634,83.05280094277357,13.303508153854386,18
32.57142857142857,191.74052326523562,48.34732211269621,73.04713109173473,16.26110352255822,18
32.64285714285714,207.7546858662578,39.33093313923895,80.30961295685786,13.033606795767351,18
32.714285714285715,213.08755877012982,34.97609103187056,82.66682992205477,11.677797007442782,18
32.785714285714285,223.5930977728757,37.14871645456365,84.05269321254461,12.149480901262107,18
32.857142857142854,201.87412324872878,39.00189913403241,77.21481882840263,13.208764302163267,18
32.92857142857142,156.3626893356041,30.380454966210085,70.03456393491767,12.766621790174101,18
33.0,206.27613157777125,36.701961555899025,80.47542987265551,13.27461949799994,18
33.07142857142857,219.31696562231159,36.89936086144928,89.23031423603557,14.252857174347124,18
33.14285714285714,198.63702003650675,43.199222330424796,74.96992396474313,15.100851221639283,18
33.214285714285715,221.259897306606,39.52430713734777,79.2094379382528,13.603988674976243,18
33.285714285714285,223.5582135649649,34.779825113174546,88.54299794711193,12.762114282135618,18
33.357142857142854,233.35823862721148,43.6352348196944,91.27073922527543,15.180210468667921,18
33.42857142857142,260.85351928682076,45.58840493929001,90.69886677542817,13.450529852618994,18
33.5,246.4878790246845,37.735371796741525,84.36476746288785,9.835942147709309,18
33.57142857142857,224.0845492538623,42.953701373200516,77.12221507303738,10.645064260465336,18
33.64285714285714,241.92633187454499,42.73383272934259,90.28515225858689,14.306076039536707,18
33.714285714285715,259.2439654320951,44.8304421883006,98.55471346630875,19.404501616127302,18
33.785714285714285,337.08896466802486,94.08883214873536,174.85865508408182,95.10199378310514,18
33.857142857142854,231.8493048069526,45.4964964786179,73.05825968738583,6.524257413775643,18
33.92857142857142,331.09278594872376,75.61881305617074,163.03924848974162,77.90792099333004,18
34.0,328.63870309369474,62.90159283754677,150.03531242326264,61.223157017809186,18
34.07142857142857,284.2516224178548,45.42725892796638,91.60311075889942,8.618314481695403,18
34.14285714285714,284.46326849147874,37.620722832975225,95.26645843189442,8.006952574965924,18
34.214285714285715,265.50807865833104,24.41790483402629,93.56361850009097,7.742916485479296,18
34.285714285714285,298.26453792240216,51.98651938011134,148.16858559326735,57.585877446536166,18
34.357142857142854,267.0691471055703,49.07647823476555,133.14880702235712,55.72008655440542,18
34.42857142857142,241.06037221366537,53.92705103026953,125.33347066996843,57.494887198996764,18
34.5,217.42270151369758,27.393551298043725,78.92856163804421,9.015632121744295,18
34.57142857142857,220.61374856579695,37.159821202881766,79.83139297573744,12.243297102128853,18
34.64285714285714,186.99901855648042,31.809058615391564,71.30159160080385,9.665764891243347,18
34.714285714285715,161.1309836928528,36.89269483015441,63.415219778761454,10.197682929134093,18
34.785714285714285,187.53733918806196,31.58096722634713,81.13124141937796,12.538169632694197,18
34.857142857142854,183.2154487949131,29.10352398610567,84.67221521442677,12.651629759508966,18
34.92857142857142,177.23400230511118,24.02148778113417,82.78546358046432,11.86795611565568,18
35.0,182.6551654218878,26.97907866642763,83.22866796704888,13.304497044080609,18
35.07142857142857,218.10432980929235,30.76687086556122,99.52625362847594,13.30217958446724,18
35.14285714285714,229.8850068751711,34.54410311653328,102.97165366184356,14.983092395717014,18
35.214285714285715,220.73304554518432,35.6096965369786,95.50705955239178,15.109053878369298,18
35.285714285714285,193.00251296592953,35.75729907670526,84.86425480317612,15.727735800009178,18
35.357142857142854,178.43606602335998,30.365767452093188,75.60872583823839,13.617298260232946,18
35.42857142857142,204.49678271723715,31.511450129766406,87.41328326399487,13.575314666719185,18
35.5,230.7242601880624,42.74026400400545,86.10139755255733,13.872610074364276,18
35.57142857142857,225.6149705989259,35.49121587180363,93.14061340836422,13.35859422723982,18
35.64285714285714,196.6287181399648,41.130229762941056,78.88648500676852,13.174108405029964,18
35.714285714285715,185.7376268749903,43.39464264936492,75.85176923839597,17.54803565868884,18
35.785714285714285,177.2937743442479,35.70418689875087,72.60702116679005,15.408369390224488,18
35.857142857142854,164.8406227690719,27.646347070250467,68.29977683102052,13.962908402138016,18
35.92857142857142,180.4433097097601,23.205767111880988,73.47994667593774,11.34500819651935,18
36.0,289.31027800947703,75.25832794390945,167.55588576608076,77.65294935960463,18
36.07142857142857,231.95096271103054,37.454155462377564,94.15664244973819,12.154257027921728,18
36.14285714285714,233.49636456774883,39.553628570443976,90.67419355424283,12.972131819429194,18
36.21428571428572,216.14652704525489,34.87287321390644,84.8446165841239,11.361765082082046,18
36.285714285714285,218.36519145743497,36.42576454417629,80.55357681335273,12.45146910283662,18
36.35714285714285,225.52702804881747,26.355206414152605,88.89277635473104,10.3039146603948,18
36.42857142857142,191.76320485504792,23.633690504351954,77.6455890884239,10.412052695521817,18
36.5,263.1625571939838,75.37040045252999,153.28282952689597,76.1027353189868,18
36.57142857142857,264.0952430556771,80.05950337818187,158.65618816125985,81.49722870913519,18
36.64285714285714,288.1634542321404,70.53695745588566,161.7316124781605,72.74738005420151,18
36.71428571428572,301.7100301404462,68.69784314566813,166.4855778849933,70.03585873857999,18
36.785714285714285,335.65437485484904,77.92654554743272,177.18255253191245,80.48381491472668,18
36.85714285714285,252.6220691979815,34.041137353227874,93.34322595926497,14.056189640091118,18
36.92857142857142,219.04741272894654,25.596152980857926,83.40380418710423,10.343844146814979,18
37.0,201.15837836747852,35.55591161774299,69.58634313900686,10.219213020724444,18
37.07142857142857,189.94292961466581,35.21601287879454,67.27445903239797,10.831380363683097,18
37.14285714285714,192.50744785005102,36.66069763226745,70.99988911658814,10.190383767358242,18
37.21428571428572,241.8898798183098,39.767539059813785,86.82421778007948,13.071768701077778,18
37.285714285714285,231.12031448357567,37.62743616462682,89.20683099536953,13.882067965092507,18
37.35714285714285,238.23238926917028,23.936537371635474,96.51442214697192,10.116387303703826,18
37.42857142857142,264.0288929351112,24.186723530917558,106.97062800691194,13.773924386451673,18
37.5,244.19064506532717,28.394150374792172,109.6116773445222,16.064595635739767,18
37.57142857142857,259.4555431794194,30.310747881370986,107.7260550254361,16.743424063008543,18
37.64285714285714,259.84019900293595,36.54493846621239,106.67709112806558,18.316540870109794,18
37.71428571428572,233.80245227282487,31.69798736740097,96.6461906855871,17.528436879882545,18
37.785714285714285,174.58693450476602,30.653148696368806,78.59149136707656,19.728911572623026,18
37.85714285714285,155.20676846294245,35.595216785804304,72.51410849097991,19.01780843454272,18
37.92857142857142,184.69659625965681,21.90267842882783,86.46986905099045,14.565574817912326,18
38.0,181.69872889605384,21.281683385681735,81.81271195160146,15.45543805709108,18
38.07142857142857,189.01642316463477,17.98504052893369,84.31672264433479,15.468782162104782,18
38.14285714285714,202.30646905775725,31.737867731384313,88.02758802824657,17.13254737291854,18
38.21428571428572,217.58032489822145,32.39446728573663,83.1624798714255,13.11287922301815,18
38.285714285714285,197.57443864909555,31.14710202050314,79.30169612272795,13.9359663712741,18
38.35714285714285,194.1348678794088,26.58787622678456,82.22478868873078,12.967269909674178,18
38.42857142857142,184.90125511218113,39.384412717517094,72.23775266671811,15.488634409362975,18
38.5,180.36609129570448,33.3127870541697,68.20894335803268,12.352167481134412,18
38.57142857142857,158.73528030092228,30.732034763813477,63.149832616354864,11.451567031814402,18
38.64285714285714,204.33826987287802,32.76864703976549,87.57203861645674,15.050402927897053,18
38.71428571428572,217.29242358231832,35.470276687701435,92.52537705114446,14.95946968805124,18
38.785714285714285,223.61618026634486,42.87215934590147,95.91742762782798,18.234135823683758,18
38.85714285714285,219.59330505044122,41.617981554844974,92.0731948902282,17.918709178640125,18
38.92857142857142,192.84798690985815,40.39823083816556,88.01784006014843,18.14590277793107,18
39.0,200.35028202113267,28.754917296058693,85.09165063035644,14.24364890336671,18
39.07142857142857,205.38535677114922,28.1594315092262,84.95812698869477,13.538689742654602,18
39.14285714285714,228.23068383182033,26.910507910616356,90.02568133947752,12.250348174640413,18
39.21428571428572,221.20061589408198,26.017582456680177,89.26261412516338,13.377692360560356,18
39.285714285714285,201.9695383796776,36.85488480158566,79.53548897885008,16.43506067072439,18
39.35714285714285,193.6012958736619,50.73984152397034,79.95122342008253,21.454991024889214,18
39.42857142857142,196.23799400268587,46.12406664658355,80.41234360911636,19.473961748698947,18
39.5,156.7778759537122,41.40698148695928,58.19830064602331,12.578707009165148,18
39.57142857142857,147.1744778605444,40.81336431258347,51.09852917646104,14.149365063048863,18
39.64285714285714,154.28966364967462,35.30410230391152,55.24513853186066,12.305509237776082,18
39.71428571428572,162.54743570739012,42.44898650715109,65.41503905300343,17.379361675372678,18
39.785714285714285,187.13047154982476,40.20824888821144,74.59364478092421,15.650080225389102,18
39.85714285714285,210.6724239956813,36.23402260686106,81.56533459058325,13.252658296552955,18
39.92857142857142,216.95718868789405,39.272379194402234,82.91502263019761,14.11497213158306,18
40.0,168.01230361287486,38.89715323590163,61.3516795099902,12.696064325595556,18
40.07142857142857,182.21353866302974,32.138513660624156,70.8475567456065,9.871797596356288,18
40.14285714285714,181.82178555921305,36.898335711305755,72.17659459627558,11.75660112197963,18
40.21428571428572,186.2364450558598,43.241897196123105,79.25020726767673,17.287269669298812,18
40.285714285714285,204.19475904179825,43.46613399884586,82.06694262182779,17.156254725297565,18
40.35714285714285,202.97191925415027,41.64536334834517,81.03041900629522,16.428450881403567,18
40.42857142857142,181.6672801608865,31.88751794927488,72.49756345057627,11.062202816612308,18
40.5,182.58866372482473,25.948068203244688,69.03286429273265,9.31498422959127,18
40.57142857142857,191.31750195206482,30.916880582927906,68.12290050811251,10.54573918967045,18
40.64285714285714,186.51848909395227,32.66409099958585,68.55534165508841,10.976843826716504,18
40.71428571428572,186.6110249139263,38.48528283958391,74.11232446601792,13.903658487404552,18
40.785714285714285,177.59520522008896,31.368158873178942,69.41028361397863,10.79702400100448,18
40.85714285714285,195.92227864349294,31.293516510220176,81.27374686398258,13.824934010394625,18
40.92857142857142,189.0064434605921,31.217764996809596,98.37286471534607,30.576698233105127,18
41.0,166.57669155718037,34.35245018255936,59.32439751979634,11.980503952713885,18
41.07142857142857,176.9488373298264,36.80425105190363,81.94236576112874,23.413098024665405,18
41.14285714285714,188.49067967796904,37.47375027497882,87.31949174799078,22.33920984909196,18
41.21428571428572,218.03027902150063,25.054555482912367,83.48904069992818,13.682316567245284,18
41.285714285714285,226.3183816612416,25.129181059233087,94.94103979113831,10.517750626291239,18
41.35714285714285,213.98905323866532,27.353077441981686,93.49240403957188,14.65181342874632,18
41.42857142857142,162.55014996661092,24.62668312553361,71.12918756680435,15.514863532029416,18
41.5,170.73796023217486,27.196869943266808,57.12744748480592,8.222703577301587,18
41.57142857142857,188.15411597140746,25.011049652788138,69.45163790043037,9.302225852196534,18
41.64285714285714,210.73909834538753,34.65723660614347,72.13127832635418,8.538830944254055,18
41.71428571428572,237.01978831061152,45.86930791287707,83.28438507376214,15.14966226311942,18
41.785714285714285,292.24311814917064,47.39785164859241,104.88762078641484,16.880647558250427,18
41.85714285714285,278.3428603256408,37.987909186250505,105.06344229427506,14.375725628479664,18
41.92857142857142,279.2689855272389,32.191705555113494,105.40088967319393,12.578545960096708,18
42.0,251.13064054823352,34.88904445007446,96.14242667473421,12.692993287200256,18
42.07142857142857,241.9962052827984,41.69527050119906,83.04915986291111,11.591516753844104,18
42.14285714285714,220.96386982366496,35.44066469305803,79.90212149596192,14.134800854357007,18
42.21428571428572,199.77479635101344,24.399187383560083,69.18628507801802,6.976869718612638,18
42.285714285714285,226.00863955285757,36.13012241301899,89.66793333252512,13.946075706682647,18
42.35714285714285,253.1419067511697,53.040207609822154,97.86251792103793,18.58638624770309,18
42.42857142857142,261.5978544052061,52.2331532333437,96.19258507404177,18.833740980473426,18
42.5,249.91802627580174,43.61879138125726,108.77551723084457,26.958970292505608,18
42.57142857142857,221.25408228972495,33.05240452953651,101.52653419894506,22.380401048346613,18
42.64285714285714,240.988703945374,32.70521635618881,90.37144491970992,10.983873956091074,18
42.71428571428572,215.93449492254763,30.157192513192072,78.7622346366058,11.882370342388398,18
42.785714285714285,171.60855363732736,36.740664706102216,56.861800248764226,11.321972985667669,18
42.85714285714285,171.99403633671346,35.33764955672242,58.085553021692476,10.126889960129514,18
42.92857142857142,222.63822923751235,30.87228861906426,80.20163015699453,10.343647185514373,18
43.0,246.3835538126661,32.88933451470326,87.82648626347883,12.82414688507914,18
43.07142857142857,250.35005569301057,34.72880587343233,91.50426322958273,14.45567767039917,18
43.14285714285714,239.79530530500304,41.40796819387048,105.99770661995362,24.417368616883863,18
43.21428571428572,228.82558332641784,43.560122831060696,102.92196078099568,26.982764364823925,18
43.285714285714285,264.9785464833101,41.89921976135553,96.19317307287282,13.54414768635018,18
43.35714285714285,252.4305839786412,43.190341659216756,93.91257706070554,15.390534576033366,18
43.42857142857142,243.0243589583747,39.67381791835475,90.8340724233066,16.390722273050162,18
43.5,203.14572385893888,32.95568492340521,70.75948277516024,10.208346728971252,18
43.57142857142857,205.5012251245657,23.237967143794485,76.65771245663187,9.038390324450138,18
43.64285714285714,194.7204305172595,28.779979724569525,69.2769894986055,10.326516174141725,18
43.71428571428572,213.49136763043566,42.12101414077109,75.25199372094671,15.961751540181119,18
43.785714285714285,210.61117777551178,54.07639970811763,68.20094019725761,17.17901506869419,18
43.85714285714285,195.20015521942565,54.062677922692785,65.29345603677028,16.778915047363434,18
43.92857142857142,232.08411848231702,50.508533711486365,77.52006038024706,15.353195426369142,18
44.0,212.8604446588903,30.6413043772326,73.5875725261411,10.579240214464235,18
44.07142857142857,170.7139969431828,34.46448277500713,64.28098629754064,14.240597626384448,18
44.14285714285714,195.25890567458094,40.15425734258488,67.84613279457477,16.209245809907692,18
44.21428571428572,201.15991480345545,30.43261593341751,77.54036639720972,13.437224038810063,18
44.285714285714285,162.72391553855874,25.441749606852014,59.911531561650136,8.655931479262591,18
44.35714285714285,165.49533783478867,31.179184785984646,60.81135978963626,8.900309948732243,18
44.42857142857142,194.712924295613,46.938661217467605,72.7518263563473,14.806280348890095,18
44.5,205.8285683299393,38.95943425431504,78.72238572048157,13.406647104877178,18
44.57142857142857,213.37556919567527,32.91256256254593,79.46888240113876,10.174050806980192,18
44.64285714285714,170.27252940663894,24.49407425000566,62.24436041575319,8.185552500838783,18
44.71428571428572,190.68039693835698,27.760265400310647,71.98772277944757,9.623343744477419,18
44.785714285714285,192.83762022361677,27.975489041177788,73.675944917226,11.711839052449534,18
44.85714285714285,168.92558244146733,38.25495752418857,69.06765074927853,16.017625512508996,18
44.92857142857142,158.15784652690337,27.986515525192022,65.08549739462234,11.760608198351147,18
45.0,149.96708076489313,30.341851130816654,68.20830034598148,16.268645863770843,18
45.07142857142857,188.42608916265988,40.884591203245165,73.72291721366295,14.511473922770676,18
45.14285714285714,199.96277885621282,42.17661137111619,83.17251546659251,15.960715456487172,18
45.21428571428572,215.71676762466967,35.57582335763495,86.66390109014047,13.757031706062653,18
45.285714285714285,155.14465633098942,32.8335430904998,63.46821323162654,11.369363653446507,18
45.35714285714285,149.8533039435273,29.896458732674386,65.03183471532175,13.600790993751819,18
45.42857142857142,171.26657773529527,39.8828613198957,66.45456958836729,11.796506427174192,18
45.5,184.90860260894578,52.19186782194085,67.68783743947532,16.813444575572024,18
45.57142857142857,183.56198694385773,46.28125255888682,63.064040715629844,14.421543475874282,18
45.64285714285714,172.22352988910578,59.490382833778,65.29701797206526,18.868863136559998,18
45.71428571428571,193.46728261020957,63.531117264248834,75.13540999256587,21.8666662766699,18
45.785714285714285,228.22193270613857,58.014668536312946,87.54386448760478,20.75693522950119,18
45.85714285714285,217.5675305176651,40.98164118132682,89.35910274745616,17.658062309272264,18
45.92857142857142,190.1748203119037,44.68672165362405,74.27938534909283,18.01268437957479,18
46.0,159.71992658517442,41.87192706835791,58.66847408310464,13.914541631651597,18
46.07142857142857,159.74813260122463,45.072558746463756,70.8355612051304,19.792522476005406,18
46.14285714285714,173.35258713773217,41.841421757559424,76.87664566110223,17.44152431253663,18
46.21428571428571,178.4657088122638,37.04812120983144,77.67338268304502,15.00005877231506,18
46.285714285714285,209.50419262009544,33.72187792281731,93.06760223566114,13.064780094044755,18
46.35714285714285,182.93019877000597,40.970776214630185,78.31587370057386,18.49351352358991,18
46.42857142857142,131.08782383428317,27.517897798564352,61.71536911804534,15.15424130522891,18
46.5,176.55135394344367,28.68541262321216,75.42016672122823,12.096746024363943,18
46.57142857142857,178.85783167167332,29.393595154991655,75.97914626952887,14.264485332482682,18
46.64285714285714,162.1283575529291,31.34327333872124,69.28959335207172,15.809365720916476,18
46.71428571428571,193.3173855854373,34.386274103914694,84.86772099482471,18.877755582625504,18
46.785714285714285,227.94096288443984,32.18506066932295,105.32307413326457,21.933429990206445,18
46.85714285714285,251.58331806583158,32.53431682646707,111.58551993632454,21.227925401717897,18
46.92857142857142,453.7176772852015,190.86107543818568,134.95556968932553,29.81093783235841,18
47.0,400.9340782493249,192.95919911333016,111.81264947340034,26.008722437800404,18
47.07142857142857,339.70820553615806,177.332254067742,91.12609625810275,23.03957991151616,18
47.14285714285714,206.53285672319447,30.279213970455416,85.78064311506938,8.345921077237751,18
47.21428571428571,239.9873821356669,58.02712231637468,94.92357409573137,18.34247217068318,18
47.285714285714285,275.384544589599,47.79282437502739,116.86147102001954,19.642959554730957,18
47.35714285714285,259.2196346969078,53.18025486654843,114.51331783128852,35.04750559191972,18
47.42857142857142,238.08592753121505,53.24813727322302,108.14992259737166,30.1878057565175,18
47.5,240.54633185487975,64.38453305810086,105.22408689356057,26.496664879910284,18
47.57142857142857,244.71477435336536,68.02066893705664,86.83267517825071,22.29691314160527,18
47.64285714285714,166.60307451091657,38.05424370517704,64.80885884282178,11.862608955239176,18
47.71428571428571,208.78013653742602,39.22815308787998,84.68628973290055,14.911134727796284,18
47.785714285714285,228.6177211860839,37.01459566560223,103.38453169857283,19.274511788646805,18
47.85714285714285,260.48484959608214,48.6572766160397,121.38722791291174,31.046103749577984,18
47.92857142857142,272.3321985038559,59.741283189432195,122.08209064144442,37.93790915889584,18
48.0,257.0530532248664,50.48528886901374,95.94289473052257,12.38210831228398,18
48.07142857142857,249.36682716049887,45.41866438235092,97.7539250297157,12.078154781066836,18
48.14285714285714,245.59159056484967,51.51366810598338,96.94619552984058,18.105497942708535,18
48.21428571428571,207.04663996479735,55.31339035398275,86.57675676047008,20.874161497871732,18
48.285714285714285,195.3264763724118,37.21340575607004,80.87993115721792,14.89623500248803,18
48.35714285714285,186.7692280601431,42.36196219100985,74.84883304964598,16.335542219878143,18
48.42857142857142,253.82284567302403,48.354796022988104,98.01000704585753,16.302145275837184,18
48.5,216.2692201911502,40.73731096413698,81.57697854427707,14.810259901092191,18
48.57142857142857,224.14452877010172,43.552311446971096,86.13013392403234,15.707735131173608,18
48.64285714285714,219.2198463139086,40.13212355586896,84.65375272868638,14.267500858748063,18
48.71428571428571,229.18297088469384,35.13412648118355,88.12240134966859,13.133983111813338,18
48.785714285714285,209.8639501188344,43.81980269298134,75.74763433594224,13.766195670762414,18
48.85714285714285,198.18082234091662,34.527048552202196,84.6973287105106,12.651516130586298,18
48.92857142857142,175.2943368419112,27.174071156049024,90.02140929035768,22.522115985278067,18
49.0,175.69888995323143,24.848823582305226,83.17148816823668,15.94017556028415,18
49.07142857142857,186.57594720536966,30.809781489150264,77.74283206864165,13.128853157777556,18
49.14285714285714,211.06712273365915,35.621601176798364,86.16743916819536,14.57910210598005,18
49.21428571428571,196.2139953186095,34.49180135287572,86.84401331244294,17.038241246263418,18
49.285714285714285,216.06594962843005,39.72170347802499,94.04137514976584,20.3169873057174,18
49.35714285714285,209.0177837196364,36.53557216022084,102.49596192259769,22.096542722350762,18
49.42857142857142,202.57179095777917,34.00127104083195,82.34142533672667,13.733265498403902,18
49.5,226.55850313654088,38.03588526063138,101.77398140939363,19.698979142235416,18
49.57142857142857,200.41731863233304,35.290054491427796,86.5304346366928,16.54771396173421,18
49.64285714285714,222.91754097656815,43.59141969414001,94.93632190718502,25.958331485704033,18
49.71428571428571,235.75697146431602,42.91328755479275,110.9828513783882,27.430641734726386,18
49.785714285714285,252.93295643818874,53.289287462667794,103.69964577313448,29.99649562320218,18
49.85714285714285,202.20649324288627,37.65344357890109,84.36571826369382,19.476896522725287,18
49.92857142857142,186.0873856200277,31.199064278182583,84.82869663537862,20.77853829494201,18
50.0,179.66678347710325,32.123108451496854,86.21427161117343,19.719430526088455,18
50.07142857142857,189.75155851244315,29.944362595091658,82.27587983500534,17.790439167463948,18
50.14285714285714,247.52533019539288,42.69918372729734,103.94562065165042,24.644744393426368,18
50.21428571428571,255.01613614808784,45.03194900153643,108.53081505180097,25.23496793225881,18
50.285714285714285,239.3476394144433,48.423921324696906,104.81374769172355,25.400211577867445,18
50.35714285714285,233.80145707150615,50.41845789057964,105.3689331680773,27.048173663920732,18
50.42857142857142,199.1067177776718,35.995066244386216,87.28194352954662,21.068497493392268,18
50.5,176.24443573484498,40.147235345026935,79.2813684178679,21.358476795197316,18
50.57142857142857,184.0278621235214,44.617331123096434,83.89051940660922,26.09201006021822,18
50.64285714285714,197.46039446514555,44.1677254805607,84.78837191007749,25.037160293185092,18
50.71428571428571,178.18629732175324,38.08427063465982,78.78185379505906,22.017282840110337,18
50.785714285714285,175.9601014914406,30.01598661950067,78.15005785831981,18.591312742037836,18
50.85714285714285,168.18326374807813,34.17243493791112,79.92178945154548,21.926658279177207,18
50.92857142857142,207.50170869765938,39.710649245438475,88.56486950651633,24.730078430800813,18
51.0,230.14462048192686,48.280257489592266,107.32167582240199,30.90439556590575,18
51.07142857142857,254.50324059889076,55.97934951803799,117.79403349058258,29.485477412927537,18
51.14285714285714,265.6003346668101,58.55666523215279,117.89619872939681,24.616989698247444,18
51.21428571428571,233.83026284613808,61.200954466467934,103.5020120838034,23.764357519585793,18
51.285714285714285,225.1984310871771,54.92865586764193,99.33286418131024,22.286957630167336,18
51.35714285714285,220.35151729869173,38.0857939801672,92.72871154970895,17.86127032309212,18
51.42857142857142,207.56942836067546,29.47519480547795,94.69021988597257,15.229162488481256,18
51.5,196.4909178660326,34.98201127219155,91.83506965521902,16.85732185848475,18
51.57142857142857,186.35464148810038,35.76420072543722,85.64273254398844,19.463945679283324,18
51.64285714285714,211.03355161784586,39.90590544626077,89.11347525431279,21.268455691870045,18
51.71428571428571,217.463335442587,35.25534672301252,90.57116684164579,19.623607324457943,18
51.785714285714285,222.92625431553833,31.13191012919438,95.02767840884847,17.160496109598686,18
51.85714285714285,216.53924527000387,30.05866408559978,90.6071885546367,14.727438680042518,18
51.92857142857142,221.9441210702599,31.52847265729475,91.40516980294576,13.331668124907507,18
52.0,212.00549992740886,30.499989156032008,87.84171722469624,13.96978299735621,18
52.07142857142857,218.8059002866684,35.893383923507464,91.56675119089918,17.20311319441262,18
52.14285714285714,216.63819812226447,41.29715610990592,95.60573898545383,24.077401267650686,18
52.21428571428571,245.95740539601334,47.59182415934807,108.48499698382527,27.03083668763566,18
52.285714285714285,262.39851616651606,50.51622868590105,122.74986732322974,30.996733391180523,18
52.35714285714285,244.33012035102738,34.877695652946656,97.02838332123206,12.39712656181223,18
52.42857142857142,286.77889930748177,41.43269288866153,131.66058287556552,22.66730769185055,18
52.5,291.315867866796,40.280827773995874,129.66623281633474,20.504160505269624,18
52.57142857142857,258.24038113474995,48.662811013124184,113.89502652926464,23.50907881386535,18
52.64285714285714,221.4819695076284,37.271454841475666,99.07753482583908,24.043130190910613,18
52.71428571428571,227.91899390145448,42.61180196954627,98.18710784050796,31.55443462190028,18
52.785714285714285,203.62031829473108,41.79779850407221,87.28793193369641,25.89262041185374,18
52.85714285714285,209.06346280385532,41.37992524547588,87.10636660279592,21.995552086112465,18
52.92857142857142,196.64871770221438,31.841728468812583,81.1808431987457,14.41088000503214,18
53.0,220.00601227842216,36.02435242308209,86.73970863682543,16.094874716701746,18
53.07142857142857,245.30097016506215,44.149581019734754,101.57562363305261,20.01951150875895,18
53.14285714285714,252.0701549581416,43.53864308734972,102.8955782203275,20.28187704924205,18
53.21428571428571,249.10439391196093,38.294867936061124,101.34852984041834,20.45353944480967,18
53.285714285714285,216.81366342086423,42.27704464232792,90.70873303754593,23.486065045730715,18
53.35714285714285,205.75042339936346,39.22260547350784,83.77314847962086,18.41268931136234,18
53.42857142857142,205.34649615753662,40.60455761221908,81.23536463095122,14.599895788907297,18
53.5,205.78743364319018,36.03662002164846,83.63694284009779,13.876569467065263,18
53.57142857142857,219.53270448575933,29.92785191277681,91.56364695476871,12.999975686160582,18
53.64285714285714,224.68036069591952,33.92719783511669,89.4706614257582,15.957369149228104,18
53.71428571428571,242.8662248522203,38.83889071761422,106.62851799770046,21.714903685198177,18
53.785714285714285,229.590554904388,42.673130482936216,103.64420685965474,21.814808698755062,18
53.85714285714285,219.41055065569336,33.82182062619323,94.04722055317093,13.95458404019773,18
53.92857142857142,193.79636738854015,24.226228899600017,85.45284526429388,8.705149967663289,18
54.0,232.52936741716388,34.36855993098413,96.47248374669032,10.928695019969778,18
54.07142857142857,227.12598494220757,33.86862828287896,96.75713375137884,13.207288735096661,18
54.14285714285714,193.41793834061988,28.68947150416843,84.07465232732633,15.270937621104812,18
54.21428571428571,209.3765430018184,34.408966458141514,104.50301063433926,23.990150501826843,18
54.285714285714285,217.04224893567297,35.66900915498303,102.83218060476997,20.623792041465922,18
54.35714285714285,272.8415200791208,48.55052006649191,120.7354695864527,19.22216096034891,18
54.42857142857142,271.8492327215889,48.920872374268036,116.29200134585672,15.997267351998854,18
54.5,245.65737333152842,51.61629287770762,102.73990389744452,17.403984787789955,18
54.57142857142857,221.82118464359797,33.64134275603636,88.65029435580598,11.910226733572124,18
54.64285714285714,254.45812934673384,28.457453300802193,106.49753256208214,14.05260679984353,18
54.71428571428571,226.4936885068164,36.51271674201632,101.89503559655081,17.71735377242296,18
54.785714285714285,184.40628694589432,33.11069273488009,84.02350038964639,18.362105708088283,18
54.85714285714285,180.32456886114835,39.25661733140729,85.30718964531243,19.60041077282113,18
54.92857142857142,222.39835235910402,47.932384617615696,101.8925014590626,18.957220239086833,18
55.0,245.16114787934347,59.48563960654125,110.76612203413933,22.732613072102644,18
55.07142857142857,277.4513917811962,40.04117067654439,128.20266883007184,17.030816945981112,18
55.14285714285714,243.6922555553969,35.483024947013774,110.82787567787997,19.469729069476063,18
55.21428571428571,244.69032821529942,35.19919609860681,113.55207121428698,22.923953269417236,18
55.285714285714285,220.04243688129577,39.84298788660914,102.09758861612818,24.241722559283897,18
55.35714285714285,231.88858627027994,37.93787721340201,106.71399233120837,20.31585787157721,18
55.42857142857142,227.7305704611314,35.3926024458626,119.89505840006278,31.020815421354186,18
55.5,235.62641384057721,33.55595485828454,119.69566101008446,30.114528545248447,18
55.57142857142857,209.57738748576892,32.72185487922119,88.31703371835529,11.65127603208651,18
55.64285714285714,226.65932150875219,38.51785025197908,96.6897013485026,15.117995135503461,18
55.71428571428571,228.16133280437862,42.15248985922417,96.50720483897534,16.77372637989079,18
55.785714285714285,201.49822666367308,41.75443282961692,88.62998792895125,21.64886074206006,18
55.85714285714285,184.34450493073638,34.950353375633206,84.45379056298765,19.702330646770303,18
55.92857142857142,187.2669714680546,25.906415862129016,76.28661244800897,10.218058126100242,18
56.0,190.8801245840804,29.688344200590056,76.32315431204657,9.878855425023422,18
56.07142857142857,173.7328285601867,32.5506330128555,68.12147770383957,10.428092635373533,18
56.14285714285714,174.88900379183485,30.683297088758355,70.89536366718478,11.052521834021444,18
56.21428571428571,166.6961755552781,39.838698806392046,71.11596096557945,18.375848015446987,18
56.285714285714285,193.21708633524895,49.884340450356554,83.531485286079,23.69436789383661,18
56.35714285714285,214.43500185864696,46.22622439481823,92.39582600701956,23.054917517308354,18
56.42857142857142,193.63216761700468,40.37631402907281,86.76981639056568,16.740412699043453,18
56.5,173.31331185314664,17.097059209575868,80.27976619979468,8.396472960585328,18
56.57142857142857,188.16461503562186,24.66574934200987,78.84598835436378,8.192515609029659,18
56.64285714285714,198.8329757042401,37.99556806100286,88.01921591681585,13.318563513229956,18
56.71428571428571,217.30590909877446,42.50762979853503,93.77088956046018,13.307544246790727,18
56.785714285714285,217.32591213063856,34.144748424938854,96.18239336278698,11.361674003275272,18
56.85714285714285,203.20254348621935,35.71558606714812,92.31788424236602,19.398378593970016,18
56.92857142857142,196.87800660079245,28.800291766719948,86.306418447735,11.637570470710948,18
57.0,206.4131859827506,31.320120758421467,92.82199702421337,10.950539717730376,18
57.07142857142857,196.7941991874283,28.708860077541136,84.98281417322241,9.270367812955799,18
57.14285714285714,214.48288582811782,31.68491529134829,91.67027581813822,11.386947711168226,18
57.21428571428571,227.03389919295475,43.1818458908679,97.36004811559684,14.097573865110544,18
57.285714285714285,264.09615449494174,45.137901925005764,106.5388043269136,14.606428014782779,18
57.35714285714285,222.0072280203534,43.430646334225074,94.52815981073543,16.60473060075381,18
57.42857142857142,211.75244637724367,41.12170245357467,90.7612102947335,15.807714499484014,18
57.5,213.29559957053334,31.607526184174553,89.07327424589127,14.022190480212084,18
57.57142857142857,212.764871768049,39.85545514335977,90.94546014724949,16.232449625099317,18
57.64285714285714,206.11454620316186,40.326417223600004,88.05451276397213,15.00175853475399,18
57.71428571428571,186.98865136540763,31.11762935372367,83.54193341523616,12.30291904152212,18
57.785714285714285,186.35379585240184,36.244520964255905,78.40347656389392,13.861884549893961,18
57.85714285714285,166.6291007755887,32.252984242205414,71.54064989487992,11.618575786578967,18
57.92857142857142,174.94659353504602,36.39002365699742,72.04187689477553,12.578655599145147,18
58.0,175.81492707962008,34.976285269836794,80.44444340429612,15.796400846843264,18
58.07142857142857,158.14256082257722,18.799396274462758,73.75702739337375,12.02442415156663,18
58.14285714285714,180.09172185449827,28.91428848945606,83.79814719782051,14.581278217574871,18
58.21428571428571,187.41520128306556,30.722711496610927,84.47265340297227,13.882895452874342,18
58.285714285714285,195.04984393991134,39.347579655702866,92.4472712749888,17.545286358895105,18
58.35714285714285,193.32207399276356,24.99546106002356,93.97026021781454,15.065079098128468,18
58.42857142857142,184.1154418368248,22.921219669741365,86.7649706972445,10.718465762039473,18
58.5,187.56598664125144,28.108865994877146,81.40191451405398,9.273602707726404,18
58.57142857142857,187.71375663006563,36.044287679597055,78.2828609429788,11.51873889050396,18
58.64285714285714,215.27465626433195,30.564053911715234,90.14692509999867,10.573509873434912,18
58.71428571428571,189.99744140924807,32.31901344176638,83.34461560027188,11.128819586948064,18
58.785714285714285,183.40674861170194,29.018728772714994,86.80312937198181,13.082300933858683,18
58.85714285714285,173.82752596110873,31.274974933794297,85.75715741724619,11.621727989707697,18
58.92857142857142,213.44242047867158,46.78823593362306,85.84920907831906,13.959846983596886,18
59.0,225.750423816674,49.253628073924176,90.71970594192172,16.027959282033386,18
59.07142857142857,204.12268276691447,33.20183234212382,84.1165050470087,13.545621504721753,18
59.14285714285714,203.54227669953596,48.72203407876941,99.68772102397445,27.40638893435487,18
59.21428571428571,166.0460397607006,36.22320728479584,81.29710049230152,19.887576168995988,18
59.285714285714285,139.64909630005792,14.712901787322938,68.63605076003361,16.813791645489918,18
59.35714285714285,108.4656899040301,18.043829324614805,52.525259192815405,11.326346887670171,18
59.42857142857142,108.84043597341083,20.147114233738705,48.749730829250964,10.112095490114944,18
59.5,133.4047901410255,24.95074629499693,54.99441039403219,10.904410058127125,18
59.57142857142857,159.9190061462628,32.219875255015424,72.80336537942839,14.580909427894955,18
59.64285714285714,172.39981233874707,33.317552621420916,80.94225376976027,17.770274106767573,18
59.71428571428571,147.43967875085286,39.58145130746902,79.03320179961828,25.59089311201915,18
59.785714285714285,160.39878996501528,30.881757350746163,78.29917435480806,20.26242138646195,18
59.85714285714285,189.74956276011574,30.073378298697655,88.9154264882077,14.969210342678396,18
59.92857142857142,186.9531035197947,23.599105307368127,89.92947933732422,15.80114627416294,18
60.0,157.81012210753576,25.740757798664944,81.88659516738826,18.129257220654818,18
60.07142857142857,205.93067742017138,49.463799013817265,92.51288674552225,21.95391710857129,18
60.14285714285714,213.79759318312418,35.26395674736194,108.19031309431776,24.45524062243371,18
60.21428571428571,275.1552754664363,46.46353411531274,119.07402066278618,18.81771647561477,18
60.285714285714285,218.07055943285036,29.25150941582515,100.74309321387977,14.65235800692918,18
60.35714285714285,232.84612548210893,29.187845525787623,103.65186619200138,12.841008451532073,18
60.42857142857142,210.50959443809754,22.01093071622187,88.0512156221757,11.589392343886406,18
60.5,219.7470955942625,27.846271207547836,92.41582266777013,8.624075339657736,18
60.57142857142857,247.0476415421709,25.046713179619857,112.07612815093916,11.990470138881244,18
60.64285714285714,240.1648907161989,24.06891155326464,107.94386484434419,12.620550278684252,18
60.71428571428571,223.59217607863778,21.111021312136437,94.78224052178334,15.187648779394193,18
60.785714285714285,228.8607834990412,18.510229780221216,95.57354567482618,13.548031448690214,18
60.85714285714285,217.92219804736843,20.71081382961113,104.15694162670076,15.538054176582545,18
60.92857142857142,200.9278292203406,21.47423840677021,95.11368827370501,11.700103107738,18
61.0,198.57322006462275,24.21684661827734,100.60485786359202,20.169366170823775,18
61.07142857142857,223.5785813924777,35.87394344222833,107.92283716307601,24.6227078552363,18
61.14285714285714,247.45420392735323,35.94558541537612,106.83259863223358,23.653500191785163,18
61.21428571428571,240.3517151885477,52.9351639002655,105.32039088066269,31.9291523014339,18
61.285714285714285,181.4653511124154,32.99962589889645,90.91809245103762,23.17305578065552,18
61.35714285714285,158.65230457438605,31.587541455101697,85.870597703984,24.075438374124904,18
61.42857142857142,164.62039043908547,32.09554229620768,91.29276101710454,23.144848152492074,18
61.5,199.67431459782216,28.612717378592443,99.78441876507229,18.115063341690536,18
61.57142857142857,216.39218409526276,27.558926703693217,103.23881390647225,16.30656330109907,18
61.64285714285714,192.74024518364928,27.795963357255815,94.03314200669942,18.04033389190548,18
61.71428571428571,174.2913574134221,31.264110779066268,82.05704338023382,19.20255321965177,18
61.785714285714285,202.7452779815831,28.931226927199113,71.96185096622146,7.938344251485521,18
61.85714285714285,230.36884502961942,33.71956092041144,90.53309936426727,15.888852729377183,18
61.92857142857142,217.90510164001373,39.47220685523625,91.2626900669883,17.51115764541957,18
62.0,209.21724739335258,37.08785863460219,95.7849230283367,15.311266801880278,18
62.07142857142857,200.4001568774047,40.790583787010796,89.92208767219552,13.435579687653185,18
62.14285714285714,210.98582677377712,33.91112476606286,92.6543905227336,12.321233532001635,18
62.21428571428571,214.74223407350007,24.699155821546018,100.88751130493351,14.11278048647248,18
62.285714285714285,216.26778965915923,26.706731920324362,100.88451955703854,15.622515749075127,18
62.35714285714285,250.66930023565354,30.789759349053124,107.5889315436247,17.18189714906846,18
62.42857142857142,190.98157662853794,26.844111174666512,80.16326801329197,14.323353061689295,18
62.5,202.3296395687174,28.368176669209063,85.39707093273243,13.336481499046306,18
62.57142857142857,183.2951294255559,25.138270232926317,76.60541315425804,9.856248096128596,18
62.64285714285714,153.1091653002478,18.791653446943137,66.65560376337822,8.610102575012082,18
62.71428571428571,169.7389174229044,21.143778677162373,76.59158250801228,12.107611695459559,18
62.785714285714285,214.20401013076116,32.39910445031077,97.44228538896915,17.765268123820743,18
62.85714285714285,241.65278298517333,34.995803581872515,104.13110355207318,17.0211963549555,18
62.92857142857142,253.63929347624716,36.39410134389053,104.25621420847695,17.69652318716596,18
63.0,242.09537714977705,40.09056840793179,105.16661708010317,19.180134579378283,18
63.07142857142857,206.58883816622227,35.41773644537187,95.14574945944909,19.086079530541074,18
63.14285714285714,212.86831771851783,34.49979671680736,98.25527859167254,17.76606244339779,18
63.21428571428571,255.2653977402652,34.249593436503794,101.98811237130309,16.378041533126428,18
63.285714285714285,259.30634624909237,38.50506509076007,103.98046296484517,20.16211310581653,18
63.35714285714285,253.1815809750274,26.011875673612387,105.89365317790838,17.656159619697775,18
63.42857142857142,256.8775639548646,29.33646913326679,111.48526576142346,20.600743348767846,18
63.5,254.57570761636705,31.261923464489918,109.80041785758272,19.5572280223875,18
63.57142857142857,247.2850656099223,28.833893576275372,101.62761014311104,15.453557853198271,18
63.64285714285714,258.95409776013116,29.29207957165106,103.99268222879535,14.824772590095314,18
63.71428571428571,283.0153301290516,33.913592017943614,108.67885187651228,17.005661438170044,18
63.785714285714285,277.0338081350491,32.57351756824981,103.40290553620144,16.100384917167638,18
63.85714285714285,264.4889299203894,25.359417546752198,103.29018642436549,14.384392905629184,18
63.92857142857142,245.41520633551917,27.3746225558633,96.19726684846079,14.207316860438292,18
64.0,230.05515938406117,31.606746270188356,91.77727261811778,15.20209650697087,18
64.07142857142857,167.2401289781403,25.608967419836496,78.88198357357165,16.48895642758455,18
64.14285714285714,185.2510283705891,27.34915007648263,79.27940384075404,17.454141616230007,18
64.21428571428571,188.6774753413806,32.21955805908749,83.21839238604531,20.15308788535808,18
64.28571428571428,216.91569785153635,37.4813012955352,84.80350100021359,19.194522839600694,18
64.35714285714285,209.24591041766962,33.58884625926229,81.57421652930041,16.103988480644485,18
64.42857142857143,230.67478314304483,31.06991965687961,92.39286722740688,13.828012938526115,18
64.5,213.25681528938304,27.565460658847282,92.34116474622786,15.57920640330509,18
64.57142857142857,231.26285149339148,32.228703221665086,100.20634614663417,15.247403929663943,18
64.64285714285714,257.6144863207798,45.53536255954773,105.81940855314218,21.459095801224958,18
64.71428571428571,251.31671429678252,42.40528785104561,99.79917741786043,19.960253074187207,18
64.78571428571428,223.4755808439747,34.977119388777,92.45617269362053,17.726176913370693,18
64.85714285714285,186.70156004416458,22.868731172519034,77.58515071910905,12.980802113647945,18
64.92857142857143,199.4223071089959,29.105945238095636,78.61772031901954,12.11778474642375,18
65.0,186.27080617380906,44.213682299934455,75.59954638143527,15.089859163181327,18
65.07142857142857,194.66463066693134,42.633642610099315,73.58299076999606,14.949913216620098,18
65.14285714285714,190.95867572856022,35.36374260485374,81.23601152626212,14.94293895800272,18
65.21428571428571,163.9064669899948,37.63453340718923,67.28257628056726,17.44706012715183,18
65.28571428571428,202.45446628055933,38.34288333115898,84.98182045357727,15.87040980838879,18
65.35714285714285,212.56363163492045,29.70534254790913,87.50140058809531,13.00356353538664,18
65.42857142857143,232.8897125763522,31.17981532163467,96.48243338580788,14.035153608037596,18
65.5,225.9756130604434,28.656562141977656,94.73759282729397,12.246046103295344,18
65.57142857142857,211.19205372392705,27.735958983221714,93.20787987067396,14.602000302384948,18
65.64285714285714,182.37328561028735,34.384618626594275,82.10283876979679,15.769470591439246,18
65.71428571428571,171.49618265285352,31.847089090459644,76.38634710919067,16.220230717734555,18
65.78571428571428,155.794466531231,26.088269120884885,68.64154137163278,17.020142493202076,18
65.85714285714285,176.7943912785083,31.22465711630645,78.71305600766104,17.627169472903596,18
65.92857142857143,198.45174558545273,40.07096063069229,89.965198438685,23.770284787911308,18
66.0,184.15654436913417,32.50784912527457,79.9904934096576,19.14026483196661,18
66.07142857142857,148.9071204509969,31.814994325689664,61.355027210559804,14.078440095678257,18
66.14285714285714,136.18123794697829,34.66666433128612,55.77444393474875,13.705010721546355,18
66.21428571428571,157.1575215724186,33.110158152642,66.84124816143273,15.167448329090815,18
66.28571428571428,160.53562099693957,24.953258030464124,67.15631958574171,10.744366046872527,18
66.35714285714285,149.60991614873592,19.313616548108776,62.5967474185198,8.137801082600841,18
66.42857142857143,166.91847387902084,20.389067974380627,68.96226293349226,10.557158866083487,18
66.5,182.63941747647434,27.344439676197172,79.41162179549302,15.146840250400269,18
66.57142857142857,184.959552566613,32.39756712217827,80.48384288983301,16.73034208941236,18
66.64285714285714,173.26463031062926,30.523881261818165,81.37426949527138,16.141882473282298,18
66.71428571428571,170.56188530305764,23.89231848474553,73.32205707207673,14.46064039658751,18
66.78571428571428,188.89204477178146,23.107762244943974,82.00149606498096,14.647808764588232,18
66.85714285714285,199.0403893511309,28.75677540584443,88.44012698948153,18.08220069928389,18
66.92857142857143,201.45482195258882,32.78260758164842,91.96246861303561,19.628007712998546,18
67.0,175.86191009431826,35.032570015224515,77.26474113040656,21.535382483175606,18
67.07142857142857,167.9411694610919,25.457642073016437,74.92462142497426,15.202576206300112,18
67.14285714285714,168.45868266565154,31.26603808055454,81.82642919198442,22.214504122274548,18
67.21428571428571,184.9948457425146,40.00509462669151,82.15959784834251,24.956831472577097,18
67.28571428571428,231.84697393602522,46.99775741956264,98.22811465793143,24.834222933883513,18
67.35714285714285,232.56869581334735,34.116937040465416,101.6147187788777,18.43984532185615,18
67.42857142857143,208.06390724891986,31.024930524705688,100.44216102365696,20.871579569003345,18
67.5,181.3020672569125,29.42162351112431,85.3164373513629,17.009000283306,18
67.57142857142857,193.74335727504507,33.027436711056005,81.59959585670751,13.253679250779006,18
67.64285714285714,209.4579677051932,44.72615773121264,80.19234857838653,15.76306373272201,18
67.71428571428571,212.4881579127425,47.427481905010424,74.04948116583417,14.804816269550994,18
67.78571428571428,221.60026484794926,48.87419745698499,78.58385337951508,15.467801034586364,18
67.85714285714285,167.6589088647546,25.466447040836798,67.9336964596371,11.077026845587744,18
67.92857142857143,115.13878400206555,31.91487767900531,43.63092582797245,10.584691070394612,18
68.0,152.3080817169551,37.320469646090395,54.30602292452399,12.06716046211272,18
68.07142857142857,154.7123103058169,23.54408330284245,60.17267301175327,7.357192965931933,18
68.14285714285714,178.52737311761513,19.550800642269305,72.19853123632264,7.29633614889004,18
68.21428571428571,179.94739733644641,24.377528212174344,75.86289449967967,10.149718589229252,18
68.28571428571428,178.28934452240705,27.664446073234544,72.70813159414995,9.863262099323183,18
68.35714285714285,199.46007672162156,39.75257411200442,76.9958548544582,12.721851085297432,18
68.42857142857143,207.95544968527796,34.68917722815208,84.01542904768813,12.011396630264825,18
68.5,191.14256374365678,28.237354547886447,79.93193433420315,11.277281595729207,18
68.57142857142857,183.03378863223352,21.407443273986846,74.83341958702765,8.694747197978412,18
68.64285714285714,165.04301628504678,19.08740384051165,68.05686068524518,8.681549079810798,18
68.71428571428571,163.5458236145412,23.04863269860373,67.46409976661312,9.560178241959832,18
68.78571428571428,183.5483189915248,27.14060512788984,78.68798172006605,9.252620212321936,18
68.85714285714285,148.3783625049713,17.60021471679741,65.98527270449244,9.895946480996736,18
68.92857142857143,150.91438222863616,20.70434897527446,62.981270250796676,9.728618899459148,18
69.0,146.15796037261086,23.09994216343879,59.15303399694887,9.236445319916449,18
69.07142857142857,152.90343663126515,16.75147569587801,63.39150355551894,7.384561746793224,18
69.14285714285714,159.11095119929033,19.102050734317242,63.4610083217718,7.010565451307996,18
69.21428571428571,155.08235858277257,21.72808897372951,60.868451483991706,8.8107759031448,18
69.28571428571428,153.33143646613877,19.976338323962004,62.773314213649805,8.267399971662131,18
69.35714285714285,176.6011427443988,30.828098700180686,69.16908379384104,9.494947141154942,18
69.42857142857143,167.18425756115604,31.684866383509885,62.74223150878712,10.183869889175096,18
69.5,168.3607451610786,25.52945871250307,61.97139631883495,8.020210178468652,18
69.57142857142857,160.0785225454964,28.650929725202882,63.52188263226975,8.745164832393279,18
69.64285714285714,153.4707272164874,35.39344159841437,59.39140279233104,11.41204866828961,18
69.71428571428571,161.862291274817,27.921162755579,64.31732734158662,9.16935767497264,18
69.78571428571428,189.43211518122772,29.607817021380615,78.0752416967761,10.567433127683545,18
69.85714285714285,211.7255606298838,33.57101338121963,84.16969737647472,12.88601042610801,18
69.92857142857143,233.8755631398933,34.93919173702959,94.34627902558908,13.759221330182845,18
70.0,229.00729334707464,28.632982793946727,92.52750133664449,12.948094388835914,18
70.07142857142857,224.73472048085821,28.346030425505948,89.98824917027163,13.172774964154847,18
70.14285714285714,233.02200770702936,30.98050740917767,95.51208994556663,13.421163053371759,18
70.21428571428571,237.393802917483,30.60686412647455,96.54240681776102,12.203104608291977,18
70.28571428571428,225.59385314742545,35.5594527780865,94.78122494705286,12.63938282236681,18
70.35714285714285,240.62724160943088,40.178783941047136,99.91366247101298,10.898315966261864,18
70.42857142857143,196.18000320308036,29.775178710970735,77.97096498381653,9.185935009882217,18
70.5,160.6032031620585,26.593841109105433,62.51117494882589,8.28346852156225,18
70.57142857142857,157.3163186124807,26.565185784254368,63.800076439617136,8.52238020081127,18
70.64285714285714,177.7267022208422,31.248723840274042,66.8674260656567,10.886000790698443,18
70.71428571428571,162.54990977677843,32.1048219717089,66.56375516463346,11.59710506230729,18
70.78571428571428,160.25058074249975,30.264337898636533,66.75301477231815,11.92558929916698,18
70.85714285714285,154.78659136533318,28.784298384416864,63.1743547908985,9.50654672884263,18
70.92857142857143,142.10166263472524,18.873865989551504,59.68144442036368,8.165883095942208,18
71.0,166.74249695153028,25.66560037433165,69.58407337048966,9.135310675581648,18
71.07142857142857,174.47472204791558,22.563101943554297,68.69446211306762,8.123704978582087,18
71.14285714285714,153.58822403732913,29.181652245546154,56.79019159983852,9.597635341779057,18
71.21428571428571,165.7364562430882,38.83141569604662,61.44720541422476,13.193062905276863,18
71.28571428571428,165.55490282093325,35.56116000608954,62.32189483008741,12.182820571440173,18
71.35714285714285,184.40403418017064,31.818570511828707,71.76436668894577,11.242351830470716,18
71.42857142857143,176.6215889105929,30.83904299454868,73.52925111059461,12.84837891654124,18
71.5,162.08635784124763,28.505602922328485,66.22251598802059,10.492816122998354,18
71.57142857142857,135.7780339057304,29.249813725147163,55.242483998265364,10.91478545050841,18
71.64285714285714,148.78142193816117,27.244019436635387,61.0550462830849,9.14298534135015,18
71.71428571428571,149.88538868653166,28.270655029878345,60.376069162995755,8.927664151636012,18
71.78571428571428,163.36617055711227,27.665694916622407,63.65369961401142,11.923683878480153,18
71.85714285714285,151.18291808956818,29.491354304337126,64.49358961985999,15.10457317843942,18
71.92857142857143,165.7941465859001,28.057368941159314,69.82967907917784,14.41888812369484,18
72.0,175.5794034051363,28.080938814893916,77.411376612507,14.685652349334315,18
72.07142857142857,192.82407967990648,26.130027232723844,79.22732328432527,11.905330266077959,18
72.14285714285714,194.0388654971174,25.817943374774817,80.89816566256607,9.026797626941633,18
72.21428571428571,172.68575927900682,22.81605407529695,72.1848148962795,9.38811692125399,18
72.28571428571428,167.5946333083897,20.09195777177403,73.30821307449834,10.904303796799557,18
72.35714285714285,202.8534292866376,27.455691034279894,90.71348743153719,17.020684423829227,18
72.42857142857143,224.20952945976737,27.9213017639156,96.06509243660766,18.483264318598557,18
72.5,208.5916697343196,32.24865902348298,79.65176885286479,11.155641908885116,18
72.57142857142857,182.8245575151298,29.604167686028184,70.4400505725474,10.496471545261207,18
72.64285714285714,207.82507354680845,23.49815359206857,88.79659742058469,11.452702712173007,18
72.71428571428571,204.2887259641752,27.148845315651197,84.5116063970688,10.688006084545973,18
72.78571428571428,218.5575267068986,31.939829863523414,90.16049771180263,12.559360896515049,18
72.85714285714285,223.00900748307873,33.177881038472265,94.34514082841724,13.834433021374988,18
72.92857142857143,173.3500195221953,28.39929814186577,70.31639213559039,12.329553700112415,18
73.0,170.5454526365187,32.17945875664297,76.59417456674625,17.50504990701325,18
73.07142857142857,164.37171855534373,37.764573727107496,72.29412988252409,17.530622342880744,18
73.14285714285714,121.42426092325432,33.31200695148015,51.88280437326925,12.153282080290454,18
73.21428571428571,146.2969281456119,35.72999361264569,58.80457271815703,12.009569806841803,18
73.28571428571428,160.64540938250903,26.27373217042732,61.104900283602916,8.832592238860682,18
73.35714285714285,178.49326126541317,24.77394547426243,67.74051521402403,6.71889606662448,18
73.42857142857143,177.7935857743746,25.436028427874614,69.5091435506831,7.594958567370871,18
73.5,197.79053856681503,22.171551769807802,84.48220590739697,11.564311416163727,18
73.57142857142857,181.2527618951506,25.852164502233368,74.23120390490743,12.072670872528587,18
73.64285714285714,186.8389876543387,23.34439560677123,80.52266442485862,10.558072409598722,18
73.71428571428571,174.6007189793599,21.20618921435437,78.3064963596494,11.015692395647061,18
73.78571428571428,184.13309707509984,19.254159077420045,81.95158163657239,8.253280390117327,18
73.85714285714285,169.4872119176241,23.356115936056973,69.35519400123432,8.958842066914382,18
73.92857142857143,162.29155345057333,24.17930056828758,72.98302970793463,11.929236564036959,18
74.0,144.59451420355037,27.436727577159484,69.6359571399979,16.454516603828424,18
74.07142857142857,135.77784980996782,26.534184699129906,62.81225210882416,16.56959111385639,18
74.14285714285714,141.25612470572403,19.063975060293004,65.64804603267436,10.539157619545545,18
74.21428571428571,164.3748211232514,16.055002791123613,73.43367204222476,9.208427126460583,18
74.28571428571428,188.9813970741413,18.641178538932763,80.76685440911042,10.156535833633221,18
74.35714285714285,200.51481456390587,21.615055702127233,84.33912090480041,12.041041012470926,18
74.42857142857143,213.5016660918774,27.628560567646364,97.16158031544803,16.02641529963004,18
74.5,232.22038789615178,21.830085268519866,107.14692503251727,17.041484339546304,18
74.57142857142857,235.61214309716297,24.008781538461136,104.69476439826663,20.354665793336924,18
74.64285714285714,212.66309112487843,23.018793762225844,101.26724231847824,18.515663413084432,18
74.71428571428571,188.01870181684538,19.91660738053055,84.56706469646842,11.208856216006417,18
74.78571428571428,173.27266167459095,21.4978158388128,74.18569565221846,7.910375871387866,18
74.85714285714285,165.264109594271,17.048964408419923,72.53020006541082,8.320393086823904,18
74.92857142857143,177.43793353255128,23.555059276884855,72.74216757794235,11.883094282610994,18
75.0,177.93639236499482,27.39277950341075,74.72478420755674,15.17176858353093,18
75.07142857142857,172.29496668322966,37.403374592104456,82.22164839673148,20.777200023056455,18
75.14285714285714,157.933756385642,29.839318795551726,71.40792246046227,18.859801378568,18
75.21428571428571,164.8194407178561,25.915759749419344,79.41925920329703,17.324098002332452,18
75.28571428571428,176.77682724561552,23.61648052388128,83.03970703682107,14.345415951505494,18
75.35714285714285,162.32907940880563,27.58012369073551,71.8952717700651,11.700841761158578,18
75.42857142857143,168.63630769528478,30.654262129411393,77.26807143053385,12.531295425209853,18
75.5,179.82921482960552,30.531482460888125,85.23218738407367,12.29428232348941,18
75.57142857142857,178.26988262998293,21.72294045834935,86.95888229206969,13.304649895977493,18
75.64285714285714,193.8360189675971,25.736671980718246,95.81979385898472,18.86394324969313,18
75.71428571428571,205.64277633532117,22.92878035154523,92.20760646120915,10.555643869140033,18
75.78571428571428,215.73295508040906,27.29183205021975,99.9151259276544,16.211865840206293,18
75.85714285714285,199.72042374666322,20.432659680344127,88.29034565893869,9.8385383100604,18
75.92857142857143,169.7803301707599,19.953690474566876,72.9201797383736,7.24107121863629,18
76.0,134.7946662296419,27.735248231098282,55.76207927066916,10.338201082286188,18
76.07142857142857,139.35156940396425,26.6545275799317,57.46879197809439,9.90275365396251,18
76.14285714285714,169.3328301474793,33.41837205154445,64.05609660751783,11.642516997852608,18
76.21428571428571,135.08209351959547,24.965587981210664,48.842934848916826,7.983388320433824,18
76.28571428571428,149.1115136879423,27.604629345763176,57.96477576807745,9.88352601636707,18
76.35714285714285,155.5899362629514,34.04530485682817,62.58074755003266,12.158170059833814,18
76.42857142857143,183.66594135974006,39.53182119264062,73.39278660845652,13.854243029574349,18
76.5,188.33630385059553,29.472430351987395,76.16076025597849,9.899515727048923,18
76.57142857142857,167.7008561460968,20.731872437925016,71.8576108694043,8.441078627503614,18
76.64285714285714,187.8803747276822,26.252411639313838,78.21631254039227,10.770434479200068,18
76.71428571428571,174.5376773556414,26.273355090509362,75.51621251038856,13.05798253480248,18
76.78571428571428,179.27092023462626,26.540708274103565,76.39370587955433,12.3054290709889,18
76.85714285714285,171.39320082405723,29.261211636849545,73.6917785482551,14.721349098813349,18
76.92857142857143,154.43571239828677,24.63494465634556,67.9959551145166,14.726779028963358,18
77.0,172.44809988237557,23.54355168578515,69.5027070266794,10.080556357065939,18
77.07142857142857,162.38497294545655,19.74429297708817,67.9167408927176,5.540974581786536,18
77.14285714285714,182.49598526555494,23.6827623521465,76.287718121146,7.237079897690203,18
77.21428571428571,184.63418726738215,28.202550245554345,83.78832977770968,13.700400268385428,18
77.28571428571428,206.761734356411,31.786492627593955,93.44350659149252,17.760470917510936,18
77.35714285714285,208.52351123392202,33.566208080819635,94.5152524851701,21.648801914850424,18
77.42857142857143,212.16489420251727,36.32427761954755,99.94487968965365,24.813823229583935,18
77.5,218.4836445096429,36.73465186344709,100.71378019780644,22.632947527824243,18
77.57142857142857,207.40937515809335,35.06363313357781,93.29961575075573,19.644596243248117,18
77.64285714285714,192.44204849399148,35.48174516421966,86.26977916003649,20.3356629057978,18
77.71428571428571,191.03647347729796,38.603039475613166,88.80720849615943,22.12489009248665,18
77.78571428571428,182.1990654875547,31.49679231811217,88.64452131677336,21.03175489714416,18
77.85714285714285,193.857975530586,23.349601698992466,84.53263805389625,16.181371788300176,18
77.92857142857143,190.868146721719,24.800638473630563,84.32458038151155,16.751618485494372,18
78.0,189.85017206030318,28.495191925710895,77.06985884346949,17.87832400041688,18
78.07142857142857,177.4943313030308,26.694779291287478,71.74406615160966,13.8571264106224,18
78.14285714285714,180.34329697921854,32.00338783694614,73.61409408965177,14.462773010166497,18
78.21428571428571,199.64470897381506,30.09723262737841,79.19659442323862,13.909098095702412,18
78.28571428571428,211.58210627039014,30.384844866746548,83.86690891943411,15.694879954061152,18
78.35714285714285,204.68791063460068,27.751419093213578,84.5801248065771,15.701308188980365,18
78.42857142857143,182.25478394011608,23.111516107182148,77.82119739051778,14.399623692548474,18
78.5,161.30771952477144,26.33489987877312,67.85328575343256,14.167224729412792,18
78.57142857142857,140.78008501069004,25.599185708347203,63.12909894781589,16.28237806160576,18
78.64285714285714,164.4176001789797,22.75731609574063,70.2367860385296,13.750186962382964,18
78.71428571428571,180.90949290502172,29.96675011720749,77.36102771927281,15.582079109692438,18
78.78571428571428,187.7567090717924,30.798713530239805,77.52774861298917,17.208008827508273,18
78.85714285714285,196.69952703042904,28.160619248411056,85.10058094491455,15.638304639174113,18
78.92857142857143,178.57441427198677,25.714785326943474,78.17927958072937,16.041537019037968,18
79.0,190.42147796331363,30.484781923878952,78.52349721102343,17.16094383371582,18
79.07142857142857,194.06867836772764,30.64072235622781,79.39716554871228,17.484037376982158,18
79.14285714285714,191.42302276794177,27.148379866592656,83.07987624619248,16.108951056893115,18
79.21428571428571,193.10319495462423,31.09234762249129,88.2128044053765,20.276044970274707,18
79.28571428571428,167.03569341253836,31.05166749673625,79.82670346846615,20.33793373864061,18
79.35714285714285,159.96142277868495,25.82465105397726,72.7961909934688,15.327325791278424,18
79.42857142857143,160.44808481012592,25.89255687205435,72.05687466482091,16.48960965180178,18
79.5,192.19451314555735,28.457774763620893,78.89575009218456,16.91340577059563,18
79.57142857142857,200.86575484500347,30.18227290256673,88.70036071520195,18.007648352696343,18
79.64285714285714,171.15057263428236,18.060618366709935,68.2022310299786,8.731316336750574,18
79.71428571428571,169.92681055724583,27.54775374956318,80.6011319653799,18.43785550318692,18
79.78571428571428,187.66597214633384,26.848519741528463,87.0950737358624,16.8375545556313,18
79.85714285714285,205.051009399988,32.18501421916054,92.29791323766608,16.932067715149934,18
79.92857142857143,183.90437175081823,26.581079562012533,85.40970450783813,16.423023867901968,18
80.0,165.51818654710715,25.16961887560885,74.88193672040593,15.781165102951432,18
80.07142857142857,167.25221724840515,29.2469500832484,78.85167213854356,16.59329896552303,18
80.14285714285714,186.09902203650842,24.448133479823973,78.27341450097046,14.654850036592105,18
80.21428571428571,166.2169239288924,22.957512011559206,69.45622949654313,13.209540058584006,18
80.28571428571428,164.34835043425196,23.77764890627594,66.08123436247801,11.211477914867293,18
80.35714285714285,179.7106060816271,24.12561211249601,73.3644016522772,10.635346180859973,18
80.42857142857143,167.9204166449946,32.64982406770827,69.96230244281645,14.361452823779373,18
80.5,165.53749707715903,34.10442992111608,69.97809658981079,15.179187359027381,18
80.57142857142857,165.52854385370412,30.52189144795068,70.76720900110394,15.505542227226526,18
80.64285714285714,153.6367710113601,28.491222659178984,69.09547593519936,17.10685385901395,18
80.71428571428571,170.5868042544669,26.90841826863422,71.28250105755254,14.316055714237967,18
80.78571428571428,192.07498892071555,29.28352527968643,75.5296152178796,13.82063232994967,18
80.85714285714285,203.84682374491655,30.87903148667204,76.40712816840608,13.026885242880129,18
80.92857142857143,204.78775836595247,32.27874924235242,76.68032829774954,13.301509088479182,18
81.0,197.50430979179777,30.71559570011779,75.41574963151933,11.879521583229996,18
81.07142857142857,192.1322370128786,24.612794452044284,73.8354058600064,10.50176072239486,18
81.14285714285714,179.73369279477848,21.527767692717365,71.91287775415323,12.26589157531052,18
81.21428571428571,175.84068559076235,23.641732308797906,68.05291000868807,12.326332491183454,18
81.28571428571428,190.45364440488905,28.218076520480505,73.95904959145015,12.127070748000433,18
81.35714285714285,206.48978053518243,31.35511997255218,80.9218738938183,13.238881172832896,18
81.42857142857143,176.10815112945951,25.395239036322987,71.85414530620086,12.560441131965346,18
81.5,195.39837404792567,25.52287725130767,79.71995561161219,12.621781200432006,18
81.57142857142857,172.11857811506317,30.811649693386958,73.26540843594515,18.568058841644,18
81.64285714285714,185.05814633379617,29.198428561523382,77.60479061580496,17.169269717273238,18
81.71428571428571,175.34151361692676,28.975908732193314,69.96693315974142,13.663227437631836,18
81.78571428571428,145.29951281769613,26.099445666044552,60.233611508206025,12.922427515415297,18
81.85714285714285,152.89044718592376,25.676746174985915,61.86985659111291,12.980672125005933,18
81.92857142857143,162.92287995755956,23.28473430655779,64.76052642198836,11.7443886574599,18
82.0,159.29140880273977,27.13670005589252,63.54130980650258,14.16242867541595,18
82.07142857142857,148.4513992471688,28.678259454216903,56.60230549802228,14.171199716751007,18
82.14285714285714,159.51726737908888,25.934590438332897,65.94354006974355,13.850760231018509,18
82.21428571428571,173.82999941325346,20.153176098300758,70.09248160170337,10.651070150100706,18
82.28571428571428,185.56493114721417,20.761465707709853,73.90733696159964,10.114193697361914,18
82.35714285714285,184.82899973088706,19.447293008301436,76.13929757003625,10.846715002297028,18
82.42857142857143,195.14662157965486,20.099667590085,81.59963192797031,12.054785064889973,18
82.5,196.4422077926871,26.505510741063077,80.75932201279278,13.948203559158964,18
82.57142857142857,189.0172863613824,30.615359011275604,78.45854960034707,16.532278403456036,18
82.64285714285714,204.5091924217258,29.237884282665856,85.33044725028168,16.98714159776744,18
82.71428571428571,201.8741009289005,30.353941201520218,84.97481487680783,15.851856093172042,18
82.78571428571428,189.8758675184283,29.700923083518898,80.75441297561859,16.494887233219238,18
82.85714285714285,171.34695179158828,30.97554720645562,78.0515272246791,18.69290984448404,18
82.92857142857143,180.6307792415514,25.3917464684053,77.91121928782253,15.26879260547839,18
83.0,196.42633548312867,27.5463547608059,82.86985767667653,15.736822849036637,18
83.07142857142857,205.05119315784745,31.256945007607303,85.50265483705664,18.484441054317685,18
83.14285714285714,179.12422724701622,27.58057728003248,73.65380877897418,15.337970396297965,18
83.21428571428571,191.79029060019508,23.100745608884765,78.45789490046,12.91181086497929,18
83.28571428571428,180.5639396811106,27.77286999533214,75.28259129844001,17.01466035269269,18
83.35714285714285,182.79723181835772,21.500910653570205,79.35409811120903,15.578762973451417,18
83.42857142857143,178.56909654367206,18.46454695510657,71.91843376425072,11.329730869766731,18
83.5,204.16630036529574,24.038091056033366,83.54761292359936,13.220239649759385,18
83.57142857142857,187.61382501103662,25.4831737169743,78.01372446958177,15.176736027040695,18
83.64285714285714,157.41016810181455,20.340822634820892,61.0739849123236,10.792994844482235,18
83.71428571428571,144.9718624843742,18.42544333569571,58.66169739767885,11.204465915443803,18
83.78571428571428,154.36925718581142,19.69169800764211,67.82561660535211,10.229788165190909,18
83.85714285714285,163.89777866839844,22.90920462656434,71.68625574050103,12.05032642669976,18
83.92857142857143,198.96786581067235,22.565927928929565,85.2104610354348,13.600733296770086,18
84.0,214.36330461122253,25.19690777029762,89.34419158882916,15.747671285036896,18
84.07142857142857,219.10677391577525,27.42285321495571,87.94730547738484,15.729245714391359,18
84.14285714285714,203.49869051254478,27.957732977182317,85.29919115149112,15.61594239129135,18
84.21428571428571,191.61496118348666,34.607589803996454,77.57087051848221,15.470414554256827,18
84.28571428571428,171.6852722355853,28.428198537856236,69.31417132139612,13.37123969028753,18
84.35714285714285,181.91712101646348,29.72407315760031,79.30590057370209,15.402560513434002,18
84.42857142857143,190.96106576132223,33.30329183733278,83.45298323693578,18.78550005534586,18
84.5,202.35607319692446,32.09556566455662,86.4011178739694,17.434181767184715,18
84.57142857142857,200.67344861847724,37.70336847932024,82.68122514645616,19.389098905637553,18
84.64285714285714,206.6027115822427,36.24865891864923,90.88227192157328,19.478028492906194,18
84.71428571428571,231.70672855457397,33.911697314949286,99.82100861777532,15.900579825929173,18
84.78571428571428,235.29485702451214,30.42975555224821,95.95180899094906,14.060632796640181,18
84.85714285714285,222.5954386961126,26.246061891193225,91.62123816754342,14.68595786394088,18
84.92857142857143,183.83291379586083,24.06530737646307,76.6114626921501,15.26336548512596,18
85.0,167.5887701869763,19.216048958117558,67.93999991592301,12.74122338021083,18
85.07142857142857,160.2629652088163,21.979674428880752,64.37557758251536,13.248153140251489,18
85.14285714285714,165.78800145485766,21.885275230167355,65.56247483588832,14.388691329975252,18
85.21428571428571,174.1051714344411,23.4345503805501,71.798049323276,14.924212404328777,18
85.28571428571428,161.7797284393375,27.890253183234883,67.46061244229487,16.945887654233417,18
85.35714285714285,155.0162782797816,25.78203726586802,66.72542043013537,14.771412321014619,18
85.42857142857143,147.92090552585887,30.673252052958187,70.21445936813735,19.584926602664066,18
85.5,150.3101800023181,26.10021545697685,65.90936354160695,15.583495900109623,18
85.57142857142857,156.805931743741,23.737722139857066,68.70450503548821,16.211820760638084,18
85.64285714285714,160.74630639913602,21.663238888998922,68.96847178140021,14.373894938239726,18
85.71428571428571,175.0384022810246,25.00443915885305,73.15975293059061,13.466207769665436,18
85.78571428571428,176.49995515087267,26.418834891495347,72.94691713003627,12.250278796723654,18
85.85714285714285,181.78407624539432,22.6804951645214,79.24917205506632,11.985620454498102,18
85.92857142857143,182.29779285306046,22.919844931797257,80.12004344807458,12.723556995692316,18
86.0,184.0890782117683,27.473033325893216,81.41792976425116,19.04654288674046,18
86.07142857142857,189.21323717427336,25.209059984488015,80.32903709158106,16.411718095345584,18
86.14285714285714,185.4591966029145,30.15745580994504,79.62346365088113,15.27310331654578,18
86.21428571428571,170.03920848305478,30.720016490383465,70.68077372335371,14.850635798351245,18
86.28571428571428,138.71505786046663,25.741291427221295,59.352584051593226,14.418909208291073,18
86.35714285714285,156.26950093984883,23.183686989757874,65.28916168231568,14.466122445342554,18
86.42857142857143,153.0639770042471,18.57742934189323,61.44425402054492,10.360447495829613,18
86.5,159.16481886045423,26.76324782304989,65.85357251370306,11.925844506329081,18
86.57142857142857,153.6217227114796,20.397736072713734,61.74741639165777,8.540883350937616,18
86.64285714285714,153.47461763280143,17.274208581912653,66.10607566118674,10.38530776685955,18
86.71428571428571,154.46204112049855,23.689011323754638,70.47102701204271,15.556062550006894,18
86.78571428571428,146.3697043498425,18.206661118753686,66.6518588491796,12.44534383633762,18
86.85714285714285,142.28723605810717,25.613582416378215,59.219849463410355,14.938013064360335,18
86.92857142857143,140.21199396006207,18.5639797171455,60.955531830159856,11.415085014269959,18
87.0,131.90467522298056,13.084437126467588,55.95077788538049,8.424178788258569,18
87.07142857142857,166.16007172064621,17.013347156590825,70.6062063653529,12.72211207719248,18
87.14285714285714,192.65752792078146,26.005565509390877,76.80384090401354,16.0059779054874,18
87.21428571428571,183.21297622849707,34.78361280813632,71.52658687681702,17.12954785461211,18
87.28571428571428,182.1821407248926,32.26955626910167,68.32965954448899,12.808219115441343,18
87.35714285714285,188.84320479560498,30.679871240991442,75.38254244990621,16.000922626287146,18
87.42857142857143,190.75302197106672,34.69403847254903,79.65094988342092,20.828242515820815,18
87.5,168.54000149173197,34.407221590424065,73.09816358422417,21.203900766368285,18
87.57142857142857,155.4773235235979,33.418467444441845,67.29734377948323,19.119903718317307,18
87.64285714285714,162.92664584292905,30.99635100219401,67.70423918836016,17.179568456354023,18
87.71428571428571,173.99030945235188,30.17230604358205,70.16939092288277,15.81074259966026,18
87.78571428571428,175.64129319400774,33.92913228939752,71.36990634822604,17.634493761558996,18
87.85714285714285,176.53918599585054,25.09263774519599,70.98042789195861,12.506135278732698,18
87.92857142857143,178.24986803384064,21.069973698318304,74.56617493123242,14.308342610028228,18
88.0,151.81085764091065,14.318465799089442,65.79541924388712,13.809836790735417,18
88.07142857142857,142.81959187394764,29.25899798070233,53.513628839426886,12.845512530690362,18
88.14285714285714,171.2413175646861,34.447805194257484,70.18145962202496,15.311929459380234,18
88.21428571428571,166.14593250185112,37.47641859125081,62.496036513506915,14.276478949447206,18
88.28571428571428,183.61551422127184,32.16651888143506,81.8098314698008,14.334639331224338,18
88.35714285714285,200.42338035748006,30.83696626848567,83.28062774770606,16.84718553845569,18
88.42857142857143,182.93720793770444,25.419754768154185,71.37305181873192,12.452865571121027,18
88.5,160.52965778786682,21.158936382499036,64.29970740276104,11.259223108026402,18
88.57142857142857,143.13377746045322,19.612612671824294,59.44308167896095,13.577930869771269,18
88.64285714285714,168.72766703785067,32.00514671644143,80.89203100915832,21.69668398666524,18
88.71428571428571,208.34409460638713,36.14701476106196,96.85946934042597,24.16509118498871,18
88.78571428571428,252.1242780927698,37.22715611976422,117.26764903655538,25.506575250954633,18
88.85714285714285,224.98559271755067,32.771621882269734,104.26980657592516,22.361548306502907,18
88.92857142857143,197.24791852233204,26.696784870743606,85.9005865835758,18.374337460416935,18
89.0,147.10461590603893,16.96806444035413,57.691438952153426,11.304417517262406,18
89.07142857142857,142.72993335285048,18.459893728604005,56.50195156394438,9.078762048323439,18
89.14285714285714,167.19381947818104,22.29805281961022,70.06029364254438,13.49049796558119,18
89.21428571428571,181.69541082302302,24.608725589339826,69.21714382594836,10.828019760778444,18
89.28571428571428,185.0089466082083,28.999921425293813,70.79663738198538,12.04321734104379,18
89.35714285714285,210.93628087335003,29.30210093478163,78.74431841167512,10.075205184520124,18
89.42857142857143,221.8505115327938,27.589466234976943,83.31370122201318,8.959639507694478,18
89.5,217.71686893512236,33.87921301652388,91.59713037157815,16.777733768350863,18
89.57142857142857,174.34332582036947,32.861122655471284,76.11438683095872,16.462534645429482,18
89.64285714285714,183.2241425441271,33.14484432261847,70.06229688793329,11.386806320188198,18
89.71428571428571,251.14123949418496,35.3235660922234,104.66142356375565,24.123751943744548,18
89.78571428571428,243.8908744362011,44.335029351823856,106.43016255428302,29.650230804363098,18
89.85714285714285,240.9236129924722,40.15889759196694,102.13603699517569,25.858144454476435,18
89.92857142857143,227.88965146476204,40.40769887255484,94.01990501689575,24.464436130854676,18
90.0,193.46269912292303,34.89654718378772,82.76367327444129,20.2791484286168,18
90.07142857142857,196.14793810756035,37.81922411766888,80.45715013197108,23.901336096352942,18
90.14285714285714,200.05369380813596,42.61068654747781,85.88252678065349,28.175299367431922,18
90.21428571428572,193.2695992983568,30.213923775748516,80.3176015302847,19.675331777968598,18
90.28571428571428,202.42798728623646,41.73632986443443,87.12978034601768,27.80852392958368,18
90.35714285714285,200.34412792628567,38.2459979679445,86.62040822004995,26.111366533357373,18
90.42857142857144,204.1269866480922,43.246122663597134,90.68716335970657,30.144035526638262,18
90.5,200.65474070155486,40.629649119873314,87.89995439471997,23.897770641538028,18
90.57142857142856,200.39638164201995,41.6429037548081,89.60443598453044,25.01117569450171,18
90.64285714285714,200.05496804640475,40.390682021202714,89.6111624716501,24.531127962194205,18
90.71428571428572,210.56852679674105,41.558651588494776,90.79039776514614,26.329083794549835,18
90.78571428571428,217.15956240482242,30.195567738941552,89.6839861239292,19.185372494310307,18
90.85714285714285,213.42143254291224,27.007439514378348,78.16835874226888,12.22880110982303,18
90.92857142857144,212.73614765293192,22.46608881128812,76.97310665721203,10.223639732138546,18
91.0,171.5622922528885,24.232154662381568,63.390543179318534,8.644925688932345,18
91.07142857142856,150.11147572868478,27.969422161142834,54.68709411931284,9.880911149907325,18
91.14285714285714,162.49432762545808,23.176000915227238,59.120819313384416,10.258872806340712,18
91.21428571428572,203.22432197315948,25.53308167687108,74.12748057518102,11.414811195759212,18
91.28571428571428,224.78903224738568,29.64573112232305,81.48372419157867,13.618553210345182,18
91.35714285714285,208.63563977413708,32.58754565511289,78.27390119360157,14.547109263862858,18
91.42857142857142,189.96375314053975,21.9720791372611,74.51638817539389,13.14859899698274,18
91.5,192.56768773270335,28.25115026905679,76.5782675490466,11.848237358282022,18
91.57142857142856,170.532929813746,33.42391345777572,67.30832432705292,12.877273011488366,18
91.64285714285714,180.38544344634929,30.867759630944384,73.89290971166864,11.873916474194965,18
91.71428571428572,149.9557954245664,23.888349381870277,59.50037924529624,10.18896443621005,18
91.78571428571428,158.9076075600302,26.788750244030297,63.9014155627361,13.421413899882117,18
91.85714285714285,188.80134440583063,32.49574578003964,74.02142917246624,14.924218302448073,18
91.92857142857142,195.67845488349295,33.44566573018284,78.46027161295784,16.165221109539722,18
92.0,180.81426411454672,32.67593480510269,65.7931790047435,10.660869611934288,18
92.07142857142856,162.21116467253967,26.92722169042263,61.30223040070434,9.328378504713005,18
92.14285714285714,163.78216266831646,30.564464479008972,61.104505322928006,10.63508842276257,18
92.21428571428572,192.51846921485875,40.40814017000874,70.99979754551391,13.230809857578551,18
92.28571428571428,185.0937237927372,43.37165979713076,67.87933142313089,14.107462969163443,18
92.35714285714285,147.41458634000776,27.963740674109072,53.34654504663861,8.969789373292922,18
92.42857142857142,170.07088700297493,26.322794063032035,59.47878174780751,8.977758644434939,18
92.5,196.86507635934774,33.67026225339746,70.13126645884871,13.005603824277198,18
92.57142857142856,199.78444406467108,40.0961831072301,69.08083995432277,14.656713489022504,18
92.64285714285714,220.14863810781068,37.05331461475113,73.74366601151695,13.461117430821764,18
92.71428571428572,187.6189029919248,25.56412852267696,66.51625601585225,8.640171706636654,18
92.78571428571428,166.9245324877221,25.39363355130071,55.54087640630941,6.3371357734986775,18
92.85714285714285,165.5433786491274,31.515723876806657,54.55169325718793,9.22195911870296,18
92.92857142857142,171.988439778614,26.06173378254728,59.893176849593814,8.367152031504938,18
93.0,167.26593563898095,21.700596534325484,55.59966369859039,7.677464929262647,18
93.07142857142856,151.17394715031148,23.158529638094578,51.21654204366471,8.2118796237571,18
93.14285714285714,154.69752182629077,18.40687745574599,57.70172252659635,7.876728131519948,18
93.21428571428572,155.2594373874769,17.046365467932205,55.62940371345346,6.45733940385817,18
93.28571428571428,129.10200591481808,15.826528611771261,50.27878836883769,8.008390934038948,18
93.35714285714285,113.25320713977362,15.417780647752606,44.998935655927966,8.916001090094763,18
93.42857142857142,108.1275787496901,15.020068223831153,46.427553876961845,10.011918779746432,18
93.5,138.45403453305784,23.755911994232473,52.44751767629879,10.986874458485337,18
93.57142857142856,147.56426649393364,21.84605487763822,56.34598452739494,8.218887619249,18
93.64285714285714,145.35571041789586,16.58426671962748,55.57319158327755,6.656064595539678,18
93.71428571428572,161.07895875830033,14.349077285030306,65.42658999771709,8.062882572901284,18
93.78571428571428,172.98875069979002,20.058771272251906,67.30167935645822,7.931040915071731,18
93.85714285714285,154.693423342601,28.253830399971978,57.72930801259597,9.303243956666071,18
93.92857142857142,156.81413139896873,26.73877141189118,60.549127422265364,9.027885255494537,18
94.0,166.82493093339556,17.03020410712801,68.30695170940722,7.966215211153163,18
94.07142857142856,163.69547718911033,14.666862529166169,67.68008612099628,8.34237291064165,18
94.14285714285714,148.96748257093998,16.70269256667766,62.663576340721946,9.393250751736474,18
94.21428571428572,159.7423317004154,17.818191872320753,68.91250090025949,11.745012237152228,18
94.28571428571428,165.6500286695703,18.707637724794047,74.06760520991857,14.278629735659386,18
94.35714285714285,150.89417446452904,24.792583200579344,67.85091476659953,16.737365916882624,18
94.42857142857142,148.2248790580751,28.036457641191888,59.81974440783581,12.150738261095565,18
94.5,167.93372010993437,29.291029984813406,64.90054761838005,10.30949451091869,18
94.57142857142856,168.11704846017767,28.443431543100154,69.25730034582578,11.191644427919531,18
94.64285714285714,169.44073337171835,23.908769714929935,70.48422012879763,9.999006792247009,18
94.71428571428572,134.71981639525637,30.414206207933532,52.24230629231646,10.011537819567614,18
94.78571428571428,136.66009332776602,34.8189919401204,53.41011114507296,12.40549854741186,18
94.85714285714285,160.2151163857821,31.327125628250656,69.9077205431564,15.70051740111991,18
94.92857142857142,176.15822321984632,28.20900807839749,71.90336468865546,12.433452333502448,18
95.0,170.87465064100346,28.89325586323351,72.12310056409893,14.013833319215017,18
95.07142857142856,146.87593978344108,21.639146279994453,63.32987080157181,11.949428676316979,18
95.14285714285714,127.5732669860632,24.10471960327714,52.761983748153334,12.628709500827751,18
95.21428571428572,167.14793984040395,26.662126965084944,66.80631566703967,11.334346984276934,18
95.28571428571428,171.2553058013972,32.00676372128677,67.86486878700704,12.430431207956179,18
95.35714285714285,169.81116658852463,36.21097619589576,68.66510239114477,16.95238406697539,18
95.42857142857142,149.4474287058226,29.631613144754773,59.6867364236009,14.132268255121998,18
95.5,142.13322141742955,33.58842576103511,54.671484391129034,12.9890342552822,18
95.57142857142856,151.5341778021928,28.489295622132985,61.04044230438079,11.429309235069143,18
95.64285714285714,149.97000954939307,23.853502727872424,63.97210212662202,9.968152438235814,18
95.71428571428572,150.82133044006812,24.477571098312584,69.92320538787959,15.112929426715864,18
95.78571428571428,165.69740379175184,22.48653732497885,75.17340639942455,16.394979868824656,18
95.85714285714285,166.85360124110045,23.91459562473242,74.26310561899469,17.02177011231725,18
95.92857142857142,203.55749381126498,18.263239901412387,81.2008400545168,9.031560988264244,18
96.0,210.6688208187058,24.670545980377256,87.80241691930046,10.19037689139437,18
96.07142857142856,184.78218622072464,30.640005068789442,83.4619148965903,15.551108962114894,18
96.14285714285714,187.57778847568397,12.933897910787156,77.80933989363086,10.696237889516658,18
96.21428571428572,211.29872525369555,21.666173100869514,85.25806639075303,12.734213199575791,18
96.28571428571428,230.02218347784063,29.22601941328834,90.00259689268263,14.253558128388537,18
96.35714285714285,238.09484859775475,33.532610004627394,93.55289846429588,15.36600448855223,18
96.42857142857142,219.93900937088898,31.50967661782552,87.3565095719846,14.231121018279085,18
96.5,198.62492621814604,31.94517436961746,73.79271521014,10.232536720547847,18
96.57142857142856,206.1003257830485,32.5183276127055,79.9413348786417,10.93873904841691,18
96.64285714285714,199.98404194117305,31.99965444989628,84.01452209907849,11.97494747379708,18
96.71428571428572,210.2001546526162,34.71813337291962,84.45385782682402,15.76050827061452,18
96.78571428571428,197.14993319526707,34.086636179434784,73.68089709414805,11.743690041765161,18
96.85714285714285,213.84463725909927,30.57076839461935,90.06654212634069,21.055051115761312,18
96.92857142857142,190.65146556101092,27.387256863428703,81.57035676302324,19.787035158235827,18
97.0,167.68290928185385,28.60191892383343,62.39233752896749,10.434179098523861,18
97.07142857142856,157.6612071447075,28.558897312180164,56.72640367763641,9.179923328873855,18
97.14285714285714,157.77638566104278,26.290101051425385,63.50509934024531,14.960373552504533,18
97.21428571428572,139.23184615134448,22.288597351781537,46.884442846217624,5.020091958249887,18
97.28571428571428,144.39967308245306,21.556882554958065,47.59936199028429,5.795616329355928,18
97.35714285714285,165.32855979227182,26.18833371629969,57.0888615133026,8.12719965590456,18
97.42857142857142,183.22010159532314,25.97244218004625,67.82072401979126,7.225884032928276,18
97.5,186.3525566093075,24.367150937692568,72.10727369891478,7.4328985922648005,18
97.57142857142856,185.6665965636773,22.523335374666743,70.00206101857309,8.383441192297893,18
97.64285714285714,202.81153125427488,29.291163978893795,72.47157513229355,11.178071678525267,18
97.71428571428572,236.60695088181967,31.102507922356747,86.84099540844383,10.877697859085902,18
97.78571428571428,258.7367220174152,28.735818489552358,95.14960836504517,9.754184545174924,18
97.85714285714285,228.37116591499822,31.411084927262863,83.32177092343015,12.287954707894269,18
97.92857142857142,166.81860027309196,23.271793420703613,67.86922843668088,12.443501501241496,18
98.0,177.58687234196188,28.87869959680396,64.63309868860657,10.798454436989571,18
98.07142857142856,149.87515156986316,21.51497214889,61.85187504030795,11.438033755805085,18
98.14285714285714,135.44110015060429,22.68025998340957,52.58372346034353,9.132383000850202,18
98.21428571428572,157.49735659294248,25.054225998819593,60.54654596767205,8.97978720636552,18
98.28571428571428,171.24514904536954,24.808401865413064,65.91865143071844,6.870354618053846,18
98.35714285714285,162.1857972065488,25.640076955772592,56.46967960162181,9.046581651550824,18
98.42857142857142,158.52837468236808,25.65189428623988,58.04278153354422,8.615868186205239,18
98.5,172.62024128780467,20.380572164834142,62.24463797662253,6.558443111402924,18
98.57142857142856,182.0307343223507,19.32407841002172,65.56828839995894,6.760356829080849,18
98.64285714285714,183.48667999376065,23.5446647626302,67.81350438785667,9.470074941021503,18
98.71428571428572,177.9621576627623,25.663020467137393,75.67334570491099,13.22564703236745,18
98.78571428571428,171.1837032194355,26.64773476367901,73.05180086914399,10.779781178774428,18
98.85714285714285,160.31519423915623,26.081609716261696,67.12999410707926,10.187238917671273,18
98.92857142857142,195.38992687810992,29.19261929382518,84.80450105120987,12.023679651597805,18
99.0,201.8489784049739,28.506157370391364,90.18683876435797,14.865284089859541,18
99.07142857142856,198.1005836797356,20.941405080244564,97.66556734716205,19.484286885326778,18
99.14285714285714,204.24144646413052,21.917241721173706,104.94299290289375,27.055727377531046,18
99.21428571428572,213.71278137835793,20.8166430097277,79.53111530901397,11.114041036733372,18
99.28571428571428,201.94199914518342,28.332622465834717,74.23446840175957,11.574428503905176,18
99.35714285714285,199.45144894673658,27.974559609983803,71.10150654310418,10.635973790830622,18
99.42857142857142,165.4760095270025,24.95836778476272,58.42373140825492,8.881280705707413,18
99.5,148.9720941274167,29.481891063136114,62.949790509337745,17.04982196929316,18
99.57142857142856,163.7876615544508,28.853988095804695,54.434365643266574,9.109378131587448,18
99.64285714285714,146.34315258593855,29.036648775375333,53.213589407196196,9.069660933471507,18
99.71428571428572,108.08562862403653,22.01088358502544,40.56317916517721,7.54621831097474,18
99.78571428571428,115.93499715742652,18.092345582513417,41.59636646757069,5.771441335582497,18
99.85714285714285,120.08438035174791,24.554191032941773,43.95328945750086,8.074610739387024,18
99.92857142857142,146.54450914073547,32.71758080063609,56.37439572797036,9.860822164904022,18
100.0,140.75389167952432,26.993924108621272,52.70315569098638,9.4338512273591,18
100.07142857142856,152.16852124337632,20.888704052427123,57.94753166131491,8.153797942023333,18
100.14285714285714,135.42690756288627,23.09297730818041,50.90067592017419,9.306538054407683,18
100.21428571428572,127.36869120191784,19.709488610571828,48.14737628860179,8.51769957178908,18
100.28571428571428,136.76443585943525,21.090260311382934,64.65882629074953,17.076026882379168,18
100.35714285714285,136.0704459171125,20.1750125980833,68.89577940011237,18.031858117672122,18
100.42857142857142,123.80825908278076,16.34978929757073,48.00858654405866,7.704200229178529,18
100.5,144.52602739774372,15.280166014790057,59.64606162402914,8.85391553338736,18
100.57142857142856,121.12887201217579,16.50605653620985,46.56188182158255,6.865512714295106,18
100.64285714285714,125.74457145650972,20.000052234325075,46.826480522823104,8.262380320021313,18
100.71428571428572,108.76746021959127,17.15227807269033,43.93093074442228,7.936698575569504,18
100.78571428571428,143.86297127484448,15.758900437118099,57.53383037964493,8.119527120791963,18
100.85714285714285,161.25127317288226,17.040167889840344,64.96634476466832,8.583827220468265,18
100.92857142857142,161.67163738335276,18.184475160124077,67.2596664198238,10.116173216734232,18
101.0,166.31353692614877,22.434331745631493,75.40846728048095,16.614495795394895,18
101.07142857142856,170.59581733041918,25.91273763894593,81.3985843622639,20.855629239125385,18
101.14285714285714,183.97498386604082,29.283096664023418,86.88031005890899,22.913786949516098,18
101.21428571428572,168.77325531625823,25.282395286687695,81.24027167287716,18.14295566820748,18
101.28571428571428,155.66078277848146,19.769094681340796,63.73146061533311,10.167864279637985,18
101.35714285714285,167.12517197312337,28.04546159561107,65.71798969301855,11.989873709784908,18
101.42857142857142,179.21897710669157,30.386040753763922,67.66998596317117,11.77970880217664,18
101.5,187.08747668672942,27.366859662862975,78.84347905423019,11.45831996722672,18
101.57142857142856,179.61631631367015,22.465462814909934,68.7431902998313,9.563000283415608,18
101.64285714285714,193.05638725762637,25.526136724718203,79.08539203455929,13.311036106150812,18
101.71428571428572,172.69486216495648,27.74556708266732,61.10715650432939,9.352679285181635,18
101.78571428571428,153.98820079816207,23.19855180182409,60.591262671748304,11.088447127778185,18
101.85714285714285,155.82916774994032,21.166629172700006,69.1536881150969,14.640626907072715,18
101.92857142857142,159.87630526778395,15.130050882194332,68.99357554615399,11.83595134262151,18
102.0,175.1596218714307,13.73097431753818,78.9050697296844,14.663956790452788,18
102.07142857142856,182.0291116109986,20.24451550645711,82.5668674139328,16.43563772782038,18
102.14285714285714,177.01751120869451,31.60306459975721,69.5455228884085,10.09779442172132,18
102.21428571428572,181.44308133337938,32.635036915654,79.29817429108674,22.512776329439635,18
102.28571428571428,151.18853614284538,28.159826384071007,52.078325601296406,10.03170971774782,18
102.35714285714285,158.69372532891782,22.36935293675719,71.39926946026472,19.01843654130623,18
102.42857142857142,163.94354613127675,21.261942339860095,69.74928307957732,12.027400711970861,18
102.5,180.8165047739086,37.02262863590897,68.36183285775752,10.465654327092501,18
102.57142857142856,180.58281415422715,38.8645527603847,77.47140888188893,13.05734616960207,18
102.64285714285714,185.0373371064344,35.820926725173386,77.61963554304812,11.95482479867232,18
102.71428571428572,181.00635783609414,16.745121428882047,81.80975325725426,10.509038855973875,18
102.78571428571428,162.20801327617312,13.714389964185681,72.89154958150317,8.195258567729736,18
102.85714285714285,145.0840038078271,20.31808295996287,70.78405982447259,15.762305112384137,18
102.92857142857142,140.02725473349489,25.247677161358435,65.60258882510517,16.76573275837084,18
103.0,123.80377458741701,24.80828401027211,51.19463652324134,11.587616047842502,18
103.07142857142856,148.58622876513493,22.281146979335816,75.77441685385168,21.057607415342826,18
103.14285714285714,150.97111958259634,24.918238361735014,79.62643025592682,23.84340923881187,18
103.21428571428572,162.51306321683813,24.836370076740376,79.25037388111748,19.469470808992284,18
103.28571428571428,182.25761647411372,22.617417478051628,79.19432697646805,17.627789059567515,18
103.35714285714285,167.96506124268555,19.079309315460357,64.19539589894347,8.30973379077785,18
103.42857142857142,146.33610130594573,15.202056611306492,58.893559994961706,8.02392592767898,18
103.5,165.9785691928619,16.57953142405776,69.31723640652488,10.467851709801886,18
103.57142857142856,203.93844159966608,21.675754446221454,80.35816643244348,12.465760058431588,18
103.64285714285714,195.34502247651034,26.654538630093484,76.65172327417879,12.08243036581521,18
103.71428571428572,170.74012217574952,20.75061852689747,73.11448902575252,11.571006213272188,18
103.78571428571428,144.62452306383645,20.0414133249744,65.60801082623905,12.505419772759362,18
103.85714285714285,136.55532342312907,24.13369761903161,58.438766758531536,12.52215735295325,18
103.92857142857142,161.702593971377,25.860466695094658,74.24297333543689,14.312499755758772,18
104.0,165.29933409723037,23.674171180657904,74.19386715021214,14.662191147333564,18
104.07142857142856,179.05325364083234,24.526232806128025,76.06175178418935,10.581152261243426,18
104.14285714285714,177.94313026869438,32.56617984086048,67.7390494000722,11.59996167090215,18
104.21428571428572,203.89604073102427,27.542258802791483,87.58273022915321,13.483787114442784,18
104.28571428571428,186.8051616819118,34.287903416194176,73.7206258343209,11.462105729971704,18
104.35714285714285,173.9958946124792,31.689398929187163,71.96982949614028,11.344289853041728,18
104.42857142857142,163.04504146060853,30.007818408756624,70.77033446319658,12.1732406303397,18
104.5,172.85765485745023,22.232160338116934,79.60077813664431,12.44377261703964,18
104.57142857142856,199.01465130886476,30.53089861145366,91.51757158812701,17.226325842160843,18
104.64285714285714,226.09422317870695,19.892057755140087,101.18641196940614,15.787567068874933,18
104.71428571428572,204.045474914065,27.682960152001705,94.77726961503097,17.624273952468943,18
104.78571428571428,204.63471307083555,29.37803631112051,93.85736290041532,18.406111328727885,18
104.85714285714285,198.4199030938542,31.515830473854344,92.44833420388633,21.031492709195675,18
104.92857142857142,201.72634030752482,32.158710266608985,98.46991675235755,27.048273440980903,18
105.0,161.19910654294165,26.22038700545228,69.25500157786504,14.101722255976032,18
105.07142857142856,129.6974583399941,21.171471909662202,53.536299822478355,11.10289907521265,18
105.14285714285714,176.25991393543467,23.883943588695725,79.76930537843084,15.652746979647324,18
105.21428571428572,177.7834305078256,22.421012018668353,77.40833618593888,14.530012954173303,18
105.28571428571428,182.81104969881298,27.437088086018765,81.2901161075595,16.429076334292805,18
105.35714285714285,174.8756094995717,20.264238445997858,85.16328414652185,11.817593833448392,18
105.42857142857142,176.6387331205306,21.97643419808289,76.62653429292367,9.515418482160358,18
105.5,170.51467160967806,25.09710199439665,76.5229576177504,12.303016389568597,18
105.57142857142856,202.73981340680197,34.213762781285006,86.77929222597636,14.527157644830387,18
105.64285714285714,194.9183865213146,27.41461821426995,82.89798110038821,10.668678120095212,18
105.71428571428572,215.53603218464102,19.95205465350895,96.57318481281591,13.586379815244117,18
105.78571428571428,225.11148754050745,26.30265386933957,101.55932527659014,19.89760159652034,18
105.85714285714285,233.7080949752754,26.11778235746507,107.40652050238303,21.085767996682176,18
105.92857142857142,203.0575451653371,21.288903440010856,84.11718663426284,12.431410187185403,18
106.0,206.1449326288348,23.678376046246417,84.64296927646784,12.459520668786885,18
106.07142857142856,208.09664812109608,30.039263888083543,84.17603510749544,13.872979370961389,18
106.14285714285714,195.4191950717344,36.61173629026841,93.20079446538176,23.087767764464306,18
106.21428571428572,173.71755412559986,34.91860045316923,81.55666793105911,19.24032823566052,18
106.28571428571428,152.5876176680637,27.530413110953226,67.76324123782513,13.0607368735246,18
106.35714285714285,143.5595674854025,21.916021488054334,59.35017936006125,8.847190061728638,18
106.42857142857142,161.36628884578536,25.634863653734744,69.6559182967435,10.003563506170547,18
106.5,178.69227990422294,33.36706785350403,81.73559827977941,22.551832240764863,18
106.57142857142856,196.7694257707216,32.46950397041419,91.66750874016007,23.076974549930046,18
106.64285714285714,183.3924351731185,34.496898964588375,86.4602994462832,22.70418116312309,18
106.71428571428572,181.19366335132256,26.79074400640196,72.48823749333117,11.027478089353515,18
106.78571428571428,221.08212369264322,26.43872157081779,87.83665513375875,12.152929623741642,18
106.85714285714285,216.12831715164117,25.25747117060828,88.19860426023612,12.127009325993198,18
106.92857142857142,192.2967020449846,23.65297814606595,80.26631582317466,12.800727224490851,18
107.0,165.19719078397145,20.75829794320203,68.27007065861365,11.68129870587391,18
107.07142857142856,175.0422035105231,19.294842128938196,68.26560064897363,8.014253769064725,18
107.14285714285714,158.98716760410946,19.599037539962502,62.087144289114505,8.94674980606854,18
107.21428571428572,172.98210741576347,29.451659427056256,66.33745002896262,11.692699854023857,18
107.28571428571428,136.10123309463947,26.943445295042117,58.49000613752176,13.971434232640949,18
107.35714285714285,162.09994332051554,28.039008108344238,64.25018479474697,13.87845678306066,18
107.42857142857142,199.24558005937484,25.264554253527532,77.22728529298422,12.479354840551485,18
107.5,189.82371934830988,24.384392117299527,72.84750962004318,11.9101092066844,18
107.57142857142856,154.18257708594757,19.081006591874218,60.07215859758486,8.952237998723618,18
107.64285714285714,180.9551690585428,28.960394561269727,69.28575202296119,9.748632614069653,18
107.71428571428572,182.2544233604554,39.757496222768445,67.60418635443322,12.543774735974406,18
107.78571428571428,196.40876897098718,39.26344116422591,88.8936294812502,22.779091572432296,18
107.85714285714285,176.87786843190423,34.324897687047475,68.46287527315914,11.45186234636539,18
107.92857142857142,149.76149395681753,22.82791527044356,59.09929565501232,8.705595693728696,18
108.0,168.1764311505791,21.247754206376474,70.46335454328076,9.64075045065759,18
108.07142857142856,221.53763464349564,29.251631224150152,83.54248758755149,12.947441959881115,18
108.14285714285714,209.4472912680595,26.114022287646886,90.62305404462478,12.49106126011891,18
108.21428571428572,197.66361534233275,24.86924479617729,93.01707386490746,20.998283429056276,18
108.28571428571428,216.41192925148414,27.080850993090184,100.29801960984855,22.308075071642676,18
108.35714285714285,213.31919982461937,26.14267816371866,103.65102294862744,21.8039682978202,18
108.42857142857142,196.7630614922065,28.907902779703818,94.57702357541172,21.807307934636075,18
108.5,199.05553716924686,33.89192910717854,95.2877103867589,26.261025660286204,18
108.57142857142856,169.55596203674213,23.457490737171153,67.81603063082281,10.615385778644972,18
108.64285714285714,177.53492664948433,21.53017165270311,72.05096161755566,10.556482938811842,18
108.71428571428572,183.8283231193103,19.61255285620653,76.01929957773993,10.277813203227893,18
108.78571428571428,187.4157910474005,23.749351761029367,80.89704544261113,12.094144834507428,18
108.85714285714285,156.45884536962237,28.10502407679797,68.90695822001432,14.158542668896594,18
108.92857142857142,153.30139326726564,24.631360183515426,74.33757928571877,14.386914367243127,18
109.0,168.89022414906378,21.671093631466142,80.09218503177088,14.304812628244507,18
109.07142857142856,189.43717366372474,19.580446590747005,84.61064568016245,12.845050178142387,18
109.14285714285714,192.64683881991266,22.77738638102205,89.4293623016675,18.020471179007096,18
109.21428571428572,165.75730044383195,18.645117411266273,70.1062197564736,8.383624673969889,18
109.28571428571428,156.28599156381262,17.396225298167487,67.45868207968995,8.973655028819504,18
109.35714285714285,142.5701093128281,20.232013145972356,58.83449940476052,9.692109697539136,18
109.42857142857142,118.35106194734344,19.547699893773597,49.74032581546452,8.972563871899377,18
109.5,123.51361613262124,24.195702371271683,48.54913263182278,10.589857793669152,18
109.57142857142856,115.94506569369766,27.57206734044525,47.87605249856126,12.65164571269332,18
109.64285714285714,100.67453314391419,28.213910672931895,46.038716851756824,13.403132484243757,18
109.71428571428572,109.09709769273294,24.154920290076895,49.02083261241788,12.803809426767662,18
109.78571428571428,144.78116736087372,26.170685227419405,64.2877149569937,14.002039190625041,18
109.85714285714285,195.62994496436076,32.120156197974715,79.16623000026348,20.70572389087854,18
109.92857142857142,190.38404261234513,25.023074899611714,79.3391367681406,15.926679447839769,18
110.0,180.67398685333484,29.39764837350302,77.50852723647952,18.69112847995871,18
110.07142857142856,198.914029338557,29.248365114935467,81.92648536081009,16.407531893408695,18
110.14285714285714,180.52072314679114,20.03390594913662,77.76415480307652,12.20752702391605,18
110.21428571428572,199.8327571544926,22.375112964404174,76.9791533535258,10.912988294021375,18
110.28571428571428,191.52882688225986,21.942251826533166,76.29904431371345,12.946966446430793,18
110.35714285714285,180.741479006302,23.856385193101826,74.83564321055981,15.18894805584027,18
110.42857142857142,171.18029975222018,27.252499329691396,70.76428277417479,17.51803847719643,18
110.5,161.87747151147556,30.48336049101782,67.66786590847794,18.623778317259045,18
110.57142857142856,166.0760992070443,35.640587200138825,72.03201462982416,23.182328756823654,18
110.64285714285714,176.40698705640094,36.935852385540734,77.01126564870803,25.104914318108705,18
110.71428571428572,166.734672022557,30.301485811167154,72.77840919880687,19.906633501219236,18
110.78571428571428,153.67153535507563,26.423568309064542,67.63530362825398,17.09539867818323,18
110.85714285714285,151.18090065714156,21.542922404183198,65.8344925081366,15.299697558569887,18
110.92857142857142,147.48220236165747,19.796336760379976,58.56876131411519,11.441298336463502,18
111.0,175.89607400763848,32.75741831977663,79.83095988055082,23.220230432075496,18
111.07142857142856,161.80840641381587,24.954159169021974,66.28931914326313,13.148639085516594,18
111.14285714285714,190.56573415059088,35.22676255715376,88.33717674051188,23.653723900516496,18
111.21428571428572,179.98554494544575,28.37429615687826,84.561960528892,18.095606737407884,18
111.28571428571428,167.33150055795934,28.82039879401004,69.45933708593236,16.83179322128017,18
111.35714285714285,146.7436052149549,23.390388311704303,64.96836654477382,13.573744925345814,18
111.42857142857142,147.6703344041285,22.829875152211432,64.02346601349075,14.458033145319257,18
111.5,173.448426979686,32.155186545326686,78.10181183040216,22.366111800204873,18
111.57142857142856,177.0661973976517,32.35851141056072,78.2841068574313,21.597738285014607,18
111.64285714285714,168.31501408228698,26.379868507833162,73.39164852612579,18.255123093368148,18
111.71428571428572,150.91729997964904,19.93453164686325,68.03372148510958,13.829219076689725,18
111.78571428571428,152.80806711364932,19.58891663792539,69.6053218144738,14.100289679047393,18
111.85714285714285,184.17070567901547,25.659103948842844,82.58504357384477,18.897544467830304,18
111.92857142857142,199.720423615263,29.223174941600455,93.45010091179711,20.6692542140699,18
112.0,170.46189507598203,23.434883643343046,65.97080135337988,11.021421704047848,18
112.07142857142856,164.20247837821628,25.12289423644309,64.38006026839595,11.629672116209857,18
112.14285714285714,155.42049897419594,22.52995329849215,66.69605665448283,11.164853203474186,18
112.21428571428572,143.14709888572096,20.498866619497363,62.24818528766851,10.700629620848133,18
112.28571428571428,127.66550909839539,19.836342853867098,55.55130285866299,11.092419175418783,18
112.35714285714285,121.39991723576712,18.2596367618435,53.553069998234,11.518453395363585,18
112.42857142857142,136.1139534164673,21.852831805528808,59.12294965264363,13.69366935590724,18
112.5,141.6795046913824,27.239474225741045,61.94451324889963,15.542234299801006,18
112.57142857142856,137.28472055611223,23.585728108477447,60.27155849178836,12.79736962057187,18
112.64285714285714,126.80013877795444,18.69493680248871,54.57193759194626,10.291001793594601,18
112.71428571428572,132.55267625230982,17.528498711842584,56.059164979435906,9.213548516668142,18
112.78571428571428,132.20002355478462,18.70001172346458,59.08365679706116,10.40229026056201,18
112.85714285714285,112.29872651695514,23.278001719100622,44.89072982514034,10.197757883722543,18
112.92857142857142,104.37166935796297,22.542582993940655,35.63755807104172,6.68879593718072,18
113.0,126.33539216136587,20.682471294696196,51.33206228519815,10.392902366336665,18
113.07142857142856,134.90585188309907,32.07582258626321,52.495755969151695,16.00912217301599,18
113.14285714285714,141.01552222624372,43.077154417892636,56.64535049591928,21.46961134787987,18
113.21428571428572,163.2392925174511,34.41220398847112,70.8620820721332,17.46362259636004,18
113.28571428571428,143.3141260416067,20.86902265451158,59.094672965779054,9.63218841161616,18
113.35714285714285,132.93724091882012,17.16514553959593,53.50200867855772,6.783966140689006,18
113.42857142857142,123.70487297861801,22.064545938838464,48.6846997570219,8.795944745533465,18
113.5,111.88675279286795,22.90755686792039,45.063631984400565,9.797677917955944,18
113.57142857142856,111.55300673701431,21.77181472244722,45.94445757165932,9.679574143764773,18
113.64285714285714,142.41317900241694,23.89910931395855,57.37943273196405,10.440509639329461,18
113.71428571428572,132.19465272858523,19.979981184065952,52.42739001640491,10.214523389998162,18
113.78571428571428,148.92398121153008,23.974475221306818,62.21664390844867,10.611222415297824,18
113.85714285714285,148.7250547421508,25.270426853163926,59.61932798280907,10.133371646633012,18
113.92857142857142,149.602790158743,27.276457545038305,63.40253379763719,11.656308721948626,18
114.0,146.12944098114102,32.93930756776993,56.68413459080141,12.557913457092683,18
114.07142857142856,111.97100737256365,28.515108166195812,48.68434635918926,12.936850834917745,18
114.14285714285714,98.17883851268367,11.886657217629867,39.0569364366021,6.662519366500123,18
114.21428571428572,126.2867646879155,18.898257009549113,48.692606495151985,8.569550609901187,18
114.28571428571428,132.54553313619405,22.003218022881164,53.11891088475059,8.061464962309504,18
114.35714285714285,133.87205775348474,24.562644146537014,54.5308520400653,9.768788102668891,18
114.42857142857142,124.56378469477947,25.537685586843274,52.88380194478429,11.79911415093925,18
114.5,111.24228292664546,24.928876221187537,52.7899757392953,12.518967106206278,18
114.57142857142856,95.63887308062576,26.483971005237994,43.66063372825772,13.011848948091927,18
114.64285714285714,97.11138303794093,25.151175537059704,41.34106811629437,11.78249090898926,18
114.71428571428572,112.9546535333925,21.114082835368244,47.50604993512065,8.850074156589052,18
114.78571428571428,121.30687532927726,22.29151116827989,61.173407821168894,13.043914272065605,18
114.85714285714285,141.98909368101985,25.92281563473913,69.3163091583912,14.128949738362783,18
114.92857142857142,161.72168554806123,28.368224049106974,72.03844689120864,11.98333041037572,18
115.0,156.61475492635506,24.32078066778936,69.74781643532175,9.297011648351441,18
115.07142857142856,152.62129455780206,21.41502162760559,61.3405783680026,7.220386133847558,18
115.14285714285714,156.20168017718052,21.420624750096398,69.22151126587706,9.316057953486109,18
115.21428571428572,182.14797590469746,21.207466337917975,80.24151085091596,11.340248101450868,18
115.28571428571428,180.59743724027157,20.635925674267344,80.5115924046814,11.52018390680453,18
115.35714285714285,157.7342282685665,14.021265559197495,69.74520970317037,8.54316370127174,18
115.42857142857142,144.2403081533975,13.014553973527633,62.937179890389686,7.149789927100073,18
115.5,154.15079803321777,16.471224261654083,66.79446295681728,6.863652945074386,18
115.57142857142856,146.82704973612823,21.005560941956276,70.91543697226558,12.131276101097995,18
115.64285714285714,152.12908893031351,22.641902998241132,69.2698254786302,12.34359041388627,18
115.71428571428572,151.07751073750597,21.12338519486875,64.04124279488974,10.23271030891519,18
115.78571428571428,145.46484323281518,21.894594008989362,59.60965451863917,10.532739139235685,18
115.85714285714285,146.967516486993,25.9368249170278,60.87974052517227,11.499396996254479,18
115.92857142857142,167.40993584505455,29.289916189372992,68.23797490971671,12.178251005137309,18
116.0,159.81584174290643,26.331555620632685,60.99068664684505,11.374477444055149,18
116.07142857142856,172.26057405596626,25.048373528795878,66.85669204705563,10.65026385415975,18
116.14285714285714,164.05396003390987,24.354348182675597,62.76014151431441,9.809676923274514,18
116.21428571428572,151.4001038164251,20.70141766237873,60.91601693041681,8.610197917643312,18
116.28571428571428,126.15743076729851,20.386921128130588,55.05532406098884,7.923076844266892,18
116.35714285714285,142.0089318547225,19.401786252805078,54.40092900265978,6.79779611943682,18
116.42857142857142,145.53696771080465,21.28322048006838,55.128842156218006,6.971106692940352,18
116.5,160.65444748016017,23.75742517746268,60.713569764324276,8.62423566469636,18
116.57142857142856,182.47219111912474,27.01337728992508,78.56335960467544,14.570001065937777,18
116.64285714285714,163.37230155375875,24.73756339640495,72.4169931640166,15.129170192434195,18
116.71428571428572,158.80563220595118,27.113090276526776,73.62664104035774,15.531903354268753,18
116.78571428571428,159.853616525877,32.80639935094497,65.84357255508598,13.011261913308653,18
116.85714285714285,150.65720861844932,32.2302653667505,63.870035325158504,12.222238677142023,18
116.92857142857142,157.95546688602056,27.083800966247136,65.82310659511298,11.447145657377128,18
117.0,143.10126411138063,20.740032112301506,54.712587949164835,8.114503318195487,18
117.07142857142856,140.07367048090072,21.989083712114198,55.435857034285696,8.058395220126906,18
117.14285714285714,146.393923081451,28.196509244766464,59.41819016372818,10.262868663130162,18
117.21428571428572,150.29239735258787,27.95703160286261,59.84671248655222,10.890361325795896,18
117.28571428571428,162.77967901719606,30.250896634283475,63.52192460975923,12.025825879561278,18
117.35714285714285,159.92125174313566,28.25069541415812,67.04570636717018,11.872728535685228,18
117.42857142857142,166.08158625046218,29.167327260920196,69.75003727096433,14.209036269470708,18
117.5,151.43451715301075,24.45198591734685,65.08281922612564,12.403497145894816,18
117.57142857142856,145.66142918159434,18.913528563669697,67.6424274713002,11.127947749508845,18
117.64285714285714,147.53324150093326,25.05271904309976,73.48756929863104,15.086666861167966,18
117.71428571428572,155.380480363369,25.663215165142812,75.0185869300821,14.912384540391699,18
117.78571428571428,207.9828768771817,31.108978719313562,81.99547177458865,10.552523476476004,18
117.85714285714285,191.29946377535268,27.386537824362996,79.70039161914471,9.725583994401935,18
117.92857142857142,179.795090020541,25.706647678022833,69.95213640122175,10.250644348039781,18
118.0,180.85601833824296,24.286562797190278,77.72021281243514,9.190188170091602,18
118.07142857142856,154.27429284446848,25.88203032205379,67.0632930937135,9.694439188277267,18
118.14285714285714,136.04545039734612,31.313191168334082,58.95963595099664,12.842793050463639,18
118.21428571428572,152.13524537625875,28.914702404139984,63.20952881234195,11.741515624589804,18
118.28571428571428,168.25030288309227,25.58997481890484,74.08610325390497,12.287031755859175,18
118.35714285714285,156.69845642864325,28.056809407017795,67.41484641400811,14.054106243928182,18
118.42857142857142,146.89579793003438,25.916150809044215,65.48435733241632,11.032782050470601,18
118.5,144.68351566681025,24.044789524018643,63.18561407910347,10.667029123172433,18
118.57142857142856,118.15995222764029,20.843927902745005,48.44598053707597,7.175912571610812,18
118.64285714285714,105.11222124449141,20.332278706975305,43.6908219723208,7.464596251718697,18
118.71428571428572,105.08816766331871,12.861724606259033,45.37956991395746,7.456806536216104,18
118.78571428571428,139.66491759510333,20.499927850313934,58.97003804752773,9.913550596325301,18
118.85714285714285,143.5147481811635,21.332567136581478,62.4622439380846,10.340427726328585,18
118.92857142857142,157.81474790413446,30.97160848741138,70.33634062318724,15.302360122046307,18
119.0,154.48773912000618,31.1154629642457,64.9919569591725,14.109463793938367,18
119.07142857142856,151.0651739398871,21.6623514382995,59.05024870624559,10.274595661237411,18
119.14285714285714,121.985811687094,15.773378143543264,57.64446327794308,10.654746305428553,18
119.21428571428572,142.40166186217104,27.395916566016805,62.705633044646234,12.907734251931373,18
119.28571428571428,157.23321636945246,27.743734508423824,71.01719384279748,14.447566760426454,18
119.35714285714285,182.62033058805878,25.08714403212304,81.36952826663993,15.37712767696904,18
119.42857142857142,174.49296057766358,29.39938457595536,87.93278079296692,26.079993604233014,18
119.5,144.0660311716194,22.9185199854059,61.454951161534815,10.427711914506405,18
119.57142857142856,134.3355262815917,19.735906993352735,60.61549775570072,10.820165305863089,18
119.64285714285714,108.49195380049099,17.529560721102893,50.908175090226905,9.017313496263547,18
119.71428571428572,116.16350288722958,20.986167556089914,53.276742251531445,9.639215520588762,18
119.78571428571428,131.98278607787944,20.791886002717067,57.55743774964303,8.42304160432064,18
119.85714285714285,137.1869770937459,19.965981466577535,60.01394813661859,8.832796278157481,18
119.92857142857142,137.6168821204278,20.651129431637212,62.3771342751682,10.73972379958533,18
120.0,141.89336204875997,19.98538486993349,63.409647750355134,11.243743001005884,18
120.07142857142856,144.53865962336883,22.74566634453675,62.97346511785973,12.292249294808634,18
120.14285714285714,126.440971789033,22.663819682391942,53.38720709962126,11.673368886424962,18
120.21428571428572,104.16208582858654,18.296954072219457,39.17497381398588,5.9385378647953155,18
120.28571428571428,111.45878217636344,20.871358841499923,48.04183305460783,10.11646096951728,18
120.35714285714285,121.80926245207756,18.371897697794815,51.7211575113998,9.480434376194017,18
120.42857142857142,135.91353769523735,17.236987226281926,62.21766661711346,9.748328836319592,18
120.5,135.48829377154445,16.69471832768568,56.898559685818775,7.818746885092694,18
120.57142857142856,120.56765203972928,13.959430703585381,48.55342291299913,6.8934970610455375,18
120.64285714285714,101.9369101658501,11.083669232175348,46.827591488249254,8.86784931524418,18
120.71428571428572,102.74167597130766,15.26136053437898,50.670981460196316,11.310956923836006,18
120.78571428571428,109.21387972242077,16.55823169813962,45.22675931679407,7.974701045476411,18
120.85714285714285,120.23474582298786,18.483918440211323,47.6987506088398,8.849731526912505,18
120.92857142857142,153.36269590152048,22.592289067326814,58.21001566731319,8.596729085345089,18
121.0,156.08469344711835,24.141366770766002,57.891642262821264,8.969300231459034,18
121.07142857142856,121.18954895753573,23.341911200289207,45.74999329083892,8.451238005537784,18
121.14285714285714,124.15701823979329,26.13547712035438,50.13032358498053,14.081964586213312,18
121.21428571428572,112.88667772689682,25.627128020952274,46.22163160985466,12.376784996073743,18
121.28571428571428,128.35036329446172,25.313356215811943,49.934217237424555,9.648610048966702,18
121.35714285714285,115.65022052484903,20.854139149888404,47.28657477431269,9.404937323084514,18
121.42857142857142,129.02686805226762,21.463027327247776,64.85519751924022,18.97845711758846,18
121.5,136.70445456441666,21.36924792925378,67.0093366632817,17.838063232328533,18
121.57142857142856,149.0813776104749,20.993103518850567,70.56017630551582,15.711090456072652,18
121.64285714285714,153.2053232013392,21.068464927847963,69.52628289886378,13.34235753037938,18
121.71428571428572,143.02133000598783,22.68901791680224,60.16389759709534,10.682984356913538,18
121.78571428571428,158.69544235038435,23.74763445487112,64.92929316548351,10.256210233769512,18
121.85714285714285,160.29956489259942,28.92522094781297,69.17726732742567,13.683829559750427,18
121.92857142857142,141.36529685118603,27.09780333755138,57.34113819509377,9.908924073695367,18
122.0,124.24652165251196,27.266506432778716,48.57064986919382,9.140093268241134,18
122.07142857142856,120.878031877793,23.643424006282252,48.54339759637893,8.84673543436998,18
122.14285714285714,109.07681485728268,19.902901840053357,43.046256708917745,7.546774106687918,18
122.21428571428572,92.70345037391948,15.32919724447624,35.99608095291983,5.99442069649985,18
122.28571428571428,87.0407522403524,14.53120025069531,38.35153712680362,9.956391421629963,18
122.35714285714285,89.31553322559638,16.568398993284827,39.400693502477296,10.997149453936268,18
122.42857142857142,104.92470045798186,25.073523826661567,59.12712427115445,21.811917714718902,18
122.5,111.00432019082928,21.7611334484975,53.722188757959806,16.814001365991945,18
122.57142857142856,129.64453178197132,23.2453786206409,63.57678412601673,18.243043540705703,18
122.64285714285714,150.12692953129402,22.60774532141956,71.70212780551162,15.757674105912349,18
122.71428571428572,132.51193104685956,20.786496671149774,63.41779909536452,12.843338820786718,18
122.78571428571428,118.64067229873712,18.890336119419896,58.03664135999499,11.84094105716528,18
122.85714285714285,115.86026131591692,17.782524027484584,52.99098058164507,8.854287719258263,18
122.92857142857142,114.29216245649212,16.667621469438558,53.34240376176653,9.545896317022542,18
123.0,138.2529230396027,20.498306106923806,57.036454268562345,10.570063808261628,18
123.07142857142856,120.19504792740395,20.156601264977077,56.753395303446744,10.673159598025132,18
123.14285714285714,118.00291706822455,17.30010608504559,58.51757567823822,10.688993171989205,18
123.21428571428572,117.14923923333731,18.7387701800549,56.48721571490169,11.472229271626388,18
123.28571428571428,107.56939334436566,19.58629892266711,44.11918515823305,9.822930009921743,18
123.35714285714285,101.38723807513288,16.06808054934868,40.08545431001123,7.274364698056172,18
123.42857142857142,122.66637631797714,15.28353662779885,46.760763334780385,8.792778067982349,18
123.5,132.71083192216742,18.153395312554583,51.33954639478556,9.69733608499761,18
123.57142857142856,131.54091192850586,20.900008695225882,55.07195344297544,10.532242306684813,18
123.64285714285714,115.26521206680155,22.764319678641996,43.97053442623697,8.61940682655604,18
123.71428571428572,115.26583425461908,18.35359172313311,48.92128080707245,11.06538483239849,18
123.78571428571428,117.9068506499378,21.547221324956535,51.58210529912912,10.405698619977533,18
123.85714285714285,119.54295684281685,24.525468647831136,50.8762176764279,11.106567595858435,18
123.92857142857142,139.95854915618165,24.034223880891872,59.07317123176929,10.637172819530456,18
124.0,148.61155308281172,25.395786101608277,63.40745038167767,11.052005363301443,18
124.07142857142856,149.48049746768342,26.535487039745014,63.46940597325107,12.128809288323671,18
124.14285714285714,142.02803665786277,25.422516016649478,61.41505703901501,12.086025179815733,18
124.21428571428572,135.15938664845328,21.805486063978293,58.0025656821993,10.407889014519787,18
124.28571428571428,130.36838322125186,19.054593959808724,51.58305953177062,7.985675395205795,18
124.35714285714285,150.975383494773,22.537451903039493,63.44325754270193,10.564184057444683,18
124.42857142857142,151.95001223257668,23.359715439982693,63.58201983631395,9.964450059263909,18
124.5,158.41883892262132,25.5682652608183,62.28684015425381,11.094858640008813,18
124.57142857142856,153.15234749557084,26.12259858197358,62.6661287420925,11.421810689537168,18
124.64285714285714,134.57008452327156,23.752793672530718,56.30075593999155,9.54934731032063,18
124.71428571428572,130.22015826396841,25.30404070650178,52.50576790815145,10.017947735278376,18
124.78571428571428,124.4193859457013,22.406557902388293,49.54409702975476,8.923399217540306,18
124.85714285714285,133.5852087792537,18.448019522353906,52.953794899662526,7.4558935438888945,18
124.92857142857142,137.06907918948713,17.51708118958122,58.15153392390399,8.073332017262237,18
125.0,107.93142253334044,14.907126904012117,46.85125584037769,6.888348522982479,18
125.07142857142856,118.35592791838937,23.12469426317398,51.24562150533615,10.264396187677523,18
125.14285714285714,128.11480477193854,25.29191173862206,55.9480256077424,11.57398012392199,18
125.21428571428572,131.60202388517658,22.202239019238203,56.68307571369738,9.371498209430948,18
125.28571428571428,148.4454308325154,23.61331919531179,67.63302823320313,10.432538540879902,18
125.35714285714285,133.1399833214577,21.33207325203009,57.034513978829125,8.691808202743593,18
125.42857142857142,121.97464990108911,18.89916554141702,55.7991329580268,8.272317122362836,18
125.5,122.35891724914148,19.481767234767887,51.561132374689535,8.321010754451466,18
125.57142857142856,123.75591214401427,21.089616573732314,55.14754988390492,9.18010645668481,18
125.64285714285714,125.17394831204844,23.098626688717562,55.86106719673627,10.205536612736248,18
125.71428571428572,135.60727854820627,25.100520946638714,63.20903235022286,11.01148323796613,18
125.78571428571428,112.24114588656819,14.896928900684367,47.034078058060416,7.15093659095374,18
125.85714285714285,119.64639005167716,23.824740097359594,49.02118430472824,8.73082063605973,18
125.92857142857142,135.9140092085355,21.918913244859738,58.0386478616733,8.764357469265896,18
126.0,139.87162580300546,25.109867412753697,51.57813541458601,8.65886490497194,18
126.07142857142856,126.69686751054142,25.385639625714024,50.28754298438531,9.26262450832882,18
126.14285714285714,119.13989990567696,26.206630322429955,46.9969953804743,11.66907810580198,18
126.21428571428572,104.89243348440962,23.952073242040402,45.414442581185206,10.424203319841014,18
126.28571428571428,116.58567667201218,22.296188895848303,46.4865238317974,9.98053097154775,18
126.35714285714285,111.89454863243148,17.983667207353168,43.586295707039916,7.110694989081125,18
126.42857142857142,102.0526891186349,18.635842848779973,39.87316896874957,6.382875983646698,18
126.5,100.50957355063056,20.786418203503345,37.44521416898167,6.986851109784979,18
126.57142857142856,94.29195563605111,16.354061686477483,38.50455406357066,5.643923099699217,18
126.64285714285714,85.89683203896308,14.496820406440772,34.383423266312164,4.948196733197489,18
126.71428571428572,93.29672785493499,16.340484545825543,36.91449106607841,5.596447312280019,18
126.78571428571428,101.46782473219822,16.73910298464563,38.476403336736944,6.397424035658326,18
126.85714285714285,104.87106367220478,14.572642088746834,41.49930503090223,7.420075436221823,18
126.92857142857142,92.65818835936177,12.63722924991701,39.56660566035237,6.778211695065267,18
127.0,84.11793837077393,12.87404958680417,35.406335424622974,5.549840104762499,18
127.07142857142856,109.16322570914048,21.168562838777145,46.6045925477848,10.700439746986744,18
127.14285714285714,120.88867123968564,27.33645054643455,47.56601892454206,10.555511778621065,18
127.21428571428572,103.45325192464118,20.499446492386912,41.730357303295015,6.952530116188481,18
127.28571428571428,117.94441973512828,20.135254599209546,45.06632253702428,7.242460586638502,18
127.35714285714285,129.12606270289467,20.580943069709278,51.50686796181575,7.425519482333091,18
127.42857142857142,124.20294527719022,16.539867526828374,50.90240422705206,6.102353884619957,18
127.5,113.59111005706956,15.3934124865634,51.411059343545524,6.691855605252565,18
127.57142857142856,106.00177190540614,15.711590487868754,45.135493050935736,6.816663062126006,18
127.64285714285714,95.21559719640416,15.866197342793672,40.71963963003722,7.20057374101356,18
127.71428571428572,111.91370266899145,21.798578334867127,47.50741057373007,9.35426321271289,18
127.78571428571428,121.3650351810797,23.497733662717966,50.68992577946532,10.067009721797854,18
127.85714285714285,119.18820150503717,19.342406348564158,49.59630025328511,9.389867232381654,18
127.92857142857142,115.28761176258216,16.28723281228542,49.77969131388916,8.371828359111197,18
128.0,123.98180225692441,18.553118301046563,49.83084960643453,8.267999877800381,18
128.07142857142856,110.76363611422023,18.151604614963563,48.92772321284575,10.712162437139472,18
128.14285714285714,105.33958091471631,16.047562426570135,47.25260161653529,10.779289303955837,18
128.2142857142857,98.41667593614302,13.285603133704889,47.06010783792245,11.735574546933972,18
128.28571428571428,111.58285560875532,23.421873558805384,46.408040785205486,10.107795712232825,18
128.35714285714286,122.03641221440135,26.689258138767947,53.70041772465175,11.965603150231876,18
128.42857142857142,114.50468508277633,19.664325968024066,49.213581610043775,8.085995946879923,18
128.5,115.39752755182421,18.54751604868826,49.461045439376036,7.615461340577409,18
128.57142857142856,131.4078044057586,18.42765605632041,55.226985275493895,8.719606993090975,18
128.64285714285714,139.37724678685163,17.90033841547264,55.49308389450157,6.093245763320886,18
128.7142857142857,149.57797989883733,17.509857203854903,60.90839800844333,7.647225279992853,18
128.78571428571428,151.64975662365939,17.663527667267452,66.89819704713365,9.239992610149926,18
128.85714285714286,147.01457981008303,21.346230635919216,59.08262534059859,8.498321184284238,18
128.92857142857142,143.21820604775186,22.4355874051658,56.42448834885877,8.797431035460468,18
129.0,150.28161123269726,24.06768595970432,56.24673323112189,8.040403679827383,18
129.07142857142856,163.36281781512358,24.26435286356832,61.712358532019344,8.429431166431117,18
129.14285714285714,141.30633374392718,20.03237959041049,50.74260079637377,6.588389461824988,18
129.2142857142857,116.02136532768418,17.47154892662268,44.058578049314825,5.471028452605825,18
129.28571428571428,113.74997331103536,21.373809000662906,43.01833742817966,7.682927710240057,18
129.35714285714286,107.33477648501004,24.560354219001734,40.04237744434623,9.440116778086798,18
129.42857142857142,101.21229048881504,20.209066049183942,38.543543851243975,8.520670666916894,18
129.5,111.32355068531477,22.306943718460893,46.47055692266519,10.185828398411127,18
129.57142857142856,109.76717828665527,23.770316580942204,45.021180780268416,10.48328536606426,18
129.64285714285714,97.29793683614054,22.2351708769429,39.539127439747624,8.501208326970183,18
129.7142857142857,110.73779052766248,25.967219017703187,42.96627584009108,9.104596097793328,18
129.78571428571428,102.1486659716805,22.794165904320334,40.1468273178113,7.717376249493732,18
129.85714285714286,113.37150232494741,21.056086367948485,42.28482187215742,7.608816400506817,18
129.92857142857142,125.89727219662889,17.03070473797216,47.95892219760632,8.133818095943944,18
130.0,125.5037515893412,14.783224705696188,49.959865741404386,10.011427332533788,18
130.07142857142856,122.00794555706183,18.192472106469555,50.461526387328256,9.35304483640666,18
130.14285714285714,129.08334025227634,23.5872077773288,56.05150919661919,12.126009477550006,18
130.2142857142857,136.8857156651735,19.47450694260922,51.68992043350377,10.69642120598827,18
130.28571428571428,140.02210811486196,20.30036507082659,56.10778413752634,10.041881518234247,18
130.35714285714286,148.17370179762273,18.604980726359358,58.76386184013894,9.564826155681676,18
130.42857142857142,138.97453699491754,23.83799788747035,58.355556854502254,10.893205357734509,18
130.5,144.61571076228228,25.277833917400656,55.52666451660008,11.273648654830248,18
130.57142857142856,133.52333061579168,18.903017686761473,52.276839759941666,8.60315353897726,18
130.64285714285714,117.50167891459519,14.607422655446396,50.33408421330293,8.03841758438813,18
130.7142857142857,117.54134464897844,12.860561098285036,49.19164421788573,5.802784217127214,18
130.78571428571428,122.31504759178225,15.588797511058301,50.729393849844385,6.127168154740919,18
130.85714285714286,117.70165915788851,20.56524937818524,48.576990815235426,7.982272558148121,18
130.92857142857142,118.13411262563591,18.958930516085267,53.718430766007316,9.188661377599255,18
131.0,112.847965397182,18.547854272134384,49.259818716938504,9.767585829985313,18
131.07142857142856,133.68001259023075,20.15778787343271,60.33854420619159,10.35479933869739,18
131.14285714285714,144.33589337874233,22.65688845144557,61.20925365360852,11.315033790208835,18
131.2142857142857,136.9668611323289,23.571829823901,58.59395976526408,12.618577651019113,18
131.28571428571428,145.3144997494889,18.371422538064284,60.451806878444216,10.733544271933846,18
131.35714285714286,136.35673140221687,15.868698970201654,55.642991565296136,9.352169275859307,18
131.42857142857142,127.28126639578714,15.96220645353193,51.00480646934776,8.68667996118242,18
131.5,116.47589877876452,17.106027705198866,44.53389018670494,8.809956305877574,18
131.57142857142856,120.95181145750189,18.926564388512656,44.71378149939826,8.294273638653545,18
131.64285714285714,129.2665440356179,20.940061140012876,46.78402135111864,7.530845415739504,18
131.7142857142857,139.8652663566675,22.825274481875145,49.328754800681835,7.451691755256214,18
131.78571428571428,152.5462609193248,27.3154727183029,53.18655360290469,8.832426533454962,18
131.85714285714286,146.11162931891374,29.62520339857664,50.68426668685562,9.287126916227805,18
131.92857142857142,139.53827931471022,28.491526324443868,48.85955526905047,8.959082775199168,18
132.0,127.44044837038673,22.970593401778437,47.89967710091805,7.879085929422699,18
132.07142857142856,124.88138980430338,15.458164485407336,50.386486015100566,7.14794808787706,18
132.14285714285714,103.05417262258338,15.992901230175987,41.730215873108925,7.86454131322128,18
132.2142857142857,108.66167832096366,13.076329643622042,51.269873926857755,10.23646750371981,18
132.28571428571428,110.02014140675305,17.793089605811442,43.28131320858669,9.238827676816497,18
132.35714285714286,122.58255366744727,20.800218076962455,50.15037347117498,9.57831744150461,18
132.42857142857142,131.7889898483756,21.524562823137863,54.04862888871948,9.266685691145234,18
132.5,123.29910831917321,18.737023136668775,51.376086407818164,8.339065575082868,18
132.57142857142856,123.79433451015144,15.45214977140027,52.94730976855796,7.838075864667346,18
132.64285714285714,121.69989968668469,12.626140010338375,49.649532552546106,6.114136927823607,18
132.7142857142857,129.23542738157474,10.14389900783082,51.81585097674962,6.971128425803646,18
132.78571428571428,135.21227238709795,13.557195686921773,62.10944107445762,12.703609314019353,18
132.85714285714286,120.85238366088656,14.657326361292697,55.49542939065665,9.487627096882482,18
132.92857142857142,124.7852334658165,13.367297779513617,54.81551465211832,7.809741641232428,18
133.0,129.59712780866886,14.627680773109796,51.86677523547194,7.1647971621803,18
133.07142857142856,126.91431983082225,18.4909346191701,50.318254272599084,7.700625432168585,18
133.14285714285714,137.6698695135947,23.346274571935446,65.46298212062676,16.833447064373797,18
133.2142857142857,105.66005208496615,17.83808586944305,40.70440026872637,6.001647853977587,18
133.28571428571428,93.760129962155,9.001405660456717,39.75829365165372,5.488376769869676,18
133.35714285714286,104.56408919675077,14.96851324281963,43.1001413643725,7.679631126016078,18
133.42857142857142,121.26406862224,20.748691681714032,49.68434055350138,8.505740833264381,18
133.5,116.14564530823998,20.818276867363483,43.35811078311865,7.503696430088365,18
133.57142857142856,110.74103875581208,17.035566220681343,46.8541285615496,8.636904417089287,18
133.64285714285714,96.28929799949562,10.475990857265543,44.03090975999701,7.545973517510914,18
133.7142857142857,110.6657168266625,15.261308840169011,49.42678390384863,8.296430119597659,18
133.78571428571428,115.06038241942157,15.90525785685402,46.31164156962636,7.978109080083345,18
133.85714285714286,110.46464274343643,15.3158843641591,44.71457863214821,7.299149167726201,18
133.92857142857142,110.32921007959352,16.475422703524163,44.72344542831663,6.983635853598574,18
134.0,113.1358072209109,15.761748726825322,46.338766313241926,7.074824852444494,18
134.07142857142856,102.48025538215632,13.32123574749017,41.893840536823156,6.347036189256905,18
134.14285714285714,128.21934061684053,20.384715886738892,60.38043249356137,16.822491454009956,18
134.2142857142857,120.9962308089457,21.689634807641205,48.66536562410458,11.668868669184914,18
134.28571428571428,122.00666358162269,20.106161416142704,56.44047030844664,13.555154983534843,18
134.35714285714286,95.21031051222359,17.56655608260938,44.10963677031635,13.400302480639342,18
134.42857142857142,99.13301189857431,14.701916039191207,48.10718280046439,11.141896395587588,18
134.5,99.68206785740263,17.603340448764964,47.42726099359922,11.695806811781212,18
134.57142857142856,111.52685023781733,18.333832060463745,51.04239917967666,10.47486310248033,18
134.64285714285714,106.97777894725951,20.20243640028153,45.8695532377211,9.82279016771364,18
134.7142857142857,107.3031192107217,24.80138719174865,48.43297230609487,11.796328947722401,18
134.78571428571428,107.37687833670591,23.82518207836765,50.46426936153317,11.745463876885534,18
134.85714285714286,104.21389066822495,20.491296208234825,50.23133864431837,11.050361246980376,18
134.92857142857142,99.98864612722552,18.968972559129035,48.61830209186415,10.830811682213463,18
135.0,121.5136470160235,34.69757072764723,69.04390408798344,30.466351937685705,18
135.07142857142856,116.98197755963139,38.45706371568593,67.56518846220624,34.18190030341501,18
135.14285714285714,113.80179792942145,28.825015110129137,61.403515411852695,25.89498642464381,18
135.2142857142857,100.41219335403157,17.308412796946143,40.18680252701613,6.639485173825548,18
135.28571428571428,104.33787395374127,16.502155275580915,42.22545609736536,6.6644002063794945,18
135.35714285714286,101.08189272056252,14.650134095543246,41.440619884947665,6.354179472026213,18
135.42857142857142,105.00035690049889,13.32000065891054,45.6837830163353,8.301860419354865,18
135.5,100.75778485326916,12.704122485395793,42.892467036610164,7.709334077747844,18
135.57142857142856,107.50877038704421,12.62266922252566,43.27889378076394,6.117845323910776,18
135.64285714285714,114.94804324169223,13.401958984861999,37.983006556236084,3.5730603514508585,18
135.7142857142857,115.14933636455854,14.224489956140431,37.88282876171261,3.4506757610322687,18
135.78571428571428,127.55632555137184,16.857521995965545,43.0447417442492,5.3462406792555575,18
135.85714285714286,133.46575166052523,25.752259953643367,43.77878847700901,8.6174301381377,18
135.92857142857142,132.26198312979847,35.182527152923385,42.813529466363825,11.983840482374942,18
136.0,124.3252560884335,32.258090875056716,40.20272692009027,10.814044305988988,18
136.07142857142856,119.08664731870824,20.810443976055883,38.624355647460604,6.611138199288386,18
136.14285714285714,103.27845028005925,15.001010259249782,45.34844163764453,11.976673511090437,18
136.2142857142857,105.00339275718807,14.980370479919662,44.24143922993166,12.306163625128052,18
136.28571428571428,96.04808482801899,22.383330670225057,43.0278112478179,14.887639133677489,18
136.35714285714286,99.77296223846648,21.214736730394815,42.48322165278043,11.409533396659953,18
136.42857142857142,117.89001296678461,19.723744006311296,55.318140102652286,11.182852483243986,18
136.5,145.85744555876028,26.85449786032857,67.5299233735579,13.12981229449644,18
136.57142857142856,151.79609926564214,28.78164932317743,69.48085467489577,12.778414608583832,18
136.64285714285714,156.4955135395845,31.306454900229937,66.1097541324335,13.016323392681793,18
136.7142857142857,148.51045474466855,26.035505498220896,61.681025554919266,10.89591228891961,18
136.78571428571428,146.5221588798004,22.40166682582946,55.59620105081808,8.502663138513768,18
136.85714285714286,167.8248228013463,26.08342902254804,63.94693668219929,9.506208178162654,18
136.92857142857142,164.85186875856536,29.72745944923331,63.67612419300331,11.473611292620008,18
137.0,159.6103119945891,31.720347015073454,61.48242871510073,12.196198492218315,18
137.07142857142856,149.31061042691053,25.07635427691602,57.86792140949205,10.379192263585967,18
137.14285714285714,131.2329918212376,22.62439488597483,51.68046486554529,9.539569785719753,18
137.2142857142857,139.8594005347831,24.354924921415545,54.23925800772829,9.442637839277314,18
137.28571428571428,136.1894233121022,27.281322195920477,52.51290260601357,9.924443217254309,18
137.35714285714286,117.12319673868382,24.372413809783882,41.47206343701967,8.234310703885324,18
137.42857142857142,132.91757035535394,25.779841499171415,46.54677359819698,9.156680104351553,18
137.5,150.6662519255064,30.798800678756933,52.33019619237087,10.830615096755503,18
137.57142857142856,152.56402354293877,34.436630955463066,52.07720523494312,11.775464048585262,18
137.64285714285714,130.49430940776466,31.297777773621053,43.89912684321802,9.718594654192684,18
137.7142857142857,133.16238358684652,24.935188452663677,46.26452312138329,7.840157612995731,18
137.78571428571428,143.9575821836164,25.52509944480462,64.76681366090575,19.50669160624209,18
137.85714285714286,158.23492273249877,21.903683651486343,68.22058210507377,16.485129243745927,18
137.92857142857142,152.96628049526495,23.317861944189257,67.69208987948286,17.735955399927242,18
138.0,157.67455931047925,25.49828384395489,71.13177616135815,16.167090713224997,18
138.07142857142856,154.76205908765402,27.77358550294165,69.88187858347325,15.042596759142462,18
138.14285714285714,142.36200139388822,27.33535104673876,54.581551730582426,10.759986028777334,18
138.2142857142857,124.74263829572067,25.67845659080172,49.17974589202327,10.997028440497536,18
138.28571428571428,126.8838704390154,28.101061511283145,61.534828939399546,19.652472583358282,18
138.35714285714286,107.53993285560452,28.288536067284653,55.16270388082002,20.569811353050678,18
138.42857142857142,93.0800318712843,21.431151383521872,48.14521761274584,17.02509726500791,18
138.5,117.84733002848233,23.619901814978803,58.38394077942148,18.463296149295722,18
138.57142857142856,109.6728292770464,25.122049214530744,50.36043086493127,14.543493067294117,18
138.64285714285714,91.47530188257642,18.321427959231027,42.77152133326031,13.099705883462578,18
138.7142857142857,99.96569040504282,24.11841261298125,51.327653094604244,19.853305205400034,18
138.78571428571428,116.72346934636484,25.098199251797023,58.70142359856806,21.5880738401713,18
138.85714285714286,99.2332412753926,16.99824602849396,46.419354221421855,13.459056054429174,18
138.92857142857142,101.38636267113696,15.62013883758588,45.329177507936684,11.724310831160821,18
139.0,113.48941781229864,17.9416243512842,47.86147681158015,9.57875014433315,18
139.07142857142856,107.75307611374687,12.427809643514786,52.383868986435985,10.21047691012064,18
139.14285714285714,111.46518639104707,18.889402390845174,60.065670198124614,17.548834019955752,18
139.2142857142857,88.31028515149957,14.560220390419572,43.504445497561164,11.94373141679878,18
139.28571428571428,107.8303463938797,16.09732242978668,45.88126951828879,9.286184528484583,18
139.35714285714286,100.28034347825927,15.493770653792932,41.98871787640075,7.469710463816529,18
139.42857142857142,100.58053925225902,16.026155822054008,44.11851279497047,7.575586126636107,18
139.5,81.1524308149758,15.171871141081484,35.614540763508515,6.203613499544852,18
139.57142857142856,92.25497361718125,20.327927319637634,42.68579250806984,9.580183339960875,18
139.64285714285714,100.88348401841276,23.272637320351524,47.15471017188194,9.530315028002635,18
139.7142857142857,119.78246123194775,25.557544243870463,50.864776578500404,9.380052330693632,18
139.78571428571428,131.13608073030665,27.046093179226936,52.30499163732633,9.672313711935102,18
139.85714285714286,135.8883750526826,25.991062529052247,56.227191990536056,10.186884620805937,18
139.92857142857142,129.88046507089757,23.55649048752365,57.7151432482745,11.818144114338446,18
140.0,148.50549134202276,27.30685469105182,75.101869792086,18.710410663925806,18
140.07142857142856,144.41146842923672,24.027277823838503,68.59690234783467,13.778292054456909,18
140.14285714285714,149.45126113086098,21.67339871271822,69.77521371296538,11.8842088968005,18
140.2142857142857,119.94640571072654,19.049633663516943,57.86115759664266,11.898222341468749,18
140.28571428571428,108.67616354000533,20.02575979632237,50.557292931272286,9.978702609452293,18
140.35714285714286,109.31007151315671,20.38393588734522,49.89867601269595,9.609138876712565,18
140.42857142857142,113.38837106895215,21.149714604883204,50.93256493343126,10.345665277627479,18
140.5,115.23637590776818,20.963017753571823,52.01813079926291,11.093506448502184,18
140.57142857142856,125.0437405845684,22.03870480788587,61.955804479217875,13.273201284886268,18
140.64285714285714,132.76540379992758,23.76807792799155,62.630978378780654,11.689290898035201,18
140.7142857142857,140.64499198011967,27.0336209011116,63.16010098727566,11.91194908067044,18
140.78571428571428,142.0232045043925,28.274163103248696,61.79126379423037,10.915144146208716,18
140.85714285714286,138.03526952484015,31.78913138051151,56.54733212343938,12.26504560738302,18
140.92857142857142,126.16087786519127,25.762448330168787,50.453370610996004,10.337103070104904,18
141.0,126.75934068247825,24.629809616377006,53.34939095324186,10.72179591259942,18
141.07142857142856,151.98451206905852,32.663523915991796,69.27285176474743,18.440944466291718,18
141.14285714285714,153.3600045959177,32.03674077060562,75.8827218468852,22.754748783680363,18
141.2142857142857,141.26516343487535,25.266628280014423,69.47556080154433,17.323420652270336,18
141.28571428571428,113.39095168647373,23.915705564481677,50.73230127504839,10.030915117103296,18
141.35714285714286,120.4790146135917,27.79936100431384,55.37962598843467,11.713897438468916,18
141.42857142857142,126.52056873846232,31.92430776329756,64.11761860567967,20.778240035135784,18
141.5,121.71894108772375,29.06741656346477,61.56157559578134,18.51625395363913,18
141.57142857142856,88.17836513755014,24.553037711465418,41.21277801255782,10.870283334399334,18
141.64285714285714,128.6739754418495,37.27632374114835,67.36682355396891,22.44415336781137,18
141.7142857142857,146.11894674307806,41.686695801660036,78.29834100598673,30.109702251236133,18
141.78571428571428,147.0919706007735,30.90738221140638,84.9682060753885,26.219753248081773,18
141.85714285714286,133.56312163490853,20.245071316492506,62.83901533136992,14.259785807157046,18
141.92857142857142,148.97829742919606,24.713685116750344,69.70585925070279,17.211726265561165,18
142.0,152.68478902081768,30.655153041626598,72.87294740545994,19.341590592037917,18
142.07142857142856,148.32785766005057,28.20536668609431,71.2698553746265,17.21430669541789,18
142.14285714285714,138.55633659817403,20.331942629493565,56.7572158301427,13.611573084744998,18
142.2142857142857,122.42427875923191,16.872410501120044,45.2366311075236,6.01624142578063,18
142.28571428571428,134.48050695514306,23.097098797587986,58.21065122362821,12.81377263800148,18
142.35714285714286,155.48735128968644,30.106769626916787,70.95454649571222,20.18664595875894,18
142.42857142857142,139.34856622119713,33.70726844192557,67.66157756918402,24.788036339293463,18
142.5,131.27509208320808,21.3980985775429,59.59495098805299,14.47035270851617,18
142.57142857142856,112.76189560488841,19.637809923638837,47.36361092070244,7.745686932664723,18
142.64285714285714,114.82974394296978,20.15511043937408,50.11892069696394,9.047567995673516,18
142.7142857142857,109.91076435715333,16.3775629221818,49.88338421452033,9.72132950471221,18
142.78571428571428,114.4114513893161,14.072334170688467,52.48667787716683,9.580842965983106,18
142.85714285714286,109.99138443484917,20.006918981569783,48.150638158015354,9.250008950848004,18
142.92857142857142,117.30548081868166,25.879309274578286,54.3122190915753,13.374515425562905,18
143.0,143.36714898119217,26.22822216961499,74.20170314238527,18.886616468947693,18
143.07142857142856,155.266263187745,25.632575429180832,82.3172000067273,21.620239641324048,18
143.14285714285714,154.71831377024247,24.1092814890733,80.94012994594269,20.781471683473132,18
143.2142857142857,158.11832866250367,21.88358578371818,79.50027663411845,17.634639136254222,18
143.28571428571428,140.56067998194962,22.620216950129823,61.06638820334823,9.821345100625736,18
143.35714285714286,127.16089291621638,22.261986029971016,58.459440664528096,9.648605536145519,18
143.42857142857142,118.20033287162907,23.285809752274453,49.71128146820005,8.975304210766154,18
143.5,106.76578401731376,17.64989216753552,53.05875579791425,13.261598407321216,18
143.57142857142856,120.1907972981404,17.254461531442853,53.43175897512093,8.786426684620373,18
143.64285714285714,121.99087257607783,22.591111864215744,57.50140435814494,11.091907121134184,18
143.7142857142857,131.7448048562687,29.550359035940403,55.90683069727338,14.720296633586866,18
143.78571428571428,115.32749571117806,25.4747190629302,53.48151489098798,14.003868037916057,18
143.85714285714286,96.2834705729066,17.71995721954173,41.273177691591286,8.926725652844963,18
143.92857142857142,90.49567122427612,17.580536360890125,38.14509716405749,9.130938754568664,18
144.0,97.86583227622965,15.74260147254851,43.97498000557712,11.199628645923358,18
144.07142857142856,105.02549021114194,21.677216497458645,50.045132801620404,15.240379102412112,18
144.14285714285714,108.04085696443732,27.80641793917809,52.050216883076025,17.136422387916085,18
144.2142857142857,112.6619589272291,29.045030576337894,43.779501211563634,10.840903810131188,18
144.28571428571428,126.10148025845328,30.43932696086586,47.14064997822712,10.860772592791015,18
144.35714285714286,143.43040249547263,31.46131911856425,63.875856141722224,18.5039761237592,18
144.42857142857142,150.75947110709228,30.278441878128167,73.88490568317489,19.653034827196237,18
144.5,128.31664205525445,24.489984127363012,61.79253053483335,16.26413797410353,18
144.57142857142856,123.19150355034516,20.412953033147144,59.43329089428032,13.977330046222468,18
144.64285714285714,123.61127192171672,22.250287131531305,59.901473539564975,12.558252326443549,18
144.7142857142857,133.87095679636963,22.25622194571832,58.925418864794445,8.997389634060251,18
144.78571428571428,130.26679335594332,25.35182192436792,59.66605686197457,9.515162681999872,18
144.85714285714286,100.7566726363112,18.56915026142271,50.89124804996935,10.845457223259025,18
144.92857142857142,103.60190318890075,19.628437961829494,49.71456604286535,13.935051337724216,18
145.0,100.72343584420568,19.5321472863535,49.75874808968378,15.461571684298283,18
145.07142857142856,102.5240663799735,19.182590930353122,51.51494775570188,14.302125388192616,18
145.14285714285714,116.39077985238501,23.122918790002306,57.47906663932118,15.002858203183191,18
145.2142857142857,117.14066131167037,23.48816349715229,59.18987623447995,17.178819675979934,18
145.28571428571428,145.66329965857406,23.916054037091108,70.13402564960407,17.934939623058764,18
145.35714285714286,154.44638979136218,26.005025995338933,74.34510869700176,19.113409583928107,18
145.42857142857142,154.8436548806643,25.034090903166277,79.86157290708022,18.685859729293778,18
145.5,149.3933968912396,27.032470021137502,70.54689471256239,16.69006042327939,18
145.57142857142856,126.55482178043711,20.813006877588396,57.124717804899504,13.120397065704076,18
145.64285714285714,144.19668736118751,25.09743496155301,76.37429543688175,21.22557517373172,18
145.7142857142857,148.73211018413826,28.354498182772563,83.78609244591846,23.57142326679484,18
145.78571428571428,144.6508531206957,24.80604220694795,78.53647312287956,19.985878464099763,18
145.85714285714286,131.4269901650442,25.490867068173554,63.91041628481298,16.955090854284133,18
145.92857142857142,124.16013694948707,21.99558093471462,57.80316204800115,13.614475356757897,18
146.0,136.5184134430112,24.40958815369914,70.24124315866247,15.23028740105621,18
146.07142857142856,131.08209679252562,26.07872268047881,64.65675680789482,15.081232931739244,18
146.14285714285714,145.08052847059565,24.262743890113363,68.08708120251302,12.477238859330857,18
146.2142857142857,135.75043328777275,20.939809798757302,61.85956518265048,12.258069796545294,18
146.28571428571428,147.38193620445682,26.880548520406744,68.54361735181273,15.37265221078931,18
146.35714285714286,140.43528098699315,28.936663915954377,65.08511718780285,17.237962440065296,18
146.42857142857142,138.9425412535009,27.387531023938486,64.65229560237567,15.980405204200986,18
146.5,143.8463433517757,25.340799641905058,64.52318256491375,13.96231392048568,18
146.57142857142856,128.58415851248958,20.650500558838647,60.95642007984339,14.787406371022772,18
146.64285714285714,118.75457084269686,20.13156508083642,55.449664419043884,14.591926017988452,18
146.7142857142857,109.38146096535044,18.753934664622076,50.360848647323735,12.524383191841915,18
146.78571428571428,122.61554415478203,21.279965756554642,55.804873772390934,15.370895320095862,18
146.85714285714286,118.5783135845554,19.177913915500984,53.38583727217695,12.710888217125078,18
146.92857142857142,114.72461138263311,16.47661439109808,48.779762004998375,8.053421223788305,18
147.0,111.29509815899493,19.142585614868064,47.14705125458458,8.199737115883218,18
147.07142857142856,115.41319364566428,22.36254583404241,62.741091800912045,19.250393300118997,18
147.14285714285714,125.94584504366722,22.576286561430578,70.17989576629506,21.549079807706576,18
147.2142857142857,130.34715937498459,19.74662672104352,67.98743572304583,19.10991912728743,18
147.28571428571428,122.03901294192939,16.449316745354245,61.031725182320734,14.650564404522438,18
147.35714285714286,100.48024336558076,15.580295174624212,51.60213887765598,12.952361050636709,18
147.42857142857142,92.87883837824798,15.55349725178813,48.421621549622934,12.22413033497645,18
147.5,84.03074956375394,18.18622968259708,43.31978514904403,13.409271861244537,18
147.57142857142856,102.36389520871153,23.923282704314843,51.106785449881315,18.934288101305373,18
147.64285714285714,131.58929735150565,22.935058654221258,66.5462786369832,18.293021447293082,18
147.7142857142857,131.9540950552974,21.418398648728036,66.08041052615926,16.83083449540052,18
147.78571428571428,114.29637909344669,21.528546119474814,44.277757354388896,8.891424761978266,18
147.85714285714286,111.42844008329575,21.83223838375442,45.328284432679865,9.774302152430483,18
147.92857142857142,96.215976425239,17.876844762920513,40.21828586087275,9.61115704022771,18
148.0,104.17113275512577,16.551469019150208,34.94747243912729,5.5085153936726785,18
148.07142857142856,124.25241724175355,24.256283135408932,53.27485962610676,14.882741827983638,18
148.14285714285714,132.21782745047625,29.160852502784685,63.324300843069736,24.378590646687417,18
148.2142857142857,137.2720421548209,36.109932068371315,70.28995020542709,30.704931074626266,18
148.28571428571428,124.21214221543495,29.18945657818543,60.801619751854595,22.863895833869716,18
148.35714285714286,114.55817296541622,23.292788247493075,56.37361809315746,16.249103732126844,18
148.42857142857142,105.86820445926136,20.167396499877455,52.14144916129662,14.088884425407619,18
148.5,108.76191066227186,19.631310025582007,55.778453432989885,15.708510880259242,18
148.57142857142856,105.39229188248852,19.828510819740096,55.50316611946471,15.346318722509551,18
148.64285714285714,105.53429263065611,17.371838014235937,54.410685655598364,13.926553574155761,18
148.7142857142857,102.89262393697759,15.93781392864164,45.3620020874399,9.556127453660293,18
148.78571428571428,124.58477897825507,25.3946257792906,68.17585307664906,22.856469215331067,18
148.85714285714286,131.52703899395206,27.229054906308935,69.7316944946569,24.457069478665254,18
148.92857142857142,122.74841925031716,24.146555755896863,62.32294426929614,20.273090785104262,18
149.0,119.79333935843232,21.27384194340724,58.163462527402565,15.071221552287087,18
149.07142857142856,126.85330316635032,20.897456314455365,58.530784680689564,11.749779141949627,18
149.14285714285714,112.14183341234312,20.496796191894138,50.056609860915714,12.921899663599051,18
149.2142857142857,105.88620875764751,16.529627206688854,40.84062929110725,6.686721367838617,18
149.28571428571428,103.23097511690797,19.557685555704968,49.132512942726215,13.263632021800191,18
149.35714285714286,123.2303566394922,26.74787164030324,63.97819251416496,22.46061439305191,18
149.42857142857142,126.920606299323,30.623279916988025,66.68008215316588,26.601544438167643,18
149.5,124.90956778496516,26.11230874099936,62.30984715680553,21.7015436473486,18
149.57142857142856,114.16689392505096,18.773578918223638,59.86591455957367,16.408464563571123,18
149.64285714285714,109.93820984514734,18.301989219085918,59.006395124968705,16.09597527925663,18
149.7142857142857,118.31003818387131,20.59287355256836,62.14748116877696,17.846683803181097,18
149.78571428571428,119.87743044948968,20.77127482958434,60.99094884247518,16.47582860026793,18
149.85714285714286,120.13765893945886,20.34476922063418,60.00769323681925,14.389389989921192,18
149.92857142857142,106.9555269647219,21.61748800663902,56.81368541839681,16.56915733357736,18
150.0,115.14372862644404,25.616005618647165,64.93122617457762,21.826828851874357,18
150.07142857142856,123.02876960922586,27.10837667161786,70.61254261886694,23.221407450841557,18
150.14285714285714,104.70224831961197,19.85759163223096,58.81557430781635,17.128962477633944,18
150.2142857142857,117.61650878376659,20.40459393163759,54.31462600314263,13.379360598360295,18
150.28571428571428,120.81312953693863,21.90355425981208,56.086919369780944,16.79780730843579,18
150.35714285714286,132.79736804652367,25.93486277106616,63.03104536053731,21.721559647850473,18
150.42857142857142,119.81306596738095,21.575084250513456,56.57643069757029,18.334305914792676,18
150.5,121.851194405501,16.219644672177903,63.451378218795796,16.41590215860366,18
150.57142857142856,109.99654331467595,14.835922982105712,46.124814502234535,9.532317131269387,18
150.64285714285714,122.33726284664179,20.283350205474438,52.18327993380496,13.567065647367999,18
150.7142857142857,127.53821208260122,23.636175842041098,56.41712811497015,16.16268058244261,18
150.78571428571428,127.38561392547639,20.29017791219771,62.41315743948896,17.420039679540654,18
150.85714285714286,117.44573682663186,19.192707201581083,55.941793602505584,13.751449326136447,18
150.92857142857142,126.95352824217488,21.123854880825533,58.53564343363861,12.499222702978166,18
151.0,125.95173468648387,20.818275665454458,54.49281487820368,10.297755549790693,18
151.07142857142856,119.05151332963642,19.123456523805164,52.4998096467335,10.330940027317654,18
151.14285714285714,104.63538940060184,19.12787640801635,47.600834364659136,13.024330003915058,18
151.2142857142857,118.73445862494793,20.993843479752236,60.005189301971654,16.689837388415906,18
151.28571428571428,124.54750419480159,24.26023009785273,58.38229300719608,17.469848774969847,18
151.35714285714286,138.33336157590213,25.977479344091638,68.02875909380356,18.84973533315491,18
151.42857142857142,132.00620589975074,26.155025125078353,64.40794176604518,18.742115732925402,18
151.5,111.94124054160044,24.522932715997253,47.06890795198744,13.074848618107431,18
151.57142857142856,153.1981092771865,24.535411948214684,79.85621557560877,20.42248742122499,18
151.64285714285714,158.102222335961,24.682865237951262,72.58853117717096,18.25902149547077,18
151.7142857142857,153.54210942160213,24.300451470668584,69.52710237795371,15.796774824459437,18
151.78571428571428,107.70118857444514,17.968703297012745,39.65215991056496,6.33866765343046,18
151.85714285714286,91.63596293397744,18.27590721853712,34.25912036175415,7.070725216880762,18
151.92857142857142,105.45927314893507,24.23399301964334,37.450373886743705,8.250643653421106,18
152.0,114.49397844707721,25.80569302222921,40.34314048360431,8.768118479727299,18
152.07142857142856,104.70788901804644,21.711933376569753,38.012710304470666,7.727602075978379,18
152.14285714285714,110.62519055482788,19.758090411186085,40.173933321396625,7.628469667141096,18
152.2142857142857,112.57587916668012,20.129559427150085,41.77211760142676,7.838348962688857,18
152.28571428571428,125.12868550451051,26.61046255369364,53.01230953937523,14.338874730316302,18
152.35714285714286,122.00520154083345,26.251032217751664,51.43423023145376,13.173212149445394,18
152.42857142857142,110.88806991838189,18.0676280729317,45.486855735685566,9.031651699229876,18
152.5,89.53979239892081,13.915503207050566,37.46163728127397,7.503802261094004,18
152.57142857142856,103.20013804898574,13.372168839757707,40.462170953494436,7.418617105475032,18
152.64285714285714,129.46669146415138,14.250727926910715,49.63675473515223,7.304130456041468,18
152.7142857142857,130.08073652031686,17.66519702684407,48.97233707097174,7.857036425944083,18
152.78571428571428,130.16811148956018,18.084410898175307,48.3291251982344,7.592014577652005,18
152.85714285714286,152.1251032289394,20.952782502714694,54.88496621796399,7.6809589547939465,18
152.92857142857142,172.97801834739332,24.852237466956655,67.6791453254182,11.360446315328021,18
153.0,168.46039214126722,22.55051371867512,69.4594303515436,10.403775514295324,18
153.07142857142856,156.50142393460249,20.79910298441156,63.690787675113924,8.71036509349953,18
153.14285714285714,133.54998114834848,23.378938671408463,53.47291993255382,10.948223161479255,18
153.2142857142857,126.93399027574374,24.027562456174874,51.201272279117845,13.191756825714396,18
153.28571428571428,103.79514117372081,16.86842471608722,36.63563303023907,5.461967781251317,18
153.35714285714286,105.2001468890196,20.553604171144165,38.686456933516254,7.116990641242472,18
153.42857142857142,104.0026355806915,24.703182332557105,45.37962139883738,12.247387827252096,18
153.5,103.0349824446587,24.9058357304279,39.9809617513064,9.097181200265352,18
153.57142857142856,101.14507440389639,24.418437575923853,39.067963994024375,8.725709451404455,18
153.64285714285714,131.4758440259429,28.22406763733138,50.2562840550297,9.705939146940338,18
153.7142857142857,131.72519251142978,28.833139643961015,50.83232120019898,9.828104239379373,18
153.78571428571428,126.56120487454614,22.746116829593404,48.833926122341246,8.762183318898245,18
153.85714285714286,118.67487801058692,24.067529943663956,46.849482865839455,9.442627057653116,18
153.92857142857142,148.8241743531135,26.151104035264254,64.40669533422272,15.24196809992991,18
154.0,119.05947203790868,19.735247372677165,53.43094889209143,12.354419541239901,18
154.07142857142856,102.30805206635175,15.340728126301833,42.89309201383628,7.405205409586472,18
154.14285714285714,85.25403661897481,19.210290747075277,35.88842092319795,9.02938607216157,18
154.2142857142857,95.73250964257059,20.706711504786956,39.2868250967834,9.095742712830098,18
154.28571428571428,97.55841316844075,22.49951970023793,42.677971691378914,10.779034508231703,18
154.35714285714286,91.35440907570491,30.461982450286982,37.30190154337866,12.39038767782184,18
154.42857142857142,103.76602260615142,30.82165744803252,40.97891415787767,12.236982416515488,18
154.5,96.47090391467165,26.919627255489825,37.14745380071864,9.813389229642421,18
154.57142857142856,112.52075377076504,32.04788437858624,47.36121366878669,14.993123866825899,18
154.64285714285714,78.92614441797922,16.10176082348266,35.039461314690726,10.769378825335709,18
154.7142857142857,77.89124154390208,15.412706027099196,32.26140077364274,8.16969431192664,18
154.78571428571428,98.4128636041671,20.871936088621236,38.34068965202604,8.678522840990157,18
154.85714285714286,116.83677755492272,22.322208912224845,44.71164038566623,8.83709051281183,18
154.92857142857142,113.78130093854871,21.379423220748496,44.56216184940519,8.945523760227518,18
155.0,98.34989447485307,22.730100714802564,39.67490641272462,9.272452341830196,18
155.07142857142856,92.8907474780479,17.98857447179738,38.380345753064105,8.026373251492359,18
155.14285714285714,110.79659499888146,22.026365690408692,43.42531832359742,9.415326662876172,18
155.2142857142857,144.4703864309076,29.46972441829781,54.975549669690736,11.179788392159804,18
155.28571428571428,145.77317784108226,36.112476348617584,56.31915644030102,14.017654481007364,18
155.35714285714286,136.88701898885242,33.54749491526287,61.9665615654093,16.63375135613784,18
155.42857142857142,139.18397780633296,33.03104763744138,62.35408667541731,15.291373900134888,18
155.5,129.72363300628467,27.101178501835616,56.887532201431306,12.550373716632574,18
155.57142857142856,136.6519395145028,25.11453059896252,59.10621780112715,11.831137638743138,18
155.64285714285714,129.25312733981556,19.48492053458229,53.94515129795358,9.33376156231419,18
155.7142857142857,132.744096331437,17.734680476130276,54.215674260654076,8.281407506478343,18
155.78571428571428,140.53262203717313,17.228505913409354,60.231019913838935,11.577860169112915,18
155.85714285714286,134.91134698051084,20.13136936987846,51.07475491123019,7.406321098825052,18
155.92857142857142,132.81229014826806,18.185296618460825,57.87975170514239,11.985397140341108,18
156.0,116.4869965799653,15.12803455884963,51.15493380303112,11.10460270609479,18
156.07142857142856,112.36807832128294,9.309828979816572,48.604677129652046,8.788473799241565,18
156.14285714285714,98.11002281333441,12.505300459741147,44.46247982020671,10.446939593943213,18
156.2142857142857,113.10295028614372,18.43871772028973,51.14471152936396,13.764322396463983,18
156.28571428571428,107.51978825089124,20.02548132324823,40.163790272564135,7.696031245697377,18
156.35714285714286,101.59881918848684,17.409402383675722,41.69646820463837,8.43363101582779,18
156.42857142857142,123.82419905602528,18.65366626008165,54.76322376429146,10.312843280453588,18
156.5,117.1109104303972,26.10605663121705,52.129573855965305,10.343698562624278,18
156.57142857142856,122.15514971425091,26.6175735122006,51.15145386616638,9.730942853791428,18
156.64285714285714,124.38056095571388,30.064530293837638,50.412419614970055,11.084784055373271,18
156.7142857142857,117.12016386771798,18.51515502037021,47.92862311881022,9.47424880225924,18
156.78571428571428,101.8914682191975,14.592450560616943,42.70154012002814,7.073836137824406,18
156.85714285714286,106.51118436171333,17.74564160164333,43.47184329973441,8.615042841375498,18
156.92857142857142,114.54159526451654,22.24292913347546,49.135665502047544,9.56675099341248,18
157.0,136.79055979677622,23.27922858566637,57.220040580253624,9.541823199225982,18
157.07142857142856,142.3076819964285,22.8698113089433,60.92684463574891,10.310965721610787,18
157.14285714285714,139.44871076922473,19.88412284000801,61.449803288901826,10.177334093979365,18
157.2142857142857,132.7417252092551,18.341995581715516,58.54693206750627,9.327094333593738,18
157.28571428571428,129.8995041008097,20.684648886998062,56.54472482184357,9.703772117479126,18
157.35714285714286,135.98252296177245,18.253756563483172,58.4463375456929,7.802559341794818,18
157.42857142857142,133.94067723406155,19.42463795581994,56.66303917155206,8.106144585736248,18
157.5,135.49316314006018,25.231984682623075,53.69124827419859,10.229041992143232,18
157.57142857142856,128.71226928521585,23.58351504598591,54.31209676538362,9.061583035036271,18
157.64285714285714,114.28814387595143,20.53093234705082,47.35881368813506,8.37854174421182,18
157.7142857142857,97.12375546500489,20.580836677372254,35.858887440950376,6.835631903618075,18
157.78571428571428,102.93376699392046,17.006427214484845,40.17063959560448,6.046262791138426,18
157.85714285714286,117.29017240387427,21.768563064246592,45.96862461544216,8.32270791975523,18
157.92857142857142,119.70174605165411,21.72353771562219,50.0575923170671,9.249046810355248,18
158.0,97.33633594685452,16.887872918803904,39.76524624808503,6.741497824147142,18
158.07142857142856,85.11324820224702,12.610908953178859,34.84413206364171,5.474818644984798,18
158.14285714285714,98.0214165367761,18.33789100101233,37.3214631658053,7.184983704950953,18
158.2142857142857,98.22210861024827,20.87839202614528,40.17853667646749,8.412338385510678,18
158.28571428571428,102.75880995424403,22.338198072677255,44.27228416434705,9.920395379395464,18
158.35714285714286,88.03027071507351,20.44588630123413,39.59438984016023,11.354015648216134,18
158.42857142857142,99.17940397997596,20.55837584087255,44.00608309246073,11.144340046694937,18
158.5,109.46087907050118,20.45754210228671,45.57265566554821,8.834066725493365,18
158.57142857142856,112.06946482673301,19.156555339382805,47.07442461724605,7.827386261342661,18
158.64285714285714,117.98172444618241,17.325662734766457,52.4048688840369,8.386249566843713,18
158.7142857142857,129.2787885662915,16.551253393634145,58.47637253356952,10.175592065279114,18
158.78571428571428,118.85309992124728,21.849943790788142,52.3717330734674,12.76959191292847,18
158.85714285714286,130.9076644529409,26.620703667267495,57.46718006670476,14.976111615292941,18
158.92857142857142,131.2343971847548,27.168014445553773,57.97156491836907,15.817440354729852,18
159.0,121.57180172667547,23.516187691593018,55.20967637468022,14.970847298972993,18
159.07142857142856,121.53889158788958,23.773213970106738,54.4601830521317,13.444963851469947,18
159.14285714285714,123.01233144935267,25.252156792028394,53.57785204355826,12.407994881774027,18
159.2142857142857,121.82989823657618,28.47706630626593,53.31684016902937,12.765651330135462,18
159.28571428571428,89.64515695634715,26.37262365633609,42.28675809105733,15.708744460450005,18
159.35714285714286,111.36353894393008,34.29854850997731,46.346312792060026,17.64907345269445,18
159.42857142857142,120.55528740926623,34.76080482417343,49.381769970310856,17.87627116775083,18
159.5,121.60408341308536,32.23006257491398,50.75429999495827,16.54653442881741,18
159.57142857142856,123.98797572871776,33.19897746907374,55.28758148809122,17.990077730523737,18
159.64285714285714,115.44506543405994,26.51996031296914,50.92098361069673,15.311286535417583,18
159.7142857142857,89.26905134001358,19.566041506933338,45.271861946483504,13.477186710809546,18
159.78571428571428,105.00177445897842,16.47732126071036,51.56331286175776,13.297260786508902,18
159.85714285714286,96.6088503653615,15.774101181580203,42.8319734247206,8.566939804779555,18
159.92857142857142,112.76502850588106,14.572928862832308,48.848686850925056,8.613206699556336,18
160.0,120.2364799322025,16.70729097847947,51.937396423936576,10.04993626755107,18
160.07142857142856,122.52999458050705,17.845474722974718,56.20481114605447,12.278730993579181,18
160.14285714285714,123.73519521162001,19.496072331444243,57.21706963508787,13.437672487604466,18
160.2142857142857,125.54423234559981,20.449818277047758,56.51964347333414,12.9240565142276,18
160.28571428571428,123.46851554868388,19.184972363806615,53.51417820509533,12.115349580742114,18
160.35714285714286,116.92505228606126,19.138834652475825,48.708245593407995,11.030516910970345,18
160.42857142857142,109.11241220342079,21.571461699036092,45.44993697938522,10.950686453496399,18
160.5,117.44559076692667,21.580645756900033,54.4923438066139,12.522762384193316,18
160.57142857142856,105.95337100664624,22.07240914162678,44.560257263148216,10.599107567113204,18
160.64285714285714,104.14734137952694,14.714650471130279,44.485313194279406,7.329851718841726,18
160.7142857142857,112.58777707270717,14.370922673512638,47.38962986424683,7.525413606132808,18
160.78571428571428,125.87452495662485,19.196100452651066,54.436774638970434,11.111825462205088,18
160.85714285714286,136.57877472602598,22.503013358899448,58.68612998665921,13.112923644178327,18
160.92857142857142,131.16157212583872,18.32572679917092,59.06299131461171,12.557486689636871,18
161.0,105.36180827786809,15.81870360470161,42.25966224850671,7.735276465852277,18
161.07142857142856,114.7612141547776,20.088945844163266,46.33907070074778,9.160506258428269,18
161.14285714285714,130.42361237216818,24.11868748670873,52.4449993118659,12.58245844670837,18
161.2142857142857,139.49219424649243,26.193614021341464,62.91637753357912,16.437854028064983,18
161.28571428571428,137.87790811390758,26.673640843500117,62.72013741249384,17.178045574895,18
161.35714285714286,144.50989561229366,24.98790289798392,65.46519545905906,16.601697009912268,18
161.42857142857142,155.71747984152088,28.62304890059495,73.97814633470529,18.996005985813042,18
161.5,158.63672720612195,26.1097524763574,73.29767243229665,16.113246879767708,18
161.57142857142856,139.3233343066684,20.84137468030773,56.580805463898635,9.408087520881063,18
161.64285714285714,120.75079017354007,17.776659532016904,46.71177794877005,5.471601480769523,18
161.7142857142857,139.58813131278652,17.394441549766665,62.134689681660674,11.094001727296716,18
161.78571428571428,147.9426974933336,20.70389091833155,68.80426701461268,14.906649226689376,18
161.85714285714286,143.14745632864003,21.32442529546131,65.77679338768172,14.086230404279792,18
161.92857142857142,135.315402894092,21.56561771526801,51.981818415438724,8.744067648713985,18
162.0,146.58610864048038,20.223024337439607,67.32931729274287,16.471488140364716,18
162.07142857142856,143.13807709366415,22.09802676609,64.05716040626999,13.622096276150572,18
162.14285714285714,143.65339322842357,26.502459936683145,61.11768670664541,12.132472679957813,18
162.2142857142857,144.49606358686108,31.826157207573296,59.3760542895191,14.528410382336489,18
162.28571428571428,146.32461456145782,24.960037471299618,62.935997504467835,12.813284055406376,18
162.35714285714286,146.67379664940677,24.542644961799734,57.219304780411136,11.665900972703302,18
162.42857142857142,138.3749601028654,27.188659407486806,58.140270672910184,14.754206380814603,18
162.5,142.95491351032,29.312888145550968,61.849473944223426,17.94163461634899,18
162.57142857142856,149.19935672388036,29.86666930673998,63.08122051654934,17.489603930242378,18
162.64285714285714,151.3209275451447,30.904618596324116,57.14828772445667,11.517318427013311,18
162.7142857142857,138.5073959062948,29.829745644383028,54.56860647298321,11.41639037172211,18
162.78571428571428,132.81960232489314,27.377963462170506,55.60573423223527,12.28703417996828,18
162.85714285714286,128.87245370698508,27.169917033113148,48.05378250978561,9.61543594544722,18
162.92857142857142,118.37754450034203,24.451712826076097,44.710126469122265,9.579585514940444,18
163.0,119.76046238874754,20.84259517580782,46.428966449599436,10.43394480750041,18
163.07142857142856,128.6422114018426,30.921649213941908,53.171251895087096,16.11330044538321,18
163.14285714285714,143.6564297889423,28.747109182856292,64.01572924068425,16.82482164594381,18
163.2142857142857,158.58473966350485,27.715329649389712,63.406755881354,14.71386579771426,18
163.28571428571428,151.48415193654813,25.572293988888312,62.079757807499774,13.148011269679774,18
163.35714285714286,143.51044757866975,23.034202344660752,65.28467462144424,15.957533114694348,18
163.42857142857142,107.1494311359056,19.69651922270483,40.09319196526795,6.9997541713599984,18
163.5,120.40636849906585,22.50491495998718,47.39929311357553,9.378998637870144,18
163.57142857142856,145.30360319500824,23.566961954975508,55.735440762057394,9.464465405649118,18
163.64285714285714,133.59023087536767,23.828276892433234,49.45188316702576,7.797463635468198,18
163.7142857142857,162.42577000509746,25.940893577877098,67.39522972601125,13.82181266235925,18
163.78571428571428,168.19327012126706,29.298947052512876,65.54684573907095,11.517308315300507,18
163.85714285714286,189.2788075009567,38.04839595233247,75.26918449786373,17.082908127240277,18
163.92857142857142,174.70813203065154,32.81630375014585,73.34891376190876,16.863528319438466,18
164.0,146.40303000839512,29.594929176214837,59.98959883741073,16.100616434333627,18
164.07142857142856,121.12218961209102,23.586164343930786,46.25317892415829,9.243453628876471,18
164.14285714285714,131.60245241699994,22.16343713493596,55.476877999294906,10.717532133285584,18
164.2142857142857,125.4048944453339,23.5006370286154,52.87782295691627,12.36576367656706,18
164.28571428571428,108.05909160574045,19.570352402729636,47.3657253073142,11.27626655128242,18
164.35714285714286,95.68998084137152,13.105315571843743,47.60016916173178,11.351609167432157,18
164.42857142857142,101.44719114616092,12.816461951276631,41.259232307059804,6.650779115771743,18
164.5,117.82762135200845,16.108400532474224,45.75353127419618,7.66792614891209,18
164.57142857142856,123.11249257275973,23.380310313666396,54.633305822991446,16.061008079262535,18
164.64285714285714,106.29375836006334,22.067204162074123,48.36840262255771,15.007656181876381,18
164.7142857142857,95.59624303217397,26.718135002033158,41.44810954797004,10.388574268024144,18
164.78571428571428,101.53147724473904,29.229132084717936,41.9107306055242,11.26208643972081,18
164.85714285714286,99.07258492281407,25.973792222927095,45.057128762633916,11.675482365313483,18
164.92857142857142,82.82701412325322,22.74648391857664,34.15515573431103,8.36665085236911,18
165.0,103.20701989624213,22.620370200642444,45.88949316177489,10.266831418275675,18
165.07142857142856,106.37491066407202,20.062160528440586,42.46354582260104,8.693390915721272,18
165.14285714285714,100.42336027170175,19.672213938327452,43.102869387679455,11.310930195802092,18
165.2142857142857,93.10455391595404,16.479435994178633,42.79029911545554,11.68551766940462,18
165.28571428571428,74.51258264505188,10.678990439234743,31.90595737653732,4.9831984358824455,18
165.35714285714286,95.81598741663178,14.654148434962448,40.638106833978604,6.866128044945005,18
165.42857142857142,108.47486002150391,21.688043374539998,44.001367525387465,8.084478557968236,18
165.5,116.62262502637542,22.197148687603875,49.64705207352568,9.334786755579291,18
165.57142857142856,114.93126546046395,23.539178652848438,45.873697932064964,8.635431931161369,18
165.64285714285714,121.68765866981789,20.428816393437064,47.10404812638813,8.251012761582475,18
165.7142857142857,126.24173235829913,20.38813210986205,48.3158986248203,8.429028046025842,18
165.78571428571428,123.02026033830784,20.93556926144167,49.27469571081417,8.641079126601236,18
165.85714285714286,119.76026024243083,23.95106485313571,44.26008220840484,9.155463549311824,18
165.92857142857142,136.8139571489202,22.06809604367058,52.59971118781004,9.107832172455394,18
166.0,147.5063166752172,27.026860133808775,52.54425700134861,9.35591131082997,18
166.07142857142856,163.3708744200456,31.406509929741635,55.55117360880693,10.287845191439075,18
166.14285714285714,150.01100489604332,32.510492656905996,51.63647510822921,11.248641659871929,18
166.2142857142857,117.58671230461073,26.53166252672248,42.90557331080344,9.737735807984109,18
166.28571428571428,102.71063681565856,27.07473301234993,35.59156463109611,9.520940627023137,18
166.35714285714286,91.72580095669946,28.5280646859389,33.53893229334203,10.067700477477501,18
166.42857142857142,97.14353043265561,29.088403505524248,35.622072146225854,10.399980983664442,18
166.5,101.26065256664947,29.983888030366398,36.71617871585051,10.529896712205364,18
166.57142857142856,96.49996126443061,24.448453602019722,35.302836505386445,8.703345708171566,18
166.64285714285714,111.19375608801553,24.03695489843862,47.05276960062952,13.170577320687618,18
166.7142857142857,88.42647510004782,23.783801807900346,31.805946403805383,8.804912260092411,18
166.78571428571428,63.92185084114728,13.691812830355891,27.71152681482106,7.220882501244846,18
166.85714285714286,72.45729533901552,12.858920300905206,28.554107920168452,5.303150272039455,18
166.92857142857142,78.60376191961792,12.399618163636404,32.5939585928145,6.164031689010889,18
167.0,94.36998975442636,16.28291095498711,35.18319397304426,6.729649371136756,18
167.07142857142856,92.08037208859805,17.88454164243335,34.10770860871723,6.86078707281194,18
167.14285714285714,87.09295108288694,20.323597786683788,36.16182645884525,6.884426247146202,18
167.2142857142857,97.17517586947382,23.80664716646265,34.476023515400904,7.975349430990163,18
167.28571428571428,111.06123780126963,25.72080557070092,39.697649489864226,8.957195684425386,18
167.35714285714286,92.19435551161,25.373664544229673,37.14026402671674,11.61188255741304,18
167.42857142857142,82.09802964897914,22.80669306785562,33.53721034158242,11.170603209455031,18
167.5,81.85350075614511,28.577445327602895,40.48982276874676,19.04770186206947,18
167.57142857142856,120.05403539791048,26.025971395362372,55.439446801132725,14.240780297685431,18
167.64285714285714,102.54385849428921,21.492476026932398,42.92620126431355,13.198751383896253,18
167.7142857142857,106.42119377655523,23.763417674804046,55.19553681620442,18.414179091303303,18
167.78571428571428,85.13117424955712,15.545944940179101,35.4597001917513,8.725400472955437,18
167.85714285714286,89.64842043248797,16.70469015838032,39.16790020498192,8.835945724973046,18
167.92857142857142,111.88642846026285,21.635767176138764,50.80557801888225,11.402428528636293,18
168.0,97.16225184395795,29.979267768235953,33.07120746476927,9.6114521877811,18
168.07142857142856,122.16116628576485,27.772205527484207,54.01593607823765,19.49321066363288,18
168.14285714285714,116.88223572696107,26.9607638569217,39.122879104920635,8.987556085244762,18
168.2142857142857,128.72589497419926,32.20713977236742,43.82398072522813,10.147234077031914,18
168.28571428571428,111.93233938541464,24.324744105387282,39.6207575744908,7.640811541087991,18
168.35714285714286,103.65282159062528,14.773151155695265,34.428722392011494,3.8664807051219,18
168.42857142857142,90.43980115839567,10.11974520271568,34.07144746554634,3.3389737891994082,18
168.5,83.9021885476212,9.709415137716356,30.692060780846983,4.659049224817939,18
168.57142857142856,105.99847454729208,14.934894482860138,46.67347241643537,12.254253299251925,18
168.64285714285714,110.87133445552107,16.606395091019447,45.56538433903189,9.009825715732413,18
168.7142857142857,117.94221431702253,19.360928543636717,47.04850498493426,9.236539167050976,18
168.78571428571428,127.31543340939095,19.07381917776186,50.26835996238348,8.678693868790619,18
168.85714285714286,127.84942720648668,24.74176312084238,51.40614342619901,10.873727454546447,18
168.92857142857142,142.7179034071726,25.077114033114555,68.40296119841445,17.307242722581996,18
169.0,120.30535364153533,23.059566090015107,49.79131710296357,9.62586682818653,18
169.07142857142856,111.45545248286102,26.929133391767355,45.2928035858291,10.5975183235022,18
169.14285714285714,119.84781717981912,25.774916352322904,49.53225429523968,10.302305267056537,18
169.2142857142857,113.87325745132847,21.461842795364362,45.56977298302489,8.034147298372856,18
169.28571428571428,114.09585600364872,17.736770098360868,47.04431005414256,7.686327750097045,18
169.35714285714286,113.68607334514672,16.854020089837178,42.99574013723598,5.65560409537241,18
169.42857142857142,107.0391613557763,17.050355104492507,43.04881143430037,9.256644463513116,18
169.5,109.66978144596091,20.68985912667746,48.14176128937064,12.014854222033032,18
169.57142857142856,113.36699499144115,26.291766234921305,51.087399767208204,17.292687560055175,18
169.64285714285714,79.46643220494356,10.468991174531903,33.02344554040143,5.2436533192205745,18
169.7142857142857,86.14135557236217,11.197156578603398,35.43590199750685,5.474257592138758,18
169.78571428571428,97.32405885092022,16.946967889393058,39.60594463442129,6.941826206801508,18
169.85714285714286,116.80487346076704,24.59137662052284,45.99213678644421,8.72546150827394,18
169.92857142857142,131.93594948518526,32.887987592044034,47.501820612464606,10.88048036914913,18
170.0,105.14815628223666,25.87420994906158,40.395618340318926,9.052172128900507,18
170.07142857142856,104.62058540201049,23.759177653746814,42.42949404699898,9.941979191572903,18
170.14285714285714,90.54687214569087,25.811634772775985,38.32335950165404,11.999107906661084,18
170.2142857142857,98.05708105716307,26.173186773713557,39.54808031832217,11.320350465795734,18
170.28571428571428,94.62690636360688,22.575289097270712,39.74351905364448,10.24330772782491,18
170.35714285714286,100.50441753851464,21.386146907945598,41.34937061864242,9.596233192711397,18
170.42857142857142,106.77178897164998,22.76148584766389,44.15734618141799,11.104423424785647,18
170.5,128.58942302746487,21.87808597136462,52.05701846873374,10.285027342966632,18
170.57142857142856,126.5202003679322,19.530365096503175,50.34366197551104,8.97224402927023,18
170.64285714285714,127.53858878230524,17.63376535934046,50.10596549643515,8.337385313426946,18
170.7142857142857,137.30112397155233,19.93204521153635,54.065758597964525,8.60599096554427,18
170.78571428571428,141.01376971803157,20.4407145917564,54.550752102661804,7.9675133079668825,18
170.85714285714286,140.3023402983895,24.400911712123364,53.96018929572682,9.197965748183831,18
170.92857142857142,150.3090028126196,23.151316867472172,57.37541060169773,8.344852107550903,18
171.0,143.29554247012865,22.23658606373309,55.29256344930926,8.100775632032796,18
171.07142857142856,140.4038410089681,24.73549321639249,51.64540650806086,8.566991290280658,18
171.14285714285714,135.0961363326723,24.184529630899195,51.13648673753963,8.582495517819064,18
171.2142857142857,114.60059382659973,16.448109064100187,44.772898449013,6.438776120381177,18
171.28571428571428,103.47644810615945,16.929678618369362,40.92857585059327,6.740426986899497,18
171.35714285714286,89.5314658119508,18.50518176698451,35.49138032464839,6.813062371368495,18
171.42857142857142,89.83985105059513,17.639593325949075,36.140510198025225,6.64180526824885,18
171.5,105.44432232848442,20.340579025967305,41.86440611872287,6.948221703698421,18
171.57142857142856,102.52411865289325,20.502231995951124,41.15483792353903,7.1802420346703375,18
171.64285714285714,107.11040533982671,21.373133162321928,43.223846116885625,7.471516102771292,18
171.7142857142857,106.9338118866283,21.02289681171449,43.21187519956244,7.674011012928249,18
171.78571428571428,91.53954922264727,11.955298805642704,39.74653261874197,7.060504968825264,18
171.85714285714286,103.51022226128569,18.316938512716224,42.55965723601337,8.433789331876442,18
171.92857142857142,100.76118786082333,17.72625852286777,41.727198563713955,8.643834898037431,18
172.0,101.03493094551041,16.624699995532804,42.22333300061488,8.257238139221288,18
172.07142857142856,106.07438835722095,17.289286513335206,39.25803155290506,6.111223010305697,18
172.14285714285714,102.57692078655292,16.779043739693186,38.30620118899255,6.229052390548524,18
172.2142857142857,83.60287960248318,14.709499942397237,40.38302698316521,13.042587826914579,18
172.28571428571428,93.91660528596125,15.256479560456638,35.4575814353256,5.827766457928911,18
172.35714285714286,90.31597520482391,14.179675182556357,33.236411457366444,5.038895125843528,18
172.42857142857142,85.00674886853088,15.41437624251774,31.457974289050213,5.53662263088008,18
172.5,87.13849636035246,18.066348157694193,32.88431470093668,6.4086288153350965,18
172.57142857142856,78.4189020510144,21.513774624408196,29.600436057149267,7.6440013062415,18
172.64285714285714,91.55889450736977,24.57840670730381,33.75447774712009,8.836089223779812,18
172.7142857142857,87.21407943946491,27.542941531565322,32.743792133246856,9.888976162650195,18
172.78571428571428,61.837829577142266,11.006914011590863,24.47991359554932,4.521410217954709,18
172.85714285714286,62.81175659891287,7.172822887056807,25.08391112166603,3.421864778015725,18
172.92857142857142,75.53986753292867,14.044097240099886,30.64908275269552,5.36615767388534,18
173.0,89.56454267972985,17.818587863059552,33.829318500194454,5.4740222901464195,18
173.07142857142856,99.17278191409797,17.99518109160082,37.4189388001299,5.592510575525994,18
173.14285714285714,98.46465655289946,17.628074205318093,36.98596348830745,5.557274624452221,18
173.2142857142857,91.75475947832444,16.253448661492932,34.24213683097101,5.327244342608249,18
173.28571428571428,105.68503012692695,21.118132467665667,39.269298320829144,7.121293920426207,18
173.35714285714286,110.34007328812874,23.36299320684093,41.768114555847056,8.14735748114709,18
173.42857142857142,91.12447791894351,12.836219790191425,34.74823243600867,4.571619956344831,18
173.5,90.06230831294407,17.21508447968331,35.38746851612437,6.213666931317545,18
173.57142857142856,92.39142268399051,19.98951815358151,35.66823446469976,7.032208154716964,18
173.64285714285714,98.92479439474185,21.505710318907365,36.413870082655016,7.4647020080482,18
173.7142857142857,116.02702058372903,23.360049168365734,43.40643224019581,7.963698207947833,18
173.78571428571428,118.08633856210427,21.96629153138106,43.19218149652697,7.270214563826819,18
173.85714285714286,114.92428642431715,24.87950408932369,40.76678899233524,8.299195042564318,18
173.92857142857142,103.83336298736353,25.00432995025437,37.068507430340155,8.587288305406506,18
174.0,99.35698376906204,28.3510009457648,36.407306075556264,9.723757926033,18
174.07142857142856,112.82195986368185,31.345903498365924,41.28601459250714,10.839097775954137,18
174.14285714285714,113.78495008415139,25.555728487467,41.988841429336574,8.840893884730729,18
174.2142857142857,99.07117723593393,21.661167771631554,36.27971749127304,7.498221475416225,18
174.28571428571428,99.6890628891171,21.35032031818849,37.25152642737246,7.932452036858513,18
174.35714285714286,85.85600372936922,19.951964691214343,34.20696973102176,7.964748895514373,18
174.42857142857142,69.68867834807115,16.894714796050486,29.401372938341563,7.7567865115380075,18
174.5,73.02203246838292,16.892039822277656,30.897844652591186,7.732022546187258,18
174.57142857142856,77.77479398433317,16.024304488528486,32.91068432555423,7.470444284031903,18
174.64285714285714,90.05017390911745,19.944226445435415,38.37466101111656,9.700477357470762,18
174.7142857142857,108.14315613539965,20.69669263371709,43.65690453836829,9.57456371732515,18
174.78571428571428,127.16264388091534,20.000723686278427,49.76968256913336,9.063566046183078,18
174.85714285714286,138.37191119630685,25.605560977818346,54.659390349045616,9.874050622740452,18
174.92857142857142,129.03466794133254,24.020624493637072,48.48218058737921,8.640272224254243,18
175.0,120.28005183370404,23.773504953241968,45.526106756051874,8.815997859337275,18
175.07142857142856,116.98692502610464,22.319932252543495,45.679267914670284,8.437695584429985,18
175.14285714285714,103.93111758942692,21.239311880157175,43.229853431791334,8.63573079064136,18
175.2142857142857,101.83236560664454,19.19793413743781,42.65158244462018,8.63774877195069,18
175.28571428571428,96.58702960336471,21.431952165053126,43.207523842352415,10.325350840909627,18
175.35714285714286,91.17287559249326,13.671567231644934,37.68506032066698,7.352439517668626,18
175.42857142857142,115.54446858018589,22.485924369954986,44.74156837038895,9.023425434688216,18
175.5,125.11356236725591,22.895834320623788,46.38482636321516,8.985396106385547,18
175.57142857142856,120.21385667263935,23.492934984013214,45.38119761945756,9.987163786155296,18
175.64285714285714,124.30008800741577,22.81285333312263,45.76078790061527,8.935807826806423,18
175.7142857142857,127.35633883223022,23.364776230203287,46.41098256016565,8.819916240939742,18
175.78571428571428,131.4246084985223,23.58703923480972,48.561266949992984,8.670762870113146,18
175.85714285714286,128.61007844534186,23.156602189981466,47.318148972786275,8.734851114358442,18
175.92857142857142,119.82392855062001,23.924824646373857,46.32801067380988,9.452276134379192,18
176.0,95.56107742683851,10.089025901844446,39.40987709615569,6.304110868462694,18
176.07142857142856,109.52860286263254,23.42607269745645,43.90452442910756,9.229770359100044,18
176.14285714285714,95.97092422329602,13.068242504536212,40.281118719896575,6.199031074093027,18
176.2142857142857,99.86140942289192,13.493050109771954,40.3643884847234,5.774003513666705,18
176.28571428571428,120.28730027118407,22.035128033247144,44.41965259207039,7.235280348828183,18
176.35714285714286,129.80038341195967,27.605609192499987,46.31649803219588,8.48817693178969,18
176.42857142857142,126.00990354689718,31.431179801998322,43.997747458806934,9.451071063971597,18
176.5,123.97197445169736,32.515244090675125,43.556576343454935,9.794206169274679,18
176.57142857142856,114.74900929824787,33.461013014122436,41.43959751405117,10.603132592459712,18
176.64285714285714,122.40942116057661,34.277204912270506,45.62890337226391,11.436933560270985,18
176.7142857142857,128.8399910063398,29.100262663869753,49.33220416930701,9.890945865740411,18
176.78571428571428,115.18724676571262,23.825681871743825,45.51774330743711,8.575982893567899,18
176.85714285714286,103.87353114029267,21.03510199979806,42.33637603806407,8.998565789254652,18
176.92857142857142,104.73596127662701,19.09669210075507,43.0978751973659,8.974215074123807,18
177.0,107.29463068899247,19.83052646255265,44.41213688439822,9.702651316262815,18
177.07142857142856,110.9481336993373,19.156697367811717,47.04681135949855,8.786811430828829,18
177.14285714285714,121.21667111853517,18.00921692878033,50.917825634333695,8.313051049703764,18
177.2142857142857,120.69174465500724,18.92301058684538,47.47993233173182,6.726549521602689,18
177.28571428571428,116.924991750775,17.51196642389202,50.546787430761846,6.9964403223294305,18
177.35714285714286,120.62432452531182,15.25658867387446,51.233769461787794,5.607441030364096,18
177.42857142857142,108.07044739240041,20.543454262264753,46.073862559136,7.574985779352087,18
177.5,112.63388006733744,20.306963191197763,48.079204249796,7.163073462480753,18
177.57142857142856,135.15333817494863,20.644723405738194,51.9197729091944,7.077925460790676,18
177.64285714285714,136.87481140013608,21.16449923400012,48.30198242091286,6.614166179287144,18
177.7142857142857,128.18925794635678,21.37091451443612,49.92496214001525,8.135493567506703,18
177.78571428571428,117.1268758068958,20.457437459704632,46.81860095550855,7.89671412722677,18
177.85714285714286,112.82843294508649,20.19235059232956,47.663831138106566,8.502757106064301,18
177.92857142857142,89.0022249066696,14.142395299061906,37.765732981664655,7.705968182033437,18
178.0,81.64613570041828,11.44248439042678,30.924216281296495,7.041307409498097,18
178.07142857142856,78.79343356167873,13.45580460849781,29.951193481190685,6.585889358071081,18
178.14285714285714,86.3296732496808,14.160724380022021,33.905917298414515,6.9663499675334775,18
178.2142857142857,89.25781659963565,17.245436513226142,35.58934937667579,7.5593400265242545,18
178.28571428571428,104.73059848187097,22.398742322962494,40.457059524161465,9.005479732703183,18
178.35714285714286,117.86713298202777,30.46869718706156,45.54924432481334,11.570248521395332,18
178.42857142857142,148.43860643394956,35.03470226531963,56.920388202785524,12.896424835186108,18
178.5,127.63939590332318,19.801558943687173,49.5732225379409,8.534361435294286,18
178.57142857142856,149.50488171304167,23.86031369135268,59.707575875287674,9.017151979242016,18
178.64285714285714,129.7307584953099,15.752724836900152,51.80398637782232,8.870872809201703,18
178.7142857142857,132.6932640059542,14.72164297173417,52.27910270338513,7.944584983580973,18
178.78571428571428,134.47697316392532,15.570606523403471,50.46992593134542,7.208988606309412,18
178.85714285714286,125.68559460062698,16.00723160781438,46.13985731230183,6.666362607269281,18
178.92857142857142,122.28794092186348,16.505862370480454,45.39394953665638,7.073382215400787,18
179.0,124.91515561876548,18.159415322461676,45.23816560977486,6.428246122306656,18
179.07142857142856,120.51341763980167,20.008159031643295,42.48099174254586,5.811196804011095,18
179.14285714285714,120.56374676967935,19.68679217440008,42.16554731510466,5.288137228911045,18
179.2142857142857,100.57901663874577,17.976204137999215,40.442610999635114,6.583157687100736,18
179.28571428571428,103.03215566604908,21.223906869303537,38.396124323361576,7.003269237054567,18
179.35714285714286,113.85787759196069,23.35796028498044,44.996227673956895,8.00925135074451,18
179.42857142857142,123.650182729149,23.15199035482058,48.98893881416553,8.007260058400126,18
179.5,126.94019272169086,19.409087331920418,47.462596044136816,7.26715423201998,18
179.57142857142856,121.00142235861841,21.84999572859607,46.18966019901809,8.5772859470916,18
179.64285714285714,105.15614390919308,26.887043371210034,43.11246163911253,10.871305076816943,18
179.7142857142857,100.9712683797914,35.658747873298275,43.61861591258193,14.089081392020573,18
179.78571428571428,106.499990745805,22.60740693632402,49.134789910921505,11.714788106703818,18
179.85714285714286,136.9157990335463,25.603705069279645,61.343638045645726,11.919457254001873,18
179.92857142857142,134.15332740520589,22.889628825973144,61.60240757726039,11.778347210818875,18
180.0,138.33806185713792,25.678750852478018,58.68426961948098,10.914897387366512,18
180.07142857142856,141.61002581165482,20.35957779951487,62.16827287971681,12.452995441497489,18
180.14285714285714,163.8293856102944,19.693153262047417,71.46395549355606,13.330579062644748,18
180.2142857142857,147.26610770597154,17.102387242034588,61.18360098888711,9.758158827180214,18
180.28571428571428,149.36075904209216,17.01627570622633,63.0727067255021,9.97463204633213,18
180.3571428571429,161.08679771384809,18.257670347929206,66.96352481170916,9.713845623384945,18
180.42857142857144,150.7801270187002,20.456043517179346,63.47067399908263,10.116958897234323,18
180.5,122.9185525610662,11.81788687455956,52.634521726424495,8.300778527833572,18
180.57142857142856,105.41034284602156,10.484689833931217,44.7262840967314,6.273851263736937,18
180.64285714285717,94.73500498907877,14.25635448999313,40.198512143040894,7.138945371918982,18
180.7142857142857,113.81383967055429,17.492022638932305,48.33433312300262,9.20154273188762,18
180.78571428571428,115.97750127441057,13.528449049874288,45.65143760962352,5.780092919346683,18
180.8571428571429,128.9879790444026,12.47127538496555,56.346914711607994,6.250625750566083,18
180.92857142857144,127.33956190873162,14.417983756919748,54.595715135395466,7.222383720064419,18
181.0,130.81250391092013,15.651934202763954,56.68680020686692,8.19445415053834,18
181.07142857142856,115.05481806707621,13.31354322724031,52.604725489642426,8.505750410659351,18
181.14285714285717,131.53880061575987,15.263369330647624,58.60893013200182,8.641564768937801,18
181.2142857142857,126.30083850029915,17.19547124247221,55.623754547489675,8.779199951431034,18
181.28571428571428,117.63217983175097,15.440236197177295,52.67205244152802,8.802215229417714,18
181.3571428571429,122.52708154611682,18.192614324938624,53.572473627157635,8.812312397453091,18
181.42857142857144,112.67365203434406,19.44518039461707,49.662479822729104,9.390797953073069,18
181.5,113.82991811955952,18.662034401165958,50.69676564900021,9.792353526974772,18
181.57142857142856,117.70406435032784,14.36282863645479,49.80826641378531,8.904829261610825,18
181.64285714285717,111.53831231141288,12.353905108989329,45.886665389791425,7.343173136863978,18
181.7142857142857,114.35130388085024,17.41962445219408,46.896975692592065,8.045267723972763,18
181.78571428571428,124.15539364432597,25.832054936518038,50.2255107626446,9.987712203824687,18
181.8571428571429,128.52927537747078,25.833776269172894,52.58310721012855,9.395777027013638,18
181.92857142857144,151.53137261610277,23.668419473599762,60.47405112076809,8.038504946229493,18
182.0,145.67134220963572,24.45211518834306,59.22651075274495,8.864459145846302,18
182.07142857142856,137.4553086644459,18.748656767033992,55.00515577296134,6.478608857655443,18
182.14285714285717,130.96491418294278,20.255847853749145,52.66551197872515,6.676233292358946,18
182.2142857142857,125.95590632670852,21.96142237859931,48.32826535471228,7.620691625451397,18
182.28571428571428,110.56280375204958,20.885284722444403,42.68345866624968,7.394377617582042,18
182.3571428571429,113.93823223605345,21.255075281033637,42.21901086824166,6.930570091759562,18
182.42857142857144,125.28134822228664,20.483804723592634,46.89261820723196,6.889214316857498,18
182.5,111.91721919126203,19.860389188915068,42.876168708650944,6.980943467193683,18
182.57142857142856,115.40977561933607,18.936583974371157,45.31523869906933,7.229756414261542,18
182.64285714285717,109.54575016804085,16.007142028188703,44.57145817792698,7.534642324501614,18
182.7142857142857,113.42089024386146,18.277087591597734,46.27522431467091,9.13270581011002,18
182.78571428571428,117.53739625256556,21.471781332823042,47.63263052390752,9.988577488156649,18
182.85714285714283,142.06458587386857,30.171384098932553,55.908506273073456,12.299358074973346,18
182.92857142857144,125.86440249655652,24.947887209595123,50.368234148469966,11.230529437674598,18
183.0,136.40335868409844,31.900155020054836,50.86809980941517,13.583267326348187,18
183.07142857142856,101.40991425582283,29.930654280974924,42.91501152518835,13.532151716247457,18
183.14285714285717,67.3160441619222,16.960784640565056,31.484965517841463,12.10304839457921,18
183.2142857142857,71.86588806468998,18.09127057389526,33.64256444050357,12.078510043271868,18
183.28571428571428,80.85863680063999,14.334967873227521,37.24092209978509,9.854341334214165,18
183.35714285714283,104.11569130039074,22.403798109576197,44.88361507112526,9.844141594066414,18
183.42857142857144,102.90864554734823,22.67898888152249,43.39590470939595,8.980410506971223,18
183.5,95.79798728867303,19.84176055247928,38.87124520325922,7.1723126843764184,18
183.57142857142856,101.67151379582128,20.880725133415787,40.29071990908089,6.423428622614105,18
183.64285714285717,124.55169698904584,24.043330913445125,48.19624807564962,7.980435347192523,18
183.7142857142857,110.51123992575427,20.05968457029629,44.11243840917813,7.215992033365006,18
183.78571428571428,121.52797527160416,31.401465687282084,48.43516063469367,11.126000796191525,18
183.85714285714283,104.59428633013398,9.569229110943025,43.05015593886458,3.694360156793164,18
183.92857142857144,104.10700458921234,13.351741337063675,42.958845754300036,5.3601943657196545,18
184.0,122.34831382507618,18.65644248806365,52.180890366189246,8.826755569463819,18
184.07142857142856,132.25081078345224,15.967664506696128,54.83554865586704,10.654642667134269,18
184.14285714285717,128.80823220684448,18.690910020371323,56.28670974144852,13.697061656063438,18
184.2142857142857,129.17822691472955,19.864167132463397,57.447254823974795,14.313731830433175,18
184.28571428571428,150.2068474922174,31.24450112837388,67.85892755131124,18.398202967019373,18
184.35714285714283,157.05683150043902,21.95010685648606,66.9023161705596,14.282299602061187,18
184.42857142857144,152.3674774319987,22.234501098434233,64.85428471285083,13.988691177420018,18
184.5,156.1244940322093,26.469422224242937,66.58131665165727,16.175659529216333,18
184.57142857142856,154.47245190471097,25.073506839419895,65.20468404155017,14.27355630118475,18
184.64285714285717,150.09398275006623,24.380282676676238,62.606416652415234,13.37754695879895,18
184.7142857142857,144.8719268902032,22.281987290968722,60.29259022463109,13.58796737519328,18
184.78571428571428,137.79702123238962,19.252944746855917,56.07689258544074,11.30099244153904,18
184.85714285714283,107.30083969724659,16.062220680516006,43.44120236404273,9.671201746489956,18
184.92857142857144,91.27522941045805,16.929011343103337,36.31740427970969,8.27827654908199,18
185.0,113.31975713325197,19.696885419664277,44.64233877686126,8.415103487858863,18
185.07142857142856,100.21138891215261,10.710994544005489,41.23307392318987,6.654216456363848,18
185.14285714285717,96.62148545333008,14.015295690889259,40.25258883983522,7.443942287917988,18
185.2142857142857,101.20663824936686,16.53295255161689,38.97063672096683,6.535859822680342,18
185.28571428571428,104.64756294942504,17.46209577334976,41.60026004414802,5.751755959616957,18
185.35714285714283,112.54359444293004,19.806972116267364,44.09825306649065,6.3917150801853895,18
185.42857142857144,121.00709598001735,23.25974084176288,46.40943836677973,7.348683577157242,18
185.5,129.23570116483515,24.763842356143677,47.61836348465056,7.679261770191144,18
185.57142857142856,118.71826619113271,23.58060008735846,43.897987964932135,7.04933345212405,18
185.64285714285717,116.9483405943247,21.678316676743293,45.44683222286317,7.544221007649609,18
185.7142857142857,113.84390547114579,19.709978774348002,45.140689123508686,7.539260036423297,18
185.78571428571428,107.69857615544835,20.661130822749648,43.59857245120251,8.338458486539993,18
185.85714285714283,125.47082310288745,26.517103363016474,55.37915356028316,13.661865230055263,18
185.92857142857144,108.55185468793252,22.64097046502767,51.08319300844108,12.443337357563838,18
186.0,110.34589370851167,21.998625142837252,49.9627402723809,11.646025446474845,18
186.07142857142856,107.1664154182516,24.42894399436858,43.99528849519959,11.68435598618887,18
186.14285714285717,150.15123132719276,31.237486356449754,63.17366135147965,13.186926988441991,18
186.2142857142857,129.4164095520849,24.08016227471713,55.93585492012955,11.912806074460097,18
186.28571428571428,139.6405028112383,28.227432550746475,56.434903157977324,14.40621039947549,18
186.35714285714283,156.15603335333233,33.268426769812585,64.50360931787407,18.180322305639127,18
186.42857142857144,135.99520864408726,33.26633434778592,52.37953247397857,13.545388670793793,18
186.5,160.47256649734223,34.626557007843545,68.75366336893428,17.739478072354416,18
186.57142857142856,179.07790016736877,33.8040959038512,74.94743690924768,16.260098789950213,18
186.64285714285717,153.92435619551182,32.45863215671614,64.59877300483056,15.144596964302256,18
186.7142857142857,139.0741896053032,33.918876818560925,59.03928210835864,15.59713701497983,18
186.78571428571428,127.28397463485338,28.066662907908484,52.68299688400716,12.101477404251968,18
186.85714285714283,120.63268657908431,35.6278725141685,45.6794399065071,13.210687570537102,18
186.92857142857144,111.70351367219128,29.432641542128895,41.615436817052874,10.653736645795512,18
187.0,80.98869355655494,18.485002112532435,29.872458898914157,6.228548555957396,18
187.07142857142856,93.91817025660389,17.11306127030573,35.75498299281356,7.0736205412211675,18
187.14285714285717,86.01653116123617,17.884275957050573,32.61038332559544,7.00906178865813,18
187.2142857142857,96.00946780230089,20.67737134480005,36.74566706990215,8.435172978577095,18
187.28571428571428,97.48137043339754,20.08709810005805,35.38147670095905,6.807093200768729,18
187.35714285714283,106.58209607192865,17.098232553173595,41.358346727136606,7.1491786571352325,18
187.42857142857144,119.91884171806757,16.514779387726573,52.34341942248044,10.339723725781678,18
187.5,126.75346682943898,17.75969021019775,55.2226431568141,10.34351019794599,18
187.57142857142856,112.33568671705028,18.626086853296997,46.197614648874904,8.950236530811065,18
187.64285714285717,101.28585672791777,15.650411876315587,45.273709210195165,8.154718528388495,18
187.7142857142857,105.67825293259443,18.664389422352745,46.644230885403374,8.63715829404472,18
187.78571428571428,102.02531437367142,18.84938456679626,43.84864531835731,9.214426819179755,18
187.85714285714283,90.8862297002478,18.46593871208856,41.028708688410205,10.238216594037521,18
187.92857142857144,88.22729543209694,15.121962524729124,38.999896242233426,8.906565691851817,18
188.0,105.60171704824529,19.822988028564257,45.283724173389345,9.347892744748117,18
188.07142857142856,104.55895322432468,19.11849346929155,51.485454782632324,13.121936515708077,18
188.14285714285717,109.45037850643105,19.018225411005687,50.404298429144994,10.076935823488501,18
188.2142857142857,100.8774633168562,17.913830054000467,46.47042707466068,9.96813018220519,18
188.28571428571428,95.2072971778741,16.01242869010786,42.921163308812105,8.31278212699555,18
188.35714285714283,91.53660225584704,14.390309602427873,41.2605337363849,7.425623088183983,18
188.42857142857144,87.20425085378236,11.407709549880776,36.57487581969258,4.6349755659657825,18
188.5,84.19412843885063,10.721291232229799,35.23460788742719,4.437185092841019,18
188.57142857142856,82.47833823422637,11.60528159315907,33.30625621329347,4.433276668793003,18
188.64285714285717,99.07580998576506,22.216777185139016,39.47077207322976,7.883729792044843,18
188.7142857142857,102.89557436482897,26.339973089442946,40.59607134211812,9.243610670861711,18
188.78571428571428,79.7604305179676,10.58784005605246,32.11874603610298,3.611230960898479,18
188.85714285714283,82.47317033785167,13.198267377768516,32.995442355563185,4.867225628074412,18
188.92857142857144,81.01233636045586,13.525790701899291,32.53375610718041,5.116192200134288,18
189.0,89.15426344634206,16.507081660885362,35.76827598997126,5.972527656962015,18
189.07142857142856,94.5645802667599,17.28307482206394,40.651814703832194,7.294481875182798,18
189.14285714285717,107.06304674208907,17.048181361864742,42.4456014322315,6.526842144442833,18
189.2142857142857,103.8276628994036,15.555210569912695,41.5835648167211,6.059628366216424,18
189.28571428571428,101.34910031302263,17.033759408300426,39.84396432262086,6.903388919394735,18
189.35714285714283,102.18974177766806,16.894801870469774,40.67569869107943,7.314191109386045,18
189.42857142857144,96.06662117705802,18.530165008325344,40.80920169316718,8.198802900059823,18
189.5,97.07352175350171,19.60865049219347,41.9331484166459,9.36740094557564,18
189.57142857142856,102.77155467862863,18.96215636436005,44.297925482894556,9.460706481752412,18
189.64285714285717,116.39654583179198,19.98554257890396,50.38156852301745,10.839517558462099,18
189.7142857142857,109.14178576905131,15.642718038065988,47.504974194498125,9.49719839365555,18
189.78571428571428,117.0525528858827,18.23367241149785,50.280693650002306,11.642827628039427,18
189.85714285714283,118.48906237985777,20.32613777030621,49.05378913701101,10.296429291712645,18
189.92857142857144,118.8989898983549,20.00313670567406,46.237466740344345,9.264557492106343,18
190.0,119.16950222073015,17.36223652592461,46.69680466284383,8.429708588625806,18
190.07142857142856,127.07595696204977,24.43121986543505,52.41404125654224,10.962332597548292,18
190.14285714285717,137.78113694246647,23.714735289400828,52.26205332440528,10.092309584543722,18
190.2142857142857,138.42822054327422,24.032669756752327,52.97173034285691,9.930092909909252,18
190.28571428571428,140.96037406022677,25.759334570600664,54.073665257056966,10.094478796458715,18
190.35714285714283,130.59170132594411,23.873776767685353,49.093393454003056,9.69686629649289,18
190.42857142857144,99.08314029463797,19.92428441522678,38.07017824143463,9.220346411996971,18
190.5,100.88048756053325,19.218170967244124,37.56508366789843,8.096443348716617,18
190.57142857142856,83.52035796654285,16.105426420944788,35.574996592098024,8.440545472097575,18
190.64285714285717,98.89822523630026,15.450933135466371,37.022112341198515,6.866009825964102,18
190.7142857142857,94.02885636900744,13.33874023351468,38.499697067692985,6.934986621377666,18
190.78571428571428,109.27035543691265,13.820035065104602,45.54066940166492,7.031903733429122,18
190.85714285714283,98.460756468033,14.205631006724076,42.70119283557391,8.215068090595349,18
190.92857142857144,100.8002066781247,15.11340139286613,45.20971445811816,8.719418679327132,18
191.0,114.20385651978827,17.40335721774923,50.58509332981132,8.903844049777634,18
191.07142857142856,131.07534997610063,25.982726376125242,54.32721245726038,10.814205592253433,18
191.14285714285717,132.7934140140606,29.958118507530315,54.08945557501184,12.069143431801837,18
191.2142857142857,128.5074025794697,27.034600808827445,54.78232337768363,11.846822811618853,18
191.28571428571428,121.80214743943718,24.801671566800152,51.08604614074706,10.978897671033899,18
191.35714285714283,124.44051931344099,25.712714185904613,51.66089907088771,11.012341693113308,18
191.42857142857144,119.75067235174099,26.6607370616603,49.01021479949849,10.722917881203724,18
191.5,111.9259192040758,23.68061790617959,45.50293637210318,9.623213544297284,18
191.57142857142856,104.27624893487521,21.035944006061417,43.04632742154483,9.528119246492853,18
191.64285714285717,93.90406897537787,22.03389557959874,37.8969672453884,8.950363831583303,18
191.7142857142857,104.19457526061989,21.134168229593136,42.66744679374681,8.651198717330406,18
191.78571428571428,95.93313658985365,10.429453621439855,39.43669072469958,4.808106732885958,18
191.85714285714283,106.5478813884575,11.656176365174945,43.30366752059074,4.695360392136005,18
191.92857142857144,101.99585191999248,15.523411116745523,41.92158697194063,5.712911119114994,18
192.0,113.17836194119074,17.12465357368885,42.57277257780443,5.8616525481871165,18
192.07142857142856,124.11229874261771,18.72996316533569,46.55178308083,6.408990190202701,18
192.14285714285717,129.16795525670867,20.5422522707789,55.46026981235814,8.613442978286338,18
192.2142857142857,127.44894912404047,21.550290735260575,51.59541940019579,8.053838905279106,18
192.28571428571428,109.97265802754906,23.006737192215247,42.509166337528285,8.479491446999681,18
192.35714285714283,105.99005827598113,23.003536465951886,40.362372787992626,8.582827655898281,18
192.42857142857144,115.3988215473027,26.20815468533372,41.322373428044045,8.773065949414855,18
192.5,110.15731111365078,23.351404156895907,38.80955287703567,7.870387604031078,18
192.57142857142856,96.58406447625185,21.281153019884353,33.54619680914958,7.32511943077139,18
192.64285714285717,93.4768621924634,18.43622842875556,32.28406013448729,6.422932700363191,18
192.7142857142857,91.45007247586125,16.287873073150752,35.223055026938844,6.799740495817465,18
192.78571428571428,82.53868483827493,13.833950372852991,32.266813428680486,5.576991922608015,18
192.85714285714283,92.0759905424215,15.683881748376693,30.56478632328459,4.242909677058905,18
192.92857142857144,93.66847045151376,15.938771164170966,32.46473098345989,5.030089299765493,18
193.0,102.62857871658001,16.610902438321915,35.70605216465947,5.297089341389979,18
193.07142857142856,109.28727310595379,14.957768774510965,39.124533490531796,6.4126094442668595,18
193.14285714285717,112.87382968297206,14.230152732376446,42.697462392728944,6.201597585473952,18
193.2142857142857,116.45996405547189,15.33033269259356,44.877852625131865,7.038143859021924,18
193.28571428571428,119.86732446335402,16.94887376065581,45.79500780990994,8.535627554876207,18
193.35714285714283,130.4975837591022,17.549960512791486,48.74227186246855,8.372378473037347,18
193.42857142857144,122.8188903310245,19.12052074560544,45.89144166298367,9.053370244617632,18
193.5,98.81482277088558,20.103058264542796,41.86544296016722,10.41217446394186,18
193.57142857142856,96.60801670789675,21.126542228096113,41.2901442942889,11.25801294614197,18
193.64285714285717,103.02726889044148,19.775554437839862,43.947242690343586,11.580178807142712,18
193.7142857142857,109.10468503754733,18.440643417209174,45.870906681164804,10.897785004010382,18
193.78571428571428,106.3610914860489,17.118730731325044,44.61276652029793,10.350646740025061,18
193.85714285714283,114.29101855156145,16.97312801631999,45.73382058418022,9.800766186299578,18
193.92857142857144,112.49004269681967,21.639594201310892,44.64843401288885,10.09856082325214,18
194.0,105.06802745479145,23.345138239258926,41.113284940073484,10.166428394802704,18
194.07142857142856,107.00927589567281,18.416896505150152,41.74675400106284,7.048928210840875,18
194.14285714285717,105.27158800531325,22.03095562091273,38.57140514286872,7.703003112884072,18
194.2142857142857,100.5861118347366,22.37985006888136,36.364771848749236,7.369521372969222,18
194.28571428571428,94.70523629724153,22.083427133659924,34.7261323688346,7.232167373374095,18
194.35714285714283,102.75058552076494,24.387674673406952,36.23007039786374,7.968457993005915,18
194.42857142857144,94.4265770671738,22.482989834413438,35.37296493595469,7.314106667021477,18
194.5,84.6557902244918,18.992776629674296,32.09857472467347,6.305310253706508,18
194.57142857142856,86.30096460786808,22.226583134048614,32.119739441766924,7.564302374147745,18
194.64285714285717,100.29106697663462,27.55865314056313,37.85458105113359,9.814855578463632,18
194.7142857142857,96.70437494970993,24.293472288982002,38.1777475346538,9.264538030049343,18
194.78571428571428,99.22545571299216,23.464536054758963,44.469382591109515,11.68904548060322,18
194.85714285714283,108.80431021631959,23.548234096212074,47.69459950874786,11.375949823521685,18
194.92857142857144,126.29013734412463,28.00677191362444,53.0130461151627,12.91947372624186,18
195.0,123.57600172814081,18.30890204439827,48.880090898137496,9.260671230036172,18
195.07142857142856,116.17022497474531,15.584355805744249,47.86679750701017,9.639770914423913,18
195.14285714285717,112.7015483519211,16.94010215618996,47.052711013500186,9.434668934566949,18
195.2142857142857,102.07730555037047,18.968711085750588,39.903171322190396,8.586157308698185,18
195.28571428571428,106.2636603821427,17.253099009592166,41.62678678451919,8.005651383636696,18
195.35714285714283,108.05932439429732,19.2185453682496,41.58523468249162,8.35456756940847,18
195.42857142857144,107.77669623942096,21.503519419509992,43.689307266574986,8.606737672143332,18
195.5,119.32106007142377,18.618690755635164,48.98171606393746,9.700109103522648,18
195.57142857142856,118.53256507957062,20.035552679541127,48.54602814644186,10.304064219185245,18
195.64285714285717,126.938820386844,18.972379003664326,51.668399780064505,10.013477976508968,18
195.7142857142857,133.8256204315378,19.76763011407556,55.454047543930635,11.564140441558722,18
195.78571428571428,114.36365465320578,19.97288703492961,49.645968477944336,12.902804706096587,18
195.85714285714283,111.47677546524402,18.910639361395624,48.61627722107691,11.748199235105282,18
195.92857142857144,104.05953898066046,20.53672733551748,47.7208538134962,13.876498447341584,18
196.0,113.60791212257558,29.522294593797554,53.97469405658747,20.52399827766403,18
196.07142857142856,85.77425342850636,12.252810510444474,34.130418951291496,5.630726534109599,18
196.14285714285717,86.88557990048875,16.447504527084252,36.18872736583774,6.167855613307383,18
196.2142857142857,93.08298602563379,19.745892141371677,38.58643561579131,7.121634548961448,18
196.28571428571428,106.95252511887573,26.36237393035074,48.90548144110653,16.324094519242454,18
196.35714285714283,98.35715763917293,20.56301651806022,41.35646107105534,11.653675286185932,18
196.42857142857144,105.72992279097444,21.249672067311337,40.40909749610247,9.376825335116722,18
196.5,102.06900514490917,20.28573815020891,38.31835246416744,8.907601984913907,18
196.57142857142856,91.90353858697583,17.02913711968435,33.87411383603397,6.805675496434015,18
196.64285714285717,84.59253379619621,16.040035195490354,30.092383821936714,4.675339792309154,18
196.7142857142857,92.78709386406489,16.378614472278986,34.22976653822894,5.710616640589145,18
196.78571428571428,104.80555063708526,19.53353681559226,39.70754370006445,8.163659143727363,18
196.85714285714283,107.07801891356078,21.268007147327197,40.341199361742845,8.519831321618453,18
196.92857142857144,124.6688258638838,29.425091729440236,54.15677032817007,14.458714511470045,18
197.0,142.30521323756142,38.57472770576359,62.56490648774858,19.436282840980766,18
197.07142857142856,149.55503491527404,41.064748487499,65.59493443344377,19.606967947287618,18
197.14285714285717,160.54291318093894,50.676927155704014,73.11616353479177,24.126601335200643,18
197.2142857142857,158.67812694534862,42.74816812446216,70.93502868070998,21.98126033988967,18
197.28571428571428,143.8967407624313,32.81422308875833,63.82909151740974,15.927399588653705,18
197.35714285714283,131.18900652665482,26.599966909290025,57.15920810690402,12.532575817250251,18
197.42857142857144,120.87160704784239,23.85407121286793,53.092219437589634,11.040003912129654,18
197.5,125.52316462234297,24.621184363936454,54.16233234733328,10.587251003372645,18
197.57142857142856,129.86871535333185,20.907795134414826,56.52409485157522,9.796613219254963,18
197.64285714285717,127.04779594572979,22.66524705306422,56.925657985405415,11.37004444660617,18
197.7142857142857,123.61371831675613,23.469672172479147,56.80183601934253,12.163077791462216,18
197.78571428571428,121.7789683742317,28.07112308648233,56.409954778424456,13.274994754775864,18
197.85714285714283,128.14469332017737,26.89144656145995,58.80849078548045,13.353945809962347,18
197.92857142857144,129.98180947273988,22.517969179647995,58.7441052557665,12.173137387256249,18
198.0,129.69749384999076,19.215677870059867,58.21231684062811,11.35337533833449,18
198.07142857142856,134.18783541454468,19.12026744038455,53.82342360677725,9.016623440581688,18
198.14285714285717,125.94720844369952,20.47721778281407,49.08000030280368,8.473665754267117,18
198.2142857142857,119.86435265140256,21.931030732060297,48.237212195057836,11.206742847964625,18
198.28571428571428,119.89638372904611,27.571539327705306,50.65251560822838,16.287384727865398,18
198.35714285714283,116.84491829946883,26.93715446511986,51.42267751098327,15.190171862945428,18
198.42857142857144,105.4613765661902,22.202153542430334,42.67403822456213,10.750279330865494,18
198.5,115.37170531207354,25.06934713898379,46.58910494684881,12.392777529346544,18
198.57142857142856,112.62090111584467,25.624380396458186,46.63974129489387,14.381177949542646,18
198.64285714285717,92.72218757192763,23.817280434613735,44.1017946248159,15.473072045102583,18
198.7142857142857,91.63513529424253,22.400348781543766,44.31809234868563,14.175838789014943,18
198.78571428571428,105.56998976458351,22.87335842686327,43.392089657532516,10.53893568180915,18
198.85714285714283,101.15242371463214,22.71215235139458,38.952743309283996,8.820362767014833,18
198.92857142857144,115.96491956649469,24.4252805396994,42.28218086092317,9.83998948000475,18
199.0,104.51857023813423,15.611549099823536,38.75555776126978,7.368835070081839,18
199.07142857142856,122.1260974930584,20.72524339939869,46.53974491742209,8.810391842279907,18
199.14285714285717,118.66070001909482,18.97703541506987,46.66901453421773,9.406174520980167,18
199.2142857142857,115.99590208515029,18.79035841155554,48.861650757199826,11.211264746871459,18
199.28571428571428,108.31168504154763,18.206215168170672,47.7837029944085,12.125343190274185,18
199.35714285714283,80.5362601569002,20.057083862158283,35.33706616687163,10.897539361601387,18
199.42857142857144,96.19313295115603,21.82161692824586,41.04750414126722,9.796517792866593,18
199.5,103.72133557142683,29.803317311621765,46.27545791903803,12.452609547311296,18
199.57142857142856,102.29957897940457,30.383473286193848,45.42953925026909,12.405459665524644,18
199.64285714285717,99.93601379822871,19.843837287519563,45.120348329447175,9.655492740481458,18
199.7142857142857,94.071808350839,17.327076979649334,46.116343110974654,10.760375543564479,18
199.78571428571428,111.3615443902536,21.917155418374264,52.63923875227517,12.189084894154037,18
199.85714285714283,122.37575093238752,25.226427375716437,55.2046967808963,11.045231848567166,18
199.92857142857144,105.00239810140305,26.112481631320374,46.6817681283309,10.595818721160871,18
200.0,100.28314876655024,21.560703586263923,44.393507808158695,9.33219846180227,18
200.07142857142856,99.1375298398462,20.465920909996676,45.02488776623087,11.032519510820219,18
200.14285714285717,93.08595766030703,22.20953118889388,43.817410811421404,13.05170389979892,18
200.2142857142857,71.56104218928832,16.75695665037766,28.810249062475226,5.60223444095445,18
200.28571428571428,70.43658697763219,14.839240553406661,26.91200310706753,4.5822281135123495,18
200.35714285714283,71.55549113766767,15.822885281294749,27.46134373317001,5.228787810770413,18
200.42857142857144,84.2261137285944,16.002543422524283,34.67302984635977,6.412499223682235,18
200.5,100.05566500961368,21.177903549474784,40.77721672227604,8.461476932520103,18
200.57142857142856,108.58858764479345,24.255726509511753,44.05240619279232,9.934603658763045,18
200.64285714285717,96.3263942259152,19.32814671236917,39.21266328042627,8.032833471739984,18
200.7142857142857,104.07126222991216,22.248405958041204,42.08798953916433,9.067816768034191,18
200.78571428571428,112.40578491365619,26.238704829775763,46.82529112155752,13.25760160967986,18
200.85714285714283,126.70077812082201,31.527758125603064,54.06738139619705,16.43807373116105,18
200.92857142857144,115.42076544323896,24.66513380847635,47.80778547839012,11.53993521103662,18
201.0,104.77269406883802,23.69732386989505,39.095958306049646,7.430670179718492,18
201.07142857142856,124.04590153727598,32.04837579959595,56.18551577506374,19.890850472668905,18
201.14285714285717,128.3552546578431,31.239117163169368,58.117872188418545,19.55747713386306,18
201.2142857142857,118.70315335058574,24.0039924036272,51.2349855711419,12.887389195521221,18
201.28571428571428,104.75116483890916,22.2565271962233,45.07550865839571,10.650053268854489,18
201.35714285714283,89.3639814380349,20.43658442652796,40.04230894294584,10.516806246231202,18
201.42857142857144,86.01828013265241,19.269146183207322,37.7171435084941,9.253571828196625,18
201.5,79.16014199300626,18.63619613406879,35.68988263764689,9.83566459066375,18
201.57142857142856,89.8211462871066,18.234727602746993,38.603323746968435,9.11320178718953,18
201.64285714285717,100.01682735637371,21.059480418378428,42.456086859769236,10.11500868930418,18
201.7142857142857,92.98885313963623,22.694049322481693,36.00831731030474,10.175589826536038,18
201.78571428571428,76.29971150644259,18.611557626866063,30.744233221886876,9.19483175516697,18
201.85714285714283,84.29175566926038,23.822093110473926,33.87544526199053,10.173266067675012,18
201.92857142857144,118.52657703126775,29.367547308198507,42.12735210866262,11.286548798638204,18
202.0,99.28354266254657,24.764893865416806,39.26049324290752,10.485421043413957,18
202.07142857142856,100.46301754484189,22.641578465367154,39.29638084816699,9.174396104067116,18
202.14285714285717,101.57163024659097,21.265230244868757,44.731768366496055,11.443913524654949,18
202.2142857142857,102.52514623481517,21.77108154039939,40.62743725339484,8.058980691222995,18
202.28571428571428,103.03024696073889,21.70079646732718,42.83743042743024,8.951195663391124,18
202.35714285714283,115.50008587721774,19.991565832979344,44.65840872678876,9.09850764584693,18
202.42857142857144,104.77548055432989,15.85429980463038,40.36102982790426,7.802500886792467,18
202.5,85.86051259499193,17.122203285342195,37.93958254054203,10.484651326292857,18
202.57142857142856,87.76204805394198,18.62599192704193,37.57105057366699,12.353596032548424,18
202.64285714285717,88.58887084447127,19.11240536573614,37.88871292712047,12.705951088046497,18
202.7142857142857,94.66334843712517,18.22726041761835,40.844067188784315,12.337411065356381,18
202.78571428571428,105.07562923553408,18.633448751336978,44.89512635531983,12.44030919704458,18
202.85714285714283,105.97861680690653,18.88399060721022,46.020677447631655,12.106708568702638,18
202.92857142857144,112.91842657775595,19.70009582271132,47.65174847379773,11.857159192844737,18
203.0,101.43396567550857,21.248728798035568,44.14429112906133,12.0140364903227,18
203.07142857142856,111.74783120723494,22.54594310490926,48.20373995517058,13.26773263366086,18
203.14285714285717,127.40954269991627,24.350929105542363,52.93801744672062,13.138313916612566,18
203.2142857142857,148.7909272095274,27.484751493790657,59.45493781232212,12.677352146084925,18
203.28571428571428,134.87897203158937,25.289126320082683,53.14601375831018,10.703100809363429,18
203.35714285714283,110.92049915993682,26.591898989555784,46.114867361948995,10.00279980765379,18
203.42857142857144,113.41481256952578,20.205188008265704,42.623581427082826,7.6167798694338,18
203.5,107.04351695776222,19.537047238240184,37.11665935116888,6.475206203098064,18
203.57142857142856,107.35066656670841,16.57790629648795,36.38929523930213,4.765965886426307,18
203.64285714285717,106.92011169036732,19.50092786520966,35.75774719547338,5.714363197262381,18
203.7142857142857,113.30633348152644,22.427630899763418,37.500045988823025,7.293710801800165,18
203.78571428571428,84.78340938079772,15.819594071629576,31.00173029986773,4.976384870227056,18
203.85714285714283,73.66089033230226,14.764682064514462,26.901079943908062,4.384148358241574,18
203.92857142857144,86.60868919097368,21.476614543089795,26.045561292155643,3.731045561541463,18
204.0,107.60677600165599,29.738054734279142,34.45769922687231,9.60495349225794,18
204.07142857142856,91.3923076673463,20.872849023421683,28.540105218933192,5.864253355070277,18
204.14285714285717,80.71369018959554,18.45473390566816,24.419330947991927,4.383519732570562,18
204.2142857142857,71.71942790627891,17.09455457596868,21.890137067963007,3.8989199011058946,18
204.28571428571428,69.24654779538051,14.263693750184217,23.029193403968424,4.393354705110898,18
204.35714285714283,70.26845965214999,15.661672658391801,29.484824154094873,8.83918551258005,18
204.42857142857144,76.88763375501937,17.72006187767813,30.414116772248974,8.241930997624749,18
204.5,93.58245374956918,20.202909439949494,36.380056179317926,8.821065359458357,18
204.57142857142856,103.68429839157697,21.53130174422889,39.81191665202973,9.320302350824353,18
204.64285714285717,108.37285309961953,22.769402199678662,41.00743351541325,9.258695527550634,18
204.7142857142857,103.19475256666539,21.684897639808774,38.51441881876859,7.855250502462902,18
204.78571428571428,108.95348833365684,24.605850520633485,41.39145047817224,8.9866603411356,18
204.85714285714283,105.91570984663365,23.274519547571902,39.000047692866126,7.997159708784715,18
204.92857142857144,113.48058088019131,25.803663780360075,41.38636723142421,8.630110438555178,18
205.0,116.64935398047535,28.54417624370161,42.988885212303735,10.28425176118647,18
205.07142857142856,110.5749037977362,23.95228802887487,41.43881334456146,8.916725856318607,18
205.14285714285717,90.33509206540734,18.166743368959466,34.58959832678191,6.9365049331427135,18
205.2142857142857,79.12453328722536,15.656708374837947,30.903409764543316,5.960996922179347,18
205.28571428571428,79.62369591839789,12.046592168858098,31.03662975482977,5.1260052238832445,18
205.35714285714283,85.98347841170049,14.020714147782154,30.999145285409725,4.690927007835954,18
205.42857142857144,72.89100753768953,13.56631903780755,25.562184124924006,3.9799896768210927,18
205.5,75.1512884210964,15.493360791136896,25.506431060473318,4.2824675672340105,18
205.57142857142856,88.5014616573135,15.938990561197539,31.90094041379847,5.5081309189265975,18
205.64285714285717,81.54662061042002,15.35560162230883,34.54471005280785,8.201779232938247,18
205.7142857142857,98.66002562325541,18.39817425732662,36.31005843710352,7.5037694985905254,18
205.78571428571428,91.58273381086582,18.435719758279397,34.742666981246465,8.102619558367614,18
205.85714285714283,69.40533988724854,13.22181100301673,28.52642734258798,5.854896626879724,18
205.92857142857144,65.14717665065191,11.08875267748783,27.116592802496,5.339591664168449,18
206.0,73.8267776320791,11.761410023442767,31.047112557900576,6.121413695238165,18
206.07142857142856,63.91581949286599,11.522417957433156,26.71055974909132,5.6197703417564355,18
206.14285714285717,73.89905795766153,19.106599748760253,31.22073622979602,8.520585651143314,18
206.2142857142857,64.72377010825542,16.79734197488604,27.478744642891417,7.403765416346665,18
206.28571428571428,66.534116672624,16.859191960220848,27.95775989168859,7.103723923511609,18
206.35714285714283,79.17350734656145,17.945295826389604,33.408252224533,7.748178007854983,18
206.42857142857144,80.7993300106925,19.172117564086854,33.05159256615097,7.493022931883559,18
206.5,63.49125561982148,15.220312750305661,25.17777530035039,5.709333685361583,18
206.57142857142856,77.81303713656801,19.05690355907352,29.199589767992258,7.039394999114101,18
206.64285714285717,77.92316305236974,19.642691782998853,31.143394288758554,7.576773641086294,18
206.7142857142857,80.92898644769731,23.714442220253353,30.74687172075772,8.434281946406768,18
206.78571428571428,82.83420438753416,18.48722086568232,33.25990424665289,7.367331733532113,18
206.85714285714283,72.7441052745602,14.29702304961794,28.286429924470646,5.234531359632229,18
206.92857142857144,78.55506478512123,20.05664498020182,30.74884875510474,7.348418450176804,18
207.0,87.67097671382028,24.951400350058933,33.36978401763808,8.726335656688077,18
207.07142857142856,93.0700096086034,26.431248109704068,37.24805757495395,9.560926525645304,18
207.14285714285717,98.00886458771059,21.587684808626637,40.721928990028424,8.621249975397733,18
207.2142857142857,92.5053412359333,15.587308131918334,36.11902307534016,6.590591086023764,18
207.28571428571428,94.56684114743912,19.915635737330756,37.16193079120084,8.237763735825917,18
207.35714285714283,95.34649698864675,24.50347573650018,37.29935599566418,9.70266871913041,18
207.42857142857144,103.93755189077295,26.819430382208534,39.784043199285904,10.4098186996861,18
207.5,103.70648156967994,24.297866583549716,39.08798157629194,9.458414194108713,18
207.57142857142856,90.19553974357548,23.351419214060225,38.061908385916986,9.865366903261712,18
207.64285714285717,98.3546386409812,23.349510350335503,37.177640312887874,9.96298277636958,18
207.7142857142857,86.32419736317897,22.16341577296959,33.93492120066544,10.35647598054442,18
207.78571428571428,84.98423204463049,21.855685934430312,34.967599320683455,10.742399789128926,18
207.85714285714283,79.80143420035901,17.579635392494314,32.78320070885132,8.36690565246482,18
207.92857142857144,81.55262685494507,15.88781761493026,31.286858925413718,6.232777547373047,18
208.0,73.99755020950418,15.08921138348563,27.61657069831761,5.725927230052076,18
208.07142857142856,75.32643347329687,15.647620684855308,28.276551447809343,6.305181058897841,18
208.14285714285717,90.6325684335552,20.088548123985444,32.79434768480077,6.61981947686858,18
208.2142857142857,89.54703710174422,17.333573474827414,33.789414850823654,6.764387721649042,18
208.28571428571428,84.34551166033611,17.662231804942397,31.63980569603558,6.9866552709136505,18
208.35714285714283,86.75985295535936,18.24734397352198,30.357618808050333,5.395233377128176,18
208.42857142857144,106.30880158619567,22.46657852095118,38.19965435568809,7.591584339524607,18
208.5,108.84876509829392,24.14032246216708,38.17832742229645,7.9260553428174765,18
208.57142857142856,87.6976308399929,20.36912275775832,31.598812935140753,7.173029165949656,18
208.64285714285717,73.2547990965582,17.828933552826566,25.238649882955215,4.880399035586839,18
208.7142857142857,80.37494057810014,18.47004162207912,28.96177544060775,6.521639203525872,18
208.78571428571428,97.90435190278536,16.83048263286379,34.61634388083517,5.670094320470837,18
208.85714285714283,85.89040895422194,13.625766490814925,30.103958267930743,4.364977799445371,18
208.92857142857144,79.32571697751348,14.288066405044114,27.513320583142235,4.632283098513044,18
209.0,80.74880734514686,14.645729077314439,27.789366056395878,4.762970479773848,18
209.07142857142856,81.25170194062075,12.633529473676994,27.933063140306857,3.819176430282175,18
209.14285714285717,97.48456193063569,14.460511533328958,36.24290078149411,5.745115889960224,18
209.2142857142857,104.75450497049852,17.42724390157564,40.00969603079637,6.748695117727718,18
209.28571428571428,99.13300156692662,15.981950119958166,38.367086550154795,6.419279323639393,18
209.35714285714283,105.06891297249176,19.42626242220181,41.915731770224916,8.221101690885252,18
209.42857142857144,97.33266698925293,19.297379945393793,39.938251780539254,9.037743323155334,18
209.5,94.74492756293365,19.986932367101208,39.02342361063334,10.070618405114596,18
209.57142857142856,106.10963235822898,23.034040341512764,43.38634525362129,11.44613383339592,18
209.64285714285717,108.30026807043491,26.078519179044775,44.123830120366435,12.577737606816717,18
209.7142857142857,110.16451824113481,28.53331742224132,45.473402667978675,13.248561889595397,18
209.78571428571428,112.69799852473362,26.77681330149848,45.949529506874235,12.147427152380454,18
209.85714285714283,94.56813304240258,24.36099255209039,39.39218407317254,11.00339870931638,18
209.92857142857144,88.70587315434175,20.62081631206788,36.16292365426702,8.418829745190795,18
210.0,83.43126605810436,19.41670899923528,34.50010762468162,7.84267906735874,18
210.07142857142856,85.2393870756329,18.104358004103343,35.195633360337666,7.37166247639194,18
210.14285714285717,78.9677203315791,13.892954366612658,32.74836519434415,5.780428331972864,18
210.2142857142857,78.66404687276128,17.76489608673963,31.086213253130033,6.8515315283186915,18
210.28571428571428,86.55956586481464,25.519183441638194,33.45135528022789,9.545555353824975,18
210.35714285714283,87.45763069745018,28.216800597632584,33.14897497833492,10.224670192669702,18
210.42857142857144,81.59421296734003,25.60012398037143,31.741775757269327,9.390614592421564,18
210.5,71.96996259880163,17.121794148595658,27.590994426183478,6.400818232971785,18
210.57142857142856,68.84257224839017,16.567524116081366,27.337417134958994,6.057009067526904,18
210.64285714285717,71.28956947991902,19.337687838721262,27.90004337792929,7.119304719341372,18
210.7142857142857,76.13114502868528,21.56346979524662,29.54564912152213,7.790969690952557,18
210.78571428571428,77.18166877850055,21.462942631393414,29.503141691221117,7.823877744853337,18
210.85714285714283,81.02123999139359,14.640592624356001,30.944239773406803,5.5545423007223285,18
210.92857142857144,84.85034004899998,15.08276205078696,32.20084267305883,6.080210882489771,18
211.0,91.29838854212414,18.015426268142324,34.14181984642542,6.60421424952308,18
211.07142857142856,98.65564125922707,20.085285947005243,36.40341479234133,7.341375648750074,18
211.14285714285717,96.12792410598244,16.99177285868098,36.01889761445181,6.679867615309416,18
211.2142857142857,98.92538653294969,19.161133111564276,38.01327004981102,8.073144168085129,18
211.28571428571428,112.61843191808073,23.256966608862903,42.529149392644115,10.04046980915522,18
211.35714285714283,112.66735537852772,26.552207368863392,41.04757976044619,10.214606384905919,18
211.42857142857144,111.0123718089225,27.223006205148604,39.66279668439718,9.79194547096332,18
211.5,98.83596664413416,22.74561032123124,34.351977529646426,7.136791329061738,18
211.57142857142856,91.59671243944884,20.158038207672636,33.04342038473219,6.887570589960012,18
211.64285714285717,83.78394391238237,20.693993889729263,30.74483267646295,8.283110075849956,18
211.7142857142857,85.2398481306177,27.038813083933086,32.52846709824312,11.720518495544809,18
211.78571428571428,78.14084815683962,25.50635045938843,33.60270551511337,11.486356509108774,18
211.85714285714283,90.05184320254428,24.64886142299456,37.37780941628188,10.552687811473954,18
211.92857142857144,91.91674989404093,21.098045980725,37.714551156606454,8.580349178659048,18
212.0,80.02162203806833,19.48284519625234,33.08352913239818,7.2329019379257495,18
212.07142857142856,82.35042992104506,23.153368299980514,30.761693424206573,7.1657561238933045,18
212.14285714285717,82.80125077865047,23.038691099023946,30.321019470610434,7.172331844237739,18
212.2142857142857,86.40548261741925,23.30192071333092,28.835152839356912,6.86319616691744,18
212.28571428571428,94.84322483116674,25.12449749902146,33.07610693661477,8.191244922408648,18
212.35714285714283,92.85625442657076,24.281523008097462,32.657187690920935,8.206486281323517,18
212.42857142857144,86.06877520497473,21.229711718724303,31.37124594270433,7.456887282631013,18
212.5,67.99045671792435,16.198936346615294,25.22475903160851,5.908748611379893,18
212.57142857142856,60.222328222227624,15.30149949792969,22.551466959106477,5.630314241676573,18
212.64285714285717,67.74947462792373,18.186398452969716,25.05971746485147,6.3164597214288785,18
212.7142857142857,89.10269265896757,24.7508814575054,33.260660826831995,8.191470732656086,18
212.78571428571428,76.4246534703945,20.687152076586326,28.828651413184232,6.9219430601001966,18
212.85714285714283,77.58540286986542,16.067388008156012,29.87581932809735,5.147166204702947,18
212.92857142857144,75.22999501951762,17.397070829583118,28.747595174815242,5.55612520828818,18
213.0,79.20146011324385,18.719406872159322,30.7723847869814,6.581836581878316,18
213.07142857142856,83.98518478064328,18.310357437807646,33.05415624506981,6.436770888252017,18
213.14285714285717,83.13085772553545,16.8835653803747,31.994673266597374,5.960401963626124,18
213.2142857142857,92.79773724501618,19.336692731267135,36.27665212363344,7.4288233102385055,18
213.28571428571428,98.14186237004483,23.105930614119767,38.41047035719725,8.986132347069072,18
213.35714285714283,96.7977772863752,24.91606233870977,38.75460245596664,9.904351704913939,18
213.42857142857144,102.57481512467344,26.869289934556654,33.260092658623016,8.63664022899244,18
213.5,104.45239283664742,21.41967726927226,38.52704646802724,8.140089674271616,18
213.57142857142856,94.35530828755448,22.350790318156257,34.32556867817301,8.330150924017785,18
213.64285714285717,98.21123070286778,22.296301493350185,35.617252253097114,8.725077182133376,18
213.7142857142857,79.96509635395628,22.061884577945804,32.81844097581149,9.15166037022422,18
213.78571428571428,82.01274995424858,19.722021929248843,33.61912814791937,7.609866517526136,18
213.85714285714283,86.60708258414708,19.391185651118715,34.94332023107657,7.270549357072007,18
213.92857142857144,87.79016528845438,17.602162338167847,35.25199234013265,6.717511178973896,18
214.0,92.85561337449296,20.091119252196837,36.787499190342096,7.762006733775735,18
214.07142857142856,101.19475505045948,21.388452041040477,40.67608047308855,8.95819224899043,18
214.14285714285717,89.79765244800909,21.05428643633763,35.02095257310918,9.269589018609542,18
214.2142857142857,81.95560298384041,20.915024537866504,30.883508667200175,8.112143700209907,18
214.28571428571428,78.97992956459554,21.672343267696977,29.14436739207667,7.779206101441653,18
214.35714285714283,83.15516798845374,21.626025139964423,29.619865968200337,7.686837119034539,18
214.42857142857144,94.38190537884203,25.478926366275218,30.80466928636635,7.615552918437617,18
214.5,103.41866465546508,23.729112957122236,35.51128872164439,7.8523338702801855,18
214.57142857142856,100.75137482240045,23.69649102175441,35.40664366610961,8.487988164795086,18
214.64285714285717,94.59447591311424,23.04602071550868,34.57025580725515,8.696210592437557,18
214.7142857142857,85.92886558376458,21.229372104229213,32.254274165126404,8.107596784210749,18
214.78571428571428,94.31880960678332,21.169005750998405,38.56196430959391,8.925431558021977,18
214.85714285714283,92.23669902885125,23.325821113899593,33.832404757902665,9.141820592347031,18
214.92857142857144,97.54645345624564,26.14094245766971,37.15286500505242,11.150294546415463,18
215.0,100.02372357807404,20.78693893309064,39.186436733984905,10.16708585620176,18
215.07142857142856,96.27281360950596,21.707747202864326,39.19341726296789,10.92719049037816,18
215.14285714285717,96.06648113412895,23.03710325618107,40.16690645758336,11.853756012901718,18
215.2142857142857,104.54889393715591,24.326118799283314,43.61979450846598,11.956027142096367,18
215.28571428571428,105.65409635659778,30.273880335519188,38.57522743893362,9.77767499594782,18
215.35714285714283,97.71018091453806,25.890388121620767,36.87610783453959,8.529900395290026,18
215.42857142857144,93.30261571161186,22.161394543267075,38.62844068375045,9.033034059776295,18
215.5,100.66581198245973,20.4150815044227,40.01470158187289,7.174132842153687,18
215.57142857142856,99.62451860879015,22.988325881422067,38.632402651810914,7.610588979642784,18
215.64285714285717,96.64650517887723,24.15820912145415,37.03103707256968,8.05493312668207,18
215.7142857142857,88.81859335584188,23.50543809085948,34.1447418030424,7.66092566806377,18
215.78571428571428,82.76095973160598,22.49850240664833,30.946937399124366,7.1574172339506985,18
215.85714285714283,76.41903674858351,19.223279908134824,29.078013914525577,5.768533281417182,18
215.92857142857144,76.02984723529715,18.43963989711115,29.23753167475019,5.703538088812358,18
216.0,83.37144957804973,21.035536785466135,32.53929852873959,6.946553662317433,18
216.07142857142856,82.7925181414818,22.24809051954336,32.83201480013601,7.70292887069577,18
216.14285714285717,81.49707208648775,21.813086131098537,33.11070822748963,8.06557025557514,18
216.2142857142857,86.67278778665624,20.549409038061984,35.57424181304721,8.029618159513062,18
216.28571428571428,77.35842983052129,19.412869518922086,30.85387295768603,6.985593910698656,18
216.35714285714283,90.4734946289421,21.341707976262402,36.0490131945954,7.555501531677127,18
216.42857142857144,93.51807533899017,22.86442556099388,37.91122992173043,8.072316360161624,18
216.5,94.76465699284961,21.2570806525613,37.41967514541105,7.282488021378006,18
216.57142857142856,114.12116324229792,23.55510532115563,45.01012400934792,8.34895421618367,18
216.64285714285717,108.29024813842067,24.706681044964498,45.57185803275868,10.049060593006148,18
216.7142857142857,103.52507970162432,28.050243395738065,44.87404868988054,11.331815416303723,18
216.78571428571428,106.76356819436629,26.109524591428148,43.125416874047055,10.399892710442565,18
216.85714285714283,99.69399274488569,20.50790477783334,40.23762071949087,8.487469691073004,18
216.92857142857144,90.80185499480771,17.02009725900236,37.226015928655016,7.504163916249823,18
217.0,96.64611722421235,23.181008892561174,38.75120106647538,9.416757411723179,18
217.07142857142856,96.71341823114388,26.852155816813976,38.578812246480496,10.570570111799627,18
217.14285714285717,94.79466334141428,24.906419223268372,38.23210146010881,10.240639268016189,18
217.2142857142857,96.63888314914661,20.446686840463496,38.537867545200825,8.74178322700609,18
217.28571428571428,88.30576802967072,20.223472457303664,35.05800397146003,9.049732596617321,18
217.35714285714283,96.40161331753794,17.16513303263249,37.15941203729301,7.993094978141896,18
217.42857142857144,87.6167722373068,17.174348124598826,34.623023748102646,9.022807284861704,18
217.5,93.8973426859745,17.416435931636045,37.2271330840288,9.173246803369238,18
217.57142857142856,94.98136325790044,17.349509551684967,38.41259365056466,8.859430281536431,18
217.64285714285717,85.10309920428666,17.653776399713855,31.096764831040762,5.963222279791153,18
217.7142857142857,76.18924683086946,19.617535488591184,34.72527728120625,12.097523963735542,18
217.78571428571428,76.20100568803485,15.976365939947524,27.350810905018022,5.422225811786814,18
217.85714285714283,100.03398197419102,22.604652350478467,41.292789674182714,11.124450412990178,18
217.92857142857144,94.58386166911941,23.495496432753352,34.46667026328324,8.547245521646092,18
218.0,94.93320539749634,23.081536844033725,39.939113304934175,11.297387928986375,18
218.07142857142856,86.01044531960994,21.33518171968614,37.21477951766951,9.904446624682375,18
218.14285714285717,93.57777542649734,19.640764436155873,37.61050967097703,8.575662021961504,18
218.2142857142857,101.84976563013909,21.72267509399377,39.54886720561739,8.82539941861112,18
218.28571428571428,107.40496840377007,24.223231904263052,37.77874059017633,7.863638741064139,18
218.35714285714283,114.45418630693975,25.7400194246099,40.46072935035451,8.811551234207156,18
218.42857142857144,112.97359016110902,23.44783759104674,40.71133941405808,8.396928192909336,18
218.5,100.84408285546992,19.563619713619868,37.20606308483625,7.5331918588808415,18
218.57142857142856,97.59346577364117,20.363445837617423,36.79439799723527,8.066092003604409,18
218.64285714285717,98.99193420933248,20.747107932045328,37.83191899029619,7.9580023823467245,18
218.7142857142857,102.85553483631105,22.560890824112906,38.688623831271066,8.599200675889545,18
218.78571428571428,103.23634854329588,21.77752186111843,38.49992679203984,8.191402008722003,18
218.85714285714283,116.1541935126073,21.57191857812319,48.1578288538172,11.322537418849661,18
218.92857142857144,98.44298029851736,19.029577784003973,41.98188162978054,11.397377221932167,18
219.0,106.80896403628907,23.5685717817273,41.34264858253015,9.817597811435085,18
219.07142857142856,101.97978105675575,24.501541918720076,36.72109288253254,7.970791227059743,18
219.14285714285717,91.78258475896244,25.932116056244887,31.864051437009163,8.243215030495692,18
219.2142857142857,103.65393849521594,22.1174105717785,39.252748670069,7.861541023945231,18
219.28571428571428,104.02265315428714,20.372765057407097,36.63757033510433,6.382815102998869,18
219.35714285714283,100.8618797861531,19.530279790855687,35.28186048420716,5.768075120116128,18
219.42857142857144,87.00570171962273,17.12406490051444,31.023988915702432,5.107066317823513,18
219.5,92.36747613734534,20.469412645423084,29.647777094078492,4.790800037263783,18
219.57142857142856,91.38325784128844,20.151921341100593,36.502644074766515,9.897791674233613,18
219.64285714285717,93.56384546646785,20.357171691041255,37.28777855212626,8.756806856690652,18
219.7142857142857,102.59351214202147,23.665996751324652,41.90069696319242,10.571447205940713,18
219.78571428571428,114.01885489845742,27.82904753312815,47.63313507171644,13.443257412924828,18
219.85714285714283,112.7717257143748,30.35637335745985,41.09252526231322,10.832347375155747,18
219.92857142857144,129.9714215405749,34.59479947903881,45.94259826603988,12.27818582038516,18
220.0,125.8375782556505,31.750540718956064,46.15102764307245,11.423232352606751,18
220.07142857142856,113.163736126185,22.078752129122897,40.99603707241374,8.339221631069114,18
220.14285714285717,99.96831648195874,16.82951707553231,40.04022467049897,7.583338655666929,18
220.2142857142857,103.94896260150836,17.440788748247083,41.22816716776763,8.216445377227666,18
220.28571428571428,114.56595455739965,23.80641241329659,45.663489497095796,10.428843461393383,18
220.35714285714283,116.83785321220925,23.643125276879015,47.178230619555926,10.368442177653051,18
220.42857142857144,116.88358900768134,26.360316556054393,48.69632946051569,12.112347021321558,18
220.5,120.16847613450658,26.357902031179993,56.52313754682846,18.136283641717817,18
220.57142857142856,115.42403223115126,19.31016076511486,51.396723839190145,12.659519874487824,18
220.64285714285717,114.66568363853501,19.62281669196759,47.711178838852355,9.679327929149334,18
220.7142857142857,111.19636289479543,20.380921604172148,44.17167348041384,9.580694468010728,18
220.78571428571428,116.8324921856536,24.640038493708026,47.45079023396293,9.961685680844823,18
220.85714285714283,107.34124397007442,23.00394504977632,42.74714110355253,9.866182006587984,18
220.92857142857144,141.7938971489198,28.536229451741175,52.54487993068753,10.535779299235832,18
221.0,136.57008014073796,30.17041702700709,50.79233023170467,10.861162499141706,18
221.07142857142856,120.61657459265095,21.855287290058612,43.25570650404384,7.352846637185,18
221.14285714285717,103.0198280791726,23.255457909049195,36.514284358989535,7.560790374221766,18
221.2142857142857,117.82992778801412,27.110826636088866,40.10877530356317,8.777883317503795,18
221.28571428571428,103.79454333278653,22.819889957891316,35.37403528349399,7.201652456423017,18
221.35714285714283,112.36934226175254,19.49014997197741,43.48418145219501,9.488417649480942,18
221.42857142857144,107.78042834031278,17.89153934918498,42.078201607255956,8.850399036016883,18
221.5,118.3400984354983,24.095917924435494,49.53378981473588,10.575489883725995,18
221.57142857142856,121.76283367506927,32.51827463073075,51.58195947047594,12.84742063567528,18
221.64285714285717,114.93405753822549,35.36111486127283,45.561181434178586,12.888823263193974,18
221.7142857142857,96.01630936111651,27.036829843497667,39.426187792848474,10.86876172727852,18
221.78571428571428,78.5075754176993,21.471483869692232,33.66210356609261,9.71974811975641,18
221.85714285714283,70.8207411556114,22.60657376810274,31.78773765445778,10.331531110457393,18
221.92857142857144,53.636243966087584,14.660592049662045,27.77000859022788,11.041184672017662,18
222.0,60.380703025964486,13.281499407123384,28.93692114244211,8.849565609664802,18
222.07142857142856,58.68849534583737,13.85781236449009,28.355024149933282,9.873667682634858,18
222.14285714285717,62.94422832199164,12.990727569425449,26.508506784176642,8.702349257942288,18
222.2142857142857,63.901645996905444,12.684652480408594,26.09290387208119,7.55387698267772,18
222.28571428571428,58.072267703172535,12.381165043227035,23.917446902165388,7.08816424136365,18
222.35714285714283,59.92554620228234,11.226133847742117,24.355112537138837,6.015678619159196,18
222.42857142857144,61.92808531891398,11.345764076288477,25.75038556011757,7.058245468744006,18
222.5,56.77519130166088,11.919956993668894,23.45303419776835,6.555173825979896,18
222.57142857142856,58.31778419108628,11.993575755857801,23.431059437462054,5.749013424110996,18
222.64285714285717,74.46772983621979,13.665758997872258,29.25939370163918,6.08659710101626,18
222.7142857142857,83.83654991344406,17.29595427019317,32.71529436180472,6.665835898109403,18
222.78571428571428,89.19458560993169,19.493834004118916,35.60841158491134,6.865531415496814,18
222.85714285714283,97.18537883076284,20.09130682172808,34.188331166614354,6.732281929316751,18
222.92857142857144,100.11754640704982,21.748141582092963,34.55333952389914,6.965258197570541,18
223.0,88.2995137343401,21.42990856287796,31.757731113979588,7.4318165212378595,18
223.07142857142856,83.70607976307933,18.954353112812218,30.716738483502777,6.314470548494726,18
223.14285714285717,81.83391882044108,17.905533882951698,31.505893377487407,6.040183231916269,18
223.2142857142857,77.94449557149282,16.11557670044419,30.999974073270597,5.981665461089816,18
223.28571428571428,76.24634138717998,13.530669079042609,28.175779244549346,4.365336953813673,18
223.35714285714283,81.98120711755023,12.348765724486066,32.33578215031765,6.359758519094192,18
223.42857142857144,73.36472760997077,11.47307565248312,29.146988980438383,6.70093096391828,18
223.5,63.02672592355806,11.552174339042974,25.25451572981395,7.197006463342492,18
223.57142857142856,63.3574301317748,14.19381278120366,26.15505093707763,8.579093134583223,18
223.64285714285717,68.78593804222149,13.06740203626403,23.425398088556953,3.8365542573838103,18
223.7142857142857,85.56442952695389,13.445365688858882,30.85913618364681,4.14364292509754,18
223.78571428571428,99.21363898640428,14.379468881908757,36.448476641149064,4.663599861475766,18
223.85714285714283,114.87982938618455,17.757606443539256,42.916582229813166,6.761155055462503,18
223.92857142857144,104.31049378478744,16.09808697992251,40.361445720686014,6.2293097651873515,18
224.0,108.1682987320061,16.477365890278584,40.84612925089438,5.921516217505627,18
224.07142857142856,120.18317292049258,17.461260369706604,46.88118331338114,7.152944199366566,18
224.14285714285717,108.85634345189307,16.948339569251416,43.01027404531327,7.08206789701569,18
224.2142857142857,99.97267940209116,15.983115438566363,40.90502147546804,7.3280973620157,18
224.28571428571428,108.45406838532313,20.36397366923099,44.952212338233416,8.963346674632481,18
224.35714285714283,96.19490755659783,18.664586747614692,42.372632794843014,9.336737337137546,18
224.42857142857144,85.65503513126355,16.63672827324512,37.77273156136475,8.385354703698226,18
224.5,90.68975833907601,14.888306167125542,37.95950634347757,7.6174881498125,18
224.57142857142856,90.86466193755395,14.107170810118811,38.198141196924794,8.04619110947598,18
224.64285714285717,106.19457934588124,17.137616877717758,43.253480661577676,8.529086129656305,18
224.7142857142857,115.74656926020351,19.975837799627307,46.71864624894751,9.311631707913877,18
224.78571428571428,116.30525380626955,21.255886556075446,45.73430795012071,8.81003051300248,18
224.85714285714283,102.73891747833416,22.119587418198183,41.12447118797129,8.805603214408595,18
224.92857142857144,104.83076665299868,25.932035096276717,42.23029906622304,10.011156700326454,18
225.0,101.77803382161147,23.857919849879323,40.86480061748843,9.462297823242741,18
225.07142857142856,86.09757404193566,21.519353255906605,36.76051812035934,10.093323731712653,18
225.14285714285717,92.94736050892041,20.434430614180073,38.34063303603257,9.714203226816965,18
225.2142857142857,93.41958517512278,22.094601529134646,41.37417670696854,11.811926836363204,18
225.28571428571428,91.74185521526842,20.33194647052576,37.77737120981275,11.50550155389041,18
225.35714285714283,88.0747766766876,17.527830559272168,37.323263882975134,9.020834035429248,18
225.42857142857144,105.86728878491799,20.906986852912873,40.349827953310346,9.970296852967168,18
225.5,111.16285369892421,21.203487410796413,42.84908694187686,10.495939589560628,18
225.57142857142856,114.2594997754152,20.462188173709965,43.05008012063096,9.130265078141221,18
225.64285714285717,118.49064338577716,26.58192874118936,45.33747500735133,11.777741240157644,18
225.7142857142857,105.74990410989507,25.76647131032211,36.579054857126955,8.35071273817448,18
225.78571428571428,108.79748010533369,24.391831997668284,38.188964409855686,8.047819563068833,18
225.85714285714283,110.80493227135531,23.96588729897355,46.78597164044053,12.841947419840183,18
225.92857142857144,113.92202610253135,25.987791745555356,50.434407450228534,14.228355180820332,18
226.0,87.58717388538992,20.760610772644256,35.051827939717796,8.22425637023797,18
226.07142857142856,60.58235683592497,9.919515223445211,26.70312531037229,7.06369574760834,18
226.14285714285717,71.23824934212755,24.867614585550328,30.51229807868443,10.721651232386815,18
226.2142857142857,103.67010529776861,23.749269508332823,36.872546598196436,8.990896916543766,18
226.28571428571428,116.4629418920487,24.069513532701983,46.05268024017133,11.492145706481288,18
226.35714285714283,118.03517827153621,22.72060935772696,44.85371791472563,9.896140835735626,18
226.42857142857144,120.75722629826814,22.813838174438892,48.4641181986137,12.042035131198293,18
226.5,122.10668782602004,27.973160424194177,51.323561822811385,16.388450214545255,18
226.57142857142856,96.08478396587508,20.733127529261512,35.45124537393106,8.285906631112082,18
226.64285714285717,97.37633650438414,20.575589891637478,36.235856785946666,7.990303657688459,18
226.7142857142857,96.88172968487645,19.62057442637219,35.81410308227746,7.8565926697584745,18
226.78571428571428,85.35415848717155,17.24754080863434,32.63478751728369,7.300744024876998,18
226.85714285714283,75.76931606318314,15.928484843516946,28.93303622174782,6.487908916975215,18
226.92857142857144,77.55088200007154,17.368404740390556,28.73609701500143,6.392118401353996,18
227.0,91.60220801464604,20.011624350838225,32.40769726396934,6.601349455589191,18
227.07142857142856,73.82921232490676,16.931597391271342,26.189963504251505,5.317580379902192,18
227.14285714285717,91.13482563342315,23.195530077603912,31.862483666149785,7.355036743313129,18
227.2142857142857,95.90742087170423,27.5826897530888,32.56626751513151,8.146413762103576,18
227.28571428571428,96.72193742651763,27.339670449451873,32.80165262657736,8.080337555000336,18
227.35714285714283,97.1778446905546,24.521148545133094,32.96776163010207,7.481852621642974,18
227.42857142857144,84.5162160719765,22.654966859460757,32.20579811036246,7.404007217352112,18
227.5,78.91552516381519,11.806370953465095,28.436916611175963,4.150179449538508,18
227.57142857142856,66.54338854862402,11.0628701157557,24.572886838792108,4.131055054654928,18
227.64285714285717,64.57505832688864,9.494899202811013,24.264022902686687,3.7263924609834524,18
227.7142857142857,75.362956615638,11.452104047899274,26.86669359223507,3.929453235076145,18
227.78571428571428,78.46543159540951,16.02208849495839,28.360667647877488,5.567251697181217,18
227.85714285714283,95.81613015428107,18.51103060594343,34.13913089470916,6.308461119955251,18
227.92857142857144,108.05527648637091,20.456255370695107,37.80411033633368,6.828955976437972,18
228.0,113.94814974681206,19.69052423693143,38.82939061247027,6.10505487782051,18
228.07142857142856,112.37515126236022,19.797157806995088,37.896698933699376,5.973878670905657,18
228.14285714285717,87.16489171473694,20.07426175504944,32.02623934686889,6.195450354139096,18
228.2142857142857,115.80856909831078,25.65287429403826,37.43703315219232,7.081723389512548,18
228.28571428571428,116.8354246111168,27.881120465604425,37.70877155279654,7.747363594488747,18
228.35714285714283,110.47232728692194,27.50535291327315,35.54240608296706,8.185634813050816,18
228.42857142857144,103.56527912627264,23.202558205029444,34.85149479164949,7.14156178739403,18
228.5,85.64224818891454,20.464981729834598,28.976229124862833,6.425174440699429,18
228.57142857142856,75.32613123727602,16.596984532537228,28.475302578859168,5.839177484369616,18
228.64285714285717,74.12441646834687,15.329175517479197,31.69214207936339,8.840923282095591,18
228.7142857142857,71.79303685285774,17.55232751642175,32.80665983872125,11.616746186080661,18
228.78571428571428,71.71359078323552,16.799212838135634,33.28702148500735,12.625124969571182,18
228.85714285714283,71.45317159175173,15.180396583932607,33.060407376557535,11.190402281404937,18
228.92857142857144,77.62905429463191,20.511242958831176,38.875592077810516,16.192407960775004,18
229.0,54.40208466557138,13.203808227952823,21.06159187923849,4.599017352651562,18
229.07142857142856,82.07356592637444,20.52021497934205,37.45530424895939,12.428665804216683,18
229.14285714285717,66.81699796873448,16.095521043476097,26.574687675626766,6.224987710752717,18
229.2142857142857,84.5369279812854,20.04405742051033,37.984427119986066,11.326101068357756,18
229.28571428571428,91.69572730497659,21.352123585054386,41.60894696872914,12.572136581635327,18
229.35714285714283,90.06516333754264,22.447491622679753,41.388377153974716,12.99273413252256,18
229.42857142857144,87.87999472192352,19.551251578620633,38.46313068011984,10.606447320954642,18
229.5,68.11450160062307,17.02314262288548,33.31207511142755,10.903388645778872,18
229.57142857142856,68.40432919992514,15.22012496047762,32.488168491144286,9.94804597666321,18
229.64285714285717,84.25612466481763,20.449228991652028,41.36254718736631,14.329746374384005,18
229.7142857142857,91.28323073275956,17.95170719807653,40.278099588221494,11.949796614135657,18
229.78571428571428,96.03614716544492,21.236525661429607,43.41554076237618,13.698196823201076,18
229.85714285714283,90.83102169943463,22.536262885966362,41.60977157800064,13.344451741147438,18
229.92857142857144,94.76256901922355,27.091615628750585,43.89666763270998,14.105747384873291,18
230.0,99.24860350871181,27.532276349169393,42.43754720471752,11.892705093253236,18
230.07142857142856,82.85900778577908,23.320730806327376,35.32363948305461,9.32699126155436,18
230.14285714285717,83.36371270616853,20.294094614820334,37.95864284455304,8.71429652684179,18
230.2142857142857,79.87770322600939,19.690598884611347,36.05814633216893,9.505153889246495,18
230.28571428571428,82.602630526632,17.35184807093591,39.817219671779824,11.116025068741477,18
230.35714285714283,90.47188988982872,15.470493865556746,43.63411561590681,10.860412372213672,18
230.42857142857144,80.25864185966888,13.78556428343193,38.371712301661624,9.249927089396046,18
230.5,94.68533805218102,23.847301520951124,34.07081494153096,7.87910992722944,18
230.57142857142856,84.83776504884176,21.600256281833985,35.52298476239017,10.14845644638912,18
230.64285714285717,73.18029676477032,15.155684239025256,28.71792486955608,5.979878493492268,18
230.7142857142857,77.72912824756324,15.580165260127785,30.11795881647619,6.631467017531642,18
230.78571428571428,78.2998222161922,16.085401202450107,33.189226915097606,8.997165846826917,18
230.85714285714283,79.35728659011218,17.91519053609565,36.554262625380765,12.11691579550148,18
230.92857142857144,77.63168536367718,19.209357630115967,40.508586804480615,14.23638078721637,18
231.0,63.17460620469827,15.96262338894319,28.221899515687376,9.284520867101934,18
231.07142857142856,58.526150090442854,15.893056703718118,25.910686888622863,8.907501808732107,18
231.14285714285717,53.87783430021563,14.139236631682149,23.38367997297188,7.231298033952475,18
231.2142857142857,64.85417329070259,16.628201740539108,23.324949377849048,5.273250654287689,18
231.28571428571428,85.97227268928027,21.2124717603948,44.25793615185462,17.564221534018053,18
231.35714285714283,68.52307412635254,16.03190250312438,26.85504000645016,5.556914754922781,18
231.42857142857144,68.35425591748438,16.472038113882046,26.73025018891807,5.667389692421499,18
231.5,74.70800680405728,18.325227801465566,28.505517230558972,6.2958734897339435,18
231.57142857142856,82.62621401222441,20.2983838238029,31.942615293288803,6.956727003260229,18
231.64285714285717,91.85284644653052,21.676172779925768,36.72081346600514,8.084157997471989,18
231.7142857142857,92.96882705061878,21.357791687218796,36.429734419065134,7.276695764276084,18
231.78571428571428,90.35285594727793,21.783518440843547,34.605043725665574,7.476194542638868,18
231.85714285714283,85.26201761472782,20.35428614434274,32.68400747985285,7.015147054611434,18
231.92857142857144,91.63139428673047,20.765842420864146,34.74899887808294,7.372721599939196,18
232.0,84.69466312324532,16.50725622496293,29.73786426446287,5.4042225617137385,18
232.07142857142856,81.71665523070855,15.090710097785854,29.978706600989604,5.210846792644545,18
232.14285714285717,83.96898701023686,15.987805059431729,31.888479658670672,6.299167045826877,18
232.2142857142857,71.82428019002595,13.136822724763366,28.012099672033052,5.69811946107437,18
232.28571428571428,78.33045681196377,13.319724184085235,30.995086671921026,5.725700271489988,18
232.35714285714283,84.76988539463628,16.250904317230077,30.750565890545534,6.2846333171990185,18
232.42857142857144,95.4878676795616,17.400762435104465,36.02033216383213,6.666957988675761,18
232.5,99.52241986975864,21.59479706482602,38.88278443700661,7.773220621584795,18
232.57142857142856,97.87045974184842,22.195163596893835,38.36420565589567,7.782865886575296,18
232.64285714285717,100.81557203975595,22.30270198189686,39.727143288607394,8.040763252310745,18
232.7142857142857,99.98520057828321,22.37420193232002,38.74724964745687,8.007355853338833,18
232.78571428571428,106.02346798336946,23.338927097407403,41.267203339423624,8.121089214561854,18
232.85714285714283,123.15338830599228,27.875663452744718,39.94811997396453,7.6627677407285955,18
232.92857142857144,121.36995217901388,26.94159511890698,41.06765807527141,7.093346959787777,18
233.0,119.35135164392739,31.681110440478136,47.05354500698394,15.627185784897692,18
233.07142857142856,141.99176334820294,35.675999808765646,55.7843410360415,17.75097988688868,18
233.14285714285717,123.77864869878323,31.462014964069144,39.42758254932851,8.954445618568391,18
233.2142857142857,125.06337233928687,27.84454044077825,44.258403596736684,9.516980845752531,18
233.28571428571428,114.93552512657611,23.67214244505104,41.99984635054846,8.641308830065011,18
233.35714285714283,100.21543752306069,23.347038018037985,37.91255214932016,7.706845797964945,18
233.42857142857144,97.66963017314772,21.208979287825674,37.13926621524607,7.145055299973999,18
233.5,90.85600249651709,19.659589850408768,35.808970721786054,7.050169210163599,18
233.57142857142856,79.19596006777932,15.527797932509015,32.145305444157465,6.175948307109191,18
233.64285714285717,70.46221006055231,13.358842800449022,29.70539602568482,6.665003745836045,18
233.7142857142857,75.87182622812857,13.546278943464761,31.381032323985917,6.541058509564339,18
233.78571428571428,74.15948333124233,13.022956116859154,30.931137521871886,6.634405512022723,18
233.85714285714283,83.75769511854452,16.181263745434645,34.88784916656819,7.894846673272421,18
233.92857142857144,89.87096808947871,19.988635794373288,37.321099943411554,8.971182958262052,18
234.0,91.05945313716431,23.377953539291752,36.24509323566924,8.749401424600984,18
234.07142857142856,100.49767882662773,28.236761664112603,38.33154392692646,9.934004865721183,18
234.14285714285717,100.64363694278,32.895782092695924,38.41426494553627,11.6909056460804,18
234.2142857142857,113.76013966507179,30.514800505418883,45.253123038985485,11.254931967198482,18
234.28571428571428,88.69572985063341,22.376354694294058,37.60261891186586,9.520184482130489,18
234.35714285714283,78.19615389096656,17.418380038388094,33.1411891243221,7.40739613784979,18
234.42857142857144,77.23976149959515,17.604423182156477,32.48770869150491,7.301450520322096,18
234.5,73.00983009339647,15.090175767057136,30.489138863436576,6.392565847191665,18
234.57142857142856,69.63336505246637,14.690879698408978,29.10640679801112,6.368113501054037,18
234.64285714285717,67.33007101460483,13.809685740532192,28.398239835874886,6.144151388411076,18
234.7142857142857,67.42577831001083,12.193659351617795,28.94389522313033,5.560635961759355,18
234.78571428571428,69.72315471982637,12.01849573935207,28.95791410822587,5.4215657551371566,18
234.85714285714283,75.36658227419093,11.652070266171851,31.459893988403618,5.09067647405125,18
234.92857142857144,76.80949473804677,13.532173158959475,29.598051716073638,4.823803250712599,18
235.0,82.42026126163827,14.440101467442824,31.712713677337806,5.195275637359622,18
235.07142857142856,77.95453883175729,15.7156055002007,29.731493240460427,5.687068332046069,18
235.14285714285717,77.72446663341007,16.652121969594045,29.48405305010652,6.205877709018521,18
235.2142857142857,73.15728448014713,14.70828583182681,28.2404931927101,5.309279180561314,18
235.28571428571428,72.48650458785181,14.565803376435527,27.93894327367642,5.272546562992916,18
235.35714285714283,78.61974368793173,15.017329403108574,30.359614829547507,5.57299267572365,18
235.42857142857144,78.98673338105351,15.418520789904825,31.111361418515035,5.960361395183854,18
235.5,77.38051609794881,13.182141889773874,30.990610349206843,5.480901915248035,18
235.57142857142856,74.52225943618465,11.578018206321023,30.467224258689424,5.665771532714935,18
235.64285714285717,71.74254500249873,11.241781961543785,29.947633550369396,6.256400716811275,18
235.7142857142857,66.29461892430018,10.267925359024293,28.325847699226056,6.58881870656107,18
235.78571428571428,79.12164848466833,12.42668820543189,30.299160228860206,6.5961211799420445,18
235.85714285714283,79.96162099496041,15.346112071966207,30.72466564563034,7.427406471975337,18
235.92857142857144,100.97631008449817,22.788922886587304,41.501912310843664,11.767388120953216,18
236.0,98.75363096873724,23.13921870246613,40.939931375555716,11.884276221492824,18
236.07142857142856,87.3666199634818,18.54616443874322,41.30135251542307,12.125509259544204,18
236.14285714285717,80.8894109158514,16.036425965949164,31.378033444521993,8.852152769585299,18
236.2142857142857,71.42446162313212,13.4955609003901,28.721093220766623,8.2687254322306,18
236.28571428571428,63.74422143323908,14.072847663762456,27.32024255471359,8.226748462349507,18
236.35714285714283,66.21073342967243,14.632792552301995,27.045607235989873,8.25476147295117,18
236.42857142857144,81.729583832256,19.031657180379064,34.23150002043891,10.310424146228884,18
236.5,83.13819410210871,23.18191766930442,35.53295125606019,12.66442090853805,18
236.57142857142856,85.17955548120702,22.963435640458858,34.9963166342924,11.406151508447973,18
236.64285714285717,93.63561080731866,23.17605835163426,36.193060394313825,9.956934160062348,18
236.7142857142857,88.17140397158825,24.695497522436565,33.34685615562585,9.80429786492568,18
236.78571428571428,96.64309658960944,24.99316950034054,35.084635065174986,9.14819237799255,18
236.85714285714283,97.34148759494828,24.731724134509324,39.01372363022794,9.722420156181332,18
236.92857142857144,86.5405065552141,21.607580169505894,32.70618399992376,7.445634093843724,18
237.0,80.96637552244763,18.98123097985447,30.732440878297073,6.3834213284219565,18
237.07142857142856,66.7374539816374,15.328836404451357,25.1341544656036,4.917497883989012,18
237.14285714285717,66.43375912426109,12.762936376403939,24.88206911501997,4.238062899257122,18
237.2142857142857,66.92874992007224,15.916690735396553,24.609956411369613,5.1570484779526735,18
237.28571428571428,68.11136287879985,23.827565104236434,24.04729112047846,8.231741836948402,18
237.35714285714283,64.04992711517016,23.254536412987378,22.610001992396057,8.13992178848851,18
237.42857142857144,71.19053111421995,21.122610184466787,25.23258027444922,7.470422844485686,18
237.5,81.2428118952404,22.143377305296642,29.179351142301634,7.7032731810842785,18
237.57142857142856,85.14265445036027,22.50719428995318,30.48001307086684,7.796987479367659,18
237.64285714285717,81.06837622910298,21.534433538448063,28.747958925352126,7.556881104515323,18
237.7142857142857,98.57810406758692,22.160184904160474,35.14110355729899,7.633469847680953,18
237.78571428571428,82.92977685095377,19.86946477655266,31.0877480417903,6.84987812321015,18
237.85714285714283,86.61895608353475,19.32796207585764,31.944530349306497,6.592762930737697,18
237.92857142857144,90.48662736545694,22.013203594285073,34.035048620052855,7.7961240454190985,18
238.0,86.99705897625117,19.22263341978971,33.77615223795904,7.291582910074177,18
238.07142857142856,81.4807156385336,16.126416522546947,31.64974007890043,7.244481881383269,18
238.14285714285717,61.364282941679186,13.747001564789567,25.035381985295466,7.505224538821101,18
238.2142857142857,57.351457366856685,12.622643266407284,24.21167190178517,7.436576601990021,18
238.28571428571428,50.815344849970934,12.987855426834537,22.33733849412056,8.125312960263445,18
238.35714285714283,56.82884103800337,12.44112958160594,23.3989031343678,7.894222124062364,18
238.42857142857144,57.66521615198749,14.392565629185654,24.403512961770446,8.87120559268953,18
238.5,66.48278934990172,15.402252446959178,28.607000280465854,8.823114684044343,18
238.57142857142856,69.05037926899556,16.9808620542192,31.004939588516166,10.392629118053076,18
238.64285714285717,66.4298493964668,14.08240762809982,28.659329028904377,8.022387297572992,18
238.7142857142857,70.9252219093302,15.475795856848979,31.129265535470527,9.490589150620313,18
238.78571428571428,65.60109587920329,12.904683481874375,28.256074636097967,6.827514624497519,18
238.85714285714283,61.5109141498525,10.0937682942703,26.236409414838665,5.499990638904159,18
238.92857142857144,60.26071413739567,9.170863447195662,25.802370428971592,4.8281749700126015,18
239.0,81.32152938308208,19.160136383298372,28.438436213447535,4.498434217740733,18
239.07142857142856,85.3577128795934,17.669118650581893,30.001328770164978,4.261035815744725,18
239.14285714285717,87.20131883759453,16.699109345977952,30.58268986601979,4.175763003219853,18
239.2142857142857,87.29216391425952,15.852138531618268,31.191310603324258,4.4152643187415554,18
239.28571428571428,91.27436561154734,15.31191527794153,34.1374715259604,5.2992957290687315,18
239.35714285714283,90.68313259500718,15.247157572431044,35.67217546231293,6.213545197176896,18
239.42857142857144,87.54432892075324,15.708059159223549,34.26583828027594,6.114667704268316,18
239.5,75.39176188564234,13.55225274777843,30.237837184541583,4.791284306724772,18
239.57142857142856,66.77739901683215,13.755534913593523,26.63541640514249,4.507214910708634,18
239.64285714285717,58.74190111335388,10.761966822370239,23.357925066966438,3.471506458910239,18
239.7142857142857,63.545981406097226,10.450770136160841,25.404356897040405,3.7687576151867654,18
239.78571428571428,64.25003151360725,10.833218639942816,26.14898408484235,4.096389741500857,18
239.85714285714283,62.308550288507384,10.626490068709845,24.029709574138494,3.611609588201807,18
239.92857142857144,69.42162556024995,13.110663107253483,26.08007413849439,4.465449524803352,18
240.0,82.88183806757479,19.178386729553154,28.69169039607344,5.238853016121846,18
240.07142857142856,97.35520856958975,19.81308921164788,35.85691708095992,7.291206719367406,18
240.14285714285717,97.03853570731533,21.562996337962282,36.30317462074859,8.511153708146521,18
240.2142857142857,96.60626625159543,19.837681319660287,36.1405806048199,7.659625600689712,18
240.28571428571428,91.77856130008621,21.04291739639269,36.41375789635108,7.7328894872916685,18
240.35714285714283,98.73978227388342,21.894190055277015,35.67606710319404,7.555160144291119,18
240.42857142857144,104.428906780258,23.55863757205604,36.56060180305932,8.20590266001417,18
240.5,96.84723996222613,21.113581939687215,36.41675057198133,6.875588534427745,18
240.57142857142856,84.40274597538917,17.720019211065388,32.127570115629204,5.537250889334196,18
240.64285714285717,90.63428980612971,16.841037366119146,32.69423041643924,5.432416668350587,18
240.7142857142857,88.48268227414745,18.723047546860595,34.1673534022512,6.225329796690627,18
240.78571428571428,84.99711296339757,19.117883529316426,32.903525169931385,6.644405317246691,18
240.85714285714283,102.1041198718355,24.948636979618183,38.59188339898006,8.882992654879407,18
240.92857142857144,97.8878514223652,20.597630202983424,37.97601980210724,7.362603837503648,18
241.0,97.59250973779292,20.867067189010424,37.5340874895545,7.824542523544469,18
241.07142857142856,91.5433998445296,22.812980099076345,34.46906957699723,8.179623247477727,18
241.14285714285717,87.6687279009895,24.89700125049163,32.866302881729325,9.095157583637912,18
241.2142857142857,72.58303264264246,19.799442758500827,27.482383559725267,7.263650095508822,18
241.28571428571428,77.43450806422616,13.646991244953945,28.250448357433793,6.315213255552873,18
241.35714285714283,71.15471729694708,13.14843667190766,25.89801080113869,6.048404266418981,18
241.42857142857144,74.38672788460218,14.222091664675284,26.859061267975054,5.944105380214047,18
241.5,77.70880035646127,17.274937513362893,29.77163240528711,6.721300351567721,18
241.57142857142856,82.96308941379938,16.409060019056223,29.979884160813608,6.3790722825831905,18
241.64285714285717,89.23526770339294,18.641341138124616,33.07687799542201,7.5834734177937655,18
241.7142857142857,88.23296068328922,20.1291099032967,32.48842241182391,7.686758556823894,18
241.78571428571428,93.82860005234569,20.116210520559125,33.06860392255982,7.198620352336776,18
241.85714285714283,90.2323434418477,26.32576131228034,34.06675788878686,9.173076420867227,18
241.92857142857144,91.1826669408113,25.12799386270547,34.612689899278585,8.691776925147485,18
242.0,80.76427424336744,19.031651670281903,30.704453998188914,6.5446223234596195,18
242.07142857142856,69.91074747670952,15.643101496745603,26.30837973441102,5.317221368516854,18
242.14285714285717,89.54362789383903,21.03903475253213,28.134513585241184,5.022223526705998,18
242.2142857142857,95.5015698012435,21.56880620990911,30.565504464715712,5.673472662375817,18
242.28571428571428,101.34386233662603,24.602002162513667,32.66373050875144,6.897829043969644,18
242.35714285714283,98.14408711392481,25.172800637386388,33.61812684188665,7.817917905285635,18
242.42857142857144,101.90818550773737,31.603585725153398,36.42376709783592,11.18977485968382,18
242.5,102.68563078846212,36.452252934172165,38.37707342007749,13.407723803949338,18
242.57142857142856,109.26036634775933,36.10495980591695,41.6857417553814,13.403594024475247,18
242.64285714285717,102.50237727759698,31.01589223921918,40.02064097697787,11.686010797440533,18
242.7142857142857,77.49321142481902,23.295766355774663,31.283604326823067,9.336848687863794,18
242.78571428571428,74.13738990898595,23.302616239951895,29.015345732289482,9.387485158799974,18
242.85714285714283,82.47246185562848,21.17729324826015,31.371367639497123,8.381830025986154,18
242.92857142857144,78.71948325040911,19.75008530510523,28.796520964982403,7.348414382002949,18
243.0,72.82933342982814,18.970158207233577,25.236634846371604,6.131319045045134,18
243.07142857142856,79.13249892200922,21.564270093254265,28.09347897930302,7.247087892451965,18
243.14285714285717,78.3042598184082,33.07454361106615,30.874536980294494,11.814686246212505,18
243.2142857142857,88.70901063292318,33.802271413888825,33.433426017234765,11.980619474853187,18
243.28571428571428,84.39405238924209,31.17816618195391,31.696885006882024,10.834454246309765,18
243.35714285714283,100.22888834617719,25.656245987721267,37.50577118848544,8.683696890282771,18
243.42857142857144,89.26037888739135,25.541838301626527,32.82725879926679,8.498220150715833,18
243.5,85.41272453836906,26.425821996383803,31.06711409467806,8.898913285660322,18
243.57142857142856,72.61823089049089,21.981669869288574,25.912341190664684,7.518607458940727,18
243.64285714285717,77.17214333896624,23.701152331844096,27.452347424127495,8.045659291187453,18
243.7142857142857,72.97110711140193,27.226559545119223,26.5592884820224,9.372619561307422,18
243.78571428571428,79.75249942072459,34.230246495775276,28.729107125886472,12.046398394576343,18
243.85714285714283,77.61192502643881,32.56041254447943,29.87790937439998,11.66036540341392,18
243.92857142857144,78.58006724434587,29.760520716682166,30.107945838406042,10.598090768528275,18
244.0,72.21977141184561,23.553437912342897,26.641945635371922,8.402159368261993,18
244.07142857142856,72.19562740658256,20.0418583171638,27.287183372647082,7.184954171763135,18
244.14285714285717,68.16250514242192,20.78077576045033,27.27075079140767,7.498978913700248,18
244.2142857142857,69.07586460283167,22.833005872918182,26.581211878981144,8.150137432095729,18
244.28571428571428,67.52131928583951,19.38743123770339,25.804434244836767,6.94599361997988,18
244.35714285714283,67.30489687896416,14.365663616950323,25.750474433092393,5.06774931808882,18
244.42857142857144,74.47639582561382,19.739800447462223,29.34466995330544,7.050362559042708,18
244.5,83.83052012248945,28.2302160641494,32.00333548559874,9.972469862827245,18
244.57142857142856,85.15653532161609,28.14837640346827,32.095533878784025,10.00868938451162,18
244.64285714285717,76.96924600903878,20.022270343850785,29.084552346414167,6.918740559699374,18
244.7142857142857,80.66418129036752,18.197238237826422,30.137745555017197,5.963786849526818,18
244.78571428571428,71.50936249326205,20.643811633402162,26.93263971772769,6.915683317206473,18
244.85714285714283,72.32285952088328,23.822647946310937,28.276696312131808,8.198276818597163,18
244.92857142857144,79.44800876679021,21.02968947515492,30.464532650913288,7.176432957704757,18
245.0,75.7805880445194,19.527310198764063,29.03077174935748,6.609117788042026,18
245.07142857142856,80.06964906181149,28.22940251491574,29.417581358764227,9.814453229351331,18
245.14285714285717,89.3392116948275,30.954088520409165,31.28506806248798,10.950781175028492,18
245.2142857142857,91.83607184581622,34.83895028596192,32.64104723349006,12.364331076252837,18
245.28571428571428,71.3903168267547,24.92730722713956,27.599498649494365,8.678711112583224,18
245.35714285714283,73.34071581220327,23.435181002472856,28.114805601069445,8.106088774051774,18
245.42857142857144,69.78535341536742,26.768852174213432,25.857140778153596,9.376067239576473,18
245.5,77.80692893714705,29.128408968511565,29.09625808375047,10.23456595080059,18
245.57142857142856,69.8678777546659,22.10941464725755,26.039249960980207,7.798314498335553,18
245.64285714285717,67.79566292670059,19.06692547268096,25.997250996039725,6.738669432647352,18
245.7142857142857,71.77060206578176,24.635950208379413,27.01038970206183,8.662521322496662,18
245.78571428571428,96.78295053957652,33.90839184170954,30.25597672813789,10.619459963813355,18
245.85714285714283,96.67940056433359,31.987656252041557,29.64162806599971,10.095286824755679,18
245.92857142857144,96.87183136928333,28.09946191156901,29.9897701503741,8.41808631707617,18
246.0,108.32865684496643,28.00316069039944,33.414551638229064,8.374188205792704,18
246.07142857142856,112.06627348805681,27.631991846353984,35.88172415360058,8.81603943795993,18
246.14285714285717,118.69030596898824,31.368193970105253,37.988352184510724,10.318551900068726,18
246.2142857142857,106.40944264757,28.827513876024383,34.60472932055357,9.550296022854981,18
246.28571428571428,71.25042185298527,16.026126399583212,22.243126439052947,3.9517841664224718,18
246.35714285714283,83.73669531441277,19.722859728735973,26.742730644748615,5.885456749376123,18
246.42857142857144,82.16431906837123,21.52257978855349,26.92119121718391,7.269739201863481,18
246.5,90.16447244750503,25.66252657905671,32.39998569085278,8.94585479354522,18
246.57142857142856,75.44292696494314,18.644817568770613,30.689616114241094,8.7659606902925,18
246.64285714285717,84.97697889010807,20.238551017908083,34.79550997422061,9.75875088639468,18
246.7142857142857,87.15370695881076,21.487492683150585,34.49926858526331,9.392995821647853,18
246.78571428571428,97.68240818504327,27.21919218368587,35.17938225842016,10.609682715360943,18
246.85714285714283,73.22647251714368,22.757214164027193,26.379904108147255,8.878964688157666,18
246.92857142857144,63.60543016312925,20.078709018751727,26.88874401733013,9.522840359034351,18
247.0,61.125650315758136,24.94816412486821,26.743536156870537,11.753070191214514,18
247.07142857142856,91.10889421852725,31.890152559194508,37.768282050063576,13.299547999792047,18
247.14285714285717,98.01693229729695,36.1642894023688,38.79557863356449,13.54577016320758,18
247.2142857142857,72.94141975525186,28.236522422635872,29.29494574766745,10.613061637969691,18
247.28571428571428,79.39232290814135,25.536983033803605,31.185533071221467,9.386589304474608,18
247.35714285714283,78.36826910570225,26.14841658631915,30.90876390058116,9.358182679633329,18
247.42857142857144,88.26774561745742,26.4534067971754,33.153582625308104,8.81241598499943,18
247.5,87.83624059378869,23.652350519229067,30.11488022236119,7.893706776656249,18
247.57142857142856,73.0250930821108,20.82300934806485,27.455941229040167,6.732838406128451,18
247.64285714285717,60.651821433967115,17.059375778439765,22.481943387377594,5.530551963400548,18
247.7142857142857,75.94994136080844,22.712554733047714,28.39968430512214,7.65754178926915,18
247.78571428571428,92.366059718608,26.936293877541488,33.73379248637494,9.215255573864646,18
247.85714285714283,74.68157356878406,16.25748082522251,27.162053810969518,5.225659408595789,18
247.92857142857144,62.85868424363568,16.075999108349915,22.941230147099123,5.008214338681964,18
248.0,56.04454295660052,15.639835090784524,20.216092763803317,4.860558103506699,18
248.07142857142856,76.47368560114833,24.29606948345441,27.35388410649627,8.35004529986996,18
248.14285714285717,86.05918177063586,29.040937667633045,31.694693885469768,10.096886279412722,18
248.2142857142857,75.59320319283306,25.129467920080582,26.654856026421772,8.336352462322935,18
248.28571428571428,71.95394960819053,22.341602019215088,25.326778209952526,7.372979483360536,18
248.35714285714283,72.68841725594609,21.011128615069442,25.768389602338686,6.932474082952527,18
248.42857142857144,57.94757655562753,19.676093554230942,20.87479888783758,6.595683726316152,18
248.5,67.72284792693017,20.335822517901224,24.252020478551305,6.984598205129922,18
248.57142857142856,56.43033401810733,15.083517911109155,20.188705367681084,4.878111402999195,18
248.64285714285717,58.85142553281154,16.705273998630968,19.866990370322704,5.491691755374015,18
248.7142857142857,48.306086368726724,14.12185152969451,16.87540340947609,4.426298560252893,18
248.78571428571428,75.0462206848936,24.138678055566597,25.834489973810424,8.222835071690353,18
248.85714285714283,81.10417751544107,26.551831853764497,28.834129749780704,9.193927339392687,18
248.92857142857144,59.01503022006723,19.332432240952034,20.371322512054224,5.988429900272479,18
249.0,67.16878839629334,19.606848947491244,22.70201945527476,6.050618929498414,18
249.07142857142856,64.5272249387572,18.15155885371718,21.775827314760043,5.50596147180306,18
249.14285714285717,61.50271785578642,15.116877007726194,22.291792855998043,4.847236422006094,18
249.2142857142857,44.757975597468686,11.997327280427134,18.322288081852033,4.584465518973204,18
249.28571428571428,48.54538121054258,10.774469986945466,21.06350509074504,5.334652313863481,18
249.35714285714283,60.44673043489154,16.68358357614556,19.415954876044992,3.990715806598932,18
249.42857142857144,58.24875816983501,16.756339784310903,17.848037715976954,3.3654315638582957,18
249.5,70.86762921985583,18.836672655159653,21.656843097763453,3.8155126952387373,18
249.57142857142856,67.45554435856332,22.207864065391004,19.27155100847703,3.6182601685321725,18
249.64285714285717,79.67502773701823,21.66817785472671,31.640546799455525,11.27384497756782,18
249.7142857142857,68.36627254783818,19.81419019170127,23.900084133985146,7.137135031461429,18
249.78571428571428,71.12277135632048,19.662307213433603,25.02416054367107,7.414635361607792,18
249.85714285714283,70.40118800196525,17.229015182653352,25.565318257022188,7.393791339656224,18
249.92857142857144,68.16959185015628,15.85721923355734,25.67161972165484,7.421557175190717,18
250.0,60.88112474303259,16.479613717323783,25.54935401645583,7.632812496385632,18
250.07142857142856,55.134247839257476,14.5009191666673,23.26053813877918,6.898124777778304,18
250.14285714285717,62.00034155243761,13.384496883564442,26.29327564529879,6.759014725736935,18
250.2142857142857,56.16998153479006,12.480956218122595,24.343791467157196,6.375618097356052,18
250.28571428571428,71.9313139601585,16.89719808151451,29.15345320565294,7.673373480868434,18
250.35714285714283,77.57137426682682,19.555822271475048,32.64987413669723,8.67464219187619,18
250.42857142857144,72.89891300325469,21.33705516834585,30.218370687440068,8.6606973547314,18
250.5,73.95491950362316,23.294711767346886,30.74276129598965,9.437559291883678,18
250.57142857142856,53.05434935410931,12.058898013920096,21.223699311594437,5.739485615625042,18
250.64285714285717,52.12110405714443,11.691401865791088,20.968231809934938,5.845458094864054,18
250.7142857142857,53.70409510988524,10.903417468951966,21.23328434943382,5.09143701124964,18
250.78571428571428,59.18567759664265,13.648327746960506,23.06970263721065,5.656778052663075,18
250.85714285714283,59.437752479163976,14.419378014768784,22.976909685537716,5.708838950181297,18
250.92857142857144,59.37724465659438,17.363602440657548,22.79971850797389,6.119535310169589,18
251.0,68.09521321479644,20.322772635395093,25.86769039776799,7.175655967254217,18
251.07142857142856,82.16518134105293,24.149198020106482,30.717741816371625,7.8894061836655665,18
251.14285714285717,93.10357549891235,26.234107948865162,34.095403504976666,8.912298579351756,18
251.2142857142857,82.1815244045117,25.044025731842144,30.082047206640752,8.359854584194961,18
251.28571428571428,90.53845039578802,24.645173153927885,33.08405943864606,8.454978865590224,18
251.35714285714283,82.25839544620513,21.750855032646992,30.539318679465794,7.391697654625718,18
251.42857142857144,67.67195378673345,22.065467487624094,24.9646474687646,7.662297494623494,18
251.5,75.50774114830898,24.292184291895307,28.03671827533797,8.656215523843555,18
251.57142857142856,82.07013704492203,26.416364121082253,30.274252159968757,9.411999953419329,18
251.64285714285717,82.67695146343218,23.205519853334035,31.058297759007637,8.358278788653996,18
251.7142857142857,72.26365303256397,21.190563464101892,26.949097894134642,7.495245558016187,18
251.78571428571428,58.81144437121963,16.623372358710906,22.453411638704118,6.1016163464616335,18
251.85714285714283,62.09856560889365,14.275328487975054,23.79044169150929,5.4615352183612895,18
251.92857142857144,70.93541004356776,19.428291767599408,29.548601513591823,8.160966543289367,18
252.0,73.29774130975703,21.40001292051506,31.271637043624473,9.206035060356557,18
252.07142857142856,74.00401139119893,20.445459745549304,31.0304583592323,9.03938083627852,18
252.14285714285717,75.34804453515315,21.280822784167288,31.263202405719323,8.962647688018528,18
252.2142857142857,89.03549401854224,27.96286787160331,36.323612686827715,11.31304068687508,18
252.28571428571428,96.51576823774157,32.81187340448759,34.71312481563042,11.53383573127498,18
252.35714285714283,70.14614386091667,20.421885669505496,29.132351448656216,9.13326233304241,18
252.42857142857144,54.92680786740553,15.44360297489242,24.73206717741221,9.003414100562738,18
252.5,81.38774278501383,25.103830877804196,33.11575583772576,10.318144760360026,18
252.57142857142856,75.56545498993442,22.62005291950534,31.668228472607172,10.272666541073793,18
252.64285714285717,75.5146099924906,20.53428585373297,30.92413399495223,9.136143423100943,18
252.7142857142857,66.0414528440495,17.29165197950532,22.609365045593698,6.061986522333549,18
252.78571428571428,70.13448932263039,15.829005002002608,27.40036941685795,7.678700462810113,18
252.85714285714283,53.70973001638165,13.142132504845886,18.18070990599242,4.18576995449777,18
252.92857142857144,72.317878228564,21.062504874680542,25.128985772622563,7.037969593346498,18
253.0,75.78666678918493,24.860852150815166,25.598156062478758,8.428167742605229,18
253.07142857142856,90.81723674392627,28.61479486307385,29.842282365610508,9.759899119790207,18
253.14285714285717,69.23331567416476,21.090627425490474,22.389528297203523,6.592767427012559,18
253.2142857142857,72.89121186937462,19.28085624762312,24.458026430685557,5.868397550218693,18
253.28571428571428,70.52843647755925,17.468992031419173,23.219792269999665,5.370570348072992,18
253.35714285714283,81.99301761052044,17.82119032996824,27.609054291141764,5.684652974047264,18
253.42857142857144,82.67085209326517,21.32183877680772,25.267638022310795,5.532017501509423,18
253.5,79.05901618051271,23.11993776996073,24.15871701076164,4.847609707002455,18
253.57142857142856,86.00901349972742,22.021017159985703,27.311229636719723,4.74685198071409,18
253.64285714285717,84.25271726652042,20.989500196635557,26.75058494525238,4.740827277757196,18
253.7142857142857,74.66774716961648,22.10848115673022,22.537460508515096,4.757900616885484,18
253.78571428571428,71.08634530181808,19.55672172181397,22.784035259275697,4.721281988093387,18
253.85714285714283,73.30317770071625,21.36053337731252,22.5701950509611,5.305988923252375,18
253.92857142857144,77.43012508315677,21.866522239499165,23.28388900750169,5.215765830593949,18
254.0,73.7778499786971,18.234550594888415,23.27792968239261,5.09708980802238,18
254.07142857142856,75.00571589448207,18.298922389805433,23.78316042887219,4.944461161052512,18
254.14285714285717,63.57021519977419,14.56674646571773,21.911618390612063,5.04205694230049,18
254.2142857142857,56.85629530407468,13.868784491801405,20.34144068907888,4.757345612381339,18
254.28571428571428,63.66055913087146,13.830137905164907,22.525013984074164,4.911299199954539,18
254.35714285714283,74.71717095516729,18.411206507467767,25.815197926748905,6.3610282323570235,18
254.42857142857144,70.52986906005161,16.01002045603592,24.49137153103415,5.57419125381654,18
254.5,54.18077511173109,11.81783201780824,19.859348624599438,3.7109413838890215,18
254.57142857142856,44.33683204473688,8.796792575421291,16.175990360018186,2.8971717397102634,18
254.64285714285717,58.10588804907923,20.04514622418575,21.25427573073658,7.130059335399994,18
254.7142857142857,63.93789709070715,28.063694380218035,23.27156187778019,10.090795593420323,18
254.78571428571428,72.37444084359157,30.520307950029924,26.258867252632836,10.975576488374681,18
254.85714285714283,87.06146771366116,36.3888543464461,31.428430811863578,13.057326067402405,18
254.92857142857144,63.73734913285933,15.448199463922082,22.908159183416387,5.068592760094584,18
255.0,79.55987010445638,20.896503119301613,28.080251010560175,6.744333735858932,18
255.07142857142856,85.14418375090271,23.107731165799272,30.22650294500596,7.405110321125209,18
255.14285714285717,73.47573441679263,22.000676649448394,26.587740342894378,7.349750660148615,18
255.2142857142857,88.48048674767517,26.182354934625288,31.030198326731607,8.428027881021409,18
255.28571428571428,84.74751222095381,25.347667046717522,29.77728955857684,8.140029454268028,18
255.35714285714283,78.4137732346223,22.306372386154166,27.484561774205854,7.270468709689567,18
255.42857142857144,77.6287669250315,21.429792617132314,27.725521048659576,7.3948283369855705,18
255.5,68.10856731355688,20.881546803098804,24.92879716100882,7.313119851766118,18
255.57142857142856,45.02362602257959,12.797009186395208,17.12657769162179,4.48699877163521,18
255.64285714285717,41.546691737651976,11.305195775852136,15.633956755913962,3.923094316787321,18
255.7142857142857,40.64245524719178,10.217711136159012,15.013181976861148,3.589607682164539,18
255.78571428571428,44.890289976645654,13.29159534859003,16.811848631500734,4.684816544156252,18
255.85714285714283,56.661050776115694,14.425957065011373,20.685457738842395,4.897209097997885,18
255.92857142857144,69.47686725838349,21.09781942368388,32.273151066531945,13.166487602071106,18
256.0,59.980500170480106,19.821206068865525,28.05123818609501,12.235131560997681,18
256.07142857142856,63.67853196268334,18.030490566552178,29.60677321253291,10.835597014894498,18
256.1428571428571,64.26617161665583,15.467975753831855,29.397198347500535,8.439537456963418,18
256.2142857142857,63.002025516706546,14.381804751632165,27.90630066200339,7.347147993526852,18
256.2857142857143,65.41490668450555,15.383584308044448,25.239219812404286,5.2111134751605555,18
256.35714285714283,71.91578602413605,16.08384899354853,31.10506611491428,7.93571604500892,18
256.4285714285714,78.5918247772993,19.305041137310887,32.841060369367526,8.256009082575599,18
256.5,89.15140418946793,20.332496844490663,36.26768754270059,8.582593302395571,18
256.57142857142856,83.66762094850789,18.112800419799274,34.34088898240445,8.127587307088376,18
256.6428571428571,74.6324917771012,16.1531658871303,30.07752884311441,6.472931308837263,18
256.7142857142857,64.2659710619378,14.569419409023501,23.884174394125623,5.294225375089786,18
256.7857142857143,56.6699998485584,17.553678015757416,21.283564978172393,6.352746292008175,18
256.85714285714283,68.12960960204079,24.37529455622568,24.436441827363822,8.564656481178625,18
256.9285714285714,79.4344245842286,31.635809888964932,28.461354997319372,11.304335186903216,18
257.0,81.02040675807953,30.889629719431916,29.272540304801883,11.212728944990195,18
257.07142857142856,79.20191589448243,28.25541943553021,27.9414459268642,10.07296382219108,18
257.1428571428571,79.6569977017053,26.20763113881695,28.290739542787158,9.212583606232641,18
257.2142857142857,69.79073944148497,21.572687765984174,24.84129549249249,7.3885637650533456,18
257.2857142857143,80.3114606753844,24.210300379910446,28.000911868095194,7.786267101762844,18
257.35714285714283,101.18026359987793,29.47607039024009,35.457664561327874,9.515154088649794,18
257.4285714285714,91.35357638545358,29.014689687674498,29.93266076686293,9.442360572224045,18
257.5,92.33614873792459,24.992069257319383,32.19663963036221,8.480848478806022,18
257.57142857142856,83.35562615238112,23.19374108667637,27.904996762441794,7.323026831817763,18
257.6428571428571,79.3399671855017,22.88961535244326,27.20880217331208,7.470984339812903,18
257.7142857142857,82.32443230892103,23.379926289427793,29.067396560340164,8.18510304357893,18
257.7857142857143,71.77516188929299,19.046957464912808,25.465976711962107,6.4640190693793045,18
257.85714285714283,80.54006761046503,20.277053860250597,29.018240378370667,7.3381799824898,18
257.9285714285714,86.85087390905531,24.06466882401596,31.402478149444143,8.599794778051601,18
258.0,80.95822343242183,22.821222377127494,28.78549386980928,8.291416682175901,18
258.07142857142856,72.85333299718035,18.98493421218205,26.8402491317157,7.175148279085054,18
258.1428571428571,67.62373482496704,17.408825781985353,25.296393000311962,6.534149779015143,18
258.2142857142857,73.08246694885047,21.659928400726752,26.207261429107636,7.91411825880976,18
258.2857142857143,83.24080360138424,25.650468565030266,29.40818519271136,9.153698843968552,18
258.35714285714283,87.26175418360295,24.930000902957154,30.896891540907685,8.410351468617403,18
258.4285714285714,88.9729262504021,23.6701869737379,30.588113909045994,7.324103820064993,18
258.5,87.42233078585716,24.049179358037307,29.965656148241695,7.604216244802151,18
258.57142857142856,87.36540920244737,25.928268046996468,30.920068914368894,8.703285866183794,18
258.6428571428571,97.91981062615888,26.45694725381804,34.68018837815882,9.223986016050805,18
258.7142857142857,93.03245164275882,25.474870987995352,33.61200222246374,8.861967782349218,18
258.7857142857143,78.12156636027547,20.60153118168546,28.364850341338926,7.1176480449401405,18
258.85714285714283,72.4192923865135,16.88914612432897,26.05774805881921,5.778637343818336,18
258.9285714285714,66.51994103579109,15.720333111899759,24.50283243016718,5.506395178662092,18
259.0,64.38247808514603,15.593315500552453,23.86989563908889,5.543597063080145,18
259.07142857142856,61.28258776166495,14.761858190956039,23.02520846572438,5.454498048781087,18
259.1428571428571,72.15331894821246,17.311390006541313,26.409422425869472,6.410199945393672,18
259.2142857142857,53.54855475196284,13.852493694813173,20.097988892200224,5.50817223705156,18
259.2857142857143,78.15830278818315,20.348587603158617,29.312042695267866,7.598663879414623,18
259.35714285714283,76.22450864851002,17.72899649496979,28.09052778094762,6.699825699681271,18
259.4285714285714,62.162164432959706,10.860093668769515,24.67323478452272,5.211906112092246,18
259.5,59.014794556327004,11.191341569257727,23.63828954298436,5.335388512028075,18
259.57142857142856,66.7791324273687,12.508503017583804,26.50159948259935,5.547656809791199,18
259.6428571428571,70.77789404979166,17.087055615731693,28.374743741952027,7.104259444640816,18
259.7142857142857,89.83308847275852,21.88252848619487,34.67192608427788,7.780888627849999,18
259.7857142857143,84.39312286040746,19.767350740759806,31.64373453880061,7.10895813823316,18
259.85714285714283,82.88245487345125,20.587328622548302,29.75428713139224,7.252382213980564,18
259.9285714285714,74.21048017328987,22.713831650558728,26.39389239021464,7.8242087652250545,18
260.0,72.89123109994097,23.578965933504087,25.0429989742354,7.69611051166058,18
260.07142857142856,65.33412277013808,21.346768504898307,22.50614933526454,7.236173428348702,18
260.1428571428571,64.19617772706656,21.90193047872267,22.701424871577665,7.57933715265616,18
260.2142857142857,60.919884281451694,23.95526922250948,24.05566216432825,8.636311007904206,18
260.2857142857143,59.432973152518045,18.234692715998495,22.630651867221818,6.740728232308435,18
260.35714285714283,56.571483959090514,17.638651942702705,21.460080057480276,6.799152750935472,18
260.4285714285714,57.84822770966449,17.488240227691765,22.534231785231388,6.816658975167756,18
260.5,65.21407199266733,18.991275113979103,25.61205785664234,7.8474142517430625,18
260.57142857142856,71.04198345796831,20.39940724435566,27.66733205145486,8.542868996927654,18
260.6428571428571,76.72427615808398,24.638732645246694,29.80657055164059,10.357464302584773,18
260.7142857142857,68.76378719736361,24.657487291763587,27.413908908858357,10.729051470997055,18
260.7857142857143,66.58810593151345,23.921533064361544,26.748993511413342,10.544328326097764,18
260.85714285714283,63.95938491758424,23.13905408372878,25.867053819495712,10.522151137645498,18
260.9285714285714,67.88706393639676,23.625727049071273,27.3381241276907,11.206872983896625,18
261.0,67.68681347038194,22.355411383102243,26.39514855852923,10.844237895921578,18
261.07142857142856,60.70816992023049,20.9462046665848,25.116743157596307,10.242677483664027,18
261.1428571428571,70.5192691498044,21.44693022498356,26.5178803101049,9.194624953926736,18
261.2142857142857,67.81519482088814,20.001904347618108,25.4350466737676,8.46794928237342,18
261.2857142857143,64.18625638302468,19.57587619171063,22.622306664910777,7.5048762869804495,18
261.35714285714283,53.054409245354755,15.80527389674783,20.480344062773213,6.281697323029006,18
261.4285714285714,53.76372598358382,15.075980505833185,20.396297822301925,5.7557170361828565,18
261.5,57.748765956897365,17.651977664512525,21.15950057028516,6.0508219394966725,18
261.57142857142856,60.04667329389813,19.49621826401277,21.928649544913696,6.769819980635676,18
261.6428571428571,60.31643120954671,16.380778716725295,22.568271588625535,5.62720817879496,18
261.7142857142857,68.44019499323062,20.323286984959303,25.570465068495228,6.968144233117106,18
261.7857142857143,57.24019805684063,15.817719041755428,21.607294754807366,5.978769540365248,18
261.85714285714283,57.778974109174975,16.07723962765407,22.406122982871775,6.4085831959517705,18
261.9285714285714,70.98969346093767,26.770981812181915,27.6196476553598,9.948465725346745,18
262.0,84.04695295728582,28.084820996479632,28.20594534915894,9.528953415540899,18
262.07142857142856,61.439587267873556,20.1553822757206,25.63601679248668,8.752600082448787,18
262.1428571428571,88.56657993220658,30.508516856272756,33.9970529321234,10.831147464802806,18
262.2142857142857,91.25069651709049,28.51270867229308,34.84481134420358,10.44539740648085,18
262.2857142857143,95.82750145467604,27.03571537456723,36.76468400641195,9.763510458524848,18
262.35714285714283,97.2463561208199,30.439853740136805,37.06454995491307,10.95144238492608,18
262.4285714285714,90.37632337968755,28.774968734022767,34.89707650101091,10.366767007016502,18
262.5,78.52001314199818,26.45809704113121,31.02791651138335,9.640167423390244,18
262.57142857142856,107.9595991736044,30.37686880672732,39.643418055021016,10.800910396465323,18
262.6428571428571,114.9952038607962,29.60930977971136,42.31513610077088,11.383662992155609,18
262.7142857142857,88.09301526970566,19.868928706532035,38.40955835185074,10.239528623494131,18
262.7857142857143,101.10237688598205,25.23810509709629,37.21968998218678,9.17945292807204,18
262.85714285714283,85.68152114297345,20.828129118372495,31.57784715720282,7.181772393072782,18
262.9285714285714,74.5809434094225,16.527571161972183,28.275737616860358,6.705812089383428,18
263.0,63.2019351052724,12.373491941407977,21.939194702716918,3.749129740476507,18
263.07142857142856,50.44947306032266,11.808930720683627,17.39093530367179,3.1815753978729813,18
263.1428571428571,51.72732776477938,12.387588074052982,18.665675284544797,4.170681500873003,18
263.2142857142857,41.15173423813249,8.156139833061012,15.791000933320111,3.6945536483458006,18
263.2857142857143,47.27540503737179,11.317498997763437,19.318521552284277,4.805967471443912,18
263.35714285714283,41.753790091892505,8.589022431040338,16.541344804726126,3.5506028567029477,18
263.4285714285714,56.71010503223997,16.25092542406551,20.643194586589924,5.891866492522213,18
263.5,60.14680565845247,14.394803961219711,21.685842063994723,4.9197332747961955,18
263.57142857142856,77.20547601506492,20.45744491947568,25.477012578419064,4.914673561910263,18
263.6428571428571,70.31357200160798,18.47309988636282,24.717908574415954,5.851717846055551,18
263.7142857142857,67.80968713345538,17.637597766032236,24.41536173760818,5.769007233604367,18
263.7857142857143,64.20149431955,16.146703167861794,23.50835654138894,5.426002810787288,18
263.85714285714283,60.579335914859165,14.988902823763004,22.107503156587462,5.1894509088836775,18
263.9285714285714,62.058486497914735,17.52898599917141,24.112998591113815,5.903545061669736,18
264.0,58.369647035029054,16.14198585026469,22.27335589334467,5.622070977191162,18
264.07142857142856,60.11889791644753,15.82417671886786,22.495954029346915,5.623843838548966,18
264.1428571428571,60.39192385073864,15.428460186879862,22.510680437823122,5.497725082893403,18
264.2142857142857,67.40770045102872,18.100524380331134,24.445713459585303,6.219744329623537,18
264.2857142857143,67.26277863760467,18.32973166840625,24.857826437375582,6.45616512324413,18
264.35714285714283,71.99592161042006,20.30484317916278,26.923448995867584,7.515434324393942,18
264.4285714285714,65.4335123918441,21.629349368909562,25.42499077266078,8.359404091574742,18
264.5,72.40021994702552,21.70096449329651,28.17272506752692,8.270935605817641,18
264.57142857142856,71.10745866222781,20.356147924224672,29.294235966616593,8.078211039186282,18
264.6428571428571,62.373064358044296,19.238704710575156,26.16076511565118,8.087899354487439,18
264.7142857142857,71.7955173760542,19.771889800295334,29.829574281582804,8.309328266185009,18
264.7857142857143,60.74212276077184,20.3758108193061,26.270347531917214,8.901251142099118,18
264.85714285714283,79.51673493598825,23.81879969796978,31.441610350867105,8.856545190804304,18
264.9285714285714,83.20058754926154,25.97790250448598,33.02779837349797,9.75976645529539,18
265.0,70.13659929203057,19.97339746657057,27.825947328073088,7.839093805864066,18
265.07142857142856,61.889756268810466,15.881431881811176,24.987490711144233,6.752940958261381,18
265.1428571428571,50.25127049648911,13.01808724935901,20.477228783898635,5.731253625546013,18
265.2142857142857,56.15757089234161,13.317373548918695,23.420251453100125,5.994791312647269,18
265.2857142857143,65.04014979181845,14.674587693636427,26.56302602494631,6.198038614423209,18
265.35714285714283,74.66820331695342,16.776962555388824,29.204398550154025,6.448935255415945,18
265.4285714285714,83.55353854143569,19.693081218684753,30.842171797362028,7.444254230758423,18
265.5,87.5816349939849,21.49301738589638,32.51321158953441,8.039248463592346,18
265.57142857142856,83.63998141408047,23.55533349702829,33.59660607892639,8.898547774664964,18
265.6428571428571,86.99651434885277,24.058723843412274,34.663306491199926,8.908008343804092,18
265.7142857142857,86.28095073324911,24.288391998723164,34.201750224123344,8.743022201358292,18
265.7857142857143,84.15303502419746,25.27774831452267,32.869550592109874,9.103080608100909,18
265.85714285714283,76.75901508231755,22.47410481951306,29.919540075148852,8.15612012611562,18
265.9285714285714,71.50039968362486,20.913276575711226,28.30696664366316,7.552511693326985,18
266.0,68.26718633262827,16.86276073145517,27.085198893439408,6.079260332621712,18
266.07142857142856,60.2600245591351,13.532226797770461,23.888510086032703,4.9876587066376254,18
266.1428571428571,50.43445118003384,9.562493909447783,19.83559828141066,3.4469622069014014,18
266.2142857142857,44.1247338770047,8.845554323059588,17.15605637013375,2.9995602489402535,18
266.2857142857143,49.602456651696976,10.246061889273147,19.400673710506634,3.436977580176373,18
266.35714285714283,52.89101560686868,11.386942743219251,21.182853189461188,4.2247265671584735,18
266.4285714285714,57.9912675793821,12.591343565502845,23.530495139265724,4.645366909444733,18
266.5,64.49890422869187,14.03161722826165,25.960742126780087,5.025097037821698,18
266.57142857142856,58.311472192102435,14.939943625227228,24.253894804994502,5.567739032163832,18
266.6428571428571,65.3491353808181,18.85144934989515,26.201762083631664,6.870909008899562,18
266.7142857142857,55.241705916290016,18.059813871787235,22.773689287730125,6.695238453007361,18
266.7857142857143,57.34541649027329,17.86225818779366,23.184171482267462,6.413931752365243,18
266.85714285714283,58.97583039643671,16.24494072718576,24.02831820656697,5.739820952154427,18
266.9285714285714,59.07060170721626,16.764812963859086,24.13654061272013,5.945713151228623,18
267.0,70.87392607343602,16.67393301008818,27.818198901601228,5.831617433690351,18
267.07142857142856,78.13581250612619,18.191548851930207,27.27135799242285,5.822157239763743,18
267.1428571428571,59.781167009618166,13.344751451111032,24.50761323493801,5.333773464200948,18
267.2142857142857,65.57211479609754,14.947598953363226,23.661296189779804,5.0033766459486655,18
267.2857142857143,54.57686334346512,10.104527278306628,23.50903606331395,4.935052284859864,18
267.35714285714283,51.24452885475996,9.98118439165993,23.41730725524549,5.735273466762897,18
267.4285714285714,52.909865066193056,9.078614808481062,23.33884316628079,5.515826522968663,18
267.5,51.625919521161826,9.382957703226335,23.086350541994364,5.562671909474399,18
267.57142857142856,48.82590028676003,10.099354359381307,19.41927693959243,4.1977527618090305,18
267.6428571428571,57.813053625321565,13.537864727586188,22.73303378298807,5.289518761144672,18
267.7142857142857,59.276864550797676,17.15921852974699,22.98901656446012,6.43703889397,18
267.7857142857143,60.25389829964095,18.677167646311656,22.96612633704737,6.714809022183033,18
267.85714285714283,46.015385891102405,17.096160916055684,18.401024118970643,6.261032486253263,18
267.9285714285714,66.99585747159722,25.12441080924338,24.4365976112277,8.22531852972176,18
268.0,66.78080788043766,26.080290328097043,24.256409898024952,8.569085467610918,18
268.07142857142856,69.80751867385952,24.598611394395068,25.274476240195167,8.145434617549522,18
268.1428571428571,70.6405219790686,23.31414073158131,26.03111233098507,7.747808322661035,18
268.2142857142857,61.907732103224745,16.957551835978474,23.448313276000444,5.319640650783773,18
268.2857142857143,68.17841876386564,20.120594357244542,24.899119760221478,6.877568561595171,18
268.35714285714283,65.3843840402258,19.239337886243472,23.764955517695327,6.605847153372819,18
268.4285714285714,75.54692539679401,20.04909580047506,24.876186178049387,6.385628688952726,18
268.5,72.60284846866999,19.419140820043555,26.755331748499916,6.672981559916264,18
268.57142857142856,82.42196242232431,22.588157366256457,30.737390336128765,7.796289162655405,18
268.6428571428571,70.14366391534035,21.957397904232607,26.936580404030483,7.725638429775719,18
268.7142857142857,64.94859224641404,19.50273128065684,25.091563623768224,6.87425878960692,18
268.7857142857143,57.8772078998453,18.252926695370316,22.53572944846394,6.5650261740838305,18
268.85714285714283,61.13989841537167,18.433116150657895,24.052150656200904,6.683122255843721,18
268.9285714285714,60.65807208904839,14.67074532453075,23.243864878616833,5.263495040607238,18
269.0,56.24166514579236,13.071253185748686,21.68673176514756,4.998992676678584,18
269.07142857142856,52.20012512089592,13.878433818981263,19.933403589140784,5.046422397172367,18
269.1428571428571,48.7671948402304,13.547541057094827,19.44388905223876,4.936259265406919,18
269.2142857142857,50.72948575239797,15.192975181408922,20.442351448429246,6.022618804726871,18
269.2857142857143,53.404192722769864,15.87115283513574,21.426454304272948,6.257114814394331,18
269.35714285714283,67.26190567671021,19.082428526814635,27.715131745355706,7.8154886717085645,18
269.4285714285714,73.43020348020215,21.4431504601918,30.288433249779555,9.077097932413766,18
269.5,76.22530263089186,22.821467183853756,31.906595255639306,10.164028340364561,18
269.57142857142856,78.60413000028653,21.75133241660149,36.26823925031813,10.981283546484814,18
269.6428571428571,75.18356179727964,20.38529968577419,34.741963253781336,10.55887650172896,18
269.7142857142857,86.8559341549679,22.588352499299702,40.64689897847845,11.658782371285714,18
269.7857142857143,87.33726860919717,24.05227181405424,39.87122048412155,12.424980975561567,18
269.85714285714283,88.50240359148086,24.823863999755133,40.97413042280609,12.634958682010813,18
269.9285714285714,95.59697110223448,24.086227598880466,43.87804814737451,12.521979674040288,18
270.0,96.85602394240904,22.077528795607087,40.07941969858971,11.063616855984018,18
270.07142857142856,95.87684764943626,20.82789155211261,39.787242195468345,10.717511710897483,18
270.1428571428571,92.51624756819903,20.74647766970034,38.47441602647067,10.569288420384542,18
270.2142857142857,78.3549056046554,20.354468686013934,35.136047779356325,10.390089311171135,18
270.2857142857143,82.81763517628738,16.429017959568633,35.93372346646186,7.350602574262051,18
270.35714285714283,88.67172927055758,16.79715450661002,38.46694353036821,7.535722504767349,18
270.4285714285714,78.23336878320389,15.324452042039521,32.22148174479652,6.300679871288765,18
270.5,85.40726400788384,14.727656997788122,37.39796242025674,7.031106656890217,18
270.57142857142856,81.15495793876084,15.763852488237648,33.41254510264838,6.342118579620882,18
270.6428571428571,84.00777711520007,15.116225322030514,35.318384883558636,6.436023582436356,18
270.7142857142857,88.08638235699127,15.696975358393294,38.362772158130966,7.479558889236449,18
270.7857142857143,90.60610029656709,17.789597330535372,39.425094715416115,8.426574463109448,18
270.85714285714283,91.09288628370274,18.725086202743526,39.342586828753696,8.353469690164502,18
270.9285714285714,95.19063193431684,21.10331597563938,41.495397666196816,9.485095687793638,18
271.0,82.47596456902961,18.121807813840142,36.415528303880585,8.321480154244027,18
271.07142857142856,98.11156081815489,21.728805006691555,40.34335381694614,9.57848878894871,18
271.1428571428571,97.81584065937834,20.160429540441964,40.826262286538366,9.293275597142674,18
271.2142857142857,94.32850422060463,20.462598203805193,39.61038443169046,9.510142697167508,18
271.2857142857143,83.4252911961073,19.609504501819327,36.229936673519326,9.108431281126204,18
271.35714285714283,79.22831811506943,17.74533836312104,34.86499117110316,8.479507488642557,18
271.4285714285714,79.23789043416505,15.073978729153648,32.165597694952965,6.702796432940975,18
271.5,81.6888816015515,16.241528920392827,33.87060096026852,7.591273453634265,18
271.57142857142856,72.38326826409569,14.790003911894944,31.644260176661064,7.443409136925705,18
271.6428571428571,67.4470374383583,14.342658426076035,29.598809950027235,7.305968284778832,18
271.7142857142857,61.852283381024854,12.699519627784621,26.763927398451255,6.0073410221506425,18
271.7857142857143,50.1604912117366,10.81376336445525,21.37408998509477,5.2398089990012044,18
271.85714285714283,74.3944494253071,17.215679195484245,28.34940050344751,6.412232661892034,18
271.9285714285714,69.36108245036199,17.725460719970027,26.858729507749,6.730420387412694,18
272.0,73.43496498308419,21.91970448263439,26.418525894508466,6.778878183186848,18
272.07142857142856,76.8270247599211,19.210173054632087,29.346820537452956,6.708485366792553,18
272.1428571428571,65.74416652024019,18.50686776962584,28.109291702503867,7.261379290273233,18
272.2142857142857,67.98346265137978,20.299104916182507,29.14302629490536,7.885095575861737,18
272.2857142857143,69.2218920809182,22.58659200513864,28.600985576004504,8.253176459318853,18
272.35714285714283,71.54612520086452,23.86112190672037,28.643442977392844,8.660732305823668,18
272.4285714285714,79.75198032363289,25.586979575186927,31.34889014128718,9.296846649106392,18
272.5,79.02328947772106,22.798256690925413,29.67412273742257,8.179884860263863,18
272.57142857142856,82.4226503252615,22.677023683215204,31.542734496273432,8.24473900614208,18
272.6428571428571,76.36014307722105,19.168678672627916,30.938682697394498,7.2108580930548944,18
272.7142857142857,63.55769268930322,16.959002088379517,25.148785639923883,6.154619154435452,18
272.7857142857143,56.25878325786091,14.480830427762537,22.821821376991394,5.4617120164870725,18
272.85714285714283,38.68482400569605,8.66060355796996,16.857684556910748,4.063045266479074,18
272.9285714285714,40.021549651272615,8.675860005328865,17.22572372967547,4.6681763894765025,18
273.0,52.69597047214849,10.64971963306409,23.85974754316743,7.215093972210493,18
273.07142857142856,58.578417575157715,12.319828687652608,23.756566206836304,5.693074219932615,18
273.1428571428571,58.569774958677336,13.504135788195043,23.51431438706737,5.635405731165756,18
273.2142857142857,60.57606831863166,15.086710450179575,24.050219972381562,5.938799173615468,18
273.2857142857143,58.594023777445685,15.875749894695742,23.193240647692388,6.012613007617324,18
273.35714285714283,55.243192670523506,15.29293566800508,21.331911427080964,5.494678729411404,18
273.4285714285714,48.302939029123685,13.134081320150257,19.62550943899931,5.039162906821205,18
273.5,43.68091119790358,11.456440000311156,19.747238766329755,5.496208910094519,18
273.57142857142856,36.96183375746185,9.97185922593331,17.188641579881555,6.630594224386549,18
273.6428571428571,34.36580218615774,9.036521461386751,15.680353250344327,5.959131852794593,18
273.7142857142857,38.564045322451335,11.943735926902505,19.497382013790386,8.303658864424872,18
273.7857142857143,46.07715400846666,13.89160883923366,22.526039283395615,9.15854874704922,18
273.85714285714283,56.677586158692854,15.522243223010742,26.635654078056056,9.142593662166687,18
273.9285714285714,71.17256713836005,18.96107972894508,29.672360117770996,8.216462729477213,18
274.0,83.44148257423885,20.64493430079375,28.712844379202057,5.85554142861352,18
274.07142857142856,89.67055474606451,21.289373472015754,32.30158347060265,7.303273777557593,18
274.1428571428571,99.49999040131605,26.063790044502042,41.821472981524224,13.47181498270525,18
274.2142857142857,101.93129341542917,23.693658315283795,42.458401173027404,12.462580166790204,18
274.2857142857143,75.2451692790984,19.047226023071993,27.79985215484487,7.462759275728675,18
274.35714285714283,72.87574107221307,15.973276907291387,27.5031850085664,7.075306693330011,18
274.4285714285714,78.12771947171203,17.48670600170189,34.319188144333566,10.814153634973431,18
274.5,75.68040909878181,18.26592994413375,33.11418401966833,10.897967393448825,18
274.57142857142856,68.03907195596315,14.703788515980536,29.85568761825554,9.09580329267889,18
274.6428571428571,66.66812853542552,15.655540814061428,28.530543878670755,9.064152861742533,18
274.7142857142857,68.98989747818324,17.18022757958585,29.29817395105391,9.320706301509931,18
274.7857142857143,68.15173180835913,18.753420545453626,31.053175466916166,9.847193266484442,18
274.85714285714283,74.59622127251286,19.387281666548926,32.65890549349926,8.803998372706781,18
274.9285714285714,77.93531833348482,22.75092828680541,30.252446819660292,7.588152133879325,18
275.0,77.05926910181769,21.32177956380218,33.17965204267927,9.286574670492397,18
275.07142857142856,70.65502627146994,22.740680351815367,27.30774014611478,7.705312146024786,18
275.1428571428571,65.27448493901919,19.972400578746587,25.976579686924193,6.7936335103288155,18
275.2142857142857,66.4495442284673,21.110696018321512,25.522384760442915,7.257196072900041,18
275.2857142857143,71.76075912831512,20.283968356543575,24.196401315725083,5.835344124829146,18
275.35714285714283,66.68178268809321,15.959803589890704,23.124021961019714,4.680040861671852,18
275.4285714285714,61.074497850294115,12.932665158256537,23.987868433393835,4.516212495909072,18
275.5,56.771208462573796,13.240749052498524,21.41714816363844,4.574032676385057,18
275.57142857142856,59.56182411043244,11.697067737830329,24.2213422483167,3.9781485983927274,18
275.6428571428571,52.84069658487448,12.05134044036032,20.230708009849884,4.083345241415389,18
275.7142857142857,58.15352324111909,12.886757658119038,19.862486835365484,3.5509676284427356,18
275.7857142857143,60.797192682019734,14.388343127794075,20.029193410189617,4.31586789456879,18
275.85714285714283,63.86202677366661,15.565829541377497,21.34517883551486,4.852057380606587,18
275.9285714285714,66.82408272456378,18.126831714736966,22.792492214871892,5.791002555187442,18
276.0,66.36376962169139,15.863763964096572,23.705918305006172,5.059847544974694,18
276.07142857142856,72.44943192344176,18.32144991969494,24.26651622746994,6.186151243833224,18
276.1428571428571,64.13437505840967,17.315944310913764,22.054858288879192,5.858223194642965,18
276.2142857142857,58.651033580154824,16.032556032749774,21.385284963687337,5.308364111423691,18
276.2857142857143,57.94867839513667,16.088056419862475,21.139290561937987,5.421120714064758,18
276.35714285714283,55.34409939608619,17.474962630333366,20.24638402644291,5.707391126915043,18
276.4285714285714,65.00858454524123,17.661850650694152,24.411134689721802,5.7742730765024115,18
276.5,58.920793023086006,17.739439220933715,22.5905657982486,5.794186549032084,18
276.57142857142856,56.937740866682475,16.026195221675593,22.242959990123797,5.517024924910201,18
276.6428571428571,51.1441034305632,14.405141669646165,19.982747675072915,4.984635175084676,18
276.7142857142857,47.544226266266044,14.262145418517994,18.78038547743949,4.904211441262431,18
276.7857142857143,55.041638905178516,16.964517899425424,21.64166358514185,5.712104009529456,18
276.85714285714283,57.59830794527379,16.80843429280651,20.958321730877742,5.606233203118543,18
276.9285714285714,65.61276924051317,17.925442868756537,23.39069604493849,5.869655791532443,18
277.0,51.30032314431004,13.216638842811129,19.858768665253002,4.641397351070732,18
277.07142857142856,65.11195114778585,18.452429992339578,24.3361907768051,6.137714690268313,18
277.1428571428571,66.87150193867456,17.35529543918969,27.059755813775975,5.586103386221978,18
277.2142857142857,61.72857167179463,16.663238129964896,24.75564087271261,5.42695104408251,18
277.2857142857143,63.34866728629914,14.415673336336337,25.308866936099353,4.607135077197613,18
277.35714285714283,61.13938551358114,14.017709500736906,25.23810739245312,5.065996771429115,18
277.4285714285714,60.36172688080101,12.058690494653074,24.33659988385107,3.9646792036729397,18
277.5,61.6492759115585,13.022478384245725,25.88196685786837,5.474658651607737,18
277.57142857142856,59.309609359185195,14.141664881781217,25.186132450657322,6.0398459137512335,18
277.6428571428571,64.88125103214045,15.435298454645528,27.31078363627767,6.584050217300511,18
277.7142857142857,76.80556119773735,18.26976433249768,32.73169458156272,7.732990811195143,18
277.7857142857143,77.95240837962396,19.15260411947885,32.79092968755113,8.23023198422146,18
277.85714285714283,91.44627013319764,23.577043263587107,33.879698103891684,8.893427938148875,18
277.9285714285714,87.74354713607693,18.84579077106117,36.00079537056409,8.974298677208134,18
278.0,82.36489697577414,16.42309289049216,35.19471260114934,9.201367806988115,18
278.07142857142856,79.02784368337221,16.366430177411797,33.565141660538266,8.81789292369473,18
278.1428571428571,74.83422234440991,14.930269902857244,33.587995029352854,9.103872153076946,18
278.2142857142857,73.19028135326798,14.819298840341594,33.56292093179029,9.371087531529195,18
278.2857142857143,62.001629523856536,13.413061280632995,29.184823005306733,8.210804938362575,18
278.35714285714283,67.02340937502268,15.971904922144775,31.44019905276096,8.855301949678601,18
278.4285714285714,71.45614854136792,18.490101666798765,34.03440797096902,9.68007191259927,18
278.5,63.79817791616009,17.62076790029306,31.9116075330487,9.80393873402247,18
278.57142857142856,67.1183883646706,14.612930112248906,31.60607024599776,8.12788538622937,18
278.6428571428571,57.411928726574914,14.395432454624157,27.198403131175017,8.352328159098457,18
278.7142857142857,68.82657368526668,15.413905804866877,30.72255581946268,7.596349268602039,18
278.7857142857143,60.175648726551834,12.826787258669253,26.401043210300337,6.52755238744234,18
278.85714285714283,60.278767583577896,13.52486051276389,26.031515691765595,6.4962783507962225,18
278.9285714285714,55.040208535617595,12.075117440954397,24.173642665129293,5.329972054875759,18
279.0,53.73989335564441,12.91484915296722,22.88716469335364,5.355503589162201,18
279.07142857142856,57.78467637677652,12.582892495168688,24.944931134023157,4.564391984388595,18
279.1428571428571,51.74280430631469,9.818473047897408,22.231768919579004,3.741096088175723,18
279.2142857142857,62.07564789101306,13.835768417492936,24.79927441591412,4.357639614660695,18
279.2857142857143,63.45240259205271,16.122772397404226,25.076463515710337,5.197388260111665,18
279.35714285714283,55.273510393669085,12.871955157777325,22.772824838016994,4.2312148204091695,18
279.4285714285714,59.409665298595534,15.831842325566393,24.30455501844136,5.020367433477677,18
279.5,59.90211760410414,16.127201022318566,22.72310431374444,5.021081006782231,18
279.57142857142856,60.900091710296785,14.265081240084154,23.688016125477027,4.369514733256973,18
279.6428571428571,63.494444650130816,13.413460917179576,24.94838739920205,4.227127537247872,18
279.7142857142857,63.59241119425533,14.338240566971312,25.0413658361306,4.605181558927056,18
279.7857142857143,61.19659900118189,12.392010518066229,24.728821496873017,4.20149916904263,18
279.85714285714283,63.63293323547241,13.000569656187123,26.241152834600165,4.873479796165013,18
279.9285714285714,55.45076671804204,12.03713135173682,22.984499510176565,4.336650578013693,18
280.0,52.27455360666662,11.266751755213111,21.947014851613382,4.087991569960305,18
280.07142857142856,44.924445128289626,11.155113899235177,18.692116078740785,4.289493544151731,18
280.1428571428571,51.63216434912477,10.516717377772608,20.996608459792476,4.201903273923969,18
280.2142857142857,48.74413161923841,10.43527065247859,20.14976092965375,4.193881128628015,18
280.2857142857143,62.40297128999924,17.522335380986043,34.64550008224039,15.957256972729093,18
280.35714285714283,50.50381626157448,10.097639426965094,20.32761645139197,3.9463579136356466,18
280.4285714285714,57.259774541787316,11.11341413933005,24.6879220293391,4.555008612997303,18
280.5,61.43339750533665,11.641282441248679,25.58777308878611,4.3317893752331775,18
280.57142857142856,62.918332333929925,12.374922995800794,26.414027641112746,4.991136761224211,18
280.6428571428571,63.5930576809798,11.8183715961831,26.900811967660708,4.847530449536953,18
280.7142857142857,67.59476854132797,11.2668194564575,26.70090701186886,4.5100578078124975,18
280.7857142857143,68.63817098803136,9.670203488371799,29.502651527051835,3.9623347765243304,18
280.85714285714283,62.337129027646824,9.162336753843352,27.08874545131021,3.949381053057637,18
280.9285714285714,63.48314129546393,8.160038336878316,27.21408958110578,3.3749832546291043,18
281.0,59.84813405542004,9.000018170630941,24.967693947038168,3.3381990492117617,18
281.07142857142856,55.07000248774327,8.322674291749806,22.81823359779183,2.77685099952192,18
281.1428571428571,46.765745138951395,7.70169530595711,20.310970133925323,2.719609928322292,18
281.2142857142857,49.22102275729856,8.391136421049843,20.595340684041073,3.15717048672066,18
281.2857142857143,46.90899386628718,7.880821952407641,19.395969175983314,2.771268506433631,18
281.35714285714283,51.6920550032817,8.557653473666026,22.00239359735694,3.189725044961267,18
281.4285714285714,56.38035403933615,11.33502083041303,23.988658966833384,4.4517846316395,18
281.5,59.235823618586586,11.850180943836717,24.669044473609866,4.395684181791813,18
281.57142857142856,61.04453437632894,12.540266367107778,25.296110441328796,4.702806070159248,18
281.6428571428571,70.42386626577975,13.471466495804481,26.277481644246944,4.40425098641678,18
281.7142857142857,77.04333844499178,17.59426636083358,27.507348018722045,5.066484384406336,18
281.7857142857143,75.91656249869214,16.312680240484568,28.123166784268687,5.517862276579308,18
281.85714285714283,80.78467126214696,16.853775126514282,30.27528746134516,5.7660607874623,18
281.9285714285714,83.45919134401497,17.659702002205307,31.166188720794842,6.299863849324859,18
282.0,86.52331943245726,17.412337255502766,33.154723331377305,6.140958604282779,18
282.07142857142856,82.98855009627567,16.74697648481255,32.06511847942398,5.997542030817301,18
282.1428571428571,71.6804995746228,15.785295131639671,28.66892374405132,5.789454200994245,18
282.2142857142857,78.04691619165908,18.724074813244645,36.02345705062022,11.299216088043988,18
282.2857142857143,65.12008303933865,12.443131127986256,29.021549137584017,7.3613624137639935,18
282.35714285714283,72.82347432657667,13.977616769735437,33.51180762712865,8.992736832015458,18
282.4285714285714,76.86568134166755,14.236657806784908,34.134547782035526,8.856320184164943,18
282.5,86.8933358245034,18.163629186701286,37.76998821601971,10.620083502752168,18
282.57142857142856,92.98446620601325,19.717084549694484,39.23538561091585,10.558629259691779,18
282.6428571428571,77.87906225455858,16.300061999768115,35.369590453860525,10.296079850830957,18
282.7142857142857,81.55791123401816,19.454766287714648,34.59725529561345,9.04658561080296,18
282.7857142857143,80.85056386647669,18.130391066602616,34.723699550554514,8.636110013732456,18
282.85714285714283,75.33081296079735,15.619125618221942,32.14400006618984,7.159520685804774,18
282.9285714285714,67.49216698180805,12.610997188833403,28.02947990659471,5.344374196204096,18
283.0,59.06425233388095,9.862466903687718,23.608725637368384,3.5847609466457486,18
283.07142857142856,51.97461374324234,8.893429946710485,21.095929658168266,3.3615943226738176,18
283.1428571428571,50.25190468619415,8.245163739191499,20.131229589330864,3.2306131620077596,18
283.2142857142857,52.96016320643438,7.206860123879531,23.353498731685132,3.620355490379257,18
283.2857142857143,54.197771323185485,8.260610127665387,23.72329205328763,3.4516668894115483,18
283.35714285714283,55.33808357839995,9.050315265897543,23.76231473949203,3.814763729505571,18
283.4285714285714,57.05882737624143,10.261710527458062,23.86599617635666,3.9948326445539406,18
283.5,53.168969159062485,9.85560998313403,23.576964624819716,4.034935973562154,18
283.57142857142856,52.763124877841555,11.274491429023522,21.556965130794918,3.6890916509962652,18
283.6428571428571,55.28566874910627,12.039137576319842,23.807107574334378,4.300112561308277,18
283.7142857142857,58.67036996529596,14.615263889151556,25.40208080453629,5.152507981522645,18
283.7857142857143,58.35398583891403,15.70593799695171,24.74133909353092,5.586242151711887,18
283.85714285714283,45.43695209367763,11.153099295419349,19.865471386166714,3.986252137023913,18
283.9285714285714,57.533847778553124,16.229909897182367,24.49572859278786,5.755837298049789,18
284.0,51.38958867226116,12.705070148342395,20.785576324082932,4.679134189631509,18
284.07142857142856,40.85635518193053,9.26930736853918,17.84955631563539,3.650797183176715,18
284.1428571428571,47.82203371554835,12.269282343106672,19.925852632838996,4.224610799959683,18
284.2142857142857,42.72336870679288,8.999079944151822,19.36765770017549,4.182290885294395,18
284.2857142857143,59.59154805780483,14.156524367344716,25.355325598600253,5.353212540495383,18
284.35714285714283,64.45868450419444,15.040237091212559,25.269806196237628,5.666579143479805,18
284.4285714285714,67.00702576930117,15.819042441524173,26.198391420646725,5.952102840902956,18
284.5,68.13834196493697,15.466419598603236,26.751530284967888,5.896661340942121,18
284.57142857142856,66.87019935518055,14.191045396204883,26.151329678030283,5.260558031473075,18
284.6428571428571,57.45207016890741,13.740756001071675,24.10061292908288,4.996023819014157,18
284.7142857142857,51.13909484128831,11.004171705401049,21.382641688053923,3.87117338823719,18
284.7857142857143,51.82475213630646,11.082051555209802,22.159745143332017,4.1086460823699795,18
284.85714285714283,51.79223451856158,11.856513134272854,22.022216115427103,4.325019767261529,18
284.9285714285714,56.09644859555016,14.748505274301735,23.66332985848684,4.944326595465974,18
285.0,53.01494041648895,15.036642748636659,22.116608888172333,4.949628053746236,18
285.07142857142856,54.48118162726349,18.328869566452603,22.36621657873544,5.953386405592948,18
285.1428571428571,50.68507547429432,17.020428286337,21.014881089257006,5.6564486029445185,18
285.2142857142857,47.102051508087335,16.003369311672845,19.428486369876993,5.393018101868398,18
285.2857142857143,45.3572139915351,12.571682727072169,19.84999354684236,4.79153320637447,18
285.35714285714283,40.0249774053979,8.714718250828323,18.16647947302828,4.129353446397632,18
285.4285714285714,49.92215616852887,16.12104848629981,21.247981801332735,6.152970607356314,18
285.5,47.35105511341581,11.980331269204376,21.013198564513868,5.0901873394877235,18
285.57142857142856,42.100357004283765,6.908833856730247,19.318146570760895,3.8609386913359227,18
285.6428571428571,43.112300006006116,7.9733045056195175,21.54789434782506,5.182126313560237,18
285.7142857142857,46.06851099523619,10.165374045025883,20.68497866067732,4.714537697110168,18
285.7857142857143,60.10728236555452,15.94337936677645,23.401236107534622,5.686856188926959,18
285.85714285714283,68.44225048056116,20.395763137804003,25.536421386985012,6.733280324402672,18
285.9285714285714,66.00103366410028,19.961587886631804,26.2195175672444,7.403142733730542,18
286.0,69.64564922545524,21.085873364349126,28.52937986373373,7.876285665257997,18
286.07142857142856,70.11283523772198,21.237242981655513,28.48130427862253,7.820303057035123,18
286.1428571428571,73.65044144867754,20.013935980380925,30.329442952930812,7.323184206616171,18
286.2142857142857,67.43122437788628,17.651662900234566,27.552295368832574,6.4158168677129135,18
286.2857142857143,67.93393769580345,15.699324380695568,27.70118560065693,5.6593312524499915,18
286.35714285714283,71.93407038619412,16.228285722317345,28.679817615860173,5.75232231385582,18
286.4285714285714,70.85498078971928,15.310564781030408,27.914201055953487,5.328597503038962,18
286.5,67.60328311968651,14.87224227475703,26.105899747629596,4.781866482852993,18
286.57142857142856,64.34382316136306,13.890364674477095,25.703422630437647,4.857354997747471,18
286.6428571428571,71.53352328154652,15.450044701065265,27.28991231448006,4.360082315851076,18
286.7142857142857,77.53404584979361,18.536914726438386,29.742787226579498,4.619655898496558,18
286.7857142857143,56.44660935034941,11.146616297687304,22.659782386969063,3.8613620364815913,18
286.85714285714283,50.53211857473293,9.166230244479955,22.337803920460388,4.492023722693465,18
286.9285714285714,43.3742505961521,7.223480383225511,19.51130204453025,3.787036718526952,18
287.0,36.92919393333393,6.250410801479891,16.64014082776506,3.469987007878316,18
287.07142857142856,49.15323471111447,11.027868053320704,20.24731164722594,4.492315236296137,18
287.1428571428571,63.411445886704996,18.21253279134312,26.183371019481147,7.009254571015358,18
287.2142857142857,59.5758822962816,14.683330408930315,25.193418741118666,6.157425886496097,18
287.2857142857143,55.21059310319451,11.173137706697895,23.362473378065083,5.409066572496662,18
287.35714285714283,53.32885550556772,12.939435129758637,23.059744386970973,6.181712015289067,18
287.4285714285714,65.31541592328809,17.417652705308196,28.51157981482832,7.618673365668162,18
287.5,72.77140967540575,19.235201125923695,30.640660856840842,8.307665057222152,18
287.57142857142856,82.06784407353345,21.068789182990855,33.697639257301304,8.718993391834397,18
287.6428571428571,86.18684483467882,20.416989297907698,34.642447925256604,8.082713873014788,18
287.7142857142857,90.80333076970376,22.19333001042361,33.24431664279276,7.989842924477655,18
287.7857142857143,94.49056154810756,22.67188502839619,37.666051625323654,8.521716179840926,18
287.85714285714283,106.51983077080338,25.965402586122018,46.425235294285955,13.209275075689495,18
287.9285714285714,110.70674258504353,26.902978549131383,49.3188364804525,13.838753345716487,18
288.0,90.29714473039694,21.630279588854787,41.24967287402675,11.538196481970498,18
288.07142857142856,91.54678969548934,23.950402441054575,41.20513066833858,11.948961769857187,18
288.1428571428571,91.48669253973074,24.888101920684875,42.57006703811486,14.178864681134087,18
288.2142857142857,88.22691453413131,24.135696644321065,41.370772111813196,14.857209179380952,18
288.2857142857143,75.48582976770149,21.33243947488965,36.96272058598523,13.619419688968275,18
288.35714285714283,75.20239043027865,23.48903622854237,37.75757237720075,15.587848170850307,18
288.4285714285714,61.59616524736579,18.972394561073287,31.332279854545067,12.32563586117927,18
288.5,63.585146591509215,15.506845265006772,29.284701523073394,9.895352411213118,18
288.57142857142856,60.92417617569292,10.031469358664282,23.731866867370705,4.667890370781708,18
288.6428571428571,67.25958432828047,16.118428811883582,32.970398353948134,10.572674004165023,18
288.7142857142857,69.24943093887022,14.276236051896854,33.11222653805184,8.50968824728052,18
288.7857142857143,64.7779068618895,13.905742651478917,30.260830987983777,7.377141654682551,18
288.85714285714283,56.44687493347276,13.686557424382729,26.14527574786084,5.914354645777717,18
288.9285714285714,87.71953954334636,25.203925376041134,38.41682793383304,10.683502320043152,18
289.0,70.28316680395793,21.750796899009202,33.05076561685352,9.971902120881397,18
289.07142857142856,71.70426021332266,19.975476293369628,33.16155099049222,8.772600933997296,18
289.1428571428571,70.27102536513146,20.506520302222686,32.447353925541385,8.837827265592411,18
289.2142857142857,71.89467537993283,19.218129109797076,31.979058798091472,7.885694681092007,18
289.2857142857143,81.41418717418263,25.74897759457879,35.37919313140031,10.937629763167987,18
289.35714285714283,74.70268579015128,22.28063845172327,32.88097942020246,9.474730382102244,18
289.4285714285714,66.60625890667565,24.318482951707896,30.555097975964248,10.358447071994119,18
289.5,65.09995456587095,24.104447431352188,29.666117830069332,10.282779155579696,18
289.57142857142856,75.1775923083956,27.502182115301114,32.95045173807528,11.371352152441286,18
289.6428571428571,78.28467988010354,27.832728275326385,33.49014394159094,11.463630917880733,18
289.7142857142857,100.01027301489536,28.692748315736434,36.6178458373614,10.722141175065728,18
289.7857142857143,107.32264048792223,32.58465684232933,38.589329970148206,12.179253684156173,18
289.85714285714283,101.0447525476351,29.52369444651086,37.03120445148108,11.062963011581793,18
289.9285714285714,91.53451438136328,23.390557272676308,31.231696543452138,6.171350341314896,18
290.0,85.274739800778,21.551983023430463,29.665792928474033,6.581848075611401,18
290.07142857142856,78.01469126879101,20.456803763902396,28.236204228507134,6.83271208728356,18
290.1428571428571,72.36249772723355,19.17850522964482,26.248777645763386,6.454294459236196,18
290.2142857142857,63.935155040386405,20.168362219017098,23.68694155465189,6.768230150714992,18
290.2857142857143,59.25634169108591,15.917564696033969,20.88100775456306,5.302967772697282,18
290.35714285714283,67.13778273821187,17.292553256215495,23.53752096641298,5.626514044961109,18
290.4285714285714,69.0358721425021,13.882854847571604,25.215718809650074,4.4383455002746075,18
290.5,70.637720188747,13.553483150659638,25.57605056125991,4.261456996665319,18
290.57142857142856,66.55928246531859,16.21083663255565,26.055598994678913,5.27521467500324,18
290.6428571428571,65.52377854662468,16.636068821882496,23.18310857074577,4.822287893576302,18
290.7142857142857,77.61419276778533,23.84510703883571,29.02624653788138,8.28462540238123,18
290.7857142857143,82.26636436862198,26.219074899208174,31.588455451551372,8.99089423977507,18
290.85714285714283,75.3490348902549,25.303303665944686,30.200841387197016,8.701873880240553,18
290.9285714285714,67.77085435441263,22.560958544772447,26.41539111371365,7.364453354143077,18
291.0,67.92698533600935,18.545428870989774,26.80662033474431,6.056818488640928,18
291.07142857142856,75.1410281555925,20.83798617057802,29.439085779559758,6.689145969932098,18
291.1428571428571,74.63711171094847,20.638848296468986,29.603376285463973,6.7588545200804555,18
291.2142857142857,76.08255020134123,20.80285346252102,30.841402892564364,6.959283518840403,18
291.2857142857143,70.98977226480339,20.36786885452748,28.190469225280392,6.842893036084095,18
291.35714285714283,69.65754931345522,20.01874256515917,27.576471943018472,6.751113439032946,18
291.4285714285714,62.77924692746252,16.81933791653595,25.69132566890217,5.890430914226052,18
291.5,60.086119150733204,17.74057506774458,23.30591059573549,6.239983117253811,18
291.57142857142856,52.467386325099646,15.498368320720358,20.7689401084587,5.562512701557361,18
291.6428571428571,46.96054819666175,11.592653491361725,18.867540970118416,4.111719098068715,18
291.7142857142857,45.06290108725718,9.321620278269222,18.46093994048589,3.174445984616234,18
291.7857142857143,53.564086059053295,11.033463292775687,22.024581477325416,3.6918503824241427,18
291.85714285714283,55.37988365752334,15.19673676632949,22.25083189742347,4.950127198426313,18
291.9285714285714,48.391886957201805,16.920474873156184,20.5022157896907,5.965680988070997,18
292.0,48.79287395419352,19.22834487157864,19.48009772963964,6.787451483476215,18
292.07142857142856,49.20090625359175,17.47853743191701,20.458185791828495,6.203279690501494,18
292.1428571428571,50.462499141770685,18.877584822824804,19.919263430812205,6.751826535393592,18
292.2142857142857,51.56287643367659,19.165578633496473,21.865398998192468,6.889866345125146,18
292.2857142857143,52.987591842109055,17.707003446510114,22.58236315365684,6.464129033110109,18
292.35714285714283,56.99843343222509,16.355522471000683,24.234949621851218,6.017175572318761,18
292.4285714285714,52.11996599009779,14.611878527791127,23.53056652220555,5.913435680788283,18
292.5,50.899109775714614,11.09246872703291,22.792206978781902,4.540787080109318,18
292.57142857142856,58.08038232242498,16.600213748517902,26.13052522574733,6.484623516365119,18
292.6428571428571,60.01101038316016,19.213643391319337,26.43460512221127,7.2370461585806085,18
292.7142857142857,55.88780435558605,20.54685060453127,25.748057683422783,7.991320555615993,18
292.7857142857143,58.59578312519747,18.918923308436906,26.833386244391786,7.464378994281565,18
292.85714285714283,57.08853124388018,18.896741678768162,26.287061425975374,7.504868343239469,18
292.9285714285714,59.0458416192881,19.578951420257365,26.85375609960085,7.6722311165971995,18
293.0,64.47361361587409,20.99168215706111,28.859754265878674,8.076650833951012,18
293.07142857142856,71.20433622189493,24.018493228491643,31.373273322162486,9.0909176110713,18
293.1428571428571,70.2423588299789,21.974686520139354,31.196004090672563,8.620928999153314,18
293.2142857142857,66.23631197719753,17.111660733079155,30.383171440387798,7.8752308427391995,18
293.2857142857143,69.04412811442849,16.933669735110946,32.043585663547994,7.961014440434068,18
293.35714285714283,80.6282418317248,23.879944662008846,36.31230858300942,10.03562497148431,18
293.4285714285714,82.03298073335134,29.143470953760534,36.85419787700763,11.88125359967963,18
293.5,86.46282713051292,28.366903071547345,39.14796938207886,11.818490534777393,18
293.57142857142856,86.07528354249418,24.976100299844937,36.965635049923925,9.584070621302034,18
293.6428571428571,81.82374679962498,22.711126915889256,36.6629959728515,9.65494593280193,18
293.7142857142857,73.51423023611333,17.335364945002187,32.90844139838312,7.115234487986283,18
293.7857142857143,58.918718286374805,10.932652283187867,29.345827454533865,7.177858104461689,18
293.85714285714283,63.59188978228254,14.187235757167706,30.801720052209966,7.858057684330516,18
293.9285714285714,64.79767156231031,13.991669170178984,31.13953281205514,7.520804537507606,18
294.0,70.48030066367933,16.244030531944738,33.3322563776183,7.75220913948645,18
294.07142857142856,74.48227415924153,18.831385987743456,34.382552911917735,8.058861474880143,18
294.1428571428571,76.06627025392461,19.669853869659335,34.459572142129694,8.008949532028373,18
294.2142857142857,71.93891556958756,19.43329231605366,31.805377097061662,7.443421553268249,18
294.2857142857143,68.65072812577907,15.334364339170646,30.055751538876113,5.781773169895847,18
294.35714285714283,68.0901539872537,18.340918924937654,28.875686261383752,6.305893859071614,18
294.4285714285714,65.06828919937338,19.258670177170263,27.16278941234863,6.444435525232265,18
294.5,64.08112317394854,20.24000646380598,26.499950074454812,6.685464496418044,18
294.57142857142856,70.24001300380952,22.80411090214943,29.00997183647511,7.731153968882252,18
294.6428571428571,72.40870162180327,25.646083713038177,29.206283530941484,8.71312304801104,18
294.7142857142857,67.40061166041893,23.952962610867193,26.900127699803498,8.121703869403287,18
294.7857142857143,52.71404346217269,16.47913894713161,21.549292844521286,5.298101725326726,18
294.85714285714283,54.05154996985904,14.115806067614258,21.42307908891194,4.51955950745868,18
294.9285714285714,59.758004627346786,15.829906256331888,23.3275852387164,5.356277631726611,18
295.0,58.745717447816745,17.944421092861887,23.78179261854167,6.330918177286216,18
295.07142857142856,56.22118357002452,17.261292719990262,22.624374611697373,6.20920039356123,18
295.1428571428571,54.14513712822323,14.896559859737563,22.73276398565053,5.5675242046538145,18
295.2142857142857,60.487689948261476,16.520121230766073,25.390850020911337,6.150771561365991,18
295.2857142857143,66.47896040608994,19.957789141084866,27.085950097587023,7.319464010854492,18
295.35714285714283,68.91078395580719,24.163307131902915,28.11268588292283,8.804913678162489,18
295.4285714285714,70.49481230568452,22.683186023737804,28.743586197005765,8.15941484504181,18
295.5,62.82493249277511,17.293291582312854,25.96841179420354,6.231884516044514,18
295.57142857142856,55.25974561674697,15.043969118667738,22.934801301012282,5.474836370546411,18
295.6428571428571,50.46233467437996,15.199509943823692,21.654628901273668,5.789440853556159,18
295.7142857142857,57.985250616650866,16.672655284162943,23.664851587000783,5.985328607266764,18
295.7857142857143,52.1530814155735,16.446999372700944,22.209324748058528,6.07665059902223,18
295.85714285714283,45.81904645246484,16.660528431161175,19.19089714883658,6.14731337635658,18
295.9285714285714,51.814810060135585,18.273836015839777,22.160628832165923,6.6590253320235275,18
296.0,54.267288180001124,22.97912811410185,22.296670045259415,8.31971602499451,18
296.07142857142856,62.34944148906915,27.929766637038345,25.293232664759326,9.983656945406162,18
296.1428571428571,63.3325882456762,28.232481985957037,25.63566479559606,10.162349562377909,18
296.2142857142857,57.08214502518303,20.8607563316803,23.478184539473055,7.502958726727333,18
296.2857142857143,55.510464504625816,16.301908409213052,23.603794089159205,5.887879325162644,18
296.35714285714283,61.62986140326293,17.542498057238294,25.769170132570736,6.138804122499708,18
296.4285714285714,61.94713465416154,21.32450863180445,24.84224882782267,7.513095936645915,18
296.5,59.38935776118564,19.459971045895593,23.885389003260304,6.765741321035503,18
296.57142857142856,46.70312975096083,14.439719328896048,19.436127969038328,4.791142088977997,18
296.6428571428571,45.89864211172722,13.964620775530173,19.658179662241665,4.871404878350245,18
296.7142857142857,61.784761672746164,21.844009468455596,25.246173376540806,7.634470527978182,18
296.7857142857143,62.90158030639409,25.40645503713649,24.48901852545584,8.979971644630536,18
296.85714285714283,59.38386347330951,24.028919737123427,23.56442872293768,8.4523656920533,18
296.9285714285714,33.45152589264034,9.686030071325085,14.374923812320691,3.3934410902421877,18
297.0,41.80893666525794,12.955431455944936,17.018862844295608,4.51665297768962,18
297.07142857142856,56.45599329987628,20.34180356297215,21.901347968844107,6.963945752331139,18
297.1428571428571,58.9761517328048,23.45216485710047,23.327563846081322,8.173653104763938,18
297.2142857142857,54.52774921279387,20.804766756794486,21.716785160956213,7.247845492020062,18
297.2857142857143,51.39996241256054,15.160193094083386,21.17791004734428,5.267701304645353,18
297.35714285714283,40.61385675913751,9.272644197828862,17.94496105198056,3.5786368302047475,18
297.4285714285714,41.915698390754585,8.914402854910747,18.785805000324626,3.4680382513933794,18
297.5,57.60594593555387,13.438274467885911,24.867451726398507,4.98536980163872,18
297.57142857142856,61.11174045172985,12.669610161534504,26.91699479556452,5.0232141825526435,18
297.6428571428571,51.99892513462204,9.754496597880669,23.846319587320092,4.440897534543432,18
297.7142857142857,62.88765837593834,12.314249172902043,28.476013443565574,5.407323870041302,18
297.7857142857143,82.18734244863029,20.5114728915393,34.61296948235337,7.262788809185632,18
297.85714285714283,89.85052626742919,25.624851657870238,37.27729848677689,8.956861967540016,18
297.9285714285714,77.34447469944031,18.311628692011542,32.33612574965247,6.270913641527967,18
298.0,75.55694723886407,15.896223861384055,31.792776254678017,5.519672084607146,18
298.07142857142856,70.29618498878105,18.65591782991179,30.496074005930122,6.778452283184028,18
298.1428571428571,68.13167432161536,18.424341911912844,28.870897100468962,6.1798844415122405,18
298.2142857142857,73.58940100768683,18.485575965387348,30.819202535241345,6.633853256332647,18
298.2857142857143,72.88657772112062,18.57202461033877,30.459240683209085,6.638579884796486,18
298.35714285714283,66.30239104428777,14.347387707979282,28.370686585812294,5.405158835421412,18
298.4285714285714,55.31602099747416,11.40355435689286,25.053267037144764,4.957520435055159,18
298.5,44.47039654749426,9.629929989426234,20.04754215279968,4.174779480673413,18
298.57142857142856,63.399976758579854,20.73663621330295,27.2829109873512,7.754755959858457,18
298.6428571428571,67.30198138888304,24.35831976174865,28.502917288077693,9.057845101592363,18
298.7142857142857,56.30008014211081,10.322389699021471,24.084394064799216,4.185552291572747,18
298.7857142857143,55.83129945451108,13.928512192825647,22.699470411031236,5.1592282311208395,18
298.85714285714283,59.979297618783214,14.362547193098242,24.727940233240677,5.104020941582956,18
298.9285714285714,69.23810167032022,18.726910137840314,26.627513074408014,6.659711154908683,18
299.0,67.64955130038337,17.241792495166024,28.331723043336133,6.569125591635128,18
299.07142857142856,72.86510472018506,21.637455545511042,28.396745143704084,7.708684394023102,18
299.1428571428571,60.005745980035165,14.433484109702643,23.70554985487946,5.274046979826064,18
299.2142857142857,42.443786708310526,10.977574820821333,18.961764380533104,4.326997885570038,18
299.2857142857143,59.15971625162933,15.993054041363218,24.110129285162827,5.62648752740185,18
299.35714285714283,42.46324211073037,12.864726787221418,17.36210591890536,4.453785779410606,18
299.4285714285714,39.06124801840634,11.349892979579366,17.15044819267518,4.313319959228964,18
299.5,40.62432100325912,10.387102776223779,17.280159033447976,3.778625651125307,18
299.57142857142856,30.088940485583073,5.542034389494924,14.108230312558772,2.844010670513737,18
299.6428571428571,36.58989711763902,7.759910491213273,16.439377569372546,3.0365986141998706,18
299.7142857142857,49.58413933823522,12.65902381283018,21.313547329914897,4.700620189800884,18
299.7857142857143,58.82368819596916,18.037393148163062,25.718691746241728,6.732330952371692,18
299.85714285714283,59.353683353186824,18.23537523513314,25.32534443662344,7.070578743520903,18
299.9285714285714,52.96794798479252,16.981036780472895,23.44585803096947,7.109820265955015,18
300.0,51.07630566767051,15.108143561545393,22.85851965157047,6.599553555276836,18
300.07142857142856,60.12363587133255,18.229443805731165,25.440278597751934,7.247416250185312,18
300.1428571428571,57.540422042484344,19.66066344693507,24.326696430405907,7.7473855066585795,18
300.2142857142857,49.62137742723769,10.594563464169976,21.651498980824087,4.929872189620488,18
300.2857142857143,56.9079211863464,12.12382001714898,25.38222885265111,5.621539407324179,18
300.35714285714283,55.04440894876293,12.362782607890448,24.397941870618904,5.933376884717373,18
300.4285714285714,61.175132721041436,13.891054103715112,26.646960686604547,6.294647685236024,18
300.5,66.52349254128815,17.867265080295955,28.279354335493363,7.237005115044017,18
300.57142857142856,83.55780887250806,22.04421230428743,34.65581342682801,8.355600331729486,18
300.6428571428571,79.40288943688796,20.810084582641984,31.734691472109443,7.6558589619362625,18
300.7142857142857,69.32120839212843,18.173298493647472,27.936526102307546,6.55605271954861,18
300.7857142857143,63.45760957288417,17.04592402289374,24.958219432719126,5.949316966971235,18
300.85714285714283,63.213534115681476,16.97993244059089,24.795034625040707,6.002912812031474,18
300.9285714285714,69.10757723035384,18.413403113919355,27.192076622484045,6.661961277994267,18
301.0,64.28800719428617,17.682948207365325,26.176602430281225,6.6824886193991215,18
301.07142857142856,62.207597389528,17.195969056566884,25.53442370304612,6.762577392616032,18
301.1428571428571,68.12103725308037,18.044515158102943,33.559560271183024,10.893918081591709,18
301.2142857142857,62.12648576118603,18.221004687527184,26.04220071024048,7.267876920301068,18
301.2857142857143,73.36470578866687,23.29173008309906,29.361617678825816,8.571708087251112,18
301.35714285714283,82.07404880227934,25.334383218140044,32.314790777965115,8.914217464423729,18
301.4285714285714,78.83525107299644,23.527776120373442,31.176421290205614,8.201605010834026,18
301.5,68.18538599095235,18.4715546694456,27.0709266210869,6.27190398288606,18
301.57142857142856,68.21895843182278,21.76465114468554,26.777304536214295,7.195655121005884,18
301.6428571428571,67.37501513390004,18.904103944558603,28.423246689684547,7.01103008589681,18
301.7142857142857,73.14405495458531,22.030542781535907,29.273940434517943,7.780082073729351,18
301.7857142857143,64.89349703667072,18.96630909106657,27.52069083019457,7.142686784188512,18
301.85714285714283,55.890851637659864,19.43697361708743,23.26971082655572,7.171193190985109,18
301.9285714285714,55.57270885195717,17.10971792238082,23.48656425424539,6.673829005644323,18
302.0,56.31631763254078,18.13129133021962,24.424239682715783,7.653308559655475,18
302.07142857142856,58.39361959121336,20.48890942732252,22.66768003693678,7.585283714352849,18
302.1428571428571,58.36815371625422,23.200820873503886,22.78070375263174,8.586610819259308,18
302.2142857142857,63.354648963853315,21.401321400214602,28.043769656755895,9.12041562990972,18
302.2857142857143,57.00430894349035,16.39954127273473,25.774550688825606,7.934364738749466,18
302.35714285714283,50.12615860228225,14.412854330348301,24.785706589651873,8.15688269813727,18
302.4285714285714,52.862579187386785,13.523925643688594,24.704836134642964,7.496443167790602,18
302.5,52.83854586694865,16.937543394932632,26.069702065978245,8.718812988522744,18
302.57142857142856,59.07434589302594,17.13873298822134,28.466511798665174,8.579762798574894,18
302.6428571428571,60.488992536426245,16.66780399159837,29.92578752111017,8.87159314422847,18
302.7142857142857,63.66367193931679,16.847236689301578,31.063870283641187,9.000218721831967,18
302.7857142857143,70.79121440060706,20.343169947202572,33.807171657526574,9.896058622340783,18
302.85714285714283,83.89372973675934,25.52469940694992,40.10828880355496,12.312346615673896,18
302.9285714285714,84.9677187099936,28.23586917148843,39.25419280490229,12.28808423985963,18
303.0,73.58866442481177,23.40871855580461,34.23287761582335,10.657135474701493,18
303.07142857142856,70.42266632015847,19.248886501877248,33.689935285518295,10.102885455941633,18
303.1428571428571,64.09321178574781,16.58512468963591,31.233646210685887,9.38463146984207,18
303.2142857142857,59.74124938421975,19.77652592409695,28.789863379463196,10.002813334459974,18
303.2857142857143,60.01093869097335,20.75200731477516,28.83682018030487,9.89786605449014,18
303.35714285714283,51.724707092639136,15.249946482281723,25.11189682068569,8.137770383497552,18
303.4285714285714,55.61721709720877,14.80478969005993,25.896102239733263,7.38547057883145,18
303.5,56.31509487620412,17.98300653924806,25.313483203916558,7.694919761491319,18
303.57142857142856,56.82320880115797,19.261634981360057,25.056864393591216,7.593859064755314,18
303.6428571428571,56.536650321246945,20.726638917375777,24.199603062393404,7.616587751219655,18
303.7142857142857,54.6997664335667,17.765915614250037,22.86100846824382,6.254079553477859,18
303.7857142857143,52.65516760503814,17.27547295744703,21.24459587889965,6.05718745718429,18
303.85714285714283,52.31654528046303,16.102751465859047,20.949586584874165,5.542710007705763,18
303.9285714285714,51.184049892605465,16.50150351008876,20.298079133188537,5.704177568669822,18
304.0,48.796627671233026,15.440260383876836,19.505401552493844,5.379385568282909,18
304.07142857142856,49.983619162765535,16.368355003473823,20.33058871496718,5.755316195880477,18
304.1428571428571,54.40194774837711,18.728688598519838,22.629376871902764,6.614848135533712,18
304.2142857142857,53.23836258709155,19.303227339875395,22.402287372049457,7.106463090585443,18
304.2857142857143,57.96437519463531,19.441610767041574,23.809472677823603,7.133438039197145,18
304.35714285714283,49.01216742509307,19.335780907030127,19.162416419696868,6.810524648940298,18
304.4285714285714,53.315651286247466,17.814380206572746,22.406097659397044,6.394492576133313,18
304.5,54.62150279557084,14.812943041131899,22.11469465509097,4.929083801087351,18
304.57142857142856,54.5419306689911,16.999019001938304,22.642190354309353,6.071692917872164,18
304.6428571428571,64.80071057568084,22.195791490580163,25.414574829882564,7.832955274337956,18
304.7142857142857,62.88295459702265,23.33038370742722,24.660317581532983,8.327460181333088,18
304.7857142857143,56.4600944374544,17.54825783122418,22.436744538000703,6.147290345947267,18
304.85714285714283,47.43675673085227,13.56638177808804,19.296179833493394,4.753236947432104,18
304.9285714285714,47.04979124215501,12.937138771972515,19.391258455085346,4.641452521792461,18
305.0,51.42345047012321,14.943282603947365,21.215577052632796,5.27467588031963,18
305.07142857142856,54.99743664774606,18.51178587234406,22.42370599591627,6.609705084099911,18
305.1428571428571,53.00763784559031,14.627631872606768,21.549117373325025,5.153042646620033,18
305.2142857142857,50.16332913125944,13.05252789268559,20.405418092646595,4.428696213649309,18
305.2857142857143,53.64325809267181,16.90298248856384,21.449215915852264,5.9986515419080515,18
305.35714285714283,55.53157214745436,20.361783606720778,22.234614424145597,7.292777109796625,18
305.4285714285714,57.60997372201368,19.472604970344634,22.83780390261868,6.808754088624645,18
305.5,68.42622122240938,19.19250207621617,26.48324242201863,6.257014234337802,18
305.57142857142856,67.77106107920919,18.41559313838076,26.23658084076946,5.86433716759949,18
305.6428571428571,73.3804959799888,21.991320243483656,28.345245897233077,7.177119213160078,18
305.7142857142857,71.7322275537449,21.417275569855697,27.518927952308523,7.051926270657356,18
305.7857142857143,74.94429867042165,21.800030507817535,29.017523405716673,7.08614696579823,18
305.85714285714283,60.47030502602119,14.59928876770997,26.674718963539814,5.643079767509871,18
305.9285714285714,58.91070180506042,13.558870002271982,24.286250518657727,5.068387279236328,18
306.0,63.23834539120785,16.761032424587302,25.645276479298204,6.020566748542897,18
306.07142857142856,61.64816710249881,19.570152993666596,25.380010910881094,7.442348287129389,18
306.1428571428571,51.670127961559274,19.128937179508558,21.025643569595914,6.965798282870481,18
306.2142857142857,46.60808510530324,14.00636298261207,19.407397323251175,5.105980966109653,18
306.2857142857143,43.99689071691213,10.417441674278455,18.659461788393756,3.7528199459951916,18
306.35714285714283,48.897034442301965,12.505399487310175,20.615956882688707,4.47981821486609,18
306.4285714285714,56.899359846241104,15.310354312904705,24.48856539673584,5.808529958475891,18
306.5,58.284314444828624,17.012345391530847,25.3236781218384,6.604015439093865,18
306.57142857142856,56.02645478676032,15.973682240999043,24.10711641917373,5.941427154836404,18
306.6428571428571,61.92311472024419,14.566047313112566,27.057462170191247,5.976058717136019,18
306.7142857142857,61.67079919662212,16.948477901942944,25.848601605646987,6.293282670053769,18
306.7857142857143,66.94063298672167,20.691594564317068,27.94638641315465,7.503108498454438,18
306.85714285714283,59.43394956697249,18.041548296050966,24.67498588189935,6.466922388733693,18
306.9285714285714,53.255865662141396,18.364857059044628,23.31699183462665,6.77971116546348,18
307.0,55.9771894665793,13.60672195932084,24.019820372843274,5.517352630574957,18
307.07142857142856,52.68964848800953,11.145649511137588,22.579639577803906,4.405011960354574,18
307.1428571428571,52.310863585479716,12.335316749186504,20.740150172535966,4.5021813633629435,18
307.2142857142857,49.2378960241943,11.265528842737591,22.058128001136044,5.090220343190681,18
307.2857142857143,43.36246702222241,12.10065603003742,20.219606732104545,5.490291456675469,18
307.35714285714283,43.942870345602124,12.143680251016143,19.607588645394717,5.092434833454665,18
307.4285714285714,44.64549518563984,17.69779981760727,19.597317476100866,6.5943648209128,18
307.5,47.40553517640838,18.9519845637559,20.728352758588663,7.097692160539839,18
307.57142857142856,42.51546735649822,18.241209830178594,19.04260224486543,7.010724573104431,18
307.6428571428571,39.904675450129446,12.400388021397685,17.852910388971935,5.096144438086726,18
307.7142857142857,31.42253505781398,5.7538792123567655,14.470016420793465,3.085253947734014,18
307.7857142857143,31.438462651562816,6.00599557364822,14.827812609331856,3.108238528715309,18
307.85714285714283,37.990174281401075,9.775779010090284,17.169879121651366,3.8296052980306508,18
307.9285714285714,43.606278867599926,14.43679879618877,19.293071587786653,5.374610194628437,18
308.0,46.76107566489689,14.690500792487834,20.837322270867713,5.690355314252696,18
308.07142857142856,44.900704985935654,14.029639285476406,19.984090945995494,5.4352383571987595,18
308.1428571428571,46.65213836584938,12.432946736954156,20.762339421610516,4.917790339138124,18
308.2142857142857,44.620666581275984,14.039711545719614,18.735004457292455,5.32710671042375,18
308.2857142857143,50.69096326482542,14.014218802038629,23.124619781404895,5.827745489457419,18
308.35714285714283,48.71540282189582,15.500743276533269,20.804456482469895,6.4282590661908605,18
308.4285714285714,52.89714120117898,16.71634273780576,22.244337155059142,6.770912893406586,18
308.5,57.9060683428188,18.18261119425014,24.592108289939105,7.455078501295043,18
308.57142857142856,52.992956569177366,16.573979163923692,22.468702242331332,6.983970656981783,18
308.6428571428571,44.68573898916465,12.480535009222924,19.850334805143625,6.479496200920443,18
308.7142857142857,55.81060794543374,15.623021831377269,22.87119033430314,6.4661862085441655,18
308.7857142857143,53.74300339395058,14.356163286402863,23.356057455990662,6.250353566734777,18
308.85714285714283,54.051135413829584,14.138527331373156,22.725715651756026,6.192618237105046,18
308.9285714285714,55.96290210396519,13.915752183565628,23.49659665559181,5.8944828781473015,18
309.0,54.13419905920694,13.202798306541933,22.955313800997107,5.5261849922912845,18
309.07142857142856,58.22306488298988,14.396274799897926,23.860718525150237,5.969484207408889,18
309.1428571428571,54.12820176004453,14.050399002939107,22.082929865582678,5.794335017888978,18
309.2142857142857,57.69472689504422,14.634494782980276,25.316765858691785,6.057650894794435,18
309.2857142857143,46.1598337674903,12.720485318432237,18.57632648880947,4.629374514400878,18
309.35714285714283,55.88924424858586,14.589146056183221,21.869244853285377,5.034733499792185,18
309.4285714285714,56.9047029362962,13.10557583176356,22.286032249510583,4.444648566864889,18
309.5,61.490133000622464,14.783013644252284,23.550602767791585,4.87178708051002,18
309.57142857142856,61.81658366309501,16.016853129755862,23.60610838837153,5.3342611318922115,18
309.6428571428571,67.6189115850568,18.203835788386428,32.19981970847333,11.361128947068623,18
309.7142857142857,66.56633638768659,17.98183638844209,31.348031270418346,10.530278484547141,18
309.7857142857143,59.5707049396856,16.98201583537035,27.05260738919849,8.290869507135572,18
309.85714285714283,60.593742993981195,18.17957344289575,27.878109072872697,9.172372616507307,18
309.9285714285714,64.64988539396623,18.298628344070227,28.62375168149824,8.14094745829838,18
310.0,62.839258165576176,18.960744003302484,27.5689128599299,8.350622828777848,18
310.07142857142856,64.50977144759078,18.466041429258222,28.242697834409647,7.91419757842133,18
310.1428571428571,66.17004564711809,16.216201862634442,28.919533857642744,7.24379850902509,18
310.2142857142857,56.61896490989329,14.721052207340204,23.91341211843463,5.360070407920929,18
310.2857142857143,51.793484213667746,13.067159438489254,22.062037520399468,4.882350847773396,18
310.35714285714283,50.73000812642372,11.392618257224543,23.184292134063405,5.626863635778164,18
310.4285714285714,48.57972592638483,11.272513843111284,22.25690693977303,5.665555010041633,18
310.5,46.222209704052034,11.35431522622647,20.840186454129853,4.998498833667919,18
310.57142857142856,50.06605050112346,12.327127937094158,24.435370354459412,7.3052582269668775,18
310.6428571428571,62.89557000493861,15.801166265995606,35.49843075264225,13.485015971494049,18
310.7142857142857,45.570059969746175,10.703621813922256,19.811990439978903,4.428367150489627,18
310.7857142857143,46.268155941502684,10.662368564135116,20.753220954970125,5.126986082904681,18
310.85714285714283,47.1229470787247,11.712725341235526,21.341301742227554,5.854614733708907,18
310.9285714285714,43.21896753244532,12.510206713184772,19.2546112501963,5.071102533204553,18
311.0,49.84493095311836,13.62193280323387,21.01591693875433,5.228892851448007,18
311.07142857142856,47.80366145144517,12.625836550138239,19.97182540312186,4.569850252598385,18
311.1428571428571,39.43659058923332,11.08815429400693,17.75286271261131,4.758068747153653,18
311.2142857142857,37.96269910198144,9.636797069964436,17.200191228573225,4.442237419305785,18
311.2857142857143,39.31686522716762,10.24184052942533,17.046095351801874,4.587446209991732,18
311.35714285714283,36.529061681482986,9.901030941776355,15.553035854837296,3.6542695677250707,18
311.4285714285714,38.71578845989169,10.7285560814825,17.529769369513243,4.735089851682258,18
311.5,34.803364328378116,9.323459036373597,16.971864170366647,5.293762801048813,18
311.57142857142856,37.221890089467344,10.455103665657804,17.936344256618405,5.864199912964472,18
311.6428571428571,51.92606112690711,18.152282322075237,23.242272163889478,7.582906870287668,18
311.7142857142857,51.761022470320334,17.69488046149946,21.637113920155375,6.441731682350059,18
311.7857142857143,39.497533750898235,14.384342807565556,17.766495112376994,5.873245208220211,18
311.85714285714283,40.3049538068898,15.846980559770088,17.986975584052566,6.108127896908386,18
311.9285714285714,41.57571862422544,17.91450180316917,17.4742683867835,6.221382326338663,18
312.0,52.56603439730041,21.414778389518396,20.320126906247143,7.365645172409028,18
312.07142857142856,48.19697094747334,18.600257576865697,18.68417730377507,6.27930728828844,18
312.1428571428571,41.25740134861576,15.577316464449515,16.176720686747945,5.2444637459338885,18
312.2142857142857,43.71774122258332,15.764787882914682,16.86682977533182,5.331738400267158,18
312.2857142857143,50.827136026689274,18.246352663714458,19.525851546032857,6.216236090665185,18
312.35714285714283,52.69116456451185,20.35897721682812,19.66136366874113,6.980652166013313,18
312.4285714285714,54.22070140785198,19.969202401239905,20.812056600879476,6.986718541349633,18
312.5,53.1664134739227,20.798982620325617,19.472854596100877,7.311886115525991,18
312.57142857142856,48.71477375176742,19.57112938940438,18.07464542503217,6.912086498865693,18
312.6428571428571,45.21813397616408,16.332482681662313,18.49761444345686,6.038280635477455,18
312.7142857142857,37.72097408175643,16.197550471616537,14.112661474557488,5.76952048082855,18
312.7857142857143,39.610338491238956,16.84857482007311,15.030283536509273,5.982012300132176,18
312.85714285714283,39.490531332351885,16.49843105858278,14.624402754537178,5.854575612863737,18
312.9285714285714,30.482656413061903,11.933691708473559,11.409643028667936,3.924790691320414,18
313.0,35.02824921009446,14.109984712169672,13.186522749754813,4.647979640973165,18
313.07142857142856,33.68085713506275,14.422004012703217,12.567337046951296,4.773575271592037,18
313.1428571428571,33.44812877089197,13.83686091445347,12.522522992486989,4.5898537160377915,18
313.2142857142857,35.195359852721204,11.999106733373264,13.146073834804222,3.913443943798511,18
313.2857142857143,36.91368040251608,10.409911304189858,17.245104373259146,5.808977675123669,18
313.35714285714283,32.76488298997099,10.122840325862601,14.964501414843623,4.734691805940838,18
313.4285714285714,34.484723689920436,10.365142787208933,15.686614848587428,4.850691063023287,18
313.5,42.824377401634486,13.76551085380982,20.534032386431235,7.82237521102287,18
313.57142857142856,37.62161336174357,14.059896019090486,17.34942503849269,6.156748560827195,18
313.6428571428571,42.266896182441805,16.11629314019175,19.49852236772544,6.979769664424291,18
313.7142857142857,37.38159221987191,14.211068648096779,17.21429995642282,6.187266610518527,18
313.7857142857143,48.019610268813686,18.489133978471735,20.012948452678838,7.071458301295054,18
313.85714285714283,50.19538373265077,17.382148870396758,21.995686404111904,7.484876903663693,18
313.9285714285714,50.32349475894108,15.940952336827245,22.031165214918413,6.8934956324926455,18
314.0,51.02427539770489,14.02791973608783,21.28083787759223,5.426305142786517,18
314.07142857142856,48.28565506722192,12.956581281506132,19.918810354330024,4.9270489292834405,18
314.1428571428571,48.2399522153171,11.775609990191514,20.00092571865567,4.477667983018714,18
314.2142857142857,47.41823849018711,11.793728814257419,19.684821655254094,4.2847861364916255,18
314.2857142857143,48.03408542104845,10.013923493577126,20.6421942291491,4.357029419718381,18
314.35714285714283,47.60823156470327,13.050551042551442,19.35010460323706,4.721207545654136,18
314.4285714285714,50.55854564080774,13.654660483915505,20.271784745833475,4.8671984717201635,18
314.5,54.28204632330435,14.59634276588859,22.58348973106303,5.638842957467991,18
314.57142857142856,60.805408997738596,17.447489694070182,24.270018400622345,5.846417320866056,18
314.6428571428571,68.38440347282345,18.072473764924197,26.595758786616997,5.955716476711846,18
314.7142857142857,66.20651279363425,18.732869305392,25.992641130985277,6.0996476716919945,18
314.7857142857143,71.36571641386504,20.658908564597997,27.712374418215365,6.556779592272154,18
314.85714285714283,74.90428712733959,22.532335241139187,29.708885820633785,7.7878144531072255,18
314.9285714285714,81.31214994789876,24.989880482991385,32.55737618720675,9.046766073581539,18
315.0,70.59701863833885,20.50611550858874,28.88633008967987,7.882844450441203,18
315.07142857142856,66.00695741754444,19.395297845919554,24.120942531509726,6.152981978252729,18
315.1428571428571,53.077060702181775,17.92228812554343,19.228179679163354,5.772172996169665,18
315.2142857142857,52.7847201794602,17.151300453872345,19.112420215337554,5.57901832859134,18
315.2857142857143,57.38026076700064,16.73482283101939,20.954337474657887,5.461722898231238,18
315.35714285714283,55.94109087258876,16.324017576855404,20.59191210547678,5.352962934467604,18
315.4285714285714,55.8281603213814,16.543376200084996,20.954530545210268,5.552660629025907,18
315.5,61.00927281595329,20.357301663504703,22.138497876702065,7.03026855548602,18
315.57142857142856,69.37795128957019,21.93638347088158,29.49886307322582,9.477439861162189,18
315.6428571428571,72.76183879252947,22.92594859555278,31.37436415615976,10.03473326669223,18
315.7142857142857,71.946735812323,21.988587259507177,31.067848870290398,9.734509721221064,18
315.7857142857143,65.51424205838575,18.48552757535456,27.887482610240976,8.060271616574935,18
315.85714285714283,60.280722782923156,17.06829129060125,25.983854131028938,7.4162395077628025,18
315.9285714285714,59.89361380359345,18.989390656959117,25.308488129439816,7.619132475250265,18
316.0,60.17670991976275,21.528949451515384,24.244719283585493,7.746809688009029,18
316.07142857142856,50.23225750169277,15.893033746486614,21.184829341969028,6.343783837264952,18
316.1428571428571,49.47544119710809,13.349051520176722,23.39822123602979,7.847233105599262,18
316.2142857142857,49.199744472591014,14.320669687436025,24.038180768290577,9.21384513908149,18
316.2857142857143,49.586554498757685,15.459024331225379,24.528907255700457,9.63221759778526,18
316.35714285714283,52.84243496614048,17.55963639753402,24.118543272082555,8.352426883145663,18
316.4285714285714,49.58743416246552,16.67783696460831,18.482073230964254,5.875330091113677,18
316.5,55.222373102417976,14.389268299490194,21.107472722994125,5.101983895175517,18
316.57142857142856,56.91610279308248,17.95243121498874,21.928890072017442,6.315185288639502,18
316.6428571428571,65.03789133122709,22.30277672340139,24.638645969248575,7.843470006918229,18
316.7142857142857,63.53060164536044,24.42535271247463,23.876431761546392,8.718264037000106,18
316.7857142857143,65.84508910954922,23.73582622318697,24.94676322412436,8.354681388773217,18
316.85714285714283,57.91314939418236,18.770828609688863,21.88118606729154,6.64778906035969,18
316.9285714285714,62.62912247058356,19.18456107466601,23.620013849604298,6.742983081721175,18
317.0,66.53148158849609,21.870831045566053,24.736108934342028,7.686252949746205,18
317.07142857142856,67.41765902830193,25.64159208915895,24.853548386668322,9.081145826503178,18
317.1428571428571,62.29501195095584,22.80513741832133,22.828924286569656,8.032722111384377,18
317.2142857142857,53.53794572976168,20.69111949031065,19.643936847720934,7.200125186578478,18
317.2857142857143,51.30542943798444,21.157013087808018,18.57188050449687,7.424859418753119,18
317.35714285714283,62.04183085147256,22.344981020396578,22.023595469190433,7.869867874863243,18
317.4285714285714,66.40325756833441,25.74184853794109,24.21956341333762,9.156253992000375,18
317.5,49.80270734014161,23.98455485752169,18.509096429766547,8.546115886319326,18
317.57142857142856,50.96611254082905,16.97619465150184,19.280230576554974,5.974978530820812,18
317.6428571428571,46.964393839776704,13.259795175673943,18.09049165140995,4.64845391640984,18
317.7142857142857,45.998906425959674,16.16224034968315,18.011267200366714,5.8374317211193985,18
317.7857142857143,54.5613313262447,22.874258567736696,21.321219706997184,8.265567225051587,18
317.85714285714283,64.94659309640316,28.94359435432614,25.272605703071225,10.504328284871994,18
317.9285714285714,58.68695906664796,22.880718683430388,22.869819753265862,8.352728783869873,18
318.0,49.12722546668943,17.60360724645024,19.28809475875874,6.4740490816854095,18
318.07142857142856,51.140097123237034,20.132746921612476,19.958442531486778,7.347079571057915,18
318.1428571428571,55.679211088220605,23.6346809137858,21.53469148645472,8.539346103098698,18
318.2142857142857,51.39064192111699,21.753501438205223,20.281267827751012,7.884730047497056,18
318.2857142857143,41.7910559477838,18.549762745022605,16.873714523033048,6.924626068942359,18
318.35714285714283,54.262247159660035,17.733915253165865,20.736382272294627,6.193553414305073,18
318.4285714285714,49.456222296126306,16.831848066634116,19.035477186341755,5.977486171525686,18
318.5,53.83644831664202,17.106729806608087,20.672342164672653,6.176505716588806,18
318.57142857142856,57.629717018613,20.640882638309716,22.048184908341398,7.314918368102948,18
318.6428571428571,53.233334527395456,20.417288581329633,20.23472841788322,7.259201894246138,18
318.7142857142857,45.00491646126322,16.753176022348104,17.142613731978084,5.922116516859,18
318.7857142857143,42.575826215641605,12.637970195173505,16.45521602380686,4.3838342858102175,18
318.85714285714283,43.05860316712178,14.472203843761736,16.439341517111888,5.083309745860074,18
318.9285714285714,42.98606621362186,15.614747144680756,16.726056429878067,5.553279310996091,18
319.0,43.95056388710437,15.796313180791852,16.96041647744645,5.576861635073595,18
319.07142857142856,46.053997313077375,16.13827056874246,17.529440603597457,5.674861147860228,18
319.1428571428571,50.967251746268126,18.547578746362845,19.21786499371452,6.440677915708965,18
319.2142857142857,51.50878752547283,17.97209812816964,19.075945696550185,6.227696027464481,18
319.2857142857143,55.41243237438552,22.62509368545786,20.20533457430708,7.885339549983225,18
319.35714285714283,66.00583569193192,26.952042903977215,23.68019842834313,9.37545648689539,18
319.4285714285714,64.52734551981354,25.692405175563152,23.298715910016035,8.867927224629819,18
319.5,57.34715518046521,21.40363045776707,20.746770080607043,7.186481956103652,18
319.57142857142856,49.19833589581292,18.089398147793023,17.96582820542556,5.85613125791799,18
319.6428571428571,53.491191370002404,17.86622413950118,22.975119318261513,7.228520461688639,18
319.7142857142857,52.65088085979685,17.753656679161292,22.5769666418706,6.974270085163809,18
319.7857142857143,57.271160353286064,18.0124697634177,24.60387679687001,7.294670926856812,18
319.85714285714283,55.77956018209348,17.672982150232553,23.864258777662183,7.080620476351516,18
319.9285714285714,58.01930539171283,16.02773361300677,24.402651413948092,6.248683023673229,18
320.0,61.247233963590986,17.044599714311822,25.922501015536582,6.561485048943278,18
320.07142857142856,68.50461119633248,21.529688803763385,29.14903546529054,8.097666500893377,18
320.1428571428571,68.45007637868193,25.751414967349692,28.762724767397497,9.550207249004066,18
320.2142857142857,66.22363250874214,23.247665398056363,27.430780157178184,8.638751535280885,18
320.2857142857143,63.825047119229204,17.818000103544623,27.110766803751382,6.958012008629285,18
320.35714285714283,59.14410075957985,14.849433925957138,25.04691522891443,5.934656920579729,18
320.4285714285714,63.192852149125606,17.270221671493804,26.376198208914616,6.54463659291784,18
320.5,64.12456755322931,18.27074892446649,25.91274732756803,6.606523651488603,18
320.57142857142856,66.98115999884655,17.72588655478881,28.563445340757337,7.148915422766433,18
320.6428571428571,62.20026746584992,15.481733552662337,26.583632491856484,6.484275179536102,18
320.7142857142857,64.33373914558452,15.37204235460925,28.02999589283098,7.182358389058789,18
320.7857142857143,68.02916383962331,18.698182001427195,28.983525614614614,8.219327860571127,18
320.85714285714283,68.58518249432232,22.11969437616794,25.392869023397726,7.8114444186733385,18
320.9285714285714,73.43582794833384,24.714095185706487,27.33410265906641,8.798515880309727,18
321.0,52.721262542301304,23.20307462380415,19.442041446672846,8.204313228224798,18
321.07142857142856,57.54098814986507,17.991365764308057,25.59521333374623,9.05357117171232,18
321.1428571428571,44.57971756521996,15.576935103935362,16.625439157893272,5.444547109398369,18
321.2142857142857,50.66953441958324,18.0945047204488,18.68964056370714,6.372582067368599,18
321.2857142857143,46.889013858637696,18.13295048738253,17.445055434396302,6.433149173378606,18
321.35714285714283,36.43651003864482,15.745086920855046,13.822218670371704,5.624075487764261,18
321.4285714285714,33.51599142289838,11.272158297127154,12.997930072586474,4.083633303254797,18
321.5,38.460290899484804,11.050165986138998,14.848897303622437,4.059909220755961,18
321.57142857142856,49.94446444840431,15.306831276201594,18.93175561883073,5.381209969493033,18
321.6428571428571,55.3361729181699,19.048384302318457,21.257774733771125,6.751083534018033,18
321.7142857142857,46.6660081384121,19.57092386374324,18.45003965374621,7.2811606437878815,18
321.7857142857143,44.43796866439673,16.62991028707013,17.68727940345888,6.2028847814967145,18
321.85714285714283,44.82514569550148,18.467844931192367,18.06172411167248,6.900826915938342,18
321.9285714285714,40.31751268104924,15.779535268093063,16.744354273821692,6.095047693575682,18
322.0,46.97313396639335,17.570407954249493,23.83215808050278,9.708863926377555,18
322.07142857142856,46.2757210597389,16.35315067610533,23.274828345074575,9.033237398528794,18
322.1428571428571,45.04426997351246,14.050194598464563,20.13944524166457,6.115632668449162,18
322.2142857142857,44.74500459230497,13.636201126499405,20.227206683290856,5.98800133314888,18
322.2857142857143,61.41963129914671,19.665369459314455,27.287965110758872,8.365660900985885,18
322.35714285714283,48.68370644390565,16.486648156362783,23.915312818437194,8.280297868411703,18
322.4285714285714,61.74422354761629,22.465905295301898,28.79699818084928,10.557422656988372,18
322.5,51.98936176510605,24.084912110088172,20.45161119371465,8.754879219246277,18
322.57142857142856,49.78497116201005,22.075267359449867,19.53758112039223,8.009953083206964,18
322.6428571428571,46.89135614414096,15.911348767195287,21.643767286292256,7.245058706906204,18
322.7142857142857,41.08959850982636,10.659125475404586,20.025796759851843,6.328715386508891,18
322.7857142857143,52.818273423564584,12.376052588319515,23.789390101121384,6.9903202649454,18
322.85714285714283,56.9881339977392,15.296767053270703,26.665423551902798,9.541849004981552,18
322.9285714285714,63.7684889249521,18.47180768561165,29.09451451346669,10.265335282570739,18
323.0,63.45049512762668,18.486187432220916,29.124213416213884,10.56500483039632,18
323.07142857142856,64.39023593002347,18.754242200104223,29.39359224598537,10.890470086277546,18
323.1428571428571,60.328215130296904,19.56507324340481,28.76725502044347,11.776148604418534,18
323.2142857142857,67.32373583951747,21.407105348314115,29.250302391729804,10.341422737787555,18
323.2857142857143,64.98030697903717,21.162926552873042,29.023125077232812,9.975471172345166,18
323.35714285714283,65.34884555004447,18.313526931718684,28.98495389950899,8.865939301425371,18
323.4285714285714,54.45501230270465,14.962366488523825,24.64797770878626,8.346528457930825,18
323.5,48.97629323022782,11.7045073350034,23.062078802321402,6.912364510179439,18
323.57142857142856,53.049602485728876,16.633489234689083,20.898058790701608,5.994789217198073,18
323.6428571428571,58.58993867129702,20.012423607299386,22.526038896134814,7.1517058966214995,18
323.7142857142857,57.48653065300789,19.793318151754995,22.03652684988108,7.076652408500238,18
323.7857142857143,58.86763448091228,17.933246929596276,22.835405618073853,6.32478309617649,18
323.85714285714283,54.82909916974413,17.16480837832309,21.049488467941842,5.950504666808436,18
323.9285714285714,56.82188943969107,17.80419019448177,21.958674253607633,6.1226807623458495,18
324.0,63.27031728355529,18.738449256904218,23.988212487499524,6.53120176303613,18
324.07142857142856,67.77241262568809,19.982658343579825,25.98538913515214,6.944679547925129,18
324.1428571428571,68.57768192745264,22.917670774258866,26.30312156670033,7.982883573396085,18
324.2142857142857,66.43846059120253,21.629810098164874,25.71943966516121,7.6912133362405175,18
324.2857142857143,53.60563620177856,21.652832747615765,21.728972372704984,8.232562700064538,18
324.35714285714283,67.61896864866905,26.63132420598453,26.290054493782783,9.722840016003163,18
324.4285714285714,61.05498187357062,25.146414040197968,23.44232466469225,9.031377084164813,18
324.5,54.861542966331385,22.40435985177127,21.331922902928323,8.107357453544022,18
324.57142857142856,45.614513452898244,17.312118118863815,17.870046120506895,6.224634651495262,18
324.6428571428571,38.78381153658635,12.02216081398647,15.562901403971352,4.585115138584324,18
324.7142857142857,35.349759000370646,9.899275433364249,13.918031409969974,3.5632719123988035,18
324.7857142857143,40.78086376669279,13.268949818252855,16.078320205226056,4.717422171143562,18
324.85714285714283,44.30331887250837,14.421717149502658,17.40702760764623,5.151459280106313,18
324.9285714285714,41.28781400162326,12.728956721857768,19.547904841517827,6.258665078900137,18
325.0,36.96916427505553,10.41834619762303,17.28472393355918,5.101215208047993,18
325.07142857142856,39.29398823513471,9.508986776348706,17.93143917985411,4.4145058623671725,18
325.1428571428571,44.168294369359025,12.21499931680479,19.856244228257356,4.926591821268195,18
325.2142857142857,48.44376624107605,14.691098295147974,20.506378820768013,5.388511585512567,18
325.2857142857143,52.78535929033204,17.134620129224626,22.044888206461014,6.0428518805827265,18
325.35714285714283,65.1867106863066,18.659925207556558,28.607060946536958,7.603236481005997,18
325.4285714285714,71.05378702746941,20.184696752591627,31.929133788342437,9.111289179213015,18
325.5,77.08477040101491,21.890904571545715,35.84790702000676,11.399644016930393,18
325.57142857142856,85.93281445333797,23.8350208281748,46.03630924676394,14.792338384503337,18
325.6428571428571,86.39832008729125,26.691485282720578,39.93029320672744,12.885982608240955,18
325.7142857142857,90.37648476824123,28.58875208435419,43.049941783976855,15.193750681738617,18
325.7857142857143,90.25688642819425,27.49324025461201,43.658226648259735,15.844277177718686,18
325.85714285714283,78.37718023215506,22.828605072955376,37.57467535723138,13.17281475434739,18
325.9285714285714,62.09976073086319,20.13254459948179,24.279901697624904,6.943016204661644,18
326.0,62.872853014099384,19.43399897988609,24.48719119439657,6.733541373752758,18
326.07142857142856,57.492062270069646,18.72871514250168,22.640560941280064,6.640116192732794,18
326.1428571428571,49.178373062473504,15.768956551680354,20.139100118215712,5.815106405677749,18
326.2142857142857,42.687287598198544,13.175482059810658,17.548608073593005,4.9872950077339535,18
326.2857142857143,42.94018482983202,12.100732782475383,17.18463920383584,4.471719108089737,18
326.35714285714283,45.94120753237,15.497706572000792,18.264699872987308,5.451008138619171,18
326.4285714285714,52.547609242913,18.385535552010367,20.74008421820408,6.41653285150378,18
326.5,50.57065272014537,19.017428910978023,20.094821136600743,6.472808707652641,18
326.57142857142856,39.34015739558817,12.882508275192667,16.48166699397184,4.822003173009681,18
326.6428571428571,60.74080230392606,23.379699200350082,23.069606436899164,7.626323242416687,18
326.7142857142857,65.16440165459235,23.495959398123862,26.843853753850915,8.192159439721427,18
326.7857142857143,70.87534364726162,28.735385608283035,26.129113086514003,9.576113383941818,18
326.85714285714283,72.535772332189,29.354118608893312,26.730867804967094,9.758097248947381,18
326.9285714285714,68.69926010640822,26.61131644667854,25.375309903253804,8.60995719820222,18
327.0,64.41305457215843,24.099756477229555,23.871195942388304,7.729404857411984,18
327.07142857142856,63.067087732999575,23.27753343006976,23.982942912605925,7.480750219722906,18
327.1428571428571,53.753765700711966,19.54453942751649,20.167821865143768,6.354835812473597,18
327.2142857142857,60.99587023734223,20.50507979882773,22.995185277622266,6.698033643743173,18
327.2857142857143,41.33194011535291,15.93926983848066,15.553060827385151,5.3556624810623585,18
327.35714285714283,39.33553999312722,12.19438457058328,15.421273649233449,4.079013726055698,18
327.4285714285714,37.39728247877047,9.722262670928611,15.41028246218043,3.662185866628408,18
327.5,36.93875621430676,9.194450453985427,16.168269580838913,4.272844196830321,18
327.57142857142856,36.61428319894589,8.790021343324392,16.731930436629813,4.687218352255533,18
327.6428571428571,61.91657478155917,17.457009471662193,34.176347318530674,14.360297319517342,18
327.7142857142857,73.94962507485229,20.019447418693975,39.98872745926509,16.230443670093937,18
327.7857142857143,77.46979644060443,21.51862510014667,42.793375874311714,17.433208620693083,18
327.85714285714283,71.41944274576403,19.142551837905746,38.82804911910601,15.582373483633585,18
327.9285714285714,69.39177974390257,17.61294890250401,36.779320183310084,13.905550969039489,18
328.0,74.92591937001599,18.690398694263376,39.21156770345707,14.309068888633279,18
328.07142857142856,74.42724665530693,17.1563753789756,38.84026115312893,13.22938935096876,18
328.1428571428571,73.9625172005938,18.538122125136297,37.46002430468376,13.71891281668974,18
328.2142857142857,75.49251817800797,19.04493617860605,37.63795536164673,13.255270525274051,18
328.2857142857143,80.40419821628862,18.1545792623936,39.80414397368058,11.1216516097427,18
328.35714285714283,82.58723275453407,18.708729443436514,40.16211368665916,10.772667310954663,18
328.4285714285714,87.07920578944275,19.844205689279274,42.906146595465316,11.852758830526431,18
328.5,86.87749681994471,21.493869993575558,43.99670562613463,13.354944657383388,18
328.57142857142856,88.92435397304027,23.73346517451684,47.28098691324616,16.12479137531139,18
328.6428571428571,84.0987283084429,23.832459242226463,45.03111069569547,16.11332746587815,18
328.7142857142857,84.28377780201717,24.603498383008002,46.01405505322123,16.905390476142777,18
328.7857142857143,81.23958980595525,23.96113616667101,44.03166789432685,16.275071551234344,18
328.85714285714283,75.66549579499133,23.948969230355566,41.74761275270234,16.237277982403334,18
328.9285714285714,72.58889305532323,21.531523317164684,39.99481378931527,14.818738787681271,18
329.0,70.39665619580066,19.24563189666284,37.829776439665366,13.249420473640972,18
329.07142857142856,65.62588676149021,18.013889838898105,35.069713695225225,12.263681685706747,18
329.1428571428571,62.982846798992306,15.281740149772716,33.242090645005234,10.428301976635467,18
329.2142857142857,62.79624490266455,15.508461308889318,30.861404988179856,10.20532569158655,18
329.2857142857143,61.891467192176044,15.93469039041249,30.854733989607567,10.562792463416649,18
329.35714285714283,61.476686923388755,15.786377347080796,30.06615878972735,9.930589665414345,18
329.4285714285714,60.753859962055145,16.426682989874564,29.540525924752618,9.618957169839241,18
329.5,61.66267155935865,16.290442182016687,29.27877248842872,9.295493460341087,18
329.57142857142856,58.03601993320644,16.659581989368654,27.642068612408476,8.955624236814183,18
329.6428571428571,60.077786391936804,17.262453993646297,28.06885524710906,8.730375004271881,18
329.7142857142857,59.10157249084635,17.303151582842354,27.40018981980568,8.554308262531528,18
329.7857142857143,57.298046288127836,17.839510098082307,26.901163636135152,9.02604278484726,18
329.85714285714283,51.28188624550028,16.31022346363808,24.352698472280792,8.284337560869663,18
329.9285714285714,46.38905395002557,14.05114653243509,22.366077850038188,7.621149747652249,18
330.0,42.07122479249632,11.845982439376426,20.20868912493649,6.725572088206313,18
330.07142857142856,37.06007822103371,8.909916435606856,16.737326737918057,4.397128102014299,18
330.1428571428571,31.08442220815044,7.505474034619663,11.993597550482194,2.841540830983573,18
330.2142857142857,28.471577464016626,7.3140298389766984,11.628185318262954,2.6772196757295705,18
330.2857142857143,25.557294117196175,7.573228660636328,10.693449908229802,2.721784740327639,18
330.35714285714283,31.006604731926824,8.742514655868204,12.636844577349246,3.2361085479714538,18
330.4285714285714,34.22633966010426,9.86358058142362,15.275751126488561,5.074670578157089,18
330.5,36.58390983584587,10.45929348748957,15.546390951387943,4.297046621117888,18
330.57142857142856,40.265055867642246,10.61983745744042,17.28564646005304,4.727325751803053,18
330.6428571428571,46.8076776507511,12.454210118734569,20.23133208460958,5.97138887824644,18
330.7142857142857,60.949568663839436,21.381707894102682,24.142665457808324,8.020282775990223,18
330.7857142857143,59.189131303293735,19.037234046919068,23.854918315119424,7.185338987933731,18
330.85714285714283,53.938293665631804,13.133375554835144,24.29510163237727,5.841269592427423,18
330.9285714285714,42.18121637871289,9.710319716900644,17.90585814107235,4.47773837219884,18
331.0,46.10593199767241,11.447921624801333,21.243935710962297,6.907285339097876,18
331.07142857142856,49.54730831593756,12.099644283303759,24.05592723069695,6.550104695087023,18
331.1428571428571,47.589673454310486,15.39416907196012,21.604627120388834,7.408173682074094,18
331.2142857142857,41.74821561998973,15.876759173217378,16.957870617868014,5.834037209545121,18
331.2857142857143,55.09274474563391,17.416386620380223,26.84605256946363,9.999944924364689,18
331.35714285714283,59.7789753680619,20.064326497295205,28.538187171703115,11.262781965631687,18
331.4285714285714,65.56197165579788,19.241239370405488,33.28315493370162,11.666772183926481,18
331.5,39.13742217431878,9.588069518726659,15.966680095086684,4.3189814130471,18
331.57142857142856,43.85293849169516,13.871171399088658,24.770923724994887,11.153473388355147,18
331.6428571428571,45.22413272948837,14.754275094419995,25.778627885648064,11.802280365459145,18
331.7142857142857,44.62679134974827,14.478763729320685,24.442290342438515,11.593252027377245,18
331.7857142857143,43.60234606542097,14.319218733758165,23.60177683232674,10.97579702748001,18
331.85714285714283,43.35454216682267,13.242168808263418,22.495135353541748,9.467444960409763,18
331.9285714285714,40.83892213428898,11.635361164641917,20.68361036788278,7.736495545912805,18
332.0,40.112629817879906,9.882343135965414,19.68049234618248,6.436488466949174,18
332.07142857142856,36.635261666969875,9.270532981347763,17.60978121811138,5.295227944494805,18
332.1428571428571,30.68043547515186,6.844631882778043,14.179921064592808,3.70249070423195,18
332.2142857142857,36.110706428635375,8.743560536512568,18.514291994060443,5.95925788431663,18
332.2857142857143,37.02210489706196,8.685926297180565,19.85262694601888,6.464563114683229,18
332.35714285714283,37.32225320879958,9.55969502375369,19.82712656370473,6.770791181604267,18
332.4285714285714,40.74100554947889,11.579803002559732,22.063510733360676,8.186169018660193,18
332.5,43.596523993863954,11.861823106504382,19.729100920823573,5.138613078518283,18
332.57142857142856,44.148281520224316,10.78724749486325,19.804483283551995,4.754193722959049,18
332.6428571428571,39.87383359708427,10.404422248648453,17.252520535121523,4.017418451116618,18
332.7142857142857,40.70705226884376,11.949616311947926,16.33157917413986,4.386974556615974,18
332.7857142857143,43.536255435510775,13.669006264284905,17.339387420829897,4.999897082696102,18
332.85714285714283,45.2508057494945,14.562430416370523,17.833337122531706,5.166062233252431,18
332.9285714285714,47.57060111381188,17.191490055871743,18.745010942956196,6.063618910222574,18
333.0,48.50523756930427,17.764158664501146,18.957474140030147,6.264053774692182,18
333.07142857142856,49.92066647898659,20.162322688630862,19.110664557309097,7.1544541661182475,18
333.1428571428571,54.110647537021,21.77515750051657,21.014404147360104,7.752331080786213,18
333.2142857142857,56.682410409144936,21.849200344877453,23.61046030518763,8.341553241192496,18
333.2857142857143,57.17458108606913,20.127005697540536,24.89204965713637,8.49857647854513,18
333.35714285714283,53.36028207555216,16.750783869957285,25.075900985128037,9.427719152902585,18
333.4285714285714,54.688223405980715,18.571505169715152,25.683319510636615,10.31324388406718,18
333.5,57.88929754298185,21.220001456609438,27.258575582481484,11.750679908594432,18
333.57142857142856,56.18151464808084,17.125587722564454,27.53850506211877,10.097038593626479,18
333.6428571428571,53.45493646962011,15.240207198861974,26.476790540480756,9.468232040494318,18
333.7142857142857,53.26841252891505,14.155239776751545,27.472694957928773,9.82649879740289,18
333.7857142857143,44.62213377515559,12.021288744511148,19.400217968920334,6.47027763719754,18
333.85714285714283,50.59378531567745,13.429721382606068,25.580094109262664,8.605386879606709,18
333.9285714285714,45.76140795461164,14.109158751152613,21.9325904817589,9.12269543888192,18
334.0,57.039363813755585,16.234977180435635,28.890440008683704,10.322188028058912,18
334.07142857142856,48.58254659937822,15.258125042710212,22.967247633765894,8.937069058589643,18
334.1428571428571,48.44464786866657,15.339964809867947,22.174646749675286,8.0207461007182,18
334.2142857142857,50.628463249179696,17.384506365346127,21.82205706511619,7.457180318990872,18
334.2857142857143,46.419257341542114,17.62530155071032,18.84179695820085,6.6292507217659296,18
334.35714285714283,42.14033243124565,16.6733817307317,17.26623325972515,6.243350464510268,18
334.4285714285714,34.67835630843384,12.176406429112884,13.473970234590071,4.273146983781579,18
334.5,27.08751764118379,8.161560875372164,10.36004356286871,2.7697436748571755,18
334.57142857142856,28.924268000768244,9.728633412403937,12.192660424177314,3.9333904342172836,18
334.6428571428571,34.94279399942714,12.153977427615912,15.600279043618304,5.5898421160807255,18
334.7142857142857,39.47127655239152,14.113608081017526,17.93635167350072,6.842351094995617,18
334.7857142857143,42.95995121655734,15.102254206195019,19.794500824074003,7.7325973541044775,18
334.85714285714283,44.071082859835485,15.86039049051328,20.509492029616148,8.50131590562181,18
334.9285714285714,36.87710368012372,15.229113041858511,13.257937676248492,5.360062823101905,18
335.0,38.186016908224715,15.025363578484217,13.949449607967507,5.258486840417121,18
335.07142857142856,40.49390031322047,15.611021761553582,14.735937434214195,5.433139602897532,18
335.1428571428571,40.16877531949152,15.040983992039585,14.674909186414997,5.223555414789944,18
335.2142857142857,53.47858914891325,18.172104257454436,19.214263713525497,6.204347940044745,18
335.2857142857143,53.27153221883737,18.60728498022914,18.927947438357673,6.325268458850119,18
335.35714285714283,64.00977714215252,21.93602026769978,31.398317887125376,14.947613545364984,18
335.4285714285714,62.463001420740376,20.24375300981128,29.447934381853816,12.490535721132767,18
335.5,64.77581880726774,20.06147557272789,28.86071438372249,10.735499149028069,18
335.57142857142856,63.33906214039016,20.813299505838675,27.328746070106288,9.799661128607688,18
335.6428571428571,64.49961174807326,21.09608342385303,26.710535478016293,8.836696108447942,18
335.7142857142857,57.56037493095511,20.5310941031823,22.654339312068494,7.607899459279986,18
335.7857142857143,64.6367984449313,20.128273939013972,27.7634370131039,8.226860099153564,18
335.85714285714283,54.46465016312001,18.99795709070143,22.063127690735357,7.498569154866555,18
335.9285714285714,57.268074366005315,18.410280578778586,23.862845809000877,7.25166689891142,18
336.0,76.69467926579856,21.23974293673017,37.633703590520255,13.145812022535287,18
336.07142857142856,73.81487291904197,20.763382254412495,36.23420161494403,13.9667267615364,18
336.1428571428571,58.5161526998446,15.42475422300627,23.10829884119471,5.566201203354699,18
336.2142857142857,74.09060632820383,23.466884783459236,38.30046635008793,18.27713035541586,18
336.2857142857143,74.38114161946578,20.935986178025985,36.76895822975903,15.556801031038926,18
336.35714285714283,74.23440270486715,20.351216330063455,35.804830259091936,13.905083845485724,18
336.4285714285714,71.62518687093471,19.211601059657603,33.32176625768482,11.40326090220126,18
336.5,61.48107245485011,17.217129230939346,27.1259418699026,7.92729480177303,18
336.57142857142856,54.77541378678546,16.643556916217545,24.116408189622472,7.3086124693868,18
336.6428571428571,67.35568152240958,22.285455752726232,33.618238983716296,13.465342281802268,18
336.7142857142857,55.40989514195609,18.591698187089793,27.050684457766625,9.54921947580115,18
336.7857142857143,56.53465080556447,17.642509558615306,25.378102161729053,8.043345526705544,18
336.85714285714283,53.02542360799883,15.487104419441373,24.909982264924935,7.43155701008462,18
336.9285714285714,51.63158665377529,14.131333248708113,25.464228374124858,8.60870292907202,18
337.0,42.7554021138882,9.697433952170936,20.227835788439428,6.084823908097937,18
337.07142857142856,41.532462210446326,11.386674862353605,18.408547012070958,4.760750442990381,18
337.1428571428571,47.442412377545566,18.45725006372061,20.774476312269176,7.151847233490731,18
337.2142857142857,48.24170511488709,16.23690798630114,21.841582006992482,6.80135997176405,18
337.2857142857143,47.57266427262733,15.133193976667304,22.68798248203606,7.272248063768332,18
337.35714285714283,46.55475682392941,13.701629882280773,22.70637914050136,7.180732757553192,18
337.4285714285714,46.988218949379856,11.659149818458014,23.493920903349306,7.338214317091475,18
337.5,44.64916922198271,11.119726955491227,21.650688368483543,6.4086448149700095,18
337.57142857142856,46.89974554222863,12.692448008734562,21.745138837883992,6.256981684658082,18
337.6428571428571,45.703906477904255,12.504460507588144,19.259528994697924,5.284230846974753,18
337.7142857142857,47.75428043080872,11.910146803244427,21.23979011192853,6.210256910692185,18
337.7857142857143,69.24994648272654,28.133469889462248,44.68269232231648,26.444400153706777,18
337.85714285714283,66.64428834687521,17.361117351495366,36.68752011693331,14.31771695968194,18
337.9285714285714,61.97943975964564,16.40184028301867,28.026361269871316,7.814112519117835,18
338.0,57.15257737417454,16.110004579511266,25.476690474917664,7.240274706776527,18
338.07142857142856,55.68467564388402,15.062487577314636,25.385655261321546,7.078673416716116,18
338.1428571428571,55.6361367276818,15.46262764889479,25.25051819544095,7.093156962287399,18
338.2142857142857,52.79294313733698,15.343494401569025,23.738711846907837,6.879493330329832,18
338.2857142857143,49.43542843540946,15.511903485479184,22.32569223873261,6.863420322108489,18
338.35714285714283,53.46626966996641,17.15237641818776,23.26796170523809,7.120957857784874,18
338.4285714285714,74.78439796700921,28.815731265254335,46.072076093493514,24.99374164649894,18
338.5,67.24701264562694,24.19032055678162,40.70468610629356,20.827804746152704,18
338.57142857142856,51.15062592221166,13.330079569579528,28.84399739842966,10.803003473377315,18
338.6428571428571,46.169769645345156,10.619666801576866,21.056983020055164,5.709867111031897,18
338.7142857142857,49.68587913424377,12.336447372613705,23.296609779989762,6.512057418417422,18
338.7857142857143,49.502389912534525,12.36691889334727,22.88796280456162,6.0562752150610075,18
338.85714285714283,54.80363317239463,12.840011382314481,24.63316505412098,6.046316845968984,18
338.9285714285714,51.51960228700999,14.696494977597565,22.505349412520857,6.594218011206167,18
339.0,55.83774098060139,16.08917256188007,25.04536778863919,6.919242139147359,18
339.07142857142856,55.16866126714923,15.349807868225737,24.70076503145925,6.630945182286366,18
339.1428571428571,57.64142589026714,16.455399588294075,25.751870358791773,7.2522044648344925,18
339.2142857142857,54.37381261143811,15.391598430709273,25.016870261807377,7.241762325995641,18
339.2857142857143,49.04679616610702,11.877543682629687,23.217256718681565,6.309596976059857,18
339.35714285714283,45.059169726066514,10.894824867572872,22.07183621351259,6.796673364993069,18
339.4285714285714,37.56686197003462,10.40217015715181,18.473967625101658,6.40763309111694,18
339.5,40.025161320314986,10.846780416995589,18.856550339509912,6.158357976301715,18
339.57142857142856,41.715646322265776,12.048651231422383,20.04271741191922,6.777968510173128,18
339.6428571428571,47.391470550963774,14.697721023443979,23.38352780752652,7.864231672012359,18
339.7142857142857,51.664187887222816,17.366585469333874,21.888136197372695,7.35365339332555,18
339.7857142857143,56.023001485612546,18.65288225617142,23.432774444323815,7.743639473176775,18
339.85714285714283,61.98671862307992,18.324830370946824,24.91329727114392,7.3661309685674095,18
339.9285714285714,62.77766058827481,17.690265247731332,25.476075862310285,7.077695199882151,18
340.0,51.10169138246215,13.695365027366625,22.004388397763258,6.7204277371721295,18
340.07142857142856,67.95957759092263,18.651996039998796,28.80273157010137,8.698869215271515,18
340.1428571428571,67.03067971318339,18.776011706205235,28.97911464107387,9.55806914180968,18
340.2142857142857,61.031232242342476,18.010963454262708,27.429382259669545,9.748389554377285,18
340.2857142857143,50.84566765982594,14.145774454152475,22.613839738298356,7.888149791539859,18
340.35714285714283,46.852130896814955,11.244521544240458,20.679096029052122,6.155721981920092,18
340.4285714285714,44.67397197231217,13.929964491499803,19.52149964227147,6.699959208623058,18
340.5,56.30447311210027,18.85338829186721,24.197170487134112,8.8305971790616,18
340.57142857142856,54.37289761959481,20.878305292958487,23.94310833686809,9.731665854890151,18
340.6428571428571,63.26240364969492,22.46742403318452,33.851409013522265,14.07880804320138,18
340.7142857142857,61.66770108645517,21.746762880199743,32.337758955640965,13.15391778482403,18
340.7857142857143,57.92161244904914,19.818823725289892,28.214162765962527,10.045267403094007,18
340.85714285714283,59.18119082686223,18.46150943159866,28.5224665840134,9.185618274802403,18
340.9285714285714,53.34862452179882,13.542619808310452,25.044695147960972,7.074566482376083,18
341.0,38.01866059378609,7.57629721871851,16.557043775168346,3.908269340744893,18
341.07142857142856,49.31969042415106,13.285331698680986,23.20744538574258,9.763013242440717,18
341.1428571428571,67.14830205639679,14.630036262045566,35.23206299741874,10.873923495660279,18
341.2142857142857,67.0068844705153,16.056809286586734,33.12593599162705,9.64012611210355,18
341.2857142857143,63.00967475360633,16.24609938604961,33.61028437134122,12.610599348685076,18
341.35714285714283,59.175213754204954,15.79993827614533,33.52717547492106,13.030183456258777,18
341.4285714285714,69.90399711335536,17.07132900890753,37.84618290835092,14.312133907787354,18
341.5,74.17630718704218,19.389725727301816,39.58626901855606,15.23142953495262,18
341.57142857142856,71.15097334737511,21.044517230768538,39.443057642084284,16.19573534918864,18
341.6428571428571,72.62433544413355,21.96358334416625,42.113201656585325,18.027136072704074,18
341.7142857142857,73.50558641761826,22.34950531493296,43.02756530465075,18.745574467362417,18
341.7857142857143,74.73502236621495,25.640588968152176,43.932675923133424,20.676594198600647,18
341.85714285714283,71.70672896453445,23.353922017490127,42.984156829248214,19.566387719664974,18
341.9285714285714,52.92965568054752,17.157648915076155,20.75021381341,6.506111655086711,18
342.0,46.81032952558666,14.408036238284176,18.863537799022044,5.593160894009335,18
342.07142857142856,36.53986526978756,9.216032047567083,14.399129767816602,3.885072383297854,18
342.1428571428571,30.488386850759923,7.911962155969065,12.907633189516421,4.499763487808931,18
342.2142857142857,37.57565191521245,8.983778538511324,16.416229726690997,5.33245878829374,18
342.2857142857143,44.20629418572668,12.952031060329922,19.75850517776573,6.887581171786072,18
342.35714285714283,44.8715460443036,16.22370317761021,19.580979757509763,8.032759910387794,18
342.4285714285714,49.71904574479582,16.79254745724584,21.58441059848338,8.405352557587637,18
342.5,76.14155427470038,29.285514879435425,44.080470759267364,23.39129536715506,18
342.57142857142856,72.15276417899913,25.310697970027757,40.006251654330434,19.150876151517537,18
342.6428571428571,70.67288034181547,25.45319266514781,38.54811896210247,18.02021461928023,18
342.7142857142857,77.94734210106053,25.6295520080287,42.02199735091648,17.35692484072533,18
342.7857142857143,75.52325213948572,24.408477366418563,40.041605663656746,16.369302210150476,18
342.85714285714283,74.03014589198604,21.966165631426247,38.35276832743332,14.570879124012393,18
342.9285714285714,67.1567807040687,15.82454970285056,34.14196373114293,9.982447942056684,18
343.0,56.38329479773734,13.618711689058582,28.19520612826147,7.813363112299787,18
343.07142857142856,68.7390063627581,16.19477948072535,34.83877936764799,8.494095059612425,18
343.1428571428571,82.49604532698609,22.341835695734495,40.666906977560515,11.898576657800282,18
343.2142857142857,80.01856786421119,20.974934990269322,42.60979895690082,12.139391379494015,18
343.2857142857143,74.56501438752528,19.61943533321947,37.45392354425207,11.645590425414934,18
343.35714285714283,75.95463718044262,22.536167338310545,40.20345039442376,14.725789492760434,18
343.4285714285714,74.34944847691378,21.022741720022513,39.95345360159445,13.90178588851085,18
343.5,78.98437280780969,20.731100233685158,44.5447697540691,14.024521501113018,18
343.57142857142856,76.5758574219053,19.81963321284548,40.508136944093266,11.704446442836241,18
343.6428571428571,71.34569704470817,21.008141041757472,36.43216636936344,11.067121621087342,18
343.7142857142857,71.12452023742752,20.825208336167726,37.08784625242106,12.436894850540064,18
343.7857142857143,55.06742332229605,14.69347031583356,27.84818781748887,10.038396457840824,18
343.85714285714283,54.938826712064255,15.907113977328157,28.848443757795692,12.194790953118158,18
343.9285714285714,54.16701729114768,18.34620898067695,28.835472517880152,14.05417191840891,18
344.0,57.93402824225797,19.140081410773398,30.828070072569755,13.7395230498938,18
344.07142857142856,56.71206991614558,19.544608956908917,30.570019236274863,14.49706964781804,18
344.1428571428571,53.635944678525036,18.281210317829753,29.27002735823761,13.671120643801576,18
344.2142857142857,54.77643126234923,14.909573868339127,28.982424887410456,10.807006411789237,18
344.2857142857143,59.79988190214657,15.600660310932048,31.98690722078787,11.2100676311644,18
344.35714285714283,62.358055797609836,15.798786901840046,33.81126667202727,11.585881415244486,18
344.4285714285714,64.04698361492908,14.871726776119768,35.032044517100694,11.128800056270935,18
344.5,59.208472530284595,13.16311398391387,32.31115927593119,9.970199660013368,18
344.57142857142856,50.91834416083626,12.749023657287216,25.466451437682487,8.708272920025857,18
344.6428571428571,54.93786093011984,13.000295786003434,32.108949920931764,11.221606625325524,18
344.7142857142857,61.11424676985924,16.177141092211755,35.98957655519322,13.19959083902687,18
344.7857142857143,64.16347296740851,16.508946526391256,36.23193867526403,12.197875275179078,18
344.85714285714283,63.899384048813026,15.652019124808723,36.40807832656434,12.18562110051199,18
344.9285714285714,62.8836396591594,13.884193695918118,35.89064740617484,10.602328729960098,18
345.0,64.78096826397004,13.284492753720981,36.542678458827474,10.165642233858659,18
345.07142857142856,65.4926275745567,14.799688060455495,37.94806885567823,11.244276242178813,18
345.1428571428571,68.14714206412799,15.155997964189595,39.52629320228468,11.958687671117767,18
345.2142857142857,67.54548636730517,15.4037021923527,38.83295183903107,11.686653446473798,18
345.2857142857143,63.49379398121534,13.768960615700538,35.88943388927923,10.53688590803009,18
345.35714285714283,57.97771908425014,13.473594585615013,34.65076867749098,10.728022248405885,18
345.4285714285714,54.568461681512446,12.009874095853238,32.71448771238743,10.327656104416656,18
345.5,50.66453385128235,12.651300349494763,32.10444681067972,11.968890993797327,18
345.57142857142856,34.06487458447127,9.65895216075697,19.795607514171934,7.901394411711666,18
345.6428571428571,41.048555093758424,11.718985689732447,23.572004665840026,8.826209204229498,18
345.7142857142857,39.213168703088854,11.225201882030998,21.733670629613933,7.993346416186399,18
345.7857142857143,43.68797852154688,12.108409749039971,22.524330900924504,7.7086739069447585,18
345.85714285714283,48.70704172366948,15.178448852029097,24.81963701684449,9.213019975973328,18
345.9285714285714,44.09793210529773,11.915092457169303,21.48816007683037,6.326105978052246,18
346.0,52.4503927822607,13.194406604238313,29.173117175153422,8.763417982753985,18
346.07142857142856,51.206790613030016,13.919979001637586,28.189888504811243,8.642459243111373,18
346.1428571428571,56.0306276822489,15.723252923431858,32.9379174915831,12.001766962220042,18
346.2142857142857,60.416770964167185,18.41684978507421,37.36155744054375,15.186562701081698,18
346.2857142857143,55.89380161464453,19.677917788810362,33.59123776072155,16.661904880240854,18
346.35714285714283,55.99047553888382,18.69019547580068,37.057831581775154,17.303420897250902,18
346.4285714285714,59.9168230819119,19.021049211929398,39.01969812184628,17.83288764260133,18
346.5,66.62972336914956,21.96431608898262,43.89065959373626,20.570249154287133,18
346.57142857142856,70.30819881277068,25.386918323058435,48.65769482903989,24.052499487405534,18
346.6428571428571,73.4675733733575,30.597698842500364,50.113619733967944,28.611248974324415,18
346.7142857142857,83.29818981001128,30.906633283234203,57.31702445846257,28.601528310927584,18
346.7857142857143,84.29726930694916,29.89686809962711,56.973168175491736,27.35473835205414,18
346.85714285714283,81.38390631021878,24.33386756511148,52.12849069439473,21.84326984917047,18
346.9285714285714,77.36098314380017,23.16774271389241,49.7659652040802,21.507171163946378,18
347.0,62.665359948706204,12.866738427819895,37.22722319499418,11.411466086016084,18
347.07142857142856,56.16894406442558,11.4122455609301,32.82470227426164,10.222921956503804,18
347.1428571428571,61.71320651281294,13.639556214870124,36.33545856145867,12.383776003189492,18
347.2142857142857,73.88521635252579,19.82694804953863,44.369033834575525,18.540669273433867,18
347.2857142857143,81.24887826649386,25.224139322095674,50.44527139102186,23.7369726610924,18
347.35714285714283,96.67757578732721,30.250533992616873,62.49271345647918,29.006385409838686,18
347.4285714285714,82.65309296905046,27.67637494632457,51.539578682728276,26.633899646181305,18
347.5,65.26263122925657,19.71896720981632,39.342387231611646,18.31920203922037,18
347.57142857142856,50.56768107044168,9.655933673969061,23.104645792700648,5.768564243470358,18
347.6428571428571,64.08797595645449,15.901879628534147,40.3220610050568,14.570225825036687,18
347.7142857142857,59.78383512791388,19.91363900452056,37.899656836246585,18.61112879912526,18
347.7857142857143,49.9002218825105,19.259139264043306,31.719031728467534,18.551013890175334,18
347.85714285714283,52.579793549919735,15.46349130785226,32.23141300441525,13.91594138858328,18
347.9285714285714,34.4944738558319,9.026806516658384,17.196592290278932,6.006445928116186,18
348.0,29.08158008821935,5.531470351217947,13.591798386093672,3.545733077731054,18
348.07142857142856,28.04520466986353,5.136449532788904,13.144513138167829,3.4944391378149726,18
348.1428571428571,31.045287155768804,5.994621328754108,14.609696023529981,3.835391248944137,18
348.2142857142857,41.384064963459636,11.515007136935996,23.942406353948368,9.502317505299068,18
348.2857142857143,33.0498154584709,7.93768760480226,16.776794154201212,4.943361940482441,18
348.35714285714283,33.13345074355638,8.330902225908412,16.908605416390333,4.793890889396085,18
348.4285714285714,40.9291879144551,8.715697070277555,22.03901502733343,6.3160253451280814,18
348.5,39.40985037867383,9.864246016179802,22.008787897710956,7.041479933335291,18
348.57142857142856,45.76191084807022,10.75564196060586,26.01335181497316,8.218551366930766,18
348.6428571428571,61.460638751278886,15.224239310734703,38.16385433332186,13.746638784447798,18
348.7142857142857,62.52858899412026,16.13298446533321,37.156060936966576,13.180750247815364,18
348.7857142857143,65.93422632137771,17.6743335797828,35.629020369228705,13.808974912138622,18
348.85714285714283,70.50526690005763,18.757167379948978,38.58712045554853,14.752050482454713,18
348.9285714285714,74.24466931369138,20.745563055332987,41.15663903121242,16.38319160611956,18
349.0,59.49722129226784,15.659269677004083,27.52529699102318,9.077779104964428,18
349.07142857142856,57.87988292734061,16.235811522104992,26.728091688196695,9.675892479288978,18
349.1428571428571,56.938111983674254,14.752041234369242,25.74046789135536,8.537865661642233,18
349.2142857142857,54.27085400659356,15.07855349091094,24.384125229780725,8.446567291672428,18
349.2857142857143,63.83229974328424,16.1294147108436,34.834042993162285,12.741026399174693,18
349.35714285714283,66.47146003154974,17.575469180832958,37.03657642690292,14.348750517281616,18
349.4285714285714,70.69803030015478,18.713520993811592,44.31614122510866,16.2651440840031,18
349.5,69.87773581795037,18.755144424645863,44.33703188908126,16.897823327222476,18
349.57142857142856,63.13758428542991,17.181478999204906,39.820859753778656,15.515010501753506,18
349.6428571428571,57.717954067051465,16.832586916457775,37.67970129006423,15.4765748527654,18
349.7142857142857,46.98219771563519,12.263740730434957,28.932087251190232,10.842389564667762,18
349.7857142857143,47.331670091440486,13.532297183545861,29.843087004678427,11.477892849678748,18
349.85714285714283,43.746922502321965,11.730969256511088,26.120816403514844,8.316794353030858,18
349.9285714285714,53.186044052995776,16.462461830721004,33.04704085259271,11.18227753996105,18
350.0,65.01306214932781,21.97755756788887,42.70612228498644,17.54269574438576,18
350.07142857142856,61.13122714694082,18.214827730536754,37.39262783671843,12.199194841350463,18
350.1428571428571,62.96650264810706,19.554311987161313,39.661712534856214,14.130582533019497,18
350.2142857142857,53.55262932666093,16.786091797199784,31.946148503980606,12.178850896744096,18
350.2857142857143,67.01417407467434,17.340538705108518,43.728762806538114,15.14069276230821,18
350.35714285714283,70.29528781046557,20.0209401229222,47.956378678094126,18.053421403948448,18
350.4285714285714,57.41164518613257,20.06423529941898,36.36726598245164,18.86222015520272,18
350.5,61.77637424104805,20.00537236020643,37.388250319766136,18.32527499259656,18
350.57142857142856,66.68440134639131,20.262870387842522,38.549210661254016,17.665054112496367,18
350.6428571428571,70.9352938569253,21.827349316318234,40.41837817074268,18.14771734383361,18
350.7142857142857,73.15225181649998,22.224378507534844,40.85722405410463,18.10695326548115,18
350.7857142857143,64.3511783367139,20.397230559883106,36.02538600558496,15.988336390573817,18
350.85714285714283,57.91180819789126,14.947071501261583,30.0333954188966,10.673336012736977,18
350.9285714285714,51.040778182295156,12.192395590658526,26.25889819098978,8.76527558794847,18
351.0,46.21465012600632,11.563756770581902,23.561443081134986,7.807337493013083,18
351.07142857142856,48.81788609062837,11.47967738268065,24.07153846787565,7.214373368527455,18
351.1428571428571,58.4246397683083,14.608805270451585,31.45820317437351,10.501660078283459,18
351.2142857142857,61.51107197664458,18.350083937133363,34.31090259586685,14.302658157824107,18
351.2857142857143,61.636854764714265,21.056749847605406,34.358158570850264,16.623532836602454,18
351.35714285714283,49.07256062568392,18.55366549842197,29.970564172565055,16.859173136873032,18
351.4285714285714,63.42319108248449,20.84310414348431,42.342206466438455,18.91839871144093,18
351.5,69.13391394045695,21.33287021661843,46.24858254527423,19.291447405460637,18
351.57142857142856,70.19075727746595,23.09958765314737,39.94996134150342,16.72041439475949,18
351.6428571428571,52.00166390349139,18.083163272006214,33.31893423746061,17.185625854731928,18
351.7142857142857,57.65231525483284,21.239008651700292,37.850019583620224,20.214850215845033,18
351.7857142857143,75.89609970006734,25.81769730611935,46.093000178305736,21.145362922544,18
351.85714285714283,65.66532029973996,20.200810921080834,39.769337182234736,17.9028916960147,18
351.9285714285714,59.95522304245399,15.67208407570749,35.227362854836755,13.978723276564518,18
352.0,49.035120853905525,11.38112014188932,28.241906922827763,10.04960289146948,18
352.07142857142856,55.26599830433554,13.485490030311837,31.197121341895983,10.365100664474108,18
352.1428571428571,63.72840433372554,16.64677543774156,34.448723240163666,10.994381936839224,18
352.2142857142857,56.82076886217531,16.78573740593688,27.543666637702056,9.622051949450219,18
352.2857142857143,53.60318329261036,15.315862965208993,25.618492562591985,8.282588741986837,18
352.35714285714283,52.34829248044405,15.853538943951868,24.921203801465126,7.941160133577219,18
352.4285714285714,56.71944733627561,15.964689123388863,26.443035733219045,7.904782421148044,18
352.5,64.55118745369663,20.999124295774724,36.78284306595772,16.814297114156677,18
352.57142857142856,67.62617165436532,23.859879273076995,39.756334376558804,19.685064742345197,18
352.6428571428571,68.85124873253648,24.061305733204605,40.567192976130706,19.617167384487544,18
352.7142857142857,55.76568465297073,18.39794222001565,30.921915394897024,13.942062580330818,18
352.7857142857143,52.731805653159064,11.935207817659055,27.614729214747882,7.573273072659427,18
352.85714285714283,49.54316586066507,11.492426156643651,26.726117103799286,7.857142998023509,18
352.9285714285714,52.38384269939056,17.518449309471922,33.03847687390835,16.425055056199493,18
353.0,59.30749498701221,24.65036673017055,39.899823212929896,23.54451791533493,18
353.07142857142856,64.21067154144829,27.458347813955925,43.14038653320207,26.40952102340283,18
353.1428571428571,68.69670070040634,29.313193912753963,45.733177177952996,28.20667107848774,18
353.2142857142857,65.56742047671199,26.09074005401532,42.81733404215846,25.082435699928357,18
353.2857142857143,56.537060858526864,20.084503074732893,34.95307929127784,18.374057167396586,18
353.35714285714283,38.08428077302371,10.83893230996207,16.537869231081203,5.150277902404155,18
353.4285714285714,49.66340187651156,14.080862195595474,24.139755751723463,8.64347459424758,18
353.5,49.009926554113584,16.545633444504148,24.60342100114185,10.348968244267931,18
353.57142857142856,48.479408951577305,15.547606632634862,24.04483968221925,9.663526174878594,18
353.6428571428571,46.53296585920397,15.507345359100562,23.26705341916375,9.532824905144734,18
353.7142857142857,52.1806712806787,17.267161500349673,25.428163379756292,10.97943150296149,18
353.7857142857143,46.690563891975025,16.681081438545355,22.992548539527654,10.388371017838923,18
353.85714285714283,35.69894312581124,11.338007417481883,15.972091340163033,5.610808823073696,18
353.9285714285714,44.804093028602125,18.41883919950534,22.673612021980862,11.6021839151158,18
354.0,47.56874208737336,19.98741416991379,24.576354823870044,12.997293557410782,18
354.07142857142856,45.47748065047702,16.108803304637668,22.566946015662072,10.556546795111666,18
354.1428571428571,40.42963120756257,14.558968572257196,19.885513896084134,9.120620762621023,18
354.2142857142857,45.49114441286466,14.451869710029676,21.59174805879036,8.673191647001232,18
354.2857142857143,40.797966453344756,12.853555212930534,19.07433314595585,7.469491659335574,18
354.35714285714283,49.40592802451597,17.57715299723439,24.16337306124542,10.79050529306016,18
354.4285714285714,44.77880258210913,14.408638472714332,20.746515479291272,8.184605664807863,18
354.5,31.53154238021546,12.104901131253895,13.355459071953279,4.837459257929952,18
354.57142857142856,25.493679511156486,11.051943084376102,10.277930942438154,3.9620161485646515,18
354.6428571428571,37.54226750598341,11.312126031998906,13.980211235759851,4.036472388573727,18
354.7142857142857,38.44658455016603,10.176821499820676,15.587431321567001,4.0999867247071204,18
354.7857142857143,36.78049822588913,9.543768410257293,15.494533002863333,4.553432699880321,18
354.85714285714283,38.53871251842131,11.45014255992637,16.90919153296667,5.902708894988661,18
354.9285714285714,37.319592144069745,10.504155520642339,16.07797847333813,5.254397579418265,18
355.0,37.29076098348095,11.099731180464715,16.55804481973677,6.040788372907387,18
355.07142857142856,33.55258190135623,9.065183580086485,14.845308727947323,4.843033643595911,18
355.1428571428571,31.82627753383033,7.668558246563172,13.99574533859586,4.351591216413136,18
355.2142857142857,32.07605958880152,8.051485228961704,14.291935502519399,4.897948236350677,18
355.2857142857143,35.00596366334178,13.291583411182705,17.363288078971234,8.701403076405223,18
355.35714285714283,43.50839866467239,19.152090874108854,22.76629380770061,12.777496892805779,18
355.4285714285714,57.11908266488088,25.19394867956824,28.58900277282521,15.537253638440696,18
355.5,54.63996650875978,24.011042285811826,27.307847513956805,14.402556569399293,18
355.57142857142856,48.90036672459482,19.050435878514314,24.078915577794614,11.55353609643519,18
355.6428571428571,42.739503123967374,17.556041295644228,21.465749260150915,10.724038928095553,18
355.7142857142857,48.53618287846306,18.84515058575124,23.905741906049347,11.985961554183648,18
355.7857142857143,54.40348631856946,21.7493818769004,27.031474113578074,13.754083463283434,18
355.85714285714283,53.23829382333554,22.77564547148641,27.46675812149009,14.205312814622092,18
355.9285714285714,56.46023802867622,23.018172202448596,28.38541378380154,14.203842363369407,18
356.0,67.32054101053832,23.534192909815864,40.106171502213165,18.199634852823486,18
356.07142857142856,61.27562354092965,21.161596352931213,37.32878351171407,17.70811237849314,18
356.1428571428571,58.264521500137135,16.90544642594755,33.69833842349555,14.59122160470457,18
356.2142857142857,55.84184314628626,16.383471203927336,31.555048421034254,13.429138230062188,18
356.2857142857143,61.57782506716564,17.12982384502125,34.36584558072874,13.512853621019923,18
356.35714285714283,57.9750552910575,18.768496653677538,31.163612870263517,14.179737476720094,18
356.4285714285714,57.04040274841158,16.185403835419617,27.030065527410176,9.598741089693274,18
356.5,72.12706523350126,20.610384248790055,40.73908769662099,15.343091682718304,18
356.57142857142856,76.36497497494491,19.583493562981868,46.82016630001157,16.138476776488638,18
356.6428571428571,79.17243205233432,18.61017117594972,47.468148401426596,15.476499359328983,18
356.7142857142857,70.03387587129376,20.912531333625818,38.33775025887656,16.796167595808676,18
356.7857142857143,80.66639075329122,21.236552668240357,45.823666405504376,17.20157440616814,18
356.85714285714283,78.25602656352503,22.132272042695792,44.9787495416003,17.87822544936612,18
356.9285714285714,77.20855053038812,22.646565881642925,45.061156889591665,18.263406667835238,18
357.0,61.45361977137625,14.697495482783737,32.786565328690436,10.385208080037245,18
357.07142857142856,56.2789003861501,12.593010761768213,27.83190347952111,7.814695207748989,18
357.1428571428571,55.30346108030387,13.267410091085912,25.843398828915635,7.458066891074779,18
357.2142857142857,57.07346807385902,14.365486539866206,28.887508516316277,7.720344799422957,18
357.2857142857143,57.30528153981337,14.312438647624049,29.86702943376924,9.219586717156057,18
357.35714285714283,55.826420709018755,12.807396064461136,28.71758425781062,7.751464314112222,18
357.4285714285714,66.64182221835837,22.326177434217843,38.8218031500622,18.040399263973494,18
357.5,67.78199285944957,19.567593091309472,43.58337856488397,17.513962665560477,18
357.57142857142856,53.620796346844315,14.682590872995718,29.03969159500686,10.21092385581511,18
357.6428571428571,35.05828402133666,10.769186841525523,16.076353887643922,5.1226277389051305,18
357.7142857142857,44.116942229781834,12.540383487297676,24.626347364982294,9.103716693454908,18
357.7857142857143,36.83987199344164,10.741550318063966,15.568124214284891,5.001011581016284,18
357.85714285714283,34.63930739304842,10.4454031634878,16.66903803887971,5.590479609272112,18
357.9285714285714,31.71447148929053,9.234039023763607,15.832373395423746,5.863074573238218,18
358.0,32.57742512913357,11.002707431050741,16.826372795880566,7.362514574917524,18
358.07142857142856,34.716694291697436,10.275285696491379,17.30925330036456,6.575240749496081,18
358.1428571428571,41.05602197411402,10.526375410072323,21.26532551293974,6.791378321506037,18
358.2142857142857,38.35755255681162,11.579993758280686,18.518195363643382,6.940047262511124,18
358.2857142857143,37.7353747555875,11.767119570809907,16.695606476222345,6.9060498242013475,18
358.35714285714283,43.821983255223145,12.866369713144618,20.947326147059762,7.958683427780838,18
358.4285714285714,45.664472581117046,12.496085928171478,21.920308352183685,7.811892729722146,18
358.5,42.024767010123924,11.248993269802657,19.67428446458987,6.6873410447813875,18
358.57142857142856,43.9169917474777,11.375646900419417,19.267496225036698,6.390392447205396,18
358.6428571428571,40.88886080522333,11.491553891561258,16.274877737612073,4.244428146641688,18
358.7142857142857,43.648655213313575,15.06546940466235,18.240636067132225,5.835147094119406,18
358.7857142857143,53.12055992886127,19.265623446285055,24.89408906384324,9.549209673327944,18
358.85714285714283,48.92005659075329,19.627769770990415,19.97855000496479,7.235476862158359,18
358.9285714285714,46.91573013584647,16.9649470587544,20.941008965985947,7.152477438184707,18
359.0,35.39437187719205,10.643568308044722,15.12381940148764,4.209295880576684,18
359.07142857142856,31.858207976311373,8.446072671419262,13.94257647078427,3.5060095134963087,18
359.1428571428571,37.95334050326529,10.046074946983177,17.356402201731196,4.89719666076083,18
359.2142857142857,40.265057112293675,14.523833048283262,16.20061926049398,5.458674535741891,18
359.2857142857143,43.92323944083945,16.988492439333527,18.145563351883172,6.740832601899747,18
359.35714285714283,42.55472785374871,19.445053567895723,15.269996198489167,6.9935026159076585,18
359.4285714285714,41.37202012379651,18.157363690130456,15.14751442939479,6.486770007937653,18
359.5,35.10925794610821,14.579470322089833,12.669234435222329,5.1874516001510065,18
359.57142857142856,36.16182462732238,11.910529974170982,13.018654963349134,4.17169981330215,18
359.6428571428571,33.291604218096964,11.88204350199016,12.112970882398512,4.154845263951787,18
359.7142857142857,51.23536927486496,20.918256173681918,24.78695931763554,13.186562615871496,18
359.7857142857143,47.45168696243207,19.71540845965272,22.752919999521648,12.30777741142685,18
359.85714285714283,32.02142810714585,9.708093513952837,11.600076906421672,3.4465422303625575,18
359.9285714285714,44.79096745891908,17.5412056619411,20.96417008332113,10.41711503600598,18
360.0,36.3843460500199,13.601783494182756,15.896644036790825,6.522018430625639,18
360.07142857142856,36.655819284073374,12.918685182776322,14.838253672434625,5.276572552324529,18
360.1428571428571,33.23516237723187,13.03551605555968,13.70233163284147,5.1334675767974245,18
360.2142857142857,33.388505229179074,11.88671267230232,13.9817020202828,4.992998695461008,18
360.2857142857143,31.035792442401565,9.920323875598449,12.92677083548496,4.125269079042,18
360.3571428571428,25.84566247417607,9.084829872334282,10.636721435820345,3.56021851163385,18
360.4285714285714,32.76988002537168,12.22054313008006,13.808991606949972,4.981149262860205,18
360.5,38.85654019013229,15.324613408971969,18.28394293037627,8.406259385017071,18
360.57142857142856,40.91339388016957,14.610157551974819,18.591109075859734,7.617946114474828,18
360.6428571428571,51.46390291127769,21.406058236208384,25.186264341351944,13.097467592851112,18
360.7142857142857,54.646042588204146,24.37374653193347,27.392276150038395,15.601123173324,18
360.7857142857143,72.0015116017084,27.19965663852425,42.15745763859851,19.764125103069727,18
360.8571428571428,79.52232252298275,29.97868999013116,45.579440268701106,21.20041009879868,18
360.9285714285714,78.17067740501048,29.360316887604057,45.14489450549037,21.08659743980127,18
361.0,72.16067272060485,26.539253860389177,40.3909919611413,19.11964520045946,18
361.07142857142856,69.80994831551234,25.03953490781922,38.44224667987077,18.412484254864395,18
361.1428571428571,48.49299367079777,16.264785510398568,20.135553837187615,6.984305038881331,18
361.2142857142857,54.93134601228142,19.069635613133276,31.06167842058161,15.612340372568736,18
361.2857142857143,51.83088256484064,17.024654920549683,29.638129565361446,14.424690374055478,18
361.3571428571428,39.44351418880517,10.612581044814206,16.895283474874045,5.32828564535356,18
361.4285714285714,69.23728299688415,25.075832700104346,48.7902683291374,23.19946614605507,18
361.5,58.42852549352911,17.35751626385752,37.567314837448706,15.324502676612163,18
361.57142857142856,51.86938986609723,14.458801123134421,32.63225218295734,12.43353719436416,18
361.6428571428571,61.760929015617684,23.2888548292374,42.69548975520599,22.002071827106093,18
361.7142857142857,70.07193641736099,27.61189931665788,48.03658614755105,26.37576164128271,18
361.7857142857143,69.47718501577256,27.764639361992707,47.39922714594756,26.318544168096288,18
361.8571428571428,73.70348826228958,25.771114439557486,48.19400435426211,24.458961742777777,18
361.9285714285714,61.904980495464834,15.802568576828557,36.11719285404819,13.119866574052189,18
362.0,72.06618818026975,20.23895466802676,43.44413878307028,18.198932496521795,18
362.07142857142856,74.69077889033042,22.617933843400145,45.999427094226796,20.448529239358404,18
362.1428571428571,62.874701010222104,15.823061417407994,29.730294722853692,9.250769186169432,18
362.2142857142857,81.50208331147881,21.144370441697202,47.89680490149464,18.115782488360075,18
362.2857142857143,95.25239384277734,26.634492705531517,59.02726562031733,24.11136896569083,18
362.3571428571428,92.57051309297744,33.37699947767283,62.83710232299812,30.60530008885965,18
362.4285714285714,71.23262676006611,25.77660054146874,38.8878077736003,20.704302459873375,18
362.5,80.24878754720545,27.028672990383917,50.30931991088816,22.884506974575913,18
362.57142857142856,80.42961289942923,25.60553284956288,49.61647248602273,21.775188999059242,18
362.6428571428571,65.57779626201119,25.19385165586903,37.35760898451002,20.664509702492886,18
362.7142857142857,82.44938392952062,32.3244799038195,57.61941344545539,29.84915292315211,18
362.7857142857143,79.9623130405975,30.221838685170628,55.326542096802406,27.416686711456435,18
362.8571428571428,61.940895385994885,23.89345426380676,35.511593049018124,18.908314776900415,18
362.9285714285714,85.93942235178997,31.555734182841867,58.06577282292763,28.271356865201085,18
363.0,83.55738673949632,33.5474287234364,57.0184413253253,30.458473800865203,18
363.07142857142856,51.706864477262165,16.646105759922538,25.404976111394813,9.03498719671246,18
363.1428571428571,41.503923089409334,13.044524283416084,18.013169482187568,5.3830808727646,18
363.2142857142857,40.18368479243222,15.339629444309239,16.66625973883971,5.856598345060205,18
363.2857142857143,39.95152295983791,12.858190624103665,16.65778562081193,5.084806456791004,18
363.3571428571428,58.756625760805804,23.981310840791938,37.13776281787309,22.095302061041473,18
363.4285714285714,35.465764733046804,9.672333251306492,14.471753338670478,4.212183034124657,18
363.5,41.75780469562141,10.92207467626286,21.9020157736145,8.882830038206135,18
363.57142857142856,37.13154675419635,9.711332742025316,15.345863732259419,3.969501416589795,18
363.6428571428571,75.94830892459319,32.625383334197544,49.3409610227276,30.888235271466293,18
363.7142857142857,82.99858521355613,34.798995817489036,53.29092232270096,31.90553751668352,18
363.7857142857143,98.56718124579166,33.98001455604681,65.33948434290211,30.141533224995175,18
363.8571428571428,72.75313302654428,25.920611080684925,39.33950097746026,20.13888387289106,18
363.9285714285714,62.02916807267483,21.422614169767872,32.57392466788339,16.229096891073063,18
364.0,54.28663489756052,17.617870249814395,28.444244436342085,12.505387375252269,18
364.07142857142856,48.64949548077909,14.073733135460428,23.833724847379973,8.796711248101476,18
364.1428571428571,39.31115785848323,11.716137188050272,15.561433263941355,4.175422495877533,18
364.2142857142857,67.92804025161969,29.65435049042712,46.653756282099714,28.189596178693247,18
364.2857142857143,72.72655236180233,33.052529260437346,51.96966907011502,31.600284829266183,18
364.3571428571428,72.1268615450775,31.890013496712815,52.85878305741791,30.374292454030307,18
364.4285714285714,64.49699645273064,23.700206921922938,45.609288329516104,22.418752149846497,18
364.5,53.938233379424275,14.820333820337776,34.093358868645595,12.53339259128742,18
364.57142857142856,47.835050440395726,14.1938986382837,29.041606728407018,12.092171290981522,18
364.6428571428571,46.17306440848775,12.4207637866932,26.15308566815572,9.164496892495425,18
364.7142857142857,41.355567612727334,11.881570012418425,19.018567864220195,5.966078054422976,18
364.7857142857143,45.89990325689599,12.928269015915706,21.3645696717078,6.712224167132105,18
364.8571428571428,75.72046352623647,33.97141482266226,50.81820929874168,31.97642672643409,18
364.9285714285714,83.7846453925064,45.10203576825266,59.214844414039035,42.87479980061286,18
365.0,40.69081375041389,11.77053230046544,17.474656492371636,4.977167667443693,18
365.07142857142856,40.41699981867005,11.9104811395231,16.03008889421933,4.257259734145805,18
365.1428571428571,47.99369150759894,11.2222657792325,25.938733059941836,7.642220189086197,18
365.2142857142857,45.156508297079434,11.142231137609173,22.641863952726275,7.571013099454688,18
365.2857142857143,52.16911397652232,13.31969685288474,29.099143417404463,10.499978521062847,18
365.3571428571428,50.776047093851055,13.80045700514542,26.834807015879196,10.622881516074235,18
365.4285714285714,57.009498775179445,13.850809094143356,29.394347753354207,10.676595044478937,18
365.5,60.04475481711246,14.066542620798483,30.174014025294635,9.763097799485278,18
365.57142857142856,52.972610313171266,12.800882489604861,25.88987858788144,7.338787477016387,18
365.6428571428571,50.33385113454137,11.597865982934355,23.163026872533745,5.603722432111369,18
365.71428571428567,50.59764406831908,13.269682513276152,22.80324226475889,5.854834810441518,18
365.7857142857143,49.341276004151766,14.740744005424055,22.08572756419409,7.029875252064076,18
365.8571428571428,50.471038813293795,16.750994065445223,22.910598799707454,8.954641659606912,18
365.9285714285714,54.18935226681475,16.68555566948485,27.89093871905653,9.714842256703944,18
366.0,52.10639721039377,15.432177128775479,27.446210500132995,9.88728789449727,18
366.07142857142856,45.71545869071057,13.424156119662214,24.819579845822368,9.993287224832347,18
366.1428571428571,43.60904239906455,14.662836132511142,25.142911154633527,11.244261578937786,18
366.21428571428567,43.5745757549295,16.110737139172087,25.82317664683525,12.16720777670615,18
366.2857142857143,38.624409341773564,12.99773971657368,23.70837019013599,10.409917506597441,18
366.3571428571428,35.22813091419748,12.486936956769826,21.804164098164485,10.307689872982733,18
366.4285714285714,30.060324128900707,12.416709920109279,17.51782064297971,10.580755595153073,18
366.5,30.56132188756934,12.161797329418361,17.3742842411121,9.7990563578934,18
366.57142857142856,27.11074093802476,9.689167997515986,14.941441797029016,7.927520756109465,18
366.6428571428571,17.24374343917745,4.159984662328228,6.537730466990677,1.2956921287870307,18
366.71428571428567,22.341266903602882,5.755101845619858,10.708689083038738,3.671105145838756,18
366.7857142857143,22.417808486145507,6.247562049146809,8.848779162147975,2.008376250713554,18
366.8571428571428,30.891627841914943,9.929960380122598,12.776329881203635,3.600176446421786,18
366.9285714285714,46.436327165915586,12.700602434815762,22.962187909881703,7.321662290526751,18
367.0,40.140431459054255,11.62441399086469,17.575990851895156,5.751784897042594,18
367.07142857142856,50.22774830577482,14.897175764757854,27.43087492902464,11.435701759644235,18
367.1428571428571,50.629606828795445,16.48520852571318,28.96007792559635,13.264743112508427,18
367.21428571428567,43.39165863678579,11.27917794634411,18.7922017784197,5.8422731322845145,18
367.2857142857143,50.83694874394114,13.052337471257568,22.017141248706682,6.345688175601512,18
367.3571428571428,53.83904429692205,14.18230504847023,23.290485603346983,6.703876307126995,18
367.4285714285714,56.81741462478159,16.266954634550572,24.60371288391038,7.366066379822899,18
367.5,58.031931701515575,18.3367529616272,24.852630260314147,7.749026268591992,18
367.57142857142856,61.24239788296072,20.794911591057005,27.17762936332835,9.059076064090672,18
367.6428571428571,64.49037715914037,19.8864301950035,27.7298437036096,8.34724537420732,18
367.71428571428567,69.88557839310744,18.481778484607144,34.474326354911724,10.162196131983123,18
367.7857142857143,64.82174075198455,16.37682336117102,30.95544996049117,7.986785119263525,18
367.8571428571428,63.51524834970853,14.565600630174357,29.98049547398216,7.267067038750408,18
367.9285714285714,58.80868327617213,13.862403143307622,29.056484265763174,7.925071629293083,18
368.0,60.01287673804338,14.681531688827567,29.62082974580796,8.312563399798075,18
368.07142857142856,62.46538655216265,17.205971692218487,31.289612784502463,10.640371948562645,18
368.1428571428571,62.09585855531867,19.859030271110296,33.63041713636326,14.684049178990556,18
368.21428571428567,65.70080872293657,21.66987864396748,36.52784192385346,16.80543528982131,18
368.2857142857143,68.62570837015109,25.070113165558553,40.20482792949705,20.48876429745005,18
368.3571428571428,64.57887777538642,26.045164022900142,39.49458846601067,21.714912029990206,18
368.4285714285714,67.22627367786812,26.503641416690417,40.22496073127818,22.3458542004377,18
368.5,61.399617608042554,28.328550577982472,39.01900109022893,24.17749635340349,18
368.57142857142856,56.66479095363054,30.866914775035564,38.622891169719104,26.56516778096911,18
368.6428571428571,63.262096765095144,37.693564701054626,42.40780553825938,32.223274339971304,18
368.71428571428567,66.45834381394774,34.62266265074615,43.16733796995438,29.280146725587198,18
368.7857142857143,65.66988410006859,32.652099499927644,40.743932893899135,27.092842758267167,18
368.8571428571428,67.81469387684992,31.38239893922119,41.18127404708936,25.72148762431187,18
368.9285714285714,68.38344087086517,34.009614540737154,42.754091692972644,27.31441923906237,18
369.0,72.63468861730726,29.912110162107446,41.58778484341878,22.359803172338143,18
369.07142857142856,72.11963596496577,25.71988509412978,39.915291505287556,18.72131449529755,18
369.1428571428571,64.08898098062726,20.145451863458035,34.74776501720059,14.729859621009105,18
369.21428571428567,60.22201933140397,17.872219107920483,31.974437157360192,12.616058596858092,18
369.2857142857143,55.30310919888657,15.535702832163693,29.351284503780146,10.991025540566508,18
369.3571428571428,58.307793604992135,16.81774465459417,30.926404207053825,11.794317425741468,18
369.4285714285714,58.456326471820645,18.429232468351213,32.29273904300057,13.185749627446667,18
369.5,61.61151261676769,18.533530634075436,33.989129336714285,13.544134547965244,18
369.57142857142856,63.606157885361945,18.244559764903993,35.250254062185284,13.646918613196204,18
369.6428571428571,65.30331871642052,19.394830097824965,37.238919994958664,15.013181887600654,18
369.71428571428567,65.3324334556759,18.99895815017163,37.55998499270353,15.215039934074433,18
369.7857142857143,65.07066871597763,18.82991514499268,37.498024138771946,15.187128888811024,18
369.8571428571428,66.35270636103105,18.50965801622199,37.80594049150497,14.861881850341955,18
369.9285714285714,59.784284919453704,18.048146659108873,32.09397240036012,13.808163460268664,18
370.0,58.79695366459008,17.08462147579915,30.500472657476603,12.215982933596896,18
370.07142857142856,58.51614540418853,15.101314193293327,30.592136799484376,10.144983492068816,18
370.1428571428571,53.2226914803444,13.476163792413592,27.27359337074878,8.446623099636874,18
370.21428571428567,49.494678105010294,15.050013679604875,26.105389807692553,8.68983348166821,18
370.2857142857143,48.90150809757723,14.326652886414927,23.763391903913146,7.351273855309979,18
370.3571428571428,46.28445476994281,13.535578024054448,22.035496190190354,6.76110853667096,18
370.4285714285714,46.53717118725668,13.66141537810372,22.30351777283871,6.979404644798093,18
370.5,47.43217030795021,14.21538048331774,22.84409369585251,7.426700878842399,18
370.57142857142856,47.3146500590718,15.296984479456649,23.258821096069198,7.716610927540349,18
370.6428571428571,51.58648565277724,15.866327503768629,25.91424704376669,8.537580949293213,18
370.71428571428567,53.97418198795113,16.109535811406264,27.98782966493155,9.562295272505311,18
370.7857142857143,53.35185977757966,17.117002363698024,28.32176116008205,10.323532619154404,18
370.8571428571428,46.82709738911592,15.301396583094379,24.531811868880443,9.127689020183341,18
370.9285714285714,45.188029601532165,12.88680745006274,23.129207682765287,7.690713694824875,18
371.0,43.59685230994696,12.767214441367742,22.817533413023178,7.9452794218445035,18
371.07142857142856,43.37804911495803,11.570340277582114,21.796926653862037,7.26179366655461,18
371.1428571428571,36.53652987645522,9.759519916770827,19.006627597776642,6.542557130104617,18
371.21428571428567,36.39567051385208,9.698905090984018,18.768448702900702,6.596658720760253,18
371.2857142857143,31.28069396992709,7.5104433808678515,16.162606470153747,5.579121496000512,18
371.3571428571428,32.456335544149674,7.615557444772151,16.267075009071107,5.507548986610113,18
371.4285714285714,35.980927910969804,9.45978983812569,18.644064734478082,7.102432238489502,18
371.5,30.62086545544856,9.606838511861252,17.106907423105472,8.047963650334633,18
371.57142857142856,36.22542568779599,10.29682758977365,18.65610444171551,7.8855774908004035,18
371.6428571428571,38.09318490671025,12.400353383018034,20.23803149018152,8.980618131795229,18
371.71428571428567,44.54378693944644,13.08454623500221,23.959039966076432,9.57032813608421,18
371.7857142857143,50.091900602057684,15.772340965879915,26.92217828625858,10.581523878648627,18
371.8571428571428,56.047777309518196,17.370153747877072,28.893883695908322,10.674142296630814,18
371.9285714285714,66.65781707916484,17.779999074230457,32.389093246958694,10.098607345409496,18
372.0,70.18323754182667,18.80694036381299,33.20779081045787,9.952621986360375,18
372.07142857142856,69.6258844333395,18.479952614412475,33.11343550598224,10.092844131623806,18
372.1428571428571,73.40481272989132,19.00357284558275,35.16725728582481,10.894710175296373,18
372.21428571428567,70.69430661449027,19.00457163906203,33.889009774592786,11.199790236338849,18
372.2857142857143,62.85696675777817,19.273437281955275,30.218478786867674,11.76654080996727,18
372.3571428571428,64.89178974964993,17.322090639319775,32.59196236186146,11.643783695363542,18
372.4285714285714,65.66765203499865,16.250262806840624,33.05166791595336,11.535516340461903,18
372.5,63.28154765832922,15.520398867889984,30.94665939329979,9.900637410513232,18
372.57142857142856,61.00770490402307,13.817441871725999,29.782001332748106,8.710152173610417,18
372.6428571428571,59.405899200274824,13.868348967402273,28.89122183531864,7.996495147877027,18
372.71428571428567,56.76655682612582,13.150759204248393,28.17174121426474,7.477875897224401,18
372.7857142857143,54.80752333953704,12.756137782623949,27.37109084727418,7.596967999119707,18
372.8571428571428,49.845289727660976,11.621995542304534,24.82270792463279,7.141545622441268,18
372.9285714285714,63.20790227246788,17.65981502477916,38.52781810877793,15.546828112090058,18
373.0,61.24091404589426,16.60454576832972,37.07312198650288,14.838424774197513,18
373.07142857142856,50.76062808643019,11.585386776580318,25.80557432424429,7.467689707948139,18
373.1428571428571,48.60308511276913,10.843843014844262,26.084742603675412,8.028996209915377,18
373.21428571428567,50.96476434288359,11.2274017225373,27.58316632609336,8.333897004928115,18
373.2857142857143,51.15937404892246,13.629450086810834,29.61391335791296,10.533832798682626,18
373.3571428571428,70.14306152099812,30.328826444785733,53.467973238479615,28.79263328373738,18
373.4285714285714,72.29483347671272,21.924892117499052,48.146271251629194,20.197791871547693,18
373.5,64.17010784477638,19.847006801265106,43.78466274448727,18.586367294008717,18
373.57142857142856,55.05443848520246,16.072116673317502,36.10787083925011,14.15531732372877,18
373.6428571428571,54.53864013970904,16.682588845494806,36.5498859433533,15.443587030538348,18
373.71428571428567,35.9900455851023,8.847214406992657,19.45041586939766,6.202872415322608,18
373.7857142857143,37.599466687703305,9.971946639033936,20.734263761120385,6.6435616450005925,18
373.8571428571428,39.16892888288412,8.758839521762463,20.8139352334867,5.871118171811133,18
373.9285714285714,42.334201154459755,8.886509813946704,22.12145857683698,6.120065399577502,18
374.0,43.649212550540476,9.381176232621883,23.026330776080613,6.825360692670503,18
374.07142857142856,64.73506178883548,21.40335305972919,44.40857266826911,20.35468437671925,18
374.1428571428571,72.37860232629214,25.805342454843228,50.77206594681444,24.667658926946302,18
374.21428571428567,69.65692199370018,25.78916605730087,48.860612482041326,24.387465738852537,18
374.2857142857143,67.72958639793106,23.617202428197178,46.70578070445952,22.105191922634567,18
374.3571428571428,45.14264175675219,13.095286934011087,24.429942136810503,9.237599672060206,18
374.4285714285714,44.74285846676839,14.136643697329252,23.81577048410124,9.513818980493065,18
374.5,57.38174006298526,17.177671265923816,34.97678448400111,13.843949859991213,18
374.57142857142856,46.63547964351915,13.979392536631215,23.697072019332733,8.74605907004758,18
374.6428571428571,78.66422723758221,29.53562512302578,52.994660571109094,27.559323493129348,18
374.71428571428567,76.52742174095494,25.88261732501406,50.7104394705563,24.083887066923154,18
374.7857142857143,80.04617370494658,25.60879831412996,53.02070951727145,23.32546769445109,18
374.8571428571428,88.50433478846288,29.082751678687632,58.012393363708775,25.21927034740574,18
374.9285714285714,92.24886710295206,32.11774485202432,62.53718350795907,28.64648327258522,18
375.0,90.92562644074947,30.686130451073737,61.30124429936175,26.81166510554935,18
375.07142857142856,71.47617036767078,23.77617726184929,40.485908772580395,16.693107208816805,18
375.1428571428571,71.52775256527589,25.055120286154207,41.130708807724524,17.956078687862917,18
375.21428571428567,90.09043124159696,31.035768326558323,60.67500429266176,26.69165299034255,18
375.2857142857143,91.39454212569838,32.8872458054622,61.88578304452149,28.698825358302944,18
375.3571428571428,90.60780195785226,29.945944923413588,58.947026292437045,26.471247167344423,18
375.4285714285714,74.22511959905127,21.87961078007464,43.11236808233247,16.32183671943037,18
375.5,71.25190020461541,18.376323452512647,41.0870936084359,12.907314552753931,18
375.57142857142856,80.28991906396041,23.228878799779526,46.98017477389672,18.129719724489405,18
375.6428571428571,76.98467318767406,23.159262191129425,46.996707566905485,18.8681020620552,18
375.71428571428567,74.46114630078299,19.744106942610554,43.73410173745615,14.423501666879012,18
375.7857142857143,67.72834558311821,15.741009357219326,37.84799698143193,10.134081278375788,18
375.8571428571428,62.455026516238945,16.040694028709748,34.739574687308014,11.699295292269374,18
375.9285714285714,84.08307432410245,26.187686267898453,56.97561111901916,24.260860333374687,18
376.0,85.63218671427384,29.395966373791413,59.96681391379222,27.417192945297316,18
376.07142857142856,92.22487659920654,35.177292336652876,66.42770221430305,32.799759089231465,18
376.1428571428571,85.70175590334902,27.666017563103342,56.582562211167215,24.10951091321235,18
376.21428571428567,61.039984607116885,18.592425036626597,38.65876433048598,15.764736160413312,18
376.2857142857143,63.81666036509852,25.41769585273166,44.8968680654254,22.67011842753054,18
376.3571428571428,69.50100657161774,23.816394881364772,48.11125893181585,21.20037458370075,18
376.4285714285714,58.20912041149761,17.55547083150456,37.611324227796594,14.922494201368275,18
376.5,51.02104519181068,13.009473829426533,30.63620351543121,10.316442748745542,18
376.57142857142856,54.67118819411457,13.425495643353665,32.86301563312399,10.946235508686414,18
376.6428571428571,58.21669180402013,17.543623527992747,35.63266445679896,15.456599435591254,18
376.71428571428567,62.441030943435265,21.349581561022763,38.99667530267914,19.232320597959433,18
376.7857142857143,66.37622297260998,22.03991616845738,41.68140972897989,19.733819282701333,18
376.8571428571428,55.50194475562207,18.46548637234286,36.042179064072194,16.206996316395667,18
376.9285714285714,61.303930535775024,16.5852573764725,36.28759034387765,13.042281911751376,18
377.0,58.063245308258594,19.877815304387777,32.29356646743767,15.753095329350057,18
377.07142857142856,61.5552209287816,23.360361871613854,36.483146426284584,19.451152828637586,18
377.1428571428571,56.80038524058816,21.495884912707723,33.612717513768956,18.13656328598891,18
377.21428571428567,46.47910602909876,15.200956309926068,26.1447249322984,12.850652409795687,18
377.2857142857143,46.9078978668314,18.55927997936485,27.378687350463213,15.961986133637192,18
377.3571428571428,54.59600155516034,18.186725738268546,36.357340279358844,16.859169529593093,18
377.4285714285714,58.3265772635516,19.21750754637091,38.28319517470451,18.678910873182517,18
377.5,63.833978025269865,24.91060433220012,42.04301021991547,23.871310515204385,18
377.57142857142856,64.89463327482716,23.337136522523267,41.118030205218915,22.11793189813919,18
377.6428571428571,40.496959328059276,10.208966135820585,18.845504025507783,5.03562958714425,18
377.71428571428567,50.72486061728408,11.502869467899783,26.162260053754327,7.105677598717927,18
377.7857142857143,65.59554805547928,17.75615694459142,38.80137350182589,15.359112734039702,18
377.8571428571428,60.18911186181439,22.409303019520195,36.12124683419678,20.41601743284792,18
377.9285714285714,74.17988981196775,23.70207711017355,47.81063460314991,21.4283727381258,18
378.0,62.608791698342245,19.758505366314694,38.30683640061884,16.871485446135058,18
378.07142857142856,50.127836974351816,15.210707157528454,28.35873215205398,13.283169034946711,18
378.1428571428571,56.242898486969935,19.23860402849459,34.15639705774402,18.058445594209857,18
378.21428571428567,60.224771280013925,26.656130094101613,39.555474253093095,25.15402919393461,18
378.2857142857143,63.882868287224774,28.877338930271584,42.58672228668719,27.11825447390308,18
378.3571428571428,35.533100238909974,11.00403061572458,14.694349560136173,4.034996200756028,18
378.4285714285714,55.7255982586266,19.646292553523445,31.959645948252884,15.811213927704497,18
378.5,61.14135023280817,16.09593498370815,35.26081524704416,13.41830139539124,18
378.57142857142856,65.44609096983132,16.46653036773875,39.57670242071387,14.82640804951571,18
378.6428571428571,63.95099870745472,16.753223403456104,38.25322647685718,15.015002252382876,18
378.71428571428567,64.70662898149791,17.695201692430356,38.79068372885651,16.258391696189317,18
378.7857142857143,63.91516060059655,15.595875455237884,36.99468932235848,13.409415781926366,18
378.8571428571428,72.41019017329077,19.43455792596249,42.7077350524788,16.838576942440362,18
378.9285714285714,82.72425257411794,23.54930725447454,51.26546873267737,21.366600864189838,18
379.0,83.50316863118913,27.005969305913503,49.601869538278365,24.561190505513345,18
379.07142857142856,75.7154795898923,22.370379934972117,42.42721747718233,19.148702748049015,18
379.1428571428571,64.62962224880037,16.13915749173689,32.897594127005,10.911776172914651,18
379.21428571428567,74.63171832618958,17.900443785723837,43.193025584521735,14.026873097902525,18
379.2857142857143,79.27165651309319,24.453875443699733,50.629939010196054,21.470452660231558,18
379.3571428571428,92.20862212224668,36.393454142994855,62.914344570127405,32.83302211628177,18
379.4285714285714,98.39672327094577,41.1668152920418,69.63547147393385,37.77590320481561,18
379.5,69.49454638658226,27.742745654054637,43.1775296897126,23.763754623831357,18
379.57142857142856,68.74078288475647,25.03129114364566,41.406937412711244,21.159155591314978,18
379.6428571428571,76.4441752916662,23.054919540867285,48.91390184360397,20.072638054138555,18
379.71428571428567,72.36766340117553,20.48291973548964,44.5504139533409,17.303917053387927,18
379.7857142857143,64.65337829025805,16.70618146231496,36.71536398743909,12.707191983475118,18
379.8571428571428,51.21064690537121,14.18318904462266,22.967703140077887,6.898533197863025,18
379.9285714285714,49.94763632491522,12.135138220281053,25.637675207439344,7.950290789251012,18
380.0,47.20979023302787,10.218963076753349,24.879002298996078,6.959173023643418,18
380.07142857142856,44.04422263590884,10.356945034362075,23.840813343986337,7.336327034924536,18
380.1428571428571,45.808754948277176,10.748941560539311,26.73755039462475,8.433418848115267,18
380.21428571428567,50.930201106832406,13.01122494207287,31.334478563203668,11.032628662533437,18
380.2857142857143,60.98465113592814,15.04603434456424,36.50096364102772,12.300507821983254,18
380.3571428571428,71.70423909807919,18.533864875966596,41.42371024958892,14.038855644523846,18
380.4285714285714,75.8871878930408,20.584027392163975,42.874195850402266,14.47862781908321,18
380.5,67.54977582584783,19.475126569265058,32.32821791583161,9.600842682035827,18
380.57142857142856,72.91713969219738,19.590000089675495,34.58460340821013,9.720615437248094,18
380.6428571428571,67.47150137312654,18.215395021042173,30.239580052361728,7.512448510571089,18
380.71428571428567,66.07709892475849,17.285907587528424,29.837845939968314,7.2754841374975765,18
380.7857142857143,78.20840717169669,20.10827869096046,42.40096635296356,14.802840061313745,18
380.8571428571428,75.42771166014752,16.860466285099058,41.22792130415573,12.465538904683303,18
380.9285714285714,72.95603135664749,15.115003335897107,41.084902762715224,12.068834262596223,18
381.0,71.3646798829935,13.630690987257807,39.25786879539718,10.271841620868239,18
381.07142857142856,70.80725339978733,14.551726985266223,39.55197625608052,11.191289879841532,18
381.1428571428571,68.98162991226319,16.51967611091169,36.84782169282791,12.068291728743306,18
381.21428571428567,66.03707785952524,15.984451886041361,34.552116998963136,10.45010191058318,18
381.2857142857143,60.48914922718873,15.230212870948684,31.149367928231175,9.358568159310865,18
381.3571428571428,58.078647415750474,15.045433421457298,29.29385103644842,8.813543049901584,18
381.4285714285714,52.54540727407091,14.770813816176073,24.468140977692514,8.197527065941033,18
381.5,56.50918500015782,14.164513222053142,28.98695025804419,9.061440959178048,18
381.57142857142856,52.80341743156461,14.092073086783953,26.680145035810494,9.007302960374632,18
381.6428571428571,52.20858499870209,14.576668299533926,29.22226409452018,10.215188057350085,18
381.71428571428567,57.90578334916616,15.623822672169327,32.66855632667501,11.588413327775694,18
381.7857142857143,65.31267992993723,17.117785881568476,36.35399047166093,12.774857398930841,18
381.8571428571428,62.63105245671414,19.435578428038607,35.89961026208313,14.307504745737361,18
381.9285714285714,57.46601562636784,17.956427889953197,30.30241176708889,10.364588364659246,18
382.0,56.54445596913599,19.45587709089632,31.295647454873173,12.599167891309593,18
382.07142857142856,59.147565051825325,23.95103593936791,35.031570160666696,18.413487847286717,18
382.1428571428571,64.74548051301312,30.399703557778682,41.164182549225075,25.76973150660197,18
382.21428571428567,65.36520925835879,30.115866552194447,41.5178267417689,25.926052932259005,18
382.2857142857143,58.03263191541023,21.911216823639823,34.340776292890624,18.206677161452053,18
382.3571428571428,55.6852024548633,18.92806631511628,31.549910203204245,14.84718619632781,18
382.4285714285714,52.746412769261944,16.103732733149084,29.24016573968126,12.761603789381716,18
382.5,61.189141170154045,16.025022292164785,32.91915619340282,12.459654008174619,18
382.57142857142856,61.186578731701466,18.364147890012344,34.259924335221065,14.974998305236918,18
382.6428571428571,57.92817251343392,18.3889296005199,32.37579068938002,14.121495039680024,18
382.71428571428567,62.48236684178646,17.62362566911073,32.783071367180575,11.83729200065637,18
382.7857142857143,65.29485739841056,18.690171124721694,32.464330251722025,10.925135595982029,18
382.8571428571428,70.1965395194244,19.685545213751556,33.4429745867249,9.781909217680973,18
382.9285714285714,72.94708350280906,20.48599715575087,36.159215301353235,11.919280423066722,18
383.0,80.77520502936295,23.228569425737575,42.15925975774758,15.384734533301597,18
383.07142857142856,81.49216420272435,24.03965048206279,43.948317849687534,17.250316318803797,18
383.1428571428571,78.53304078461065,23.62767277860589,43.075593467735665,17.68314372826465,18
383.21428571428567,68.28633994420154,20.217900380516923,36.99198213938153,14.704040472862836,18
383.2857142857143,60.3036194533016,19.91269434687902,31.61989812366411,11.804628714683904,18
383.3571428571428,55.28672260691356,17.652360223644934,27.24589087762453,8.927602894006858,18
383.4285714285714,50.684215611532,15.479119929447457,24.004963009563387,6.9844613745191895,18
383.5,52.427796625435086,14.071743593748312,26.339601618266823,8.985792446484952,18
383.57142857142856,57.09109203760238,17.170321111745267,30.895377835698557,13.765930466599793,18
383.6428571428571,63.29714084143199,21.38320967125892,36.17304155264887,18.505479258660195,18
383.71428571428567,67.26476403837647,23.432541766312653,38.20178170591225,19.650093815251612,18
383.7857142857143,73.08047589734628,25.44860267824539,40.40320277139958,20.07489362075312,18
383.8571428571428,75.36464777721385,27.07738045209818,41.291691010071176,20.509705769800608,18
383.9285714285714,77.61730000189245,28.422855923198597,42.82998211841475,21.794289587136504,18
384.0,64.50834265570253,27.595216214448985,38.88149429649827,23.890342014756815,18
384.07142857142856,65.82456077381475,25.13001765422223,38.668142198084105,19.982832144158188,18
384.1428571428571,48.29063469265844,15.80721887307239,28.745811869626444,13.688077912065834,18
384.21428571428567,37.881654949315354,10.586367515440438,21.20284075517838,8.105072608794654,18
384.2857142857143,39.43028868059918,10.611625634647295,21.62332265861422,8.437053023311453,18
384.3571428571428,49.25283488050003,17.470280164152314,29.462235551243,15.541438794159907,18
384.4285714285714,60.05812142981715,22.0765919829157,36.61004975790496,19.73901907541273,18
384.5,68.06552349484677,26.945637098293357,42.189531881756885,23.637274610003324,18
384.57142857142856,72.9644031200579,28.214185430062198,44.445028414600976,23.820803624365727,18
384.6428571428571,74.87162649685875,27.743880661057027,44.1088386368096,22.15674133312777,18
384.71428571428567,71.67077821282481,24.800991273841678,39.973796746556154,17.242577141512143,18
384.7857142857143,71.62930889677557,23.926878789890896,37.92093364257516,14.440797615057468,18
384.8571428571428,67.7092275965491,24.57310374993674,34.31036709679175,14.459010594209651,18
384.9285714285714,71.43973484021431,21.069696210369607,40.196837340619794,12.766059152586733,18
385.0,66.5068410411621,19.74008598670196,38.56319760635269,13.416273801922932,18
385.07142857142856,55.87522345315417,16.01206923807381,32.41379301129941,12.224013675779101,18
385.1428571428571,53.17703425842516,12.785607352545474,30.899369443475916,10.185188488944947,18
385.21428571428567,48.22103770143234,10.748917295857655,28.155928483914483,9.094535794434233,18
385.2857142857143,53.145107778990706,12.058600564904383,30.34095603404603,10.095243514776572,18
385.3571428571428,64.73630760530531,13.848055824248608,35.90477335534993,11.31140103284361,18
385.4285714285714,65.37135623914948,13.310419290244118,35.069338668005784,9.892962006058603,18
385.5,64.57228855265139,13.736279910895671,35.476087352577245,9.837637176366126,18
385.57142857142856,69.64897458525007,16.558785969154233,32.48767620520128,8.046106934907453,18
385.6428571428571,75.73922793490755,18.31305306497226,37.0530743780285,10.133534465368353,18
385.71428571428567,71.34667834617507,19.34058097953636,38.28523336941732,13.003570553975509,18
385.7857142857143,68.59922702227716,20.527189314991613,33.97879515989062,12.386877123729345,18
385.8571428571428,71.91867645050309,21.71750032939954,36.889084254579515,14.071634666389228,18
385.9285714285714,77.74159409652172,20.894821280047616,43.62993803652558,14.881933785746599,18
386.0,81.96380600223222,22.811775856852243,48.294602955893026,17.796140393643658,18
386.07142857142856,80.14218246619221,23.51852060301112,48.45625268324345,19.37576900720756,18
386.1428571428571,70.9345753249845,24.70070670489558,41.593968540415396,21.20212806675959,18
386.21428571428567,67.23579379230868,23.793896232896618,39.01568333492048,19.989195386158674,18
386.2857142857143,51.46926665476635,16.108291469635148,27.92924367318579,12.0316337712209,18
386.3571428571428,32.74790742118161,8.139974186129065,15.76007417668795,4.475830266789268,18
386.4285714285714,44.12223248425406,11.26626689934091,23.93397102451472,9.375350260658541,18
386.5,44.39613578593238,14.297581127405202,27.328269486246302,13.322700655091403,18
386.57142857142856,50.66791564064986,14.311765470625351,33.468433230579826,13.459241655416129,18
386.6428571428571,46.7779941794634,17.013182036838273,29.07900608999815,16.09098827813811,18
386.71428571428567,53.09262405398584,17.464467314877126,32.86274564619588,15.887958787245328,18
386.7857142857143,55.93767360638454,17.750768166935792,34.148899596455344,15.923787840426987,18
386.8571428571428,61.37037446014899,22.24774002918998,38.189700475257446,19.44021706546209,18
386.9285714285714,72.16330355393121,25.94052742059441,47.851995613757666,23.034398715156993,18
387.0,73.59807161698875,24.958338642159024,47.45806985030109,21.445229117841812,18
387.07142857142856,70.06440684511985,22.282133549241287,43.071486123744684,17.475584194345135,18
387.1428571428571,59.48717441518442,17.651755109589278,32.920262741009815,9.6627062123931,18
387.21428571428567,56.29792234706373,19.26324200603635,29.378838062985178,9.811716410639752,18
387.2857142857143,63.7143548238862,19.27856409435523,36.87809269163422,12.464023200411688,18
387.3571428571428,65.44081063421909,19.278664286919653,38.04835144773336,13.307479627382339,18
387.4285714285714,63.81051851501252,17.59430489094437,39.525524562613334,15.35076567303372,18
387.5,61.72261817382857,17.651996514836085,39.351260922154715,16.19773145831733,18
387.57142857142856,50.86786341661318,16.292397078037435,30.043369561418334,14.923967497215365,18
387.6428571428571,63.57721822146172,20.24534519165943,41.9783303493675,19.160257605448386,18
387.71428571428567,66.68335938474299,20.10740337611178,42.90954788503784,19.008505546872986,18
387.7857142857143,69.38590202435815,20.085403492478726,43.796618256646646,18.400141645148175,18
387.8571428571428,69.69607385720514,20.3684666608489,43.76069519453668,17.894365628948783,18
387.9285714285714,58.76326910393052,17.833443501707475,32.03738117950492,13.345413692025618,18
388.0,42.07517298376468,12.362450424863404,24.873167585070412,10.990207542171154,18
388.07142857142856,43.872335523792565,10.654240546652412,24.43271780647306,8.900917292963754,18
388.1428571428571,43.15714753284675,9.836352626106184,22.713710540134937,6.930040331650533,18
388.21428571428567,48.1744001248074,12.479234272299458,24.37362978681578,6.9384529948834945,18
388.2857142857143,41.43670888020005,9.158321118522574,22.709049437085987,5.742469255978872,18
388.3571428571428,41.12510323915195,9.712915926836306,22.222242184724784,6.1198043193454295,18
388.4285714285714,46.163455361198686,10.722644291759394,26.49181363321236,8.51279521391698,18
388.5,52.68354648773304,14.368637007452497,31.16410736665909,11.69925230500793,18
388.57142857142856,50.34793065665274,13.4707218643411,30.3605210246384,11.613974590461677,18
388.6428571428571,60.457558366770705,17.076401699685082,36.998215920051486,14.506217296442673,18
388.71428571428567,56.862926817821304,17.202183228260395,35.10578918955291,15.026406564886145,18
388.7857142857143,65.39164676760151,17.652140345707082,39.621448290839105,15.031323710125791,18
388.8571428571428,73.46928264483189,19.83688211560975,43.342044472665386,15.434151162041433,18
388.9285714285714,65.56570633462029,18.35391421198199,40.184389209335535,15.81953523390175,18
389.0,58.59848835471064,20.5709872965866,36.17588331167734,19.132274962887106,18
389.07142857142856,58.83515169417815,21.15596203208885,37.19984563348437,19.854379036681557,18
389.1428571428571,57.594488143142954,19.789932704069574,34.815188305099305,18.025588080244248,18
389.21428571428567,58.178205432944104,17.520632458798893,32.898584207332114,14.563145470051706,18
389.2857142857143,63.439293859643065,15.679408539847245,38.749455324040746,14.034139443378361,18
389.3571428571428,59.551264181540574,16.06874193232634,36.5405575266223,14.42696136432896,18
389.4285714285714,53.07846134283781,15.85955016486058,33.251056766231,14.575202120859487,18
389.5,52.74727853246552,15.477337768839947,32.409292821498276,13.923749970691512,18
389.57142857142856,49.261917212647155,14.804065766838262,30.5862875028005,13.327646062739746,18
389.6428571428571,50.424842570622765,12.673224785687017,31.51433774949776,11.404828665410095,18
389.71428571428567,52.975522722544184,12.743272501326723,32.84794231835229,10.882930221935707,18
389.7857142857143,50.042682760468026,13.24870200499526,31.18952063381884,10.444033258425712,18
389.8571428571428,54.04260964948605,14.470544908399491,32.446123976122486,10.406103205920141,18
389.9285714285714,52.74426395327009,14.926955566876394,30.685238517560162,10.462435779877481,18
390.0,52.55355130191693,16.950450510763208,31.426806790009973,12.740776045255494,18
390.07142857142856,57.6994025449623,18.227614969872228,32.02787360383474,14.162583176883626,18
390.1428571428571,58.69290184225118,18.940991090635965,33.064070861230476,14.963030082020014,18
390.21428571428567,59.34556716384908,19.969518085685547,32.85687147797045,14.837759717114135,18
390.2857142857143,71.08159118968662,21.254727516772068,44.3119782752655,17.54343104929606,18
390.3571428571428,72.70811930988896,20.344112130227753,44.46187596596496,17.00714020547642,18
390.4285714285714,68.48689168716682,18.306157006805645,40.63675186621764,14.698613823738896,18
390.5,63.08330536966617,16.210425357925168,35.288059439066345,11.156121892418351,18
390.57142857142856,48.455464639994105,15.156913316577473,20.66492488306665,5.353126909860279,18
390.6428571428571,53.00670643657916,16.42264911028759,24.756851603711368,7.699171348892633,18
390.71428571428567,65.04255183231501,20.776051750494485,36.01250854427419,15.254157706870233,18
390.7857142857143,70.62051640616355,25.29496174818163,40.09902057082498,20.538149644895242,18
390.8571428571428,62.838875939727316,23.500442671018387,43.8967199999103,22.173106922206255,18
390.9285714285714,68.3238198244888,22.317462837852027,43.10292581835495,18.858255952213906,18
391.0,67.84394173478313,21.459778367755327,42.14161194594778,17.496474488737302,18
391.07142857142856,63.27058713714526,20.903943201488996,41.07581581419442,18.49113255158166,18
391.1428571428571,62.70929360147157,21.650499474581455,42.34957523849612,19.51560217911968,18
391.21428571428567,67.72114013184044,24.4272573615241,46.214244343933046,22.110230859014116,18
391.2857142857143,66.89330650835161,23.075762574039572,44.5279239439967,20.751751365784237,18
391.3571428571428,55.679532944340714,20.228534926650674,31.416809367326984,16.021560225185734,18
391.4285714285714,52.462259796172475,20.967217181333957,28.420830262932714,12.954821884887027,18
391.5,54.79889000311427,19.917326805661265,26.184942760559203,10.149419210017559,18
391.57142857142856,48.106015172772786,19.87605075201817,22.87955767501707,9.341103580743846,18
391.6428571428571,44.757953852029594,15.957023884041734,20.896160294080747,6.769365100469598,18
391.71428571428567,41.831811676896244,11.113373609987542,20.39118470938389,5.9913111312358645,18
391.7857142857143,41.72312733597199,10.892516415336118,21.54486178041549,7.5080922553469245,18
391.8571428571428,43.03475376911568,11.496224947288978,18.97425178735214,4.318606998886621,18
391.9285714285714,53.25984806594762,15.803531712629896,23.01198443115022,5.7491351304158,18
392.0,52.85241197830845,16.29241212984948,22.83443442176698,5.8669357771360495,18
392.07142857142856,62.00269355933434,17.826051818619046,32.1480744754647,11.13327129363875,18
392.1428571428571,63.153145163252084,17.398268966448764,31.700773904362798,9.342389926108723,18
392.21428571428567,51.054113684892165,12.887797667689151,29.755876422045514,10.116465458759432,18
392.2857142857143,59.23570154244579,15.172463623678015,33.218278819291335,11.077133605798277,18
392.3571428571428,64.72314980012172,15.371291007300098,36.027307732052805,11.77458265266303,18
392.4285714285714,56.36606190984949,14.440239578978467,31.110458644056273,10.296619147025893,18
392.5,53.663064881630426,15.459134590624082,29.133782949061406,10.17160627611821,18
392.57142857142856,47.30710552749876,14.366793796550715,23.60250133055784,6.527959136505257,18
392.6428571428571,52.7471610559047,15.094805126140272,26.76918182009011,7.809727710540489,18
392.71428571428567,60.27250433439039,17.32206840993158,33.55849049500695,11.955667525284698,18
392.7857142857143,59.434856663207796,16.838776316625474,34.775994636305576,13.349198737038282,18
392.8571428571428,61.588304752548986,20.336617442291793,39.88119383070585,18.693258562553552,18
392.9285714285714,52.77049170002948,16.07730524356473,33.72713759640882,14.298984683708678,18
393.0,47.838546879639075,13.503230285036143,26.88820144967841,9.302135141285184,18
393.07142857142856,62.205627383374924,18.73370125153348,37.746893161143,15.542469067335741,18
393.1428571428571,60.29169362536816,18.101076655969585,36.40389643023062,15.122844201908775,18
393.21428571428567,59.20752564088541,15.821121114610731,35.133005392476036,13.134715330131545,18
393.2857142857143,50.15579222130047,14.35414629153983,30.868885135040035,12.4887732058086,18
393.3571428571428,46.33049215743521,13.076745153945682,28.67756028828439,12.253149519111982,18
393.4285714285714,49.97640419432595,16.40688720839629,31.174283237450478,15.019852740071851,18
393.5,56.40916688787342,23.53524097057967,37.16805182487066,21.983818770510336,18
393.57142857142856,62.59230458286446,29.25003115034145,41.43870957241536,27.30017663081926,18
393.6428571428571,54.73290909941857,23.193840190890192,34.32667737228853,21.209677415376447,18
393.71428571428567,41.528108205197704,13.209009324071562,24.528818619294718,12.093948975397861,18
393.7857142857143,40.79824603614964,13.385637968142936,24.540094449730233,12.667394494035397,18
393.8571428571428,47.812041720791434,17.50520466683209,29.562535315238026,16.799194515650495,18
393.9285714285714,49.28063217103357,17.25248389840434,30.14146172528117,15.879578720352235,18
394.0,48.96579220366873,17.369335620726154,30.332966394423018,16.026660695604907,18
394.07142857142856,49.853503440602594,18.112687693930607,29.45590702616652,16.023294705967658,18
394.1428571428571,53.07798700482563,18.50132978044842,32.30301765798933,16.588265108329434,18
394.21428571428567,56.91909468137168,21.99485831034934,36.361414990090594,20.298816108020514,18
394.2857142857143,55.894249450405795,24.175171698756284,37.517186831129244,22.678534947423405,18
394.3571428571428,49.747828023482974,15.947558262083765,30.455577054325087,14.14968452175688,18
394.4285714285714,47.51367855901842,13.282634766579854,26.764729839492873,9.676488878545676,18
394.5,54.664586759116176,15.546672229851643,31.00909477458243,10.953579589010207,18
394.57142857142856,60.79593918937784,19.906723842977776,34.11460175759178,13.264284620833426,18
394.6428571428571,65.50832618678002,22.334968659173153,34.62927743342514,12.499840927709593,18
394.71428571428567,60.86312448362807,21.865132902298335,27.09840144838351,8.21427422677415,18
394.7857142857143,75.66924445318823,24.576120521681535,41.380568492272666,15.641935037265771,18
394.8571428571428,70.02422896568058,23.970624219718033,39.85233925683242,16.578830893529858,18
394.9285714285714,67.39327017421091,24.906817051857782,40.949626076993155,19.130836502632658,18
395.0,70.06963225259813,26.95696075081785,44.64310746883513,22.428420935265088,18
395.07142857142856,60.43687154698155,23.749649253503286,37.75507105444374,19.410248531626465,18
395.1428571428571,49.14756357112593,16.40243265181978,27.852069570768016,11.019470210572795,18
395.21428571428567,38.38857788768237,12.929234868217717,17.39082809699705,5.032669921561967,18
395.2857142857143,40.77732265569848,10.366510658099592,22.02553930627387,6.755472841851072,18
395.3571428571428,37.6523845362914,9.426783815314801,21.587661395552708,8.211905539359405,18
395.4285714285714,40.24709602929839,13.18649262651073,25.851781876103388,12.420339564869778,18
395.5,46.585782687720304,16.189411890881946,30.869340455622343,15.734454941100742,18
395.57142857142856,48.269712547301275,20.388253641910637,33.215163979359524,19.39342047970675,18
395.6428571428571,52.852341445496805,25.297279672893367,37.28255818780167,23.924187242195295,18
395.71428571428567,62.141202877975466,31.679764227633708,45.04547525876032,29.971275889449885,18
395.7857142857143,62.33381943156616,28.098632241353258,43.25236335936588,26.39901491404251,18
395.8571428571428,50.80043743844035,17.826902831794676,33.295178836252056,16.098930510558965,18
395.9285714285714,46.80980590648969,15.043224272361565,30.238512074988563,13.498445722782849,18
396.0,49.74717641675296,17.078010759110814,32.79084461449619,15.286870272140584,18
396.07142857142856,49.115709925227904,18.10801874684532,32.684208469251146,15.914993962275817,18
396.1428571428571,45.564975189867816,15.508620300946067,28.579359969174998,12.216185756201583,18
396.21428571428567,46.52056520985752,16.72428171500979,28.819780032022727,13.17372577088372,18
396.2857142857143,57.511749999019074,22.70396713562815,36.87577020992355,20.187170451158593,18
396.3571428571428,66.53111620855415,29.072815226577042,44.55554313424009,26.889699631517818,18
396.4285714285714,70.49045193738138,30.381045844585035,48.24666016381954,28.59207919003538,18
396.5,64.1742265352732,22.14421868668201,42.14038262568802,21.076630816163696,18
396.57142857142856,48.441740862332814,15.854736704820883,29.31879219281177,14.81615594329239,18
396.6428571428571,53.934059697731875,18.81979772925455,37.049279826887876,17.730464856812546,18
396.71428571428567,59.38654221911554,22.627162079643142,41.16096203822714,21.32616193771173,18
396.7857142857143,60.48207945107217,21.050458203091633,41.18652334102046,19.711472640649188,18
396.8571428571428,58.66061828599532,19.412445310933435,38.27975283480643,17.204456511489912,18
396.9285714285714,65.8892388588378,21.550262772807294,42.96670491660786,19.07117760175171,18
397.0,69.55579663949604,29.92512716177404,49.76707640139164,27.311259035825717,18
397.07142857142856,73.75429271833197,30.764847938398105,52.12876101907838,28.674772911908047,18
397.1428571428571,69.06528192477377,27.36769494143509,47.854093832810136,25.329379876906213,18
397.21428571428567,58.309698616131726,19.30049395802022,37.825625191215536,17.378957386806853,18
397.2857142857143,58.61086770252966,19.337488131499967,37.43375949428464,17.45579841576788,18
397.3571428571428,61.144180924300656,22.195822048436973,40.31165819722198,20.66312368945801,18
397.4285714285714,63.49408186350085,23.717925706605655,43.251182564521486,22.362803748973413,18
397.5,55.671503015878855,14.517811943615166,33.619926146895516,13.231143076621807,18
397.57142857142856,53.03673102599982,13.060945904313073,31.011463627778927,11.486081517504314,18
397.6428571428571,62.66119102071025,22.58810729731969,40.304051400425614,21.414299309845436,18
397.71428571428567,67.20537763309535,27.933316111047525,44.09837830104564,26.229344037915972,18
397.7857142857143,67.80566170632895,26.270954601442885,42.314213038305965,23.650341180160954,18
397.8571428571428,62.43965861476981,17.674059141456148,32.91672493166312,11.853721762193594,18
397.9285714285714,63.637046750978,17.746596465843687,33.12453732890652,11.214092315593788,18
398.0,68.0590488635892,20.657243459231797,37.79708845029715,16.097705624707594,18
398.07142857142856,72.93153431477117,21.873483979531045,43.05491800652452,18.731445323059923,18
398.1428571428571,64.11856997294781,17.089006555484627,37.431406289755934,14.115324171573949,18
398.21428571428567,51.51231148395012,11.727237782463138,29.213280701643427,8.617754307629903,18
398.2857142857143,60.2331984484691,16.68658445904247,39.03662131788334,15.284153117752961,18
398.3571428571428,69.60941116266676,24.373539136919703,48.297378861478684,23.045714152495297,18
398.4285714285714,68.96268123531986,24.62076965892497,47.691680206466366,23.167222249754417,18
398.5,61.51671681124678,17.579938082031656,39.29458944971534,15.93749187364347,18
398.57142857142856,62.83810956018252,16.901968718004895,38.845549435150716,15.03727465173205,18
398.6428571428571,68.25262226383099,20.97889110520258,45.01831263957427,19.637408989356636,18
398.71428571428567,67.03783931022232,22.69263661529159,45.867052350489594,21.408044603406363,18
398.7857142857143,62.785439403369615,20.943888492776445,42.98713698841793,19.613226762550372,18
398.8571428571428,60.07212059648086,16.640828253698274,38.47112841381067,15.397015342417546,18
398.9285714285714,61.559027322711316,16.92914248449263,38.182224600983375,15.12809230357002,18
399.0,68.03267857979586,20.76203380847866,43.20115972445596,18.613427761495643,18
399.07142857142856,79.49786883381248,26.648241963418617,50.82004571698844,24.385353409999905,18
399.1428571428571,79.11104294212609,27.90395683434745,50.49873325713737,25.077604464711477,18
399.21428571428567,64.34606084538538,22.042760139887072,39.4208888384374,18.121596070890092,18
399.2857142857143,47.915687878858435,14.196410717783655,26.270611028301765,8.862563823734748,18
399.3571428571428,43.78145139830693,12.34574445198124,24.858258818397758,9.189773660312932,18
399.4285714285714,45.77673397431106,12.894931365402675,26.869194997837916,11.295870288027134,18
399.5,44.50973272132672,12.840010697159446,26.36538607446171,11.20324707259373,18
399.57142857142856,48.21268051557434,13.938845253454494,28.6396673439394,12.21302509856234,18
399.6428571428571,52.32945443240356,16.895725575882423,31.165999067627872,14.938501162774687,18
399.71428571428567,59.88984772004543,22.277639186214298,37.47480441590553,20.489464187291492,18
399.7857142857143,65.98101860635968,27.668206949041874,43.310573038610336,25.670167286079653,18
399.8571428571428,64.50072097179552,25.379911612164886,41.30899837424133,23.451044920919028,18
399.9285714285714,58.766063515226584,19.15356701432066,35.87311780769998,16.981873409059663,18
400.0,43.98144697172058,11.215944649363859,20.226062631376962,6.158324394873439,18
400.07142857142856,54.28802179344161,17.52379730826699,33.33416730708437,15.397195800473611,18
400.1428571428571,63.20453606970079,21.645969883395207,38.83617239215797,19.41729640459265,18
400.21428571428567,60.67901410424068,20.229796041498258,37.66402020532148,18.112521379571977,18
400.2857142857143,54.058049237550826,16.588993915498932,31.11944050168717,12.755276555311559,18
400.3571428571428,39.945082198525384,15.869300503372632,18.549480141985676,7.278145803195485,18
400.4285714285714,40.88546080386929,16.280797085307988,18.583364735532818,6.792114528635258,18
400.5,62.87313011434351,24.761544049201696,40.09532216601321,21.23174178470169,18
400.57142857142856,63.22735002990001,25.013175640328058,40.66494618617878,22.45326078164758,18
400.6428571428571,51.11753226534404,19.297262790583773,31.653537807346716,16.87725927447409,18
400.71428571428567,33.224353495027124,9.78903387507576,14.597494244155214,4.338928127686308,18
400.7857142857143,27.822556464426544,8.050879522940996,12.577820200874587,3.8389744839490856,18
400.8571428571428,52.99981245096116,22.82972821426782,36.509389759071695,21.83569716203552,18
400.9285714285714,51.53310265572684,21.265710039068665,34.94492026250538,20.338312097644565,18
401.0,49.11530963416462,22.17459290384626,33.94421402614416,21.188426387068347,18
401.07142857142856,38.42943159203514,10.72128384607344,22.017260651577253,8.878729522426468,18
401.1428571428571,29.8663976249161,8.13587418787623,13.358591152254718,3.3281833930909825,18
401.21428571428567,31.310422183776776,9.55021430669835,13.822925793915456,3.8828463098867716,18
401.2857142857143,48.209518018747865,20.527568182630777,31.521710327846666,18.575670726405452,18
401.3571428571428,34.457016790623044,9.177705854318974,15.504429968029816,3.9858568847056017,18
401.4285714285714,28.962163338090836,7.619050785035917,13.125352805872332,3.198820932077293,18
401.5,26.588029613894417,6.481138099594801,12.045155301019467,2.755559292020777,18
401.57142857142856,24.825987325199534,6.253970212698428,10.69961262523506,2.312894098966419,18
401.6428571428571,25.295594960573087,6.617185305868531,10.426752369093363,2.242936564672714,18
401.71428571428567,26.00651799627285,6.920911266520613,10.949333351760211,2.4894773937172143,18
401.7857142857143,26.94593128568851,7.574918134173488,10.895523680411133,2.581736257871569,18
401.8571428571428,28.08458794586738,7.954515509815982,11.784393562803304,2.893943505573756,18
401.9285714285714,53.54899896013919,29.251324526562414,37.85552640620424,27.667200946342632,18
402.0,56.911333367425335,28.38068788705582,39.71938662253204,26.963366454597285,18
402.07142857142856,56.121681473715775,31.22416861927328,41.813596676681115,29.46851948892788,18
402.1428571428571,27.1292931039339,9.238512103347157,11.803014776561875,3.6151442106079807,18
402.21428571428567,62.09129783518446,30.749693967511575,42.47182600516662,28.310813861027956,18
402.2857142857143,39.532447645482385,16.100972321105147,16.7665436631187,5.681974790245805,18
402.3571428571428,46.628462871614175,18.24733009086594,20.391338783416767,6.427544968735839,18
402.4285714285714,47.97937610035992,21.465639208462633,19.88355510378813,7.490068107009692,18
402.5,74.85509228664294,29.34861406772843,44.0800490611269,22.654165188864717,18
402.57142857142856,73.08967509008467,27.32869181274463,42.549060090223485,21.148803957429664,18
402.6428571428571,50.78924692128975,20.781696041306542,22.241039840288543,7.549860057475082,18
402.71428571428567,51.11126007209366,20.65723327292654,22.412192575458967,7.462366054349251,18
402.7857142857143,49.171570996187064,21.541100753953216,21.368571103982212,7.790967211710991,18
402.8571428571428,107.9324945739627,62.677444795588265,78.62344057246905,57.95523227248565,18
402.9285714285714,108.98361093384126,66.73720386106363,80.50973992787526,61.838029752103836,18
403.0,43.279478835476446,18.3593821921609,17.985212757088156,6.410487400988028,18
403.07142857142856,92.65404711858419,56.83476289266615,68.98275089225993,53.192300208992215,18
403.1428571428571,64.42019730140898,36.56649669211591,46.679744092017486,34.074777153864524,18
403.21428571428567,27.48889889629359,9.021365582773125,12.33845055046066,3.7905377110160887,18
403.2857142857143,37.921454366263056,16.134937729175157,25.53099640749082,15.46825084367898,18
403.3571428571428,25.62611261220184,5.179132205832268,11.385643106127372,2.221541675007738,18
403.4285714285714,30.179857885488616,8.278812589447716,13.762348066832137,3.659417666793939,18
403.5,40.647149062396046,10.796237161920784,21.795542656998833,7.936901766410944,18
403.57142857142856,43.89211970911305,11.928562340098273,24.14355023546007,8.935652880525911,18
403.6428571428571,35.77480150721059,10.441072706280544,15.700840415423267,4.550662741397436,18
403.71428571428567,35.779600589978855,11.025923679449727,15.930417975632384,4.733298475576119,18
403.7857142857143,41.618090510939986,13.070766339145628,19.094779935554005,5.595328519955416,18
403.8571428571428,43.35624319386471,13.121460165192744,19.559637353714702,5.42398178548569,18
403.9285714285714,38.68377406716942,11.705258161070121,16.437339932020027,4.609608867000785,18
404.0,34.966282327489054,11.27166958094765,15.454019471465854,4.3329631329139655,18
404.07142857142856,37.4280506937797,11.050063731683517,15.99603659017818,4.030222567229815,18
404.1428571428571,32.68736893524733,9.903866448659823,14.336276004593444,3.646126688884472,18
404.21428571428567,39.67873547070188,12.495926270539897,22.207786523104748,8.722195383757374,18
404.2857142857143,34.84357149203025,11.629591778371797,20.953284762154418,9.493221422728125,18
404.3571428571428,32.60280178752612,13.120942561826322,20.957525108592925,11.94665543481695,18
404.4285714285714,37.94934776464782,19.863376152601134,27.76783396053488,19.010013340784244,18
404.5,38.89917063022294,23.32425466741276,29.901369728548985,22.27602029028423,18
404.57142857142856,35.62862020323083,18.857738406064666,26.36479523624392,17.9009401571734,18
404.6428571428571,17.43410655143723,5.993763806391633,8.534070557993036,2.898538516823722,18
404.71428571428567,25.90702944169755,7.988858651257629,11.769863936305152,3.3147288823058765,18
404.7857142857143,31.509008256463137,10.299494022067051,13.5818397665756,3.867538657743346,18
404.8571428571428,33.58734583720771,10.650605489416337,14.760833656488835,4.147426825141478,18
404.9285714285714,38.49110263569277,12.509960173326736,16.84609655510478,4.898980581138235,18
405.0,48.04668625223626,14.957617120986443,26.767857973927004,10.67536336360977,18
405.07142857142856,36.598951434497,12.615924011786525,16.514604006028595,4.994285789477338,18
405.1428571428571,49.20688773773172,16.945379939062214,28.75672102941942,12.391497200896834,18
405.21428571428567,48.45199488454302,15.317514568487494,27.39607892398465,10.106389000200958,18
405.2857142857143,50.6893902490998,14.709035580723123,28.31398157409268,9.641456241202965,18
405.3571428571428,50.60410772244062,14.615528538145123,27.49782942743055,9.093276708593152,18
405.4285714285714,51.511773371673776,15.985572125832249,27.879671685260806,9.920777043486826,18
405.5,54.63463231372234,16.669660899665537,30.868243569933636,12.409991250711313,18
405.57142857142856,52.71506089398305,16.152498711091702,29.620338614397205,11.618762029394293,18
405.6428571428571,52.15401442361146,17.614955371249977,31.43508056274949,14.39840318363675,18
405.71428571428567,50.745076461782176,18.146127105684666,32.29457023208005,15.425498163402862,18
405.7857142857143,48.11362303326725,16.9121455919244,31.934822431567135,15.285920320575695,18
405.8571428571428,47.48338294647526,19.85500172717593,33.924088642501104,18.87118713917344,18
405.9285714285714,49.26344087408302,20.576401807194625,34.98175576981226,19.26922995239373,18
406.0,40.75411969826094,15.277542527885368,21.555387625770216,11.381791649896,18
406.07142857142856,64.35046906609188,22.439459751848425,41.317061172902235,19.66038200872669,18
406.1428571428571,53.19233217385672,19.900920818062406,27.919247564529304,13.925389086390114,18
406.21428571428567,63.26630953525464,22.06916011261697,37.16273031881506,16.390065445597063,18
406.2857142857143,61.55962326303741,21.37827844973863,34.806415415430465,15.002132191998852,18
406.3571428571428,59.34397494227255,20.578546444264376,32.383575069626076,14.037218792023667,18
406.4285714285714,57.96187890648644,20.87049403503362,30.443583083857714,13.208724692941777,18
406.5,62.805484505668026,21.22376665740712,33.38942064384276,13.095390095456995,18
406.57142857142856,68.80003673700298,23.05412460813182,39.511975849493716,15.96432890053736,18
406.6428571428571,69.19378805306515,23.048854152943512,39.18959967633206,15.86493452560718,18
406.71428571428567,65.76056975053011,21.984360759302234,37.0802049893062,14.760432514321165,18
406.7857142857143,60.80606308631956,19.357910420019618,33.36369169896321,12.337155673521014,18
406.8571428571428,50.698996501881794,15.877620126916037,27.080500082798714,10.237587312905356,18
406.9285714285714,29.680396501628586,9.158659122309427,12.002843052840907,3.084672114461687,18
407.0,35.19731866830615,8.852680914091618,19.008490969323095,7.0201304404141105,18
407.07142857142856,38.68020847544217,7.758132813713388,22.180365412792547,6.878408510410236,18
407.1428571428571,45.21843292927783,14.073468073036132,28.458737250455595,13.516655136181233,18
407.21428571428567,38.52751633490494,9.452686506684303,22.562914863697518,8.346500858764932,18
407.2857142857143,38.6638360391543,12.96518147409277,23.132737227340026,11.51379647310861,18
407.3571428571428,46.23797700326186,16.244500813766365,26.447090933533985,14.620428636609963,18
407.4285714285714,52.06423105641776,16.2375253143372,31.98993965175575,14.32162804724721,18
407.5,53.13007453324628,17.060447782259867,32.13546018906069,13.86007256215795,18
407.57142857142856,52.66045156479386,17.48960816322576,29.72060968030842,13.17109364989787,18
407.6428571428571,54.241424839459135,18.36784796482145,31.703713127268998,13.938378155337652,18
407.71428571428567,53.24241541487875,15.38726561367383,30.043933416284986,11.230105898893424,18
407.7857142857143,51.71323060036492,17.534383372074412,30.49774671088998,13.096925207819055,18
407.8571428571428,44.669346074332616,16.142760838388444,21.51185375458761,9.16877147748572,18
407.9285714285714,58.670125559761416,18.193841619202892,36.161618948516185,15.488290462138648,18
408.0,42.24705664454221,12.148676669271833,21.362817376978292,8.298468879216774,18
408.07142857142856,40.94034515756607,11.020020737631066,21.2462766119635,8.503071506283218,18
408.1428571428571,33.986822775182034,8.144682005447716,16.028272515866117,4.553801281910831,18
408.21428571428567,35.24530146787069,8.761720221597947,17.762747883616985,6.180087591667394,18
408.2857142857143,43.542255263340955,14.45680340128923,26.229945328443016,13.646395013572882,18
408.3571428571428,48.283355452578995,19.61430478737889,31.239407120367066,18.920048426464135,18
408.4285714285714,47.75079042882876,21.92019541197326,32.576169740031894,21.134586982851516,18
408.5,51.19766236810269,23.133842300388768,34.058868969155824,22.35862304044277,18
408.57142857142856,59.11431720574315,27.289792116888528,39.9362681480437,26.24414566191619,18
408.6428571428571,60.18363761176617,28.1963318806089,41.24780576506022,26.98853521203589,18
408.71428571428567,60.9848905403161,28.206940341112848,41.40520462100715,26.929537383441286,18
408.7857142857143,64.34749549798991,24.85978547115199,43.879144619724606,23.79512407308085,18
408.8571428571428,61.48333563333404,20.17489274981914,40.33975920696204,19.01207637114434,18
408.9285714285714,52.825283455129416,16.30899207953218,33.039987235884944,14.821572718185895,18
409.0,44.73029977827021,12.11687039229767,24.95017617717999,8.735395656100714,18
409.07142857142856,46.407459632385574,12.671809458805496,25.132816732123935,8.023469597856222,18
409.1428571428571,49.76830537567088,14.037096734542907,26.692560345894773,8.385129509935778,18
409.21428571428567,46.453221466738256,14.850842009405392,23.921938844494715,8.146368977003256,18
409.2857142857143,43.37749275075228,16.521288590727824,23.637675688400954,10.03265639972274,18
409.3571428571428,49.26118081412804,18.28361226438828,27.36334802649593,12.971977709640639,18
409.4285714285714,52.90091285690146,18.38114400009121,30.93873397512657,15.003030808265502,18
409.5,47.64956761690243,17.661019688784748,29.55485396846186,15.497283387169892,18
409.57142857142856,30.71772064280929,10.051736959460058,17.23751114979044,8.20576789487895,18
409.6428571428571,33.8128766395446,12.208127149855587,20.641734415196808,11.033996978525522,18
409.71428571428567,37.58047564867954,17.09439040767272,25.67232551723251,16.040895638670804,18
409.7857142857143,39.691433197780235,18.983806719735718,28.013758743988106,17.986461848659395,18
409.8571428571428,34.60229771922893,13.973035188430133,23.205623939350367,13.154008623222387,18
409.9285714285714,31.179038356080245,11.723119541844449,20.647246347246462,10.910897915509839,18
410.0,35.353026191883885,14.019463476657378,24.107751372253794,13.295308332103616,18
410.07142857142856,43.59286139730127,20.507829066451684,30.94129296961962,19.55186559568415,18
410.1428571428571,49.79768200946886,24.279759713874956,35.770407710439585,23.225717713473305,18
410.21428571428567,44.99491165996664,20.674150789510687,31.837863878503946,19.71571034762703,18
410.2857142857143,35.5409474022973,11.73383316870245,22.592405458910896,10.80674710655272,18
410.3571428571428,32.149113275268,14.504284993372705,23.13163507168249,13.825305597696765,18
410.4285714285714,42.91978579179135,19.6201453583901,30.45415448239487,18.35529952783129,18
410.5,44.588094061869874,20.368453792796814,31.620929481858575,19.061615911319226,18
410.57142857142856,43.291825765936956,16.914311203796572,28.514727352745453,15.735359676490859,18
410.6428571428571,41.34967895631646,12.682847733571949,25.202208584037848,11.386453959836473,18
410.71428571428567,39.9005627451568,16.26355160507471,25.82982131514954,15.10073131642185,18
410.7857142857143,49.696720018122605,20.732462531582804,33.33537912000328,19.674597938938735,18
410.8571428571428,51.55664709794349,23.73701277961044,35.46300333873904,22.712104206076745,18
410.9285714285714,50.14645087582979,22.18775666547011,34.54411269818929,21.35788091019583,18
411.0,45.80266268685288,19.504178130734257,31.5611020480551,18.85445266672619,18
411.07142857142856,34.97950184361441,11.711292035545634,22.847795380881276,11.040147250458103,18
411.1428571428571,29.124567743236927,6.447688939811134,16.234984008550562,4.685362472650027,18
411.21428571428567,29.959866827710883,7.522494406575039,18.027416331941865,6.403176165877459,18
411.2857142857143,33.30178552060413,9.067931667666317,20.836052036113237,7.922439318495088,18
411.3571428571428,39.72047949188678,11.179720881724666,24.741832080838524,10.175721759187573,18
411.4285714285714,45.88742240727192,13.464318703291633,28.995780663241906,12.513641131485302,18
411.5,46.64838462611832,13.362736676704149,29.27947838891298,12.187162510156089,18
411.57142857142856,50.72162605060219,15.157590265262925,31.8834267127573,13.793276437804627,18
411.6428571428571,49.20793996638135,15.171086376452571,30.536834748056094,13.298128290393207,18
411.71428571428567,45.006891481235286,13.90910186827483,26.320281367476436,11.123776344078212,18
411.7857142857143,44.23717216228376,13.841144286397434,25.31968483310224,10.871623140388445,18
411.8571428571428,49.127898103470216,15.777548169381825,30.622048464600475,13.460255316515658,18
411.9285714285714,57.150945528463005,21.081019377604026,37.846398889697916,19.196870773155656,18
412.0,55.54826460612489,20.120688601414898,36.78651325112771,18.334580700375586,18
412.07142857142856,46.12989954751105,13.298993379790794,26.48408997363941,9.98136385931758,18
412.1428571428571,38.46417229123038,11.60209831191137,20.10454330936067,6.623065767278395,18
412.21428571428567,44.81303798366048,13.713185453764112,26.48536037314557,10.85876415404917,18
412.2857142857143,51.026568817553425,18.93866863364434,32.41728060636367,17.138048112882668,18
412.3571428571428,46.41746247608109,18.54296436070228,30.779776827031345,17.27260002731483,18
412.4285714285714,47.935087194391855,18.29680905850685,32.984523970277834,17.401607439857653,18
412.5,44.51915191924907,17.070485533136264,30.96540278371561,16.37279534695668,18
412.57142857142856,49.99538459401417,18.113726217212985,34.775155096951316,17.412327418554543,18
412.6428571428571,54.411476688884385,20.34441253975067,36.705540000792304,19.31040864794344,18
412.71428571428567,53.666778409637864,19.859484550292553,36.8080733281057,18.721662291822923,18
412.7857142857143,54.6964089934984,18.15266058968825,35.20246062130945,16.131136882542975,18
412.8571428571428,45.840954341094175,13.088947464344502,25.702094724999473,9.517536893669986,18
412.9285714285714,44.114384190530224,11.230878465112765,24.87706780577415,7.463192514271966,18
413.0,51.0904896301868,14.07320066167904,30.15199423735532,11.540308139818007,18
413.07142857142856,45.0221328338843,13.721840482949027,25.891813183778158,10.076455886010976,18
413.1428571428571,43.69301051617162,14.58780843530523,24.821303677057617,9.966065371113427,18
413.21428571428567,44.66949433734096,15.684798945713284,24.87527640328266,11.274706520824592,18
413.2857142857143,49.48547307696177,19.188345134934952,28.661784982382116,15.513791603742856,18
413.3571428571428,54.10614729062734,23.168862807867303,34.58996209409347,20.43682428848954,18
413.4285714285714,60.97398359498424,26.549864950875616,40.91164989951078,24.653912140551412,18
413.5,61.214491862934906,26.675375282598743,42.678789384575,25.390525253556437,18
413.57142857142856,54.06658019607299,21.563602097104944,37.759191721753176,20.44547930797997,18
413.6428571428571,39.075292292203635,15.048168658264169,27.111903740276105,13.748232270736313,18
413.71428571428567,44.665599215923464,18.662001639957786,32.55414413926471,17.335759598736907,18
413.7857142857143,52.788465845514615,22.92676548535062,39.570597128576864,21.356776075395157,18
413.8571428571428,49.40993505363675,21.946530939782292,36.839266666794785,20.43001606745169,18
413.9285714285714,44.85627024999459,16.67278879599993,31.500748230276127,14.950332219756527,18
414.0,45.02518021683278,16.00687912661224,30.714527552397275,14.329698152988378,18
414.07142857142856,52.94926771342444,21.94535489826224,37.99362103298491,20.08349085563331,18
414.1428571428571,59.2659989732875,27.21077877300234,43.83557583701196,25.14555960173849,18
414.21428571428567,58.923172034868806,27.13699175744874,43.09418464208197,24.983205230948197,18
414.2857142857143,50.271323619761915,20.96936744162986,34.96620722172949,18.87353994835585,18
414.3571428571428,33.551007484819486,10.301111167359664,20.25127584285217,7.819242658731038,18
414.4285714285714,37.22826954004491,11.539940127758728,23.76768099784083,10.332267512734505,18
414.5,35.15793967745432,15.17009837346074,24.673226689830415,14.375449658153448,18
414.57142857142856,35.46628609149909,15.269432145620256,24.37460809971643,14.565714974537276,18
414.6428571428571,29.414818210546148,10.488398332840683,18.23743097799403,9.690078546305966,18
414.71428571428567,32.4227209563964,9.665782847851997,19.591558126299997,8.531611865117366,18
414.7857142857143,40.04302594321252,15.703379301168972,26.518974347394156,14.545366440709303,18
414.8571428571428,51.97208816875602,22.32371561280246,35.959937395889824,21.097030208813052,18
414.9285714285714,57.57484390926488,24.07994073821945,39.393156817215164,22.651394714067813,18
415.0,55.1097030105167,19.967867238690403,35.891320123981075,18.23016554951157,18
415.07142857142856,44.48040493988726,12.323561928297913,25.009263988627264,8.619176227292549,18
415.1428571428571,50.52764147409544,15.008257795771284,29.989988566531498,11.666810367257769,18
415.21428571428567,55.791415778372404,19.33737315892038,34.85512437060093,16.45860773964807,18
415.2857142857143,56.83333363826697,21.760921520101647,38.10185664417876,19.179119911016087,18
415.3571428571428,50.174311277038186,16.985934010715876,30.9300617574659,14.026453796756591,18
415.4285714285714,49.17539326119703,14.808672968631,29.567474998500696,12.113072413523158,18
415.5,51.7874415390208,18.02427777185463,33.45886300565568,16.595324953271188,18
415.57142857142856,54.837871685024716,22.622147783282895,37.294491136746366,21.446247006624535,18
415.6428571428571,53.89721996839299,24.63624264828384,37.45900890381761,23.565986474914357,18
415.71428571428567,50.68571377224578,20.271002347056235,33.56123733961856,19.44935609652286,18
415.7857142857143,37.210586265334626,12.592980065067415,23.023634721515855,11.604250590478006,18
415.8571428571428,32.7610248031611,10.58028981527228,19.194724949759767,9.222961903194452,18
415.9285714285714,39.444136444304206,16.70658522237751,25.28271960459819,15.82449387989367,18
416.0,40.12669810519447,19.45179544783021,27.654768356625627,18.48591330407604,18
416.07142857142856,36.76859569296445,15.469343036729919,25.191190822512603,14.72150507354772,18
416.1428571428571,30.43593461711844,10.69121060846302,19.83053095109947,10.028690056220706,18
416.21428571428567,33.74971888223249,11.383825995578144,22.170423290613808,10.922176047253012,18
416.2857142857143,39.44718349027675,17.710513194295274,28.80898237624139,16.973007069564005,18
416.3571428571428,42.46706986308986,21.706913547983355,31.96048192450782,20.764956651905365,18
416.4285714285714,42.1660979986431,20.51732031046229,31.729420540026506,19.64565668979237,18
416.5,36.9782735289824,16.014245985198805,27.08649648073517,15.246514268438137,18
416.57142857142856,28.223401987358447,8.558216756669625,18.309956912767248,7.994899875784686,18
416.6428571428571,37.099318302583086,13.566710549922755,25.447095919256203,12.980747569147347,18
416.71428571428567,41.400667414717354,17.27746089534136,29.177844332594443,16.48093954602981,18
416.7857142857143,39.536394937547946,15.19418193058182,26.94990836923284,14.360530154671443,18
416.8571428571428,32.41761061060392,10.692258476609334,20.09869956793667,9.261866199474577,18
416.9285714285714,37.935516954418446,13.548109042542341,23.97559610400528,12.309335457029647,18
417.0,50.63223265391761,22.1099609345989,33.68032379564348,20.63474497911715,18
417.07142857142856,57.29991713767939,28.32424645338642,39.18569125098827,26.253763128284163,18
417.1428571428571,55.756735011701316,27.181905184079213,37.09224752504133,24.478544200882585,18
417.21428571428567,50.08655965869259,22.340556256483158,31.131804879520036,18.51122363100917,18
417.2857142857143,44.38537596722921,16.659500431085142,23.743817451107272,9.535413363132976,18
417.3571428571428,51.704162820284054,20.3586919550592,30.47688089298606,14.979524034902528,18
417.4285714285714,58.15969143947361,23.429211840795674,36.07245906974637,19.435299521606712,18
417.5,61.88937096133354,23.259773823075427,38.33209765605773,19.861048110950694,18
417.57142857142856,41.76998432742618,13.39636152311208,19.12406403828293,6.404064305077038,18
417.6428571428571,45.257619954086174,14.78066288140866,22.55359685728762,9.344469917253152,18
417.71428571428567,61.77306942654057,21.828801735489503,40.15515601500281,20.140009513471327,18
417.7857142857143,66.54183720035734,26.76259070797297,45.77395354440687,25.39253223655225,18
417.8571428571428,60.528229482798224,22.95574430641258,41.44064110834516,21.83128987276927,18
417.9285714285714,33.97079229738414,9.521549050240699,17.74729732448284,7.527211720135414,18
418.0,25.903033020998503,6.980174455667314,9.757315164866675,2.4598491220597904,18
418.07142857142856,54.1983747562862,22.35904883185666,37.475950695669624,21.375083522245816,18
418.1428571428571,58.88258320094697,25.774276486159142,40.83967449036801,24.346683258511376,18
418.21428571428567,37.34795279918144,12.92042546480201,18.7066814031728,8.41326890249304,18
418.2857142857143,31.812277085512417,12.526781422966469,11.989836875414825,4.4884195459007845,18
418.3571428571428,29.083740762707983,11.935002414215221,11.367404546296328,4.276962134669503,18
418.4285714285714,33.804974237386965,12.505790910127205,16.654959882927457,6.78577608476156,18
418.5,29.07696044633401,12.315012798374482,11.034725499128266,4.41244993523227,18
418.57142857142856,29.45942005913495,11.957225903747581,11.593858138752884,4.324507432219132,18
418.6428571428571,30.358981417333563,11.433420284133055,11.241273827515244,4.093003828507434,18
418.71428571428567,30.151251895100746,10.592673213356154,11.925731158064963,3.8475465991427438,18
418.7857142857143,29.986552741921653,9.702502252802352,11.965003115090763,3.5287277087583715,18
418.8571428571428,28.450534304773445,8.270573987282928,11.49079296781261,3.038934999238741,18
418.9285714285714,28.642631338780408,7.0016356172478345,12.138015824176469,3.2632800082144486,18
419.0,35.21048095839937,12.699067673089361,19.51811640585687,10.675977662462035,18
419.07142857142856,26.992439073163382,7.135769968661972,14.019301694083314,5.905716793650434,18
419.1428571428571,16.10748116695709,2.4710065646165185,6.377569383917863,0.9116483667472725,18
419.21428571428567,18.11578559787299,5.473300717412733,9.994979106663397,4.789391631032859,18
419.2857142857143,12.042350792768879,1.9522582378755773,5.049041379880397,1.009334935371665,18
419.3571428571428,12.170428930360517,2.4781660293333267,5.716734205747427,1.647357288086627,18
419.4285714285714,13.742077997966499,2.7204212046764074,5.973566833099471,1.1598035678451368,18
419.5,16.643233367082694,4.469028716154521,7.549628174199257,2.16840009051481,18
419.57142857142856,17.94222046691273,5.36911501550149,7.468018556022296,2.001360992508898,18
419.6428571428571,21.066169668628703,5.924349402378565,9.001058518933316,2.4882613058520247,18
419.71428571428567,19.600822314586402,6.61362484160256,8.054407501859751,2.4209507292760044,18
419.7857142857143,20.290168895615185,7.578315995618744,8.299301482288552,2.7351843545397156,18
419.8571428571428,21.89213861775391,9.141128846284747,8.514264171212352,3.233695585830712,18
419.9285714285714,27.872824097024868,10.751311544791484,10.310080071517023,3.7186239587248218,18
420.0,29.11592169042856,11.472921446490199,10.984335304277009,4.036172373398271,18
420.07142857142856,32.879969812839626,12.558315783194413,12.807846283946413,4.487615610230777,18
420.1428571428571,33.81777038323491,13.444554373630591,12.709326247741219,4.729396514013033,18
420.21428571428567,33.67573591254387,12.69283385582665,12.652522446161134,4.431415642894866,18
420.2857142857143,27.501578628779516,11.668305500887099,10.543407780874178,4.150566131657999,18
420.3571428571428,26.447293952203474,10.425629564274455,10.120214190147943,3.6794566353964684,18
420.4285714285714,26.612447317990053,9.279645910400976,10.086242572356639,3.2472990186508035,18
420.5,27.36166517825364,8.324734392374804,10.281213702311891,2.882888692573276,18
420.57142857142856,26.063362141884994,7.725863317959265,9.7877151663397,2.660592380176767,18
420.6428571428571,25.044291637940525,7.437926804122538,9.418025256451838,2.5163137418144097,18
420.71428571428567,24.86954891896669,6.282190910872146,9.5008503965114,2.0958493198473693,18
420.7857142857143,27.907588497194904,6.4248725109834215,10.618770540394808,2.0767614093342592,18
420.8571428571428,95.24527819182711,69.03785194964253,68.99666185515281,59.159089612098704,18
420.9285714285714,103.30696038677797,70.06106549887038,73.1206379415452,60.166194100046695,18
421.0,103.57238247280375,70.15044883772623,72.5881056528125,60.21909403859334,18
421.07142857142856,111.4151231056808,74.6864454658551,77.8229884605361,64.12886970076865,18
421.1428571428571,90.01183611691158,51.14742872653212,58.598128737611525,43.888619464650375,18
421.21428571428567,92.32652219953245,52.64277921993576,60.534447369581144,45.14621893601458,18
421.2857142857143,91.48650296209377,53.37943539574251,60.83609200024252,45.682299767858765,18
421.3571428571428,97.18314853599121,59.36197978383982,65.87201836680005,50.83651608348793,18
421.4285714285714,106.86756127115648,69.33103520277412,74.4082823397376,59.42745430772117,18
421.5,114.90005191444527,82.38471858055992,83.96364912302995,70.44767499271515,18
421.57142857142856,122.4821807136221,87.74707934364558,89.15368231972168,75.07674812512646,18
421.6428571428571,112.96366372773797,79.83666026397951,81.69952356935939,68.24693196699992,18
421.71428571428567,93.31425052326628,59.990917335720226,64.77316517660066,51.26375045857957,18
421.7857142857143,79.07037519493906,45.78308695143845,52.96515122021886,39.15440395066477,18
421.8571428571428,80.63587958674374,49.86564805744289,55.39445638504886,42.651138817925485,18
421.9285714285714,70.73284000990313,41.857844501394766,47.786578520184115,35.78879346311641,18
422.0,72.98288062206743,45.84738856257097,50.42789427456653,39.26427068512996,18
422.07142857142856,79.52246914680929,51.84764258222293,55.653342498565024,44.43734852752744,18
422.1428571428571,77.63482785478942,51.88779019806347,54.71293071564885,44.490995740962376,18
422.21428571428567,71.4654157690347,49.35022669855641,51.10571079983898,42.21175303952697,18
422.2857142857143,24.786798437282478,6.253548095769572,10.387290052378335,2.513443140921951,18
422.3571428571428,21.021526087378408,6.17999062329505,8.9017778747141,2.583445086253369,18
422.4285714285714,20.150049638816576,6.705684121762197,7.837216412997361,2.435748079550358,18
422.5,22.04220061216573,8.485835239943865,8.563182930110464,3.007369912913504,18
422.57142857142856,113.25553595966485,90.73345490474922,86.25223762699405,77.47506868161177,18
422.6428571428571,116.90468440245459,92.9657645226033,88.6688080652015,79.38320455275469,18
422.71428571428567,29.311127335882595,10.07820420286847,11.268503932378223,3.409290535597628,18
422.7857142857143,30.051052254000524,11.982603403188971,11.05658266919218,4.1371014345260715,18
422.8571428571428,31.992703633505034,11.596943226465251,12.45429539736757,4.000086456938592,18
422.9285714285714,36.833672712858494,13.033067362543154,19.426452362603605,9.144228422874532,18
423.0,124.37806816638371,88.15373696337498,95.41054920295564,75.32490045735466,18
423.07142857142856,131.41897493203743,91.64589313750801,101.07010361571085,78.3273139584517,18
423.1428571428571,137.98260635746814,96.33884756247099,107.12627251517064,82.3021582373729,18
423.21428571428567,45.760370245892055,21.530129866920937,28.802354297965042,18.532795259386027,18
423.2857142857143,50.228858992580115,20.302753295802543,34.77117694268652,17.922814547734635,18
423.3571428571428,53.03339772369357,21.509591726675225,37.24263174630329,19.482152283380074,18
423.4285714285714,50.346302127231176,20.68290947520986,35.58563834867015,18.83093302968861,18
423.5,28.530276440093697,8.851768343505718,16.81577591321463,7.695042514328464,18
423.57142857142856,33.75440444991027,11.015148309311538,19.028866963410728,10.051067540906121,18
423.6428571428571,37.347805931678856,11.586180323080882,20.45936378822893,10.083024392136233,18
423.71428571428567,42.58148563405815,14.051532051684903,23.58613332357432,12.28177650737484,18
423.7857142857143,58.005175800481695,20.638692190459057,37.03615917028604,17.958684309186292,18
423.8571428571428,50.609275234867994,15.378554845032989,29.470242765908953,12.115754954889926,18
423.9285714285714,54.49230773021684,16.589156964091558,30.634973484552855,12.467635193217415,18
424.0,68.2146458580897,21.78273787214247,40.87590871139527,17.675734309441403,18
424.07142857142856,58.2862656587982,18.920382142494343,28.79172883056081,12.415953588075437,18
424.1428571428571,66.01992827573167,19.78530211924201,30.704551492648577,10.837915846580268,18
424.21428571428567,80.0400249787194,25.320157850970936,43.87628527069211,17.583778895496128,18
424.2857142857143,67.0937288175981,20.777308777923082,31.720887260336994,9.802830271272065,18
424.3571428571428,65.49091447195315,21.222783856783284,28.211376023544645,8.863449871078766,18
424.4285714285714,63.22091967814916,19.92331863318623,27.54709358859713,8.683991234994487,18
424.5,69.17307142643267,19.22846062056127,34.91503853288384,11.275905511212686,18
424.57142857142856,61.00268617157376,17.48272115434253,28.125705650044658,8.801177927545707,18
424.6428571428571,56.089901288289056,16.291305474246563,26.704433376417942,9.62718666518424,18
424.71428571428567,45.969262707778924,14.365379537667346,17.24662672896027,4.775340223244849,18
424.7857142857143,41.3455741964042,13.711381631331305,15.792900447154535,4.642561060840844,18
424.8571428571428,36.50601723739388,12.377044813091699,13.940731466567884,4.148802740780269,18
424.9285714285714,33.20398977159486,11.994376544855037,12.703069172338328,4.030145073220694,18
425.0,37.12154244324995,12.527283684967163,13.984683307855539,4.330909433096168,18
425.07142857142856,50.56030966232791,17.992870722377987,27.950419440652198,14.51146823481245,18
425.1428571428571,47.962524229635164,15.702066406585262,25.35163988234103,11.50925002352789,18
425.21428571428567,45.08232516757776,15.679834732326304,24.133514029759063,11.688567652584597,18
425.2857142857143,41.02334867219309,14.099273017771202,21.608353247257927,9.854935085473818,18
425.3571428571428,35.83026115674845,13.264805484108082,18.711163431695276,8.5830062811585,18
425.4285714285714,37.262338085750216,13.413881677851244,18.745460553020322,7.62591772972521,18
425.5,37.285162986978,14.287588378656304,17.147366019838678,6.568012582864403,18
425.57142857142856,37.74791498869696,14.415572245366223,16.434489699036824,6.01098384676325,18
425.6428571428571,44.2825467018178,15.350179918453138,20.32442385500563,7.6824180858662405,18
425.71428571428567,49.62261745418616,16.260324923266516,22.705731881470253,8.336725538115193,18
425.7857142857143,54.491234143244455,17.867490901382368,26.431122284837873,11.143165649703375,18
425.8571428571428,54.55916816507079,18.439290734055813,27.500618195186355,12.828041796779944,18
425.9285714285714,41.81105780538889,15.1347502386912,14.89094438064444,5.183806637860567,18
426.0,43.295843825500775,14.531118954772934,15.488401491840792,4.879780047520194,18
426.07142857142856,40.11026859995062,14.400389010574425,14.10518615254421,4.824563806291446,18
426.1428571428571,39.08685638569259,13.762348424228538,14.025903714710143,4.5654307199719755,18
426.21428571428567,39.672359629855585,13.237657067714709,14.319541600142811,4.358358678306217,18
426.2857142857143,36.05865531635559,11.291157853514928,13.013239167476778,3.6506720715383634,18
426.3571428571428,30.57954924861532,8.65853060175336,10.986888599364544,2.7581897507778863,18
426.4285714285714,27.90497490154548,7.128175079884465,10.331105848149132,2.1712023995227727,18
426.5,23.78226892241937,7.438301644206123,8.574191461301883,2.357888677936924,18
426.57142857142856,31.564169814107437,8.937475421608722,11.680120069747135,2.959078171163169,18
426.6428571428571,37.78750662405721,11.046771005430559,14.21893857442963,3.7264947982966046,18
426.71428571428567,40.634025097114815,14.659285992777141,14.717500092820137,5.040387071903772,18
426.7857142857143,45.45428788590175,17.108822770551797,16.688635365563275,5.899941096930028,18
426.8571428571428,47.4215162970774,18.52760578983545,17.593289180780552,6.39657535192401,18
426.9285714285714,47.883042719175414,19.094139356623373,17.566786459764746,6.629644812919996,18
427.0,46.99041268833441,19.23542695481155,17.390885483893307,6.672773474732493,18
427.07142857142856,47.50658949597226,19.373979523474574,17.771437777070844,6.7902509472775865,18
427.1428571428571,48.526451147027466,19.900178583889335,18.220827485009686,6.985217073064985,18
427.21428571428567,49.564627304841544,20.333637186496457,18.909649487684465,7.144192743557331,18
427.2857142857143,48.499157270721284,19.792647400768207,18.157405342153456,6.982906851684207,18
427.3571428571428,47.975169236206845,18.990692466675704,17.774114114781636,6.728139455695528,18
427.4285714285714,42.612407078923816,17.896650546208505,16.34774838673432,6.344677198345229,18
427.5,38.04738060021945,17.364351523048562,14.62501853092192,6.191257839880491,18
427.57142857142856,31.87609447931729,16.108773119442667,12.222247687861593,5.712959246953839,18
427.6428571428571,36.39437126178395,15.586623857149227,13.799965651117393,5.470917939075307,18
427.71428571428567,38.69320571573102,15.242656829059731,14.532032412577397,5.310930413065656,18
427.7857142857143,41.38400699743652,15.009727396260423,15.347010482557957,5.132265354040318,18
427.8571428571428,41.15683420530552,14.65443658492516,15.090315354254788,4.977201725745901,18
427.9285714285714,38.91497362043138,13.461441572174559,14.315145108987531,4.530266882345275,18
428.0,37.27655374719209,12.789394064220982,13.63127994362114,4.286153903612072,18
428.07142857142856,35.68416400009114,11.650904401859433,13.02554319392342,3.85725143667403,18
428.1428571428571,32.296212467451724,11.193700638166927,11.515365026047677,3.737724048883364,18
428.21428571428567,30.856977939287194,10.361176247296696,11.24051534249636,3.4307516039786146,18
428.2857142857143,30.777243532807567,9.573187208905265,11.066849045973681,3.1980876982833784,18
428.3571428571428,30.815808264439816,9.814997144680714,10.94881202850463,3.334693279915311,18
428.4285714285714,32.67532771588518,10.001547159215407,12.105365106525165,3.4104565345183326,18
428.5,37.65012379675206,11.462009584907854,13.618929325355841,3.9631905930005145,18
428.57142857142856,38.42402848688673,12.939815887679325,13.646456099710552,4.532982869160928,18
428.6428571428571,40.36536744642392,13.985392628477184,14.41961657100976,4.919536767797624,18
428.71428571428567,42.38266076580073,14.338910739722873,15.310234505994163,5.045393973380855,18
428.7857142857143,38.11148647365667,13.735470564587272,13.774621079420157,4.846720292266426,18
428.8571428571428,36.992374018391615,13.286613484119233,13.298622901421266,4.7057858968032455,18
428.9285714285714,33.49414180131272,12.29527510250988,12.186127228107507,4.326436753297935,18
429.0,31.38826058947447,10.911606168397183,11.445187643727094,3.83666132614211,18
429.07142857142856,29.55029122121857,8.812751530291203,10.963483354406122,3.0672138505445417,18
429.1428571428571,27.695076827260603,7.424345091419119,10.30251833858068,2.5987205250732948,18
429.21428571428567,27.630801895017857,7.08178402709438,10.251966174224403,2.3721392624669018,18
429.2857142857143,26.094719440329673,5.830723554425129,9.537936470220952,1.8655703304524285,18
429.3571428571428,27.521782805525287,5.996188291511251,10.4534338224376,2.0057494903694457,18
429.4285714285714,28.069226555786937,6.605198096591913,11.003067121341884,2.2570542693027242,18
429.5,31.947634201736435,8.471216481548689,12.065544638599091,2.8647016340617437,18
429.57142857142856,34.17519783365253,11.148549577545802,12.612297844026912,3.807766631088639,18
429.6428571428571,38.736529673342126,12.579042655433744,14.500329758576175,4.272725218898873,18
429.71428571428567,39.45751706362186,13.938995394563223,14.533739183227686,4.748414828425251,18
429.7857142857143,40.15654580302965,13.252839565333886,15.71662439813492,4.660066377734857,18
429.8571428571428,38.96667101669302,13.055225080065615,14.763559408817724,4.4646179003524455,18
429.9285714285714,37.61484331708931,12.630020176596547,14.196486677076393,4.2873153822669074,18
430.0,41.358556053199,12.731146949526455,15.81940211603377,4.327041754837369,18
430.07142857142856,41.20836623042808,14.90039359623339,15.49613511472687,4.972914208795768,18
430.1428571428571,41.5388424465444,16.573309705639097,15.265018312490463,5.509821241910091,18
430.21428571428567,40.04797261166464,16.980705746159526,14.982271020751623,5.668718255942972,18
430.2857142857143,36.49597331269305,17.233707096334523,13.894613498113149,5.796122533060724,18
430.3571428571428,31.731118337453342,16.403174913974887,11.40006900333685,5.488579465773258,18
430.4285714285714,31.705703789274594,15.480254593718822,11.650788437397809,5.175593273704696,18
430.5,31.008239412616145,14.52606171945399,11.424353920454385,4.873924831628017,18
430.57142857142856,33.88777987687944,14.11432784685435,12.691224840282633,4.726353768372552,18
430.6428571428571,32.36575063839972,13.928502495340119,11.881108272633371,4.673144243110911,18
430.71428571428567,38.37210005625902,12.542552811360894,17.217325833901068,5.731531389249056,18
430.7857142857143,36.61962877804659,14.165526695674298,13.133900190234487,4.776367277495577,18
430.8571428571428,37.353791883088924,13.079216314203114,13.506743756328566,4.4318991429646095,18
430.9285714285714,38.04434358437724,11.957155854197662,13.767223436130013,4.069563878153728,18
431.0,35.585981950797986,11.038012194367107,13.276871092109962,3.8208452855219974,18
431.07142857142856,31.30102880001078,10.139987921275686,11.42422688444508,3.504788432392227,18
431.1428571428571,32.54619487688874,9.949506360364033,11.98621596903565,3.4277454619622905,18
431.21428571428567,31.633116217229123,9.899155976712953,11.574640676449148,3.401378929852886,18
431.2857142857143,37.473633492148124,11.297028255214352,13.53762717961005,3.852103136723401,18
431.3571428571428,37.626564211594925,11.721218401590868,13.405801283124811,3.985233315238597,18
431.4285714285714,37.57329431112042,11.265082124568762,13.744333702638325,3.7901196720571053,18
431.5,38.12343151808706,11.613435897156215,13.789490405442248,3.869180259624261,18
431.57142857142856,37.42709254422065,11.59959211034959,14.173150813537037,3.863501537994937,18
431.6428571428571,34.318358634960326,11.544590155063002,12.972391919877316,3.8850528722543434,18
431.71428571428567,33.393308812939765,10.592971645820764,12.680956904357988,3.5651921353318583,18
431.7857142857143,31.528948281427994,9.616663123338142,12.1300620473605,3.330782877250377,18
431.8571428571428,28.65686594448311,8.141918468188733,10.82764636496728,2.9053579174291375,18
431.9285714285714,26.94754690940613,6.782940381874464,10.319387867023655,2.536043003556519,18
432.0,24.17098290367922,6.659161606304022,9.441917371483198,2.5046268744110223,18
432.07142857142856,26.11220387623427,6.4205350366666245,10.568220025726529,2.536483081544515,18
432.1428571428571,28.095041928103775,7.097573607566566,11.158563384078482,2.646327785054677,18
432.21428571428567,26.030449403784253,8.22268854278156,10.554085150391709,3.101998917825679,18
432.2857142857143,30.484784988712864,8.39455800278013,12.261631514890466,3.0577183869202695,18
432.3571428571428,31.76265373053525,9.191942472819601,12.282183049619581,3.257037513458183,18
432.4285714285714,30.958902374513276,9.40071321695472,11.861798510225656,3.3169984220985094,18
432.5,31.85345549605757,9.545579627337412,12.26330610713563,3.3106750077996825,18
432.57142857142856,30.693721979232777,9.691180683196665,12.03162424341623,3.353412095309745,18
432.6428571428571,30.244600375554704,10.128492332946093,11.946925050400939,3.421838548418736,18
432.71428571428567,28.01387838818679,8.297513553305347,11.797516585565798,3.1197949955318474,18
432.7857142857143,22.013355305274214,6.492617499803712,9.027933229784752,2.375837493049261,18
432.8571428571428,18.691906266227512,4.016142483966379,7.600229679780256,1.7139195796061555,18
432.9285714285714,14.067834504251653,3.8811663991794703,6.10247683068659,1.7935832995241132,18
433.0,16.054361905271772,4.147053573550692,6.707316302286146,1.7859256288633454,18
433.07142857142856,18.730817910536096,4.654294883624547,7.667128747594631,1.9373311102547492,18
433.1428571428571,21.455077056016307,5.152422941494034,8.882359882391947,2.111221927964509,18
433.21428571428567,21.234524151602898,6.291894914432366,8.831856096235786,2.473512841614568,18
433.2857142857143,27.018996468869414,7.1490161920719855,10.84348385389519,2.555860145314645,18
433.3571428571428,29.774801162466556,9.098129522951748,11.654267012101235,3.1963430995801114,18
433.4285714285714,32.86755039257009,11.080191308617348,12.592145025113004,3.8700039876408407,18
433.5,36.39513018409469,12.671746520174578,13.779029644713791,4.3965259171459765,18
433.57142857142856,36.92492901462782,12.574413297982863,14.04008604928642,4.3645990535248576,18
433.6428571428571,39.23588846560184,14.217454332202994,14.732658537083907,4.932497196651575,18
433.71428571428567,43.11436181735595,14.87659933948411,16.505553409728307,5.169523420939867,18
433.7857142857143,42.31288818329028,15.347905529182897,15.558138526157316,5.308618606415446,18
433.8571428571428,43.06782170212563,15.334076627257732,15.799978333906935,5.2799607272367135,18
433.9285714285714,42.95782523191165,14.656814160635902,15.762704966084868,5.054570857509972,18
434.0,43.31438179842046,14.211155001772322,15.92342117017581,4.895961330004626,18
434.07142857142856,38.54861892351795,12.47903574872774,14.229423571220462,4.29953580868284,18
434.1428571428571,32.43496108987462,10.815924282061582,12.379199262833692,3.748587813120648,18
434.21428571428567,29.801204016946137,10.239613459893581,11.49189578708769,3.6031635775255397,18
434.2857142857143,32.23334853159478,9.368661193228931,12.432559457087418,3.287719887869722,18
434.3571428571428,31.243251999702075,8.66811042742966,11.968349545482123,3.0086612574249045,18
434.4285714285714,30.493672071319,9.137343764007738,11.578345156170974,3.205681784676513,18
434.5,34.83507013025525,10.865040881575343,13.159935925785385,3.796352035285008,18
434.57142857142856,38.07199720716188,13.07850848431695,14.464872745480763,4.5554302297190015,18
434.6428571428571,39.38760005103513,13.412360311216874,14.77006136218918,4.625162589749953,18
434.71428571428567,39.94233165858646,15.482963585927257,14.77838050552753,5.310236060547995,18
434.7857142857143,41.769068343272004,15.734729305770871,15.463219074125117,5.397662725717976,18
434.8571428571428,43.360890907665684,15.940138669944096,16.202444766121157,5.449440118599045,18
434.9285714285714,49.9739760985834,15.203413929989404,18.522089128181587,5.191614267890319,18
435.0,46.57153117862247,13.16224367882964,17.429061204418563,4.482206601428686,18
435.07142857142856,46.570300417347376,12.763726631214075,17.44425397410905,4.397880752608373,18
435.1428571428571,41.099641147219764,12.375782874072268,15.509120659476213,4.252838619017482,18
435.21428571428567,41.987333043021906,12.189713945596045,15.717615932240696,4.189649525757772,18
435.2857142857143,36.45002942661231,12.016202841788832,13.712481724079897,4.1246440502467525,18
435.3571428571428,39.53042503413772,11.614978168523281,14.642805857181942,3.8496513317633236,18
435.4285714285714,43.69057866806223,11.376175670330422,16.046479653359107,3.797916553110131,18
435.5,39.56422915690775,10.992444513311606,14.519147883355938,3.5582323101755278,18
435.57142857142856,39.675836480682975,11.097865933200284,14.632287404351711,3.5895746935619846,18
435.6428571428571,41.93982766280634,11.068118062210882,15.917833638758568,3.5338121578242836,18
435.71428571428567,38.55559168372956,10.416735806862649,14.148058773086802,3.335324704543475,18
435.7857142857143,31.52665664604115,9.25693584495725,11.703373435157916,2.995343615672113,18
435.8571428571428,30.035256925169875,10.19515635553043,11.131542152227272,3.3396423617552817,18
435.9285714285714,30.46156705462774,9.930917401719467,11.422111609704105,3.312354874542855,18
436.0,32.50730262096694,10.259699282879863,12.174280005651385,3.4432842890697226,18
436.07142857142856,34.32793029872621,10.659936554102853,12.824371902955532,3.58604587951322,18
436.1428571428571,37.26287486060593,11.941877290333606,13.98837958354082,4.0852030054989825,18
436.21428571428567,40.80570006573048,11.801811691286012,15.620743681888925,4.043491071003471,18
436.2857142857143,40.817813260999706,12.204024607224419,15.241966240313436,4.217335598940843,18
436.3571428571428,43.153168182358364,13.218683487517088,16.784623510277328,4.563213539612553,18
436.4285714285714,42.49375591241936,14.023806416280017,15.906938458530263,4.929609616461765,18
436.5,44.591711914118896,15.188761154433722,16.799499265693395,5.363473727409293,18
436.57142857142856,43.88320107434851,16.6478404813313,16.518598360271987,5.870882792999674,18
436.6428571428571,43.68927214476933,16.85657797649525,16.51303305724795,5.976169512904864,18
436.71428571428567,43.66978003591688,15.50481562961082,16.571679110477387,5.521117482978833,18
436.7857142857143,41.15679253891244,13.756053017939996,15.488653623331135,4.872418243332746,18
436.8571428571428,36.08811707952058,11.402515591220961,13.886814825466004,4.104820250722797,18
436.9285714285714,31.179887216261395,9.458204474738581,12.107901703442764,3.402371002105122,18
437.0,27.94055613371756,7.849384080813129,10.869222546480113,2.865290460330502,18
437.07142857142856,26.277041366318713,5.978583614245564,10.198420466279261,2.1963501565121772,18
437.1428571428571,23.27285793768669,4.662492727506396,9.226984089767253,1.6742859029319328,18
437.21428571428567,22.52235450607494,4.172975632055012,9.45595847448338,1.693068103263095,18
437.2857142857143,24.419388915833306,4.828081058467326,9.770737138106623,1.7290197825629048,18
437.3571428571428,29.007896360265267,6.457138594926814,11.570397014750784,2.2430162934263316,18
437.4285714285714,33.658708172860756,9.155413497883854,12.751077815192662,3.0330623257030505,18
437.5,36.63640691603545,11.974525881782563,13.459818552101343,4.07296680991435,18
437.57142857142856,45.08331834646574,14.126502610446886,16.821849723867984,4.767699153639833,18
437.6428571428571,48.882986487205855,16.11101975105979,17.853499950705785,5.501163922970601,18
437.71428571428567,52.13141723206905,16.994059124276337,19.137387035699486,5.770129622012911,18
437.7857142857143,56.71934012132683,17.325594518554926,20.881269143185612,5.869947840854259,18
437.8571428571428,57.051399403987794,17.666170852600118,21.10276009504864,5.980104360595582,18
437.9285714285714,56.270974598185454,16.931767515343818,20.993269595691434,5.700564344177797,18
438.0,54.02279099198582,15.703316638810966,20.110095593926822,5.217220939404424,18
438.07142857142856,52.29179756221153,15.02914927235203,19.356976998734808,5.0008467758894435,18
438.1428571428571,49.16854686875486,13.39404663202334,18.30984202062123,4.4164022523301885,18
438.21428571428567,44.86170137888623,11.10646121462443,17.077368750236126,3.606427286214398,18
438.2857142857143,40.02943679401875,9.77210898814475,15.1593494797692,3.1316914863175036,18
438.3571428571428,35.21561981346975,8.723888533531118,13.270723108519235,2.7789143344085754,18
438.4285714285714,31.61557645715181,6.801845209781756,12.236326414012796,2.207145368688217,18
438.5,31.722499734298175,7.841394095233553,12.00285200609179,2.5432255684173404,18
438.57142857142856,29.903856205946052,6.727050782591583,11.722665488717967,2.23826459565842,18
438.6428571428571,28.395386291985442,6.782208339040458,11.00204191557055,2.3035984154652622,18
438.71428571428567,29.94456636154874,7.6548807179484,11.949409825156158,2.7088476001469535,18
438.7857142857143,30.043675746154143,8.36440403650506,11.70491054352306,2.9199976083002612,18
438.8571428571428,33.7276277881274,8.47393498493388,13.513593927157663,3.0928738571107957,18
438.9285714285714,36.8412767602181,9.891252497138295,14.698551899601448,3.6034519037093555,18
439.0,33.40258381768807,8.885355029424911,13.622861625203836,3.243003968536183,18
439.07142857142856,41.68909984450604,12.747611507078059,23.661742208658602,11.310505192082443,18
439.1428571428571,44.22842108412716,14.140932330994435,25.790337517105115,13.192934678780912,18
439.21428571428567,40.191293661265846,12.411579419973666,23.194061792990954,11.764801692758743,18
439.2857142857143,35.637746308151605,8.449224066051192,19.94064681254143,7.954975488597766,18
439.3571428571428,24.76486857328053,3.7253369664935447,10.622193998624828,1.7120542422689315,18
439.4285714285714,25.067618264803578,4.229858244638155,10.872433448688604,1.911026223807066,18
439.5,29.973571475134488,5.6508438186577346,12.83273267230023,2.306940109070502,18
439.57142857142856,28.90344170821819,5.760016899458009,12.249536733661413,2.338251176354468,18
439.6428571428571,29.61499394284444,6.187187632086008,12.870473115352668,2.4854646855484726,18
439.71428571428567,26.928485807053896,7.124047846262656,11.569345793818448,2.7780389262758107,18
439.7857142857143,28.670194933996545,6.317521954925834,12.201320385755505,2.516612653863461,18
439.8571428571428,28.681107972914848,6.277629485627076,12.321048736399783,2.5743794222812033,18
439.9285714285714,27.78381253555687,6.558757855260939,11.829813523789557,2.6431791158200264,18
440.0,31.191554981551977,6.510838252360319,13.58978069899497,2.647674975112825,18
440.07142857142856,33.827998221216006,8.620487814166836,14.28524426930535,3.1958255495131267,18
440.1428571428571,35.66575549971381,10.882451358012581,14.717350578685624,3.8650841918589185,18
440.21428571428567,37.875437407433694,13.218407504303782,15.973405694990696,4.633319675482975,18
440.2857142857143,42.39856933544534,14.590649673734797,16.71983723294917,5.000348242084318,18
440.3571428571428,52.179243352217675,16.571120692739676,24.259916524921763,7.927824605461624,18
440.4285714285714,49.69582622794372,17.157564245558724,23.16191273874989,7.905743532114238,18
440.5,47.936649240710615,17.99101656678097,21.89678983807977,7.339258490532289,18
440.57142857142856,49.78898542372395,16.101083328274147,22.12350031455928,6.454939152397778,18
440.6428571428571,49.08305866416562,15.694240680795264,20.58297297018223,5.7586802553467376,18
440.71428571428567,43.456951106609154,15.902238637821092,17.771780935029465,5.325157820084249,18
440.7857142857143,46.39426291266718,14.89159812983088,19.865728607627002,5.623218637929403,18
440.8571428571428,45.08327680851926,13.538449769711582,20.654354436790204,6.700212401958622,18
440.9285714285714,41.781535413452275,13.538628895832804,20.664355208641574,8.317705877595715,18
441.0,41.29569468020173,16.028646986998616,21.789298651890125,10.726816223291697,18
441.07142857142856,45.14906818794775,17.53403452165598,23.995146844383473,12.444814746188463,18
441.1428571428571,53.664694261183946,20.220862184055655,28.07255236826396,14.344860536789193,18
441.21428571428567,57.40435923643117,21.550439473783758,30.101535398615038,15.016224826571687,18
441.2857142857143,63.289126077872105,21.359702835531994,31.570783531439762,13.501911913868994,18
441.3571428571428,66.86956260080447,22.49545403670363,32.06501538479206,13.757986848129702,18
441.4285714285714,55.43793531476599,20.48095732422784,20.37534998980277,6.871926127762246,18
441.5,54.717037052005416,19.651695333203666,20.484583185037405,6.614680722621806,18
441.57142857142856,54.831092285497604,18.329439025732615,20.775020047666086,6.224785387760108,18
441.6428571428571,59.023032991031094,17.132346044289864,27.611318573508047,9.459175799453893,18
441.71428571428567,52.77542294169061,15.2559989551276,24.023006109253135,7.560320062659936,18
441.7857142857143,49.86898840178829,14.337657597747016,21.969814242148622,5.993027228668116,18
441.8571428571428,46.88833633087766,13.538421233724913,19.990683720498783,5.34025731906896,18
441.9285714285714,48.68286700177739,13.533350139720415,21.798172534755295,6.111085665936356,18
442.0,43.13493848821542,13.126879505395573,17.00433007730269,4.731438277123108,18
442.07142857142856,40.237218496494734,11.394589982786888,15.710318793809236,4.1271978555317315,18
442.1428571428571,34.10292472825353,10.370588958854848,13.614344114059259,3.840727859332193,18
442.21428571428567,34.038689596357564,8.055967171565575,13.722476059081078,2.988541426389167,18
442.2857142857143,45.826919109312975,14.633122830973159,25.24926555557812,12.2070420271954,18
442.3571428571428,44.125702266466384,16.587124202896174,26.081755960312638,14.451293467729002,18
442.4285714285714,39.171804628465694,17.9891379127957,24.77193969802502,15.675834082561469,18
442.5,37.61452216865253,13.398621839849174,21.236718562163716,11.22702454327825,18
442.57142857142856,41.07962534182806,13.75057375980284,21.78983240972671,10.27708857765164,18
442.6428571428571,45.69588200403281,15.779729417909088,23.004585724458174,10.185460014527633,18
442.71428571428567,47.871132069981854,15.786763869244375,23.167541182751886,9.049231476100546,18
442.7857142857143,45.59914057787264,13.921415031954467,20.098476729963092,6.0453678569459806,18
442.8571428571428,43.34657546791787,14.407297316120427,17.787970056270428,5.18860082740709,18
442.9285714285714,44.866594859293876,15.873923404293707,16.84872359643263,5.436327400298961,18
443.0,53.75132861220809,16.21295211691275,25.172997885608023,9.065044151039062,18
443.07142857142856,49.10302961638592,14.21057876350261,22.951956397771177,8.127191530204922,18
443.1428571428571,48.104285379453394,14.685974696023221,23.401828480887513,9.471272991694748,18
443.21428571428567,52.0073875930393,15.553631533387307,25.724753779400267,11.004066224224825,18
443.2857142857143,45.468465750951964,12.968584136831536,22.495327372477668,9.00102224570486,18
443.3571428571428,45.16177548471625,14.015231521697103,23.502225875577746,10.830648717889666,18
443.4285714285714,44.606685524674326,13.375854151274199,24.227373846013,11.039088965006522,18
443.5,46.837894350941355,12.373638179638911,24.516993389533493,10.322830304067988,18
443.57142857142856,38.18701113703795,8.595669748363616,15.733156913391761,3.3860780962960795,18
443.6428571428571,38.182426767168785,9.904594825504553,15.730371364461194,3.86622626978281,18
443.71428571428567,33.063425264533564,7.938334605835991,13.505901253852427,2.8542133920788024,18
443.7857142857143,28.397054393831276,6.591393369599361,11.927632308873367,2.6576240646676,18
443.8571428571428,30.121996174284018,5.725966906625401,12.877139505768895,2.4275193837712536,18
443.9285714285714,34.72375435863497,7.294558550007512,15.146907497955493,3.334551150610778,18
444.0,40.74960120971267,8.295382489811628,16.812440159458266,3.4320213003821447,18
444.07142857142856,39.895014037997,8.099344166974193,16.734594631945082,3.4047303727351723,18
444.1428571428571,35.74180425799243,8.329394904699054,15.384397482065262,3.8207723883391274,18
444.21428571428567,42.05532858400026,9.792737863695352,17.238124666287465,4.011179260618189,18
444.2857142857143,45.76556186624838,9.977348871024752,18.946152805686136,3.8746095909077214,18
444.3571428571428,46.32486057372107,11.979222902389898,18.540158657896026,4.393208780656243,18
444.4285714285714,42.110449571196355,11.205479510115808,17.33443381367921,4.080545607397781,18
444.5,43.68734450367526,11.556078370230118,17.95177915272251,4.327821350175415,18
444.57142857142856,39.10255404523916,11.38763435624891,15.511045579803442,4.044596117252901,18
444.6428571428571,36.03353818484855,9.938234941460511,14.393551437697344,3.5502411813115997,18
444.71428571428567,32.010935706087096,8.717720606211465,12.796058462228176,3.1581549995650353,18
444.7857142857143,29.280585721951997,7.9512444516179634,11.700786882125927,2.9069982759965836,18
444.8571428571428,29.753182427269895,8.319597657469076,12.172044951776401,3.2289331881465797,18
444.9285714285714,23.03935493259858,5.307071895732157,9.186736271114603,2.0030326463050327,18
445.0,25.3935507397337,6.087907917033309,10.091474065530152,2.182404692853337,18
445.07142857142856,25.800219808467308,6.423342994322404,10.157337030024433,2.264616612233727,18
445.1428571428571,34.193348503025454,10.42406504191424,16.853905068882693,6.473111184880918,18
445.21428571428567,33.80766421905391,10.82320200862085,15.23528997573899,5.11907417325232,18
445.2857142857143,36.20422481184085,11.68141843258929,17.60691296878118,6.344571625268806,18
445.3571428571428,36.67576710124178,10.379079149678049,16.580860408772743,5.031552212692018,18
445.4285714285714,34.51781476162948,13.497167593286713,16.34354164170689,6.434416347516213,18
445.5,37.22697101104113,13.588262455965305,15.94560866024917,5.242248926758394,18
445.57142857142856,38.81883118705114,16.45522660499307,17.01489624077195,6.410000423664333,18
445.6428571428571,48.15184338175106,18.594648140584493,21.899650266283825,8.411793706398456,18
445.71428571428567,51.51187041780135,20.620560935255433,24.017341651037018,9.899140802262936,18
445.7857142857143,41.65262666956379,20.81427934943239,15.514391124641959,7.094297878511896,18
445.8571428571428,38.119194419809794,18.00693084427558,14.420296138922728,6.15093601032691,18
445.9285714285714,39.39646962865767,14.937011016176642,18.844387612289665,8.065517433647615,18
446.0,31.104071925338875,12.727575083599046,11.968966417744541,4.5023970963298225,18
446.07142857142856,30.792076540950333,11.140604229858319,12.158389040246059,4.034510024864707,18
446.1428571428571,29.876799034624074,9.736525894397678,12.741892128063677,3.6370331121879853,18
446.21428571428567,29.948886870131155,8.809989039759921,13.075056582908845,3.511019462734658,18
446.2857142857143,32.837022341112416,8.670716719447048,14.877740680804724,4.0851973463820626,18
446.3571428571428,35.89059654524049,8.105181614112169,16.680338713236864,4.201567991234637,18
446.4285714285714,34.89060420039147,7.692879152186772,16.429433307060638,4.080536472658263,18
446.5,41.5343722766102,10.872311065157932,17.84685290825921,4.10217443507303,18
446.57142857142856,47.81404604338651,12.550005143112944,21.62263026455889,5.749533057147541,18
446.6428571428571,53.101070626158126,12.227843062685448,24.654555364433875,6.7039114711069425,18
446.71428571428567,55.41336771182461,12.663734114062951,26.283255623728945,7.55519003443165,18
446.7857142857143,53.320826923203455,13.083374995720517,26.40239839549048,8.596949522443653,18
446.8571428571428,54.85457719138925,14.26748690396364,28.31766527147476,10.4659704339484,18
446.9285714285714,58.993599111329125,15.078622236375253,30.100414369117537,10.979888187753108,18
447.0,61.25588718948223,15.769703748544499,31.103109281670736,11.080236095470578,18
447.07142857142856,64.65873022473188,17.775684733584978,33.47764917583074,12.888213023831936,18
447.1428571428571,66.60671797552317,18.899279861743352,34.299292183640645,13.225094487279991,18
447.21428571428567,70.8098507452887,19.203102771577502,36.722247213559356,13.989864052035644,18
447.2857142857143,68.92080638396553,19.45131161519843,35.77995346934017,14.078108628622557,18
447.3571428571428,68.42873229403563,20.755505928080574,35.212218759191714,14.12245637767561,18
447.4285714285714,70.40137589693693,21.066901853759852,36.53487540309344,14.18382893364805,18
447.5,73.83156642099621,19.69583492457136,36.98979422630014,12.860241887138143,18
447.57142857142856,72.08820153239529,20.757551862472823,35.21827432361347,11.751928746753496,18
447.6428571428571,62.71447747920703,21.621692834595493,25.583881681336972,7.466329438904314,18
447.71428571428567,63.825676035636526,24.150812177385514,25.776905224934193,8.294287470643996,18
447.7857142857143,60.90654452048614,24.73991397564097,24.702120191195394,8.500327855120457,18
447.8571428571428,59.02384392606699,22.925883872478035,24.234666016558027,7.909763533304203,18
447.9285714285714,55.712083880839046,20.704321227045174,23.205945321812145,7.244791699327074,18
448.0,49.474650452348676,17.303336407241886,20.565208294861495,6.080264140093018,18
448.07142857142856,40.86601840766481,13.54030233194574,17.446423547921682,5.046373801830784,18
448.1428571428571,33.539554362937665,8.32979024107985,15.813647685730759,3.9606873312655697,18
448.21428571428567,27.49840052433455,6.6594598569754195,12.362682534569938,3.111109844950767,18
448.2857142857143,31.577027361699777,6.662939076934497,16.598334287485674,4.850903681949047,18
448.3571428571428,36.41142372246169,8.295202482078011,18.028664287865944,5.137254498463398,18
448.4285714285714,40.848253134293685,13.515380437543262,18.141567649494803,5.178485584606918,18
448.5,49.05580653166697,19.412551664244965,21.620876043416292,7.555574990758059,18
448.57142857142856,52.708412162029944,22.394919839334822,22.73365621005983,8.217568083695294,18
448.6428571428571,56.34506294747607,21.72709497562807,24.970143132632376,8.05983760493076,18
448.71428571428567,58.42970678426308,21.138522852802986,25.9063442120276,7.753144161316534,18
448.7857142857143,53.318655742470206,18.70094277415462,23.974543082991126,7.165705595203498,18
448.8571428571428,53.14194179651536,16.01411094389227,24.688521560556627,7.033916347654581,18
448.9285714285714,50.31592573511096,15.452452195884504,21.88038571108564,5.8142905146612165,18
449.0,47.230031853032685,14.865710366091207,20.152745603364714,5.549654360455714,18
449.07142857142856,48.81434737194859,14.520483746525326,21.336268928772416,5.402235652802083,18
449.1428571428571,45.52057966526825,12.289352653513562,19.779768401030413,4.603839428705721,18
449.21428571428567,46.84843283137571,11.540060327339525,21.719040012770424,5.177517104212033,18
449.2857142857143,42.838177486176,11.598743543819328,17.796364857712977,4.3022476527771,18
449.3571428571428,48.644312818431736,13.245890256658386,24.61269323262858,8.873696672185282,18
449.4285714285714,43.90007346520905,11.003297847857409,21.802638396943653,7.5621056282694825,18
449.5,47.76930927623416,13.416229135481547,24.532737602523472,10.04002097556917,18
449.57142857142856,53.49770373338793,16.195857065812838,26.551678302011542,10.438727192424837,18
449.6428571428571,60.02593848073921,21.269861992403712,29.130088583326906,11.295407109886895,18
449.71428571428567,59.25498427701866,24.56380689447396,28.285783467554115,12.04905722784703,18
449.7857142857143,59.02331539636396,26.1573636578748,27.769739016630847,12.069779607409778,18
449.8571428571428,61.68741601923494,25.384295853794846,29.96658815873995,13.009034887170003,18
449.9285714285714,56.79714775513535,22.233800473797857,27.505026641989314,11.648670586256488,18
450.0,50.65498173612585,17.3524141287872,24.680836084063078,10.049263424286801,18
450.07142857142856,44.54890430925938,12.111992297654895,21.90210574978423,8.153886142113903,18
450.1428571428571,41.54264842244107,10.030281036017923,20.005534688594537,6.712486282634575,18
450.21428571428567,39.14927321322173,9.285539224520093,18.500247881635417,5.648367838047346,18
450.2857142857143,38.520889486789,8.52544860174245,17.13304243438662,4.197993889844924,18
450.3571428571428,42.41106760014345,10.515173105652329,18.145051053137983,4.247996309435306,18
450.4285714285714,41.341489657331486,10.522492386792539,17.019177814162394,3.7462340474450118,18
450.5,43.338256726799465,11.636539362682374,17.5915307260442,3.927089692263583,18
450.57142857142856,52.679460654626325,18.579578264839213,19.671852812176326,6.269104349140736,18
450.6428571428571,59.30115236278505,22.662387102868173,23.29184745523803,7.6399048603899296,18
450.71428571428567,61.16380092462804,27.047582581377114,25.22031199814972,9.33794286789335,18
450.7857142857143,66.28618494501784,28.104797983342678,27.77601926051942,10.241062518391118,18
450.8571428571428,62.51084626693478,32.6929618320838,24.47187796928447,11.046533193315863,18
450.9285714285714,68.51092220430877,32.16796830430154,28.159528846560956,11.490801267747639,18
451.0,63.537192924791086,31.249711065562078,25.456862127634274,10.723321433234988,18
451.07142857142856,59.797168248080894,27.379119685668737,25.562828419111607,10.446936931894472,18
451.1428571428571,50.09383455511211,23.603799870063213,20.374869191807242,8.08579388827302,18
451.21428571428567,45.906054293784116,17.957499284455274,19.41589362103649,6.718942906523237,18
451.2857142857143,44.83943186901142,19.005952443142746,18.732523068689407,6.818022033390711,18
451.3571428571428,45.05454604853823,19.434144127070393,18.324178876589166,6.935404894971859,18
451.4285714285714,47.99896576045497,21.165926501163053,18.988669218862153,7.215267709623207,18
451.5,51.58772204019886,23.235134252066015,19.908445895626166,7.807568049391339,18
451.57142857142856,45.710301864258525,18.941940162344903,17.84010136737599,6.31181009458761,18
451.6428571428571,42.01098740099875,15.673827360580649,15.983410957120311,5.3048836546859155,18
451.71428571428567,39.30551052375122,11.545777054669479,15.628385624322306,4.168686006700055,18
451.7857142857143,38.652433251508214,8.604977255075477,15.658354771674215,3.472893178200936,18
451.8571428571428,35.62534180311907,7.006122695426018,14.783616199330734,3.249136859347323,18
451.9285714285714,37.18515200363519,9.484127898232073,15.442393342385566,4.05320072887959,18
452.0,40.40755863892394,11.595321515908395,16.667361697477276,4.758812979333013,18
452.07142857142856,38.494979240712254,11.107906270001628,16.392697768596346,4.720586146168837,18
452.1428571428571,39.32116969614936,11.859513991521476,16.458733226100758,5.021900413862665,18
452.21428571428567,40.19107149409434,11.281340106196353,16.978496997281255,4.7981118307803,18
452.2857142857143,43.51166243606573,11.522553018834191,18.169077172267883,4.8601729507602585,18
452.3571428571428,42.9946502890493,11.213367242548747,18.004736348648603,4.769188033385,18
452.4285714285714,56.05526014196191,14.231268507180697,27.48971617236236,8.754639118531493,18
452.5,49.49967438254781,17.15966251072261,24.571798577831036,8.769824674598043,18
452.57142857142856,52.26882485639201,18.302122072317335,23.081046725715787,7.325283540382322,18
452.6428571428571,65.38961569318225,25.460809315122155,29.977274646476033,11.588567295857285,18
452.71428571428567,59.55764013614989,27.121500874484042,25.665371189406184,10.565664200602026,18
452.7857142857143,55.124748870109755,26.976714786607022,22.31772066425041,9.425021004623122,18
452.8571428571428,59.10110195476805,28.238220453527624,27.29169130026991,12.608617203101089,18
452.9285714285714,51.59813207438204,22.367484171671986,22.958819891774326,9.451514417316414,18
453.0,50.83188721561797,20.64477831647941,23.44048418076442,9.696169238298387,18
453.07142857142856,49.87411340586525,19.794408260610158,23.37041916433518,9.454378328360926,18
453.1428571428571,47.03038936878456,18.92843206635969,21.55736701245103,8.229519172867269,18
453.21428571428567,53.015741002943095,21.38303634718056,25.158654451098748,10.46840911047917,18
453.2857142857143,48.027233888762176,23.211423222910387,21.349623460165407,9.056664011014147,18
453.3571428571428,46.33088878998328,25.617145653131743,19.021128166033623,8.812395530859733,18
453.4285714285714,43.41584938118744,26.483129669583363,17.400207443230943,8.945646044602906,18
453.5,47.37506617057052,25.52258225856957,20.120677254745132,9.031327328199676,18
453.57142857142856,43.42284993668866,20.979388057639753,18.13478006257047,7.190040161093076,18
453.6428571428571,41.5363145787577,14.17076190164358,19.929927603695866,7.109145844543255,18
453.71428571428567,35.55264828293128,9.718312476734244,17.227828089038645,5.3379150078617865,18
453.7857142857143,30.17232701128793,8.070935540160216,14.408965800959088,4.561401255105686,18
453.8571428571428,32.58708625185901,8.826661116448712,15.530002264790843,5.360318925009958,18
453.9285714285714,30.866053191326824,9.5193415989343,13.767574587995572,3.773945240660422,18
454.0,32.94532519357144,9.47327563718055,14.552677520733267,3.9755168284708517,18
454.07142857142856,35.68288167476884,12.285119238321885,13.675620683848868,4.109314955280445,18
454.1428571428571,38.53834973306688,12.754177418737644,17.231639884997737,5.454093483464248,18
454.21428571428567,39.888365583778125,14.360065737821884,15.822332261066736,4.848917536021294,18
454.2857142857143,47.880702948749786,16.862364717377815,22.37173950608815,7.770163494135724,18
454.3571428571428,45.609623453098095,20.161524545062324,17.808463083990265,6.789365904971907,18
454.4285714285714,46.12645927816412,21.941874881190895,17.74833731322859,7.378674292950668,18
454.5,53.467306398088475,22.208858231947925,25.365117912225152,10.552770236627559,18
454.57142857142856,41.90530292562985,18.860649616556227,15.925541585186135,6.368441672210939,18
454.6428571428571,47.20914968778821,14.753382256364866,21.8411644902966,7.5467256629271455,18
454.71428571428567,36.752090016771575,12.06903662256305,14.446323467869709,4.161492593761284,18
454.7857142857143,46.09880016561859,13.449786184251312,22.73301170986938,8.177926100162043,18
454.8571428571428,46.698836348437766,13.359208181677635,23.373048667034613,9.093123197798574,18
454.9285714285714,41.21070604751183,10.493516388191928,20.672605451208803,7.54383400289688,18
455.0,47.32812718816056,13.213397290431564,23.783624877091082,9.06027626735191,18
455.07142857142856,51.286374806957724,13.416016642436107,24.697922423881213,7.959080509038134,18
455.1428571428571,45.72918496746562,13.131470059760513,22.119542022399934,7.811138916805731,18
455.21428571428567,46.708256687671884,16.35256802425164,21.893582027121422,7.78184722822128,18
455.2857142857143,45.37131477486851,17.071690086035037,21.143586528004622,8.046861386766185,18
455.3571428571428,41.643526573423124,16.234416541707617,19.64359151371227,7.837016313791737,18
455.4285714285714,37.57653657076819,14.786002135387742,16.948874226480473,6.298428790740361,18
455.5,37.18733469617077,15.35900802749144,16.37221513885927,5.931766513856327,18
455.57142857142856,36.18888421721719,17.38091162442808,15.995671994048944,6.661611678448593,18
455.6428571428571,40.322001297719446,20.60838425903713,17.752544034009816,7.916961198575795,18
455.71428571428567,50.23461289132005,24.62225010501335,25.61449512884286,13.22377273065263,18
455.7857142857143,53.63578459103269,24.439746369039028,24.573908760901855,10.714364062646759,18
455.8571428571428,52.51128110640099,23.32234189985334,24.73014105262831,10.799027036532047,18
455.9285714285714,58.57650999549223,24.629942478591648,29.980287930149533,14.677511544235287,18
456.0,55.74396492554995,23.45371873245884,30.272094545957312,15.98784784659078,18
456.07142857142856,54.46632173086238,22.082406152575054,29.55670062356218,15.410886360068208,18
456.1428571428571,38.01305696306276,16.35215760101979,14.631245391611596,5.692927535156937,18
456.21428571428567,47.62064122155724,21.94612887978088,28.323740199149924,17.440561055472905,18
456.2857142857143,28.059092599232645,9.38108012085161,11.391524883977326,3.454773274130553,18
456.3571428571428,24.895449176118348,9.250740574716104,10.210307306268087,3.446148341317219,18
456.4285714285714,37.89420247653,14.74683867829497,21.406056734711044,11.367691032576195,18
456.5,39.39214918473754,13.840022473372477,21.394737755692265,10.319508165558492,18
456.57142857142856,38.14447569862768,12.542977598943517,20.336468602821387,9.231982123500341,18
456.6428571428571,33.15758094122,11.16364646801643,17.681869091030414,8.425576569549326,18
456.71428571428567,27.609656783088024,8.708701117262233,14.762000000943809,6.860092127817579,18
456.7857142857143,23.278497286066465,8.001487233384607,12.794975763274568,6.454164003645908,18
456.8571428571428,22.45908751121611,8.514468155196143,12.721151766016554,7.053385026090976,18
456.9285714285714,25.655352639593282,9.438121691490485,13.527682567475495,6.605955044035438,18
457.0,33.4094208675495,12.870189441116345,17.62251868835584,9.220615254606251,18
457.07142857142856,34.9202451588872,12.297794886686233,17.326868649534642,7.826978648853069,18
457.1428571428571,37.381545502240904,14.46998356312015,19.650118867293642,9.99021528462613,18
457.21428571428567,36.97562311370053,12.394288228262226,18.449920068490346,7.900494206266015,18
457.2857142857143,34.26170410275849,10.789656939643285,16.4143707073193,6.479760640349543,18
457.3571428571428,36.98045844002566,9.736041403987908,16.94268312362906,5.5140899671051065,18
457.4285714285714,34.23902086921615,7.677608305119764,15.038450525626091,3.8453035382091714,18
457.5,32.45557106405588,7.600330498315371,14.998766221984203,4.302141003060441,18
457.57142857142856,31.825009837440536,7.746604170186185,14.650213960350163,4.335165672895591,18
457.6428571428571,37.21230422225954,11.440802671365944,18.435270925474576,7.709780036283202,18
457.71428571428567,40.046115974701614,13.861707421179016,18.614777456398183,7.1133790479470855,18
457.7857142857143,44.278607008753966,16.32526126528583,20.45288610761986,7.836106480800362,18
457.8571428571428,47.160563254390986,17.802965868556527,22.34025324492315,8.787883710562795,18
457.9285714285714,53.72506055842735,18.097370191433413,25.391466604522186,9.81803457735571,18
458.0,54.67719466998554,17.018812665724276,26.554814275893182,10.491335764879336,18
458.07142857142856,53.49866260284306,15.70180517307807,26.59090491460532,10.691714757392356,18
458.1428571428571,48.56118610882596,13.456841326235887,23.420302134550422,9.143727214866972,18
458.21428571428567,43.784411133738814,11.578976048006021,20.316278583203374,7.08502572355486,18
458.2857142857143,46.27609367601733,12.106197407725231,21.05823913696794,6.414681400921456,18
458.3571428571428,48.17556651687366,13.816010269874134,21.508429006041318,6.539004302440626,18
458.4285714285714,52.15954872564812,16.321166194408036,24.385308717527497,8.820649017827183,18
458.5,59.28142814679357,17.776759940307148,26.830101733511075,8.947568959825363,18
458.57142857142856,59.692027077370014,17.80987198607493,26.01917420011993,7.997057442432458,18
458.6428571428571,57.202028063113836,17.135938451881895,23.61946948451595,6.512835805462221,18
458.71428571428567,54.7565608476767,17.143994494758168,22.80520989745651,6.602574784145294,18
458.7857142857143,53.73878216686775,17.554851709305243,22.23376586581833,6.553678404115111,18
458.8571428571428,55.549036056522326,16.525380058267476,22.06675371479297,5.616238024673266,18
458.9285714285714,56.198645811687356,17.74121626789276,22.310049205054295,6.0869518432707865,18
459.0,60.961987226244005,20.281681920128918,24.636889777003958,7.160438705282443,18
459.07142857142856,57.001541460431234,19.511019664500264,22.95047544318981,6.898247227310179,18
459.1428571428571,53.83972942833132,17.64319981175764,22.246468390029356,6.320360314929215,18
459.21428571428567,54.2877385371586,17.15708211883313,23.559124345979182,6.959378572059712,18
459.2857142857143,60.88751397772142,19.00053822531051,28.498470078595467,10.164441376150288,18
459.3571428571428,62.575351957125775,20.73471082452424,30.07845616442217,11.314845037465373,18
459.4285714285714,67.49946406991053,25.233467321333908,32.73960128530222,13.949667863547687,18
459.5,59.58387974114823,22.293313639624802,33.473527696924414,16.471397047886146,18
459.57142857142856,80.7447893955191,27.827804314581762,38.965555973446136,15.517108411258873,18
459.6428571428571,70.700986635649,27.97021143160866,36.144959055594015,16.33280927190705,18
459.71428571428567,51.48021678430891,21.349784471348876,30.838234887584143,17.17534515512524,18
459.7857142857143,74.33972897253888,28.719927156347303,38.67356713601224,18.07421160400889,18
459.8571428571428,70.08629787494435,26.495548949343632,36.58093969279215,16.917577212868522,18
459.9285714285714,63.85525951496145,22.682113820990477,33.62112329631339,15.258768715797949,18
460.0,54.36912016043967,20.35946174661016,29.45983390275225,13.931484905232857,18
460.07142857142856,48.87676661584708,18.713115369319965,26.633298914577377,12.5432082376595,18
460.1428571428571,43.26232620488152,16.016559369334956,23.36077117371577,10.727162825157686,18
460.21428571428567,40.76737157096537,14.137248124178333,21.076719525049214,8.676767907936501,18
460.2857142857143,38.019558973490234,12.441734676711043,18.663282530255863,6.387091407488715,18
460.3571428571428,34.481107639453725,10.291127253184094,15.085084559081253,3.7139002400265015,18
460.4285714285714,33.154037181450455,9.371768083034194,14.6843905190741,3.3310244837225786,18
460.5,39.25617123405562,9.761334262256876,19.13668314882224,5.463167344001258,18
460.57142857142856,41.330141456726466,9.474617682713196,19.19875169738623,4.397722938938231,18
460.6428571428571,59.75523218934432,16.642186478220744,35.436281705322166,14.076098690797219,18
460.71428571428567,53.898118152742406,15.695030632252013,25.66491344553145,7.841996407903466,18
460.7857142857143,62.50274176008683,17.893337989234873,33.44218363535942,10.665954017952163,18
460.8571428571428,62.92905449077941,19.167978793453713,31.608499518233206,9.524446285146736,18
460.9285714285714,73.06054366130051,21.019979532598658,39.41234093698673,12.92495129179785,18
461.0,79.06112152069234,23.37262892858248,42.64120303571624,14.44998858054285,18
461.07142857142856,76.88442905505225,20.40689620586888,39.75674138109172,12.132167417676763,18
461.1428571428571,66.43114615503467,20.389378335154756,29.11962489291976,9.214020273540086,18
461.21428571428567,68.7946931313088,19.28616091319991,29.83239027092197,7.906830266490868,18
461.2857142857143,65.15806446975755,20.46720956893877,26.296366624480797,7.487538842282981,18
461.3571428571428,49.14169045292574,14.656221784219797,18.867868582870724,4.83625045305602,18
461.4285714285714,91.91471312882199,34.06785641002035,53.22510394210593,29.055358824096515,18
461.5,87.94388979715285,28.942579686051467,49.628525846503095,23.574488504678683,18
461.57142857142856,64.49102213663576,19.73334276099473,26.6888124464105,7.727426639890185,18
461.6428571428571,72.6589981242011,20.24314948248183,39.11248362106195,14.980074341975367,18
461.71428571428567,67.56686960147616,18.589986416541944,37.86725091828431,15.438665321909317,18
461.7857142857143,60.639038758637966,14.935740412358271,34.60555196325881,13.24845442737391,18
461.8571428571428,45.64396918603257,9.926680155998412,25.77310773463622,9.045922519676681,18
461.9285714285714,43.86738940902097,8.52578728672825,24.126883655321794,7.6101864272279345,18
462.0,48.99217718555661,9.072725448737714,25.030271778920735,6.779136224196607,18
462.07142857142856,54.026260737441156,12.67277782230099,25.222697944199826,8.075745884469839,18
462.1428571428571,67.36043066184723,17.63504008324308,35.898434813225066,13.134675978861253,18
462.21428571428567,80.24914131642772,22.06430621749869,44.096610391493655,17.411810390272436,18
462.2857142857143,68.39821361594461,27.00744496504241,40.69007705312278,21.244417072506486,18
462.3571428571428,73.00280443132073,23.784373229747665,35.08115436436512,14.965203607267325,18
462.4285714285714,65.48266876973139,22.789352868494284,27.869461493828908,9.83310098811188,18
462.5,58.77412765107858,21.96239095313328,27.5752663346911,9.981862259858481,18
462.57142857142856,71.52158730071434,24.905788137517817,32.36239010792629,12.931460607767642,18
462.6428571428571,69.24001591585419,23.802587640949422,31.972791100492028,13.048737600898106,18
462.71428571428567,61.12151797364412,23.198531648063472,32.198402746354944,16.740303527255588,18
462.7857142857143,60.621695367126385,22.717290870172036,32.504586819726875,16.96804089273974,18
462.8571428571428,58.37617589694179,22.323662346996713,31.421867459069194,17.111282095786574,18
462.9285714285714,59.88591904810677,21.96330657954038,33.97756792621805,18.431971857903434,18
463.0,56.08491812246655,21.86388649042392,32.93866379936857,19.55357624451182,18
463.07142857142856,48.95876241310661,21.148179601739923,30.20716748540463,19.182326867075155,18
463.1428571428571,46.538215380611,15.66353565384333,26.36584467155139,14.328804944119698,18
463.21428571428567,44.50554783163666,13.292321291791769,23.78225730451961,11.83774817909035,18
463.2857142857143,37.411377024828134,12.122699444159123,20.32894050283532,10.213238651682172,18
463.3571428571428,28.195520051615485,6.742182526220378,12.860296041387562,4.148047354784071,18
463.4285714285714,21.40487320081484,5.480174450747926,9.992551498340584,3.2669866499619307,18
463.5,31.19684046342955,10.605093849362268,18.545175945097515,9.064412678036568,18
463.57142857142856,32.7335103881976,12.209504855944065,22.107786733165742,11.58164178166482,18
463.6428571428571,34.51353064118042,11.994780498040168,22.281801466404783,10.925256857910654,18
463.71428571428567,34.838757469197496,13.760466768959787,23.254974344764108,12.557119739645449,18
463.7857142857143,45.01619075929137,17.63198464067389,29.812030195580675,15.851103433225095,18
463.8571428571428,42.576674004389346,18.24054835053049,26.908853473332705,14.959256441601905,18
463.9285714285714,55.56588190155688,18.674206762620198,33.085691703122244,14.6805237025147,18
464.0,61.969430853011225,20.295922649329754,36.10573586554465,15.47001966941274,18
464.07142857142856,56.2499145811028,19.3592850657703,28.44041643564802,12.89748883540028,18
464.1428571428571,53.086385339298985,17.938995493496392,24.378569821279918,8.836305730515788,18
464.21428571428567,54.581951790041295,17.099257636544955,24.90276822956584,7.931280199436319,18
464.2857142857143,70.98873835513038,23.118486229306306,41.361093659453495,17.658229982235675,18
464.3571428571428,66.91640187847318,21.390936462383532,38.373774221293644,16.228712361741174,18
464.4285714285714,53.88181917555077,17.917761116320257,26.607480415412876,11.47146960325622,18
464.5,69.87650053498197,21.058605023361142,41.831420493713644,16.8895799985587,18
464.57142857142856,70.21011675484137,21.626226696616765,41.59309349988659,16.895217150122836,18
464.6428571428571,61.83436469604113,20.741752273326252,36.550614626159515,15.693796739678348,18
464.71428571428567,57.35673644718703,18.283247183174336,33.618426887389994,13.838783736537772,18
464.7857142857143,43.60911335075074,14.785726720663638,21.01777160144917,8.637358188472065,18
464.8571428571428,57.21610374623337,16.308455957000586,29.54573506604078,9.752765442255711,18
464.9285714285714,43.04992404519719,12.371860721643548,23.257460766865165,8.425191198995146,18
465.0,59.98660875864543,17.534302201175826,29.0253792451656,9.699505185357605,18
465.07142857142856,69.26115868783877,23.030898724970125,34.27140479652266,13.191073741629705,18
465.1428571428571,66.97538116353182,22.578381073344055,30.99630989539522,11.387492670452245,18
465.21428571428567,74.07646998873354,25.24801990291974,36.045825457198276,13.758739823959667,18
465.2857142857143,48.277066515154836,15.525293316496647,29.53315653174775,12.99108135845836,18
465.3571428571428,49.80770728983351,15.030242447575407,29.94447038590818,12.964766977570807,18
465.4285714285714,53.060976546321534,19.18482938074756,35.0078094249967,17.206659874466858,18
465.5,62.994350664487456,25.307364841945045,30.394096379102116,14.188001040659023,18
465.57142857142856,57.00543693017331,24.057959145594086,27.35651696720161,13.215655425581637,18
465.6428571428571,58.043997842332764,22.262083532085036,27.493225624853586,12.240418665205468,18
465.71428571428567,52.37687003595694,18.932574950002017,24.72414027993931,10.25802889523616,18
465.7857142857143,49.78689771181789,17.129539301604353,23.391176672415657,9.407759740565941,18
465.8571428571428,41.14962172981383,13.839236438855295,19.083808735811612,7.283745594085401,18
465.9285714285714,35.544466913489885,13.112715715606067,17.6170923421764,8.071847727520284,18
466.0,28.60404299500783,8.758392747929927,12.710132636568876,4.393197900357981,18
466.07142857142856,24.38471935672461,6.871852340449208,12.436049680324244,5.398260541949502,18
466.1428571428571,30.12137831092559,9.110737998180914,16.06252918150286,8.0646209973239,18
466.21428571428567,33.51394951346839,13.317496564389918,19.423200577297468,11.357999430300339,18
466.2857142857143,40.36620676970476,16.422676272830685,22.541948886293333,12.655613135428519,18
466.3571428571428,47.295199416886234,19.766299915422916,28.725870540367037,15.570344289453066,18
466.4285714285714,44.91483397157601,16.66187380746275,25.401575485159654,12.341183035528845,18
466.5,40.42586689764645,15.891151993591754,22.932337902178606,11.593801855253794,18
466.57142857142856,44.61129497451404,17.14309976093661,24.561062952151342,11.579884565450888,18
466.6428571428571,45.01936943997357,16.746836797892747,23.986907648677803,10.959622136999451,18
466.71428571428567,44.890103226986724,16.11077587384006,24.113968987534353,11.529383192613885,18
466.7857142857143,41.97342540625615,12.965976539078989,22.08129457923428,9.035038316567931,18
466.8571428571428,38.71922026159086,10.825748700459696,19.983035240964785,6.516574674393629,18
466.9285714285714,34.1672607428086,9.307664453082134,14.355350020935493,3.238081991214688,18
467.0,39.61457635289869,9.706716998924879,19.371319063190025,4.781687911948401,18
467.07142857142856,50.96252878262173,15.288443998758016,30.053977264393367,13.366994065120384,18
467.1428571428571,58.150361995222596,22.58692003795568,37.97799169257515,21.120247736432006,18
467.21428571428567,64.83917863366224,26.144335701155317,42.25883651876509,24.60890097416942,18
467.2857142857143,58.79780393865864,25.2127563783923,38.43252351626982,23.19597382178367,18
467.3571428571428,54.549822557271945,20.436510397688767,33.09367440361956,17.879902378167426,18
467.4285714285714,51.22393527453998,17.373595298876985,29.22287489548597,13.938859455490313,18
467.5,55.043999536068696,15.78770168895843,28.78674105853691,11.341349356392154,18
467.57142857142856,51.750259724344765,14.241216692405795,27.434448877898838,11.22114950554431,18
467.6428571428571,53.268589544487796,15.673714573635396,29.186905810172583,12.337047768651669,18
467.71428571428567,46.25111047128035,14.158144504021612,19.74540352958347,6.511666892710168,18
467.7857142857143,50.38627440477372,15.277582803116601,24.757664945398997,8.568310110537736,18
467.8571428571428,56.38632990416288,17.996529603963584,28.02206537128135,9.972827831971435,18
467.9285714285714,61.172232718106834,17.486675152805596,30.801738094798157,10.832055135280825,18
468.0,57.549619766814374,15.668391556775092,27.217286728909297,8.091114682334176,18
468.07142857142856,50.26927750143777,14.317706056539617,21.64072319048074,5.300555779626195,18
468.1428571428571,48.75212333157606,13.428773223493556,21.631445854603427,6.0069797463476835,18
468.21428571428567,43.81228715544203,12.383186221837242,21.289674950543276,7.181470078534616,18
468.2857142857143,51.6116398071461,13.008547132977329,26.541710865205378,9.359838051546285,18
468.3571428571428,65.82249239757527,19.29667528767451,34.69965410909326,14.060176761222504,18
468.4285714285714,54.49443601010394,18.44686231736754,21.67840079282767,6.726435246626788,18
468.5,41.21287938680671,10.884446441447166,17.00135642591194,4.036725382802931,18
468.57142857142856,47.73825739519753,14.638274180054271,26.54777899442473,11.391277827006986,18
468.6428571428571,35.98583211708884,10.449233209320846,14.444212078828622,3.649117580966783,18
468.71428571428567,44.144516710366794,14.74626750189241,25.523567976724056,12.951161476893878,18
468.7857142857143,29.816172311710172,6.3785342388618025,13.117291625370287,3.213611580606397,18
468.8571428571428,29.018699813007757,6.83756984038031,13.309230134814463,4.3657210652560465,18
468.9285714285714,31.344169731683415,8.516777429824097,14.871630342842487,5.67185961897615,18
469.0,37.99396995445609,10.28569330469429,17.80324258185154,6.9767678679003575,18
469.07142857142856,49.3623320140908,13.695399182376745,22.854137609719658,8.901099614279953,18
469.1428571428571,56.1775425902119,16.932872879024632,26.768719450101333,10.87167136838469,18
469.21428571428567,63.15579554974179,19.159214999826364,30.015939962069517,12.26690432047365,18
469.2857142857143,71.17065800642857,22.573552931869372,34.9141873543023,15.35913002538275,18
469.3571428571428,75.51502147328091,24.675718819665466,37.245488219221606,16.499591496327692,18
469.4285714285714,78.70434580451408,25.60620066716683,38.90382401584202,17.098498251719796,18
469.5,75.61858706636006,24.041621720002514,35.77290650437442,14.283081583460001,18
469.57142857142856,68.92285196069092,21.89165399361245,31.994045875856134,11.738331577453812,18
469.6428571428571,65.09423170882182,19.79676830352837,29.575820358041195,9.731735770605342,18
469.71428571428567,56.18407432459281,16.48682965876316,25.173195211566522,7.624067541719038,18
469.7857142857143,46.58424276914836,11.882176635703047,20.386060293237577,4.9043025270582215,18
469.8571428571428,41.35475980954122,11.40502442693512,16.345059994594333,4.191618386534976,18
469.9285714285714,45.947583502427136,11.965485601131627,21.0221411590401,5.990271794545165,18
470.0,53.81284599877384,16.66612161672627,25.52416257713641,9.191627003168552,18
470.07142857142856,62.37216821303521,19.058286831866194,30.606974674449,11.716951224883916,18
470.1428571428571,71.18150788365466,22.99535154425475,35.28487069190065,14.551037590374131,18
470.21428571428567,59.96925309988146,21.582434651255454,22.593490987508115,7.3801798688290985,18
470.2857142857143,81.79844354339873,27.894234822462025,41.103271288960705,18.579988719465025,18
470.3571428571428,64.26808612695035,24.20566695655543,23.87871300671545,8.228392008850292,18
470.4285714285714,64.55986891761309,23.625031524039247,23.96104754297362,7.975702102473031,18
470.5,62.3828517507409,24.053972560788058,23.660127909077897,8.015473478465903,18
470.57142857142856,73.53832539604655,26.877000784136904,38.34757530784031,19.0879396162015,18
470.6428571428571,47.534427811063956,17.729803174819136,18.274302539617373,5.956575809847444,18
470.71428571428567,47.472562433363926,13.709437825900897,18.000369381691343,4.694966225631576,18
470.7857142857143,49.428375115159334,13.36683397003644,18.678178859060235,4.585990247812349,18
470.8571428571428,59.88861883209135,16.24358262831937,27.917596764316947,10.087997938914636,18
470.9285714285714,55.34873044912822,14.226957385703205,23.729140773679482,6.565762254802502,18
471.0,52.79000394315745,13.115714885826392,21.096255535054993,4.750575981140447,18
471.07142857142856,50.622684918992185,12.082095387633801,19.93520645125537,4.114212773046696,18
471.1428571428571,53.52330494232091,13.797048963953394,20.715389622969802,4.632007881363957,18
471.21428571428567,52.17691640378324,15.65740439094234,19.579257533744922,5.106631759547753,18
471.2857142857143,70.19053057101782,22.937258648853838,25.476456067801973,7.637790335621108,18
471.3571428571428,88.9577221028983,27.21778191808482,41.407136241254726,15.664807175565258,18
471.4285714285714,73.22807418053333,27.171588140679248,26.316677058522522,9.100298019053401,18
471.5,75.0386227965353,27.181396060345794,26.92555318058842,9.111615089862044,18
471.57142857142856,71.69298700932588,25.976160473413746,26.073220465252934,8.670330453668257,18
471.6428571428571,62.27533171615633,24.547084354630634,23.207237840609974,8.16802929176258,18
471.71428571428567,69.30034470291247,25.26949509362386,25.25156945072727,8.458358162246073,18
471.7857142857143,70.68768873484804,24.94947734444586,26.0832129615913,8.310380585441111,18
471.8571428571428,68.40756521570424,24.4661779220085,25.39625424187208,8.172248035808277,18
471.9285714285714,64.14518193258478,21.25114374911184,24.184448768996862,7.026761557671613,18
472.0,57.307041357534374,19.038871617548644,21.678698610885487,6.285998898511417,18
472.07142857142856,53.187714979175475,17.06197018405685,20.02464706568168,5.617511708556624,18
472.1428571428571,44.945451777039395,13.900620762694818,17.2531739823198,4.575223528776581,18
472.21428571428567,39.21347270961702,9.53137431399799,15.208878348884912,3.1014680806386394,18
472.2857142857143,39.48779348844528,10.013516219624364,15.086041030431874,3.2798170904746016,18
472.3571428571428,39.96526151917236,12.643350741513185,15.054446787600215,4.219117347462909,18
472.4285714285714,41.416205673727006,15.895494713037735,15.561968755241077,5.351049183317493,18
472.5,39.526311366075596,17.844461571756742,14.796319472852685,6.03287342189182,18
472.57142857142856,39.700453541523764,19.11921093533696,14.72056800540429,6.474787389717155,18
472.6428571428571,36.35325077151545,19.5973161846674,13.5267596242899,6.650120762470534,18
472.71428571428567,40.12390197832042,21.254460570853688,14.702958100741759,7.231031879856556,18
472.7857142857143,46.750406478485225,22.551707210745448,16.899531208363058,7.711482861699361,18
472.8571428571428,52.061075096128896,25.236027120534047,18.857228954446192,8.663177358758404,18
472.9285714285714,54.18704737122949,23.02737370593028,19.769185280945837,7.951088009210046,18
473.0,55.06781322936284,21.64781185997565,20.236804758718694,7.594184046175128,18
473.07142857142856,49.274844502737906,21.055390015014698,17.780107379828383,7.414934000358874,18
473.1428571428571,50.224903848017874,19.722436138431792,18.503657316955916,6.930831174861428,18
473.21428571428567,66.72649125950787,28.337367901948177,37.502505184494304,22.47009542444338,18
473.2857142857143,63.276653612110564,27.920017725512597,36.17522892231209,22.471465158672206,18
473.3571428571428,53.72105697487116,22.53500109907843,29.98637445141494,17.944519736012925,18
473.4285714285714,36.282231552490494,12.043016561508082,13.083553690968753,4.157089848035928,18
473.5,36.832359962693076,11.861805782991638,13.367893742126626,4.044133436875079,18
473.57142857142856,53.91053568257081,17.20101723551399,27.30600284908519,13.234765318081578,18
473.6428571428571,53.42009007687269,18.13972877144209,27.793204408377118,14.12098459606032,18
473.71428571428567,38.93479707457613,11.935578092740908,14.029446027657,4.025912472029361,18
473.7857142857143,38.84554876873463,11.257071924452175,14.13889423831766,3.78544115756473,18
473.8571428571428,37.80412349957173,12.269955212341179,13.654491823421418,4.117227715491753,18
473.9285714285714,31.234809986322738,8.875126904391786,11.568387816016177,2.9488752754056202,18
474.0,29.924900430468583,7.531695962888143,11.075608789803532,2.5273135227422494,18
474.07142857142856,34.676929607253086,9.989114496522637,12.667363153598176,3.3764346124250872,18
474.1428571428571,40.21367699032049,10.445091564774224,15.253155564497582,3.525810484265627,18
474.21428571428567,39.57579738863504,11.150586921595853,14.884038812009287,3.7800576110054,18
474.2857142857143,37.966414356856895,12.433400537007367,13.841451080090625,4.227594855900476,18
474.3571428571428,38.84207191634131,13.766337428316072,14.382557687089474,4.677051124349844,18
474.4285714285714,37.987426515565424,14.184333500215851,13.970995950662768,4.836411259909034,18
474.5,45.2080523007886,14.416552735850763,17.35399225282578,4.9446900559269436,18
474.57142857142856,49.32790912057377,17.766312194210705,18.48614908747397,5.976308039941332,18
474.6428571428571,50.77443939389347,17.061673515726273,18.72183245224601,5.745749344992035,18
474.71428571428567,48.209253712359605,17.386894231840458,17.792236944418214,5.8879997512957765,18
474.7857142857143,48.4308104836331,17.191269490160472,17.748576710306445,5.795799759096336,18
474.8571428571428,43.93630739079878,15.800043706406676,16.125923874390455,5.319943985426107,18
474.9285714285714,40.84602741479673,14.614204255705253,14.851150800747797,4.909833050934228,18
475.0,35.677102631239876,12.871985163706096,13.041186247701631,4.328566345283881,18
475.07142857142856,35.35473475610937,12.757675742509985,12.850811170276563,4.322050631110877,18
475.1428571428571,39.08835723445565,12.494594708161486,14.692827489632593,4.22556783160307,18
475.21428571428567,39.9388808840843,12.75532817925406,14.555812491329576,4.391189189180485,18
475.2857142857143,44.8081387058026,14.145297389567762,16.837083570599216,5.21941189837376,18
475.3571428571428,43.4089072751811,14.727133692209183,16.276357525331864,5.054303518965243,18
475.4285714285714,43.97893450359951,15.544135144718918,16.4548828397276,5.416779392803958,18
475.5,50.57849339693344,16.375545450120846,19.14919209753764,5.740093698052411,18
475.57142857142856,56.26265785699012,17.29157828912881,21.59825057989538,5.982546352561239,18
475.6428571428571,60.31857278671376,19.914407290554863,22.614807674388334,6.880899683256145,18
475.71428571428567,56.45069052488928,18.83049370165721,21.225858942961235,6.544396366848248,18
475.7857142857143,53.87628396936066,17.764418571959933,20.2825018841769,6.111737763853285,18
475.8571428571428,48.85682251765131,15.986223508662052,18.56267443363606,5.5906152313945885,18
475.9285714285714,44.0735112674566,14.512364657397741,16.674285238058808,5.144568281830076,18
476.0,42.083630980130806,12.8435053490202,16.224651248490886,4.511697115214322,18
476.07142857142856,37.581563388350794,12.141176849085575,14.27803228627488,4.316713376292171,18
476.1428571428571,39.36808519131164,13.12785959297176,14.712515838108912,4.519829266074802,18
476.21428571428567,43.078775515703754,16.4681321512036,16.04666964993011,5.5131281226160205,18
476.2857142857143,43.53126430843135,19.831600216766123,15.992810515105049,6.678068256946849,18
476.3571428571428,44.23646762232954,22.074002735319652,16.316553344441335,7.389112040683515,18
476.4285714285714,21.751086140864295,6.418195109357999,8.262805206919982,2.2215574577012056,18
476.5,43.60070960538845,22.625327669240985,15.811689023453726,7.592901303001419,18
476.57142857142856,42.57555342155522,21.20682152830309,15.897392951738327,7.1155993818154135,18
476.6428571428571,37.54396080635127,18.88313733889541,13.539874518200785,6.393345499186971,18
476.71428571428567,36.2138431268119,15.422704082783117,13.213796338489123,5.283232185326532,18
476.7857142857143,34.87628046611054,13.51651105478476,12.7741936988939,4.700237115769876,18
476.8571428571428,33.46637345536841,12.060945463091272,12.366536707044721,4.277315749996686,18
476.9285714285714,37.085051276243284,12.70675825377719,13.812389407345714,4.48939570055656,18
477.0,43.62718667416016,14.95503722059115,16.126566549950155,5.184271671657913,18
477.07142857142856,48.803904981225905,18.76268500799227,17.38327981548071,6.416624724561718,18
477.1428571428571,50.39588598368231,19.621724168774684,18.52635213532994,6.592606304345687,18
477.21428571428567,52.23421109884294,23.44444494854192,18.466663207981377,7.869413348554772,18
477.2857142857143,56.605516809418795,26.110237331307548,20.075176820748197,8.770558492837493,18
477.3571428571428,60.87997284151683,28.419807565898598,21.069418324262976,9.570649960537203,18
477.4285714285714,61.21634476124006,22.95374587161022,21.546057873631145,7.6968110013840665,18
477.5,64.10771510266963,21.940662434028184,23.382590539691495,7.3466691724018816,18
477.57142857142856,64.63487690997928,21.913674768597495,23.577106380048395,7.351398347169599,18
477.6428571428571,68.42306254957747,21.887879553582405,24.878629185548597,7.30596536643664,18
477.71428571428567,64.81524085199672,21.360953450033715,22.86338842212121,7.1806897718128795,18
477.7857142857143,64.85913616136911,21.522518206805135,22.786445408261702,7.271077025807494,18
477.8571428571428,65.23742428761953,21.279617781281623,22.822875199396197,7.192773563743844,18
477.9285714285714,72.66060777457008,19.740338415816744,31.53593452052392,10.333631595746297,18
478.0,68.63802972178769,17.885589488953272,29.789776823246026,9.370546833936622,18
478.07142857142856,64.38086743785593,17.48902116503931,27.94420907911654,8.82163184273952,18
478.1428571428571,55.657941588223835,14.449454815800536,24.466877299688367,7.495449771003023,18
478.21428571428567,45.809116001774214,13.57508012157438,20.531672936686096,7.599242627449316,18
478.2857142857143,45.14065132008747,11.812988074317293,20.783823941791066,7.759819092354064,18
478.3571428571428,45.279543957818944,12.15811461745012,21.488429078485463,8.547511312888368,18
478.4285714285714,33.029100161386125,9.179632702825037,11.81715576103272,3.0907224795894828,18
478.5,33.68890008622487,8.234344810332185,12.757856163210425,2.872117581522248,18
478.57142857142856,33.53400530405033,8.124486036137759,12.849557748874675,2.8547811845273077,18
478.6428571428571,36.7715518537808,9.498816594912977,13.992254729662106,3.3316150095596666,18
478.71428571428567,35.24794246886649,9.95873200452692,12.974800980228723,3.4072176489514754,18
478.7857142857143,36.068752629423145,11.284319101938122,13.050742767629128,3.8549029382046385,18
478.8571428571428,40.35981208143881,14.498894368125068,14.528395443584074,4.9253861670691155,18
478.9285714285714,41.909769820998996,17.16550215726794,15.303796599599297,5.772909973123585,18
479.0,41.031054025972146,19.598625556768994,14.871714722302695,6.609268374461093,18
479.07142857142856,39.75720889100057,20.295715744784125,14.37101253132136,6.83292215790644,18
479.1428571428571,39.60398041669227,19.85585987731933,14.229068915889107,6.679451691903688,18
479.21428571428567,35.04407284410738,17.063687029670753,12.90236682796622,5.719876505107967,18
479.2857142857143,34.80927060282489,14.941383152972648,12.666759890543458,5.0104289916939235,18
479.3571428571428,34.950283070180454,10.7791212606944,13.659556306591641,3.6474298895184334,18
479.4285714285714,32.843373781456776,11.104485738645693,11.804219539478376,3.8483579016779363,18
479.5,34.15312040135491,10.169102453673087,13.036842023474616,3.646616282879071,18
479.57142857142856,32.578298552087674,10.492774890275221,12.277107783184132,3.815967210278064,18
479.6428571428571,35.435211483501135,11.091698070102497,13.408498473032852,3.9489188261772004,18
479.71428571428567,41.11407341796769,12.84569498803602,15.149170639603712,4.507125939786567,18
479.7857142857143,43.53142633477613,13.105442667294168,16.332654011461432,4.763155256141734,18
479.8571428571428,43.359985936597006,12.337602529385446,16.33008615593671,4.525222615014281,18
479.9285714285714,42.10192785546666,12.22008035623228,16.440998277313955,4.4980701833875125,18
480.0,39.19077529762332,11.421356900016612,15.327441272136685,4.2533084764253815,18
480.07142857142856,37.257507001219544,12.816408902985161,13.242235503346093,4.557444198159621,18
480.1428571428571,35.258951379244444,10.91188800690941,12.86741220199036,3.8333347286326735,18
480.21428571428567,34.676130328104136,10.346000165486641,12.278719087976983,3.6134292130999843,18
480.2857142857143,33.67777146217953,9.285608785942046,12.141928646242715,3.1889024768395307,18
480.3571428571428,32.83291286498563,7.9641132427645545,12.531271996105245,2.7082972592685133,18
480.4285714285714,26.97977562954196,6.713384068194909,10.046869856537327,2.413117268542461,18
480.5,24.287469862801853,7.2793344237310755,8.540492794609253,2.4903713623275334,18
480.57142857142856,25.008047749722813,7.335069641996954,8.842173175219072,2.484075794704503,18
480.6428571428571,22.65822671601354,5.308800018371459,8.391846246763896,1.6744194716163225,18
480.71428571428567,23.511983962188626,6.054637480215065,8.507243777226536,2.0357018763948935,18
480.7857142857143,26.862105335395196,6.865894530057697,9.61213069535893,2.3156122761709925,18
480.8571428571428,34.90104901693075,8.04540499411482,13.148083139776594,2.8180247487720895,18
480.9285714285714,40.61332150558395,9.55609004397455,15.546104661913855,3.289667086355329,18
481.0,52.18655590797929,14.41980487388691,19.845353544877632,4.786526056191149,18
481.07142857142856,56.05164394300637,17.61237287506828,21.009583791772034,6.00656417973804,18
481.1428571428571,56.00970169802527,18.56860572037551,20.646089420894747,6.285181492152532,18
481.21428571428567,59.317766363678125,18.53371027705851,22.216444483963137,6.275214324338722,18
481.2857142857143,56.9852842561,20.10609241127911,20.205001200930766,6.818909867121418,18
481.3571428571428,51.64630008088133,17.187352946483816,18.93536208450191,5.804829341007067,18
481.4285714285714,44.0743638440367,13.935620650679702,15.959347469800786,4.745748619257402,18
481.5,34.36002014400627,10.413442844068774,12.798001891859425,3.638751072226471,18
481.57142857142856,26.49943162103657,5.555849546778678,10.381828986868443,2.1534008866504486,18
481.6428571428571,29.25843578961818,6.499013854773446,11.428768080217566,2.566342230282664,18
481.71428571428567,34.26880885403761,8.009494075621758,13.759852557481727,3.028400060764157,18
481.7857142857143,34.32059953518445,11.248639621815812,13.115485588963303,4.123406555402849,18
481.8571428571428,36.576110578765686,11.945736533607926,13.819716509907856,4.2680597700135685,18
481.9285714285714,37.32726548315645,12.524658776840488,13.995354660901954,4.543507689599293,18
482.0,39.27718280785097,12.368324363681756,15.068889617735278,4.444421034544411,18
482.07142857142856,43.539337725117015,12.346813130099452,17.23196404018769,4.497326736361767,18
482.1428571428571,44.694590763001656,12.289321534091835,17.945514223638224,4.9365636216969,18
482.21428571428567,48.131319886815234,11.75130721937382,19.952417671856654,4.737188423915688,18
482.2857142857143,41.29432435200045,12.10925298252997,16.53807671356937,4.60315317683132,18
482.3571428571428,43.22418165241836,12.339193987284215,17.32318240763351,4.6273929334045985,18
482.4285714285714,39.330250994254406,13.17145844985648,14.715539570154293,4.683101036712239,18
482.5,37.50371106089144,9.923559413678156,14.852571124447042,3.5993338960140338,18
482.57142857142856,45.45260386069476,10.283746188704761,17.86356789469603,3.8254539742877127,18
482.6428571428571,54.90917000321393,12.992392867259124,25.740837373329313,7.463388359977533,18
482.71428571428567,57.94991753165995,16.86343051013397,27.523691454582888,9.7145674970183,18
482.7857142857143,55.920089190286575,17.286172167713495,25.10936978596436,8.778656191491928,18
482.8571428571428,51.82404103186127,16.37298748120433,24.021701682362544,8.641781434746472,18
482.9285714285714,50.819237026830734,16.309231732043482,24.89671824966541,10.595146470110643,18
483.0,49.17605932369792,14.216975465367824,24.830704923824154,10.329234268877055,18
483.07142857142856,45.00964050389824,10.8071980175775,21.86409977564559,7.700906971314521,18
483.1428571428571,29.1781234865532,6.733400458057595,11.572906364818303,2.2732280895152686,18
483.21428571428567,27.565332713145498,5.651180674514721,11.545072166088547,2.0299920232210327,18
483.2857142857143,27.44993386301908,5.5458945299703615,11.280267851642517,1.9729424655409222,18
483.3571428571428,30.90026017241961,7.272150562278239,12.741985576630338,2.7447184230631843,18
483.4285714285714,34.03746798297489,9.303815629993398,14.669432912851954,3.7778273056156078,18
483.5,36.127454563925404,10.680594877882127,16.070349522259644,4.400026437888353,18
483.57142857142856,37.13000734180662,11.668649863661175,16.130771607331045,4.528371001548843,18
483.6428571428571,35.2715693853096,12.173232378638044,15.444242747049024,5.0226204931282465,18
483.71428571428567,37.943278080404475,12.086659260682746,17.13447470404464,5.496646317739597,18
483.7857142857143,36.66394296006249,11.35314760241669,16.173338805985324,4.963639365765939,18
483.8571428571428,38.530984713961,11.41622947064317,16.817223024778045,4.625737390536989,18
483.9285714285714,32.46518939738792,10.070075424283866,13.77438670823799,4.057982503889232,18
484.0,32.073258634786605,10.3576534671687,13.550025770498468,4.0603236000853045,18
484.07142857142856,30.045693658504092,9.596020923418623,12.628701053369078,3.4324249200770405,18
484.1428571428571,32.7260870508388,10.030550346345462,13.560583330888146,3.8274136621084747,18
484.21428571428567,33.745323381957334,10.63689391778561,13.879856464786025,3.7612105146875594,18
484.2857142857143,37.31351518441021,10.881723281559935,15.386307442449285,3.9772310477675257,18
484.3571428571428,37.33208696384437,11.321500439324065,15.448886608612266,4.0796088688537555,18
484.4285714285714,38.39821794468836,12.566900841596205,15.297616586606615,4.239263817969557,18
484.5,39.265256863464266,12.372271051606898,16.238264414069118,4.612254214263539,18
484.57142857142856,36.94915295698403,10.556770742218378,15.474701913072396,3.7373477184692243,18
484.6428571428571,28.87045994352934,7.559122602637146,12.239247397150228,3.1691055751981136,18
484.71428571428567,26.805661560676516,6.479513366520325,11.717498647543314,3.1809344947001374,18
484.7857142857143,24.14959958810721,5.647306814438368,10.736795957425263,2.780048230150233,18
484.8571428571428,24.013389483682044,4.558705241475352,10.644493584587625,2.1919972627328943,18
484.9285714285714,27.272807288480333,6.700296386534441,11.915840249533773,3.5278647775272,18
485.0,29.192345970945976,7.673287882240988,12.107593282278485,3.196033238964831,18
485.07142857142856,35.161831950012356,9.870004526211915,14.795889948126655,4.406678468795724,18
485.1428571428571,37.1812151970482,11.046490740204387,15.035425134366177,4.022639557617404,18
485.21428571428567,35.00575849227667,10.625356329560148,14.06948633216155,3.8948483398374907,18
485.2857142857143,31.907734752287578,11.070930222624146,12.483379495583186,3.9743301507739637,18
485.3571428571428,32.92910642481441,10.602073813302855,13.290649037347025,3.9068332221895865,18
485.4285714285714,34.445357926995385,9.243277114106784,14.74024564837518,3.846551072616192,18
485.5,33.30751773099981,9.107321397094399,14.742581425391247,4.413301388920517,18
485.57142857142856,35.50832906083949,8.753513655814446,16.069126444248443,4.785265607321303,18
485.6428571428571,32.51528401664698,9.364489934715019,12.101376427730441,3.178361675673076,18
485.71428571428567,31.619885552547146,8.698275716333915,12.029014214425446,2.955292212413142,18
485.7857142857143,39.679327191147806,13.523020409552895,21.452171852785,11.071295318330838,18
485.8571428571428,36.38715759658466,13.1056077493995,20.57244278306427,11.138301218155114,18
485.9285714285714,38.41708210828388,13.148015051399705,21.295816065081322,11.341260016910605,18
486.0,40.71796076150529,13.45802898281444,22.22568052657186,11.386962887735514,18
486.07142857142856,46.67014358909988,14.065752769666583,24.130642758609476,11.085977148086796,18
486.1428571428571,46.54555744162883,14.487694179400712,23.150032949206327,9.735216604488361,18
486.21428571428567,50.96778592836362,16.332482839289682,23.43249214496764,8.834522300231786,18
486.2857142857143,55.573324653006466,18.495553501462116,24.446954734588964,8.45201631046077,18
486.3571428571428,58.773938498828464,20.525779853548247,24.18333939666822,7.959491394483934,18
486.4285714285714,63.72731403190643,23.514151517419986,25.86942708018335,8.914620371579518,18
486.5,63.58287266531717,23.229495128878163,26.126467869278663,8.61320250738975,18
486.57142857142856,62.43283805347835,23.031929553815697,25.300347481757253,8.27537420739019,18
486.6428571428571,56.78923227419941,20.916074974557105,22.94699211054096,7.50121455704689,18
486.71428571428567,41.91589015556324,11.861511310828625,19.905329674327454,7.3753439374247085,18
486.7857142857143,41.71427465844774,10.73705393776379,19.96905632668254,6.995460052808504,18
486.8571428571428,44.14101752756399,11.480297645716055,20.821428674910614,7.458879759558943,18
486.9285714285714,40.67248746236646,11.116383453663909,19.848254358987703,7.722557992738629,18
487.0,38.18891633600398,9.50144134420043,18.64938797266766,6.764537445492456,18
487.07142857142856,35.33332501908634,8.700834034719973,17.09202698260351,6.232001839714269,18
487.1428571428571,31.836807615570454,7.426872327632335,14.979775148757383,4.559889926615474,18
487.21428571428567,27.89352353198554,6.399636840021166,13.128894572293063,4.034500427205955,18
487.2857142857143,28.588068278392683,6.257961071143698,14.165820929121745,4.705115177527118,18
487.3571428571428,26.50425636749398,6.329948925586539,13.979244434475573,5.312446129835116,18
487.4285714285714,37.00150134025584,12.34912563585464,17.943863328267966,6.794395972164889,18
487.5,40.34332396035937,12.039646171744955,19.96608741571498,7.535391296287434,18
487.57142857142856,38.69610777864537,10.177392300682223,18.80720254079596,6.996981200085464,18
487.6428571428571,37.86301871611497,9.714488829948651,18.26082167600652,6.81663300742353,18
487.71428571428567,37.613950388646636,9.234870918719134,17.84848227331555,6.494721979232223,18
487.7857142857143,39.84564068913847,9.595314099159047,19.165577973889548,6.943385631208869,18
487.8571428571428,40.044998423188915,9.235012266747578,19.375119320123694,6.71041300321041,18
487.9285714285714,43.157690929531825,9.691171459123483,19.507327688752888,5.619240990495348,18
488.0,46.63490750202065,10.296601761548493,19.360151653456093,4.579311213040714,18
488.07142857142856,44.61629154933705,10.60969905276313,18.268125976532392,4.052347423269265,18
488.1428571428571,43.20200152659607,13.710820320330855,16.70516228394222,4.681723482451592,18
488.21428571428567,43.759469666369796,13.584680980000519,17.920036996942944,5.226148467839876,18
488.2857142857143,45.79005788226641,13.46542974418662,19.449052082578753,5.97839254428264,18
488.3571428571428,45.57599569379326,12.59721658862459,20.551375812526782,6.956921783226794,18
488.4285714285714,52.03063430792626,14.141704513397546,24.462556700871442,8.803754939368233,18
488.5,53.214824975252746,14.17922555894531,25.488740483448154,9.826932527894964,18
488.57142857142856,52.94833004638112,14.012066654722936,26.207921600990662,10.685876805660653,18
488.6428571428571,57.27790645975602,15.287178532336773,28.474186245744715,11.633452745804762,18
488.71428571428567,56.87592964093372,16.949753239500613,29.235262554959856,13.203030655723264,18
488.7857142857143,58.751184586551105,20.504089933448636,31.228058871948104,16.494700803574883,18
488.8571428571428,57.15859495647087,19.498396422588407,31.16063547709709,16.24684370336883,18
488.9285714285714,57.19947981627415,20.75366167807278,31.761459846593414,17.309423878883745,18
489.0,56.04871410853003,21.67782739651399,31.578626469870652,18.064705526536528,18
489.07142857142856,59.07197983200215,22.46216077217501,32.75415011493216,18.387677336271345,18
489.1428571428571,58.1787741981931,20.779245731273413,31.642140613314847,16.965751446769758,18
489.21428571428567,48.71318521405591,16.1540582929029,26.51603459917295,13.464908606495639,18
489.2857142857143,53.207969254135605,16.211315232761503,27.87677967347482,12.669052334726787,18
489.3571428571428,45.89694681578638,13.669642829448996,23.47375796215652,10.731925817809154,18
489.4285714285714,41.723779261293856,12.780788908246425,21.050845657084704,9.380063269336954,18
489.5,38.153043389107786,12.400925018663417,18.985763161101847,8.629047916838978,18
489.57142857142856,40.37435371758663,12.584678153031282,20.00868017702434,8.328880846172469,18
489.6428571428571,37.897444798711454,11.79529604217975,19.206634033341288,7.860140598151593,18
489.71428571428567,36.01990047133706,11.607954486489087,18.481518348013797,8.027671510528862,18
489.7857142857143,36.55245862365209,12.218833810516543,19.47548590445216,9.559780833428285,18
489.8571428571428,36.15604988733044,11.815909482942548,20.022040116525144,9.974687190488469,18
489.9285714285714,34.00165414287225,12.446402505719266,19.83095203426223,10.706986898356211,18
490.0,37.54846130310271,14.374091232551441,22.149608036332925,12.432250346890289,18
490.07142857142856,38.28665631151569,16.733671125183058,23.407678780283057,14.42471472773446,18
490.1428571428571,41.6459604118934,19.245691776732983,25.50939450055619,16.431208312521854,18
490.21428571428567,51.548355961724546,21.66327528972663,30.335464985843835,18.585019973223755,18
490.2857142857143,58.844583806105824,25.68958948320953,35.12658156460406,21.86955752198444,18
490.3571428571428,61.78845172367644,25.091015178716756,35.59396941406251,21.268623875824755,18
490.4285714285714,57.87894707937296,25.43203418888447,34.25792773616195,21.403164675352798,18
490.5,57.44453758441137,24.468148717736536,33.63807606648931,20.511429936401363,18
490.57142857142856,56.031292595976645,22.80806173189048,32.32371107096075,19.084012779084485,18
490.6428571428571,53.71221009803713,19.539202883453143,30.653617913353774,16.269260926874377,18
490.71428571428567,50.28384278215264,16.292139399801123,27.676276448318884,13.856136197249867,18
490.7857142857143,50.106863494504076,14.581358493300419,26.94083100090202,12.414701533611986,18
490.8571428571428,52.984522429704995,14.15252072462691,26.42668033153038,10.685099851497863,18
490.9285714285714,41.77153522928042,9.252747984871835,20.33535822349574,6.78755306707315,18
491.0,43.03964449489688,9.013785174212764,19.300931197287035,4.993252001551198,18
491.07142857142856,46.110642137875,9.277221884711608,19.971528785002295,4.201820891819276,18
491.1428571428571,50.97935521262277,10.465953175467504,22.04992768227224,5.743376975593614,18
491.21428571428567,48.45223215874251,12.600566718033223,22.364771403666264,8.52533349082056,18
491.2857142857143,48.768942867072525,14.967822516282638,24.071163252790818,11.162810701054916,18
491.3571428571428,51.02530164195067,16.68033067488883,27.016237711044813,13.159741561569144,18
491.4285714285714,51.421313461909556,17.249679249314713,27.887688553224887,14.176883636443815,18
491.5,45.55327622542217,15.629585337861492,24.62558836437341,12.934991443731446,18
491.57142857142856,43.40096016324192,15.924881032556101,24.52722200650277,13.224255004157373,18
491.6428571428571,36.79400439079725,12.344363718998041,19.747197428548258,9.673656951799936,18
491.71428571428567,35.90597720973101,10.033454482806965,18.778820937290867,7.912521009286099,18
491.7857142857143,36.26639803059285,8.327589562633204,18.019159803325824,6.218714828752395,18
491.8571428571428,41.58679954568887,7.914465952438127,18.811850019660127,4.451354295086828,18
491.9285714285714,44.857014922041905,8.978152246743761,20.254969185075733,4.665387051913539,18
492.0,47.1466336741347,9.245792504217272,21.089450249097695,4.602135102994499,18
492.07142857142856,53.41098276364204,11.549675393781456,24.073149666736303,5.479954078469847,18
492.1428571428571,62.265739063861794,14.618155778501935,27.877280221512926,6.968784667034498,18
492.21428571428567,66.2986147878466,15.656132145962735,30.41969982910183,8.233881009585781,18
492.2857142857143,67.74574861906261,16.426083632511386,31.55617581542675,9.176261959365473,18
492.3571428571428,65.19448700168873,15.83024167200547,30.860407492385853,9.29630889263393,18
492.4285714285714,60.60593928720049,15.308216359251045,29.122415056214457,9.346933555601765,18
492.5,57.06115050751928,13.26967756193883,26.48481557300261,7.564696729123483,18
492.57142857142856,51.72282228507448,11.760285894583209,23.375330734555792,5.838166924139845,18
492.6428571428571,50.573078538715066,12.009936234991835,22.118970740561167,5.435221020630731,18
492.71428571428567,49.965489567999455,12.86143580634807,21.327326088004707,5.259784822014508,18
492.7857142857143,43.60756422122923,11.797246941856574,18.22787670470495,4.4534706596052445,18
492.8571428571428,35.016648556565016,9.146812709900173,15.614238502164882,4.19157508533894,18
492.9285714285714,35.6820275663621,8.965335882507633,14.554957068445123,3.270635854584324,18
493.0,29.994447016702228,7.271390314083484,13.78739719542051,3.7046073551061327,18
493.07142857142856,33.40128884513944,8.087393112268972,15.619271768848375,4.39263508228747,18
493.1428571428571,37.063720754993135,9.263522113572899,17.611061320633787,5.340608462339055,18
493.21428571428567,40.762272754859055,10.655105789190666,19.042730776881548,5.918706365523111,18
493.2857142857143,44.33788568471934,12.69260170132115,20.054023484099652,6.111267351872898,18
493.3571428571428,47.069122259315044,15.191051109484624,20.776549065158584,6.321924555477929,18
493.4285714285714,52.47041863305085,16.82838031373315,22.77484521055982,6.793868158784454,18
493.5,54.786998680815536,18.514008261911197,23.23836543070276,7.015255333184417,18
493.57142857142856,52.94036641107008,19.896826158110322,22.28240241223626,7.514294437614293,18
493.6428571428571,53.01976786504658,19.19259345385642,22.17902385232286,7.190989760923683,18
493.71428571428567,55.623450261882454,20.579368930160957,24.100547745685752,8.085739939962638,18
493.7857142857143,54.41997379745176,18.905088448834395,23.632127688417086,7.625942933995419,18
493.8571428571428,49.3118458662982,17.675612781632704,21.429148713299778,7.149951420460514,18
493.9285714285714,47.98961707976578,15.700674331889195,21.532624162377154,6.813609965185783,18
494.0,43.48882488515623,13.577963511382057,20.03447563138268,6.530706795271409,18
494.07142857142856,46.72005423275281,12.59892061421165,21.944616592125797,6.7437089884523935,18
494.1428571428571,43.83831338403406,12.360293410459834,17.796955135156047,5.333103192201853,18
494.21428571428567,47.57044740533937,12.401645132587841,22.235702669000712,6.773627502296914,18
494.2857142857143,40.6459736365012,10.837881891345107,20.02491927784762,6.544154597128865,18
494.3571428571428,47.340923866599816,12.632937938017351,21.446435396269752,6.394209938950087,18
494.4285714285714,50.88751975340425,12.900264953682534,22.91348767479057,6.696544252240707,18
494.5,49.04970583007748,13.047457656013878,22.896592696984705,7.329683293924642,18
494.57142857142856,42.47472518799661,12.2700572802095,21.142164301076985,8.098696214135948,18
494.6428571428571,41.4143579971426,11.912391823321336,21.903367514883424,9.108254800137502,18
494.71428571428567,37.45006266491559,12.496365075008415,21.313484141608065,10.655833037417125,18
494.7857142857143,38.85349993213422,13.686170932579254,22.372751394096873,11.889202403135538,18
494.8571428571428,46.39786110821818,15.95886598728362,26.18556354650059,13.478988211141843,18
494.9285714285714,50.90540120282761,18.580346685451424,28.485514710316348,15.016092204608478,18
495.0,54.8684832453097,19.50089767974523,28.631732742311897,14.78754482094955,18
495.07142857142856,59.37966460222926,21.954070385411203,30.572245633075628,15.498351591794703,18
495.1428571428571,59.592537478660724,20.852922231412013,29.185323342491635,13.553413171380338,18
495.21428571428567,58.175386842804016,20.727349088884882,26.340153558607323,11.580013779652953,18
495.2857142857143,52.59568457847914,19.372370833744906,23.56290198277577,9.918559545610087,18
495.3571428571428,50.00672668946426,17.013644840927356,21.51052979870882,8.075467356827968,18
495.4285714285714,45.25932345193617,14.410528413756746,18.37895707786135,5.984209403417784,18
495.5,43.49556218915901,12.517126640511757,17.651412698782142,5.187691680578873,18
495.57142857142856,42.52720701555711,10.385187629736754,18.000704945328955,5.29698925284255,18
495.6428571428571,45.812937593675755,11.852438086657585,20.646569755565487,8.04822224088279,18
495.71428571428567,41.42199648402075,11.561087349363497,20.134807450631193,8.721659361626287,18
495.7857142857143,34.89416203845187,9.310548009287297,12.873968235008025,3.4532425518618743,18
495.8571428571428,35.03540555312535,10.124289067699591,12.896342374989855,3.698759158352343,18
495.9285714285714,37.3936228873184,10.700809507574782,13.892705730044465,3.6906541009913667,18
496.0,39.15928991420284,10.751193946699535,15.07915649550247,3.878097464954204,18
496.07142857142856,39.01271372670558,11.152390823503122,14.527177610500734,4.198874521713273,18
496.1428571428571,40.074362111584215,10.624989090368405,15.948724909091743,4.116153218229155,18
496.21428571428567,34.492199418628324,9.355808826222647,13.53874507580969,3.754054384366934,18
496.2857142857143,32.28760838651056,7.86431001136113,12.86351375649319,3.3440870497234934,18
496.3571428571428,29.474886759002498,6.168886465403811,11.876310212043544,3.061835493997376,18
496.4285714285714,27.00552313006889,6.268716131658357,11.008982353376394,3.2792871576712486,18
496.5,28.5329135916138,6.406336602867792,11.226165062777946,3.2122073459999814,18
496.57142857142856,33.01149183523489,7.420260023999324,12.846295681381282,3.4825149261202113,18
496.6428571428571,34.037033239136385,9.191288610544774,13.127539081805912,4.102228365273374,18
496.71428571428567,44.46531028005073,12.219422345984523,21.996468589030652,9.088378471851044,18
496.7857142857143,38.73736903909284,9.17006758867497,17.89674710498421,5.779650699775679,18
496.8571428571428,38.02450662319223,8.716422010046339,18.026713955316843,6.0242963572646255,18
496.9285714285714,36.74971408033452,8.143674820825037,17.586905610668154,5.542706541087246,18
497.0,38.026141165054796,7.260996758008201,17.359948277535636,4.559338185813545,18
497.07142857142856,34.95196625308441,7.932037995354161,14.564071622329749,3.591573180224321,18
497.1428571428571,40.331187676500164,10.026541199422784,16.354041372636136,4.032404622324429,18
497.21428571428567,42.006859794658915,11.114705501897527,16.849711972447217,4.31488527827387,18
497.2857142857143,46.72570522181775,12.631598902242034,20.12227763913338,5.996052795841663,18
497.3571428571428,44.62432318694667,12.500866873586165,18.318589690755662,4.897483230788904,18
497.4285714285714,46.33613423748507,12.947650782204652,19.979064864111592,6.211355373613523,18
497.5,46.74263618597969,12.877565894628566,21.54016947295014,7.805802427493443,18
497.57142857142856,46.430066327948694,14.179846835003808,23.116891366156583,10.602100074759907,18
497.6428571428571,46.47993337449666,14.92057895408861,24.029086936163186,11.960609143599015,18
497.71428571428567,47.062860925899024,17.672789882219973,26.751400216494563,15.098324685902174,18
497.7857142857143,44.11266860730995,16.392230091622544,24.51561014736819,13.794132493087988,18
497.8571428571428,44.812381629915095,15.111243033451796,24.44710985700145,12.523380985278424,18
497.9285714285714,42.005903600726256,14.13327831181924,21.62033901560563,10.332640318544703,18
498.0,40.41850470176107,13.183672670391772,19.671507238956544,8.27101479345157,18
498.07142857142856,42.56955664027079,12.590194973493698,19.753572514887964,6.878507708926559,18
498.1428571428571,36.88668629886348,10.974167531179862,16.55536575648013,4.807894073683161,18
498.21428571428567,31.58469789190821,9.874330936709466,12.713970027301391,3.5654245633897697,18
498.2857142857143,25.79178841903228,7.997720478544971,10.783880991792634,3.167737991390349,18
498.3571428571428,28.62682660173646,6.901698531065246,13.52533107363635,3.9286215532152604,18
498.4285714285714,23.83246483512422,7.140640146884403,13.21041956376172,5.7992498061458875,18
498.5,21.647007066474096,8.148290822896874,8.25694492560657,2.8110884093969095,18
498.57142857142856,26.772818268471493,10.760187543924742,9.887653922691893,3.6929145372072973,18
498.6428571428571,29.399293208699138,13.000712567250773,10.906535850453269,4.431990313439837,18
498.71428571428567,34.737894692444335,14.90415480066989,12.714285317508324,5.128874875466132,18
498.7857142857143,34.3865115175796,14.365136666095973,13.181375010264365,4.942300678962138,18
498.8571428571428,41.62813201815349,14.713082189681343,15.969586081066765,5.180855026187359,18
498.9285714285714,34.69252376658515,13.540750475324858,12.629510721517459,4.6275240885554245,18
499.0,34.76020671968915,13.261067672979769,12.555394318184652,4.525600634099856,18
499.07142857142856,42.66113969278891,14.282928612554885,21.75699975943994,10.742795348837278,18
499.1428571428571,37.56808711289472,11.981709949594835,18.67361144297452,9.338185715883064,18
499.21428571428567,32.697960585094386,8.135182161836209,15.474157737318588,6.2355553668137675,18
499.2857142857143,36.8816296175523,8.438988861685017,16.721545841860788,4.915670454614359,18
499.3571428571428,35.42648925766278,10.50922774379924,14.848921212386594,4.519099311000486,18
499.4285714285714,47.389187499437234,15.081381519991478,20.970065148944986,7.582059339267937,18
499.5,49.36043223377263,19.118532742943728,20.330925539019024,7.545804526788946,18
499.57142857142856,48.84466277175595,21.127603725132502,19.054488888666,7.495714844223199,18
499.6428571428571,30.137862221434297,6.4949908657689805,12.722775842698804,3.249750223656021,18
499.71428571428567,47.20140877014014,21.319885394427285,17.95834051677382,7.391541750671091,18
499.7857142857143,48.11771951053216,18.254016867489895,20.548077074152353,7.879520420648728,18
499.8571428571428,41.103674611015435,13.536887532119934,18.706077693242968,7.391238668588662,18
499.9285714285714,44.33943218122668,11.130297420116111,21.150953247448204,7.745123389062054,18
500.0,44.65079626853064,13.755143759368808,22.6841978538052,10.826634572596733,18
500.07142857142856,42.25698935006679,16.07798929866229,24.00015600800736,13.708598488637973,18
500.1428571428571,51.21658303738636,16.40747944949902,25.771015819350147,11.871551315259657,18
500.21428571428567,53.56915566469739,16.102366841432513,25.16953924351274,9.814196614394476,18
500.2857142857143,63.17066731159858,18.823857400831443,28.1956928897308,9.238534800232609,18
500.3571428571428,62.25275068343068,19.001680988564914,26.96829404011259,7.997027350778372,18
500.4285714285714,60.68521700484905,19.834554116838746,26.36069572583788,8.587339774677709,18
500.5,56.575402091842896,20.660241713402417,23.478429529573067,7.664219645340715,18
500.57142857142856,53.063836953613084,21.567157326878835,21.822697294449863,7.703499694213068,18
500.6428571428571,52.01533337188558,20.086398820501742,20.011916189834487,7.263858317348416,18
500.71428571428567,47.448504753949045,17.386433029660076,18.36706615567012,6.518308636339814,18
500.7857142857143,32.42769682148663,11.888471498432335,12.9428172446635,4.913794401356271,18
500.8571428571428,26.896064209030108,8.39161595981397,10.964563296543954,3.9869733553771183,18
500.9285714285714,26.132924225192948,8.475037356493031,10.871425932209226,4.204716995609661,18
501.0,26.950933824935653,7.589676013704086,10.735803221532425,3.715125170870232,18
501.07142857142856,34.584620667962405,11.04703618021333,13.450541993916522,4.494956089701918,18
501.1428571428571,37.90366639716818,12.550814834534405,14.698886680604431,4.9339278454260675,18
501.21428571428567,36.59917636612418,12.373232816708315,14.456825066669104,4.860071490765989,18
501.2857142857143,30.666513589316644,11.216881485248004,11.892552115592313,4.468797211348994,18
501.3571428571428,26.580942328538995,8.179227363288767,10.59304650489014,3.533427859918665,18
501.4285714285714,21.08924404231513,5.719743405105165,8.534756158923708,2.971134948827484,18
501.5,23.82300626278265,5.48797775545009,9.470776293554168,2.6795465869738293,18
501.57142857142856,25.753679182016043,7.019152456786864,10.615009546762508,3.2293627659303112,18
501.6428571428571,32.96324360942089,11.186274908983554,17.25597878467116,8.056744367921103,18
501.71428571428567,38.488621302854476,14.620771149530434,20.54422198628429,10.49429602710134,18
501.7857142857143,42.919577972768515,15.3374718463679,21.44880804173126,8.881488659688802,18
501.8571428571428,38.275221905547824,14.020454223421904,16.55153273958195,5.757834380026038,18
501.9285714285714,38.52576557078197,14.097849249370267,15.90232635587131,5.270630078965842,18
502.0,39.16537439703187,14.530625371312631,16.165652608101592,5.42955089704875,18
502.07142857142856,37.267754805382076,11.927213124847587,15.620731160258865,4.661342707753076,18
502.1428571428571,34.81727579463644,9.656304723761451,15.6910330801763,4.479523019502442,18
502.21428571428567,28.920781229405236,6.0111906181299,11.67424430507362,2.2964783171971654,18
502.2857142857143,35.98467885149638,8.637489406754115,17.185508493096876,6.757412796752611,18
502.3571428571428,35.96246133413933,8.33200613197931,12.922976723551619,2.7827917458579523,18
502.4285714285714,35.39214763530488,12.532869458086957,13.8590663099902,4.350486044859099,18
502.5,47.15727105289516,18.05489744298565,23.998113843939123,10.873586203531213,18
502.57142857142856,58.1994211995335,23.833576909295655,28.255205701306117,12.152875394208621,18
502.6428571428571,52.588253406293994,26.998004537272003,19.883620289994298,9.17761522934696,18
502.71428571428567,54.32067082157425,28.940990772716162,20.756843431590106,9.887091625128607,18
502.7857142857143,55.27091164645129,29.131237531653568,21.2508328768022,9.94747499638106,18
502.8571428571428,53.91080605218551,25.734496662481494,18.972118124545805,8.740890457865662,18
502.9285714285714,23.700313143168678,6.637423075669287,9.965298595649566,2.5513229112227247,18
503.0,23.896567053584214,6.229728994992953,10.145533027095732,2.474577194320198,18
503.07142857142856,41.16077386208813,16.627124714006914,14.542259163415299,5.598505508289119,18
503.1428571428571,33.951413903106314,13.902471752921446,13.198302950471977,4.805447619697213,18
503.21428571428567,24.67066526133043,7.192551207809241,9.612012963840098,2.4909146756033866,18
503.2857142857143,21.916296699456584,4.603356137321898,8.915086384174627,1.8064262728085432,18
503.3571428571428,27.26850825651556,9.648284492486843,10.412691724018273,3.348108867179516,18
503.4285714285714,29.644036848452384,14.17632420694027,11.643986843085269,4.892478298881234,18
503.5,37.223314110169504,19.68209980815167,13.987086993244313,6.742784079804077,18
503.57142857142856,43.88864764730299,28.74488377808474,16.048000983107322,9.825017131432372,18
503.6428571428571,49.57009502935346,31.832801538613367,18.164611352976944,10.880865334981396,18
503.71428571428567,46.83833842663388,33.34623908100183,16.87844758746832,11.387318078220389,18
503.7857142857143,47.19996910509464,32.5055279454488,16.397934144200615,11.130474368174669,18
503.8571428571428,50.20198306577557,32.17796955994055,17.932984713555268,10.979168186700909,18
503.9285714285714,21.377400956712467,5.100780675816546,8.121171051258289,1.6134343993000066,18
504.0,43.20195565152416,20.919037781917883,15.434491792143373,7.09956120280298,18
504.07142857142856,36.00478378640728,16.620360053990886,13.005512523147269,5.60189001128039,18
504.1428571428571,26.378747415547007,7.946417480247106,9.681803901419393,2.592980993592972,18
504.21428571428567,21.758554535844436,5.014431280343914,7.774707371491418,1.6823253747181182,18
504.2857142857143,30.592221213076705,11.016762910993938,10.587442600413667,3.7475103406028665,18
504.3571428571428,40.40234120755079,20.33237004653504,14.596430861575035,6.913424823793793,18
504.4285714285714,43.629385965190316,24.194883037565837,15.231856613014717,8.278193899579756,18
504.5,49.18936494684669,28.186136911305507,17.019967112656236,9.64772851091842,18
504.57142857142856,58.034967677744824,31.729265457453184,20.00601776811012,10.817947479599459,18
504.6428571428571,54.71228358663641,31.18522722215985,18.701531082686508,10.672848515931346,18
504.71428571428567,58.19067671441133,29.487678952754823,19.728669790696266,10.067316523190767,18
504.7857142857143,53.728291816352325,25.71218296511936,17.979072547503037,8.782691703995006,18
504.8571428571428,41.6123935913131,19.742444439449628,13.912300966158652,6.777782395217698,18
504.9285714285714,33.76127337253461,13.974263602574275,11.301813669032171,4.772236287653207,18
505.0,23.270508611146617,6.613180331709951,7.827981530374014,2.1565827009180207,18
505.07142857142856,25.01955748702732,7.309125137718315,8.493531330884135,2.4422428568706445,18
505.1428571428571,21.958798566513906,7.261119640355104,7.421379401574399,2.3779153561405586,18
505.21428571428567,21.602426528325722,7.023648905324442,7.032465868427585,2.105299441479816,18
505.2857142857143,53.02392114768184,33.64814074232447,19.20624096395095,11.466021054750083,18
505.3571428571428,54.74558548480213,35.472877144388804,18.36444951030331,12.17597760817615,18
505.4285714285714,58.08760610953672,37.66169605127129,19.38155852068694,12.911272659502202,18
505.5,14.55675013573921,4.5562107267715515,5.25742958455131,1.5629393531192433,18
505.57142857142856,50.40105795274345,32.52328635814217,16.920931431267014,11.156110874320943,18
505.6428571428571,44.463769183874355,27.553269586894174,15.063299463056639,9.446857632868978,18
505.71428571428567,39.98323997187832,16.293311864042348,17.31691436291579,7.24003118222745,18
505.7857142857143,37.9125604469877,11.52071862441748,18.09814994160051,7.818743239929742,18
505.8571428571428,36.088851436806415,9.559435891039053,17.740141837431587,7.373085348037256,18
505.9285714285714,38.960565559752766,10.410619076060598,19.174359144481308,7.795151487273837,18
506.0,29.99896996886283,8.083688424421904,11.6903801459006,3.6386085825941183,18
506.07142857142856,39.524309983319384,11.895852769424087,20.244703289679332,9.06949587004443,18
506.1428571428571,36.603048665424296,13.517801719925329,20.547919700561554,10.987796293207484,18
506.21428571428567,46.895814452634156,15.542828440365072,23.459008106408522,11.120433402827032,18
506.2857142857143,42.821995289791275,15.404703300007274,22.76528556545069,12.160535306220805,18
506.3571428571428,43.391480305901084,14.901581177342138,22.777903279743718,11.439586031169958,18
506.4285714285714,42.15951627796663,14.010582962083573,21.422717351163392,10.533374136641442,18
506.5,44.48737321452698,13.05392740721042,21.597141910254585,9.308623044527398,18
506.57142857142856,40.36964267167883,11.959075024158494,20.23681834812617,8.123411725182843,18
506.6428571428571,35.68417214377048,9.797888671241438,17.317138708359582,6.4000344847048405,18
506.71428571428567,35.0534389520157,9.978226248629632,16.954473560553847,6.080113277633359,18
506.7857142857143,38.618519467386655,10.38179454933644,17.536372799962788,5.565292730003356,18
506.8571428571428,60.90922286399893,24.962534067994284,25.058297905817998,9.157233195260506,18
506.9285714285714,56.17338958232403,23.96933252810458,23.509828334632147,9.015575219855386,18
507.0,54.40185180922086,20.265178307149394,23.240428958996976,7.527943616483956,18
507.07142857142856,47.225810912268294,16.249876780644694,20.015060448563503,6.33478480946815,18
507.1428571428571,40.95330150854651,10.700144427754816,17.952779684365847,5.156658390801878,18
507.21428571428567,31.03432387357537,7.081963241103343,15.070850048660478,5.002846082553047,18
507.2857142857143,29.43552499319094,7.715985035980242,14.360818378455312,5.233861293621123,18
507.3571428571428,26.49658038180881,7.008604732966661,13.35896832751164,5.150045766610669,18
507.4285714285714,28.5358679040766,7.75281211013133,13.928699377147138,5.014533252648617,18
507.5,24.61596585467218,6.404072444893809,11.377508151152488,3.8577931777776917,18
507.57142857142856,24.449721742413125,7.348030258069424,10.938170001604975,3.5584593084314275,18
507.6428571428571,39.49112749616558,15.491149246600198,15.75533488362221,5.610445171195465,18
507.71428571428567,41.00577028230958,18.252885926010784,17.010378980216235,6.770867562429838,18
507.7857142857143,40.4183558139247,17.66080805831534,16.70269344831594,6.521572118588102,18
507.8571428571428,39.54537078806242,16.359685279883507,16.729836063816524,6.352005047421309,18
507.9285714285714,26.130535970150845,6.3629919712426934,12.960559710384016,4.836827834208725,18
508.0,28.092593355663666,6.996231587448221,14.487535384458992,5.560919640097409,18
508.07142857142856,27.650400334368648,7.59054999460369,13.752753021696941,5.711123067491223,18
508.1428571428571,25.427751854734428,6.828266798773629,12.431750891334746,5.084673536034273,18
508.21428571428567,30.59034122623549,7.455361884610957,14.023843867535728,4.720150727481839,18
508.2857142857143,31.43089045406734,7.68497770703398,14.482474533139174,4.882249078937345,18
508.3571428571428,32.20473738164793,7.295951288051044,14.816370933798298,4.832151695640445,18
508.4285714285714,52.85350489992663,22.252622853599796,21.80472595882339,8.48976796264311,18
508.5,54.4351440863835,20.654718144685926,22.98943847386624,8.38142268198386,18
508.57142857142856,51.43450272337807,16.750857839210454,22.360897778751017,7.448397389613257,18
508.6428571428571,48.3509830584326,14.248541039648996,21.453303328269186,7.382403094812414,18
508.71428571428567,44.12832547494222,10.60190526484295,19.553346583780918,5.665673006341585,18
508.7857142857143,39.39187074843671,9.428289018402934,18.686826990589807,6.391611887675873,18
508.8571428571428,33.03386761439898,6.792933881403543,15.622903953324332,4.451851084742435,18
508.9285714285714,32.683456875503715,7.641754717398765,15.554067619851999,5.141609198658452,18
509.0,35.24345032449014,7.83447581227268,16.9026098300935,4.926458227520488,18
509.07142857142856,44.595312597962405,16.026412836961654,19.281541688534023,6.6696251273275795,18
509.1428571428571,29.154561133904267,6.319718363039822,13.936270718167036,3.788123372301742,18
509.21428571428567,27.093370045195332,5.824216920387017,12.53415435006478,3.191045030593858,18
509.2857142857143,25.948993355105696,5.554645811677602,11.37842608102184,2.578878221742325,18
509.3571428571428,24.15033109967549,5.50847293676148,10.254143274897846,2.545641847155042,18
509.4285714285714,21.57619809839211,4.9073474553520064,9.240653675371016,2.303339543288597,18
509.5,23.141731753052785,5.085469783332337,10.054351605327431,2.5902988231179673,18
509.57142857142856,19.755128107827343,4.1261875706109565,8.280318192983076,2.2670813645421073,18
509.6428571428571,28.862693641975476,8.183787904864737,13.666185962798659,5.010352697706412,18
509.71428571428567,26.15723911257578,8.876591781961338,12.784292515493334,5.2363386327515204,18
509.7857142857143,26.930936603747025,9.684767372314411,13.681743816533556,5.998654749363026,18
509.8571428571428,24.48642100766552,10.368998433280373,12.035558140884271,5.667257505406759,18
509.9285714285714,25.370340438235797,10.891906541154938,12.469699879561357,6.0511289538264785,18
510.0,45.980780101655945,20.39798014829331,19.196220735119724,8.195450992254665,18
510.07142857142856,48.07946010825036,19.595602498197497,20.94465874605794,8.239852656489054,18
510.1428571428571,32.91659406489073,12.718101398063865,15.775535664322051,7.038550389058288,18
510.21428571428567,32.94083254082224,13.15326777499836,16.488743832048403,7.463068370159981,18
510.2857142857143,34.62459060783075,13.126095423861575,17.43001918471424,7.5156214722043595,18
510.3571428571428,35.90579443276941,13.07051232884869,17.40775432984136,7.510925581047347,18
510.4285714285714,31.949312670626863,11.57503958295672,15.45477091907433,6.571443526260573,18
510.5,30.178751813050162,11.430492102061429,15.521866033638105,6.6670505401787326,18
510.57142857142856,27.147362900086474,10.537832787975086,13.561016355230736,6.046815301584842,18
510.6428571428571,23.077884558017963,7.971397024013013,10.685382879533694,4.354953068342603,18
510.71428571428567,23.591254539137864,7.306782850054959,10.205037608808594,3.6162860840838986,18
510.7857142857143,27.188603925937745,7.2734633050839665,11.393733043666083,3.1395171176967325,18
510.8571428571428,22.4347434316724,6.675125401425111,10.005527209352872,2.9865486071184146,18
510.9285714285714,23.342000557881633,6.1965134378796005,10.129482868137059,2.653559730241127,18
511.0,20.720492009016375,6.586796208860116,9.515519487141098,3.0484196877020984,18
511.07142857142856,23.583765485393048,7.348410785455486,10.966028429076987,3.397504248748966,18
511.1428571428571,23.338691858599226,7.768776675411816,10.778586490737318,3.5803695697109448,18
511.21428571428567,27.5495824366457,7.7897220822748015,12.671472909060927,3.8621837067362517,18
511.2857142857143,27.412451715774754,6.1746538261172565,13.329915351732769,3.953344390367695,18
511.3571428571428,26.316920088926945,5.866885290773722,12.887672188222828,3.895957210619973,18
511.4285714285714,26.237453935040868,6.377347136452436,12.421675329747442,4.114518722775458,18
511.5,27.224051998052467,6.444740399381973,12.863571370449986,3.999726972610257,18
511.57142857142856,26.91360460208922,6.817747575447173,12.521735530020154,4.090074879693386,18
511.6428571428571,28.092244418861792,7.424023083536837,13.54723566647391,4.5987798153294825,18
511.71428571428567,33.01209850604568,7.7620042423846405,15.751638633859281,4.863194495546182,18
511.7857142857143,53.94343972766781,23.698404106910054,22.497694219967027,8.785281266556623,18
511.8571428571428,56.719737782197626,27.07139883094923,24.20052393122741,10.233930857890087,18
511.9285714285714,59.6519259804632,28.34556943756852,26.377589536747166,11.066798798677594,18
512.0,67.95171580513676,35.95639855119664,29.765346350919035,13.741205718300842,18
512.0714285714286,83.94870385154131,49.046231720515216,35.92592029213288,17.99770684305957,18
512.1428571428571,95.06120448128826,57.96678606570259,38.65955485659881,20.513570561810486,18
512.2142857142857,91.79905054406416,53.583811339095945,36.661578638711305,18.679232160625553,18
512.2857142857142,39.063587812101964,13.982670499234645,17.110403422479262,5.370411475071188,18
512.3571428571428,37.60933794882375,15.9891619545535,15.676525915784692,5.5971134849353295,18
512.4285714285714,37.41117921917486,15.782312526327082,15.372174557419495,5.481065212637857,18
512.5,37.7852273360963,15.180208864953324,16.58334226677846,5.736897826191672,18
512.5714285714286,35.92797166668363,13.848177332885518,16.107756914226464,5.634748593840059,18
512.6428571428571,36.18545665600688,11.471657990613837,16.678258039764934,5.413602707914214,18
512.7142857142857,35.71805548081638,11.288714007724675,17.18796211941571,5.930124110036775,18
512.7857142857142,35.58711215240745,8.849256842049376,17.778080204227134,6.090840430375509,18
512.8571428571428,34.17451736035251,8.902423541077695,17.768508423565198,7.086432030574482,18
512.9285714285714,50.87061132787127,21.771185784570537,23.844438316647196,10.06386925512222,18
513.0,48.75791605375858,20.233509948061478,23.960915423417433,10.558343748864472,18
513.0714285714286,45.38986443379688,18.540372577503966,23.76786944872047,11.61211246532819,18
513.1428571428571,41.56216396885886,16.04614318240089,22.222745956692986,11.31860019396346,18
513.2142857142857,38.3648593846183,14.47217359632596,21.26031173277538,11.806708761296848,18
513.2857142857142,34.79814774575994,12.25038768601196,19.867756616010222,10.66342152969729,18
513.3571428571428,38.56734558891622,12.431294960053238,20.226470252857418,9.349550663904806,18
513.4285714285714,39.274017561801394,12.053316886923763,19.38390160283505,7.838998784150797,18
513.5,37.045613700977526,12.015416780850467,17.390735096170438,6.385295692848464,18
513.5714285714286,25.19040824895313,5.560290751760663,12.553355053008996,4.308602867416428,18
513.6428571428571,26.954247936933644,4.726897518755746,12.382890102085522,2.9958131202346596,18
513.7142857142857,25.97788754280237,5.451365103355892,11.602078589857086,2.8497877575848394,18
513.7857142857142,26.63616541151831,5.39011690110574,11.33130435940067,2.5027349184418304,18
513.8571428571428,30.405759713514946,6.002761826090781,12.507455383226906,2.4394821991343743,18
513.9285714285714,31.097676127765045,6.498371695140171,13.300558129259324,2.7715316062817528,18
514.0,32.020104539931054,6.973303402835134,14.446877847236586,3.9836033509500925,18
514.0714285714286,33.14540145140141,7.737177814264515,15.778842351841067,5.383068835459315,18
514.1428571428571,36.02045279362993,9.896388111881834,18.41112711400969,7.693286876344293,18
514.2142857142857,52.01246003512879,15.463741600188827,24.272899489087894,9.13530481719431,18
514.2857142857142,58.91787376446583,17.439470068618498,27.954305547100077,10.265985280544982,18
514.3571428571428,57.094662176379835,17.828070881686205,27.420552374417223,10.81897896959755,18
514.4285714285714,58.337317920826,18.518809769505303,27.83851630299661,11.725852336236354,18
514.5,44.16622140377777,14.953428963185313,23.602411002284395,11.991228404130831,18
514.5714285714286,41.3460071808373,13.369889282734682,21.985981738517648,10.890735714021684,18
514.6428571428571,38.985417733149966,11.409740705440342,20.155574651078002,9.125563440527351,18
514.7142857142857,34.56694644122269,9.863190795504188,17.841035463601266,8.004604959097444,18
514.7857142857142,32.01796755074556,9.83329354800462,16.669958435479,8.087355567685762,18
514.8571428571428,38.072758273696486,8.92876234959001,17.67760886396021,5.298130435516242,18
514.9285714285714,33.02379333333973,6.882969255209772,15.859351752189973,4.640545476041853,18
515.0,29.803175983392276,6.509776523445589,13.899767095620037,4.02702145390635,18
515.0714285714286,29.10207791423,7.348274581504553,13.863103980153534,4.6737258091731855,18
515.1428571428571,28.795303878326543,7.681643938001229,14.59813126777964,5.78587176170338,18
515.2142857142857,43.79654173922896,18.815396143535132,19.860782473578702,8.426031178409282,18
515.2857142857142,45.097931630277145,17.203803396109187,21.45470749069833,8.689173117361674,18
515.3571428571428,31.266634570382106,10.317817831557507,17.629589068883114,8.351613397273915,18
515.4285714285714,29.88416757266798,9.970737662235218,17.319152672225226,8.27801704641284,18
515.5,41.60608448088719,15.212073590376948,20.561785325356247,8.096122713340748,18
515.5714285714286,39.26695552633444,14.060411650822108,18.689643364092696,6.606229817087416,18
515.6428571428571,37.40068333895574,13.132200147777228,16.554646769096763,5.276457289533984,18
515.7142857142857,35.43432413824799,12.910671916680977,15.043984297871475,4.880006302180867,18
515.7857142857142,34.75711518539866,11.585792834710052,15.153341552972933,4.503172393835629,18
515.8571428571428,36.658483253699586,11.142185693485612,17.529261267738317,4.972199110659155,18
515.9285714285714,24.805879553382695,6.770993593622563,13.703308515369592,5.035619785053839,18
516.0,27.584923923324897,7.524826323126892,15.171064354161908,5.794081196854779,18
516.0714285714286,28.207429560053285,7.5152071884281115,15.241575824877339,5.865923467995147,18
516.1428571428571,43.37474096378654,12.623852161075408,20.005266954984712,6.1165130242993,18
516.2142857142857,33.625701593627156,9.097647634201605,16.587068973752256,5.3880165900442405,18
516.2857142857142,33.359705879713985,8.58555570760566,16.145314506357153,4.914811497554332,18
516.3571428571428,31.570624020579082,5.938642575440527,14.826726526834882,3.508342837560766,18
516.4285714285714,28.44075914907359,5.53617880547994,12.812793517245465,2.794432043769754,18
516.5,28.288407230349602,5.653485045238644,12.048380428504744,2.444591527181238,18
516.5714285714286,29.165280835491384,5.4662699430962665,12.212553706756061,2.2554606421973835,18
516.6428571428571,37.166708264017736,7.507696715563606,15.794254631969075,3.242359844489807,18
516.7142857142857,44.08240902378871,11.061718196345474,18.734185158048195,4.926850317190085,18
516.7857142857142,52.25679901161824,15.213959703115364,22.65395554416988,6.872944817999599,18
516.8571428571428,61.44985171826201,19.405311656588594,27.303791084344756,8.896001231638882,18
516.9285714285714,56.77253874887349,16.984817197881732,25.16972402421581,8.30158559518774,18
517.0,39.04059625414543,11.643869469261931,19.852841536860506,8.698857964386821,18
517.0714285714286,52.09223954359064,18.821156063808917,23.509472304465017,8.943554448672291,18
517.1428571428571,49.59065005617324,19.3342844066613,22.95650723769584,9.348498380452977,18
517.2142857142857,41.92093406960436,16.245064125556418,19.214707598377256,8.104733583880405,18
517.2857142857142,44.02992369592169,14.240123335527114,20.04188841350192,7.593997765208185,18
517.3571428571428,46.85096315660508,15.668780225776178,20.049730261157595,6.935965978187849,18
517.4285714285714,42.29997344781105,14.908612172791003,17.908339923952322,6.276060274102555,18
517.5,37.13659320512459,12.84622635273502,15.646382974338396,5.311921231592773,18
517.5714285714286,35.30452155642085,12.299780257972136,14.776467533070408,4.776498292881382,18
517.6428571428571,38.80807222087232,15.80592027078081,15.133947728886774,5.514112529860199,18
517.7142857142857,43.53673989826738,19.765237708918892,16.974795413635864,6.7985772924788925,18
517.7857142857142,50.83079581916667,22.386525323599212,20.98111402970273,8.240703325426392,18
517.8571428571428,50.198717268174335,22.144773849781274,21.56678022482708,8.932658586505035,18
517.9285714285714,46.789181516643005,19.825355119042875,21.452339375703115,9.229716049001327,18
518.0,48.31551635210494,21.194793514208325,24.000732889593927,11.392838182113586,18
518.0714285714286,49.43872962304164,18.61691462702515,25.91094658149449,12.543528632209144,18
518.1428571428571,48.035595273744754,18.288641747394117,25.606142582246655,13.9210885246726,18
518.2142857142857,49.298234386365884,18.17636576786956,26.940915831867606,14.567452425838129,18
518.2857142857142,48.31740940969258,18.05698581847287,26.274129312472418,14.332426185640154,18
518.3571428571428,53.67435180395938,19.047823211301896,28.054480826135805,13.718152329340038,18
518.4285714285714,55.57693411036109,19.66312476719502,27.684813813200073,12.415309411292613,18
518.5,56.59835997349676,22.252725098482166,27.156280119612425,11.69474389101424,18
518.5714285714286,66.87541241160385,24.14521386441609,30.06867823699004,11.411118762543577,18
518.6428571428571,38.333387765012034,15.626460411154795,14.936423265191687,5.430126027059909,18
518.7142857142857,68.88922805399477,30.769315106496283,24.9074160619323,10.498769212539495,18
518.7857142857142,24.931148261591538,5.722586631567075,10.430639724404513,2.755098653868273,18
518.8571428571428,45.16052261499804,22.451039277996095,16.807701680376574,7.720621877337253,18
518.9285714285714,62.49143279769071,27.383820975401473,22.789078830022998,9.30474585081316,18
519.0,40.127909541584465,15.094591936375231,16.008774983049257,5.40084938340466,18
519.0714285714286,62.15834007527728,22.17416359926443,30.769017844526275,13.681029928810622,18
519.1428571428571,52.84147331704452,21.18024961963829,28.46418605760379,15.038757473919445,18
519.2142857142857,52.62395108179605,21.669493177723307,28.7271778739959,16.197918771391425,18
519.2857142857142,46.712272283625964,18.789595641545947,25.87697626516547,14.430073123012166,18
519.3571428571428,36.33833288941659,15.734428304897417,21.74433293934537,13.403044299379564,18
519.4285714285714,59.694771408295324,22.37563891731719,27.26088581322667,11.168997332908159,18
519.5,53.648409218895736,24.425847366411986,23.334715039461532,10.4230310505882,18
519.5714285714286,54.305018332163215,23.877337545262115,23.554933901271408,9.701583173311331,18
519.6428571428571,48.77103022472142,23.08116632691769,20.785747070202934,9.160680831058958,18
519.7142857142857,44.069579589874216,21.04578172502354,18.635465732253827,8.158482187401635,18
519.7857142857142,41.49090947624155,18.23900413487247,18.659968030018437,8.171557469374106,18
519.8571428571428,34.743941779606104,11.236794060793608,17.148832050659294,7.44203467943528,18
519.9285714285714,30.729576011465298,9.745665216851744,16.363779063912762,7.616686240739096,18
520.0,36.941041652393416,13.569485096073766,21.90810784420526,11.671179552075369,18
520.0714285714286,39.339989093558316,10.859773329590066,19.247205824004652,7.113656116034792,18
520.1428571428571,41.2290501317005,15.196530598182152,19.507125104549388,7.839077003174164,18
520.2142857142857,57.55260170525874,21.32821104652889,24.567479938710022,8.491184710209364,18
520.2857142857142,55.97489453271034,23.041297361227326,23.139239160484248,8.443883840984666,18
520.3571428571428,31.456312230524148,8.666141509603351,14.742935947034896,4.392164979656018,18
520.4285714285714,26.743933394053585,6.566263655054461,12.330620629953817,3.5810243884685633,18
520.5,52.69905191918009,22.838356262400254,20.975940498854815,8.125523858880571,18
520.5714285714286,58.02697627722633,20.960909472117354,23.72972055615641,7.465638017991805,18
520.6428571428571,56.64644452364354,20.28942823304911,22.962742709102475,7.492065875066029,18
520.7142857142857,54.945571871033174,18.08551222097839,23.46593974769558,7.235321638396358,18
520.7857142857142,47.42636015659235,13.8636910094888,20.778024594546338,6.116486552524028,18
520.8571428571428,42.653653231768374,12.463705894258704,18.900608285549563,5.76839140729565,18
520.9285714285714,44.604106729683394,12.98961326261054,19.162104934200755,5.664253024277855,18
521.0,46.124651435192774,17.139579355500395,18.78216430896724,6.450191308600235,18
521.0714285714286,45.08813545107537,18.902470097476645,17.368432044511742,6.52773880767675,18
521.1428571428571,50.04083945944937,20.353451466027398,19.104901635222195,6.9711114429020435,18
521.2142857142857,49.93614486873369,21.424569156544955,18.674956306027283,7.275441876508765,18
521.2857142857142,43.956141988897244,18.731001188858233,16.480470150574877,6.361997224546031,18
521.3571428571428,41.10446301513798,15.80054250039374,15.832988343986056,5.4597373753657115,18
521.4285714285714,24.46497453486371,5.925804081725229,9.76773043989296,2.1518166491032926,18
521.5,30.104314376576212,9.321584950655566,12.401640799993087,3.4652818693884746,18
521.5714285714286,40.776190960689654,12.277515584245634,16.55092557783355,4.678916919562444,18
521.6428571428571,37.91850485973142,12.947259554182079,14.010022289856293,4.33498631594825,18
521.7142857142857,37.96847780339647,11.784653947417153,13.960004120842349,3.941009004781628,18
521.7857142857142,39.277622848348976,10.615549902165029,18.144003741190954,5.7747850179513645,18
521.8571428571428,41.09737988350775,12.049417327959183,18.862811565813203,6.521328880638499,18
521.9285714285714,38.498243878534794,11.926325250591558,18.827779239275486,7.476607878683197,18
522.0,42.7256361562988,14.836403809509317,21.066681989041292,9.351259592301082,18
522.0714285714286,44.14328126515166,16.36435826606973,22.39441968458629,10.946979091175404,18
522.1428571428571,43.6921859927776,14.490724913238152,21.965655011538924,10.190623611949604,18
522.2142857142857,37.90720982270315,12.723802234050659,19.79554538848176,9.665862172233231,18
522.2857142857142,43.23883097385588,12.794100979037433,21.702865062023257,9.602818776405478,18
522.3571428571428,41.38668008750454,12.308306906681084,20.547990040015698,8.889357598556607,18
522.4285714285714,40.12874180374949,12.667134748256755,19.306108607091037,8.094812555970089,18
522.5,44.14719205116052,13.589685946430622,19.923795083036495,7.296173920506561,18
522.5714285714286,43.58715326234874,16.24200059570825,19.179845011940593,6.872374714089955,18
522.6428571428571,42.08345503495864,17.37480690723389,17.497267351380067,6.546243184620947,18
522.7142857142857,38.78546844124167,18.033757240231253,14.49730904721578,6.1749959782484085,18
522.7857142857142,38.53744060944289,18.118871829626418,13.946204852422404,6.181510829813977,18
522.8571428571428,37.96163493304325,17.27934393329998,14.083403794778265,5.881352578877704,18
522.9285714285714,40.17065342574546,16.52749194694731,16.25348930960706,5.886359969052266,18
523.0,40.23121350048368,13.564777460481842,17.583556616517573,6.05984366890458,18
523.0714285714286,28.889131652111757,9.128214754445127,15.405328200198875,7.2280421454867305,18
523.1428571428571,35.15180715017409,10.218018960010781,18.082988105527164,7.943310910596562,18
523.2142857142857,35.612137533610536,10.907806573394064,19.056168879333725,9.08245764589852,18
523.2857142857142,44.385724646243986,11.714352966071099,21.995890872421924,8.641521610519316,18
523.3571428571428,46.830713857480106,13.738158675976626,23.147845015010784,9.55798486212773,18
523.4285714285714,50.214369064740005,16.228148794553395,24.239419098228602,9.920232570071471,18
523.5,56.21025661151349,17.474400891356943,25.996107725505002,9.105710367801686,18
523.5714285714286,57.981541604587,18.395828247701367,26.341824815201804,8.918776306130738,18
523.6428571428571,49.32310272874256,19.199282483673592,21.759664817232228,8.270603313241642,18
523.7142857142857,52.70713378808714,21.332404356880563,23.050221119965467,8.74228721087228,18
523.7857142857142,53.29087668241883,19.216480523423808,22.522433782672493,7.399235711574133,18
523.8571428571428,53.95367401321373,18.570932422848568,23.264851925128607,7.587327736981401,18
523.9285714285714,50.88312788187085,16.814266100820326,21.77296977521318,6.914550119090657,18
524.0,47.411466299264454,13.078072765301668,20.680017979364457,5.953566351293465,18
524.0714285714286,34.2646821950332,7.2067522732320395,15.473133309286267,4.577961388105308,18
524.1428571428571,30.816186427878453,7.063506373509587,15.044783199173201,5.312071636030056,18
524.2142857142857,38.251698587719105,10.751181340570003,18.829281047077178,6.7139111815118255,18
524.2857142857142,41.516493108294576,11.647349631431547,19.81247733057997,6.787645107627465,18
524.3571428571428,26.494245685998912,7.00617411914819,13.587938129874251,5.246353345357865,18
524.4285714285714,26.22521853387493,6.716644155151727,13.432824064148894,5.1170098760003295,18
524.5,23.582555041562568,5.858353725257631,11.463931286356697,3.84675565714204,18
524.5714285714286,47.422629686658034,21.513943789931577,19.52357708130393,7.6057277042241935,18
524.6428571428571,50.654783828270254,22.270626868753325,20.54031466800258,7.885732576635026,18
524.7142857142857,45.41110713093113,19.713940113213653,18.604934868754142,7.046547885701454,18
524.7857142857142,38.64699030217009,15.25479734624457,15.820241102299693,5.495484808966957,18
524.8571428571428,37.99824567736987,12.006895197905482,15.141673170175231,4.185716508376674,18
524.9285714285714,35.58017728730776,7.996528644230039,14.09489244547158,2.788690396126513,18
525.0,35.323336967683105,7.539568187266438,14.429536888700564,2.750382806019314,18
525.0714285714286,39.20379930943014,9.48659753695758,16.252667889265886,3.662495383983477,18
525.1428571428571,45.191248530680475,16.145737524640996,19.10563307348967,6.5442955363018385,18
525.2142857142857,51.27174450339107,16.378005264569733,22.884133898817815,7.588596435008122,18
525.2857142857142,49.438904362132234,19.28362338805583,18.236217759398766,6.566545315590551,18
525.3571428571428,56.273306007270364,26.860153845141006,20.161835110349006,9.148893566093077,18
525.4285714285714,60.558430601790604,28.54907552071183,21.608064773633313,9.727778794620495,18
525.5,47.09513306095189,16.055440853085962,24.93218144455031,12.765651771697504,18
525.5714285714286,39.53942521790599,13.252401533214268,20.511130207799177,10.167766826485515,18
525.6428571428571,52.8373429285043,26.5627289516115,18.908755707080758,9.06389573277328,18
525.7142857142857,49.55124010422152,23.22136268542456,17.831842390001,7.925710496407326,18
525.7857142857142,42.64865130390748,17.71073956886004,15.925293143156862,6.036024151867396,18
525.8571428571428,38.970204525089244,13.369531045262827,15.009031394838715,4.645092270251455,18
525.9285714285714,29.88576615028761,7.536579423320524,12.060128262127506,2.7262495430116807,18
526.0,23.719737083462768,3.264105424086565,10.046044444356001,1.654944899781843,18
526.0714285714286,51.052956806609366,24.558546776482206,34.16531136706108,23.3303327557309,18
526.1428571428571,54.02066480772228,24.0122749311528,33.04202410574098,20.355184179990122,18
526.2142857142857,40.122450978802995,16.338934068075687,15.628819293890482,5.591932976793996,18
526.2857142857142,41.75178167185753,18.13510049729141,16.2508549124841,6.1835216271858915,18
526.3571428571428,44.393886451467274,19.300364682442627,16.939099990459205,6.55111313509238,18
526.4285714285714,43.29077178799973,18.220974741082543,16.045598024957044,6.203161953083235,18
526.5,38.4288628518128,14.003936934738853,15.191709251507689,4.813825441129797,18
526.5714285714286,34.78713564759829,11.605445344350137,15.246825629273117,4.907960097706634,18
526.6428571428571,36.05864423497912,9.70331412156225,16.752501891641177,5.557998625832263,18
526.7142857142857,36.83558506152074,11.179022520271502,20.294984878752945,10.45270117021048,18
526.7857142857142,45.88705396688055,18.919355777463498,28.105354469556993,17.77895642723888,18
526.8571428571428,51.365999072230146,22.488229737241014,31.48698527039171,20.561738504641347,18
526.9285714285714,56.45638517663443,25.863214243799227,34.8503316174025,22.846417238415018,18
527.0,56.096638122969296,25.738221979934217,33.905447549188914,21.632823364842412,18
527.0714285714286,54.38258796449096,21.854489871814643,30.116588675259127,16.435620255741778,18
527.1428571428571,43.782188938615135,20.693521514116426,16.22756714290088,7.108326882563238,18
527.2142857142857,25.72623675891956,5.673406539745636,10.115440576119234,2.3212264024610585,18
527.2857142857142,34.42560250634004,11.50691195211006,19.68537111173229,10.782208581999864,18
527.3571428571428,56.46014316580089,22.138917830568435,29.766778837259384,15.287601291711479,18
527.4285714285714,57.547341843631116,21.3203159779766,31.690279473726104,17.480970301404277,18
527.5,49.82248098549242,18.207178068076978,27.708610852892107,15.103833212783488,18
527.5714285714286,40.55087294516073,15.289750184230707,23.388862543959654,13.619358595371079,18
527.6428571428571,42.33524667251109,17.135641976596965,26.824575099304013,16.378785745834897,18
527.7142857142857,41.06874203044345,15.4746170782793,24.6338066192976,14.328235465306095,18
527.7857142857142,47.96491762285438,17.98981776067817,26.96485247632773,14.800752361046115,18
527.8571428571428,46.57751324053009,20.105847673526743,26.137161899252902,14.74100364735409,18
527.9285714285714,45.180848032694605,19.528024251085416,23.556885158251436,12.389131865113487,18
528.0,43.77253440032126,19.01641349120776,22.603821278758453,11.67291142565368,18
528.0714285714286,32.89799312212916,15.150340214776845,11.891596089559746,5.2260003157355905,18
528.1428571428571,30.0931624460805,12.515459629526108,11.180894018748276,4.314373173875505,18
528.2142857142857,26.686878442503808,8.177597322532911,10.492577777323408,2.9530736136124403,18
528.2857142857142,20.548763144222733,7.642049951979519,7.812724940833158,2.803678358727083,18
528.3571428571428,20.43147644859736,4.976699608218837,7.728236003503744,1.8557084814368185,18
528.4285714285714,26.006890914267476,8.727212402766025,9.657935664447278,3.0872230386565573,18
528.5,30.267338631080932,11.50099163661878,11.70709953588116,4.061274060825468,18
528.5714285714286,33.57968311617096,13.740677611399727,12.37406820105926,4.738936901537856,18
528.6428571428571,37.04387482166209,15.98959398932641,14.207301936982597,5.503246020552021,18
528.7142857142857,47.693469062621936,18.125272096563112,25.018678684264497,11.710891472163594,18
528.7857142857142,48.358709775721806,18.6961106381885,24.500470992331074,11.044785963329936,18
528.8571428571428,47.55907693051002,17.72913119595731,23.76816304685857,9.505651359622874,18
528.9285714285714,37.17890696394467,15.806626044695635,14.277297562959856,5.518862808785413,18
529.0,38.31074403503377,12.530275464230117,14.715928100401847,4.448483949567765,18
529.0714285714286,36.00323232002035,8.86380822255749,14.607419590533524,3.236741878173333,18
529.1428571428571,28.25511404136679,6.431597412380009,11.519093527005404,2.67184556250672,18
529.2142857142857,30.662625204698003,6.430598993503364,12.268093418801795,2.616530073713275,18
529.2857142857142,49.74382117503192,15.360394455228562,27.65502733770726,12.751511199565554,18
529.3571428571428,55.51720915436506,18.872610316316155,28.905476735956313,13.386398841388706,18
529.4285714285714,62.67670215303783,23.508012922310353,31.645413588056595,13.607663636810667,18
529.5,63.557050917600826,26.00177199258545,30.742939781829786,12.950031611101197,18
529.5714285714286,65.60347498198237,27.7448215225934,30.32076384657485,12.430183190743458,18
529.6428571428571,57.21759513859316,28.626880675097137,24.15368441450517,10.360849108150997,18
529.7142857142857,58.314124831626685,29.40319850252225,22.01807960468585,10.164821256146563,18
529.7857142857142,53.4027395539683,26.57056206491345,20.074065361119924,9.091448032263367,18
529.8571428571428,52.26913811370657,25.056002505661457,20.109181764804887,8.56549037739009,18
529.9285714285714,51.39128822242688,22.20360315469086,19.844675209780437,7.583383005516401,18
530.0,48.416693723074104,20.03979075314449,18.40060813380138,6.925810058065369,18
530.0714285714286,45.17005625066058,12.469651077594841,17.69131002171254,4.444566379830367,18
530.1428571428571,37.040017637403594,7.1478803605904435,15.409926262471128,2.906185607532934,18
530.2142857142857,35.04223595998257,7.5191826134342925,13.989016315365742,3.078117891080873,18
530.2857142857142,39.39535968536982,9.155876884879788,16.41324241806564,3.534282068825057,18
530.3571428571428,49.67482022575216,13.66166402628893,19.869417445056456,4.8281210631024205,18
530.4285714285714,53.65262356957683,17.701198768505783,20.912790322710208,6.0428185826025125,18
530.5,53.55535777333638,21.891002232065038,20.325535887770215,7.451677776103278,18
530.5714285714286,61.791765776851435,28.484508127648603,22.228454286399657,9.719121186202992,18
530.6428571428571,60.96550355848185,28.59727531156501,22.43450938974407,9.772814651420628,18
530.7142857142857,55.24452202574246,29.24608317194165,20.767255276555222,10.002719040406905,18
530.7857142857142,64.6023239379338,30.519660309718226,30.071242331101544,13.847125550709992,18
530.8571428571428,63.25125188943237,27.964618715254655,29.94197398023645,13.31146407609327,18
530.9285714285714,63.17805321932331,25.95647367047467,28.847885425059616,11.591587094681524,18
531.0,56.968802315481085,25.172008191002977,20.73745166377243,8.614691460812113,18
531.0714285714286,49.2650853088338,17.503946440837854,27.85337263183233,14.625050777690262,18
531.1428571428571,42.69285043171737,14.264589762386695,15.97004704698813,4.9108125337163315,18
531.2142857142857,55.04846627820975,23.710924838166456,34.19337930176839,21.671488161044394,18
531.2857142857142,53.060498408206975,24.757459782629518,34.82869626771701,23.463008105324302,18
531.3571428571428,47.5498296322438,20.410955028508994,30.260219478558678,19.34659451860631,18
531.4285714285714,53.05734473529356,20.471412195632368,31.704020054598345,18.74667165412969,18
531.5,63.417671248799586,22.706660959956597,35.741413456488445,18.94896420399425,18
531.5714285714286,67.25169585521826,23.757744214176167,36.94769846930455,17.994049946284907,18
531.6428571428571,68.0074067484774,24.932743126882137,38.25437856611288,18.324494853201927,18
531.7142857142857,74.55412016426477,29.51052439900023,42.90868025990412,23.108522802178875,18
531.7857142857142,70.59967593900868,23.95188064997479,38.89918133737908,17.633238875381064,18
531.8571428571428,73.05125970339982,24.211984357780484,41.34840051351806,19.83392556199865,18
531.9285714285714,52.02207030255362,15.525838335537893,21.24305089760342,6.7881171325150405,18
532.0,49.884735227647084,14.513228341785656,20.62678142592991,6.579511469898505,18
532.0714285714286,61.02720315821311,20.19126834235411,35.423189311666036,17.3687334638306,18
532.1428571428571,60.81903815402528,18.37933181329186,33.46983707890836,14.883842291576359,18
532.2142857142857,61.95766018589937,16.323462111376696,30.83211579060656,10.104043203194081,18
532.2857142857142,71.79444185045173,18.81443478117583,37.48306813074121,13.801781322482881,18
532.3571428571428,71.07828450569444,20.55140616076408,37.109304408897756,15.050896846456524,18
532.4285714285714,73.4415361547432,22.700205718972857,39.02369261649855,16.478694999917696,18
532.5,63.3166143534282,20.85294192323713,32.89652697458646,14.003465964340995,18
532.5714285714286,58.47891488316149,18.49849814828801,29.333156738059174,11.75663221030337,18
532.6428571428571,41.105996198496335,14.498070143819305,16.20437826799776,5.117331097726118,18
532.7142857142857,32.31817785644124,8.952040832286157,12.69250993868588,3.3364146807708415,18
532.7857142857142,27.878863529467516,6.59590045135775,10.878832995354333,2.6757178302210414,18
532.8571428571428,27.775110923121144,8.377174286130188,10.809706651683724,3.189935126319415,18
532.9285714285714,31.7195863621484,10.642039143984197,15.786177286188979,6.38222082108692,18
533.0,29.952811483527313,10.830317111327284,12.593006088988924,4.215662108058177,18
533.0714285714286,46.89394663199455,18.695676021541423,24.800559868417995,12.616830709473414,18
533.1428571428571,52.87465259747721,20.483960827935665,27.71153091166083,13.986881408180588,18
533.2142857142857,55.73796820211593,19.181757886926746,27.1556454008054,11.056106231629167,18
533.2857142857142,57.7422395556512,20.799896485293498,29.47179333431935,13.83485034248298,18
533.3571428571428,34.40112544600577,15.047904077815254,12.870274900868619,5.259025608673908,18
533.4285714285714,51.19184538921582,21.99082539155169,18.664200367493272,7.493240849799661,18
533.5,32.80130826570973,13.716160400119653,12.720838466209813,4.9696618108136725,18
533.5714285714286,48.300734819109834,17.97030317698657,17.945335764907213,6.255314991535027,18
533.6428571428571,48.15874361197705,18.486697197581513,17.842460387484017,6.404200857249423,18
533.7142857142857,49.61557784538329,21.253006559921946,18.663007960511504,7.2956631526035025,18
533.7857142857142,51.46050373498237,23.2590299079782,23.582965694608497,10.54775766672338,18
533.8571428571428,64.53273741343389,27.849293247731467,32.57010530729863,16.610039101575868,18
533.9285714285714,72.84685404593661,29.51251783153425,38.37621000747755,19.880968878416496,18
534.0,72.13096666923396,28.695161850272005,35.98389811493341,17.476850008272535,18
534.0714285714286,66.77656676938018,25.115836671549,31.616920688339732,13.251063496542306,18
534.1428571428571,64.02266918323878,26.65320526172613,28.462127340497354,11.55458287528822,18
534.2142857142857,53.437540809844364,24.11325158372802,23.9452412886148,10.156833092130848,18
534.2857142857142,42.021217372014,23.764107179157218,15.509628525865347,8.12182333094784,18
534.3571428571428,48.16220059373735,23.518004689800154,18.220991705156013,8.068331599833057,18
534.4285714285714,47.632320221105644,20.657578008512424,18.646942365369128,7.27000583611317,18
534.5,49.05070492389301,22.002423878862626,18.59953340901518,7.817365399318117,18
534.5714285714286,48.194319196267514,22.065939924526404,18.75287311651692,8.033793851672634,18
534.6428571428571,53.93578689295334,25.128411148410834,21.41948687509458,9.24213588527214,18
534.7142857142857,60.77942503925176,27.211140739428657,24.452426348445314,10.257673655733033,18
534.7857142857142,63.704902932461444,27.594840221591856,25.260791347488723,10.552619264718405,18
534.8571428571428,64.22515475479142,26.48487814342727,25.623692703042387,10.197618954645074,18
534.9285714285714,72.02466758730044,23.24587214220176,36.34148635659454,13.561899837139952,18
535.0,69.40858821430002,22.25050680478276,36.585888570987876,15.36805461409502,18
535.0714285714286,65.64350390763758,23.917736719283116,38.85928475748418,20.18851931143694,18
535.1428571428571,61.46889259613021,22.71483445100313,37.18645191042348,19.648014533036307,18
535.2142857142857,64.24080916095745,20.478744584864334,36.23820946996847,16.47356936928651,18
535.2857142857142,54.49240520067245,20.591683410996314,23.144449960058008,9.374469641374205,18
535.3571428571428,61.92071902319494,24.641215779573034,26.20868184445317,10.387256151419358,18
535.4285714285714,68.05371205683929,27.338728164962205,28.160428161344964,10.911798501792845,18
535.5,67.76910607483003,29.58864565047233,27.7378131216738,11.820405381134782,18
535.5714285714286,67.19349571905462,29.22781292960054,27.017579679341303,11.555555103429828,18
535.6428571428571,65.42510915538597,28.49870070947892,26.35973823622576,10.994513034229168,18
535.7142857142857,51.58734196230578,21.089906599180946,32.15137022255849,17.43348501379884,18
535.7857142857142,72.33478446628858,26.726194461628655,39.8414890349705,19.493715433718315,18
535.8571428571428,73.47142247830254,27.757714968890344,42.680301750756115,23.460852089743067,18
535.9285714285714,63.96289514751866,21.281791257762173,34.9677808556367,16.72017439086595,18
536.0,50.68113807280608,17.660251076174386,26.97812883137505,12.363776924456884,18
536.0714285714286,41.89636806860931,14.333356490306963,15.995049819554849,5.085776248400135,18
536.1428571428571,45.43446281496604,16.32731182367971,16.70922264759006,5.536333035624693,18
536.2142857142857,46.80655268958029,19.587204110963736,16.915139830900337,6.6413960797999225,18
536.2857142857142,57.357093563013436,22.19630456149789,27.35955159004259,12.05985626275498,18
536.3571428571428,55.623125677462596,21.776713889650274,24.75349752623794,9.440801713981148,18
536.4285714285714,47.720623972493996,21.67311671954888,17.540883343222376,7.427752047473509,18
536.5,57.89929862355885,21.473798467622096,28.957058279839977,12.989110759956752,18
536.5714285714286,61.78033216451793,22.514633187348142,34.419838739870855,18.094790620128617,18
536.6428571428571,52.34614327871107,18.884751649341137,30.9974225848023,17.229411529173454,18
536.7142857142857,45.65597508347877,16.3002450658204,27.41061694737905,14.834137928962047,18
536.7857142857142,40.613865331248235,12.177978084442573,21.510077530225047,8.735412665795355,18
536.8571428571428,44.64313133496783,16.506792901537118,22.759247024491117,11.5840246065893,18
536.9285714285714,60.055689889695344,19.751702711834465,33.50777983445544,15.691810792531198,18
537.0,61.21020186134268,19.773397448037525,32.60199837469664,14.2572382656668,18
537.0714285714286,64.8826190926903,20.27628791644544,33.838694125900226,13.921927284777247,18
537.1428571428571,59.25058570989434,17.476509868168087,28.99970293065486,10.126768530648905,18
537.2142857142857,58.070556768533066,17.882542131213484,29.72269102519048,11.622454758358941,18
537.2857142857142,61.62047549626641,19.828194372349817,34.52825981944675,15.959148275196174,18
537.3571428571428,55.97300445228338,21.74972865401408,33.04884389493863,20.136756949485676,18
537.4285714285714,50.05089572897255,19.570860870356267,32.373192635279686,18.21461920400056,18
537.5,44.709408307685536,15.22595318179846,27.201722815546773,14.121506733569129,18
537.5714285714286,32.29335660188198,8.697857558714205,15.918655972754165,6.546980348155553,18
537.6428571428571,45.6367233133665,15.303137291956386,24.15847624072821,10.253998267006759,18
537.7142857142857,53.09346766195141,20.345770408252697,28.183934972598003,12.919797557841337,18
537.7857142857142,56.588664071003606,22.691845913527402,29.194134471835298,12.995123750789366,18
537.8571428571428,52.378564961265376,22.572240639029115,27.306335204385412,12.736840495201273,18
537.9285714285714,45.93870727021909,20.18809008323844,24.851499299668294,12.354825356696148,18
538.0,47.76668874510234,18.728326689947515,27.099000007218166,14.20503367489378,18
538.0714285714286,45.49155275688549,20.39377353886233,28.425998082902616,17.935107599207168,18
538.1428571428571,43.09819968121609,22.331848047652546,29.538532725065494,21.187296285886976,18
538.2142857142857,41.77790886562808,20.73097809142005,28.507641681535674,19.50576857025101,18
538.2857142857142,35.540355349451495,14.461326546266456,21.942725923274242,12.924478619356792,18
538.3571428571428,40.40946725395171,14.809214113114662,18.538677871007668,6.853836863622104,18
538.4285714285714,51.813227044297015,19.719611597819775,25.560145227859465,11.125836319323037,18
538.5,57.31523258952696,22.910660576155045,29.130339403339143,13.859177214881589,18
538.5714285714286,61.09459846656599,23.134484868622327,29.63579019000186,12.476509810529306,18
538.6428571428571,64.37815191522928,25.049404064327728,30.887076043713865,12.88529138496015,18
538.7142857142857,64.14202312484855,25.536885342737254,30.623609747689336,12.502635214368064,18
538.7857142857142,63.04207314912773,23.86318798703708,30.999644581810085,13.071749006364044,18
538.8571428571428,63.076737406357246,23.381892334948333,33.51260804009302,16.027998806991874,18
538.9285714285714,60.21365681302599,23.70755774163093,34.667393169330424,18.91866122624179,18
539.0,56.71574801188445,21.477275694742644,33.25183237812623,18.08474333225388,18
539.0714285714286,51.23333157138767,18.547870845821866,29.98145770820795,15.459847879163874,18
539.1428571428571,38.99178091943101,10.585973282161367,19.18489928689592,6.679419491150309,18
539.2142857142857,41.95008419422304,11.262973666389728,20.694199592084487,7.148706032051945,18
539.2857142857142,53.641328164385826,16.210396216256363,26.74527100998095,9.992773266793744,18
539.3571428571428,55.904605711553046,18.909796258160785,27.300194482388143,10.478466858531847,18
539.4285714285714,62.1084367121463,23.40260880111276,30.780349113650914,12.843884700882947,18
539.5,63.614127968585535,27.28012226150241,31.189818150149673,13.354180718308164,18
539.5714285714286,66.63831344566307,30.211889946877847,33.45935412832776,15.392542962996734,18
539.6428571428571,72.22636697182173,34.107006228926544,37.912831011686905,19.273775512737064,18
539.7142857142857,75.85360335972106,37.201134337054775,41.29181332080184,22.878994107054346,18
539.7857142857142,80.82893140296844,32.97899198986635,42.43857005809576,21.52343853940383,18
539.8571428571428,75.26631453268402,29.914759543410653,38.85603516372689,18.940806609568465,18
539.9285714285714,64.96846574080718,25.74496369985967,30.22592480203712,12.324368044211116,18
540.0,56.23144658727605,22.992524201280972,23.80220939900022,8.77571417050377,18
540.0714285714286,53.70219120104286,21.093801191515407,25.51832937030667,11.14442063476891,18
540.1428571428571,51.310675789278214,20.703482427962488,26.695396069773306,13.06972227569757,18
540.2142857142857,39.41049950417172,15.02264046249678,22.022886596468673,11.344311011434351,18
540.2857142857142,31.34966238098069,11.763938132026253,18.421028149945815,10.173032296226758,18
540.3571428571428,31.654235988223412,11.329527281892478,17.55440738753673,9.554762775285784,18
540.4285714285714,44.535456972009875,15.419268117597836,24.826683120274303,11.275999408835027,18
540.5,53.68464474918318,20.861640212811963,30.227172281869542,14.780514199661388,18
540.5714285714286,60.912954713878094,23.1967328119956,32.490270240051906,14.635501989703966,18
540.6428571428571,54.654353512189616,25.164182948627907,26.580824901159755,13.359247829708497,18
540.7142857142857,63.93393771174226,25.866100284817904,29.896192323603735,11.387917534742746,18
540.7857142857142,55.59109228442394,24.889984173056966,24.039132783853386,9.601335002796377,18
540.8571428571428,57.40137347757732,23.9492516453745,25.952015834635333,9.834312675657989,18
540.9285714285714,59.487584572698395,22.462880075148224,28.100731242203167,10.433838922001897,18
541.0,60.37890299523084,22.314036060365215,28.62278898017455,10.680389006238471,18
541.0714285714286,55.18603600512329,18.739276037826215,26.64862460072569,9.834474627599175,18
541.1428571428571,49.22519611288403,16.036045294559585,23.26053145507077,8.636619336148922,18
541.2142857142857,38.211166047764166,12.087607917473768,18.66717255716703,7.089458836358864,18
541.2857142857142,36.513425304027955,12.614341098925163,19.500418382741863,8.820346273419348,18
541.3571428571428,49.713174154223864,16.007372686987715,26.006398358169825,11.480396977499293,18
541.4285714285714,56.457909140789674,19.44767272491875,28.85786508494027,13.805349640512018,18
541.5,60.4667867478858,21.645685936292427,31.21535482257419,15.429636199183623,18
541.5714285714286,62.05739097990512,23.005760221113004,33.298225006161395,16.72471840616307,18
541.6428571428571,55.348097999771284,20.803837076607422,27.873058112291762,12.969543182087685,18
541.7142857142857,48.36165017253214,18.222037923002794,18.32225099381604,6.317363828749044,18
541.7857142857142,49.860766895799195,19.20301234909409,18.068716820437878,6.545602326037919,18
541.8571428571428,47.108976173646816,17.870766060393237,16.682946612970603,6.125328671013338,18
541.9285714285714,44.81479014602951,16.16503147335798,15.849117141458903,5.538060180339272,18
542.0,43.23013998642486,14.903583130718413,15.834900836864879,5.181958169789208,18
542.0714285714286,38.34412725913729,14.512362010608015,14.483083616657293,5.2071535656882055,18
542.1428571428571,41.594359783319014,14.831856231788993,15.077926315601799,5.126863465181129,18
542.2142857142857,44.2830254385007,16.3422284911124,16.75547012407314,5.880075323615437,18
542.2857142857142,58.556009411310605,21.749392348557947,21.490668952569496,7.550605841283231,18
542.3571428571428,64.89948217187063,25.184681108642867,23.926589600383277,8.764110099786887,18
542.4285714285714,69.36548050709668,28.89169727689635,25.953361432295914,10.133240918302054,18
542.5,69.20103492766788,31.3132164558302,26.198526356125214,11.10613146853172,18
542.5714285714286,73.75478558907736,32.1292573335322,27.932485654808485,11.482892537381092,18
542.6428571428571,73.90840703858177,31.507501656351042,27.871364218606796,11.322197584047869,18
542.7142857142857,73.56406582221368,30.14703260830142,28.018445917730393,10.760875979373106,18
542.7857142857142,83.85343984008013,30.643848262921217,43.7597453520856,20.5410018788786,18
542.8571428571428,77.56441048145392,27.769935632634116,41.09622486884151,19.75157620552469,18
542.9285714285714,38.079635292820555,14.218425088984732,15.38665227440666,5.629539968284962,18
543.0,62.39371476537083,21.9894477071596,34.89835614312756,17.922282091392713,18
543.0714285714286,56.462221821162345,20.31350493461379,32.981048328178744,17.728940232818193,18
543.1428571428571,32.24354453884075,11.419550263439799,12.689321658044445,4.488729095832519,18
543.2142857142857,65.5846821459053,19.659820036150762,38.866526121925304,16.101878706429165,18
543.2857142857142,57.96571173372954,20.664295377812177,36.83383966857697,17.18644828005605,18
543.3571428571428,68.22042722193994,24.050689752951506,36.09749139217685,14.387751666494061,18
543.4285714285714,66.11638220458353,25.48000445043833,31.410903710996855,11.893516588587735,18
543.5,59.52034030591167,30.59885012606046,21.368264674360066,10.55360668723159,18
543.5714285714286,62.291495430025776,29.392243320073106,25.66087505813574,10.823308778272839,18
543.6428571428571,61.950097800276936,29.11735111678934,25.814949118485856,10.947232679334899,18
543.7142857142857,58.502302227697506,24.740055344370422,26.455160200432307,9.464585823677886,18
543.7857142857142,49.49890829012705,22.83312863523965,24.309605930624578,9.576377376552456,18
543.8571428571428,42.647096541749086,16.292823280844114,21.97098674097806,7.820216954116855,18
543.9285714285714,35.94313398167419,13.05106571197514,16.737930009701397,6.401241302152455,18
544.0,36.40924858704082,10.394620816505789,21.668388973217084,8.799691846156975,18
544.0714285714286,38.47318834629865,10.443374393145405,22.26133147468506,8.410963091408085,18
544.1428571428571,46.395733403824735,13.490014237271575,25.488566499823843,8.97666778695414,18
544.2142857142857,47.26310359940861,15.907948960333616,23.754098219826908,8.112727844657304,18
544.2857142857142,46.46722461367437,17.088094290158356,20.447161400998247,6.343519032846342,18
544.3571428571428,50.07421328244536,23.234947736001985,19.371083619840686,7.948377398847914,18
544.4285714285714,56.3403317803759,22.901542037291364,25.432252373925188,8.955777645232855,18
544.5,59.06902071579239,23.671455664597335,28.36936001560197,10.162928934852001,18
544.5714285714286,53.36260186773226,23.538557827148725,22.35987896743745,9.4544218394827,18
544.6428571428571,47.760582668973925,18.35739340231344,22.203538635380998,8.253851996227604,18
544.7142857142857,46.704669966362886,16.240245791962646,22.947959062130412,8.257999766763085,18
544.7857142857142,40.94921865181134,14.187002511360603,21.135599396814406,8.185839419261592,18
544.8571428571428,39.36058638339119,12.668583914087122,20.234722162299786,6.820116017666325,18
544.9285714285714,40.324098301884185,12.923646057758084,17.11703366494352,5.127576977080164,18
545.0,55.75248782977301,16.304930861392915,29.26872784239909,9.502349224986746,18
545.0714285714286,57.486281089657005,20.10565673090204,29.10609009826675,9.91378677200172,18
545.1428571428571,60.33536931337363,24.245272354359617,31.269942747616785,12.174354700943844,18
545.2142857142857,63.84745113548046,26.53948880998462,32.95536479257999,13.725405303720942,18
545.2857142857142,54.474861880341415,27.084370349234185,23.69597076822749,10.39129599677646,18
545.3571428571428,51.868633844134656,27.289429447187594,18.814443084581917,9.33827909069053,18
545.4285714285714,46.389566486226464,24.582720949869966,16.868690024389796,8.43223704773378,18
545.5,40.766543034009004,19.282614681585194,18.421439268757776,8.258264224188368,18
545.5714285714286,33.37911869946294,12.22269612621886,15.241643601335312,5.5949034139358975,18
545.6428571428571,24.607539629306125,5.374856693630064,11.13615410452685,3.0435535676403522,18
545.7142857142857,21.166680865387306,4.984591291899102,8.0501173077339,1.8235340909847275,18
545.7857142857142,26.436287029492664,10.429354353717352,9.785918355668798,3.6362196724190574,18
545.8571428571428,34.70911318364002,15.478087925404918,13.728432283424993,5.38146469994933,18
545.9285714285714,42.299787890067606,21.872027240227307,15.216685826248943,7.466597717273353,18
546.0,53.622399741027685,24.204077007316045,23.653722933839934,10.605826961177003,18
546.0714285714286,58.99836062376926,27.243607149528362,25.181905906868842,11.427355947224985,18
546.1428571428571,60.06683784761559,26.035288737788296,25.841102551975045,10.957695467425175,18
546.2142857142857,60.24776026744829,25.737119422455045,25.252703831243583,10.148588870974434,18
546.2857142857142,53.4778645760452,21.15871358410056,21.53347663248306,7.8707625940505155,18
546.3571428571428,65.85758863153161,23.077635023255617,36.750147372566154,17.689778845930626,18
546.4285714285714,62.42809095770976,19.581243117071665,34.494586831450505,16.068626760189844,18
546.5,56.206993457328885,19.337858778251217,33.661337288510325,15.905261628362645,18
546.5714285714286,52.731937968511865,17.32443743049229,28.828417732701897,12.262513537271792,18
546.6428571428571,56.5115443586757,17.726363676295602,30.1909315815365,12.102802909477742,18
546.7142857142857,62.34836377433588,20.407373592518,31.14414581943256,11.017844733057341,18
546.7857142857142,63.65695467874657,23.359322873735596,29.41564386239719,10.34010504496864,18
546.8571428571428,76.19453231235676,32.324108329513535,34.690054547865344,15.47574909260193,18
546.9285714285714,77.3036772208697,32.64208973920581,34.852859797637564,15.71567698691392,18
547.0,86.30050505457862,36.15822607336959,40.39599573445073,19.154200251036425,18
547.0714285714286,87.98959127476436,38.284103734219585,42.49302874318501,21.156532725431113,18
547.1428571428571,79.35871157866266,33.5170593935249,37.062190579359495,17.716557287757748,18
547.2142857142857,67.40641860187459,28.314096115392616,29.934606490653856,13.215981738922276,18
547.2857142857142,59.72459889519595,22.515140629743183,27.24645150523323,11.819237133606006,18
547.3571428571428,54.9711672221587,17.401171008684816,25.423270118844314,10.55506161056789,18
547.4285714285714,48.64779648861286,14.49333593333155,23.64187788648075,10.621616725410734,18
547.5,42.08630817426028,13.66299458560213,21.219247427698647,10.709234328167003,18
547.5714285714286,41.45507685242371,14.740910473578571,21.98732971080615,11.994512694641534,18
547.6428571428571,50.98485352909313,19.7273081565072,28.928320472572175,16.612129404108714,18
547.7142857142857,51.20707375245351,25.997574558809625,32.266253782539465,22.238851644475993,18
547.7857142857142,73.64898203611341,33.87602483035889,40.246113632372335,23.663272756908384,18
547.8571428571428,77.4409256332861,31.774805540150606,44.40339488446861,21.30638900366826,18
547.9285714285714,72.93192916435366,29.012523237393992,40.33144861677314,17.179658131685855,18
548.0,68.58879763567553,26.552421571693273,35.25494476932512,13.972994113132817,18
548.0714285714286,49.16123255110657,16.938065667376534,30.553744438168742,14.643252036888862,18
548.1428571428571,69.65823107946963,25.434594213099814,39.13630373821659,17.03320752127869,18
548.2142857142857,63.044417707451124,21.014179349131826,35.50043117162676,14.78810130392339,18
548.2857142857142,57.412851347412385,19.006741080850084,33.804029747964584,15.190794871539822,18
548.3571428571428,53.92264168875932,17.372711847525625,32.63315271932682,15.093566521526581,18
548.4285714285714,52.739223739111814,17.9277305417304,32.59873011418737,15.749463164110626,18
548.5,57.291784253406846,20.962117537970624,36.15299119498026,18.412921793989614,18
548.5714285714286,58.455789383672624,24.494791766035195,31.68496615997879,18.814880468030896,18
548.6428571428571,63.15727357097321,27.5171874669967,33.745985230995316,18.74573067178245,18
548.7142857142857,56.174654904041454,20.261315953706063,28.78702466913149,14.149989660441168,18
548.7857142857142,50.70891133163082,16.658018627546642,25.220580553266124,11.111215628446493,18
548.8571428571428,50.75591818391647,16.166790755159383,26.60039674624654,13.035897209457481,18
548.9285714285714,45.001895855517304,19.21500414607883,26.20466625988198,16.634572302144715,18
549.0,41.67608944086861,18.12902877219561,24.27875085407637,15.587465243703122,18
549.0714285714286,42.60928361804995,16.2633380257896,23.117761343727356,13.367388720699248,18
549.1428571428571,50.653221287872974,17.554882012320448,25.03828023802958,11.734503986819698,18
549.2142857142857,54.831190575955645,22.195988652752337,28.517938211180937,14.853345826293172,18
549.2857142857142,63.07643153709388,25.839458607051267,33.60016709922954,17.939735356691312,18
549.3571428571428,72.46191563996904,29.21266162130649,37.78142360993398,20.741605675816118,18
549.4285714285714,48.48419936420856,28.06520628231189,32.18934985100632,24.27276541987477,18
549.5,56.80204683927929,27.6018442828941,33.018223973354964,21.34718416944485,18
549.5714285714286,63.19015880234147,23.95286943696904,32.3255202018919,16.205791670281947,18
549.6428571428571,70.55676495733402,24.74783524463061,43.942179725234666,20.518907416462188,18
549.7142857142857,67.19940254651489,25.472773938191995,45.21360153987849,22.77616746168021,18
549.7857142857142,44.086306106767466,22.184211764297377,27.47890174484898,19.072605905319588,18
549.8571428571428,45.436423739604564,20.29865272302,26.37001122087731,16.550222905384206,18
549.9285714285714,55.66894660727792,21.8293882585314,29.23084685195019,14.974644478008662,18
550.0,74.98904072308063,25.141902391177087,40.59937510651308,16.131550142643984,18
550.0714285714286,82.04645185103864,30.982293737761683,45.230269989979085,19.95187301559518,18
550.1428571428571,88.51055709271262,36.04074066153085,49.684179415109014,23.626229820052185,18
550.2142857142857,83.43253985684659,41.297976474984054,44.43581171215535,26.82757551993137,18
550.2857142857142,70.28134283304003,33.71584550725023,38.59576157041803,22.69071794045364,18
550.3571428571428,61.84558813680649,26.075768755187,36.66871707342716,17.51797340548918,18
550.4285714285714,52.53343646890268,20.22889873771516,31.31957039020145,13.830103138345766,18
550.5,50.81475635034037,17.825241055212647,30.139334744922905,13.51481398154068,18
550.5714285714286,42.94758198313812,18.978732417350212,24.428633937692332,15.370927572211318,18
550.6428571428571,51.93480960502294,20.047561968494445,27.604090382525403,15.334332396074444,18
550.7142857142857,65.82215805961532,23.725850680682402,40.57410416884397,19.052973831495112,18
550.7857142857142,65.0001835776851,25.033779000367105,39.66169070943821,18.651221114799952,18
550.8571428571428,67.5739609303907,29.615422484441574,42.44945955775849,21.259868774464593,18
550.9285714285714,71.37859503317006,30.117982555794054,42.689514041089595,21.34953174292601,18
551.0,76.63800604984924,32.104487601181916,46.17166674471482,22.98439097844602,18
551.0714285714286,70.36368201593207,27.949151712560667,41.87124763167562,20.195670414537783,18
551.1428571428571,56.1396913155301,24.287447026976885,28.942934186563313,15.566894266867711,18
551.2142857142857,46.6980410427739,18.24088214759358,23.21051787393884,11.346143289106369,18
551.2857142857142,40.98192429751295,14.144384992319173,21.243245916555804,10.211503165307267,18
551.3571428571428,35.89863237130588,14.502187670361447,20.131416135965676,11.607649013169212,18
551.4285714285714,37.46770282209031,13.346335687252562,20.498508659562834,10.496808573478209,18
551.5,45.81818409835883,12.83587647466994,25.79629960292925,9.793870298520279,18
551.5714285714286,49.3525410461694,16.018781085207543,25.88663799552227,9.46831509056176,18
551.6428571428571,53.336409812462506,20.19450262132917,27.05677297916162,10.188760706684988,18
551.7142857142857,53.56813202695977,22.38929158454517,24.128367128574546,10.28984042973896,18
551.7857142857142,51.05322032472326,20.557817049996313,25.62619167603059,9.919570032288101,18
551.8571428571428,39.87061339186103,18.231643453673485,18.024184036348196,7.906759084958746,18
551.9285714285714,47.32535889840793,17.42579323335688,25.772294281592036,11.74165874805878,18
552.0,48.91334622243678,17.27995104157122,27.5803089802312,13.275645983247982,18
552.0714285714286,44.644776638455596,17.121042834573778,25.61771524026921,13.905739168037048,18
552.1428571428571,48.58420990327386,17.31646888568271,25.623749093349364,12.814990028883688,18
552.2142857142857,51.43458130279921,17.766346469469898,23.82315939012799,10.074033955906843,18
552.2857142857142,51.483842297589035,18.88011103336554,20.72206282921352,7.274397769435992,18
552.3571428571428,51.42561156527882,17.92084977691013,23.101679844464375,7.603492674488297,18
552.4285714285714,60.500610060081634,22.606777029297564,28.98266317277149,12.601395420050974,18
552.5,62.40697259769678,23.03890446836052,32.70266102501524,15.43064812995429,18
552.5714285714286,62.00640857001795,25.629138248559265,31.931277404747483,17.380377350829978,18
552.6428571428571,57.60719638507806,23.552023144247826,30.40527397300351,16.979537175117944,18
552.7142857142857,55.230182785576474,18.86892237079994,29.76519581263571,13.903913589384457,18
552.7857142857142,47.46001938927285,17.073349015386288,26.361336241461014,13.535050283942752,18
552.8571428571428,44.99489936993469,16.71856433137455,27.166278133824193,14.266915000824984,18
552.9285714285714,35.05890987403301,13.274020274972859,19.83456613628395,11.155535500772668,18
553.0,34.12733536782112,13.831158696439843,19.483220801457698,11.4759433574268,18
553.0714285714286,39.42835568901873,13.002694034491734,19.81313644168351,8.73868559098105,18
553.1428571428571,39.30509072003414,16.217750022953716,16.001909292337814,6.067006181723684,18
553.2142857142857,52.02391494712612,19.148952380713933,26.652965014095773,10.699337021127846,18
553.2857142857142,57.23989060222148,20.668814670605247,31.005852283677495,12.223406935723906,18
553.3571428571428,56.70455784243374,20.39255573679182,31.640274203751147,13.327388436406455,18
553.4285714285714,51.09574634228018,20.42213472663814,26.497544711707416,13.860440069913738,18
553.5,37.97755573534091,16.653554701498983,22.32472328595694,13.667763941672042,18
553.5714285714286,33.81304032545448,13.458713183906688,18.64658615468522,10.069929404004164,18
553.6428571428571,36.291366507809315,13.78436088654928,19.227216412905552,9.575177694645943,18
553.7142857142857,42.20511994734266,15.228813213726365,21.921302872899496,10.369908026273867,18
553.7857142857142,48.58734784439696,17.10433290194289,24.677920373506897,11.688138465667581,18
553.8571428571428,65.45089772045228,22.2197981184519,30.45538234462595,12.044111277459756,18
553.9285714285714,58.64780166946363,23.334188713106506,21.692558173958947,8.048899878708724,18
554.0,65.61842763980547,23.281382508153612,28.988520289451152,10.990195243514526,18
554.0714285714286,49.04647278085114,16.782992491081703,24.303698732054656,10.490214200495629,18
554.1428571428571,45.6128852606356,16.771770389962153,23.444590823561573,11.372176337135029,18
554.2142857142857,40.63202493527116,14.613700896001738,21.239526600556722,10.354609134034886,18
554.2857142857142,43.3587954549812,13.541889522139394,21.07819596521046,8.559671391210852,18
554.3571428571428,31.451415280497997,8.007304276388577,15.735887480271993,6.069861806609707,18
554.4285714285714,26.4367624909451,8.03530410338877,13.978646409774818,6.913663093879941,18
554.5,50.50473619988565,15.719949634600162,30.85745256499654,14.067454768606947,18
554.5714285714286,71.06962167532255,23.385312395076827,44.033381095338534,20.43202037002295,18
554.6428571428571,69.54722501198918,25.938266679149933,35.42316895724149,18.746046545265887,18
554.7142857142857,81.79339200183065,27.819279439582782,45.193857237967165,19.678672615076305,18
554.7857142857142,82.01461022910296,30.785883763634082,39.10519702234503,18.609677463155464,18
554.8571428571428,76.53881727482263,25.60915550949875,40.425271360577845,15.986226405575415,18
554.9285714285714,66.09906797416131,21.88175573069532,34.043564841748946,12.731386629118745,18
555.0,55.00969293539809,18.09999775341333,26.61247644229273,9.213988099499327,18
555.0714285714286,44.91825429753785,13.906740031514934,21.74099456313081,7.109372480572383,18
555.1428571428571,39.787181508465984,15.043829368808693,18.828851776518384,6.519327349460973,18
555.2142857142857,25.8893600497067,5.826726299815065,11.43754332868758,3.0749915653734226,18
555.2857142857142,26.8929735852529,6.70678197497976,11.14413340120147,2.649188543534913,18
555.3571428571428,38.162478278261624,13.317207284099531,13.87767597801805,4.489938169420385,18
555.4285714285714,46.1079651369924,17.90616372058564,16.525630896409293,6.0742652032377205,18
555.5,52.81282240087684,18.64989827400554,23.086614360584186,8.322519129607896,18
555.5714285714286,59.45745412221132,21.178996604094166,29.752871363703115,13.256011121761354,18
555.6428571428571,40.13318643986372,13.806839133250858,22.57533819600926,11.349029609325354,18
555.7142857142857,35.63525689866016,12.688227737829415,19.448444842592284,9.797401922975187,18
555.7857142857142,47.177981528986294,17.691804996284393,24.401921107007304,11.78941554096805,18
555.8571428571428,47.54268038765676,15.169010322293767,26.393493168049883,10.5534991896791,18
555.9285714285714,40.759125636544454,12.0050530779815,21.72696646708511,9.234688002691781,18
556.0,41.077474117015925,11.493697087544044,22.385744792955432,8.31415326754093,18
556.0714285714286,47.84796630493588,16.220677303834826,24.78516469081629,12.085071744926028,18
556.1428571428571,55.198201493198816,21.473563785006455,29.68207744510859,16.7311615158363,18
556.2142857142857,66.71219246887753,26.49318079639808,34.871262080844744,18.945496654044412,18
556.2857142857142,72.6564319340187,28.329593498283398,37.384496978929285,19.201303499712566,18
556.3571428571428,57.22054150087932,25.050804046663398,19.950286385336646,8.575012415500062,18
556.4285714285714,61.260558092863754,27.079950599776392,21.467540919075493,9.267364892433838,18
556.5,63.797457655156784,26.637045192104736,22.311603206182312,9.120250064564138,18
556.5714285714286,80.16825586922036,29.25323804001995,40.46735689020768,20.26359638955993,18
556.6428571428571,75.6238577981494,26.837246395293,38.939872470883245,19.97024097754393,18
556.7142857142857,42.1100147272927,12.647977985741294,14.95976302406658,4.447572561798149,18
556.7857142857142,38.37246063886716,11.496477727317252,13.707864241281705,4.065736506356959,18
556.8571428571428,36.98913029306974,11.031048996414446,13.974044122133325,4.102410361221843,18
556.9285714285714,45.31001788526653,13.44283793526987,16.74193576973861,4.814367715536433,18
557.0,48.239823138047896,17.2193095751801,17.290695149506245,5.955001667549654,18
557.0714285714286,54.51660091884279,19.74753917409725,19.822457269116253,6.821954198044469,18
557.1428571428571,56.301560458238,22.421157482291324,19.879382872810513,7.718789294122761,18
557.2142857142857,56.780886238601305,25.02147571574639,19.99189863967519,8.584317547647709,18
557.2857142857142,60.37944204463432,25.36774485386798,21.17990768743964,8.693693202335384,18
557.3571428571428,54.804282722684135,23.736867647147797,19.101974850552402,8.134341311639496,18
557.4285714285714,55.745425144611616,21.394993477463405,19.70843898000168,7.303859528871709,18
557.5,47.49480522838983,18.290847099122683,16.587861263533558,6.253103881266598,18
557.5714285714286,41.923233110899254,14.460890408493139,14.759517077373175,4.895834177580514,18
557.6428571428571,48.411404471885334,17.372138431783572,25.35149202761802,13.800782871189293,18
557.7142857142857,39.64105808057883,13.664396566907547,20.42973676388051,10.533421874000599,18
557.7857142857142,54.43659889331255,19.128964201701177,32.12381883766918,17.118118114236466,18
557.8571428571428,58.7788417730642,19.139557317780092,32.59358127612901,15.01362968905091,18
557.9285714285714,63.15392874158053,21.89060192298302,34.103102489671976,15.032761952606403,18
558.0,53.864784653332,23.55598133026355,25.321021384085114,10.456687687885044,18
558.0714285714286,50.83400496309396,23.034985885568755,19.86284132725541,8.01512238844045,18
558.1428571428571,56.219663835300274,21.576046345221776,24.69448445569637,9.041018380849334,18
558.2142857142857,60.176488578920186,21.449118976768226,28.691399784625442,10.232374723335115,18
558.2857142857142,62.00774482774796,20.197300469638986,32.39463304604539,12.605487575516106,18
558.3571428571428,57.53523990382756,16.994401326315046,32.144863485252905,13.231046734762053,18
558.4285714285714,51.923176307247125,17.588872608647602,31.75231012434711,15.35271656869634,18
558.5,56.43923708346311,17.79194804216224,34.08684424614385,15.792690714612787,18
558.5714285714286,45.961908489098064,15.116835032057201,22.407294584788094,9.762165477082005,18
558.6428571428571,64.71083871447271,24.338328210169834,32.8919991694877,16.77168504075079,18
558.7142857142857,68.27294885705199,25.401228377751238,33.48872612787917,15.373253360999751,18
558.7857142857142,66.31258842160908,25.77353377388925,29.47090497450131,12.190278810514254,18
558.8571428571428,60.4938364480366,24.220803542745138,27.358717670845717,11.414730988545598,18
558.9285714285714,58.07594884452446,23.632760899565096,26.69952864706167,12.12055316839703,18
559.0,56.93637595011685,23.08356092467948,26.790862773164882,12.73130437182804,18
559.0714285714286,53.70921121071186,19.415255783318987,26.745108643684407,12.44830618211691,18
559.1428571428571,51.182338572844806,18.347935054857306,25.569763181736565,12.765968694992832,18
559.2142857142857,44.3954986508429,18.439962581511164,23.819646255041917,14.031644714022235,18
559.2857142857142,44.88129714570074,20.85634426331009,25.446516600202802,16.813290880847436,18
559.3571428571428,52.7949236393578,22.183432728193736,29.12343168304613,17.741064211748597,18
559.4285714285714,84.57882246757751,30.834822726836062,41.18130450455338,19.69753560267234,18
559.5,83.87773129239903,32.06953691265828,39.067363666398606,17.869880329732922,18
559.5714285714286,80.88252694183946,32.43890849040397,33.98116580747354,13.567877968575798,18
559.6428571428571,74.4984430412673,32.35660320330858,30.100925320886052,11.952231960475384,18
559.7142857142857,74.03435699415294,31.409821908195436,31.703353704466462,13.16606433305265,18
559.7857142857142,67.53965477851678,28.55565808592121,31.226875059234054,14.608315687602538,18
559.8571428571428,64.8323935687658,25.821576628001754,30.749795075781893,14.454621199808988,18
559.9285714285714,66.30415471758282,21.58912262255898,37.706495932768696,15.719372017252246,18
560.0,62.65736144135282,19.180180780793325,37.70031091741773,16.0486046038783,18
560.0714285714286,51.247772760615554,18.631299542286015,32.57911439143861,16.263989232996856,18
560.1428571428571,41.99100301597071,23.41532441187735,27.206225369745876,20.189788936665288,18
560.2142857142857,42.702500624942715,24.036198121692298,27.327561910465896,20.378108087342735,18
560.2857142857142,41.11286806996683,22.622346133329014,26.71401378242673,19.34212859098678,18
560.3571428571428,38.952265816471304,16.573949700310894,22.71605393477223,13.733508995587105,18
560.4285714285714,54.33248712119254,24.194618571400778,26.56012446241394,13.073457476663796,18
560.5,57.504494896585165,28.163916248006846,29.180773202259648,16.15345004103529,18
560.5714285714286,62.65200549938004,27.125153592105416,35.25101564453438,16.277321894877147,18
560.6428571428571,58.20429817245484,25.978554931278858,32.12507654323369,14.611700549759565,18
560.7142857142857,49.83957505450117,23.41627899092702,24.246890644067566,12.36537162779335,18
560.7857142857142,53.031395661625695,18.731737504593852,29.999525223508527,12.581022888337504,18
560.8571428571428,54.555510453441954,19.639893491330742,33.99604284832278,16.148064024867057,18
560.9285714285714,51.32579458924075,20.992673322190562,34.152581207775675,18.0815181458959,18
561.0,53.678565029780486,21.77083425540681,36.005975523439446,18.829935228037368,18
561.0714285714286,49.11382596136282,22.633774244985148,34.46494570664947,19.07711003459422,18
561.1428571428571,40.18873286323782,13.796095224846486,24.685973611612965,10.472014217229102,18
561.2142857142857,37.327398156385776,12.550354841162983,22.361006917106813,9.34982066629868,18
561.2857142857142,42.08903690799392,14.87725163811589,26.617265016706014,12.085623622218982,18
561.3571428571428,43.69129803200969,14.586792336659379,27.2196973623337,11.903325213771211,18
561.4285714285714,44.427391689859235,14.278344679844405,26.71113228074923,11.5294370158345,18
561.5,43.65510172908818,13.952405597798949,24.954199713799042,10.846559356406273,18
561.5714285714286,47.42355709896651,16.005397132485218,27.002850338422693,12.362559873660967,18
561.6428571428571,51.343299714623825,18.17217451119196,28.5273518514544,14.143324945349674,18
561.7142857142857,60.11747608219375,23.115968107701423,37.68592861223434,19.579365375680982,18
561.7857142857142,54.60345336684902,26.248992335836817,36.77704361546998,22.707158136042196,18
561.8571428571428,54.52599862118958,20.698996447982687,34.5746470963442,17.907357483745816,18
561.9285714285714,62.92904402569407,23.130032447600332,33.35037894897117,13.01678503048488,18
562.0,60.1851689719466,20.497191231987664,32.38939031213329,12.125485988059783,18
562.0714285714286,59.09945781132938,19.25614930897162,34.79150708243772,14.507247132293939,18
562.1428571428571,50.071097354193114,17.996231895409846,32.6110481193341,16.16187357101753,18
562.2142857142857,48.852511154559096,17.655837992298405,32.1125457195202,15.984539261905251,18
562.2857142857142,51.51493604491755,16.591993472042883,31.00433271050693,13.7143642903355,18
562.3571428571428,59.68505937698456,20.83155537971126,33.77051653394711,14.255907930460795,18
562.4285714285714,71.77349555741867,25.38161505465933,40.1685236948776,17.590538864657752,18
562.5,78.59585177621376,29.92003033703281,44.78561422156971,21.177157997557032,18
562.5714285714286,81.02678279686727,31.51008017104327,44.74530823053406,21.530118100858395,18
562.6428571428571,73.08330317014541,29.55851977507804,39.56257354669816,19.02230238195837,18
562.7142857142857,54.60052564508202,25.20866223972776,21.70329441911934,8.798206707033266,18
562.7857142857142,54.01867577608532,24.66832250407522,23.016312136645308,9.073343836020339,18
562.8571428571428,61.054328874565684,25.863913427707175,28.22292715981831,12.070882292232605,18
562.9285714285714,71.3037290625266,32.1236933501974,33.03521867779793,15.521266215725687,18
563.0,68.92365669928637,29.95575907928433,30.406987517737456,12.910363714858285,18
563.0714285714286,66.17805487593114,28.0429435263283,27.997559391538317,11.037537750803848,18
563.1428571428571,56.59299883590697,24.667039236345417,21.036692262331513,8.39821934169346,18
563.2142857142857,53.595345275911484,23.322650436360256,19.54360688307012,7.918711417871362,18
563.2857142857142,51.43325326693852,20.061376926845725,19.631954034072862,7.000709957843526,18
563.3571428571428,37.930452440477005,13.267734773171902,20.759528931827084,10.437425618116853,18
563.4285714285714,29.68170122585847,9.03115904853375,10.889698232191291,3.041098388511788,18
563.5,37.369858351322826,11.995681167499747,12.943934876091943,3.9989350228418488,18
563.5714285714286,30.346005340492365,7.086476366405347,12.487295707071004,3.3372222707764974,18
563.6428571428571,37.319587756462504,8.586132688731167,15.507082341821013,4.480520740534587,18
563.7142857142857,45.45751015912506,13.465560590441617,17.49187799365185,5.069312937317841,18
563.7857142857142,58.38185077615601,18.82032946648314,25.93392263791283,8.837676508913408,18
563.8571428571428,57.576407428835665,23.315938267163094,21.568421034911136,8.140910645866416,18
563.9285714285714,60.708904879146345,26.02621158652741,20.765373749392737,8.798085573372704,18
564.0,63.121922426250954,27.36767323092887,21.977443443190747,9.267161262197945,18
564.0714285714286,59.16002738578816,25.869564992874267,20.232315783720264,8.800520231615177,18
564.1428571428571,66.7479990337299,25.468515440847096,31.693701221027144,15.176248263020586,18
564.2142857142857,49.84241391860179,20.341888894341004,17.31416651033588,6.950925203623777,18
564.2857142857142,46.274965312222704,17.27231740387569,16.553047710685107,5.931613435632419,18
564.3571428571428,53.814698790854386,17.378555592155706,25.070926713071515,10.913825659328124,18
564.4285714285714,41.03255588522218,14.626015351886789,14.499672438755878,4.966270282467174,18
564.5,48.724643714922216,18.97488479155074,26.24310304765459,14.334243696193614,18
564.5714285714286,45.93058352446972,17.886298812999087,25.886979350844246,14.846143293447737,18
564.6428571428571,52.43487552966324,18.718345029485363,28.105283148036353,14.88836585952431,18
564.7142857142857,55.20759362952034,20.684847551466035,29.35208943160459,15.318893973655404,18
564.7857142857142,55.47802857772665,20.759244105469964,27.505581957379306,13.451449377625737,18
564.8571428571428,55.17222557085332,20.069606011425524,26.466848307734473,11.732819142739139,18
564.9285714285714,43.364252021485605,19.56609333546677,15.592923413494832,6.697354969877301,18
565.0,40.53699722048658,18.88652272425077,14.12739004120028,6.483551929988307,18
565.0714285714286,42.02910190200214,16.681908053733405,17.17257376606705,6.200753084196511,18
565.1428571428571,36.00146379215233,14.16209157043286,13.149531942415372,4.904110250376561,18
565.2142857142857,39.46181856990541,12.177986153595956,16.052258619822698,4.658205008121947,18
565.2857142857142,32.12203245142517,9.860547066726506,11.890618646976106,3.6407011995247127,18
565.3571428571428,53.162464973078436,18.700755006950423,33.41858454900635,15.998987944891987,18
565.4285714285714,45.92060364266961,13.735279416925959,24.013922860480186,11.039186611170813,18
565.5,49.524808008967504,15.74744772878206,25.211305154028565,11.881342677706574,18
565.5714285714286,53.0140820971466,18.399517561005048,26.420347187344163,12.383455297993654,18
565.6428571428571,48.74305587244361,20.2530229767131,17.353296904411767,7.061202482905562,18
565.7142857142857,62.53881363550493,23.48900514891489,29.672696799203507,13.231912614021237,18
565.7857142857142,55.864920203149936,23.699186603718495,19.735719241010106,8.188983740761614,18
565.8571428571428,55.81668879066312,22.393845928267087,23.207085787612687,8.798365728623885,18
565.9285714285714,53.38643349468945,19.861994207519885,21.103256325739338,7.201403587625901,18
566.0,52.17814094324864,18.285133053620484,20.95210514002447,6.970312369779462,18
566.0714285714286,47.612456892759695,17.229994185512204,18.810774508991837,6.359474168002696,18
566.1428571428571,38.291924872908176,14.675011175476246,12.732407872449622,4.997060399176229,18
566.2142857142857,31.47044997450948,12.265782025756915,10.600453123397147,4.119449269493528,18
566.2857142857142,28.55815081502956,11.513197491971553,9.563388680336718,3.8241569695655957,18
566.3571428571428,39.22617401682381,12.18252793367722,16.90166890710709,6.521773065240949,18
566.4285714285714,43.17514060833443,13.67071319945004,19.0171935640497,7.554066271438641,18
566.5,40.5937734610068,14.835380048193176,16.370026862950862,6.141733752197094,18
566.5714285714286,36.7136597148345,18.132740429227333,12.47788895712668,6.181358147812039,18
566.6428571428571,45.40450193964659,19.971248752909734,15.281801221564377,6.815509884053013,18
566.7142857142857,69.00399112454687,28.426945102183502,35.91421497437812,20.0806664732993,18
566.7857142857142,53.88339352442164,23.98022603269702,18.188680428002147,8.225962745364736,18
566.8571428571428,59.19015980682569,22.736122998013112,25.54664979739318,10.965376901481298,18
566.9285714285714,58.60421365959931,20.547227953120903,24.815314850740624,9.526852764358853,18
567.0,52.202349688758666,20.553952186798607,17.89678455401307,7.0242072477421384,18
567.0714285714286,45.72043896227638,16.539447050112347,15.810611492831933,5.613238083091715,18
567.1428571428571,54.17180603276658,18.327074694762395,26.11800503255685,12.720578663999076,18
567.2142857142857,35.517076075326685,10.596209704456863,16.655658474967797,7.27624214280479,18
567.2857142857142,32.371344394805085,9.170219770214523,13.98092146936449,4.937186329323434,18
567.3571428571428,41.25580199069477,11.885881652783723,16.562665866985746,5.00925523184229,18
567.4285714285714,47.28382258564652,13.055173100529633,19.68269382152865,5.841951020817773,18
567.5,51.111074873391495,16.89280400570867,18.683773650379585,6.306554088582659,18
567.5714285714286,51.78160777408884,19.657129537101735,18.84616031668911,7.179779001487783,18
567.6428571428571,36.49838616629174,14.45227199980882,13.860492980490195,5.696973369204202,18
567.7142857142857,39.18575706140773,14.770750504693352,14.834687554916473,5.739544980737602,18
567.7857142857142,42.88016038430756,17.427783862882727,15.731510166971733,6.630367882701736,18
567.8571428571428,41.94535585037976,17.314418347921443,15.402052322314319,6.537680101735424,18
567.9285714285714,41.75013770648081,16.573422869060096,15.733461789218069,6.3974699668936745,18
568.0,41.166155757212245,15.554267570196759,15.491914213566243,6.066387780943825,18
568.0714285714286,40.625248181839815,14.902025098541966,15.261776194897463,5.853065458524468,18
568.1428571428571,70.30678023785741,26.30925370524665,29.793345305656796,10.714971819413103,18
568.2142857142857,66.06083397504909,26.314438336070197,26.87515997172032,10.093073323993266,18
568.2857142857142,66.29034057169133,26.649266866317948,27.088898991505054,10.296719072357126,18
568.3571428571428,54.01712286195902,23.701040486650093,21.58687570401704,8.811868103768068,18
568.4285714285714,25.341027262907303,9.735836318172527,8.687177649505314,3.13613799294452,18
568.5,41.77507112791207,18.062888772628437,14.316728533768012,6.134209938044106,18
568.5714285714286,56.53440916769737,21.083908458137714,28.547697874697832,15.308851012242144,18
568.6428571428571,46.39645546879598,18.916303705787982,24.91492656289564,14.753101282244788,18
568.7142857142857,42.185277958053554,13.010245047163878,19.169665306195945,7.753213145533503,18
568.7857142857142,40.48969716191513,13.29908515458399,18.480981316549645,7.524688604246555,18
568.8571428571428,36.283947209887884,16.95637989100466,12.905821635904006,5.76613125354493,18
568.9285714285714,44.50098559455828,19.712789624383653,16.15624503895217,6.710105343178366,18
569.0,72.90327037592958,31.810116457478806,38.38959423072269,22.1898378129973,18
569.0714285714286,54.99317431557366,21.410762627274554,24.611854784488067,10.278549706402899,18
569.1428571428571,43.196013584515484,14.000029012825037,19.359844864467675,7.045589280870207,18
569.2142857142857,39.74263522718334,13.683389419733205,18.06985006987885,7.247732946380326,18
569.2857142857142,41.099773335059716,13.802289746316164,18.846364512504834,7.7000280350884545,18
569.3571428571428,33.11155877908262,12.982493451410711,11.741682275976714,4.395691911263955,18
569.4285714285714,30.637851747809318,11.732004713195554,10.739939976151545,3.9813469401981676,18
569.5,39.668261210239706,14.227570459003362,20.777357750321258,10.769597324835281,18
569.5714285714286,24.97521543303894,7.458798035865653,9.141582288765566,2.554474939557317,18
569.6428571428571,29.708105139140333,9.827132961729706,15.783429364707578,8.070985484719909,18
569.7142857142857,23.461060686378033,6.849314681049036,8.232496807825251,2.3661478443589363,18
569.7857142857142,29.940664946607924,10.12292200346598,10.758849412890266,3.458162978490779,18
569.8571428571428,40.8081945529685,13.310767464402215,18.71700204648173,7.731001113036509,18
569.9285714285714,37.229840109572365,13.108734003762715,15.207060047002145,5.270414305696351,18
570.0,41.83189736522007,13.427413262548361,20.134359484533814,8.573447656467916,18
570.0714285714286,35.17634596708597,10.387446816628234,14.284941123424048,4.298689759773918,18
570.1428571428571,32.60847001541411,10.49636557950712,11.58068533834793,3.6730207564425177,18
570.2142857142857,32.919918148666206,10.534067368171256,11.637414286606125,3.670311561032101,18
570.2857142857142,30.751442835018707,10.316840814703916,11.183645914633724,3.6365218816402267,18
570.3571428571428,40.030630146089685,12.791850717219909,19.60774701111187,8.846675270069278,18
570.4285714285714,38.67316102815219,10.996608916716323,18.024225356274016,6.839887548608178,18
570.5,37.021374567153224,10.044969770751216,16.169128008455754,5.031777772672669,18
570.5714285714286,34.61898985724209,9.934591901372794,12.779451869820432,3.5654593609042915,18
570.6428571428571,33.50720091710875,8.938787339142571,12.21193017177615,3.287452817273992,18
570.7142857142857,38.50946725174234,9.853368642910308,17.614401353242187,6.5204264462723005,18
570.7857142857142,32.557966796314616,8.515843672324069,15.099965295744736,5.575116305395968,18
570.8571428571428,45.36052164609554,15.311405727584626,23.951945828403918,12.520744336689638,18
570.9285714285714,40.75403486753955,13.138475765113965,20.992375069916626,10.256912771249523,18
571.0,35.42967535598772,9.852795039155028,12.943089427019776,3.6563195239777277,18
571.0714285714286,38.385951187724025,11.396182736455168,14.002868453713658,4.109024966785822,18
571.1428571428571,29.448556301603446,9.249887886825592,14.737738103439106,6.802475978308622,18
571.2142857142857,27.032666757489277,8.353203141286576,12.977404453847676,5.107670022992452,18
571.2857142857142,31.385623336380547,9.768452477004924,15.607638594594663,6.707139074797529,18
571.3571428571428,34.08910258892331,10.757840667829083,17.24307728457215,7.6489192724369515,18
571.4285714285714,24.853948961506084,7.594001944819836,9.58132701978582,3.012096552188894,18
571.5,33.78762275539107,10.14590889025097,17.326756491403664,7.1890396416760085,18
571.5714285714286,26.080600917225464,8.00131254037538,10.482413900616471,3.0950168399372786,18
571.6428571428571,22.586065202140365,7.02636731797071,8.979209709849027,2.7141453739123973,18
571.7142857142857,32.99973948093351,11.24222021105681,16.88541821900395,8.131467016454398,18
571.7857142857142,29.096909916572315,10.431782426642764,16.53277645115265,8.90574440530057,18
571.8571428571428,31.721456403802584,10.096652320922745,15.647602308607379,7.052977379685844,18
571.9285714285714,30.495775592296884,8.703131976541743,15.007367401971342,6.030666704649075,18
572.0,29.476974566793444,8.238591117505011,15.439618266691522,5.765088865076579,18
572.0714285714286,29.803703449549673,9.82082053095055,15.806855734846224,7.368304908491689,18
572.1428571428571,31.727500702579572,10.615928058669736,18.347603339433174,8.595490358786435,18
572.2142857142857,33.19305842182688,13.629013783244458,20.490903906155058,11.479098991448843,18
572.2857142857142,22.729250273672804,7.212980116387439,12.784856700762672,5.454935737336871,18
572.3571428571428,17.917441712726685,5.416708892873121,7.899622299030703,2.8812278868187153,18
572.4285714285714,18.825498956718654,5.797111003256748,6.690282143113032,2.051574148386752,18
572.5,22.73905618969367,6.242484089892673,9.544876357342579,2.9737444156431807,18
572.5714285714286,27.02474806445024,7.853763418980501,12.525320225788262,4.796805123171727,18
572.6428571428571,36.433054714824486,10.542400466529111,16.64854305841304,6.464120182966262,18
572.7142857142857,28.473766842873662,8.708297309516837,10.197170993260357,2.981684900353061,18
572.7857142857142,31.62902324172008,10.638402375692134,11.314778641402212,3.6220823377738265,18
572.8571428571428,34.4470076730245,12.6372086719915,12.5609289676362,4.342345194055723,18
572.9285714285714,45.42087961092423,15.129629320217735,22.427102920893617,10.017021207414015,18
573.0,42.53028098731682,15.202660548881052,20.72965816739658,9.37488558852151,18
573.0714285714286,36.398256148381094,11.379774985088353,15.902686338285072,5.8104925179625075,18
573.1428571428571,34.38971807263861,9.969713359849198,14.894462325592437,4.876869154659054,18
573.2142857142857,25.96481600622387,7.827347280924549,8.902105621016023,2.563670958548172,18
573.2857142857142,37.22419767910673,17.21248134611577,12.82865641087618,5.86511383691144,18
573.3571428571428,24.296091387754522,5.953932994985701,8.801359331376098,1.9614383999917822,18
573.4285714285714,25.306963991997115,6.729111163186202,9.198124208829109,2.219264126659213,18
573.5,27.080323510405254,7.493342879562045,9.752065842219285,2.5269108991887532,18
573.5714285714286,31.772223834669482,7.880632009706977,14.905223394846887,5.318904741022534,18
573.6428571428571,25.755169403078437,6.1216711892163,9.685662080251952,2.250152300263299,18
573.7142857142857,24.69028948542077,6.2692036748608695,9.668521447330873,2.297111207516823,18
573.7857142857142,28.419113700825754,9.966670471843619,10.53588879775344,3.5083067569098336,18
573.8571428571428,46.758808593267965,19.405522679261278,26.09846072288035,15.460415940074865,18
573.9285714285714,33.92784124181889,13.183606057963985,19.365467012208818,11.024820139699017,18
574.0,33.48521488800167,12.880123286741062,19.169750946015085,10.724560686320022,18
574.0714285714286,28.943916815156904,9.519803329579599,15.781960997734142,7.412797585662081,18
574.1428571428571,37.96527211864462,14.871628386360051,15.149413430133132,5.288342777827006,18
574.2142857142857,35.74643847539213,14.43148885313184,14.343353659459861,5.100312075513974,18
574.2857142857142,34.29980401947748,13.18616089042333,13.686622537972045,4.700942970653039,18
574.3571428571428,30.242225968403478,10.831670558785667,12.555695516970832,3.9748841088076565,18
574.4285714285714,57.89622331839536,27.78732663557463,22.902345897374637,9.697131042236949,18
574.5,54.050663221162516,29.726427534965232,19.333135465658906,10.222821875133796,18
574.5714285714286,32.59456835200533,9.558948401670763,14.311905020283275,4.489492200442448,18
574.6428571428571,43.43642914849029,12.786879104147378,21.544594472615024,7.248024348277455,18
574.7142857142857,42.667379160082454,16.127437236700224,20.68645126259468,9.439712376284229,18
574.7857142857142,38.72427723401443,13.280101430105873,18.514142160314744,7.3639810217580965,18
574.8571428571428,43.71412606175129,15.115108726175128,21.766687275999388,10.038405640396444,18
574.9285714285714,39.51057921094824,12.792348044874256,18.695026789093667,8.25158659134212,18
575.0,31.082538288300295,11.403872164650409,10.89938395927104,3.847747130940855,18
575.0714285714286,40.95550380556847,13.941261298547982,19.715517042104786,9.118588539760495,18
575.1428571428571,31.750406174457098,9.816596660322839,11.651264841922362,3.2680947709564823,18
575.2142857142857,29.473819685217673,10.260441583801361,10.704276538488037,3.4364976612565328,18
575.2857142857142,30.66449871866045,9.906273222479683,11.064752333882428,3.312528742848372,18
575.3571428571428,29.17625241215458,10.171862149214187,10.918808225562989,3.5236096826427006,18
575.4285714285714,29.394111748238668,7.792313484901619,11.137494129380947,2.7506227555755154,18
575.5,27.92082445256604,7.121294265249761,10.611335649333009,2.6824202943995603,18
575.5714285714286,24.59082719276853,4.868319202964553,11.685646251345664,3.406644671457664,18
575.6428571428571,29.042753530784033,8.469023813331859,11.479409784618003,3.384321611438342,18
575.7142857142857,21.240245628252772,5.0036792605176865,8.85602193046001,2.735187269273348,18
575.7857142857142,18.79871973055709,4.293436039456835,7.803513563330483,2.4442938138952055,18
575.8571428571428,20.499632186660257,4.974881446903576,8.350460196418014,2.7226660094683752,18
575.9285714285714,16.296365265369158,4.585732341478839,6.520512034304297,2.4583913155291293,18
576.0,39.65710520797558,20.715623194349725,25.265622045148447,17.922944254515745,18
576.0714285714286,42.63404235548099,19.357533667977137,25.630713012220163,16.651045159364237,18
576.1428571428571,40.47834114914023,20.048035806505425,25.22376943363816,17.18323633738023,18
576.2142857142857,20.547385379483753,6.68317842234524,7.916139967511393,3.018769918812135,18
576.2857142857142,35.82748294942428,15.924590382595232,21.52114172908433,13.578614390878455,18
576.3571428571428,18.977405231883157,5.21245740811742,7.251154479952042,2.289457142027127,18
576.4285714285714,30.42955956590371,11.85194110639115,17.507455457419983,10.143589291711027,18
576.5,24.316906332346296,8.011419365662626,13.127697702693817,6.73485554302204,18
576.5714285714286,23.66505260237464,9.408157789855965,13.531601406459691,7.950249399864734,18
576.6428571428571,19.1819148504561,6.857349625892799,10.373906727673887,5.822777753001192,18
576.7142857142857,18.932950539337295,5.714986853910158,9.462442762703935,4.724826341823773,18
576.7857142857142,26.14179987509158,8.470482719287359,12.476939252937118,6.05221229149748,18
576.8571428571428,31.802063249333024,11.74959846125046,16.25869522729587,8.567458824116153,18
576.9285714285714,24.187445259660013,7.5793312119346,8.410763336988296,2.5338446566261745,18
577.0,26.741341443857326,7.199821947152231,9.82402140246873,2.5517292314404028,18
577.0714285714286,44.150823604904666,18.484044008189958,25.459638671097416,15.731167215701571,18
577.1428571428571,39.28516278712817,13.345458395128048,21.21785180046751,11.164991105126866,18
577.2142857142857,39.73219275885564,16.945276233370173,23.3786305860826,14.474899991754068,18
577.2857142857142,38.49772109258779,16.058373170829896,22.759450689815157,13.546092798333035,18
577.3571428571428,27.854233553514995,7.682429274604503,10.910651010406246,3.8860758546068532,18
577.4285714285714,46.79171536580676,22.139756115932705,28.95159416932861,18.790466162296322,18
577.5,42.47555537067636,15.906375291411607,24.0165264397769,13.386393432357055,18
577.5714285714286,39.373050806376355,12.386067899418855,20.842138651284763,9.85200899611557,18
577.6428571428571,45.56023121713204,16.185236835173875,25.244970648067568,13.430906222953212,18
577.7142857142857,44.20855821768531,17.889330681092286,25.597394720092886,14.736605162210305,18
577.7857142857142,29.676427360303773,9.09180695757432,11.854488885197856,4.674309744212968,18
577.8571428571428,29.52035465485104,9.101850362659313,12.01135803049633,4.736493036123582,18
577.9285714285714,35.47587256447898,10.202870468802974,14.050688637853566,4.7447698299301155,18
578.0,39.81954311333774,11.784540687854955,19.450749442682607,7.558335105064525,18
578.0714285714286,32.34861775786665,9.551680852780956,12.457118697535908,3.6200929658082837,18
578.1428571428571,37.018076088524566,10.948892450128382,17.864067588434363,6.760787948414626,18
578.2142857142857,32.089567254616654,8.721425409538291,14.456220324003754,4.377809491283177,18
578.2857142857142,29.951148680451226,9.299558515280895,12.42641112578181,3.4230734485462486,18
578.3571428571428,28.32778836677977,10.214630689135056,10.661559882369657,3.523986127974065,18
578.4285714285714,32.840220293679636,10.775787689309743,12.265384935326422,3.7287320942729987,18
578.5,37.472873482659175,11.602359309761031,16.470312326610134,5.389140712627963,18
578.5714285714286,39.03872973946799,12.108401998958957,15.628134691251686,4.760208887306835,18
578.6428571428571,35.99692255776739,11.937781270768523,14.792359434984338,4.5067265119973445,18
578.7142857142857,36.136608577371234,14.210686165721134,12.679336190033919,4.80981233703296,18
578.7857142857142,37.809407088752735,13.894329607667373,14.497365443959898,5.060915229230525,18
578.8571428571428,38.710251709859236,12.292697391907673,16.8716193733505,4.995730351051097,18
578.9285714285714,38.6485683519198,13.170217353761265,17.402699893002058,6.960862829550936,18
579.0,34.01498241162031,13.719177638671493,11.893169399106338,4.6565173541868825,18
579.0714285714286,43.380687813815214,14.590916920944009,19.346980345783667,7.682173299037277,18
579.1428571428571,39.87671216095858,12.841114130421277,17.78151737473947,5.786961162065525,18
579.2142857142857,41.385017292372225,13.136019940304713,18.641123639430198,6.090046871054952,18
579.2857142857142,40.15557956829072,12.75396376622362,20.35298484188544,8.509536212300585,18
579.3571428571428,43.9077935388713,14.950124228567073,23.740089131194527,11.562422579922327,18
579.4285714285714,29.82491693983206,8.65785987894623,15.386138136935294,6.111859425131997,18
579.5,26.979387982738398,10.157584471112619,15.752992538241186,8.013772960378963,18
579.5714285714286,27.023237447005744,6.9770805729097125,11.333248465612327,3.5094371935413826,18
579.6428571428571,32.16030732082269,9.898964833372302,15.4333680423656,5.265952491469292,18
579.7142857142857,32.66478478701198,10.09626232107906,13.604664501942239,4.714436876177328,18
579.7857142857142,33.81488504537909,10.40964689476484,14.283410757617157,5.477881438543032,18
579.8571428571428,35.417570236119715,10.297983731577288,14.783817092998529,5.415538801698213,18
579.9285714285714,43.03482536200837,11.711534940639018,24.27365608775583,8.407980797565694,18
580.0,38.94852342281231,11.008840382334077,19.930266348068535,6.354300158925645,18
580.0714285714286,35.35020970635158,12.07860759887971,16.805094905531003,5.846442113716105,18
580.1428571428571,34.436649386103156,13.724656347242764,14.20750675126223,5.534663868018382,18
580.2142857142857,40.30815031429398,12.106018269862618,19.53631755888918,5.564992640372308,18
580.2857142857142,39.4438648683916,12.920395008305064,17.259081470194356,5.421219565242773,18
580.3571428571428,41.68369304875334,12.594855011425427,21.043287025867123,6.4508553139173985,18
580.4285714285714,34.982256458905006,12.186444006946056,15.642307941567898,5.040809054465109,18
580.5,37.974416162077084,11.210917001992362,19.073091251093498,5.639938891815899,18
580.5714285714286,35.51301933684911,11.058820502248937,18.505857379628708,6.258394063257139,18
580.6428571428571,32.58619693228976,11.19668730910529,15.966900194131684,6.174756663276692,18
580.7142857142857,31.697981067699043,11.007938243338721,14.51600991751142,4.787801213645634,18
580.7857142857142,34.74870991325227,9.640877603274948,17.622677112569605,5.145823075552685,18
580.8571428571428,34.16429608214246,10.104505048810791,17.98967775729404,6.292366231370929,18
580.9285714285714,36.19912032567656,10.95262923299042,18.75567928337949,7.4495045572197975,18
581.0,33.66055037426595,9.344732076319763,17.12485098541252,6.7758568515607545,18
581.0714285714286,26.257815256270195,6.337015345158054,10.691880138399066,2.586513280541924,18
581.1428571428571,23.304262005904572,6.438324039079504,9.266828147583352,2.5738859124101623,18
581.2142857142857,30.439554627820197,7.87484756492471,14.673712202432549,4.913153827690462,18
581.2857142857142,26.544580278038588,6.408194636881105,12.669603065618066,3.046205680104317,18
581.3571428571428,27.345882916872274,8.023658121869953,11.057133093732581,2.868640542454354,18
581.4285714285714,33.6074420973825,9.928927949516359,16.703297978695083,5.861252926611802,18
581.5,33.23095796567504,9.06094608604405,17.105986036468813,6.3080384097550475,18
581.5714285714286,34.99332138922335,9.860560023017058,18.596911398674848,7.770819080805373,18
581.6428571428571,37.44830382354664,13.709691979567998,21.835262114337336,11.590443990323454,18
581.7142857142857,27.83401993085448,5.652366790995008,13.950589964253211,3.94927216060839,18
581.7857142857142,25.427019501657266,5.839100894078073,13.253131605691063,4.1692731169442006,18
581.8571428571428,26.113780220299645,5.775490978847169,10.590780649926838,2.8622432265780766,18
581.9285714285714,28.18389369797202,6.217336234800821,12.81635471853637,3.697280878878684,18
582.0,26.87243775719513,6.409032697085461,13.229253926287157,5.127279224682564,18
582.0714285714286,24.917657530393765,7.041991338731497,8.976717095386906,2.322626576678143,18
582.1428571428571,27.28306788514744,8.26198333150005,9.371849177615761,2.694290611065915,18
582.2142857142857,27.765701273613306,7.206533585673357,10.536700394406457,2.4774260869323137,18
582.2857142857142,35.028531675172836,9.224254800255958,16.529338352977692,6.717600406277607,18
582.3571428571428,38.906512296771936,12.683573944070034,20.761387139660666,10.522097857568518,18
582.4285714285714,37.71637009457789,14.586161456341628,21.215604344052743,12.39380303140679,18
582.5,40.238540997503016,14.347894677177393,21.69603790177626,11.629245665676065,18
582.5714285714286,39.03660671379328,12.653978457153308,20.152231944942567,9.783709575028462,18
582.6428571428571,40.236641653552034,15.263738335099204,21.788056125877063,11.867996155006205,18
582.7142857142857,41.32098730321882,19.255784905194133,25.029397160839128,16.203947671028693,18
582.7857142857142,42.813452441094654,22.46419958445317,27.27141408845461,19.16670582456598,18
582.8571428571428,42.01105528365223,20.950718326684484,26.86814232768395,18.066889469564387,18
582.9285714285714,35.369542366606545,19.488337568426115,22.484100577120337,16.862744490915272,18
583.0,37.24669106664204,15.459037133744351,21.297275201421765,12.800738343459322,18
583.0714285714286,43.51501830662405,19.537476785630393,25.952894394009352,16.346878794702125,18
583.1428571428571,50.44267871881201,24.976588556650437,31.59654781097228,21.211520342650587,18
583.2142857142857,44.9990020478546,21.485523700277206,28.138795654628325,18.05771729896048,18
583.2857142857142,41.58647020724355,19.38840347554413,25.31361804354034,16.12086335979949,18
583.3571428571428,31.837918815084127,10.966215856696138,16.838307580777045,8.190994829137207,18
583.4285714285714,28.700771244569776,8.980623985102193,13.942345659428637,5.8057131013722545,18
583.5,34.538843064923824,13.909178441562409,18.952669524926822,10.834390066845359,18
583.5714285714286,37.588071402137835,14.795773945688605,20.709572172375577,11.728280514902321,18
583.6428571428571,36.9462845530674,15.065814101964227,20.498792478731584,12.039528889133768,18
583.7142857142857,40.79619470231719,13.773747754539064,22.12860640457016,10.043205960070786,18
583.7857142857142,39.10009242005873,13.774857340640956,21.142241923143697,9.995178130404446,18
583.8571428571428,44.563012228623556,17.698124614556072,25.405739011849324,13.957924840899306,18
583.9285714285714,47.19771130434039,19.451765308938604,26.113955497512194,15.526058871718464,18
584.0,42.89659917392786,18.99773688841043,24.043233070103746,15.049134471928776,18
584.0714285714286,41.23473287375698,16.02963049323478,22.237181231980685,11.396196508120498,18
584.1428571428571,44.92170524125509,15.13578896939347,21.208299122941973,8.470797642061202,18
584.2142857142857,45.790671163531236,15.891759616235625,19.2245567641167,6.021646305192746,18
584.2857142857142,42.0422049137461,13.627224026377856,19.105428616457573,5.374649563427142,18
584.3571428571428,37.41515467903828,11.46341734661236,17.092850329453274,5.623077627555063,18
584.4285714285714,35.07238526195127,10.401508951236536,18.00410681452772,7.4300671832177025,18
584.5,37.34493478426485,12.61810030484641,19.98990394496969,9.332029398039369,18
584.5714285714286,32.44507472478133,12.488912184809314,18.087351503676803,9.393024304905477,18
584.6428571428571,43.90037940848284,18.44345970308303,25.258899691051486,14.31806053704771,18
584.7142857142857,52.16468421628156,22.01159139047266,30.142884754121944,17.722054433977632,18
584.7857142857142,58.53314317635506,26.81921191239347,34.48294076354553,21.562127496129218,18
584.8571428571428,49.02698641434281,20.704417667605114,27.734009438755525,16.306927280738734,18
584.9285714285714,43.836361018387855,17.517273694552994,24.138317523137587,13.28100758736141,18
585.0,39.33174935843,13.634910471359206,19.84348608461619,9.353512543846433,18
585.0714285714286,34.82648743409974,12.99122435059899,17.3556661644731,8.503016109357416,18
585.1428571428571,44.37908881920339,19.003825668069574,24.35872919505988,14.598797658532138,18
585.2142857142857,44.060647673880524,20.356302308798476,24.887649827374673,15.835719287764688,18
585.2857142857142,41.15432222105483,17.290694145385107,21.970468482883348,12.643089574625717,18
585.3571428571428,38.37474790829339,15.166102849536948,19.264677669019967,9.937174737833194,18
585.4285714285714,35.368149596981155,11.922934126852459,16.334848969060953,5.509836555496944,18
585.5,34.004388771477046,11.379298376542335,14.696280691478782,4.352295778466458,18
585.5714285714286,36.528583938147676,12.312702938907181,16.81985386474604,5.520445230344508,18
585.6428571428571,43.07247822199894,14.745024218034443,20.805243014625596,7.844385267272553,18
585.7142857142857,45.964183141416925,14.438727804380969,23.65085202759841,8.410626849496756,18
585.7857142857142,40.98110301385246,12.307411180423566,19.596081208055395,6.334717012866284,18
585.8571428571428,39.693566889153026,12.616029874242654,19.002908649567885,6.1908331782082175,18
585.9285714285714,43.50266804732096,12.765187443735442,20.085726125846165,6.069139263585532,18
586.0,49.23211155346066,14.311413427898925,21.396746383199993,6.228723761336047,18
586.0714285714286,48.11981894806366,15.059158024233458,25.60267170363404,9.14110221029263,18
586.1428571428571,53.45203045506185,19.431295068727966,28.33537969849242,14.498497426997092,18
586.2142857142857,59.49734217899349,23.254425602553084,33.01275599218812,18.277248179950927,18
586.2857142857142,56.88527153197092,25.8973167861164,33.86089475387091,20.384011603072658,18
586.3571428571428,64.90435305196961,29.20074862824603,37.662301271265626,22.708308784982194,18
586.4285714285714,66.51366366795165,29.800472147968215,37.87015742553552,22.90090161015947,18
586.5,67.11102003476597,28.62073936514502,38.89402036753233,21.724369866320604,18
586.5714285714286,61.12964689206333,25.778497017977866,35.39289986489929,21.193365731338265,18
586.6428571428571,54.15209417036283,24.01499702750541,31.30175277264796,19.73711503170781,18
586.7142857142857,41.35561353774081,18.912529194179076,23.79835851521472,15.225321460734726,18
586.7857142857142,31.83654655258085,11.316861111072365,16.25070043715835,8.19529994844014,18
586.8571428571428,25.117982260772116,7.534420535611278,11.232186283281898,3.75417646939675,18
586.9285714285714,23.27630667906605,7.129885597619327,9.143363884846467,2.5167149934512203,18
587.0,23.815956841107667,7.197186732116995,11.141861540957564,4.456213337103517,18
587.0714285714286,27.975121616984616,8.466459706029585,13.776989984954488,6.22783834480401,18
587.1428571428571,33.34027444742774,10.447763076437118,17.283603247286862,8.38031730236508,18
587.2142857142857,37.230839670812685,12.259484727261666,19.17254932126081,9.17067762416723,18
587.2857142857142,43.263001327680364,15.824978427809247,22.282045979630507,10.699131930751262,18
587.3571428571428,34.94950131584012,15.319088264662662,13.349208812674153,5.5504140808530655,18
587.4285714285714,35.46519625478088,18.091209518524767,14.323137653718375,7.056151589374497,18
587.5,32.74721364424371,18.37083055898497,13.286112065252544,7.079323982066035,18
587.5714285714286,33.287204758782224,18.28718901747661,14.092416164006865,7.614462341446829,18
587.6428571428571,30.59265518303351,15.26960639191141,13.069503764201093,6.7637823739187635,18
587.7142857142857,28.907082456597607,11.825423606170288,12.555828598402254,6.114245675719646,18
587.7857142857142,24.424267986824976,8.3097313658103,11.150027409059096,5.311718173189662,18
587.8571428571428,25.08258251617599,8.464696265294771,11.048373345514793,5.021490099729047,18
587.9285714285714,31.696242302357582,11.76089937587054,13.796385038920267,6.058124646606798,18
588.0,40.31710260580886,15.716048022972316,16.745639666625575,6.972301217587866,18
588.0714285714286,42.895843905999534,18.099277206874294,17.290770114721603,7.5537232810236965,18
588.1428571428571,44.34744449596617,18.015626261733328,17.26130541784854,7.154429236261447,18
588.2142857142857,47.5160720109743,18.940999280329436,18.246440296094537,7.194340238926117,18
588.2857142857142,47.44382810009589,19.653388478167773,18.25237340484942,7.340508528878254,18
588.3571428571428,51.15369739484309,20.827914731615824,19.79203145334439,7.6051475838056275,18
588.4285714285714,49.4701154255618,19.111703481306254,18.855446617009516,7.257637187666583,18
588.5,57.14360283440328,19.403296945911016,28.536146541044808,12.714613260034577,18
588.5714285714286,50.495206441780816,17.464952643313065,23.577058591856666,11.062713241873881,18
588.6428571428571,46.2437302117547,11.875709246320048,20.208351991692528,6.496624123217345,18
588.7142857142857,36.27990619744585,9.323093095496194,15.162028211960072,4.338305679373124,18
588.7857142857142,37.02717895769569,10.434171209710286,17.42397530084667,6.615086942677786,18
588.8571428571428,37.99178794036955,9.9959715657677,18.061678948810574,7.101268577573469,18
588.9285714285714,38.37913621003411,10.783824043219935,17.29385036510707,5.797975276061094,18
589.0,35.20375619288056,11.363600053977983,15.103482069140803,4.747590080198739,18
589.0714285714286,38.310899692757296,13.197974429743825,18.082276917687242,7.703806261772937,18
589.1428571428571,42.0207459830201,16.350750642407817,22.121817737203333,11.370968222726358,18
589.2142857142857,46.992632900835694,20.885381653478024,26.769095850235537,16.31594579233103,18
589.2857142857142,49.14944985555165,23.612787731039496,29.445393571640093,19.43974190406448,18
589.3571428571428,47.61191121318678,24.752733577974592,29.689108857374276,21.032011231802986,18
589.4285714285714,49.53213398795483,25.30701080023842,30.63504398505814,21.73357816994951,18
589.5,34.00737623649212,12.256698937946272,20.139039164889603,10.35889087786402,18
589.5714285714286,34.28024303770127,12.001096969268396,18.354882877650006,9.707926614201279,18
589.6428571428571,39.50317366636445,13.213315197171939,20.706882435713418,10.267726996595613,18
589.7142857142857,43.187217831469134,14.79751591062706,21.117018228488707,10.777523634232596,18
589.7857142857142,45.77482695255371,16.28925226774872,21.743754915402338,10.708639960809187,18
589.8571428571428,42.37524938317906,17.036771659805165,21.720632955713604,12.40502995559178,18
589.9285714285714,47.8606014395814,21.599490291893346,25.952878578032003,16.702509027674992,18
590.0,45.131341874268465,18.138647706879464,24.21363808724516,13.80570270236046,18
590.0714285714286,40.64982205784511,15.821777071337317,22.17347208563951,12.376883523547967,18
590.1428571428571,38.7159057926686,14.14805173243599,21.163095026981104,11.12932200595557,18
590.2142857142857,34.601959475429474,13.949825402630227,19.536010016512815,10.611745357756451,18
590.2857142857142,37.92613651159056,13.799651371149745,20.762200792624842,10.593711360585129,18
590.3571428571428,48.954886406704375,18.853175597163244,27.512851433389418,14.963825783404808,18
590.4285714285714,58.26566230645068,20.841841646447893,31.51605230107913,16.543075397052647,18
590.5,54.706930433692264,20.68174992145082,29.852646025461727,16.117772879128964,18
590.5714285714286,55.76349858316893,19.837894655461405,30.048666553344617,15.436358728200895,18
590.6428571428571,56.749031357797925,16.64143860840033,27.412756135819425,10.751542068807494,18
590.7142857142857,55.7210086566324,14.914991189149028,26.77157770456338,9.989025984214955,18
590.7857142857142,56.218347168573885,16.464940331813512,28.4262367029248,12.330311629493657,18
590.8571428571428,55.93140907017441,16.410634973115396,28.305868343651,12.406430889347329,18
590.9285714285714,54.651510321516305,15.705225433631162,26.708234519380323,11.35153295831634,18
591.0,53.58013413943021,15.214276064253117,25.69451507024248,10.527321962803287,18
591.0714285714286,51.07486948370935,15.218792489853673,24.241605758690948,10.082891092235577,18
591.1428571428571,51.094120343596636,15.380193124638103,24.153285932334192,9.932767285840079,18
591.2142857142857,51.35391783177979,16.26612173497913,25.666698244033746,11.520653389250112,18
591.2857142857142,52.217799829918825,18.18041628347205,28.32429018281641,14.567682572205552,18
591.3571428571428,49.46610210598569,18.468253209857206,27.832948240547346,15.141222958730422,18
591.4285714285714,47.072057176770244,17.002821280706414,26.44580562356952,14.23664160687057,18
591.5,36.957101779644034,12.48552631616388,20.562534897120102,10.08662087137822,18
591.5714285714286,28.111696628500844,8.964285233079197,11.432361307058006,3.8197020471813983,18
591.6428571428571,34.02442803506188,11.372314458687427,13.8539758657126,4.617839480637745,18
591.7142857142857,37.86659181160231,14.398272727675348,19.407522778668795,8.493927675851562,18
591.7857142857142,44.88986528980766,16.481100506287863,23.691860481340928,11.185672934352455,18
591.8571428571428,45.960972623731315,16.596859871121037,24.357386598972415,11.713693434580465,18
591.9285714285714,31.220899953507164,11.497670532551997,11.939702627269694,4.007185586729583,18
592.0,31.611933243129844,10.246778645032327,12.158451666516514,3.584614112665649,18
592.0714285714286,27.693403157130394,8.36240373913331,10.48704862095106,2.8641383219076446,18
592.1428571428571,23.114098281850097,6.947806122985016,8.768773522309035,2.4493282167351196,18
592.2142857142857,22.644369614293698,8.113591715963638,8.0426467484122,2.764761850736193,18
592.2857142857142,29.131108538144844,10.029065241046363,10.471065360779647,3.408744243029786,18
592.3571428571428,35.64678032458671,11.80439312270827,12.617304524580277,4.03543233013693,18
592.4285714285714,39.00806501547528,13.917148552548381,14.15649920896061,4.825448842001577,18
592.5,49.31892849641776,16.280011673128154,23.044489692118628,9.479852230990407,18
592.5714285714286,54.96401515036829,18.724773638747305,27.048951387261152,12.51590645722535,18
592.6428571428571,59.195862547436576,19.473091281686884,29.73789974520438,13.846287314356003,18
592.7142857142857,47.09888908328596,14.022259171160506,19.83892828527828,5.901959430150531,18
592.7857142857142,39.25806232906706,14.49226988774127,15.62300855099689,6.15887548653419,18
592.8571428571428,36.46958209448585,11.560255462178311,14.500653264946793,4.938009162700113,18
592.9285714285714,45.81403939099434,16.485381371177386,25.208417942400708,12.971469404614737,18
593.0,56.58668788352515,23.271994440992746,32.78870036432642,19.558357077305544,18
593.0714285714286,34.24397073577164,11.657651382448277,12.740163790606672,4.073832523115324,18
593.1428571428571,35.59588503228697,13.985121439566361,12.917079365142907,4.714343792720179,18
593.2142857142857,35.37390686369618,15.214138032716278,13.231807013923259,5.236687648262102,18
593.2857142857142,35.239321593159794,15.05503957573859,13.130386622730013,5.198306737638289,18
593.3571428571428,37.82068859775956,15.089717977356013,14.228663112894699,5.346001236032269,18
593.4285714285714,40.01607443773282,14.61322073893883,17.233948089852095,5.749210811893168,18
593.5,41.144000174670474,13.072064696092358,18.342465636547686,6.450960987626229,18
593.5714285714286,35.78395044975524,14.045271260252829,14.002484443915534,5.6949250204792605,18
593.6428571428571,33.890383590479594,15.045037904693608,13.4861736532477,6.210092217793608,18
593.7142857142857,34.784760841851735,16.468202047234257,14.47127218320872,7.176572272782596,18
593.7857142857142,42.82609637522675,17.952089797616786,18.269417735414475,8.40120283290475,18
593.8571428571428,41.860694269902524,17.075918863778508,17.5763843684736,7.767326876071269,18
593.9285714285714,43.71688205332795,16.999622490993726,18.496523385934818,8.011892571260026,18
594.0,40.455120318200656,15.556491360132263,16.69563522912371,6.700514063858466,18
594.0714285714286,37.82633290391894,13.228744803961451,16.3149046212494,5.728075407834633,18
594.1428571428571,40.26041748107228,14.010431411076793,20.82023807661025,9.19145274018244,18
594.2142857142857,32.39663095790703,9.655399231104957,15.894854113718054,5.772429631832314,18
594.2857142857142,33.504514503317516,12.281795176874116,19.17785000553108,10.331118120504737,18
594.3571428571428,32.047432658418195,9.228565744756576,17.033142694315902,7.423731333213514,18
594.4285714285714,24.750859937529246,6.743022204994563,10.138497785153476,3.331856666046274,18
594.5,30.73921396007049,8.834987884301087,12.859565925949443,4.129801184166868,18
594.5714285714286,32.86087651789577,11.343799023325154,12.98215702527213,4.42540925801028,18
594.6428571428571,34.12269020745908,12.807223807881533,13.440583659794289,4.644808526445002,18
594.7142857142857,32.15366594879636,13.286948190869913,12.136369866421628,4.686259598425298,18
594.7857142857142,30.404667250341568,12.934057814629004,11.123062481028251,4.584656837396151,18
594.8571428571428,27.600002736806143,11.170844005296935,10.99941140658573,4.184396120526539,18
594.9285714285714,26.480392425553898,9.813852838888065,11.286383263556486,4.347847459636309,18
595.0,33.29022276844409,11.873403164044571,18.77177455994388,8.803493943586428,18
595.0714285714286,41.530897304216374,16.129796157201604,25.00513510548001,13.12869762600296,18
595.1428571428571,35.00394040916773,13.248610338843356,21.001521680838415,10.459496898662609,18
595.2142857142857,37.47258015218293,12.718587447308092,20.424727791621926,8.13201270630146,18
595.2857142857142,32.968934807220556,13.608163762355295,15.380450466038896,6.927990865545294,18
595.3571428571428,34.11263906373386,12.842455154137767,16.734446968237258,6.894250974190495,18
595.4285714285714,47.14071814176016,14.905800136706883,29.62835066359429,11.734348793425008,18
595.5,29.23810768136926,11.696602956335328,14.80588986565578,7.234568570951523,18
595.5714285714286,39.13648264748246,14.73118318480309,23.48892043701613,11.555009429178176,18
595.6428571428571,32.958763032652115,11.176916096062145,18.655218527394325,8.225781201764512,18
595.7142857142857,26.57128715433806,9.144336426242953,12.551024147845569,5.939927623549152,18
595.7857142857142,27.478444565790646,8.085226775049975,12.595180255332883,5.088945486673962,18
595.8571428571428,43.83136718325309,19.03911777599703,27.119827278803914,16.266082670307817,18
595.9285714285714,35.60059402793986,15.084894793043524,21.87498236159413,12.79584634416085,18
596.0,36.42148738628717,15.638812129104037,22.2694574499912,13.44019910210271,18
596.0714285714286,31.157918063720953,12.64159630567755,18.919483361949798,10.790223654757826,18
596.1428571428571,17.974384131169785,4.509300231552377,7.521446887148291,2.1102934708750363,18
596.2142857142857,16.94755353104011,4.373524323052597,6.790474084393791,1.6687851753891825,18
596.2857142857142,19.148740925598492,5.247406413461394,7.3200492467113465,1.8576333407670398,18
596.3571428571428,23.310973494306673,5.954545753887819,9.169694487317676,2.262542973996069,18
596.4285714285714,40.52446504877259,16.238219122099515,23.595205069116997,13.579967958281875,18
596.5,41.060847661318626,14.445763184421642,23.018538967958776,11.559267514764576,18
596.5714285714286,33.178964243345135,9.345085138351589,16.521845910978765,5.287116152823418,18
596.6428571428571,35.01704411800664,10.485379346039846,18.04860260183387,6.8852843167287,18
596.7142857142857,39.461988076419956,13.07119177864079,21.957815798130447,10.220203707856323,18
596.7857142857142,32.47180245472004,8.06825782925252,16.809183414910944,5.631969644326915,18
596.8571428571428,36.139235034790914,12.30832682982738,21.24738941590626,10.230158706029835,18
596.9285714285714,38.035558494367265,12.965207495357536,22.274390821570886,10.761083627268409,18
597.0,29.354852107215702,7.902108905982832,12.82734285617452,4.373604423204514,18
597.0714285714286,26.622348414234843,8.317634271533782,11.48614047659865,4.25863664478926,18
597.1428571428571,27.794893154656545,8.891835839408342,12.490579549770928,4.5931114329046565,18
597.2142857142857,26.57293922003493,8.74826602623904,10.968455079139277,3.604426966000224,18
597.2857142857142,28.249283922982503,8.577937434253482,11.535986320066117,3.376949780151129,18
597.3571428571428,21.88722435867339,6.263346149570491,10.868195138642813,4.477914322389774,18
597.4285714285714,35.13384207549853,17.627335223271004,22.391243105059697,14.913954084418352,18
597.5,42.70797658696583,22.7803011537012,27.744403130170024,19.59241759797144,18
597.5714285714286,41.43879063603067,24.3826061613528,28.56672472763584,21.00070256078302,18
597.6428571428571,39.792034679104255,22.309491351056135,26.44719181678543,19.179701168684073,18
597.7142857142857,17.09664799407642,4.337648940606413,7.154047874519826,1.606405910485991,18
597.7857142857142,34.76616940802735,17.801631306724683,22.05025486682545,15.242086874222899,18
597.8571428571428,17.751910049537926,5.088400986865682,7.1378785558889914,1.7894914935164488,18
597.9285714285714,20.21820562697536,5.924999986693696,8.125220275721844,2.1363122579229956,18
598.0,23.35295672171361,7.623451747674658,8.989868723799654,2.679669964584259,18
598.0714285714286,32.178356286182,9.53592032464629,15.579477777761854,5.376398037201619,18
598.1428571428571,40.177398580638005,14.459289752255007,22.2028605006226,10.777450830622993,18
598.2142857142857,26.11623500530892,10.14410007401412,10.78618135350562,3.8874941484519314,18
598.2857142857142,24.31850830921463,10.267277182477986,10.065105994481494,4.069383287378211,18
598.3571428571428,29.607842280522966,9.494528560570023,14.808682747938091,5.448053811344936,18
598.4285714285714,26.827148326977277,9.351849762062685,13.52508681180808,5.1645456441003,18
598.5,27.011234435362194,9.40131138070898,13.553194706038187,5.189325756773669,18
598.5714285714286,30.07536083508819,11.34441703530308,16.27991795619665,7.581540930791978,18
598.6428571428571,29.05678555591423,9.54358089463188,14.85111077220007,5.3256239772516825,18
598.7142857142857,19.528255984888226,8.602338848402905,8.095429794393441,3.2099594656577697,18
598.7857142857142,19.235013409791073,7.5009521765228335,7.41605468944295,2.557289260332361,18
598.8571428571428,20.513911552082703,6.999932641164559,7.661806225350297,2.3498101189520773,18
598.9285714285714,21.230965712521805,6.538872172432332,7.864699640733767,2.208071431222544,18
599.0,23.32050954065709,6.544642526428589,8.806519178902745,2.3018433067948405,18
599.0714285714286,22.329603259402372,6.212404172072946,8.568219718718023,2.10254453103951,18
599.1428571428571,22.07946813268752,6.122785654866425,8.634260994388304,2.1670094513861864,18
599.2142857142857,26.84651329289252,7.235665857243894,13.548997461630076,4.777439960248486,18
599.2857142857142,26.23367057700665,6.639802232106479,12.020824441103867,3.5289200324318415,18
599.3571428571428,33.82872770638191,9.024753495939805,17.59693763065195,6.446586588238091,18
599.4285714285714,33.419539043578105,10.530176202510997,18.529123980510366,8.257958539300223,18
599.5,28.22096967275453,9.396029109533266,12.932554628574364,5.220252372333523,18
599.5714285714286,26.739910061365872,7.765822458231191,11.332605415954504,3.816366425523725,18
599.6428571428571,24.05688005016867,8.29098922703706,10.0820953024248,3.3709621126042353,18
599.7142857142857,33.47974407584757,10.28438206888136,13.84817465344495,4.643072787078393,15
599.7857142857142,36.47894656856965,11.723684429573229,15.520740509148851,5.641792109091054,15
599.8571428571428,34.745014480258895,12.301431448413739,14.678575527949176,5.8701575479535775,15
599.9285714285714,33.59289058336094,11.014551447791398,14.018052580342482,5.2109318578353125,15
600.0,43.47386571674496,18.510779173672287,19.58909972273607,9.271425832719085,10
