Time,MeanSpeed,SESpeed,MeanNormSpeed,SENormSpeed,NTracks
0.0,,,,,30
0.0714285714285714,,,,,30
0.1428571428571428,,,,,30
0.2142857142857142,,,,,30
0.2857142857142857,,,,,30
0.3571428571428571,,,,,30
0.4285714285714285,,,,,30
0.5,,,,,30
0.5714285714285714,,,,,30
0.6428571428571428,,,,,30
0.7142857142857142,,,,,30
0.7857142857142857,,,,,30
0.8571428571428571,,,,,30
0.9285714285714284,,,,,30
1.0,202.47696179613433,30.50485983590359,81.70509923795332,8.76240322145199,30
1.0714285714285714,194.6113350770868,31.065247481928623,85.3007700658646,11.113640884024784,30
1.1428571428571428,227.2106642844777,26.954802408660225,96.45795929936828,8.999217026274104,30
1.2142857142857142,248.1028082433199,24.490019838956357,101.53514298350365,8.270993054942103,30
1.2857142857142856,254.16704381307053,25.106723922804644,101.55672908437361,7.605657901055373,30
1.357142857142857,249.23384886141304,26.465273013542344,99.06437946484881,8.419493419426646,30
1.4285714285714284,254.1999004014714,24.136338540089397,100.56598447540715,6.378899800920498,30
1.5,249.3064923150555,25.791033280834824,96.96599350903803,5.7939569499486145,30
1.5714285714285714,216.455840386779,27.485887961699746,80.82856028955933,6.8452044119324365,30
1.6428571428571428,227.52256540276042,29.908554526031015,86.28129089986405,7.284155919196904,30
1.7142857142857142,235.65224135160432,31.44931671158062,87.32827658121626,8.558764475928433,30
1.7857142857142856,231.82989979329324,29.097988942566374,90.56194323132532,7.540335000133143,30
1.857142857142857,247.68821975137934,39.83930550853645,91.64123608280387,9.101131445748765,30
1.9285714285714284,246.0386436729289,28.588176982052662,92.92854533542241,5.948651702309026,30
2.0,240.07608349060138,26.200328101928704,92.98025043154874,6.167225293259563,30
2.071428571428571,211.48427714191752,26.16157125216218,83.78797880037261,7.481766180310852,30
2.142857142857143,207.58774213771565,25.57855308950746,84.84128115256698,7.529376930466008,30
2.214285714285714,206.04084112763624,24.19891176584348,73.98773873970607,7.08555414512573,30
2.2857142857142856,231.74949988315197,28.80310703896593,86.9737829117418,7.906555813950077,30
2.357142857142857,242.5671990720558,29.33986596566494,89.86056988830461,7.676544570875244,30
2.4285714285714284,252.4030988002413,33.06502465431931,91.86833374268227,8.255297632130919,30
2.5,252.80094111387794,33.48676271861146,93.12486170006339,7.98102256690986,30
2.571428571428571,250.55849724799873,25.189460371840248,99.91025716397426,6.131643643887311,30
2.642857142857143,226.17575742691406,23.609285448835998,96.86728077917954,7.162490379793914,30
2.714285714285714,258.04055021334926,32.03344019330532,98.50981038872334,9.514250402465022,30
2.7857142857142856,255.61426217213508,33.48413029250608,101.0909769786747,9.712002589596246,30
2.8571428571428568,249.98194811007775,46.91272311931183,96.39874983143228,11.148233110039605,30
2.9285714285714284,264.67491044663876,33.175696486198454,102.4387773939384,8.479172556032784,30
3.0,265.1077792089488,32.81126196675634,109.35318643182751,12.604273890092884,30
3.071428571428571,279.70934068061325,35.20530025629765,114.04724679082615,10.827638996779974,30
3.142857142857143,260.7054223055216,32.54551894016363,104.09246036691322,9.55127798749026,30
3.214285714285714,248.29856055763753,32.91280909077332,102.0202739771128,9.304034891509193,30
3.2857142857142856,223.32819319139452,28.22986506718854,94.31415738621449,7.436662046268635,30
3.3571428571428568,246.45287268042242,31.240794493858466,100.43438606474128,8.96873644860902,30
3.4285714285714284,239.30031271192814,28.737129944104957,95.63536345824285,9.101924736482772,30
3.5,251.30395829871637,34.91752802475326,99.97839603580573,11.265787458952092,30
3.571428571428571,239.26466471147177,34.39448514394014,90.18200885555545,10.341037701783941,30
3.642857142857143,251.4516214466126,33.04337912945368,96.58076707832903,8.664643612229664,30
3.714285714285714,252.48862141437368,30.48404846491005,104.80785575830475,8.80265613818743,30
3.7857142857142856,264.1823410148216,30.064143402036688,113.12698767897146,10.059937418158164,30
3.8571428571428568,276.8517697993313,33.72903335592576,115.19205047106855,11.41343817222229,30
3.928571428571429,274.56330241427116,33.53966709599407,127.12845042848122,14.97164288036388,30
4.0,268.81827702138236,32.35450068283961,119.93905512104767,11.113277457684662,30
4.071428571428571,269.16113708792176,49.177132362000975,117.22421882005372,14.274814334168262,30
4.142857142857142,222.9528424758523,33.36934283071048,112.65898351065002,13.067965870109632,30
4.214285714285714,241.52393019998712,42.29882914872706,105.8130179724654,12.57692781102264,30
4.285714285714286,247.6003545527567,39.61710774075886,111.90999341925445,11.615188667529718,30
4.357142857142857,256.5695896184696,37.56857470563609,108.29700128693412,9.690239869607765,30
4.428571428571428,263.4512169011276,33.32622229903774,115.64965345400044,8.532750147797273,30
4.5,242.6917932449776,30.232266387391444,104.84687059969102,8.255115280159833,30
4.571428571428571,289.9187807932152,40.01408932677207,118.95467689498182,11.790691944374498,30
4.642857142857142,272.15000852057364,46.29099297753853,111.6566004533773,13.251757073404631,30
4.714285714285714,253.53559643175996,37.21086794232665,104.32196754089124,9.547016486278359,30
4.785714285714286,246.69802391645453,36.556578769861005,101.94240796313579,9.896133180477127,30
4.857142857142857,264.6213294542229,39.548394052717654,109.55879306769269,9.562607529387899,30
4.928571428571428,295.3332708680221,44.005360897369485,115.76763196358685,11.757704143508,30
5.0,273.29789489822747,43.404197374969954,111.61121689749038,13.190166889216348,30
5.071428571428571,241.44261337602975,42.47219166154449,101.23921778051215,13.069532443563201,30
5.142857142857142,219.38412342731257,40.369320069557354,101.38986677023846,9.46862580332724,30
5.214285714285714,260.94543046041065,36.29300995408614,114.75703607691541,9.12228874011754,30
5.285714285714286,261.2251700146352,30.036886722129722,116.33666152307616,7.953094483488048,30
5.357142857142857,253.503458279532,27.574957076041834,113.72165039963694,6.911047436829529,30
5.428571428571428,253.62448279591842,26.316163991776154,122.40373350069292,12.699412849861455,30
5.5,229.14175423680408,25.40515984610435,108.97267827713817,9.916916304594979,30
5.571428571428571,237.32059746678496,23.257024824064832,118.7985184400752,12.087139984387282,30
5.642857142857142,251.18305973299587,29.708326253818083,130.03501306478384,18.497120308599243,30
5.7142857142857135,265.836280169436,26.712714313010466,138.142734156501,18.902360427815115,30
5.785714285714286,260.8884179231635,25.288233874359467,139.83623325766828,25.184382999455217,30
5.857142857142857,251.75218167478747,29.609743459512014,135.09485442124475,26.8024202047373,30
5.928571428571428,256.1912003975562,31.587527071701714,140.79412648785,30.337821423710665,30
6.0,255.683905623668,25.983563025846113,132.40306357130223,25.68803706414716,30
6.071428571428571,246.10366864147483,30.22834151305388,124.23879372829902,29.768723762163003,30
6.142857142857142,232.25471787101034,28.781865070167854,125.0786388732722,28.01487370793358,30
6.2142857142857135,260.9028372495892,28.47717822999878,125.24277262875806,25.24220501628715,30
6.285714285714286,252.17326765859315,31.324136438805155,124.46123643187968,26.04720540433095,30
6.357142857142857,257.32708134618497,32.61368366360862,123.49339181277821,24.711397229614047,30
6.428571428571428,252.43122192102445,33.306356205719474,113.3836092903734,16.76334147773388,30
6.5,274.06247971019025,29.00025309594828,132.14757690641375,18.745160831953424,30
6.571428571428571,254.5899190091466,27.03237772845876,125.53264087687498,15.233638711465296,30
6.642857142857142,252.29924097267912,23.711285774405322,120.05127711570695,8.91840051123061,30
6.7142857142857135,248.05200221930124,24.08529862824743,112.46337706586725,7.351112730394949,30
6.785714285714286,249.87607406867653,27.19677994355502,111.18545586869864,9.282662464970775,30
6.857142857142857,265.14688715184377,32.11763135783891,116.0745772975344,8.881089011120995,30
6.928571428571428,267.6369950252255,36.95031134039203,123.66583913022099,14.071671172043267,30
7.0,282.0912914320976,30.041269656185882,134.6475698762785,14.403637179624768,30
7.071428571428571,282.83016143058103,29.842996535783048,148.75490742874155,18.76848810074396,30
7.142857142857142,286.1052310503855,29.001077881466394,149.9740174949113,21.461649663973503,30
7.2142857142857135,249.60723873637178,28.112926218540156,130.8894735208697,25.01856017185708,30
7.285714285714286,250.88569615158715,29.920273422344284,130.30515841165473,26.871610535467934,30
7.357142857142857,251.96188313568038,30.964307543618165,128.47661797778616,27.096451932296848,30
7.428571428571428,260.0603383571012,30.51981885032757,136.4831436815417,28.65414298223609,30
7.5,243.49500548976604,25.87909852700293,127.08987560697301,24.91140000927451,30
7.571428571428571,237.9019249441053,27.87967849880897,126.3820981899619,27.82968779784291,30
7.642857142857142,235.66041816660032,24.936499422736897,122.9432265970696,23.762737494778357,30
7.7142857142857135,234.38792363407924,22.62568112271337,125.10353095099826,21.032950479161947,30
7.785714285714286,218.6425892076222,25.035657640155584,112.86402606977812,18.368350890503578,30
7.857142857142857,230.46963832688144,26.171919340424584,115.70853982917406,14.91647020118734,30
7.928571428571428,246.37124621198865,25.64193978831193,111.04951916605442,10.258202131062255,30
8.0,249.67117327851705,29.25358848197951,109.92600122885791,8.28634361848754,30
8.071428571428571,225.1887546815041,30.053234059967092,102.96532173739067,7.309293772854571,30
8.142857142857142,216.4869025134425,29.16323309576638,103.50819276297479,12.032759022115393,30
8.214285714285714,237.0771857218303,31.73827925324186,112.80134559293136,11.469981705358903,30
8.285714285714285,258.1345758017884,33.493915578433814,123.6225175993776,12.171437049873912,30
8.357142857142856,233.61175501316825,31.17798358346614,108.46127797029649,8.843089985444857,30
8.428571428571429,241.27939412423223,30.181419886251824,111.32364158235255,9.749206324517493,30
8.5,226.32875430795465,27.803407888521377,108.69050198112964,10.399734597186152,30
8.571428571428571,201.43313149798846,22.269773297121507,97.35510851669531,9.612674285073822,30
8.642857142857142,222.08292290457783,24.868362360798287,106.54845270909085,11.382961346377895,30
8.714285714285714,231.37660821926508,28.08117877485931,108.98186630901887,9.738865447566074,30
8.785714285714285,212.05195073212582,24.21865737905705,94.98602627088627,7.707233110505031,30
8.857142857142856,226.46987650172235,29.274233515552122,98.17524429991693,7.348215215511008,30
8.928571428571429,232.37588908431766,28.134663074167314,106.95734750574535,10.978561192472993,30
9.0,221.63251703319708,28.941376971029978,104.03590862448227,11.045829871593364,30
9.071428571428571,228.40756965212537,30.569866445128866,103.06021135536868,11.63275497042411,30
9.142857142857142,230.77090114065024,29.23608152468941,96.55423099358367,8.394423794845071,30
9.214285714285714,221.16290309139933,30.841006044174286,88.46402713145083,8.979518138682929,30
9.285714285714285,233.0827342883087,29.316666325515385,100.37271881420757,9.725938670703172,30
9.357142857142856,212.36225560970647,29.297186605367383,88.74864596431478,8.45372235893904,30
9.428571428571429,210.98508032459972,28.649788390243433,88.61880758885373,7.914423233830296,30
9.5,222.32086173909138,30.295650025395094,91.55714056311109,9.54523649927693,30
9.571428571428571,188.69799679012843,28.75315382135659,81.65597214557674,11.049018975595315,30
9.642857142857142,203.89071002050397,28.61479920437335,91.8794995792908,11.575688465847112,30
9.714285714285714,224.16899746644265,24.39322926562387,100.60431700757196,10.27945018345317,30
9.785714285714285,228.82797860426967,25.780252742389933,105.54153597582732,11.029963983403148,30
9.857142857142856,213.01456768489984,25.5735583562423,100.14144268370298,14.301926654069423,30
9.928571428571429,217.86332724395854,24.374868729804597,106.93041617417622,19.229352103326907,30
10.0,232.01751433108004,27.62413066554845,111.42809630339933,20.799773458075112,30
10.071428571428571,255.9181056517,29.136069377302793,123.63385409415463,23.751102272353453,30
10.142857142857142,236.13484070697524,33.17001025854225,110.3367150259231,19.693790224599784,30
10.214285714285714,239.60997278372432,31.776220420304842,90.85090759677168,9.167349643438381,30
10.285714285714285,258.82176720593753,28.88107854261525,132.3154242070499,31.560123858544117,30
10.357142857142856,239.9822137181924,25.26447236672304,120.8535278766372,28.69376661045803,30
10.428571428571429,235.96585145444783,26.340423023843698,127.35016009182927,33.178293867155645,30
10.5,230.3755118921368,31.137919781848193,124.16745900519135,32.661047243500605,30
10.571428571428571,266.9284661498179,34.792691838371546,135.13725041233715,35.047037331012575,30
10.642857142857142,264.2129839603647,30.570663827923635,133.73960946950731,31.28196178750979,30
10.714285714285714,240.820785384533,32.25575428653829,119.90678925019927,30.672178623401752,30
10.785714285714285,230.06069570322003,37.92520854243155,109.6342451864037,29.85315299366478,30
10.857142857142856,275.7476313891268,45.110931768055465,119.92097351624444,25.821364839659754,30
10.928571428571429,254.00789884735534,41.37993816234431,115.87524522713015,19.090178158766943,30
11.0,255.02482434025754,40.231932617534085,116.3284929004577,17.467605864934118,30
11.071428571428571,230.58562767501712,32.77218870261693,105.0054159424485,14.123072789236547,30
11.142857142857142,237.92569855431807,31.12675231214058,114.62504252062966,18.88779679012357,30
11.214285714285714,219.79249395773678,31.610323915744456,104.62622359099024,16.97651102853947,30
11.285714285714285,234.29550404723602,31.568855533558878,103.23867136653436,11.480500011729637,30
11.357142857142856,239.3617226076016,36.36074366261912,107.80231361606866,13.096297484441894,30
11.428571428571429,266.7650381885345,42.72217243507992,106.40550316506601,12.783918506338336,30
11.5,277.62944024770513,35.04750223577312,111.20567681248865,8.853920802938205,30
11.571428571428571,260.15504491649796,33.74636977053832,107.8812166867331,9.966322070710499,30
11.642857142857142,251.04485416079774,32.90421290808543,108.61063883821434,10.901098853803036,30
11.714285714285714,237.96543275639783,28.31182649284949,103.22928386076764,10.495809237978367,30
11.785714285714285,236.6531429451778,26.122151469214646,103.59564047345324,10.840830021105873,30
11.857142857142856,225.83412126409954,26.59330244946667,98.08831927253921,12.828199667829026,30
11.928571428571429,210.8212473002396,30.494802957704923,97.14782013366411,16.224578662308904,30
12.0,234.4369414181347,29.62640488329659,110.63102074501835,18.76505247434494,30
12.071428571428571,205.82202236519308,23.328828885308525,100.89078468033611,20.191039722198276,30
12.142857142857142,235.42219152341428,25.98083477571644,113.17679719465478,24.262800030044232,30
12.214285714285714,251.68523224890671,28.807356933664824,124.76810599367937,28.44999860650766,30
12.285714285714285,223.09179158262705,26.083657127351067,117.22585346449938,28.96888642871932,30
12.357142857142856,222.8356872536937,26.549393602131488,121.95508082120398,31.72134626191783,30
12.428571428571429,228.7039861364306,28.07596252044067,125.49982733978335,32.39862086655741,30
12.5,231.71992795633145,26.54957694823699,124.16625034363759,32.21613303454715,30
12.571428571428571,232.90637383351978,23.672806962395207,124.06678669361698,31.05638128450641,30
12.642857142857142,240.4721211731539,19.908598678429623,130.9167731740167,29.375111375244845,30
12.714285714285714,241.6188855766854,25.475523773661507,127.98817401986453,29.932998743473693,30
12.785714285714285,238.05410574427145,24.556192511532874,123.17253106105446,27.777506519712546,30
12.857142857142856,250.42556486968394,26.65302940916789,125.05237537682137,24.960968506228465,30
12.928571428571429,244.52786021277237,27.477200728692747,123.01127119598405,24.05843436313404,30
13.0,247.4689128556861,25.743378990048537,115.2294468390889,19.2052351896573,30
13.071428571428571,261.30220519495987,26.931638370735058,117.05449446591355,17.365145016449844,30
13.142857142857142,260.4593312307328,27.434470740753103,108.43939820024023,12.46298435296266,30
13.214285714285714,220.50560001532796,27.883797915960706,93.50174330438338,9.826573371998656,30
13.285714285714285,237.8747003639914,27.904928061638895,92.90615846000168,7.748326616210025,30
13.357142857142856,270.55898405582604,33.30267657123331,104.55432301262701,9.999017378904583,30
13.428571428571429,278.1732209398318,28.680180853895425,114.9959587831226,9.854654094890904,30
13.5,259.71110449127565,30.121584534179853,106.5226991540563,11.516923916209208,30
13.571428571428571,274.57735732683074,26.617535984957623,117.23853575302999,10.465634236195498,30
13.642857142857142,259.32140995904507,26.79828494494687,111.14214917997126,10.424244961140566,30
13.714285714285714,243.83014873743417,27.84965409996563,103.83590888390864,12.08555311232182,30
13.785714285714285,221.02340843324285,23.488356845100558,109.85059740490084,13.528093107398737,30
13.857142857142856,223.7647392405906,23.494918816303464,109.7990294517016,11.86544849237603,30
13.928571428571429,257.26187582797553,25.50095549699158,121.52387132987188,11.364486886785784,30
14.0,250.11672601244436,28.467489075587768,114.94933005110914,11.914125438434974,30
14.071428571428571,257.50015889542533,29.964099762156803,120.8230575528933,13.300862086194797,30
14.142857142857142,273.44972733724427,31.449784976643073,118.9151454969086,14.067219846485665,30
14.214285714285714,270.20268543324767,32.89353229745866,121.3993903143949,15.136444282757742,30
14.285714285714285,270.6831065226824,32.00942399697631,124.39599596513274,16.98639793503794,30
14.357142857142856,277.75233095831686,26.237909263113703,139.24396411363284,20.530231852238625,30
14.428571428571429,258.71772742816,26.69182074879608,133.75872970054317,21.107139661266263,30
14.5,236.66445497929584,27.977914950153682,129.53460084953002,25.39333543096456,30
14.571428571428571,239.01695057960262,26.435763160141416,127.83629872338001,25.270544070724437,30
14.642857142857142,236.95553999908566,26.597088011304248,122.90742566796266,25.213280784482542,30
14.714285714285714,239.90658326847424,23.57485281733555,130.71720561177585,28.214911011857154,30
14.785714285714285,250.80619982649247,23.964665081075548,140.2100910835209,32.843448909019,30
14.857142857142856,264.36216065943233,23.935959681615284,148.17998813983624,34.273437679305026,30
14.928571428571429,287.16514951639675,29.340775484061503,155.57628519658218,36.932736464404634,30
15.0,270.9282466761521,33.75929996447847,146.07598934734574,35.24032962715861,30
15.071428571428571,257.570954164503,38.56563216443338,140.5751087361172,36.36183670727401,30
15.142857142857142,280.34764348392355,35.32197441575434,138.36702905278074,32.32505252573734,30
15.214285714285714,264.55990159981786,32.64793437411742,134.1831504718505,30.05339971815824,30
15.285714285714285,254.21590789575927,30.10362687979771,126.30915465255715,26.94591411307175,30
15.357142857142856,221.17163761426772,31.173751382443985,110.74260195140587,19.832049111765134,30
15.428571428571429,226.25040202413183,33.512339565621836,111.38720797010413,19.589845729415217,30
15.5,219.04640650027702,28.58190514102143,105.5215807025817,14.668070894937912,30
15.571428571428571,228.45472714497626,34.24044263288852,106.50770693365425,14.407256470080302,30
15.642857142857142,258.74695067588044,32.92855459020158,118.74446900271394,12.443498590778898,30
15.714285714285714,262.5004359559038,30.583582338868997,115.74484593436685,10.759388699713572,30
15.785714285714285,258.18008408936305,32.3637758440845,110.0119460976567,10.740971107152747,30
15.857142857142856,247.64457331017368,32.58169042114194,105.2712296450738,12.18703961739754,30
15.928571428571429,227.5503659007173,32.82639011643615,107.64685958510178,14.730319944708544,30
16.0,227.92333638823828,28.61106544112503,105.62163027413571,13.553970630184718,30
16.07142857142857,218.8719608110292,28.589632645555533,108.98782032182497,12.883242449160145,30
16.142857142857142,221.7719920881237,28.104402976728363,110.78358815346164,15.186275305796336,30
16.21428571428571,204.23305914778965,23.67110212593737,107.40881039142964,17.451774149669514,30
16.285714285714285,212.01016285928645,27.112463123383506,106.67999937980927,14.004499488559278,30
16.357142857142858,235.279147655027,25.963791765703345,124.82386355571049,18.045470537042313,30
16.428571428571427,283.84535823941627,33.54825192716305,127.99083658896697,15.700487805234921,30
16.5,274.813130136991,33.25858709666292,136.60048656598812,19.097167363307545,30
16.57142857142857,241.37764481273126,32.813664445337174,123.28513960051417,21.83072056669075,30
16.642857142857142,236.25020404171755,27.53368307112446,121.61043447270404,20.84273136990645,30
16.71428571428571,266.1758471396675,25.659514558776753,136.40068596413218,19.71740426031748,30
16.785714285714285,249.12395181804095,24.18498304637659,127.43192596139143,18.483950567532382,30
16.857142857142858,255.12824651166997,27.831953099772864,124.86512104867823,18.23736531832994,30
16.928571428571427,264.01325974266655,30.65829909740685,119.01239100378574,15.18785856222678,30
17.0,258.7029817515389,32.218228651256105,118.86254358868469,16.47720860294496,30
17.07142857142857,274.8288433751053,32.168619590861134,128.25679581237264,15.847714365083075,30
17.142857142857142,278.06392577326153,32.52743865661784,119.440560884558,10.586745879336249,30
17.21428571428571,278.6599638915606,30.02824364309947,118.67963299139855,8.695131215549589,30
17.285714285714285,271.6683448800486,33.938061517631034,123.75639808538911,11.211597101772586,30
17.357142857142858,270.6059614998735,32.26434827692887,134.66211608256273,14.320967938171972,30
17.428571428571427,285.5864066637082,34.51397734596869,143.96279885479123,18.17975781304353,30
17.5,274.3998976602005,35.28489112633835,136.25780908716882,19.100295145809042,30
17.57142857142857,263.09507686226493,35.16666820694169,136.14710546158076,19.694095231885342,30
17.642857142857142,263.7182825379128,34.821980111426306,133.10405064846614,18.691378016342018,30
17.71428571428571,256.4548500711732,32.894272346770855,132.5434462321469,16.931479572606854,30
17.785714285714285,277.867247134195,38.54669348184259,147.45630751785845,19.692444299476417,30
17.857142857142858,297.5155247008567,39.222564692174814,162.72153629774098,22.028754712471535,30
17.928571428571427,320.7507436561313,41.319593785794105,177.24395638171768,24.64601450815139,30
18.0,325.07370296338615,38.8382911773065,183.43502948620593,26.635910517127307,30
18.07142857142857,311.3934071155214,34.0814278821816,172.3404315963865,25.775820543918442,30
18.142857142857142,302.8056491156022,31.344450873600433,172.47787970614598,32.397882567301124,30
18.21428571428571,300.2502617141746,36.15448863460696,167.3195629560208,31.05621688385038,30
18.285714285714285,266.1731425798301,40.625508403396935,147.48994181823568,31.49761581151508,30
18.357142857142858,378.62797424337225,133.1035982989079,167.14455445436508,42.015710588700735,30
18.428571428571427,401.4957501149592,142.70324323193267,178.71848075600312,47.58647643845468,30
18.5,252.24422514408317,32.13048087927015,150.55620063304764,36.61147327765027,30
18.57142857142857,389.82593310091926,122.94158960455134,172.241871928613,41.3998598044522,30
18.642857142857142,269.47508491807656,32.272975310859216,143.45503855286196,31.756103770985767,30
18.71428571428571,280.8721930229035,30.589956923755565,144.3088923686681,30.039874121398057,30
18.785714285714285,285.62053336941136,31.9579079636819,139.15932396819326,26.69084110251932,30
18.857142857142858,266.69872024808006,32.46477996021523,131.73302801639844,22.447280298702683,30
18.928571428571427,268.4429585667012,34.38256745663708,128.73117231468856,19.899263797127333,30
19.0,267.0657108017203,34.51459054887177,131.78618713561514,18.866179673014273,30
19.07142857142857,266.73538403497616,33.087156404634555,140.59493637832102,19.559418717796888,30
19.142857142857142,244.55021857481694,33.27103323786707,127.15409200406603,15.820191539911116,30
19.21428571428571,237.92848357296475,34.30722858511528,118.18720483157992,14.923638497415132,30
19.285714285714285,280.1553961742486,35.171889890471455,125.10401260188861,12.074002260651664,30
19.357142857142858,284.1180631835077,34.50916885025649,128.91103285406055,12.05076876964892,30
19.428571428571427,255.17710885278885,35.82117816735136,107.16305468778116,11.474422010439548,30
19.5,234.20965304517298,41.073338124585796,97.23818438106176,13.237228785955672,30
19.57142857142857,213.5674945354392,40.23288355265675,89.62215568539871,15.078352301412647,30
19.642857142857142,229.6617715095926,41.05047706200051,97.0047297877255,16.62452214277744,30
19.71428571428571,244.48742417770765,38.66513125007437,107.6221462919076,14.721733476710119,30
19.785714285714285,242.29942793889228,38.04939624285494,106.46550236158885,12.76796220898252,30
19.857142857142858,225.72255925900572,34.4384686536603,98.06173691942368,12.647179856943255,30
19.928571428571427,240.7624469684699,30.463495871097145,109.44832898996955,10.182673964151595,30
20.0,256.3262730844141,32.1561675528644,112.57700760748803,10.562021593608247,30
20.07142857142857,277.66746303575883,34.86969197254934,121.55359759447755,11.944819359864553,30
20.142857142857142,293.8380813648594,35.84303470576935,131.7952002217087,12.834968588619875,30
20.21428571428571,281.0456923368315,38.50831453486782,126.15880908655787,12.243436058350845,30
20.285714285714285,269.61238290124317,38.74637667443054,122.46423360468526,12.774830111956549,30
20.357142857142858,273.3651168929499,37.43556865178575,124.83444489087415,11.510794588082774,30
20.428571428571427,272.0871140173813,36.859431555605774,122.79778832999878,9.925203706333999,30
20.5,275.97433182548855,32.12563640307296,129.8262006734884,10.82112898172186,30
20.57142857142857,257.9844298858033,30.387370621120372,127.23168664999254,13.188540169989077,30
20.642857142857142,281.9163029104329,31.01544038464104,132.89360684776221,13.245692627003063,30
20.71428571428571,288.8578648815033,39.01964482491536,132.72161155042994,14.79129326992727,30
20.785714285714285,277.09552754394747,35.29920280322459,129.36051718781096,13.21711348791733,30
20.857142857142858,269.1501881149599,33.668453012985196,124.76257636623122,13.42770336697051,30
20.928571428571427,268.23129012245306,33.806385213504406,124.37952756029573,13.074345090585812,30
21.0,285.70408896729526,33.88518159565023,131.61803719277515,11.76218778741055,30
21.07142857142857,292.92796283859616,33.665817974334665,134.98152795834193,11.083745939663906,30
21.142857142857142,284.83225891861287,33.66888539084463,135.40805169322653,12.160587069741926,30
21.21428571428571,268.33873948931574,30.061773086483896,133.0276792784749,14.664997856120243,30
21.285714285714285,266.9478817984338,31.536149162614517,138.64080387397374,18.03768093380953,30
21.357142857142858,236.747291871113,30.461371090212193,122.49750541419142,18.328969129676018,30
21.428571428571427,238.0685790092456,27.743907698064607,106.83999753450105,12.445127282851576,30
21.5,227.74234212050166,23.118597954399355,118.41026880464585,17.298480564261524,30
21.57142857142857,238.1742509969753,24.498817459426075,107.95156118163376,10.085864721498154,30
21.642857142857142,253.02790793732024,27.34619221552145,109.95619222379509,10.755779720502213,30
21.71428571428571,258.94848900576625,29.453026304083153,130.87088802034484,20.743360620493767,30
21.785714285714285,240.52236439646558,30.96364928917323,125.16498069422937,23.77670521983337,30
21.857142857142858,218.44767574388686,24.309896404889574,121.60542245977301,22.917941097410694,30
21.928571428571427,217.70591665575157,23.398606786150612,123.23996488314698,23.16716552799832,30
22.0,228.1653083395226,23.54844261670628,122.05267077966913,21.74683934317743,30
22.07142857142857,256.10121260785564,27.470168765201088,130.7685479020557,22.67793585804436,30
22.142857142857142,261.83934765838364,29.534059039471177,133.11336731603893,21.211193433362716,30
22.21428571428571,249.91073153520924,30.243614232236386,129.90279292892725,20.948730076703324,30
22.285714285714285,259.6074455776112,30.63421130528833,135.715820637838,19.33246130772535,30
22.357142857142858,269.5992698888152,28.747986894606086,132.1353001236324,17.47805334192556,30
22.428571428571427,258.30741117909804,26.7555721681943,134.8972462120266,17.274168350837407,30
22.5,255.05527661556798,26.96389592542045,130.61011947185685,16.827745205266734,30
22.57142857142857,231.0476777946685,24.8034491657777,117.2406175814417,16.041255842298334,30
22.642857142857142,241.70441742522567,24.035741025754394,117.02694381280263,13.470461175344376,30
22.71428571428571,246.4328541940535,25.924047376465623,111.64623941204536,11.666441499922156,30
22.785714285714285,255.84971428130396,28.857599388994338,106.36561770691235,11.870701706831122,30
22.85714285714285,257.08122432172036,31.025677483253617,110.4706088180275,12.839567879326154,30
22.928571428571427,266.940848911211,31.803735227126513,114.51525682782747,13.638359080346877,30
23.0,272.83269617585046,29.46856321869747,116.2530693567217,13.83221049478006,30
23.07142857142857,234.6566410346319,28.267081360215403,106.78513666705385,13.492660761595051,30
23.142857142857142,213.03323891167508,28.17930606255902,98.42339837553061,10.404019946238192,30
23.21428571428571,219.17920623300185,22.922517327298138,102.66759526889948,9.768666970578135,30
23.285714285714285,229.2211768439946,19.879546140560162,106.57773191923926,8.805669352657787,30
23.35714285714285,234.73938801896372,21.70859627880962,111.80712902984038,10.109418443093041,30
23.428571428571427,241.2253167828265,29.3222158331348,111.71307046705459,13.521459516184938,30
23.5,242.0853987709979,31.76729504457598,110.72495930096737,15.325126379387745,30
23.57142857142857,238.40649134723483,28.54697883663512,107.5690399062012,14.646774111601914,30
23.642857142857142,241.536030950915,28.351882972904924,111.43830233637289,13.612124847709392,30
23.71428571428571,253.41012928678805,25.06217073675384,117.31660847351253,11.283596703393508,30
23.785714285714285,249.06699673776447,22.372847870971498,107.44928780452994,9.775310676038748,30
23.85714285714285,249.67860526664995,24.912054553287106,105.35961670158757,9.001727297010916,30
23.928571428571427,273.0167507198865,26.61377388490082,113.68801692514248,9.069130728390249,30
24.0,253.09075449879964,34.422438749229705,113.92921837780827,12.319066801483567,30
24.07142857142857,266.4928446496539,35.43408717892437,114.74464704520864,13.262250553291823,30
24.142857142857142,254.09643976984069,33.90014309868978,105.84363870323173,11.812148485253532,30
24.21428571428571,215.14675568780382,30.64952518407937,89.51399363721062,9.931754312196484,30
24.285714285714285,232.21578414214807,32.13281589817279,93.02125795824021,10.825715608111302,30
24.35714285714285,222.1747994271405,29.317135246563712,93.83580155538608,11.172418282155604,30
24.428571428571427,214.76710528737104,29.196082579993053,97.16905482401211,12.782372184756191,30
24.5,240.54814010246142,26.62259435243003,107.44848494817205,12.232491967760668,30
24.57142857142857,244.6151147641959,29.637198695251865,114.46033167948568,15.371575138769163,30
24.642857142857142,246.0005185298577,30.713375635380835,112.0714376659054,15.299587512660427,30
24.71428571428571,238.52073903451176,31.894765989657525,109.03268272926495,14.057143432706946,30
24.785714285714285,246.89923044332295,32.802717847614154,114.04692835577855,15.664490277238512,30
24.85714285714285,262.45559256894046,33.49837533653588,122.82399095705095,16.97124632863558,30
24.928571428571427,266.18876943191526,35.20453845269911,130.10195206219632,18.84954272947066,30
25.0,265.1291722340215,31.304827566398988,127.40057141689817,18.332016443338006,30
25.07142857142857,254.6884617942255,26.247247594681795,105.14631095523151,12.217196641237432,30
25.142857142857142,251.34865727298137,27.408058584316887,108.65511766422105,12.874273242421266,30
25.21428571428571,267.6756959337706,29.56090386920271,114.07142863212619,13.111484671727924,30
25.285714285714285,236.33977792830555,31.413704856255208,118.435720662579,18.855323221693865,30
25.35714285714285,249.5098837202937,39.25298137435907,116.61940673533336,18.592996396197208,30
25.428571428571427,256.0674063603659,33.803383345509616,121.79046292552131,17.665608185623075,30
25.5,259.5974384394592,33.961966203234034,116.55397583750887,16.670006229434865,30
25.57142857142857,256.98712089931746,34.313143610070696,116.40442180793467,15.348129879245837,30
25.642857142857142,243.96568462658192,28.012825756295165,118.06655083869221,14.61254254218015,30
25.71428571428571,218.56626153868322,24.985723908287365,107.0358461405354,13.387376625411047,30
25.785714285714285,231.67217034981658,31.42748864166731,108.60196618948676,14.39287467996405,30
25.85714285714285,261.00580931753115,41.63707946244013,116.53646670783687,16.598157333981845,30
25.928571428571427,261.8830679610707,36.556440221353135,119.49395712379064,16.61452516544354,30
26.0,274.0736023082807,34.85457450518488,127.30293054105393,16.37275924634957,30
26.07142857142857,261.92013478447683,35.37370212897521,117.68066200389343,15.426370933343277,30
26.142857142857142,237.3700514495513,37.0868280038964,104.27894582017048,14.316172223891149,30
26.21428571428571,229.61241490296175,32.1598200757114,100.25333145367668,11.750349720417056,30
26.285714285714285,232.01370891609605,32.867357927461796,95.618118509366,11.16481852011427,30
26.35714285714285,242.08122007209235,33.98520896386524,101.76537909884333,12.451175821593257,30
26.428571428571427,217.7163662624256,30.117396116903215,95.8212494498,11.62018834862089,30
26.5,230.89646138842102,28.026248037910133,99.91147035440244,11.383876078944537,30
26.57142857142857,223.6455281754742,27.84940297655316,96.59512850050398,11.515116196366524,30
26.642857142857142,226.05862787313262,28.758978882757305,96.08983905105676,10.155430953855237,30
26.71428571428571,207.24663473166353,28.383606814123088,91.81460308826327,9.70183442172789,30
26.785714285714285,192.33830729220034,26.149711049798228,86.76355636867484,9.6654834163281,30
26.85714285714285,197.26968100183555,26.161288202117724,95.56452400314096,12.795397234238285,30
26.928571428571427,208.78714162510704,26.84026639242918,103.10658832542151,13.328407892445348,30
27.0,211.13245688299597,25.318843705440905,103.10007886166412,12.073498529164885,30
27.07142857142857,225.99832451579633,22.054602464911273,106.80793989156759,9.618312151705576,30
27.142857142857142,235.5929848143288,25.791027682686305,110.23138061366235,12.732813798241438,30
27.21428571428571,266.381995575372,26.47519479542393,120.27449204207628,14.784337630691278,30
27.285714285714285,257.24214878176537,28.871336563817646,115.04423979944914,13.498408351885884,30
27.35714285714285,250.57162409174293,33.837322032072485,113.96842397219841,14.520245351028615,30
27.428571428571427,244.5521015459532,31.263584291505495,107.08893884246366,13.024075092263496,30
27.5,236.40868265395073,31.35322024139499,101.68517765656647,11.86143200218499,30
27.57142857142857,256.6041977629079,32.95564640458563,107.60199083183579,12.683027661298345,30
27.642857142857142,276.54873542109345,31.605636985802608,120.73234284716196,13.89955277009166,30
27.71428571428571,253.24798531845394,32.55951739369917,110.65776714026705,13.685131816365052,30
27.785714285714285,240.56313574081616,32.97218148070497,107.24072360243363,15.329547965131399,30
27.85714285714285,252.2750731663915,35.69951684665261,109.78326432757257,16.13253407655346,30
27.928571428571427,251.0058313246505,39.27002130650843,111.1447579043219,18.494329343593783,30
28.0,251.15217649705423,36.45033533291361,111.94121963658803,16.304224057131304,30
28.07142857142857,274.55397190305945,31.895590132681836,123.22131213172321,13.663823534732193,30
28.142857142857142,277.2292504339671,33.19313036343624,121.68754451981457,12.87765945109581,30
28.21428571428571,276.1997254845086,34.60739140715126,120.44134337572642,12.732149760347061,30
28.285714285714285,257.5740786824518,32.249443042228904,121.76290627728426,15.95645367957188,30
28.35714285714285,270.8755594277359,31.89244979152533,129.1135267124831,14.777293419331247,30
28.428571428571427,267.4814400092129,32.35029759754771,124.60578853944726,16.307118715855946,30
28.5,248.32237660592688,33.441065054269686,117.70227999581462,16.897739233545654,30
28.57142857142857,252.41053314133214,31.69489455394981,121.23427371473115,16.967320140740075,30
28.642857142857142,271.5506868078104,34.46035477572739,122.95613601033557,13.469463371207711,30
28.71428571428571,257.9065843387795,34.07427816453889,120.0308680908575,14.571298586597132,30
28.785714285714285,267.25624829026617,40.6267191407253,123.62696474496315,15.974777502681814,30
28.85714285714285,280.17065550531805,39.74801637261691,124.22081690064165,14.635759048674833,30
28.928571428571427,276.3436984585753,39.880885448347925,124.68543390506315,15.55662519977475,30
29.0,272.0060217425992,34.23709689528854,119.48148970264606,14.819584968148627,30
29.07142857142857,246.26378019327748,32.525905628098826,106.31563121833693,14.310753430420315,30
29.142857142857142,244.2467527132716,33.86045458590567,107.38540383315086,15.759829158781717,30
29.21428571428571,233.26362090428015,31.087836008365002,99.83223105917365,12.824161578486269,30
29.285714285714285,251.3434195985252,34.133026215397436,106.99409875525446,11.284276449615449,30
29.35714285714285,253.6793001816736,32.37566305405076,107.09776960083077,9.021636702136016,30
29.428571428571427,270.78595817034494,37.181690654784006,114.63529448661495,9.651598588557754,30
29.5,261.4853925855926,34.0368093889575,110.13735446814252,9.407574047483855,30
29.57142857142857,287.1932013388403,38.38835086527565,127.47662817787759,12.626160123564757,30
29.642857142857142,303.6300968236406,39.25171479242335,128.19036846821183,13.307926760468996,30
29.71428571428571,245.28260226495368,34.1991880575964,110.04919618676912,12.584162769848826,30
29.785714285714285,196.4191469124189,26.456212517005277,93.61698927198337,11.576967908944187,30
29.85714285714285,208.38410339827053,22.619717313379983,96.78837704365536,9.640935938376465,30
29.928571428571427,214.24541747918187,27.310765893265245,99.81490324169597,11.436080390153428,30
30.0,224.48570318950044,30.324664413397542,106.58743272239201,12.543828595766733,30
30.07142857142857,220.93215748273414,33.30954846357727,105.5299954268939,14.403906248104189,30
30.142857142857142,224.76035139905454,32.55508801378222,104.4311135299517,14.192657857954869,30
30.21428571428571,221.44595680930678,28.13636922644905,99.3274941238209,12.42160304171896,30
30.285714285714285,198.92336352951233,30.834401153190733,87.36899542418155,13.99213782910695,30
30.35714285714285,184.3839545190348,30.33757592180418,81.05874791986233,12.64174734385939,30
30.428571428571427,179.30802211059037,26.582182707352057,77.30800664178811,10.588318575519958,30
30.5,212.59698959714834,27.245411159641982,87.93853720919644,10.296596071448338,30
30.57142857142857,212.40352176602778,30.465394063334323,82.42814629417902,11.670917322426586,30
30.642857142857142,225.39032750458472,31.81140036290236,93.3732388745119,12.332700094907851,30
30.71428571428571,202.08481629321037,29.573752656563236,86.03489690713825,11.86369017687285,30
30.785714285714285,184.23572983265782,26.49229751928626,79.02317944825731,9.228162847551836,30
30.85714285714285,175.60967505011578,26.745832703606485,74.0031761687326,9.239612237581518,30
30.928571428571427,171.68613444430798,24.592520924628165,72.7049292371624,9.14644923821642,30
31.0,194.76201256831294,27.207655233429218,79.94141685005553,10.73743923213053,30
31.07142857142857,200.44288188636406,24.078480638043764,82.92471812220748,9.073034969354715,30
31.142857142857142,215.7378932507834,28.233760367321857,87.49235282844921,9.489062186517415,30
31.21428571428571,239.54489439567888,32.94464158967633,96.85942293129057,11.355680977498247,30
31.285714285714285,239.32218229805372,31.967108923057406,94.70203377285193,12.28077427942031,30
31.35714285714285,211.3401715066176,31.90951691899375,86.15245703518003,12.430213051904515,30
31.428571428571427,213.6908641156543,33.61152817866813,88.01208315488326,13.654253515573865,30
31.5,192.50341725640922,25.978878994204507,80.4499769898213,10.600872467712428,30
31.57142857142857,214.74760454037877,34.99464777822144,96.4852974376372,14.353263129326113,30
31.642857142857142,219.15673027137964,32.469637689338086,96.77795714466302,13.196492989228792,30
31.71428571428571,226.7803763938426,30.833967653755202,95.35909792479647,10.56505194822092,30
31.785714285714285,223.8473708222298,33.24258969038433,97.70917038134209,12.116952515359205,30
31.85714285714285,241.09037561370826,35.53151589046562,103.53870495101098,13.492053479159564,30
31.928571428571427,255.48401945913884,39.30241525834437,114.04226220966378,17.035560526209643,30
32.0,237.90512552076996,37.80069134012813,108.48129165702001,16.07105252305128,30
32.07142857142857,232.1048245130674,37.44461024119117,108.49327974987537,16.68591345493693,30
32.14285714285714,221.31636150747673,37.953677793302425,109.74219732903757,18.321120887430666,30
32.214285714285715,220.52856415228777,34.26427846319085,103.115898888387,15.61923810556708,30
32.285714285714285,221.48599381670633,33.29754218393402,94.49295587721929,14.156564055404411,30
32.357142857142854,233.1672647459241,33.32496535934117,101.51964923708162,14.207654098791444,30
32.42857142857142,233.9412811249563,31.60674706627269,105.73465443818507,15.970193524084108,30
32.5,246.9972277508163,35.13654362186388,105.07826786817724,16.466571259413158,30
32.57142857142857,255.3716691472661,32.95698178033769,108.44868297904884,16.540067736396754,30
32.64285714285714,269.0880437666564,34.495522424614705,113.13466070355992,17.422332458547427,30
32.714285714285715,260.6425836606852,32.53141650114157,110.59879222367887,16.347159514721195,30
32.785714285714285,237.58865314337086,28.566868121671625,99.88191440821403,14.048300206511518,30
32.857142857142854,231.62716609703668,28.27596471066902,94.19075080407407,11.760937840120354,30
32.92857142857142,258.73847694523664,27.89185829979872,102.43050539779006,9.028629535340698,30
33.0,288.07797984185027,28.873109960034075,116.8166530879206,14.330164270088687,30
33.07142857142857,298.6101499597012,27.694139956648534,120.1438935669834,9.328298940439662,30
33.14285714285714,269.42892886576595,31.070599503553552,108.1023677264261,10.968278037602722,30
33.214285714285715,266.76404676552045,34.418975755429,110.50549899243781,11.847940932968163,30
33.285714285714285,242.3478325876026,31.983666336644767,98.06315258062243,11.532161902955517,30
33.357142857142854,247.97531359946205,29.832728108272605,101.59771235775418,10.447382682363514,30
33.42857142857142,243.44958441493503,30.10839396595044,101.90589885232829,10.704129019554113,30
33.5,263.76530544436076,30.808254212613033,110.60383585369547,11.75523291342104,30
33.57142857142857,266.4105623845571,34.7156050168203,113.76809007771057,14.872816130332488,30
33.64285714285714,258.65001508789913,38.94959389662636,112.74429239752165,17.85723316639538,30
33.714285714285715,245.69009229011786,37.16129208746459,100.07287569173104,13.60249171032244,30
33.785714285714285,231.24290577151768,31.789731186448027,100.40525150123722,13.868790688509948,30
33.857142857142854,227.06388237999903,30.22049758525943,95.5538402495296,11.136859992201408,30
33.92857142857142,223.39244937344324,30.333868564542847,90.3930459764951,10.189278102691059,30
34.0,212.87729443740736,28.063038244580138,93.3496002353221,9.83477183030749,30
34.07142857142857,197.44366771667947,23.367919027199022,88.95215558659739,8.141429276226738,30
34.14285714285714,199.54526237281857,26.299970648767072,89.57256490079706,9.166427389208765,30
34.214285714285715,219.50086396325023,29.848893446887118,91.65738019656324,10.368791166368196,30
34.285714285714285,213.72625163270027,32.40238509988663,87.7272147700535,12.419933615285547,30
34.357142857142854,207.610555421022,34.87131479218727,85.57311905482702,14.019752325280466,30
34.42857142857142,181.7109333353089,22.70194320768877,72.86159560745661,8.1016771502886,30
34.5,221.71186491140597,35.7441312623868,86.98019241774287,14.178503670752262,30
34.57142857142857,239.41810979217914,28.067690917740002,96.46076298805502,10.923728323754311,30
34.64285714285714,235.4110332508375,27.299167553491635,93.01904022501627,9.614060479948208,30
34.714285714285715,232.10751561538697,27.250428922490865,90.83668501464133,8.84416232927581,30
34.785714285714285,218.14043291700165,23.47203005179546,94.20085638791433,9.384411218201782,30
34.857142857142854,201.47290018644273,22.152599186746826,89.36001778032272,9.923102121758127,30
34.92857142857142,214.05850748360984,22.38955816763244,94.22304248914135,10.21723331973799,30
35.0,227.9477004506805,28.064694921653654,101.02929511224448,12.214799120156101,30
35.07142857142857,231.8370498963673,33.347782207525555,96.15498226367245,13.211125306998245,30
35.14285714285714,229.9263863904745,34.57509127750504,93.20349445929281,12.704811094138504,30
35.214285714285715,223.17929961421265,32.82758277764782,93.17546421897254,12.365258203175246,30
35.285714285714285,232.60752860976714,30.39099026568073,100.84047053445578,11.613657077991062,30
35.357142857142854,248.70601162399933,28.579451580109072,108.98591609756392,10.493199466273435,30
35.42857142857142,223.0937287604177,18.89586654585812,100.32363712534318,8.787770343024915,30
35.5,193.66504590077494,18.11319908026726,94.62900083097063,10.707686275265864,30
35.57142857142857,205.9755935489416,20.56660886174805,94.17972793826956,11.272693946863274,30
35.64285714285714,204.49836555337072,24.668966504372836,95.55465534278389,11.67938164886837,30
35.714285714285715,204.75849815109436,29.188325921997965,99.52299287243171,13.676388118259368,30
35.785714285714285,215.53968448624596,26.545509057153584,94.85695955893368,10.523035244986515,30
35.857142857142854,220.82163004538518,24.72035922752522,99.36758829583285,11.916915461053614,30
35.92857142857142,223.2368213141025,25.030031365640912,104.29056450446852,12.390732186779868,30
36.0,198.61895760925006,23.341888198529155,98.31293141737902,14.156708275541938,30
36.07142857142857,191.71572969485703,22.614578216380536,103.09131104208524,15.86964872734604,30
36.14285714285714,193.81003446293371,21.81769116452019,105.49142517292637,16.156856463234696,30
36.21428571428572,221.72091548017355,22.821295202397074,110.10707238359069,14.242157559121761,30
36.285714285714285,262.90066278043685,31.0337566387781,118.72279230675693,13.764650838833935,30
36.35714285714285,271.31732008481134,32.49047818023013,124.68087218709974,12.798439709924121,30
36.42857142857142,262.2220026249357,29.732789644392742,120.19645479996622,12.060737382880086,30
36.5,244.65864876182957,24.921897769999482,113.22950347692313,11.333654122469605,30
36.57142857142857,212.894332173963,21.666563125272244,103.74338466228723,11.71065700497394,30
36.64285714285714,208.48096385276702,21.100517724086046,99.50498513609479,11.706672869870783,30
36.71428571428572,201.81403519909787,23.63579377352761,89.0100673978954,11.649401623396408,30
36.785714285714285,228.21467935016787,23.73817649611935,94.83545674004264,9.12206097260528,30
36.85714285714285,234.76269905170193,26.670916533602927,94.45598804748998,9.823870273978281,30
36.92857142857142,237.04477880241862,25.592389142986292,94.15706266004587,8.830101118533635,30
37.0,254.5253459670979,22.379497977786134,106.78564711785053,7.471136789880135,30
37.07142857142857,254.34626826464475,26.624902656978577,108.1919071789047,9.42677794843328,30
37.14285714285714,246.55603298412933,32.96610673497461,105.55075653333954,12.651733296272619,30
37.21428571428572,225.79480718255115,31.07635086674839,97.54562386969071,11.972430062759182,30
37.285714285714285,207.70005282116398,29.966567101301937,88.34827699466202,12.325582678364944,30
37.35714285714285,224.04451482386577,34.48787135662107,93.34884823687018,13.523641678652199,30
37.42857142857142,229.6472262699337,38.2448452765861,98.2679312618573,15.91806420396651,30
37.5,236.60138734358245,39.06514712636164,100.74034127180347,16.686748379080612,30
37.57142857142857,235.6364205448524,36.20408498842562,98.94526976282036,15.954482389518356,30
37.64285714285714,224.61421293495704,35.13307846281268,103.162946091989,17.161040235576476,30
37.71428571428572,236.32441950999723,45.62274162094771,112.04802821829244,20.676876534705894,30
37.785714285714285,210.1501039540103,25.1116420092811,96.53138419422793,10.761773845918583,30
37.85714285714285,229.44119547356593,34.25989444164825,102.34536169158106,14.180240351922144,30
37.92857142857142,245.89306596057168,32.302303867054064,108.29796238571282,13.941765592120692,30
38.0,246.9242806308644,30.153563264682713,104.96517726920361,13.359888975764072,30
38.07142857142857,237.06626010988774,26.016309244955707,100.47511446438662,11.588742238654001,30
38.14285714285714,227.1766896958739,28.594348755286777,98.98386626813046,11.934067678153097,30
38.21428571428572,225.1779438810365,28.84274182969495,96.08584191158637,12.005646712841012,30
38.285714285714285,223.5569915388343,27.82389318081569,96.54434173630894,12.3815779636242,30
38.35714285714285,237.2062433702368,27.58477791172606,102.06601725723414,11.656439044654409,30
38.42857142857142,245.76480693780283,33.21670816927519,104.50252383238514,13.384097819629524,30
38.5,258.6839100883959,32.482310020924295,112.39632790933598,12.56107334766432,30
38.57142857142857,248.00673638370102,28.976551491713135,108.91587575689022,9.446329295086475,30
38.64285714285714,229.70165388934095,26.787310400798855,98.32351557915517,9.103756215274247,30
38.71428571428572,243.11328151321416,27.521332501833253,95.7781959185438,7.9614336056506065,30
38.785714285714285,234.35515332965505,31.352003657127774,94.46318736123816,10.081029444224518,30
38.85714285714285,241.85126909550232,29.759638491892524,103.47051263859191,9.86818851170263,30
38.92857142857142,263.422673263852,30.369363293146616,108.89036480521663,12.246354539810591,30
39.0,260.1378314153373,31.117129730914158,110.05881970872657,12.69891567167616,30
39.07142857142857,270.4977221570996,34.55166729331619,113.3110214772381,12.573396663907612,30
39.14285714285714,260.3205474327878,29.71596958940386,114.20389746916307,10.830592335354211,30
39.21428571428572,226.64830760615175,28.09824515192851,101.75888246849036,10.054870059261125,30
39.285714285714285,230.38636017221162,28.434164364144216,104.39622738253638,11.114448504138634,30
39.35714285714285,213.7644668750876,29.61460122752736,93.57589733372122,10.744140713459593,30
39.42857142857142,232.97005092972856,28.42533141723057,100.51256533483509,10.365392418313661,30
39.5,222.2775177670679,23.84080598216423,98.32303764965133,8.975330821064079,30
39.57142857142857,228.77115648877123,22.558827910305524,103.86413126071385,11.41701777493626,30
39.64285714285714,231.89905683614597,25.750242139446776,105.19062856229833,11.789864811008629,30
39.71428571428572,219.1909111064771,28.400046704038257,99.25419926068805,13.999727672609565,30
39.785714285714285,235.9145848768644,27.12027246104286,105.89828022841607,15.097778278469226,30
39.85714285714285,191.71303457103065,23.345712263965257,88.32571592035175,11.9329764297122,30
39.92857142857142,205.96244610273263,25.471744492698416,101.19408373019972,14.293146250212073,30
40.0,214.86776561880427,24.25094704907354,103.53871324199554,13.467702942143593,30
40.07142857142857,203.59912136596205,24.22153663182912,96.43981413639912,11.300701961385728,30
40.14285714285714,206.72768304224508,21.66350091876843,89.33479762843996,7.659710199298392,30
40.21428571428572,219.9069340139799,24.436009667643457,95.85654123930239,9.505989664148231,30
40.285714285714285,235.91242061086783,26.417573320572316,103.72958852359223,9.983301259282655,30
40.35714285714285,223.2525593530372,26.310103612845538,102.74907282412241,11.100571609204783,30
40.42857142857142,220.1142962723522,27.55705382108083,101.68932418038146,11.94728723114966,30
40.5,230.85138638109245,32.198812169175866,104.56675368005885,13.002961970187465,30
40.57142857142857,226.75753139199279,28.714742793293684,101.72573430418623,12.54355557601023,30
40.64285714285714,226.89066416176178,29.612271896505348,101.70138100128523,12.718704694306373,30
40.71428571428572,226.36604210986567,27.96928434405115,99.96803652941692,12.76497733567015,30
40.785714285714285,226.6713999484897,27.548537632114527,100.96188212688502,11.945831979435203,30
40.85714285714285,219.686657461535,29.26079484651429,98.60027388946322,11.127863739661029,30
40.92857142857142,202.56034497904338,28.277663202732093,86.73262153023744,10.260011388995387,30
41.0,210.31077594943753,25.623041941432486,86.97402183659194,9.3601046498852,30
41.07142857142857,203.90577443613822,26.394788740909622,85.8646682712863,7.565676762732031,30
41.14285714285714,210.18107442330253,24.301653448444014,91.80825861840778,8.222081944992084,30
41.21428571428572,183.6843112208944,26.31961227438979,86.40345188106349,12.067426150662918,30
41.285714285714285,176.95067019022005,23.995636745139347,83.62313292416468,13.18386257354225,30
41.35714285714285,171.2374892126525,24.27149440427309,87.35737425664992,14.659639860387482,30
41.42857142857142,205.57542359909996,25.406139208089908,96.11157753951126,13.973305110886626,30
41.5,217.1061405874027,27.652907491328595,100.73566529276523,14.21416467447353,30
41.57142857142857,217.82825573859967,26.7479052624586,100.70218425708693,12.899922683192747,30
41.64285714285714,226.26993343238664,27.481606323014024,98.83051604273847,12.36102062473259,30
41.71428571428572,212.72691684251546,25.443759810183767,93.29690872042147,10.472925145402213,30
41.785714285714285,200.63808071649174,27.016492959780198,88.24058934807066,11.180750688242853,30
41.85714285714285,194.75945776240604,25.71110648716465,87.37080235510592,11.144350856781497,30
41.92857142857142,227.55860631847554,25.299411487605553,100.76124436439133,11.772368953210353,30
42.0,213.4506155980611,23.4663014596501,97.59220610939511,13.469752585573179,30
42.07142857142857,209.5612362734849,25.144418221528994,95.38856280619788,14.127146430998573,30
42.14285714285714,220.0215944002156,23.909150943152625,99.61067200938533,15.706765692484653,30
42.21428571428572,207.1246201340986,25.613685697067602,95.47753069269359,20.041573867828696,30
42.285714285714285,240.58470139708012,29.707234181176553,103.67500868732543,16.812499570262347,30
42.35714285714285,220.30879854952067,28.24710949851033,101.58744874941223,19.922863984150297,30
42.42857142857142,186.02834101106868,25.99958601380743,91.67399474872825,22.343684496060167,30
42.5,199.00913079629208,23.45720067325919,96.19659016998722,19.87499553503757,30
42.57142857142857,199.56569111597312,24.452019282102892,97.25275618538167,19.815862955433182,30
42.64285714285714,230.98120138737647,23.606436062793012,102.52003886424556,15.138701812484946,30
42.71428571428572,247.70271961631101,25.818858127805154,104.99854339491125,12.683756352088704,30
42.785714285714285,251.5226637634113,32.74629186363321,101.68515176498322,13.654738660670096,30
42.85714285714285,223.121918254111,28.672918070259467,97.29692837006398,12.86850099874622,30
42.92857142857142,214.9547818563994,26.10248920270595,97.59531794775634,12.794605828079796,30
43.0,216.90255639015828,24.763532709303274,93.02923119408935,12.221310091660222,30
43.07142857142857,207.34114591635915,26.611379461282752,92.10588615291474,12.3233920223576,30
43.14285714285714,208.930741380154,25.52990887827466,91.23578630934914,10.62296303260949,30
43.21428571428572,209.29658656134495,25.211626105686094,94.76060296382606,11.19032650506151,30
43.285714285714285,199.98040994021463,25.06657676944184,87.8208565027232,9.515697829775082,30
43.35714285714285,196.7020965478698,28.352753203711977,80.80267760184546,9.231378762908456,30
43.42857142857142,206.6356482558806,25.81501089376849,93.93598482642287,10.485186320608925,30
43.5,227.8879050877805,30.19702817768129,103.9227114811998,10.623415178581418,30
43.57142857142857,235.00156585838235,28.768619756927045,116.50244739377344,10.83560154521944,30
43.64285714285714,243.75067194152388,21.269613754176557,113.38797815821464,8.439489400210759,30
43.71428571428572,246.91013409564584,23.14027689456464,112.63246649520342,10.912772269602518,30
43.785714285714285,225.2441108786371,24.26917432459765,108.24252751252702,12.538035550848722,30
43.85714285714285,212.50879260697886,26.331899523364054,108.33555294521301,12.842316437293386,30
43.92857142857142,233.1716124834153,24.80907879726124,108.31747192859912,11.66607720610365,30
44.0,214.9430187986969,22.051980993099367,105.03373282170773,11.20900292050547,30
44.07142857142857,217.270412289512,20.135745578867017,97.68614830021808,9.799266123015665,30
44.14285714285714,208.38547384282057,20.80239679387588,96.34686564653587,9.696518335774147,30
44.21428571428572,193.97398986410178,20.72434859020438,87.97684377196731,9.554398640254249,30
44.285714285714285,185.8798835162698,21.450257271228804,81.14062886430253,9.421633099944692,30
44.35714285714285,179.89798320861794,20.945690740163432,81.87329499000585,10.517623632560504,30
44.42857142857142,189.51777272973527,22.929760269991164,81.66240835542132,11.459454837855374,30
44.5,197.44128679125586,25.653484116979662,81.96877358063934,11.37892988191475,30
44.57142857142857,215.34934919166668,26.554665249875747,92.66633927920634,10.711753617929217,30
44.64285714285714,207.87421906566155,24.36499481268357,86.71094932054363,8.047014128671597,30
44.71428571428572,204.2748384974112,26.202082266932145,81.77174293505958,9.648445253105164,30
44.785714285714285,202.55005418513477,25.708224927383288,89.04453969813308,9.494015289235705,30
44.85714285714285,213.53802104240813,24.480669032660447,99.7817225698549,11.460825775165544,30
44.92857142857142,223.24949801620096,25.136322099189595,107.73417572477759,11.647444926788111,30
45.0,225.73335481507348,24.994020714710988,108.77137135662622,12.737833193885503,30
45.07142857142857,252.71247920884747,29.022953928792713,123.5278550699294,14.542866402905668,30
45.14285714285714,242.6591891760497,30.314296813723235,116.07780074500191,14.27884450311213,30
45.21428571428572,227.1867877183474,30.442683847629613,110.89166310050673,14.573400345966249,30
45.285714285714285,223.4901053878032,28.75586278526602,111.01525680980477,14.717859993954578,30
45.35714285714285,225.5554574503113,25.403060247337844,113.64859209897664,14.409652215509377,30
45.42857142857142,209.53866054856906,26.782857536767548,105.7818501002486,14.356734080130312,30
45.5,212.43335984117203,29.833003207063832,104.72827620058453,13.257590832929324,30
45.57142857142857,219.8175563191153,29.049738725703147,98.28766373361465,10.072335398576891,30
45.64285714285714,216.15134397671883,29.342051056515416,92.90461612318347,8.574737444987349,30
45.71428571428571,215.4321838664155,25.204785919217283,96.35929665103583,8.076378704183348,30
45.785714285714285,195.95713776102025,27.446712213520517,84.56637987921171,8.511347079358082,30
45.85714285714285,176.42663226456634,22.471156695439124,77.10124870401422,6.589632272970125,30
45.92857142857142,187.4835126060202,20.61256761638791,78.22344559060897,6.594707646364414,30
46.0,194.45896255189953,20.201085559029888,80.80619161889018,6.31408254489208,30
46.07142857142857,200.927289066882,24.646139179763523,83.59614628341089,8.041318417946865,30
46.14285714285714,215.62226415489494,24.656768547790783,93.76126395191615,9.26316008213777,30
46.21428571428571,226.25497736067547,23.282343167220656,106.03584384481603,11.393813326571719,30
46.285714285714285,223.81593286980635,25.665551044950586,103.0018393954821,12.740517846116422,30
46.35714285714285,214.90136775489682,27.91110147090842,95.47827179252755,12.69555377760503,30
46.42857142857142,215.75547783465007,28.189669904021944,95.41767922977324,11.82751733088483,30
46.5,202.08522974136815,22.989443638758694,90.21110037049334,11.401433873357785,30
46.57142857142857,176.49636821047622,24.177736384441605,81.79577068757013,12.773593554974996,30
46.64285714285714,192.63840882990894,27.9463508350037,89.20675096467879,13.019987238595265,30
46.71428571428571,182.70524381509225,27.97997846714676,85.27534155501976,12.816535872772906,30
46.785714285714285,182.21232795721943,26.641184945311224,86.58783157222939,12.016997968786132,30
46.85714285714285,212.79988238689427,25.016559862278278,92.37931086655713,9.45398436939915,30
46.92857142857142,225.80293715184334,27.65948983569345,95.55924819305461,9.196611326694041,30
47.0,238.8380572184969,28.705286520494354,98.63081350841821,9.271291757434547,30
47.07142857142857,208.84573233595236,22.515157372910743,83.46411414849089,6.482301377133499,30
47.14285714285714,230.38670919795175,24.19251615751601,91.07682045137206,8.715163928483253,30
47.21428571428571,232.33940959854905,24.759513473961942,95.51156607151853,10.28485165885056,30
47.285714285714285,209.4832556465551,28.718341598939944,88.47775473489405,12.384825179008391,30
47.35714285714285,218.9030881800782,31.992813763565735,99.81010398935388,14.093374441695403,30
47.42857142857142,228.52566966205052,28.203328870746144,112.15207715666284,15.447453491687217,30
47.5,243.36283050998506,26.969208890953396,118.45112057683903,16.9055187147906,30
47.57142857142857,219.2769353724847,23.38504941465775,106.62840632934939,15.810327858625794,30
47.64285714285714,212.975190286838,28.467923475643758,103.58520480210035,17.006437330732695,30
47.71428571428571,222.03087669736547,29.76774547409838,110.24065317427414,17.768407771662865,30
47.785714285714285,160.32220141300016,23.64306952535061,81.08845415046112,13.860442320796803,30
47.85714285714285,182.95248000934234,24.803587134091146,86.09768346849313,13.222106381803382,30
47.92857142857142,187.51811133824685,25.82449369738083,82.30396074354634,12.789074714890567,30
48.0,177.25009192181014,19.385695284405422,78.63652149023257,9.769872727185788,30
48.07142857142857,170.0121824242556,20.012693237704596,73.72332594963112,9.233202557809463,30
48.14285714285714,174.57072073422546,24.895666820006767,70.81350659126176,8.793923652068232,30
48.21428571428571,195.64782446631096,26.161161702613732,84.3286614826988,9.647694768957454,30
48.285714285714285,208.36939350783246,28.606170455841177,86.99764792412874,9.900440140274402,30
48.35714285714285,201.546313075732,35.04233483907546,92.27395903218708,12.104976345685238,30
48.42857142857142,221.407537051245,30.78343009152644,98.27798650961869,11.194157600913915,30
48.5,218.14511815898078,22.999649995862768,96.93027120175299,10.144871403274124,30
48.57142857142857,214.28885728823408,24.551030013295637,100.7693632161917,11.609571673112047,30
48.64285714285714,216.11558020159907,28.787070824950995,98.3423940422028,12.486736443811141,30
48.71428571428571,235.43680141305563,31.763718974371432,104.1457964837827,12.24464142401573,30
48.785714285714285,209.74791839114872,27.054049023382326,92.80163621807232,10.86135424897023,30
48.85714285714285,193.0924821862289,25.81476107435574,85.74189320425019,10.57305016370096,30
48.92857142857142,204.12856868856008,23.165272380367423,87.08296414916259,9.219637705669259,30
49.0,208.17059090515107,20.213759868418624,93.07795750869424,8.954171807389324,30
49.07142857142857,239.8110171142844,21.00350348431647,97.66829878358132,9.395976874343834,30
49.14285714285714,212.8973452651492,22.3335268770935,93.26174510322573,10.25341159217115,30
49.21428571428571,216.2999402740601,24.606300737006265,93.28381312176795,11.264636461515297,30
49.285714285714285,225.31467866240135,28.215517151089394,96.68850264655725,12.599030776493995,30
49.35714285714285,195.50962310088502,25.120452844704023,85.35336098631133,10.529586033136626,30
49.42857142857142,180.78074214635038,25.239089106982362,80.26528341875017,9.167594199353456,30
49.5,171.2446086414896,20.136298778776833,73.46893951536762,6.335515080646429,30
49.57142857142857,164.94453711424515,17.97801943921299,72.42470081270758,6.630937411225743,30
49.64285714285714,180.7214215446649,19.40994837839421,82.16009839241165,8.57376310004602,30
49.71428571428571,199.7900033397596,21.208866269624405,89.22205722728712,10.398871389298948,30
49.785714285714285,183.4864429271905,20.068497000438445,83.81688266882085,11.233426378480273,30
49.85714285714285,174.9366948655173,19.085901263788415,80.55233310336959,11.036927033120147,30
49.92857142857142,185.71104796890805,20.502274210580357,83.26965738898714,9.958174158047099,30
50.0,194.3612352468172,25.45678359416763,88.38075025178564,11.06975415890748,30
50.07142857142857,178.1925103777208,21.376309082226587,79.86242342583343,8.199305701106859,30
50.14285714285714,176.60395284371432,21.60383046968249,80.45079234840156,9.38335787423722,30
50.21428571428571,183.50055431224354,24.845360619944998,85.46027144765618,10.9619713048731,30
50.285714285714285,187.1681647378946,27.659892917760317,88.78798778608821,11.692836516958375,30
50.35714285714285,183.21648625169922,27.77642919220146,90.0471906134919,11.983278713038736,30
50.42857142857142,191.8413347233554,22.486937209095053,90.98833689928695,10.737734539995836,30
50.5,203.1883089300725,26.76924357667002,87.25926148811664,11.500259104541822,30
50.57142857142857,202.59057281492537,27.57361079417537,90.76335819828338,11.096991842276177,30
50.64285714285714,208.12876357756724,25.144643895486407,89.90111147821698,9.779838253939552,30
50.71428571428571,199.1425756668167,25.579548689152745,88.4641018676548,10.762090812509914,30
50.785714285714285,193.76278320267704,24.86547168079885,87.84871302733308,12.401778828906474,30
50.85714285714285,193.79904812992032,23.494424262317025,87.26803979163022,11.991510608775192,30
50.92857142857142,210.06730273939831,21.793770714691014,95.95742897663628,10.886870619518842,30
51.0,205.93667343057322,24.100337155897346,92.58643869796818,8.591803965697995,30
51.07142857142857,203.67658118566985,25.371258476811892,90.80754048162395,7.903141100465102,30
51.14285714285714,205.16982038341337,29.0421592914917,90.26085378407289,9.104144049538032,30
51.21428571428571,206.55169123848748,27.964413444850507,90.37148655015979,9.205443233649774,30
51.285714285714285,179.62490295367996,20.33199618685765,82.59601356513926,7.83583521932207,30
51.35714285714285,165.99515388896955,22.740501622706134,81.44444073169069,8.128839670520046,30
51.42857142857142,168.4443764532716,25.912183778993228,75.88762473036945,9.21148208109735,30
51.5,179.7862880242571,25.197720644916735,81.36670821948965,9.69327387789765,30
51.57142857142857,176.2999601849203,24.191522428733695,81.32389051082316,11.121006203902994,30
51.64285714285714,172.79015472644386,22.859687051550228,86.4106532839853,11.950405071229877,30
51.71428571428571,173.92139747987986,20.326534766660956,88.49580552708458,11.690650721157118,30
51.785714285714285,160.77222417343475,18.47724527947087,80.27472879214206,9.087041375354993,30
51.85714285714285,136.45090766127672,19.71043443351229,68.8004619805239,8.464099595865898,30
51.92857142857142,164.26223209184124,24.71730363756524,73.51113101357781,7.642033365166335,30
52.0,172.97709435872167,20.796528133125868,80.36649446561874,7.208969444930113,30
52.07142857142857,198.07416115861804,26.27105911382375,86.92201848245715,9.801120256204799,30
52.14285714285714,184.34334942857774,20.835643160710312,84.0444684209245,10.008151282180147,30
52.21428571428571,179.60042611502726,19.674518748603692,84.83491466606587,10.61675998631283,30
52.285714285714285,196.7404832565704,22.100821644095927,92.4930620303201,12.041443286853442,30
52.35714285714285,204.5895423359674,26.54390023447412,94.81008611920115,13.562288383690124,30
52.42857142857142,204.50582081079523,30.96748772891522,95.01514506515436,13.464835667513512,30
52.5,214.05908048349912,29.545222419963373,99.69617450608712,11.74523698280609,30
52.57142857142857,199.7944190139571,30.18291233234583,90.40188617461166,12.258496086114636,30
52.64285714285714,185.93621357595003,29.039839421449898,85.58854208794715,12.089015872730283,30
52.71428571428571,175.6637462276816,24.024121574890927,80.34756775481041,8.88345437488084,30
52.785714285714285,174.6729817067178,24.235263663990995,78.16042684860224,8.462915081303603,30
52.85714285714285,181.0946366730254,25.269686340235022,85.29996276306954,9.419894636134135,30
52.92857142857142,172.32828759252203,21.839852108814508,84.09682487812383,11.561646186362196,30
53.0,196.59095136800673,24.71086161089993,98.11893487425162,14.729992028507413,30
53.07142857142857,200.51577156981205,24.032367455120305,100.68301566278708,16.428640344981407,30
53.14285714285714,188.82549998882604,26.075300610033597,97.78575190025205,17.94439060396713,30
53.21428571428571,187.41030084919254,25.372214549023994,97.49509352592163,18.986686709425513,30
53.285714285714285,194.29371546019624,22.71999453247686,93.59457888106202,17.948553905657384,30
53.35714285714285,199.52909307028662,23.676685960805703,100.61930386754491,19.29202515109961,30
53.42857142857142,177.11633194891363,23.09430966569372,91.66544528004732,22.6909620219219,30
53.5,191.24599479591646,26.081634526297115,94.16219940182826,21.014832670445212,30
53.57142857142857,186.80184640458467,24.29255657945576,85.36998795926583,14.656371382755053,30
53.64285714285714,193.8583253656777,24.10596340252855,85.95483986651841,14.204686805828759,30
53.71428571428571,186.64658814951653,26.487849199527197,77.78691865988192,11.594372559103922,30
53.785714285714285,201.9766450270924,27.06743660863386,81.34211420917828,11.149883727084918,30
53.85714285714285,182.85670149133952,22.85703682343393,75.39964723155286,9.82078244474522,30
53.92857142857142,185.60430353881603,20.292752178706895,78.43982374443105,8.044034897372113,30
54.0,196.23811084307926,29.102357919646213,83.07165324755353,11.850742286088584,30
54.07142857142857,209.45408999546595,25.231935932663813,88.34842971856845,12.32002722438794,30
54.14285714285714,211.8329750245414,24.71062561741071,91.04470683603175,13.238142583922132,30
54.21428571428571,211.0683651131975,25.732015305391293,91.63210765174597,12.959155437398273,30
54.285714285714285,205.756834080386,26.09697711321365,87.74353828642262,11.72983349679719,30
54.35714285714285,196.3019420221599,23.318839406912115,84.19299645935502,10.848664786256888,30
54.42857142857142,172.99549055080257,21.670849098117976,84.22868778742713,10.195218961745418,30
54.5,182.70296564655484,18.534331662069285,80.85370695445714,7.948673979172253,30
54.57142857142857,163.0037396982423,19.137367969447766,79.06994716448376,9.105306637084034,30
54.64285714285714,159.33922222929277,19.993792613341377,79.20428447597301,8.88112851578642,30
54.71428571428571,185.19318185614853,25.376185803093147,92.97177216552913,11.672236424858752,30
54.785714285714285,182.1430703857398,20.390947527410457,82.22952573106285,8.566642064929322,30
54.85714285714285,173.5065584516076,23.707712581719985,84.89533799271923,11.378786254998472,30
54.92857142857142,213.22383585695692,29.148081826515746,104.90701132282247,14.83222324040592,30
55.0,227.706372271859,30.47827472582427,105.52083019888501,12.025476537460403,30
55.07142857142857,205.67109334002544,24.593469403431868,94.12169700045355,8.989425199445687,30
55.14285714285714,190.02852492555928,24.04205349817062,87.52725840834398,8.212906227889507,30
55.21428571428571,175.89391232329726,21.964241642535352,77.60160691711582,7.0362627578618735,30
55.285714285714285,180.89014930909434,22.824853892616098,83.00496757617347,9.011253585321855,30
55.35714285714285,187.17752922379105,22.515789909644862,89.30456130525718,9.680481146111928,30
55.42857142857142,221.3423739272207,27.741787060901164,105.67675100321298,10.757912365267437,30
55.5,203.03888924402037,26.77913766266781,100.57887070191391,10.867626049201338,30
55.57142857142857,202.63776665111354,35.23670960807664,92.31600994174799,12.890529650906927,30
55.64285714285714,189.17277248479277,24.17206033472532,85.07029141948678,9.128931032741013,30
55.71428571428571,202.06568719823034,22.436894320882807,84.74048846752308,7.2683696661740465,30
55.785714285714285,198.87519421541163,22.622381207952515,84.60148233014273,7.1872180986245295,30
55.85714285714285,184.7481347859139,19.442297674032268,84.28549436141898,8.052080221032126,30
55.92857142857142,168.21753678513164,18.57004157793662,80.66793198724214,8.83982529237106,30
56.0,165.44973003295635,21.680654027161996,73.4588013104738,7.055495624060985,30
56.07142857142857,168.6717637019207,23.329485033600108,69.03630097464753,7.000388619740606,30
56.14285714285714,154.7504214889336,25.45316998448387,63.31263035711703,7.570894984836683,30
56.21428571428571,142.68194933227406,22.183676331449647,62.082163952734156,7.085975068686299,30
56.285714285714285,151.78913554539523,21.449562142261435,64.455399912044,6.97222378807301,30
56.35714285714285,154.45440215766843,20.530190825988996,68.53370006675794,8.01044013508197,30
56.42857142857142,155.06257548189114,22.18248115609636,73.636627581765,10.283049653014919,30
56.5,167.98424796856975,23.68699306455625,72.65566702127475,9.368759471038205,30
56.57142857142857,181.43898298102886,20.96935093296523,75.89105106726039,7.953701521373388,30
56.64285714285714,191.34640148818752,22.769512243683472,78.18886317914883,9.614772846648158,30
56.71428571428571,197.24077667481376,24.567246550312333,81.55496004518261,9.441942614167942,30
56.785714285714285,214.41036884656103,25.431792852493107,84.60593450459817,10.314484379401302,30
56.85714285714285,201.6960449437004,23.932199112551928,85.43711923757587,10.458720721854622,30
56.92857142857142,204.87034763357445,21.92457039984328,88.96065088138505,9.122579619874253,30
57.0,221.67730012173757,21.609377407033392,93.05164212419827,8.364008884648383,30
57.07142857142857,226.93613886134622,23.279504267377888,99.34915215833394,9.109614100981988,30
57.14285714285714,204.65726002726407,25.60190114339664,97.63389425784231,12.553496898375878,30
57.21428571428571,198.86303329296325,21.5947873174618,91.71481367916249,11.217396512507904,30
57.285714285714285,185.2230429893051,23.90690892912898,83.49559725997753,10.740812366041038,30
57.35714285714285,209.47295990908725,29.267277522041493,93.1607147327784,12.546422692341475,30
57.42857142857142,232.49100704459116,29.17757541925686,99.92492682438917,11.29644313717569,30
57.5,213.13896672206315,28.924594068890137,94.146669764881,11.228926989405556,30
57.57142857142857,195.23007725637197,24.878632599632844,85.09123332154115,9.111696882248127,30
57.64285714285714,169.0259813038536,23.269819695525353,73.27293201423929,7.647680798663212,30
57.71428571428571,171.48606717437255,22.745603203443647,75.18209516620117,8.321976899857487,30
57.785714285714285,189.90698187295303,26.215266979361605,82.36142926659384,9.62069661141992,30
57.85714285714285,207.1961233865785,29.91144369393209,86.01267114288669,9.349204891109455,30
57.92857142857142,212.9891221756437,28.635489501094607,87.82876366620499,9.46453525290713,30
58.0,213.38337601029153,29.46895030979676,90.46331645339278,10.378217950127475,30
58.07142857142857,210.6871968198224,32.94428153420029,89.46145652299795,11.11507661662778,30
58.14285714285714,175.85609406655217,25.924471445150477,77.46037618039449,10.519111539229128,30
58.21428571428571,184.72032841628706,26.419217964988412,81.80474342622428,10.137693600367792,30
58.285714285714285,204.40360066946948,25.996140665886035,88.50317877570427,8.93624815107628,30
58.35714285714285,192.0594202210412,24.664438344504827,87.03197914949634,10.340282507835743,30
58.42857142857142,193.1396018656309,23.199499205878343,86.1655663052148,11.298324611487821,30
58.5,170.0495036358416,25.121593858639645,83.53397897443686,13.463711442843984,30
58.57142857142857,164.99557805269222,23.417132712373764,79.02717925737237,13.050605857392602,30
58.64285714285714,160.68085428648936,20.092084432785835,77.44445044975339,11.067764052987634,30
58.71428571428571,174.08045630384467,22.71837455973781,81.11859026579769,10.204995010490727,30
58.785714285714285,194.9173874218109,25.281276765772628,88.14525215763237,10.758571269945515,30
58.85714285714285,202.34268755505244,23.288291214080363,91.32177667094463,10.527523199318807,30
58.92857142857142,196.52345810095005,23.756341397191147,86.38787537097852,10.744131453269972,30
59.0,182.9167568258108,20.565331338972726,77.76096329849554,7.889399851379761,30
59.07142857142857,178.41954070124723,21.60189322416304,73.03830788640579,5.983210078043033,30
59.14285714285714,173.37798452195,22.243012928769534,71.95275593190239,6.46346545929914,30
59.21428571428571,171.58458884724192,24.397361171647827,72.95736738043165,7.823168360047568,30
59.285714285714285,190.46222150188242,22.729553566689265,79.73037413960654,8.210460017359756,30
59.35714285714285,203.55760257829428,22.97991608855233,85.60419463276638,8.041645630600005,30
59.42857142857142,211.27751186965276,26.80985844107035,95.70708438527274,9.831634491735429,30
59.5,203.62600032595563,25.74712523391367,94.99056974081316,10.715149676171132,30
59.57142857142857,191.3922150011097,27.092991466583122,92.71119389906262,12.119825371859557,30
59.64285714285714,188.1094465848614,25.218700491661142,88.16102129483669,12.20602487872258,30
59.71428571428571,182.06092602587734,20.74936514696062,87.63513630372952,12.223969315756563,30
59.785714285714285,166.2960155072145,25.08492994077778,89.37472110459541,15.628283983677962,30
59.85714285714285,164.1207268290236,23.02053071667042,83.04586255511934,13.988825409645402,30
59.92857142857142,174.24838735727133,20.654738077498365,86.47732682451579,13.087373950889294,30
60.0,166.4384700275497,16.730270280094825,87.29720034948774,14.03167239408623,30
60.07142857142857,159.40579072999344,17.11785171132716,82.54333137027393,14.248378420684508,30
60.14285714285714,163.5492947794255,18.86244535134284,80.42288183631366,12.39454968979458,30
60.21428571428571,156.84830724081277,20.936207431451447,75.57108455136236,12.761885267430927,30
60.285714285714285,158.37592559506308,22.02880941313603,71.97938891452269,10.394080202068134,30
60.35714285714285,164.5407021055883,23.4205949206392,72.8500401405661,10.437168010698596,30
60.42857142857142,174.05247778650389,26.702902191493685,81.45039723599602,12.06568914904935,30
60.5,170.90796656462805,21.537634960430584,83.31042700437831,10.79548509098148,30
60.57142857142857,178.84438438775535,22.78761608591187,83.48842316242123,10.290937312403729,30
60.64285714285714,184.68700396867914,22.064167798072233,86.03980193359781,9.965885032276727,30
60.71428571428571,190.21275205162536,21.574373487062285,86.99337068745513,10.553111658682141,30
60.785714285714285,190.36620657465846,28.061576103055454,85.90131283583946,12.690274656586306,30
60.85714285714285,198.04422505134443,33.02543164272775,87.59177922772592,13.717913403166527,30
60.92857142857142,188.3518726914329,28.16717558342769,85.57836840713118,12.318599326291418,30
61.0,187.76564801689656,22.896545266368992,88.14979209039844,9.802805841675376,30
61.07142857142857,179.38380647737884,24.150060453569104,89.36772304736739,10.915729849764926,30
61.14285714285714,178.5020126941711,25.806844102204778,83.81062604805231,10.904721902941361,30
61.21428571428571,176.3855955039817,24.39824678355707,83.6635843918887,10.350596879169577,30
61.285714285714285,169.82288923516407,22.96358868849515,75.86581244298473,9.777838132711596,30
61.35714285714285,170.22626663281568,25.613600230368736,76.83638367897406,11.145266715104638,30
61.42857142857142,167.3853093810644,23.356809414050627,76.12890443727423,10.54492285567956,30
61.5,167.773213945147,21.3856578996401,76.41945308973472,10.570219454106233,30
61.57142857142857,155.51846966686784,22.733316934124293,71.34294102218723,10.370893499651478,30
61.64285714285714,165.63552278868676,21.22190562033576,73.02490032232096,9.001050359052163,30
61.71428571428571,155.0833214265426,20.710520072034605,69.12298225170377,8.636111324335285,30
61.785714285714285,166.23830770627464,24.03180257421484,68.60966395009719,7.29376591413716,30
61.85714285714285,182.73053936379378,23.250659992194493,72.42770361635783,6.730561477730879,30
61.92857142857142,175.9109975174255,24.311881350822375,72.03118582731163,8.757228633945928,30
62.0,183.36883372381112,22.849130129930835,74.8002018454047,8.96373397068344,30
62.07142857142857,194.51821529553277,23.490011997128054,80.66682997840985,9.258705131930247,30
62.14285714285714,206.919536721026,26.64218806435119,84.24836487040032,9.19887211894848,30
62.21428571428571,189.25202198746288,28.341566652574176,79.04035772408932,10.570287958136538,30
62.285714285714285,175.3472462538133,28.232634787870843,79.22177623982468,12.32950698600493,30
62.35714285714285,174.89839338019334,24.167663498326434,74.03719868829894,10.555257147444078,30
62.42857142857142,181.81970678354776,23.317490408105034,75.23281403727543,10.03668013829376,30
62.5,193.81054568040096,29.00092103906247,81.43035067660276,12.263766012306993,30
62.57142857142857,187.581239264809,27.032295540153765,88.57045915238045,13.05362728157296,30
62.64285714285714,179.2879274885724,22.659873400211126,82.60029594113328,11.26999300763955,30
62.71428571428571,183.34117113751256,25.326490898182882,81.16951816831732,10.806888446853947,30
62.785714285714285,154.3155825229207,19.850240802175367,65.92578454293702,7.64253676932846,30
62.85714285714285,149.7875943584449,17.0676627057256,67.83453142636881,6.865032194297815,30
62.92857142857142,161.64712328128172,19.310558736731604,73.73898343402362,8.119049686224939,30
63.0,171.97755953456038,20.634795174816343,80.6070158496499,10.47080538231338,30
63.07142857142857,197.0529551218341,23.349149986855544,90.85231420950339,11.334914553013592,30
63.14285714285714,195.24025666504082,21.72976308240185,91.4293067612455,12.365540803092246,30
63.21428571428571,189.0990161697973,21.923487383567895,90.26902888204701,12.210122590275626,30
63.285714285714285,180.32537148040325,20.71942969835861,88.11289623620823,12.35497927472976,30
63.35714285714285,185.26388290638891,20.913752451672856,89.43746854305952,11.57103402541727,30
63.42857142857142,173.30959706663296,19.478243389858793,87.5076184379106,11.822369307616901,30
63.5,159.00084885526593,16.865799508451147,81.64279100431807,11.32293878295979,30
63.57142857142857,172.55403089155269,23.61641534615445,83.68390081115774,12.161291320573119,30
63.64285714285714,186.74107098110636,26.9890024301087,89.18425499717847,12.397267893294309,30
63.71428571428571,186.0348366689662,25.33262213016626,91.14935665154513,11.949513303457397,30
63.785714285714285,187.49423569110758,23.208140604553527,93.07809972440599,12.939954813281817,30
63.85714285714285,175.10421666119143,23.672686424040645,91.78990413447262,13.556125362371352,30
63.92857142857142,178.68177308304843,25.993970590806402,88.75301871746109,13.543399176061188,30
64.0,144.92046602169492,21.41186934951306,68.99237740645371,10.297742822652976,30
64.07142857142857,181.58978262336424,35.24670328431023,84.88249720284718,15.613714709629745,30
64.14285714285714,191.09914610441382,34.19265488938489,91.75041225267225,15.940735789707162,30
64.21428571428571,179.28071066849407,29.86207351876779,87.11078582228483,14.449088374806067,30
64.28571428571428,185.5849820849488,28.242599078702206,88.78457691906985,13.308637305678351,30
64.35714285714285,187.85665843663048,27.374086049419407,90.3974439502957,12.969225045463926,30
64.42857142857143,167.15072486167998,23.453246709951095,80.02642704538678,10.664003879953986,30
64.5,169.64578130898286,19.347057509940452,78.64649156285795,8.50822751431823,30
64.57142857142857,175.16152802314497,19.62429768804111,83.87637467828301,9.19334079845706,30
64.64285714285714,178.390234052186,18.810786280515067,85.77039319177238,8.611337876038883,30
64.71428571428571,171.97021389566427,16.93325001343244,85.24790929145892,9.977200707900217,30
64.78571428571428,176.42720672081958,21.32331245920324,85.31544715947322,10.536823824686765,30
64.85714285714285,186.27851511977897,24.57839740188389,86.2816441344224,11.667157818795316,30
64.92857142857143,197.6670313973035,25.19941994716543,89.53220398624234,11.941355161371945,30
65.0,199.42024759307944,23.944015815137703,89.42516873762831,10.961466097728247,30
65.07142857142857,200.71024001790582,25.603704364933485,91.97616496441485,11.823771336200432,30
65.14285714285714,194.97196086069962,21.255048582570605,91.8755111937137,10.146194022435985,30
65.21428571428571,198.71705306061466,18.755126808880696,89.00548537943756,8.421464456899995,30
65.28571428571428,181.79571919334052,18.90572776772527,84.42227735695687,9.947999535534482,30
65.35714285714285,176.06835508526697,17.884638137322572,77.32823208537496,9.246687092388077,30
65.42857142857143,169.5393608179362,17.84771361645606,80.1624403728247,10.919435595021413,30
65.5,162.08220308406234,19.210103082252886,73.60073677084736,9.401931308671811,30
65.57142857142857,162.48711539965456,18.94412303052687,69.34560147291236,7.595904988620905,30
65.64285714285714,171.9516938899849,20.9188148714242,73.85604603994956,8.568655421593455,30
65.71428571428571,179.5908294542396,23.170131932295817,79.42716669799492,9.082439989595201,30
65.78571428571428,185.7338847081731,22.77629304765725,84.79922870937807,9.782094652830478,30
65.85714285714285,172.52658078298177,23.665403550360153,79.42210410461344,10.625820844653877,30
65.92857142857143,169.29101531326063,22.35342919483149,78.84844932940513,11.098197422459329,30
66.0,180.33284652622987,22.894424646763706,80.32805970318303,11.172259743905283,30
66.07142857142857,175.10258107730343,25.771223589138923,79.74347148745359,13.306795590806642,30
66.14285714285714,185.31651541741815,24.310834239805025,82.04469553491965,14.565166872847355,30
66.21428571428571,183.73633953615584,27.076440048692415,83.80223623952176,15.089750701139804,30
66.28571428571428,197.96164338695434,26.453697099830546,88.94060672634241,13.597791299601981,30
66.35714285714285,185.01680396117786,25.49997457758009,85.29152381607315,13.867204543495045,30
66.42857142857143,203.20401778084926,24.721434815746946,92.79893205305025,13.134522503635395,30
66.5,190.24575511455748,27.64425605257902,85.21249768806297,12.787467499571306,30
66.57142857142857,169.31738873172412,23.39599151322677,74.1655966769778,11.211143547072908,30
66.64285714285714,147.77167095367565,22.980063555281355,69.75959630258424,12.048988823132943,30
66.71428571428571,137.421378559837,22.270945425530734,66.94325546558049,11.858348948412246,30
66.78571428571428,143.36028553272473,22.332000396648663,68.52218287369305,11.057778956454076,30
66.85714285714285,156.44621369395142,20.889959064054718,76.03394592690644,11.72736225188817,30
66.92857142857143,176.0341803846471,19.425088649215066,79.63239900282939,10.943619458623779,30
67.0,169.2812540070771,21.594248920025564,79.21226735635703,11.042093098186882,30
67.07142857142857,176.78403544372313,21.720881408270635,86.307760105563,11.205002781993326,30
67.14285714285714,186.2845425159524,24.15777974509898,86.01030694834301,13.297306384455744,30
67.21428571428571,152.49416071428806,19.99460662751975,75.15876264157001,13.749710194521287,30
67.28571428571428,175.957116793205,28.03846955360973,86.72179007525047,16.120836947943,30
67.35714285714285,173.94695427978453,22.00552082482265,84.09631133515258,15.862947575003947,30
67.42857142857143,187.2692191174682,26.731838425187952,89.69117175123732,13.173625005973827,30
67.5,174.3520492501441,24.35291516274562,84.5585667109692,14.0498664016161,30
67.57142857142857,161.80000543566672,25.636160771419473,80.72154965629557,15.18355378379979,30
67.64285714285714,163.90620130921033,24.309133964545506,81.33274101581515,13.985016503263738,30
67.71428571428571,175.54963219737678,24.36878516290848,84.14936306468422,11.955788303105953,30
67.78571428571428,181.06448339831985,22.833338431834267,84.76977287591147,11.083447645997925,30
67.85714285714285,169.18536354918098,20.200055540740678,77.00743484695849,10.233984616262878,30
67.92857142857143,155.67674463895668,17.897985980019723,72.24606576531461,8.29330238163837,30
68.0,165.78500038605682,19.293178770862042,71.1762716074251,7.648191435795226,30
68.07142857142857,156.57683199088694,21.58487868867441,67.36527736000673,7.856395574798081,30
68.14285714285714,175.43476637969707,23.942109739074773,74.1574809500342,9.598963403781639,30
68.21428571428571,192.46623823135502,25.321548766728522,81.9113320257966,10.378101398813824,30
68.28571428571428,191.6751167236305,26.231247250920262,81.50088966664613,10.30294177179915,30
68.35714285714285,190.63317041463424,24.459788282055417,79.74415783294401,8.875010584952063,30
68.42857142857143,174.92359736065427,21.012655808175367,74.985240692179,8.96435857365588,30
68.5,170.17866443291624,21.07537583073944,74.66804646851931,11.775484647383896,30
68.57142857142857,168.5365692469929,22.50961524104926,78.04442168820911,12.586761945204085,30
68.64285714285714,193.7198762689179,21.95039189247391,84.32618527846965,11.787736060923132,30
68.71428571428571,183.68984981256654,25.66898772990048,81.6223993455667,11.04267097718448,30
68.78571428571428,186.75759304761138,24.30318343562888,78.99066945971887,10.784944901017619,30
68.85714285714285,181.84390290693614,25.364409851031834,83.55179606006713,11.134506657241767,30
68.92857142857143,193.3442966774004,27.487260126638308,86.6884617609893,11.28836917377619,30
69.0,189.68100698271377,25.425720694681583,86.49887172965634,11.994714416766392,30
69.07142857142857,193.42315151415278,23.618542469732365,87.92657758101562,11.251426397279454,30
69.14285714285714,200.25924339935042,26.91186730485873,87.36465628132396,11.271754794565558,30
69.21428571428571,220.91291153359677,29.02907701781071,92.11331825802243,11.032294846513368,30
69.28571428571428,199.7338577849002,26.5880196121606,85.53655177207598,11.182222113450504,30
69.35714285714285,198.40987775097585,24.667753677578148,87.4814012775079,10.124429474540989,30
69.42857142857143,166.764292658338,21.640451395708915,74.92927424298341,8.34479952240196,30
69.5,159.2534313594269,24.695390936015716,66.0464504362525,7.685932029534405,30
69.57142857142857,150.3447176510622,24.388199125626112,67.43567071904914,10.461848882835756,30
69.64285714285714,144.37479003581078,20.382096520771363,66.02409213888292,9.724219527887803,30
69.71428571428571,141.44877931262613,15.237014579439032,66.17673695708994,7.898705329140558,30
69.78571428571428,167.04552424900976,21.14522450523399,69.87645545885958,6.366109041524132,30
69.85714285714285,174.17451123311764,22.292662052303932,81.32808838856211,8.05949635563656,30
69.92857142857143,176.81349820331397,28.459890098072048,83.96792597239592,9.893904857797455,30
70.0,182.53773768761812,23.717480556203398,83.3053206985501,8.494726351092243,30
70.07142857142857,174.95862185635653,25.202316349521904,73.37190899569184,8.446438411503964,30
70.14285714285714,171.4382021697891,24.656020843464663,72.20808720699813,8.819979478938196,30
70.21428571428571,185.3778820314218,21.249457340854793,77.55465893906319,7.4060802708067435,30
70.28571428571428,184.27973266618199,18.35050247063046,81.5534299309909,8.99152990750116,30
70.35714285714285,176.04898019187854,19.19062306984858,79.95636218814789,11.910255587171973,30
70.42857142857143,180.1943661107231,21.76896272255515,84.77962269179577,14.20029701803001,30
70.5,159.91410138577194,24.30788418287484,75.9512785768474,15.879726082739262,30
70.57142857142857,151.39082983238725,24.215334332066742,73.11024849987179,14.484714054628707,30
70.64285714285714,160.74016285943497,22.30853549103678,74.59952423313678,14.058522412925038,30
70.71428571428571,173.804123583051,19.51846850442502,69.10459270918082,8.96398796614604,30
70.78571428571428,145.02755234202928,19.8096185807166,67.44586198721365,9.311931582258419,30
70.85714285714285,171.96982448539583,24.13317515097088,74.23239616429488,9.298116933725876,30
70.92857142857143,166.75876383447107,20.744609914276072,72.92921004029763,8.565797719487884,30
71.0,162.10647433538605,23.69264246852015,69.49157033235207,10.255900469045956,30
71.07142857142857,175.91220696190203,27.08750240973489,79.33395065613848,11.083761528873142,30
71.14285714285714,162.59928273236486,22.464344250217678,81.17526731198764,10.992023530067755,30
71.21428571428571,185.52478024368733,21.3387013614625,88.80691493169637,10.39342289573524,30
71.28571428571428,181.5813384584819,20.510097784325882,91.82208816225229,11.175589883320372,30
71.35714285714285,205.91235022200163,23.349484921873096,96.60356710763959,12.1366804839793,30
71.42857142857143,202.0260901423384,21.22280664085248,105.14943038406585,13.761185868594351,30
71.5,175.21578129930882,24.206263109408656,104.40896430971574,19.836060014161706,30
71.57142857142857,186.27294504935398,25.70830080303913,101.01374542520183,17.843537091518826,30
71.64285714285714,186.15612194176114,23.903083794352554,89.45794156307556,13.644980086484669,30
71.71428571428571,179.1673266393477,27.58936832164073,83.45795919701796,13.626569948052301,30
71.78571428571428,177.48787732586166,26.175109190894823,77.9388478526536,11.724506568018063,30
71.85714285714285,172.25719644014598,23.729172494063032,76.97310024051801,11.425062721019591,30
71.92857142857143,173.4735030717349,20.993003264577435,80.91698587623655,10.804239697972926,30
72.0,164.9546274210188,20.59352211052532,77.04842946893415,10.94856210613766,30
72.07142857142857,162.22088810891012,22.674326513119237,73.94875458047794,10.903813158485777,30
72.14285714285714,175.12732329678323,19.88899984151166,79.69999414665608,9.989974194847697,30
72.21428571428571,179.17631553847514,19.721956895982544,84.00542340640789,10.918747256816106,30
72.28571428571428,168.4064918655209,21.822560953834056,78.3171624754471,10.980442124275267,30
72.35714285714285,187.88848255747567,22.74626160492047,84.40823640629279,9.747264803305468,30
72.42857142857143,186.12024813778245,22.838648268218375,84.15706974306447,10.085625165621094,30
72.5,194.67454151286395,22.219806165010098,87.39820111312541,10.18095909691613,30
72.57142857142857,192.94828378800426,20.675133974664767,90.17967559275544,10.994415345036582,30
72.64285714285714,183.31518972557876,21.713453947899602,83.61607681013444,10.743186702123788,30
72.71428571428571,187.10974552346465,22.17191923455613,84.53543035017533,10.596685557896723,30
72.78571428571428,189.83226464666885,23.273296398297138,88.10334723287143,11.979515602601467,30
72.85714285714285,162.074553228515,21.5533856052022,73.44065906454185,12.181293085415517,30
72.92857142857143,191.528889924325,22.926466829625443,87.50263003721356,13.052667638655796,30
73.0,202.41876514649476,24.13376358147581,89.17741589315452,13.056872334793292,30
73.07142857142857,218.19738660281865,23.000461667084362,92.36327077426871,10.328575362692042,30
73.14285714285714,204.36272962104272,23.32247714771675,87.47600055911255,10.023990554230364,30
73.21428571428571,204.70813338391807,21.112882512219844,87.43229121656644,8.957637199388103,30
73.28571428571428,175.1384126904736,20.52713888908192,74.79053761327305,8.185934156477972,30
73.35714285714285,165.95923470130666,18.35457351432646,72.49338979357339,9.193064138523255,30
73.42857142857143,164.30004299155115,18.365376056543425,77.89287758537387,9.933500782218468,30
73.5,174.41566537306892,21.691578763146737,82.46462209998073,12.406713554330729,30
73.57142857142857,183.27007732375714,23.0115913114142,84.3090260774222,12.737571033057755,30
73.64285714285714,183.49387141935028,22.282324995736516,86.89586748062771,13.388752279578322,30
73.71428571428571,183.07553700898563,27.80433017791558,90.22409441784349,15.43397159241442,30
73.78571428571428,180.24470447773538,23.453921452581216,86.21927259931697,14.692933837684501,30
73.85714285714285,162.04456880544544,23.536736219321735,78.36464211042104,14.840708157401691,30
73.92857142857143,161.57682636771366,22.39427525907176,76.05887008282224,14.041764106269625,30
74.0,165.99747781715504,22.020621189064432,75.38223174008111,12.64196260192589,30
74.07142857142857,174.0828336175142,23.185650967033347,79.92373508350393,11.55692831759439,30
74.14285714285714,167.4031801125056,25.557584601095105,73.5600806427634,10.10564045107347,30
74.21428571428571,182.79504125303043,27.96990541616261,77.15105683291681,10.760554719710388,30
74.28571428571428,169.2799664945591,25.971799796863998,72.8448903325847,11.490638070111883,30
74.35714285714285,170.60958299247116,24.003686763199628,77.47932726008882,11.82071330810734,30
74.42857142857143,149.7012280536138,23.474221006085234,70.48903267862072,10.991339761620836,30
74.5,154.42995634723445,27.90660113026678,69.1804559010377,11.308817477218298,30
74.57142857142857,149.69041431668933,29.640802888980563,68.65596874730804,12.14341171989748,30
74.64285714285714,142.76534621704354,29.203042973175478,67.6030829243558,12.236270280100891,30
74.71428571428571,138.8862801992925,25.529221950750223,64.60556353475677,11.88663503431911,30
74.78571428571428,154.51069487709506,24.197111412825013,73.72455413517413,10.877064601877459,30
74.85714285714285,165.1227021093127,23.370262715719953,78.09568808212234,10.543496741994822,30
74.92857142857143,168.97080558502225,23.07503696324856,81.45979483316765,10.706383669630195,30
75.0,178.11723612524517,23.285232011465393,84.89004558967812,10.1293507057152,30
75.07142857142857,179.62341013309884,26.754744986378,86.27359497179631,9.94584723572157,30
75.14285714285714,186.0578816672781,26.803844775932127,89.48101791223178,11.034634978041707,30
75.21428571428571,181.62449945509695,24.3643785728173,92.38457270039073,11.624566049031756,30
75.28571428571428,184.41861427984938,24.756596935003937,93.67793311941908,11.67888908577325,30
75.35714285714285,191.40216670463903,25.218147007230264,95.80740487508129,12.290836039001658,30
75.42857142857143,178.04581668581167,21.916051939815784,88.92599648084915,11.327569002238445,30
75.5,198.42214590055787,28.778621165902656,89.98935624437894,11.026946817928023,30
75.57142857142857,185.21055354817665,23.185925804749644,83.11259150788821,8.33123540741668,30
75.64285714285714,192.6783998303423,26.138692515626733,90.03462751185144,10.222925239437778,30
75.71428571428571,200.55626872543485,28.22346475230887,94.77944814615029,11.740087608721222,30
75.78571428571428,199.4463548855241,22.658913520831916,93.22696447601527,11.185888042391126,30
75.85714285714285,198.9692908108468,30.429488613412815,96.41764084302557,13.556949195559163,30
75.92857142857143,203.0066451583561,29.495063608181287,100.23864128629752,12.853203832439124,30
76.0,208.61254224217063,26.15179088096803,101.48520388120673,12.255303931147079,30
76.07142857142857,201.0963051367006,24.736959544761067,98.78786948841588,12.463977777141261,30
76.14285714285714,190.33280232251198,24.662469483149785,93.30630452513984,12.419155379983115,30
76.21428571428571,190.20748537182484,24.51460799422034,84.84976221441568,10.581208775724397,30
76.28571428571428,181.75188798357289,26.313286483360706,82.0470549184059,11.054389482774429,30
76.35714285714285,173.6779488822358,22.73265453049834,71.75777544270983,9.561419817784328,30
76.42857142857143,177.62608986109748,22.456046437698234,74.06201910283198,10.2100843536941,30
76.5,162.57270567712092,22.932151004742146,70.2782576470864,11.14692987982278,30
76.57142857142857,180.84319692668487,22.07638605665987,79.57341657467997,10.009601072669506,30
76.64285714285714,188.9708036713081,22.798886166875384,82.20970219787439,9.800324638818651,30
76.71428571428571,182.66150998453907,22.91740367096851,79.5570446050197,9.861727975206168,30
76.78571428571428,184.3762704628294,23.4979361781208,80.81803865254575,9.27965198109295,30
76.85714285714285,172.75066229161152,23.409550116949497,75.69517975717801,9.202294221362827,30
76.92857142857143,168.44990531302824,24.592298770445026,77.31537659444966,10.749074011278932,30
77.0,175.46902250465732,26.34107107345511,82.76712413045927,11.453355412798434,30
77.07142857142857,178.37078793518882,27.34360278018906,80.82685785275405,11.789423959781923,30
77.14285714285714,180.70333800339478,30.11822777447234,79.88094287780415,12.592730823345901,30
77.21428571428571,178.87034659497067,29.75643154297015,77.39705297576167,11.158973246078228,30
77.28571428571428,188.3685344543923,25.889628701404487,79.00828647112395,9.240470668245516,30
77.35714285714285,178.819186374,22.883440342456055,76.62086045520172,9.648536586048994,30
77.42857142857143,169.91321999897184,23.46825393996105,75.16704742253461,11.639682065919608,30
77.5,148.12197577850463,22.09981669367296,66.95655310531005,12.501992542516172,30
77.57142857142857,177.03427239991947,27.809536247474615,78.17637265913595,13.01713991808134,30
77.64285714285714,182.42800324394935,28.148808469456554,78.15396488616678,13.888592181486587,30
77.71428571428571,200.42505557826428,22.276728415908483,90.82651854014395,12.948831434753004,30
77.78571428571428,199.32467987348974,22.92265296752285,89.99024266323427,13.875414204590198,30
77.85714285714285,191.59348029498472,24.203188901696485,86.9325457012256,13.738465829080655,30
77.92857142857143,174.76356567543144,25.362655708659585,83.74895954003242,13.876436134071918,30
78.0,190.9023862848933,24.137241651548806,86.95443041979195,10.948594033389051,30
78.07142857142857,179.0534462087502,23.098226594839527,77.4604932962937,10.261186929542344,30
78.14285714285714,197.56919738637598,25.24335191852557,84.63927239345674,9.356201984309802,30
78.21428571428571,190.17301607029341,24.847104053202898,86.25694652371449,10.036960675232924,30
78.28571428571428,192.63948811158807,29.73617341142781,84.62252514853954,12.694947666963753,30
78.35714285714285,187.57940161238176,28.40024783068935,84.315609597939,12.238486574176596,30
78.42857142857143,179.5399869461006,25.278365950747034,82.8078198100031,12.370518891440517,30
78.5,180.89948028614313,26.252236734740954,82.67642571797178,12.800117538117117,30
78.57142857142857,187.22224788591927,23.478762974190754,85.00768047440808,12.340451478603002,30
78.64285714285714,194.84087379132745,23.71172651519665,90.74493693566147,13.246464859041481,30
78.71428571428571,208.94844523967262,23.726246390392998,96.22980619513102,12.552510510869666,30
78.78571428571428,196.63468612747278,23.402813452719684,98.97346198969122,14.525525481247795,30
78.85714285714285,197.02476434225304,23.59863982875207,97.75142839943169,13.628129344116445,30
78.92857142857143,181.76099036451558,24.18669163972058,94.17249465834992,12.829096386717614,30
79.0,194.81802647702852,25.521260288127493,87.95927483593734,10.816473277303858,30
79.07142857142857,180.9510639847989,25.80821574592386,86.61009850105131,10.035251808915305,30
79.14285714285714,192.76621768273404,23.19215414734182,83.44991768180272,9.050513920721773,30
79.21428571428571,174.09050082915294,20.007228050736675,82.58871635107444,8.713863175807024,30
79.28571428571428,174.1778803530001,19.03091895069292,81.64674539431836,9.874106761641245,30
79.35714285714285,176.61354974207342,21.929469920104143,85.24638622840892,10.394769993974403,30
79.42857142857143,185.44542147790563,24.281229658098603,85.06987710681796,11.86070050459677,30
79.5,170.58391350067131,21.046944493769313,83.98852133903245,12.545372171949465,30
79.57142857142857,147.60539831091856,24.248117496015734,76.16502862970015,15.153407576478868,30
79.64285714285714,169.7356747629725,21.581354716417135,85.46712371100607,14.032210521643469,30
79.71428571428571,167.40960775246532,22.185636767598385,80.21468993060692,13.265275681718826,30
79.78571428571428,184.3113125769782,23.031173480165492,82.11589746772012,13.202363046968268,30
79.85714285714285,186.37156155696456,23.330135719062692,89.48917681606638,12.927217311206347,30
79.92857142857143,200.401192545738,24.97938991343933,85.1036172412998,10.469853319361324,30
80.0,174.0788828745004,23.613923433440068,75.6486304315652,8.402751124470038,30
80.07142857142857,174.88740100052442,20.086280357016218,81.83201227112814,10.020886026011555,30
80.14285714285714,163.50765884718683,19.460828002807933,76.9638259225437,10.033077184197882,30
80.21428571428571,177.42531571675087,26.40356779944113,74.85161541443917,10.288879131757136,30
80.28571428571428,163.4202971552675,21.552836656597897,71.44814374686253,8.345523876835227,30
80.35714285714285,163.92943514146282,19.141596974485783,71.28640105129513,7.302576731621941,30
80.42857142857143,170.24779411606,19.774999248711307,72.7503141729463,7.574495920943133,30
80.5,165.48825144703716,20.94967010980095,69.73850747050321,9.337589700324648,30
80.57142857142857,161.43855976926773,25.426338332173835,71.60134899493912,11.49412749705946,30
80.64285714285714,152.292022034808,17.469655908204114,63.70634773944539,8.530429167359605,30
80.71428571428571,143.88338338400143,21.2785811905344,56.28140483574522,7.187557719001209,30
80.78571428571428,156.2883003317607,19.78710375373374,65.91662362190482,8.046592914627592,30
80.85714285714285,164.40560802859738,20.493535308428754,69.37329943220752,7.99576307190945,30
80.92857142857143,176.80272782430518,25.30944798333781,72.22356100910893,7.600573835866863,30
81.0,156.09311559883102,20.975121279227537,67.61138452037916,7.000083560262458,30
81.07142857142857,129.397248819566,16.764305463289922,58.811813371031086,6.199277785335547,30
81.14285714285714,130.3291934185736,23.045069142794926,57.62920909878907,8.202661304243502,30
81.21428571428571,141.47941391978048,20.993675015864635,67.09181423582041,9.765011021460321,30
81.28571428571428,157.97798629911804,22.132101509207917,80.26016199448857,14.030088972744599,30
81.35714285714285,182.94312351916042,22.826989054022345,90.8226981280293,14.827463262619611,30
81.42857142857143,186.98249436162223,22.410405223620153,91.74507814379666,14.440463828408205,30
81.5,161.30707930112814,22.889743921874157,77.84662614621644,14.318474050292204,30
81.57142857142857,162.828650632771,21.862869012780653,76.59431859800212,13.468622832480673,30
81.64285714285714,163.1830451797917,18.70303085648036,73.74891876629171,11.854352538448504,30
81.71428571428571,157.11394899919335,19.633926439331052,68.42708485786156,11.518678473731752,30
81.78571428571428,147.251910551,19.695163061152257,65.46987905862575,11.655553855707558,30
81.85714285714285,139.73098180148867,17.139835808807575,60.90341127580291,8.556605791881845,30
81.92857142857143,137.3753865727821,21.72342120863063,60.306694547933574,8.108425437344842,30
82.0,144.18527694823695,17.903813107553393,61.06724095909956,6.827683988334907,30
82.07142857142857,126.93311892902494,17.148112892981988,56.34788514515959,8.96269441208012,30
82.14285714285714,136.1793575349507,18.611968270909156,58.80927225000576,8.389659626822015,30
82.21428571428571,134.45371074364485,18.46384201915511,60.346160958594716,9.65883604984787,30
82.28571428571428,155.46873589894992,16.346654088691693,71.66978474870213,11.111219636895989,30
82.35714285714285,172.2304503084261,18.28191363336979,77.10958937897561,11.743963518750832,30
82.42857142857143,161.71572658470794,19.48308194164242,73.96442491944579,11.682043088033874,30
82.5,144.14842728308034,19.869682552026116,64.81876534246048,11.053436797721435,30
82.57142857142857,168.2603801463809,23.21414949604754,72.43877784360701,11.549641499266922,30
82.64285714285714,174.28513985667243,25.033967874451253,66.52620988683599,9.501972322187832,30
82.71428571428571,156.69796591800917,22.150620166544837,69.58146805081566,14.585194931578428,30
82.78571428571428,143.69259614419832,20.046100645380108,65.67771269280493,12.35256782064022,30
82.85714285714285,145.13020938375163,20.081890389031255,67.06995436300448,11.06922469491707,30
82.92857142857143,152.33195442872952,21.137719542566657,66.3863302771857,9.476511286258296,30
83.0,160.59208052076949,21.778513514068987,66.6860955321176,8.82646444419236,30
83.07142857142857,161.89649090973444,25.985616001258737,65.40329091507547,9.331716034984698,30
83.14285714285714,184.5147603942871,26.716746512440988,67.81590394510283,8.95086413007454,30
83.21428571428571,175.57532318534388,26.256287469390156,66.42719720772514,8.487720450908617,30
83.28571428571428,157.36541715108822,26.053697620684652,63.055397462546125,8.245242909607557,30
83.35714285714285,149.3832480815766,23.516168069749305,60.04684911256867,8.011261513395736,30
83.42857142857143,152.1456098516054,19.851473800744937,65.35532157113215,7.807610937882247,30
83.5,159.34159681271018,22.47850007195356,70.92040594992969,9.288479254267614,30
83.57142857142857,185.54738969778126,25.133116779069088,76.97338644631988,9.332996097162784,30
83.64285714285714,183.18421851395934,26.922251293392286,77.84276487883619,9.539597358465501,30
83.71428571428571,175.10681173589268,29.18306085199593,75.42241281730281,9.427195600296269,30
83.78571428571428,158.9560499587747,26.114781433081944,65.75442702397552,8.333640936191477,30
83.85714285714285,133.19726363326012,20.712714689187603,56.53463840043331,8.464934621470181,30
83.92857142857143,108.45721244541195,16.112901939829577,52.266481850496525,8.953114456007375,30
84.0,128.85466386034122,27.325697923016893,59.728428133892805,12.048975426706614,30
84.07142857142857,163.90978399804806,30.64933035754585,67.16462663094423,12.081230823258446,30
84.14285714285714,138.32976669361216,30.26138216711823,62.46704316010872,12.74780401427608,30
84.21428571428571,151.7549079794924,27.649840628249304,63.27902911640129,10.305307832256835,30
84.28571428571428,141.0839865709586,23.31360942944497,59.11316984096882,8.008443435636302,30
84.35714285714285,140.83699625849,19.907588814624525,58.38422308726322,7.465293127492836,30
84.42857142857143,129.344203621888,19.858013351569547,55.321794517268366,7.1909957069921,30
84.5,138.85994873836495,20.120113714185724,62.87880590283265,8.224464481113403,30
84.57142857142857,157.33722687854134,21.196266532223227,66.1527241484378,8.272804314834081,30
84.64285714285714,152.92648592077424,21.138353144448722,66.42469980480014,8.981296765622387,30
84.71428571428571,165.7310246672053,25.297382756973946,71.03765703405452,10.349528766444976,30
84.78571428571428,179.16487406363424,27.134333019691297,77.16803181576094,11.14538572468094,30
84.85714285714285,165.5853290182053,26.9455767412113,79.1066680333936,13.039750847011112,30
84.92857142857143,156.89276647325084,26.957994780538026,78.27949711918406,14.313730572920395,30
85.0,167.795108734371,26.167641429547963,81.60215568304822,14.315601685421361,30
85.07142857142857,189.53028539443713,25.205000018438223,81.26769154517356,12.335388763231819,30
85.14285714285714,186.90519701795046,25.211562004213896,81.28182116267583,12.167380085882408,30
85.21428571428571,184.45525079401327,25.184917201209316,78.47978036037988,10.657684818926658,30
85.28571428571428,185.09952461677395,29.801222169618086,76.23512530878237,11.676668071055659,30
85.35714285714285,175.66705735389482,32.32220196865814,71.55135761666092,12.45271736825227,30
85.42857142857143,170.10502790629013,29.790014592481516,71.05764979936464,11.655572908527002,30
85.5,176.86341828947914,27.642314046638546,74.05888898963588,10.499989200952585,30
85.57142857142857,189.63283333823156,25.53793537112823,76.957165179148,8.93952164589293,30
85.64285714285714,176.66845927653503,21.74285116005056,70.92481319680051,7.1560928934118815,30
85.71428571428571,163.97163198333763,22.290895396938595,66.38189226969816,7.263019189565969,30
85.78571428571428,153.3771531866279,25.12936429289595,62.83635172829221,8.93821662370104,30
85.85714285714285,156.94487785170188,24.69753255896413,63.70551185042032,8.596041652582386,30
85.92857142857143,165.89242000586813,24.732202881362035,67.13636088026605,9.218481456042284,30
86.0,176.51204682568462,28.933845571955217,71.35424138543853,9.994635788214719,30
86.07142857142857,184.70469529915974,29.819019193424687,75.90138692900629,10.807786498105703,30
86.14285714285714,197.52573994230238,34.70682146141569,79.56244413789155,12.125958163020934,30
86.21428571428571,181.66345638929775,27.466293463851866,65.16970834458269,9.073695476822824,30
86.28571428571428,170.7026158367676,24.54266109970544,70.1525582302158,8.940868199134599,30
86.35714285714285,161.98633185969413,26.213610767948786,61.05497537391785,7.6735669767580035,30
86.42857142857143,154.6661924654537,23.085187450240817,63.66901599371646,7.7163129590181025,30
86.5,154.23495054795373,23.275709911339856,65.19467219761712,9.249654069835014,30
86.57142857142857,146.1510605716169,21.908743119161485,61.85715289755615,9.440979936866308,30
86.64285714285714,152.40144608620392,21.26173676902595,63.4620578403943,9.005744190220376,30
86.71428571428571,150.99955901507653,19.989687154235423,62.84255756949697,9.097654480261001,30
86.78571428571428,158.59909926859004,21.956121281067617,62.09227741399085,10.250657423099362,30
86.85714285714285,154.03968461120382,19.47825776176195,63.88587603426189,9.352600983465614,30
86.92857142857143,140.97597408446987,19.714723794206087,57.93488976889681,8.435307294715688,30
87.0,150.70001721001935,24.113326940626308,56.956765660238425,8.128575544756218,30
87.07142857142857,152.46848698375183,22.742852766101603,64.236657638151,8.214609032016671,30
87.14285714285714,174.98154484856988,22.688412083383156,71.83546575180222,8.461899046836889,30
87.21428571428571,144.9281064880163,17.408128898743858,64.50041520982998,8.46903239569662,30
87.28571428571428,151.72227117933656,15.008447941597854,65.53817601226707,6.59334163412507,30
87.35714285714285,154.57655575532695,16.836614443696234,64.6670682041394,8.160442408665332,30
87.42857142857143,157.52667100578063,17.670316596464954,69.75303959344964,7.623940566482395,30
87.5,164.55478436201858,18.67720022326675,73.840776133076,9.000085126745413,30
87.57142857142857,165.43936789431905,19.366275529845485,73.80668326681679,9.183122685415558,30
87.64285714285714,155.3456750595537,21.289557313680568,70.98558865133063,10.358906577616347,30
87.71428571428571,157.96883832100445,21.5031388918607,69.40222191489391,8.763374156550052,30
87.78571428571428,144.9725625386018,20.36114950865651,61.407044404026195,7.1007275335956335,30
87.85714285714285,143.26342299654277,22.67891526128378,59.54432458028932,7.465128358253082,30
87.92857142857143,136.75383739659043,24.84395997108943,62.150162487038386,8.564499028024086,30
88.0,141.22231853753746,27.212049313396914,55.53129785324035,8.234158687716485,30
88.07142857142857,170.7622214563948,27.370388172637863,75.43778854390439,11.889997791117867,30
88.14285714285714,159.62586579448515,27.09294595134286,78.97263622558016,13.338129415104643,30
88.21428571428571,180.93757352913522,26.53514542457067,82.22620647176475,12.058850194316683,30
88.28571428571428,151.19410504413193,23.498096168933394,71.65796418206735,12.294324040084485,30
88.35714285714285,161.26534440903436,24.397201445078792,73.29852360240591,11.821789990924355,30
88.42857142857143,155.1742995130884,24.823807453945506,72.35442368332232,12.465441341618131,30
88.5,146.25688548967662,20.139567673377144,70.11860015928302,12.033204843079268,30
88.57142857142857,143.07660679091566,19.76578282331136,68.058922864958,10.601121345961301,30
88.64285714285714,149.50485998226034,19.983168032354754,68.10192315906978,8.365079296032757,30
88.71428571428571,139.51677768488364,18.707683989556852,62.71722838989312,7.496989524435616,30
88.78571428571428,149.93497517916958,17.719730103792667,65.45680892054011,6.548898743782017,30
88.85714285714285,138.20040004621794,20.180976360481317,61.852953321341964,8.52572099796981,30
88.92857142857143,138.82031337114643,18.521018913960983,64.47924142956195,7.832195725374622,30
89.0,112.94980471241725,13.979568463430132,58.74009884870796,8.539322268539568,30
89.07142857142857,137.21924526412423,16.3827249962877,66.4917323407315,8.947716117094934,30
89.14285714285714,139.3615906576329,18.05805457510566,67.01830433114645,8.617644036671772,30
89.21428571428571,148.18832723973387,20.27054269198402,69.32376390969013,9.280602504340504,30
89.28571428571428,159.51006904355214,23.130954642387827,67.73651180533868,9.121975932228809,30
89.35714285714285,170.16787326770304,23.79821015901326,76.45226365769354,10.657775635454186,30
89.42857142857143,171.3397267470804,24.14971402748276,76.94077576925808,10.916798239585345,30
89.5,167.65831333154443,22.143738900893407,74.93554833808223,9.843275342786406,30
89.57142857142857,161.3708441372331,18.91564736541551,70.67040799754851,7.342971115469966,30
89.64285714285714,141.42413165999236,17.20944970781677,66.47673433018251,9.338637282438574,30
89.71428571428571,154.87299086076456,18.20711197542142,72.0971189410907,10.025255012348374,30
89.78571428571428,165.17359310755262,17.834101420352358,73.78383696856231,7.739459103439037,30
89.85714285714285,169.3040010529841,18.72405197170387,75.420432495752,7.805999083142455,30
89.92857142857143,149.26084697377826,19.259650628027636,67.24031809182547,7.843334417083688,30
90.0,151.7014302572016,19.18692730168065,66.16708918533658,7.375017862344064,30
90.07142857142857,145.69832185618083,21.10954395140765,65.10328940299972,9.08543843858558,30
90.14285714285714,182.62666267042826,25.549391350109335,77.77933875553116,8.364994557125671,30
90.21428571428572,165.02169640828205,20.301851345389785,69.98040325721117,7.973156316322396,30
90.28571428571428,142.4988503014562,17.025089948790082,64.79820943363764,8.474539800213424,30
90.35714285714285,137.37679850594836,20.402327803303162,64.32647297159095,10.417756285009593,30
90.42857142857144,126.71347923377458,18.419254794750195,57.968870363095895,8.834705717504821,30
90.5,135.76056667387377,17.948773015635606,56.556028427703126,7.364465222926639,30
90.57142857142856,149.4794935190119,20.256946542170102,60.426147936078166,6.154434500117162,30
90.64285714285714,170.7497717883585,22.40429716196321,68.36769518624257,7.048156388802728,30
90.71428571428572,169.5994642877317,23.5351011412013,69.62831687663142,8.41399603184176,30
90.78571428571428,160.1423268244988,21.02372404115737,74.38248918650896,9.961080482346905,30
90.85714285714285,155.73045253226252,23.237515694396944,69.66581386283787,9.595501122609356,30
90.92857142857144,156.60279870106405,24.04841885259814,72.55160809388042,10.262711197189432,30
91.0,172.83814925605586,23.356122320398004,77.53972490673813,10.08182080103257,30
91.07142857142856,174.50093350304434,20.40922190651379,80.07266584237428,9.818553595942243,30
91.14285714285714,189.77177549877507,36.08294581394259,81.77348229302392,10.929227584309315,30
91.21428571428572,162.504868153999,29.07550740968993,73.91061022457737,10.297442509646556,30
91.28571428571428,168.17754264351024,24.1839344612458,72.33784834502191,8.596848256980913,30
91.35714285714285,151.17903176715961,22.04383009521933,64.63042240656495,8.185036234750163,30
91.42857142857142,158.1809883945032,21.886449718244343,66.58051485765976,7.54953168306792,30
91.5,154.08600513358545,23.07638912967517,64.51755228933928,7.143032261632551,30
91.57142857142856,135.3709923128829,20.151839812463862,54.93672891499097,5.906423441147005,30
91.64285714285714,162.36960800164346,21.24092328950025,64.54857009110822,6.598139821296345,30
91.71428571428572,158.41694009082116,20.999079039119323,62.322601745455486,6.053783033795139,30
91.78571428571428,152.7546797602475,22.315840111561215,63.32297145148263,7.842084501160504,30
91.85714285714285,166.1310263418539,23.972290741262032,66.73780555681653,7.8276746279708735,30
91.92857142857142,152.59498001939747,27.228187806053704,61.69038204425363,9.385806409560331,30
92.0,149.96770423531336,26.68861869525656,62.82758462024963,8.547232913428832,30
92.07142857142856,163.28530983348477,24.061580570419522,65.67990063038529,7.3497506013023,30
92.14285714285714,180.21736598112275,24.97086851474989,75.47818640204797,7.780148700557076,30
92.21428571428572,186.3786573671618,31.0612060740953,74.75281958607725,10.487500662244459,30
92.28571428571428,179.01616045157982,30.758649030724605,71.50285308407713,12.085206305760842,30
92.35714285714285,188.2489422837451,25.93910848432322,77.23022210058195,11.153880520739724,30
92.42857142857142,176.7859354390687,25.694639714553478,77.32558272382886,12.238805763824525,30
92.5,169.77180179441095,23.959599410373944,74.96302618678097,12.763157072047107,30
92.57142857142856,158.16226677317184,25.133420659554808,71.98682302071248,14.842167155574147,30
92.64285714285714,160.57205494871755,26.676880419937355,73.17509640980889,14.768263747129472,30
92.71428571428572,171.9946716835627,28.33480970744879,79.37237701755976,14.062644705695227,30
92.78571428571428,183.9590275416704,34.586032861251844,84.8598748500364,15.386837082305451,30
92.85714285714285,176.62890449101437,31.63840807010302,77.82584744797713,14.466677862814118,30
92.92857142857142,151.63613913466423,25.639494262452498,73.38766952885199,13.690068944966207,30
93.0,151.91772712333932,22.871275356273582,73.04465624200672,11.838565052071436,30
93.07142857142856,160.19050954743525,22.11133673378828,76.0531658547739,11.925079972540646,30
93.14285714285714,143.18940708989277,21.08270938565598,70.58473896260006,12.550022671918322,30
93.21428571428572,153.33586102010293,18.822700355443942,72.34921354508926,12.064164268492844,30
93.28571428571428,159.5039150814871,22.538256593741885,71.82906755570508,11.632603757942832,30
93.35714285714285,171.5995258566025,24.22156187358087,77.76127353982581,11.55168361507322,30
93.42857142857142,177.1093000227687,25.475498781815777,80.21395586412363,12.149700135998499,30
93.5,157.69544907429344,22.398384960876697,74.19599014713971,12.119516267845306,30
93.57142857142856,162.58126980806745,21.38544567940715,74.0498966699528,10.811112012885106,30
93.64285714285714,162.12984680232057,23.369402197921172,75.47200447077374,10.434125198286111,30
93.71428571428572,174.89250382425521,22.359333046301607,79.35769876188138,9.692712392216498,30
93.78571428571428,161.83344199542628,26.858864519173856,75.84336342071965,12.03147512149073,30
93.85714285714285,160.55387299982587,28.560076693701667,75.48944106335709,13.02079205772185,30
93.92857142857142,163.03385775811986,30.25815722343694,75.38544022739491,12.642872726527417,30
94.0,155.2847519211376,26.38389279679038,70.51464406494584,10.576218482421226,30
94.07142857142856,168.2004841406081,25.178099268845898,73.98517194634515,9.904230331762747,30
94.14285714285714,162.63255106870912,23.653757433246223,72.76442329247791,10.556498934041555,30
94.21428571428572,155.9348329836392,21.797361761360005,72.25450817870832,10.262988584924221,30
94.28571428571428,141.77231461947628,21.057305583680645,69.55858714084935,11.002034263361576,30
94.35714285714285,146.64968243686437,16.239237536315812,73.78594129817667,11.998064778684983,30
94.42857142857142,173.5119524129861,19.639593078744266,84.87354359001039,13.283733014311599,30
94.5,169.18530766959498,20.35943517408219,86.24824493400153,17.1092557662846,30
94.57142857142856,167.81543282959228,19.31729793361606,82.25282350279983,14.3820101427287,30
94.64285714285714,157.5282706287547,19.833566883604306,77.96394207050331,13.35015017508208,30
94.71428571428572,162.0266877205727,23.421882412363047,80.58406539918779,13.734703122202053,30
94.78571428571428,168.3159850588612,21.930162922105158,77.80081163002666,11.757293744927749,30
94.85714285714285,167.3848304451673,21.58384698743962,73.13062036824668,10.656545578706675,30
94.92857142857142,167.41096398687176,19.96496093886359,77.33243864747152,10.826345825776574,30
95.0,166.17898821400848,23.33764093180419,80.23424309238459,13.107380722089575,30
95.07142857142856,170.96959283946052,28.26974548062785,76.70665473051143,13.575475114661563,30
95.14285714285714,187.6998518652469,23.221194143310278,81.03705776544948,11.692843934524902,30
95.21428571428572,195.35587304547215,27.669384689414862,87.2158746832329,14.831247691979861,30
95.28571428571428,174.34436427236653,23.148646470139784,83.68693995781528,13.485405540122521,30
95.35714285714285,153.2357552405197,26.006952208736294,72.91817287150452,13.572248615809377,30
95.42857142857142,157.33682059229474,23.081911457369557,70.4714480155818,11.259355449829462,30
95.5,152.80763812493444,21.75724977065952,70.3419935344918,11.790260347819045,30
95.57142857142856,153.0796642073669,23.308179131723044,66.2204007635085,11.755262339286208,30
95.64285714285714,155.48969208681316,20.101328236022336,65.70072216555306,9.578597970479322,30
95.71428571428572,146.66768346146793,18.987692978681014,61.764935955475465,8.76396192050961,30
95.78571428571428,170.1139836928498,19.649851868876762,68.99416039306665,9.470875127534157,30
95.85714285714285,142.34902587182788,19.510526832579096,66.4908232181068,11.398767994346597,30
95.92857142857142,153.64189845285426,20.08702837448989,65.70758290946182,10.634958665690398,30
96.0,145.71907482682656,19.908518483830605,57.902614414017876,8.253346748264956,30
96.07142857142856,148.82257896312936,21.11856740117891,56.56939671070109,8.576802168095618,30
96.14285714285714,146.25814900998148,19.21796233849771,55.97246356930104,8.11428574417773,30
96.21428571428572,155.6119091838352,19.72986007389897,59.58093471050919,8.58318784780366,30
96.28571428571428,144.2214870686642,21.134410987187227,60.378501353648595,9.51449162002855,30
96.35714285714285,148.79223471138783,21.166296228054264,61.03633692389965,9.732112841703787,30
96.42857142857142,140.64818158719183,20.404296959643986,57.736737215285025,8.67048508990841,30
96.5,136.30245365850416,26.87191199732585,53.76864381093369,9.22102512776242,30
96.57142857142856,133.81931432280618,28.441884654942026,53.562922296240025,9.773880322202642,30
96.64285714285714,123.23055118783755,27.00454055136613,51.07887944502073,9.5749561600649,30
96.71428571428572,124.54606930162272,18.444951223913446,52.07055360952947,7.754298559181813,30
96.78571428571428,126.43515288014173,19.70703374310509,51.34235927502466,7.8254360047677025,30
96.85714285714285,153.6993887461879,19.65757100661462,61.61133740086606,7.896724718614016,30
96.92857142857142,160.9162162541684,19.481863656195433,65.10403563290666,7.689516784053092,30
97.0,157.87640529735572,20.891852964454415,65.71043124425474,7.658949621834487,30
97.07142857142856,151.98083471171827,19.254846510906447,64.87667560745332,8.824948995139163,30
97.14285714285714,147.43338230284542,20.859448668956823,70.21173561292322,13.78022803464562,30
97.21428571428572,154.60405181255445,22.805722407744003,72.02312602901596,14.44178670572038,30
97.28571428571428,158.19241905806956,22.055497348039857,77.06130527491108,15.273493105190745,30
97.35714285714285,154.70753754560766,23.270274514594075,72.32506955925058,15.22938543469402,30
97.42857142857142,157.82655025818278,25.635965022735316,72.0898534107634,15.40208432246731,30
97.5,148.34642939666767,24.47213438668423,69.68306319539194,16.53576229789278,30
97.57142857142856,151.34632971428078,22.988924366556933,70.07490679799224,15.067831624964741,30
97.64285714285714,175.80564786205204,25.851198228095026,78.92405374828412,15.178511639555705,30
97.71428571428572,186.6559007616202,25.889885247758244,84.77741876869966,13.734847322392234,30
97.78571428571428,183.3369316909718,24.421172537782546,85.64009601795675,12.722341794812271,30
97.85714285714285,188.9251531821013,25.326667210345317,80.74923323553988,12.26824938634757,30
97.92857142857142,180.3835964758664,24.446353209955973,85.78550397979464,13.100693125778694,30
98.0,168.0028798344542,27.013875748763944,73.11568644454948,13.0511896187037,30
98.07142857142856,156.23725235613372,28.005003463496013,75.33665448079348,13.942052794355027,30
98.14285714285714,180.57081292893812,30.242988026199395,80.57425738856489,13.450720362597208,30
98.21428571428572,185.2110713307534,33.447469195292186,82.59396210425827,13.99667963231421,30
98.28571428571428,187.37544195325248,31.415206867764226,85.27963545989815,13.851039464924016,30
98.35714285714285,177.5584015258248,23.8974719029547,84.36804978205234,13.266016123275014,30
98.42857142857142,179.46219747654757,24.192383070742885,84.46483659051903,13.245500097951425,30
98.5,168.80576636891274,21.20840994373458,81.48066800903811,12.375539592852704,30
98.57142857142856,154.1513706328463,20.657698725906965,78.62878923704419,13.688501006470412,30
98.64285714285714,158.98528988611204,26.037548415641226,79.47000844480043,14.724489825818326,30
98.71428571428572,155.0541158403183,28.8442278168385,76.816369603611,15.258985049271251,30
98.78571428571428,161.3402826086762,30.480139993767004,77.97611640675565,15.969288954917777,30
98.85714285714285,172.5711332607904,30.985627253968953,86.59521838693455,17.67094675292749,30
98.92857142857142,160.91486445435862,23.052596369497717,80.18292183370812,13.845878917365182,30
99.0,161.6451106329383,22.811711110101893,79.03838439658166,12.576120029205626,30
99.07142857142856,158.65827485813784,23.129402631144174,77.7561495465696,12.735388011026226,30
99.14285714285714,169.10827036588938,22.093280117320717,82.15765649206982,13.000654016522594,30
99.21428571428572,174.39037876853456,23.50623308760022,84.65045771541364,13.6349709721911,30
99.28571428571428,176.03314072086434,23.966490942345,77.9053957741889,13.492043906984243,30
99.35714285714285,181.79660756913728,26.032641312351007,76.3180994720793,13.774118603256063,30
99.42857142857142,157.36317729079659,23.204755198323912,69.17683551315113,13.591388577520926,30
99.5,147.36164016715065,25.061785693797766,74.80530333219544,15.545732258612672,30
99.57142857142856,131.2816401553679,18.944196367851312,66.3142754663186,11.801847880943834,30
99.64285714285714,143.83011244808063,22.371560310975724,66.2641151465231,11.991962542357179,30
99.71428571428572,144.40413819319966,21.01138591112304,61.45576858762954,9.548760511712457,30
99.78571428571428,131.65363017225587,18.914380297857477,65.9871642897702,10.442989963350907,30
99.85714285714285,159.4471141369834,20.948554566146708,75.13032023576663,10.170099476390728,30
99.92857142857142,158.40863630624733,22.16270476036992,70.66595381235435,10.422043706616329,30
100.0,138.74670914352475,20.58587526192129,67.57165643478622,10.467541771933702,30
100.07142857142856,118.03721635821574,18.85136310459084,59.744182917432276,10.978687929791688,30
100.14285714285714,117.8653666633539,18.59083395776335,56.72111954864671,10.17489343282797,30
100.21428571428572,141.7114137391038,24.12784361067622,67.01296867032246,11.378865015661615,30
100.28571428571428,175.12076215123537,23.7311083155027,82.21294498770233,11.160116696722518,30
100.35714285714285,185.52322748242864,26.83279211479369,86.22675732706495,11.684623788230827,30
100.42857142857142,171.03964556838693,25.779620510019008,79.55686938137745,11.57779582195093,30
100.5,150.054009764975,23.491438992128103,67.4271895548791,11.65919823973253,30
100.57142857142856,133.13786742190206,22.4855978337893,63.42207060459794,11.32586485781918,30
100.64285714285714,146.1898681079443,21.115538662331492,64.69220652225101,10.177793637876388,30
100.71428571428572,157.00326188182123,21.495331822637176,67.30367850773014,10.486009220074497,30
100.78571428571428,156.1566110058731,22.02598994022348,69.83931948355868,11.515912850319243,30
100.85714285714285,166.63625920830208,22.22905122051344,72.11652273852809,12.50009146081785,30
100.92857142857142,170.05918157944808,21.716629374720316,72.97977918987102,12.561458287583248,30
101.0,163.59679924593988,24.995317255844206,75.07042005482253,13.723826463754794,30
101.07142857142856,157.90015588003146,25.536299378932565,69.81727115346189,13.435563531656875,30
101.14285714285714,160.73717984055912,27.242385266867323,71.55804873903311,12.777842125110187,30
101.21428571428572,165.29731016523948,24.526631090833735,76.29778315258862,13.197024702276002,30
101.28571428571428,154.87858126478824,25.11498018846885,72.81839308518745,13.648643273536686,30
101.35714285714285,143.46980128308354,24.155581263551017,68.57098373360671,13.846112574815557,30
101.42857142857142,130.88887416552362,22.985161606636396,64.5498026000296,12.896908609225525,30
101.5,148.27133019969398,22.292054167895127,62.94518855484574,9.333388439762878,30
101.57142857142856,151.9414860182512,24.73164285286037,61.3126315640871,7.557127267228258,30
101.64285714285714,127.51879989879126,20.98576820310641,52.79098683098761,6.137354302496808,30
101.71428571428572,146.1872632489108,24.35986580297491,62.74891776873928,8.2139521097558,30
101.78571428571428,164.6951514160482,22.952471640122383,68.32896597941517,8.569141527430356,30
101.85714285714285,163.48144034817437,21.81933125117732,71.44879017398941,9.401726702547355,30
101.92857142857142,170.1805271364956,22.12058424866326,77.2179595141861,9.793568473093197,30
102.0,164.72006461819691,21.668238046856267,76.01137008324946,9.683802964085974,30
102.07142857142856,169.46132641681803,22.942947368874883,78.90313128926188,10.45933459093932,30
102.14285714285714,170.5040938489498,24.34923472421002,80.13938431972524,11.83762631613964,30
102.21428571428572,175.16687404944213,23.994052355689096,83.37482336108842,12.124440235460938,30
102.28571428571428,169.61422153062924,22.219799005914055,80.00562384669183,11.841129367115808,30
102.35714285714285,163.47137831871336,21.997962767576716,77.16728249985054,12.66486248549891,30
102.42857142857142,150.58005949555815,15.910341631784275,70.12507424035819,9.063549479832753,30
102.5,150.05107109294562,16.66422890259336,67.23356220869576,7.22802456184189,30
102.57142857142856,150.2936027471652,18.764757469877534,67.94568757403057,7.352988471731628,30
102.64285714285714,154.3644195214964,20.13951936374201,68.39692987359655,8.214793305728112,30
102.71428571428572,152.8541357038913,20.974218812710408,68.08739453029344,8.97545685988364,30
102.78571428571428,154.9669288581424,20.490760230285304,70.19944278076477,9.3135245787005,30
102.85714285714285,154.01992743065134,19.949678983089772,68.70983417290522,9.657467560373638,30
102.92857142857142,152.73681751814416,20.212121720078066,70.17906609747398,10.76651433275763,30
103.0,141.9507892440293,20.1362452484464,72.05105271590017,12.248022887537962,30
103.07142857142856,142.05573350737075,19.125881838219573,72.74878986554452,11.925827066373941,30
103.14285714285714,144.18755632326153,18.173872544588995,73.83224456097913,11.806921871834097,30
103.21428571428572,142.40396400643,17.583903697210488,73.84493112414415,12.135798364740191,30
103.28571428571428,143.69031340616965,17.951980169405626,71.27072255854348,11.421209288817598,30
103.35714285714285,144.10988850691405,18.82048457852066,67.84868208230486,10.78978054971279,30
103.42857142857142,169.89595290094496,24.03509457854803,77.33815137740295,12.85808904488382,30
103.5,175.73481784284363,20.720872474099767,81.51680679575041,10.849162151727974,30
103.57142857142856,161.47278537643254,23.444225183153247,79.1968880336791,13.20999055535607,30
103.64285714285714,178.1391188631524,24.755967887523944,79.12799766661898,11.9090231428009,30
103.71428571428572,170.68174731688336,21.10553798906058,73.64058969235415,10.263526650737438,30
103.78571428571428,154.2236757986623,19.706784799843835,67.61959801695401,9.453639266037001,30
103.85714285714285,168.93104475322946,22.242202460711482,67.67041757083443,8.435469345712091,30
103.92857142857142,159.4271772582222,22.2155314084906,62.097120808494495,7.580539379198772,30
104.0,159.4744162323698,21.44982684657297,62.59107635109012,7.047754431701601,30
104.07142857142856,139.85547040249494,20.58112990994041,58.47458672815706,7.797085924585465,30
104.14285714285714,132.76157131689502,20.27399595628488,55.02756892405878,8.684834355824446,30
104.21428571428572,118.74091965865637,19.972874002690226,50.627642010326056,8.601652968230837,30
104.28571428571428,130.326055876221,20.43418438790154,56.03162515378908,8.92360594524471,30
104.35714285714285,123.07580290784342,20.029349937194407,56.48481115509317,9.957786857556524,30
104.42857142857142,149.030642255638,22.864378688824434,73.08063160125631,12.97926453270873,30
104.5,155.1031666488178,22.71418475012251,77.45917632517624,12.810265041235636,30
104.57142857142856,162.01647853614446,20.761540925500118,76.10313409344315,11.032120763690681,30
104.64285714285714,170.99302990654726,21.036463418357453,78.72725387244043,10.545727310623114,30
104.71428571428572,163.83104346397283,20.41904478584628,75.60735387223347,9.459565755521611,30
104.78571428571428,142.76852920093347,19.311212998062416,64.98151389580957,8.727666770791442,30
104.85714285714285,133.15621781532118,19.874905455174876,58.721622156069024,7.6690716946317385,30
104.92857142857142,114.0197884489049,21.19737910992585,53.193167625122896,8.759296660476249,30
105.0,123.53575761370317,23.450779509192362,57.29790529594548,9.543772932237623,30
105.07142857142856,133.27254358550977,22.532521535179633,62.54819111040379,9.661954931470808,30
105.14285714285714,141.0376024882187,21.7124777595531,68.78293649262093,10.98391439424505,30
105.21428571428572,158.131072564976,24.15605629803335,74.08404391203605,11.784895346451146,30
105.28571428571428,154.39220035702365,21.89075662525632,76.77371898114733,13.044879369073353,30
105.35714285714285,148.76261988462232,18.38283881833897,73.15436675855833,12.424311496913205,30
105.42857142857142,133.6670892620979,18.924369486998167,69.34975446341717,13.647681694201463,30
105.5,155.94130416599444,19.388710749825012,77.1796876566981,13.556586552332101,30
105.57142857142856,160.74413514297245,20.87532360063694,75.24339598716571,14.328404922166905,30
105.64285714285714,155.33982630652284,22.38140838844859,73.36189826772937,15.142938114095106,30
105.71428571428572,158.86468816435624,21.981537856677498,75.26182438799081,13.856625959081978,30
105.78571428571428,169.2820510739274,22.073670167427164,71.50951854309525,12.053967784002618,30
105.85714285714285,163.16588628530437,19.66908295769492,67.05682250016262,10.511411289012054,30
105.92857142857142,150.03757148922676,16.53938473833399,60.97771189464326,6.915216462518035,30
106.0,138.09486012525647,16.910114216661874,56.9746845091857,5.813482535894367,30
106.07142857142856,128.83158513406258,19.450709622749034,49.98609801684731,6.624066093008507,30
106.14285714285714,136.26451827403827,24.0592385656874,49.49248266468148,7.644403744611298,30
106.21428571428572,140.40863872733516,25.26931309083764,53.13865669386394,8.702623575365678,30
106.28571428571428,147.24155828339465,26.683499742634854,55.840359433053365,8.786559846414665,30
106.35714285714285,149.16659317534683,23.920785978855516,60.049464158829274,10.359129094140231,30
106.42857142857142,155.39982256271446,22.453819808908047,63.36460021487542,10.08385969479547,30
106.5,164.46864118202146,22.103861318501878,66.04329520724147,9.964460675618888,30
106.57142857142856,152.0100793147625,20.32462502037518,65.96625864037374,9.232408404177328,30
106.64285714285714,131.35596739680008,18.201239216587815,63.257854082213704,10.608191922007187,30
106.71428571428572,120.33838790541068,18.426297938425936,61.05491905342933,12.56022280706025,30
106.78571428571428,119.81016578644308,18.89465723577198,62.284330690319486,10.877517642377997,30
106.85714285714285,131.19013190058809,18.06639796209433,60.68472443032192,9.333068795442133,30
106.92857142857142,120.82763164712281,17.00096106342851,57.956005462911754,7.722442082436776,30
107.0,114.10548762924464,14.375312023523422,48.26374876593261,6.705275027748877,30
107.07142857142856,113.42991596472054,16.21729284333057,47.744994184975134,5.915510180034246,30
107.14285714285714,127.9718396701331,21.466774025473974,52.32777842115713,7.555867520863784,30
107.21428571428572,123.25708954393788,18.743717615984373,50.33743390438433,6.904138189957339,30
107.28571428571428,126.26481518390098,18.545069043555433,52.59189393378295,6.799370956830751,30
107.35714285714285,136.4845531502948,19.55016377494523,51.958389384435506,5.919293235858194,30
107.42857142857142,140.82866477945288,20.09294852244441,54.700488797796936,6.236378649401494,30
107.5,140.18120493637673,19.24710367580445,53.58385481399947,5.722324514158575,30
107.57142857142856,136.53293437677198,19.433414842657182,59.410807936177115,7.521131435278452,30
107.64285714285714,118.92197534414169,18.264156667582927,53.29219941522582,9.869857217882501,30
107.71428571428572,129.87875117503404,17.826450807731984,56.962628588108224,9.689193163229133,30
107.78571428571428,130.5556517565425,18.265094337837954,59.53347921777031,10.313545728719157,30
107.85714285714285,142.17226494146277,20.44476600077691,64.34722783532833,10.912246158364873,30
107.92857142857142,142.26040406906705,22.118630338733425,66.78907699681587,12.462034089425297,30
108.0,133.56597837522213,19.26640554481904,66.07321278661847,12.068361128794699,30
108.07142857142856,131.3379619871462,18.217146606863068,66.11459397663107,11.001885517460568,30
108.14285714285714,129.48194512097092,18.00542266415561,62.63182173861901,10.198972261536385,30
108.21428571428572,147.61940890480292,22.407735749381317,65.6163531024599,9.574923048838324,30
108.28571428571428,132.4898086855225,19.534128156128382,61.9923811381345,10.033895525792893,30
108.35714285714285,146.4120951658996,22.88927433850626,66.56488249883085,10.66408545583382,30
108.42857142857142,151.69068769736705,21.876914606407688,68.81265372677215,10.610008246245638,30
108.5,150.02798090962716,19.163658776081586,67.94698664261779,8.43074483582466,30
108.57142857142856,152.6513119456516,17.90221955648249,65.1449404200465,6.6184338150807696,30
108.64285714285714,155.76077439816703,19.438050196083868,64.21444301671085,6.15791799293187,30
108.71428571428572,160.88077293640742,19.539487816955496,66.96031169254145,6.69146347503963,30
108.78571428571428,152.18044320003054,20.30965721138142,66.0725898435206,7.960876544992723,30
108.85714285714285,162.02899156131892,20.83427892720913,72.71734476138253,8.918419471242105,30
108.92857142857142,159.19606090104782,21.15771361795404,72.5917119115074,10.149268025884465,30
109.0,151.23598187429513,20.433287697606055,68.24164561479085,10.447549201581895,30
109.07142857142856,156.18118268181328,22.141224977754902,69.60109065700784,11.916716778357712,30
109.14285714285714,149.92153254757304,23.680210979424803,69.59643466512003,11.926403802122579,30
109.21428571428572,151.4379074709846,23.237583889875896,74.18114246451204,12.059431013186499,30
109.28571428571428,136.7448519961401,20.820162561689497,67.85529758870634,11.95100461120522,30
109.35714285714285,133.08357638987306,17.680884984643356,70.18040374279174,13.732215759355086,30
109.42857142857142,132.5772725934017,17.93664462829592,58.66615173782629,8.361875803836893,30
109.5,130.61353452365628,16.272484818900868,57.40727166347605,6.966259009481121,30
109.57142857142856,129.1644643096799,16.212970025899104,58.32766355524294,8.221799711660896,30
109.64285714285714,110.60663155712008,15.679398321497203,53.856949702440595,9.675059794403845,30
109.71428571428572,116.7816239538072,19.612507163250395,49.44746756504657,8.944229860512896,30
109.78571428571428,120.28033105151061,20.19234104783292,51.71123473089412,9.327590206618611,30
109.85714285714285,120.89850559964022,18.61847615859482,54.98512312450204,10.191103363045444,30
109.92857142857142,123.21401647305892,18.66765576121914,57.98597661364363,11.003448874790845,30
110.0,115.20229262817843,19.55949064828165,51.83439230533918,12.13324768412043,30
110.07142857142856,117.68373168844157,17.641779144505644,59.083242206924794,12.650715916133912,30
110.14285714285714,136.28578295521856,18.461676634632887,67.48749056739172,13.058599802503153,30
110.21428571428572,148.33555482855542,17.445986509422085,75.35680359604929,13.340511324020841,30
110.28571428571428,149.51993779387115,17.629368637176935,80.19264467558158,15.508290184341323,30
110.35714285714285,162.83247820674237,18.503566430957722,88.53354469586293,17.242527201485768,30
110.42857142857142,158.04708707075397,19.410402173586,72.30859845118505,11.744453764492059,30
110.5,145.94523836169915,18.40973537758874,63.92188568887294,8.49365734749978,30
110.57142857142856,149.32043539145135,16.795034622867323,67.49068777535254,9.757550065537547,30
110.64285714285714,137.33510030497328,15.183595851109102,63.579793886641326,8.042516146750927,30
110.71428571428572,138.8923128676398,13.793422457229118,63.71961780850524,6.885433552113383,30
110.78571428571428,159.74781036222538,15.891884247510948,71.76839594462459,8.521398449322502,30
110.85714285714285,171.87180777998873,17.23433359038412,68.79425354588786,7.7113202099886,30
110.92857142857142,156.41511158835274,17.730598552205485,77.87159789214368,13.395096726376954,30
111.0,148.41249567239876,17.512662288604957,73.58468749186612,12.1298506038439,30
111.07142857142856,149.66119381494212,16.209058659390426,71.05095846309,10.694708080317588,30
111.14285714285714,157.7582986822847,17.389214246447423,75.59126052566275,11.676081425990454,30
111.21428571428572,152.95830287476636,19.1071661258979,72.42046021099517,10.931058742949453,30
111.28571428571428,149.4264349403808,20.361839034477388,66.64650857173076,10.218367781373598,30
111.35714285714285,139.7175240337012,20.17958930320906,74.56407986918488,13.783880561561878,30
111.42857142857142,135.48156369519427,17.662763567031483,72.3386349336338,13.922707572566136,30
111.5,134.02654038723244,18.863597134196407,75.53748822701519,17.84943314237786,30
111.57142857142856,132.54567651135284,19.743244066052718,71.68559665575813,15.327453471396671,30
111.64285714285714,137.9047477495327,19.109404927678153,76.6642866942308,15.804159108913653,30
111.71428571428572,134.0805526305362,16.385559895144063,71.19720658004817,13.452649397703897,30
111.78571428571428,142.12169335676737,16.172569269549076,73.24326754789703,12.879064863482068,30
111.85714285714285,145.72863156895644,15.509887408961797,76.55034583862759,15.349705944625894,30
111.92857142857142,151.12289987179818,15.422510654973099,68.89151025745495,9.613648955888403,30
112.0,153.05049268904546,15.965176472785116,62.16422688454629,9.051868309109464,30
112.07142857142856,140.7886763309282,17.461725712516298,68.73730913179521,12.468808745842384,30
112.14285714285714,150.25100989984261,19.75145656078901,65.94488212072478,10.57915158078486,30
112.21428571428572,145.69227404888258,21.310092639942198,64.41475615730361,9.357451288377142,30
112.28571428571428,131.9597558118962,19.54790556166615,57.055104143729025,9.18689402454043,30
112.35714285714285,125.31075936339836,18.623142469071315,53.11195399975034,9.507847801533142,30
112.42857142857142,131.61144855792406,18.686006487051444,55.108656181710145,10.16695064646952,30
112.5,136.21401007941262,18.700089409946973,57.706462558507134,11.440486336442138,30
112.57142857142856,151.19544939378298,21.939219488311426,66.14957822026618,13.024381915989006,30
112.64285714285714,160.55206030876911,23.349588175116004,69.92946104252002,13.459808732418265,30
112.71428571428572,158.06336693485267,21.181582051154912,79.05876651254721,15.07536161062408,30
112.78571428571428,160.1778328481108,23.215568500406413,76.73016848630861,15.955725791756441,30
112.85714285714285,145.76517210786636,21.90451732582736,77.53925004848237,16.088001777563072,30
112.92857142857142,138.89801292226667,21.319064721000608,78.19793417406122,15.425479903996486,30
113.0,153.65969400309447,21.960053414926886,81.85036457038447,16.38869465487676,30
113.07142857142856,152.25536478439363,20.377742941591865,76.80561392179852,13.172623942399754,30
113.14285714285714,149.70769365822915,19.861282694854317,71.87324937232323,12.492767736668027,30
113.21428571428572,157.63132898077797,19.154833467979632,79.44237550654577,13.177735618287706,30
113.28571428571428,142.97546490896292,20.490752570727103,74.52599894098644,13.507240900655866,30
113.35714285714285,137.65181721842316,19.056905076560472,65.82190515520448,9.88064620672121,30
113.42857142857142,128.4768985186925,19.207295451523404,60.22777290089793,9.611922389276447,30
113.5,126.30512219574867,17.742636396465787,67.5468920514967,13.187815478124392,30
113.57142857142856,117.01998473553508,16.748846085308426,56.251911321737296,8.32124009368095,30
113.64285714285714,125.19806277155048,16.74672955226322,62.48706962196386,10.131068325418182,30
113.71428571428572,128.73980717441734,15.459494131427386,71.66080272401732,16.581666387304672,30
113.78571428571428,149.58738270888054,16.693036433476294,84.15998391259816,18.445087547641904,30
113.85714285714285,145.02537878655824,17.617280556346707,69.95668600978408,11.558335662543989,30
113.92857142857142,131.82356721410991,16.073582166855235,68.72029247446272,10.504434287558235,30
114.0,132.01054114294044,18.047115491644465,73.66904413508976,13.592913796574067,30
114.07142857142856,142.0219723165941,18.567915781026613,66.79916719751286,10.450338302566724,30
114.14285714285714,149.47637544885282,21.464799767516123,70.23773260765795,11.10660965486665,30
114.21428571428572,156.50521057537995,23.861994489931647,66.95647251877018,8.776724166289094,30
114.28571428571428,145.54793686932044,20.80190112691166,64.19027647737418,8.659159469331524,30
114.35714285714285,133.56110920720934,17.66484775491176,62.10556108256015,8.164345549715796,30
114.42857142857142,138.5979097366335,17.34489817555324,66.29601627760123,9.137989990866256,30
114.5,142.91111346327878,20.271851179036833,63.58560307686799,8.731268201569037,30
114.57142857142856,141.52462228127843,15.94291583523803,56.979252206430395,6.944919818326473,30
114.64285714285714,136.4748888499611,14.993236301798262,55.181261334187255,6.35334526763017,30
114.71428571428572,157.59674575887948,23.302100055603184,63.00312980218925,8.551547923589352,30
114.78571428571428,137.36027034217236,19.89339751563162,57.43178473304554,8.727729873622188,30
114.85714285714285,139.23721558023743,19.3266989667841,67.54092555982442,14.181306202739487,30
114.92857142857142,134.96343528939235,17.625078058216136,66.36247141056032,13.165328206823427,30
115.0,134.1068193044477,17.114719819761376,65.39151627386812,13.054680070910866,30
115.07142857142856,135.03030009397244,19.25757709490535,71.01275703574389,17.487798953299666,30
115.14285714285714,148.67321128658716,19.361004302783993,76.95849126014203,20.162381111400745,30
115.21428571428572,138.4901561819929,21.045120786508974,62.34538397493192,12.521376139520111,30
115.28571428571428,121.50405616176302,14.967989869184642,54.80869689809574,7.983504830145725,30
115.35714285714285,124.59492054578843,17.741654021239764,56.69741267264738,8.791256878450108,30
115.42857142857142,137.25259303168244,20.7851333512247,66.1096737006081,13.285257115535163,30
115.5,139.0876001475451,21.741980283678682,65.54854169677404,11.687628683185428,30
115.57142857142856,129.7440207312572,21.515602184019684,59.02539316003137,10.626921482998453,30
115.64285714285714,136.31053210675097,22.20595495118933,62.72757315622008,12.383560944569428,30
115.71428571428572,137.4710498477802,22.85383068094645,64.69259016639134,13.124531764305301,30
115.78571428571428,141.09606453035133,25.50169409209436,60.55130743184627,13.088350395518601,30
115.85714285714285,132.31359588241418,21.545373181590357,64.11139505629055,13.119448548012931,30
115.92857142857142,136.78946241130836,21.47574592672422,63.38499417810209,13.758862288880087,30
116.0,138.18866635045077,19.6743349090206,59.24994339655269,11.293652871673272,30
116.07142857142856,149.49909721153642,21.594131697169157,64.27215990123804,10.95281179007224,30
116.14285714285714,144.7360866980215,19.35503161014681,60.59444293871688,9.513078488262922,30
116.21428571428572,146.7569941722116,16.007625882759175,60.975701604190256,7.90415735738353,30
116.28571428571428,142.81217997047045,17.482776400642337,61.026456701602,8.024980286827969,30
116.35714285714285,159.88244882514584,23.26788156766019,63.85414383214448,7.750305875980692,30
116.42857142857142,140.4882228182037,21.96865277132862,72.03004639367953,15.126420191434324,30
116.5,135.879077193552,20.411335532073412,76.40220579632688,24.20280650277722,30
116.57142857142856,143.82244977247598,20.727518125327762,54.97278918281186,6.83811437848739,30
116.64285714285714,154.97873877936,24.630441395755156,61.19978318503669,7.918410592360294,30
116.71428571428572,140.76815688155523,21.823346592923595,55.88901171187551,7.043929802320704,30
116.78571428571428,151.74834380937207,20.152181781043137,60.19467546397407,6.960985262914561,30
116.85714285714285,148.64514938325564,18.67095403518523,57.224959301692806,6.278265272251027,30
116.92857142857142,134.00118539616835,16.874225200430228,54.57083546008057,6.113595821403879,30
117.0,140.48500171887414,18.963102552445246,56.187057155624295,6.519202465415964,30
117.07142857142856,146.00638339868178,22.04945110239675,60.33701218122375,8.599755305617142,30
117.14285714285714,143.24508456232383,23.082657517629467,60.178929730909246,9.540911201943,30
117.21428571428572,128.17983356713904,20.8246644996708,57.840509988571014,9.480398693417872,30
117.28571428571428,120.51407297189971,22.08018267777361,62.71441338597809,14.496619651967283,30
117.35714285714285,130.69832419787394,19.221268140929926,61.015734996505095,10.13279373705022,30
117.42857142857142,134.68239933852917,22.77895071541844,59.998883744202814,10.044374398221754,30
117.5,135.814507833359,20.23761047252555,79.55103827551186,24.963152764170925,30
117.57142857142856,140.56866598281877,20.085972509957223,79.41947407006938,21.507134460413777,30
117.64285714285714,120.40039198378602,19.165367634900658,58.460747815138184,8.23191575893817,30
117.71428571428572,132.61458177610834,23.509649869855078,59.68428552834743,12.404343158839916,30
117.78571428571428,148.3215530368549,23.120097639032355,66.22504210320194,12.245132168880087,30
117.85714285714285,149.7284690059214,23.239135506121357,70.5279669587844,10.723484912255058,30
117.92857142857142,140.0005188674542,22.610656232448516,63.4428085638434,10.223954321055249,30
118.0,152.23203181656177,23.578353352374997,73.5785970517714,12.058085101024695,30
118.07142857142856,154.05561910458485,25.52546073022127,74.15169321761347,15.760920123211811,30
118.14285714285714,145.22684995303393,23.885115313861228,79.39176193497151,16.413150228270574,30
118.21428571428572,138.61993206970504,23.339534863586398,80.38662034196676,18.011745581537195,30
118.28571428571428,140.8203794165882,21.737285445807455,78.5710818837949,17.356717287992428,30
118.35714285714285,148.54547845343689,19.57449469395199,75.03226139295742,14.890636450599304,30
118.42857142857142,146.3590620030796,18.03837793099776,73.52411076411724,13.491150794357438,30
118.5,137.39090764683732,18.743400165019057,68.38560127144508,13.95322069882376,30
118.57142857142856,148.8733816048482,19.553644234654566,72.44447351952415,13.268134578885292,30
118.64285714285714,152.44278563940273,20.860796597340922,76.79940580907483,14.28517101426086,30
118.71428571428572,143.51866059261553,19.07834773010034,77.76737676120192,15.300191911259605,30
118.78571428571428,135.72046176077652,18.190936618978217,70.78055303854377,15.092170219856355,30
118.85714285714285,141.9276662643716,21.350125300321995,70.93453917200414,13.52202272897528,30
118.92857142857142,158.16378900531447,22.526588634518895,78.51988304542121,15.39658049430757,30
119.0,163.7514452770188,23.89433150199421,82.39497738715556,17.752438281801524,30
119.07142857142856,158.6862541853227,24.452023869475777,86.3265095509493,20.823597424846263,30
119.14285714285714,145.90110854043076,23.054859070003374,83.25919676079447,23.243168114715452,30
119.21428571428572,158.0059014953311,26.659716695962047,83.40975257392219,18.967673497261163,30
119.28571428571428,147.2931128974988,25.926019901810278,78.64646207526324,18.286931436485766,30
119.35714285714285,131.18724209821903,22.79287867246007,73.6514302656282,20.653934149022277,30
119.42857142857142,113.48381872729337,18.906252081460796,74.95387187112044,21.491907131791162,30
119.5,125.60115732816288,21.251722165478284,81.80246228174539,25.535896661859443,30
119.57142857142856,147.52247637970845,18.150616590337133,88.53088273387176,19.072878842921057,30
119.64285714285714,146.60417784621276,17.475103137777996,84.1990791130297,16.04450038171312,30
119.71428571428572,149.60395709921104,18.19654929606096,78.49165491559866,12.583605232473383,30
119.78571428571428,143.7638467472481,18.470387814325534,75.07022746936615,11.13207887191516,30
119.85714285714285,145.13436750647227,18.111240549698554,80.68388087177553,13.34932053977937,30
119.92857142857142,134.79672480707237,16.05096368429458,67.36273337774149,8.873182249569973,30
120.0,130.31287825785117,17.834479189050978,62.12808671973871,8.303519149590493,30
120.07142857142856,135.50855423982912,18.94869476868411,62.03788508627327,8.280817977241577,30
120.14285714285714,132.70227331923905,19.67461718072649,59.5412268344965,7.888731762000318,30
120.21428571428572,145.00789149345957,24.675536687170048,64.62051643100868,8.950102304646249,30
120.28571428571428,138.13916944754104,23.71995977184265,60.231419621759514,8.169543895160226,30
120.35714285714285,131.16914754299,18.375259269144323,57.68029308932151,6.275616340681446,30
120.42857142857142,117.24252571849945,15.99096355362392,52.33189925333677,5.4717294991228895,30
120.5,127.33369574449013,15.942245089513749,63.14620558421524,10.106069864817185,30
120.57142857142856,128.6378661381517,19.50436775181322,59.318195863109025,8.672534196009353,30
120.64285714285714,126.93475556838817,19.387611577467883,60.325343799614174,9.010064885292959,30
120.71428571428572,112.86828478035324,18.70861907757316,52.41487776649834,7.198111283297612,30
120.78571428571428,125.84584386435372,19.650822794738854,57.643184236485034,8.220132630126809,30
120.85714285714285,132.60903179311074,19.402775937615647,61.28528558369755,9.26962997404945,30
120.92857142857142,115.09153373179196,17.510729795082582,53.963846469755396,8.677836491475524,30
121.0,107.49169139823037,19.04088816679859,58.21194553189812,10.466441472413283,30
121.07142857142856,118.01967501037203,19.729937722229174,59.000851221451065,9.705198720835607,30
121.14285714285714,123.60799084825757,19.87907169006431,57.770245518001005,9.727149793633549,30
121.21428571428572,110.90591539052058,17.9116778910509,53.933875165317765,9.4035071092587,30
121.28571428571428,104.07064944934609,15.253260405536432,52.37721158804126,8.426196501179266,30
121.35714285714285,112.15387969675285,17.129693279455566,49.44324025785149,7.7263929729243115,30
121.42857142857142,102.00349756398823,20.41001838963749,46.54659594666601,8.695597544431509,30
121.5,101.65949737825567,19.918056338694324,44.16602268978798,7.984345354844904,30
121.57142857142856,99.3229333819205,19.355482769949223,45.15551169501943,7.798559730990051,30
121.64285714285714,106.54924183808525,17.37337540633882,48.56682683862453,7.052564874354261,30
121.71428571428572,103.37648215422664,17.54058534006271,48.14706320516221,6.82182341846152,30
121.78571428571428,110.66090800232142,15.262046225974354,50.08323739346707,6.31756012600837,30
121.85714285714285,108.61807601210012,14.628086397107227,53.64207852848261,8.36702209631111,30
121.92857142857142,105.58779124220888,15.492978144675213,50.10365662059655,7.297660311147538,30
122.0,100.74196277506739,16.44010640251439,53.55401064005474,11.125339345287749,30
122.07142857142856,92.64769409759624,16.539512411721187,46.10518835924485,8.546677608138687,30
122.14285714285714,99.10358297835607,15.399843987511277,48.31454916042604,7.836152091383574,30
122.21428571428572,115.66959398824845,16.328665918059205,53.783567789908304,9.052414506777493,30
122.28571428571428,117.53653524200303,16.25524364464962,62.192884635684095,10.801428480759867,30
122.35714285714285,122.42569631101992,18.992376131139938,63.96603763375544,11.152117131296848,30
122.42857142857142,124.47453981008013,17.779748583875644,64.57625364102599,10.662473860481397,30
122.5,123.21779469152601,17.481223377016356,67.26907413126224,11.870665385107534,30
122.57142857142856,125.8342322860567,19.955260976990896,62.62612329714732,10.149673046827019,30
122.64285714285714,136.3676931020708,22.29322294885845,64.94087018615055,9.980869731261063,30
122.71428571428572,141.49822981550406,21.26385202897684,66.01081497673759,9.352388406251329,30
122.78571428571428,126.77707095400535,19.772965470804976,61.10251809188151,9.206972707931335,30
122.85714285714285,120.81120044497602,20.675931065067672,53.92344311782017,9.212872478320058,30
122.92857142857142,123.36275972986769,21.55416074249234,57.43508434259342,10.11935734299518,30
123.0,126.83984856726529,23.411825010276196,56.61483804114716,10.933840681557859,30
123.07142857142856,129.58386591165183,22.318385239748483,61.51753791874234,10.80954146139114,30
123.14285714285714,126.71171679713693,21.673778549398744,58.629942980462445,10.904949140742362,30
123.21428571428572,121.83687408737474,19.30986103755425,59.55228392020345,10.891952988524467,30
123.28571428571428,132.57670967677265,19.434777213028656,59.071006279921974,10.13097658918148,30
123.35714285714285,132.72533497908634,18.69506152656989,66.09067976387986,10.187161135702443,30
123.42857142857142,133.2237598691066,15.207911102513961,67.02860001894712,10.015327258953512,30
123.5,121.70703809261711,14.770009851884131,57.51597572227085,7.226737107342887,30
123.57142857142856,124.35215325898734,17.07307643244954,58.53635682843946,7.375598596207064,30
123.64285714285714,132.2218795440347,19.39395073218409,60.10670806178992,7.704526333142786,30
123.71428571428572,142.71681531091866,21.2289320638885,61.76488266551395,7.674196971760146,30
123.78571428571428,147.3039762865368,24.28573710951186,65.1891738557284,8.402099587068646,30
123.85714285714285,127.65642654991343,20.699302419789184,55.27805655395713,7.988997685368325,30
123.92857142857142,116.41995409653514,17.079855657603122,52.71986716470841,8.496420426318947,30
124.0,118.67834243886146,18.17116839572894,54.96931803982874,8.470099402063756,30
124.07142857142856,121.28413094800239,20.004091768820114,53.53925896564388,8.61420744745744,30
124.14285714285714,127.83241542109998,21.453329629494014,57.52557835286238,9.22927451208946,30
124.21428571428572,124.08112817562258,19.5201739805973,56.83280162851455,9.551697271029877,30
124.28571428571428,114.49039549688082,18.098896527435915,55.85582386530202,10.128972000791155,30
124.35714285714285,115.60437939398082,15.975849114383395,60.24000923630911,10.804943690509502,30
124.42857142857142,137.99463931590398,17.82035741143646,63.79482622891616,9.381632985057722,30
124.5,135.58911083006544,18.020095220500362,61.90832019538443,9.84382485560882,30
124.57142857142856,138.26941597328812,16.529386939114016,66.69127357736082,9.936315245973928,30
124.64285714285714,137.43855764275688,17.434853346500677,66.68723701146293,10.493176099796136,30
124.71428571428572,133.1344124679647,18.562611025282393,64.04480264246646,11.097193681439462,30
124.78571428571428,129.75542663969642,18.025170843604446,63.90862680623371,10.88693358514173,30
124.85714285714285,134.27647923068113,17.6743966502276,65.67767638031917,10.049866549098857,30
124.92857142857142,123.45802579297968,15.815710795611928,58.59078972187692,7.71626932355166,30
125.0,117.53619010968997,15.654521454116036,54.584104784421555,6.842186803134419,30
125.07142857142856,123.39466363437651,14.657042391410696,61.43669742973617,8.543272470488128,30
125.14285714285714,121.11968451885883,15.237175951498935,62.66732243183228,10.042442296032702,30
125.21428571428572,124.12129086788838,14.677351213836776,61.61925970426104,8.283669099471487,30
125.28571428571428,139.8141072464158,17.974594640258694,64.51327262550075,8.115837395513907,30
125.35714285714285,140.4058065900332,20.366902596286018,67.49026534487996,10.025644709058325,30
125.42857142857142,127.74838361084602,19.07927274317606,65.05834813405363,11.066496758925224,30
125.5,117.59711238472082,15.820888052536008,60.002149046728384,10.094168350116075,30
125.57142857142856,96.77177810756719,14.374769171563116,52.07618393689787,8.676230764943988,30
125.64285714285714,86.8405380126423,15.410521194177926,45.30444182112165,8.593168576895456,30
125.71428571428572,84.49550227138012,15.538103329566622,51.94630096329386,11.428279942852706,30
125.78571428571428,80.25993398053873,14.732053057128642,49.19661845129859,10.839174282135938,30
125.85714285714285,75.5995282985723,12.72809886456786,50.626213029651645,11.746012334664385,30
125.92857142857142,79.9692445944766,14.924820742776078,44.88876320732752,8.910551959606462,30
126.0,74.7446803596774,16.258867875264762,37.405008548435056,6.674799187951452,30
126.07142857142856,88.83430559128682,15.252297125002173,42.20836987981781,5.91953561441381,30
126.14285714285714,100.41338769360402,20.231979516665255,47.001136102135426,7.686936375400346,30
126.21428571428572,118.04785147585102,19.137907965859537,58.464441088209746,8.369375337140914,30
126.28571428571428,125.76455688010152,18.89992457948395,59.438898311006696,9.008800437361376,30
126.35714285714285,128.75982186238346,21.912051789679253,61.74972696374355,10.935265354409886,30
126.42857142857142,144.50806371175386,23.698675343854227,65.69995422878175,11.167175429382139,30
126.5,146.8778203593829,24.156056714420203,71.54177215535172,13.259918227965164,30
126.57142857142856,144.59203990557853,25.80493159273295,74.13416749742862,14.489979737242558,30
126.64285714285714,145.9018239138482,22.048306259362334,70.8196742568681,13.083991201189894,30
126.71428571428572,131.93244574338277,20.779958280602447,65.23057364158768,12.407347433469562,30
126.78571428571428,145.98565888822134,23.21397304382784,73.44140685237042,13.812411192435624,30
126.85714285714285,138.90436339645234,21.76449495948484,66.57788501563003,12.845290422165244,30
126.92857142857142,125.36695989960906,19.653329863345935,62.56108270271704,12.02451376320347,30
127.0,119.26228329984157,17.059168659539672,56.21314671919713,9.62332563615209,30
127.07142857142856,101.87639942210382,14.698114900959768,49.887110405010546,9.382471873017817,30
127.14285714285714,109.45533504136725,16.557254544831228,52.79095521234359,9.579287225328281,30
127.21428571428572,108.84240308220997,15.542579137529614,51.91650954688777,9.517580829569686,30
127.28571428571428,108.13720046121732,18.042283993830253,49.69885821645157,9.451567939961254,30
127.35714285714285,123.22278932723582,17.674245108027762,56.10925031762285,8.863153638155405,30
127.42857142857142,126.48343252331074,23.23583570153162,58.39165260530356,12.095767660937101,30
127.5,133.16678477140692,26.717017092188726,64.63421639271375,15.200963847955446,30
127.57142857142856,131.85529612917756,21.96833773202322,65.60932864988293,14.26661467826593,30
127.64285714285714,127.55383246877882,19.874451401374763,64.02187718515115,14.836691052816944,30
127.71428571428572,113.45963341815481,18.74683647656097,58.61767252073807,14.163976568213885,30
127.78571428571428,112.92257987967811,18.798461070834335,54.95770806932409,11.282352007505972,30
127.85714285714285,105.80181658483538,17.696375025809033,52.656536183784986,9.093501277346821,30
127.92857142857142,104.50322630214816,14.301071375879179,48.85029613612176,6.825553870824639,30
128.0,110.25675536858435,14.320944156060078,54.60863005534886,7.419302559282695,30
128.07142857142856,128.36957223849336,18.807602324299562,61.53390387348477,9.430718993326883,30
128.14285714285714,138.6252644928216,23.448124123882597,66.95340575002511,11.572011506570181,30
128.2142857142857,144.84776126533455,22.002179203344618,69.59448810939351,11.914035934087021,30
128.28571428571428,132.181267537091,19.017425569309896,66.37358662998184,12.985169919884518,30
128.35714285714286,130.71337683491888,15.901751676788171,65.70283426758544,10.711826548402986,30
128.42857142857142,130.09388642210402,16.27636078532717,64.13684551339762,9.828742222117564,30
128.5,141.38590701511046,20.730007520035652,67.538412545163,11.404709191489966,30
128.57142857142856,133.15899046404277,21.4852008795636,62.84924304925167,10.017526178484676,30
128.64285714285714,131.6276976565628,20.83485970263393,61.13020336643868,8.54318644619725,30
128.7142857142857,135.39861425339438,23.04271312990285,61.64927320064965,8.5826389757863,30
128.78571428571428,132.10669864090121,20.435577992846262,59.88671483614622,7.644528169444338,30
128.85714285714286,138.1626853931017,19.364570978243556,62.11669785481486,7.594175506840897,30
128.92857142857142,136.86064065571253,17.494713201369976,62.72842547435934,8.194135878565746,30
129.0,119.7455453723416,13.924464117658895,60.36943306904947,9.021771495218907,30
129.07142857142856,112.9486785176206,14.355987682326392,56.20593291949227,10.416895369056078,30
129.14285714285714,101.22796897115099,13.406059124986879,51.60942819249164,10.86027411402703,30
129.2142857142857,105.15282859842982,13.896554708681682,53.79490904991177,10.50985050763182,30
129.28571428571428,111.11889305940927,17.44174043946446,57.6009183495995,12.176047408750286,30
129.35714285714286,120.90425825738558,16.02770008655806,60.31784606269726,12.8757154340565,30
129.42857142857142,122.80548702026871,16.45883476680564,63.50426860298885,14.598492004004822,30
129.5,133.78440619938948,18.10901982920811,69.80394267668638,14.691025924184,30
129.57142857142856,141.24991943056995,21.24168420772174,72.05443074559398,13.512097151194876,30
129.64285714285714,141.1092726279713,24.01941888296875,71.14452470695007,12.86500381235029,30
129.7142857142857,152.65356649802587,21.704612872859183,72.88801960294667,11.220162961660401,30
129.78571428571428,136.83691424122873,20.436273532388434,62.88402040235385,10.468223257522228,30
129.85714285714286,138.35262899884967,20.627874664127013,65.8493776894201,10.640761688667387,30
129.92857142857142,133.01788019765098,18.57352786326094,57.79419619812123,9.145885665096626,30
130.0,135.79851496184082,18.0797555472352,59.04824176971008,8.670060920422392,30
130.07142857142856,149.5220906345023,20.227214674774604,64.99843365803501,9.780905213482297,30
130.14285714285714,144.92704415259416,17.920073109620358,67.86095901309557,10.30019619787052,30
130.2142857142857,140.6258178597539,17.712389865391323,63.78855944841208,9.449559879400958,30
130.28571428571428,136.46261290318682,18.929113373237485,60.971266267213515,9.850150777424215,30
130.35714285714286,125.3831979942069,19.722482780116266,56.49409302936894,9.501328588539566,30
130.42857142857142,116.64784297165963,18.09190979801855,49.47388669116986,8.73251539280734,30
130.5,107.70897614207107,17.48239664926122,48.960160932975135,8.553349425092629,30
130.57142857142856,104.16922749833809,17.360864362931753,49.53416217684635,9.325389398469277,30
130.64285714285714,101.49955767293142,19.057081854968274,50.39715532950387,10.461183548630459,30
130.7142857142857,110.43472136457657,20.84561271106004,48.24401968888901,9.821212332794774,30
130.78571428571428,130.24472065574057,22.70692328930406,60.149278531091745,11.718478100115545,30
130.85714285714286,109.62385860034807,21.114283572828988,49.65671187896195,10.501421715093834,30
130.92857142857142,117.9274745686172,18.830555156786414,53.43470827480811,9.258869855462878,30
131.0,135.4928043867396,21.705862366848486,63.641240770861394,12.063280109444307,30
131.07142857142856,126.41493916485696,20.85124022973647,56.717520560714185,8.955693173690712,30
131.14285714285714,123.95544198383263,21.343298220422476,54.667268220926495,8.883207426120084,30
131.2142857142857,134.8546889421069,21.479663774499176,60.27159914218259,8.82959310637805,30
131.28571428571428,107.38613710399926,17.089301149005827,49.315362019598325,8.376676133529571,30
131.35714285714286,105.34037560150011,17.50905109834466,49.86535345514507,9.583272155012255,30
131.42857142857142,118.5631411491154,18.4838897256945,55.81318994439008,9.294937338643834,30
131.5,110.25352642823616,18.49105643037054,49.018061725951895,8.705437206464804,30
131.57142857142856,118.27042062663423,18.47172205179611,57.6561016343686,10.972494845780153,30
131.64285714285714,105.4211715089345,20.003588318863127,55.89885600311901,12.015619589780162,30
131.7142857142857,125.67331341996437,22.346050385849832,64.34273740942433,12.489522440085807,30
131.78571428571428,123.87002206099004,20.4706693445897,66.91555144235714,12.95142282184395,30
131.85714285714286,136.8875280576811,20.544194729582152,70.47764574602024,12.023167614753122,30
131.92857142857142,151.05999108737294,21.672925275817157,75.12222646723013,12.209914337342708,30
132.0,132.44297237720954,24.648955044591585,62.66907376678954,10.636781613174875,30
132.07142857142856,154.96418386865113,25.581010784724683,75.49399137860667,10.730928966577846,30
132.14285714285714,148.59078114280425,27.174841945592117,67.65363660186577,10.025905121952873,30
132.2142857142857,149.2534181834641,24.656347040341682,67.41028653344593,10.284877125205501,30
132.28571428571428,138.50678504459742,26.073435132509914,61.80585507969495,10.360070622093541,30
132.35714285714286,128.18738881897755,25.260571011419703,56.589700926170366,10.086296311660929,30
132.42857142857142,109.34343583157052,21.64034879172939,46.80603599912884,7.6586317759419265,30
132.5,118.19438998060633,25.533861057028133,53.991956708984056,9.37346371593685,30
132.57142857142856,102.8263865482035,23.1282972689735,49.65244114670596,9.289712671465866,30
132.64285714285714,110.86064090567672,21.681708919401352,50.92984765705185,8.139514832595793,30
132.7142857142857,112.5654875417198,21.037927068992758,51.59757176790196,8.104873997256256,30
132.78571428571428,125.22186418881479,18.84456437852099,55.60942052840755,8.405791487033241,30
132.85714285714286,118.3143696261124,16.55371479114377,52.61055096396015,7.881884831851188,30
132.92857142857142,116.09070029138216,16.35264686333644,54.441345462807526,9.387247301163702,30
133.0,120.32833325413071,20.05039778867341,50.70144601587882,8.719490975227144,30
133.07142857142856,118.7631312441453,21.66926266942128,54.31630224973552,10.860943249672289,30
133.14285714285714,101.31530500181215,19.63053329909913,42.47049316808865,8.932124564293861,30
133.2142857142857,105.3893851262539,19.173452127157358,47.152743648938845,9.33868170052318,30
133.28571428571428,108.91624724989758,16.09840599865105,47.981232569991654,7.30984523433362,30
133.35714285714286,120.18439286481573,16.09080635219165,49.49618052102422,6.487912925431414,30
133.42857142857142,109.89684374969464,14.296554394384952,45.97823458333059,5.347821579910333,30
133.5,108.41152281756202,14.54069838069918,43.692658150649926,5.089780824847111,30
133.57142857142856,106.86817704306948,17.065878518329935,45.749232677895286,6.323680303349296,30
133.64285714285714,129.09333997707142,20.21832738354005,54.65492763532559,6.793547667714813,30
133.7142857142857,152.6898147615617,23.974055034530387,66.57899647836052,8.684729673168677,30
133.78571428571428,165.49488592732888,25.29069825020042,68.83595890330349,10.748633038367602,30
133.85714285714286,161.05441095324935,22.846101190281065,65.81188013382015,10.633346684345467,30
133.92857142857142,144.8787756749217,20.91068884926025,63.21761520318499,10.346382493054287,30
134.0,154.06154847415175,20.977178236821906,66.51630667422248,10.176276893232533,30
134.07142857142856,160.00744716898342,21.010574333956335,68.29554656076954,10.970404286899385,30
134.14285714285714,153.5653514619026,21.90107705681726,69.72441158294104,11.37997552991083,30
134.2142857142857,152.2809716995207,22.178048933668496,69.96420935555885,12.245036908187487,30
134.28571428571428,147.75458301905348,21.41998278193346,71.10843443336918,12.532950134743874,30
134.35714285714286,138.18909682283876,21.107360191696255,68.72671927058654,12.733669600452286,30
134.42857142857142,139.31910984434194,20.506132305286453,67.31365549971447,13.196112413278676,30
134.5,137.84658752675182,22.754810712146188,62.84221230621385,13.848444509510976,30
134.57142857142856,131.680852757589,21.42430021979254,58.23788204943404,11.5670523950393,30
134.64285714285714,121.38508201946058,21.263101341648703,53.70480410415568,10.278309462743556,30
134.7142857142857,116.96740553260969,19.9312131221037,49.59289679046492,9.395030743095608,30
134.78571428571428,103.66900594613519,18.99164444456665,49.22904075138662,8.833763156846974,30
134.85714285714286,97.1843050183465,17.69420533007448,42.90794399922393,6.883557185989646,30
134.92857142857142,102.08664159567856,16.504833018483186,42.600612304049356,6.156809824461456,30
135.0,92.39125267595458,14.35240401254802,38.9453695346951,5.430490459275419,30
135.07142857142856,99.50171753439258,14.870293832185245,41.12098154239095,6.377306771771118,30
135.14285714285714,96.50263637313067,19.50132727483839,43.033685471850106,8.228790749244713,30
135.2142857142857,86.4180036311876,17.82929821256453,37.740766664289914,7.128381588058751,30
135.28571428571428,80.99752985521636,17.428422700453755,36.34912120776697,6.579345521622651,30
135.35714285714286,80.86349235744235,11.980983523895338,35.016543392262705,5.232849370527313,30
135.42857142857142,75.27356709106527,14.480835123119089,36.417117356057204,8.87846164567159,30
135.5,89.30161528307693,18.287137580825863,42.23903499971023,11.29661186992386,30
135.57142857142856,104.58258978277259,18.780912501169492,46.67762897716402,10.919867674512245,30
135.64285714285714,111.79057641140317,22.937955963482427,56.374206671214985,13.15164405629439,30
135.7142857142857,107.50789592459483,18.40916769576789,49.95277167301176,9.13408356789251,30
135.78571428571428,101.60936815528981,23.61082118660688,44.706860603252565,8.945825907821112,30
135.85714285714286,95.53252362926045,24.887766886090958,39.85784206215898,8.050209226735683,30
135.92857142857142,73.79220514498613,20.890714316244072,36.97699429814861,6.802033249079883,30
136.0,87.01246934822548,17.31516549644234,38.696378267645734,5.965367074153821,30
136.07142857142856,85.50280675802321,16.009407117802787,38.34029105028781,5.445916403478219,30
136.14285714285714,81.83018024275975,16.26661767230262,36.01515216555805,5.669147910186716,30
136.2142857142857,88.39395657073807,16.403673215764034,37.68701551795903,5.535011831514512,30
136.28571428571428,101.08717198007061,15.758582027896786,47.214804815736194,7.843455387628343,30
136.35714285714286,92.02384504985432,15.712702155830426,47.965397692419764,10.096321223976398,30
136.42857142857142,106.64512963540392,17.441816027551088,53.530220097996704,10.115759502563222,30
136.5,119.19236770778052,18.37792434584126,59.37563474160029,11.073106527104736,30
136.57142857142856,123.38538368793493,21.36467555311313,58.774931395,11.11661786814825,30
136.64285714285714,124.04435334868532,19.06695247528004,60.03611262452402,9.550902684608815,30
136.7142857142857,108.90163907522269,17.190426989875217,52.15309095452741,7.856674657091687,30
136.78571428571428,119.89931584756285,21.17908306411143,54.70272386057198,8.586030874975192,30
136.85714285714286,134.19036947631417,23.80780351685257,58.93318176931712,8.885325253676683,30
136.92857142857142,137.7892459989279,24.44221962455807,59.13969621660287,9.163999925740216,30
137.0,132.0532130595613,22.226166313138556,63.90115936425737,9.527876388299923,30
137.07142857142856,130.70021658393514,22.03005588968511,66.24125218127493,9.66902493450527,30
137.14285714285714,110.80314272446255,19.96570514674697,52.16521384717223,8.737789486503862,30
137.2142857142857,109.27790529919007,17.127267801436957,51.84776971097618,8.229953889082168,30
137.28571428571428,96.39458135836153,15.130665759960097,46.02222993715307,7.59597060881549,30
137.35714285714286,97.6284691304334,16.637043137278365,45.41536189619515,7.567360476507452,30
137.42857142857142,98.37707199532642,17.275970408962017,42.04930899055747,6.435064741342448,30
137.5,105.0480992182948,16.64855609396574,46.50318443941841,6.589892226861223,30
137.57142857142856,108.48273613687269,18.12654632314535,51.367432590193445,7.487887283505196,30
137.64285714285714,104.77746501255331,17.833479848678987,50.94495256209001,7.525427704831512,30
137.7142857142857,93.52076078178962,19.244375431234705,43.92809344931924,8.5776082640363,30
137.78571428571428,116.13719862223248,23.007815549327507,52.315745619715905,9.059453927039433,30
137.85714285714286,131.78742031219187,25.11328421933396,59.822692544231806,10.420978103631299,30
137.92857142857142,126.17913021231597,21.659824256322057,56.07464669354872,9.051900570447451,30
138.0,122.1794945528437,21.66221427772503,55.40043485480546,8.269545357594893,30
138.07142857142856,116.89339645830044,20.18795416997209,57.36473508120838,8.470095196317208,30
138.14285714285714,119.20202732320284,20.360114419948108,52.18559963328524,7.719237145341562,30
138.2142857142857,108.87468144084674,17.79238795363898,48.09790101612315,6.815790505075161,30
138.28571428571428,87.69320454276867,13.056028344685766,42.5553413660837,6.45831790847342,30
138.35714285714286,79.34399403486434,14.384118881311407,37.06662663895973,5.733073839503022,30
138.42857142857142,90.62004004229395,13.768981752791719,41.2833461297308,5.170184804230605,30
138.5,99.46685638621148,16.79442271218725,42.42553609232916,6.0192617021029955,30
138.57142857142856,109.38207623005202,15.961854613805674,46.917359716777085,6.101708730872159,30
138.64285714285714,101.38936892318618,15.48007712728773,44.33803335904229,6.268285507247084,30
138.7142857142857,85.63419530275743,12.001952906273448,40.99065567766229,5.7328626720095075,30
138.78571428571428,84.19621989235016,12.829942643406257,39.82256933196824,6.76169405884293,30
138.85714285714286,83.75962473286796,12.275886717520162,41.43475480654623,7.367357544371726,30
138.92857142857142,99.43812229116564,16.398993349302263,50.251006455247264,8.821066579833982,30
139.0,100.72415857642049,15.537251240748418,51.58539696939503,10.133495166450839,30
139.07142857142856,100.70918538260008,13.843814182348043,52.200531454745125,9.763607807066304,30
139.14285714285714,95.85728644919531,14.297013776758224,51.393003695300905,9.708882276346728,30
139.2142857142857,87.37362890358152,16.525566633747076,43.97013184282703,9.13596853478408,30
139.28571428571428,81.77190159486189,14.951939230933773,41.92608201459007,8.501997064239927,30
139.35714285714286,85.31858921243781,12.6519567792321,40.71853615349571,6.787285848144719,30
139.42857142857142,71.65108110306966,13.504704352496123,34.15915796907613,6.0472625047149435,30
139.5,84.79121497185172,16.27164926378131,38.68367524146976,6.156648815998312,30
139.57142857142856,84.8258520555908,15.847463686947874,40.32757226796181,6.552696686423021,30
139.64285714285714,93.96060208725525,17.825025772987928,45.52671634626124,7.547501864188244,30
139.7142857142857,115.78176228679013,20.913947204137497,52.7028332191729,8.478687752770158,30
139.78571428571428,120.69681190182628,21.14326836833747,55.80510131472871,9.13912995821148,30
139.85714285714286,119.50905511040341,23.202826669081823,55.158553377252424,9.519564835655956,30
139.92857142857142,115.29066600616167,20.09846183132362,50.98622446805926,7.973536867090074,30
140.0,97.46350434366211,15.452519851074205,45.331291372381486,6.383605564155268,30
140.07142857142856,99.09167676433593,15.700381571913894,42.382965678385254,6.514546269699013,30
140.14285714285714,114.5486493634555,18.937464649365648,49.55098894126513,6.835719706284964,30
140.2142857142857,106.772195487116,17.259116190680075,44.28459484477913,6.675418933836103,30
140.28571428571428,92.34051726412146,16.076610396069096,41.452875659545384,6.505585795010905,30
140.35714285714286,102.16404384616337,18.824573446697197,48.71618830955935,9.054980209793163,30
140.42857142857142,102.75071613500573,18.85300559741418,48.19229413806003,9.672930105111405,30
140.5,99.8016598456154,18.908704030019905,47.26216584385675,9.708356071458772,30
140.57142857142856,101.73569546629643,19.008867822771954,49.98299235840542,10.358623078940802,30
140.64285714285714,94.9145808704139,14.219760478870974,48.983134688035264,10.140429323478585,30
140.7142857142857,92.77420623744995,13.904887718665037,49.28919018489692,11.415429296144968,30
140.78571428571428,89.86472951490977,14.00389301415797,50.37571921282858,11.888780309838111,30
140.85714285714286,107.643225920352,16.383005392192338,54.32297268195196,9.831609864434022,30
140.92857142857142,117.6232589684169,16.813145053014004,58.928414634243126,9.374766382468252,30
141.0,109.97744441002936,18.888110942145286,53.890533171201774,9.513707676395384,30
141.07142857142856,103.49317961705584,17.27104118283432,52.534328874893205,9.525222068250999,30
141.14285714285714,91.4212620785663,16.359500795590154,48.038390941937635,9.73417525235286,30
141.2142857142857,80.58382415621551,14.114588227360581,40.60269297737512,7.8821214029114195,30
141.28571428571428,66.696384910923,12.40617307986559,35.849835398043595,7.259753573161394,30
141.35714285714286,55.30726790799978,12.241488811435369,29.7066175231271,7.669589056289484,30
141.42857142857142,63.453717099343336,13.407955564509942,30.908599574365198,6.21931898898332,30
141.5,74.08191224986993,14.942341403150568,37.69223066638015,6.592261153285668,30
141.57142857142856,89.49147120757017,17.61284500853006,46.2028404296953,10.222652940223217,30
141.64285714285714,101.62246956436506,18.9472936666583,54.27717123429005,12.286401197812328,30
141.7142857142857,103.82543386547351,19.79298550915906,56.987120181009665,13.25014250664711,30
141.78571428571428,109.9246936523983,19.70951393549478,59.37708770565084,12.20452204928736,30
141.85714285714286,120.77837605280425,25.190771137008298,61.83578505102821,13.306529227259837,30
141.92857142857142,121.30593921150174,23.504876238959024,59.579373153630634,12.611391918937377,30
142.0,116.50582850827999,23.27131449009227,56.32055892870429,13.033136563939417,30
142.07142857142856,111.22763029450961,22.4603457204811,54.91981064291224,12.879314570451022,30
142.14285714285714,108.77642148031319,21.265986886609767,53.764838971809525,11.963379157438808,30
142.2142857142857,109.2309838400367,22.754660395016284,51.796506098395184,10.849179189676569,30
142.28571428571428,114.14856914367401,20.31994439018616,50.23601618415053,8.540854550970977,30
142.35714285714286,114.91349403820902,21.53983342834257,51.23726151253123,8.431473819244692,30
142.42857142857142,116.32965662015519,20.862791059755832,50.39649356383514,7.6618582012827225,30
142.5,112.74405200205277,20.599665336485867,49.80884173470253,7.48886683209925,30
142.57142857142856,112.04042845449754,19.319606285784975,50.15917509846585,7.863591039134439,30
142.64285714285714,119.1555617787726,20.53669696230905,49.289045238525134,8.29239737886777,30
142.7142857142857,112.65401582195602,18.959911101399612,51.41391866585139,8.35320965009807,30
142.78571428571428,113.1300002710585,19.36584680122204,51.186633941914955,8.500872478787894,30
142.85714285714286,107.64180311316987,17.875473460699737,43.24421983214256,7.49785333525921,30
142.92857142857142,104.76475466620558,16.87009830693573,43.11734162823446,7.024952762069341,30
143.0,101.10323129092882,14.735827315795582,43.663637137524326,6.390580744282596,30
143.07142857142856,100.24909151817268,16.53399464575221,41.6869003241164,6.428330510673403,30
143.14285714285714,107.63057746258268,19.71267713278897,45.19880540619787,6.914055909123694,30
143.2142857142857,112.48960545639555,23.44350907339445,45.923266902071944,7.819094886994504,30
143.28571428571428,117.42697606415915,22.393173060322518,51.092937724562304,7.8400339959306,30
143.35714285714286,114.6184474560817,18.085377766940812,50.725864792055305,7.156768677985757,30
143.42857142857142,113.32262490384073,17.757580600309947,51.12699318695328,7.377372254012789,30
143.5,111.35634843922894,17.0985097483655,48.59896097277492,8.657082305617855,30
143.57142857142856,94.21535404313367,13.168004553641927,43.10101182636433,6.713468643685552,30
143.64285714285714,109.14444458168381,14.987372123927685,47.772581123397714,7.135490017321797,30
143.7142857142857,114.22411206235958,16.417093431429624,52.464220750109256,9.234805514007803,30
143.78571428571428,112.51134836692435,17.690927987970714,53.76451799905124,9.438360198231624,30
143.85714285714286,101.13000254384781,17.43104259850237,47.788089854410806,8.279462492367886,30
143.92857142857142,105.74207405293537,16.43624520943186,47.328746932905,6.0927477684330364,30
144.0,104.30831187354295,18.471798615583634,44.08781066182234,5.5420103279658575,30
144.07142857142856,89.50017913764245,15.931080206382791,37.64506486108086,4.536321619369604,30
144.14285714285714,91.34165497663565,15.697898576717174,39.49198663237066,5.050779692660782,30
144.2142857142857,77.39872632009454,18.336143097534855,34.67273814253631,5.86674984251666,30
144.28571428571428,98.04515377019294,20.11259125073542,44.35011876658707,6.7743023073324276,30
144.35714285714286,104.39380507769849,23.098581905073644,47.26559542884468,8.331786813807735,30
144.42857142857142,106.74420343661623,21.159294114828185,47.80192981987238,8.08397447386356,30
144.5,86.93766274971956,21.972126095580304,37.56461977050399,7.461699496904497,30
144.57142857142856,98.97731079157029,19.88569188725872,41.557728337104656,6.694145506023644,30
144.64285714285714,79.2489057656134,16.32991180217308,36.16601070363564,7.097931036070174,30
144.7142857142857,84.00565959960372,16.506177566425873,44.049482085582945,11.125370590980106,30
144.78571428571428,99.61164668149765,20.687710566273118,46.07350663688109,10.980068569522668,30
144.85714285714286,86.97871884615414,18.086015099342692,44.78575581365199,11.850241426326537,30
144.92857142857142,94.55099400956861,17.353946235845477,51.88448565009348,12.889875368277822,30
145.0,109.92481185768222,19.471353538859784,62.082024673766185,13.411891570525258,30
145.07142857142856,103.10555190705203,17.762283814471836,50.42933281721056,8.958973824842436,30
145.14285714285714,98.28598423241456,19.340918378298284,47.01321782764422,7.729648331101538,30
145.2142857142857,117.7099887969572,24.467595930792488,53.50447929460829,8.96656357440788,30
145.28571428571428,108.25975020563216,23.14560591088427,48.42455188842035,7.4658853574002295,30
145.35714285714286,87.61381269711528,17.151237876684434,41.4285048783546,6.2485932236898085,30
145.42857142857142,89.7622840922412,16.142648082155965,40.607266054296765,5.789206363428882,30
145.5,81.89483320684498,13.311401475458174,40.1346044926479,6.322914878546336,30
145.57142857142856,92.43755422594711,16.550042278051393,41.0459886333835,5.641138556846697,30
145.64285714285714,91.10654900985908,16.897668712904434,38.61511683473199,6.098553145166653,30
145.7142857142857,91.36747126036228,15.676116113735482,38.72988987614439,6.084776106279759,30
145.78571428571428,89.91591952026018,16.99549064138712,39.101936104447795,6.142421179851822,30
145.85714285714286,97.45929194516054,20.755209212075172,43.533558183359105,7.3936968798515315,30
145.92857142857142,115.52958803647005,24.10621261973662,51.59540218841416,9.229589650640708,30
146.0,121.48184405785113,23.860738273119136,58.867852383312034,9.66030419021412,30
146.07142857142856,121.95440390492689,22.087112586145036,55.60785423025981,8.622671203933463,30
146.14285714285714,114.48749859346765,18.303544244069222,52.13302046175619,6.8142353332648815,30
146.2142857142857,101.78432986019334,16.882052165610155,49.63320614558321,6.481586851893469,30
146.28571428571428,106.05551303503918,20.383311044528305,46.36511078567564,6.378381405300265,30
146.35714285714286,104.21153844285074,18.280914663244957,43.863108928218274,6.214117795139113,30
146.42857142857142,92.63386687007595,15.330169222301402,38.1639343992663,4.795456877215404,30
146.5,94.83054722959201,14.788390777660908,41.79546087195042,4.828419200461656,30
146.57142857142856,73.73230062242285,12.61242175826387,34.52522371915955,4.04328628088644,30
146.64285714285714,95.6706086310595,16.992574620348805,41.545204337375985,5.687471797213022,30
146.7142857142857,91.95996174761866,17.621226410087687,39.79118102487766,5.841145140579757,30
146.78571428571428,92.87158687853521,20.858151131724618,44.24794489604848,7.410644535956443,30
146.85714285714286,96.2429968694779,20.02547552596688,41.938084649087784,7.021966780991497,30
146.92857142857142,105.20897562942655,25.237217524915394,49.31019955086031,9.832514556693354,30
147.0,134.79934542684674,24.923152591210354,63.22292509616896,12.079783618118984,30
147.07142857142856,117.2198007159116,22.021074551742974,54.255676825778146,9.660136733589379,30
147.14285714285714,109.43730725158635,21.39016674150652,53.86737239907526,10.10872824251885,30
147.2142857142857,100.9340323083294,20.202826723983076,43.836799870252435,8.32386859292219,30
147.28571428571428,97.44562065148507,20.399330077301475,41.79762982284243,7.583252264041183,30
147.35714285714286,89.17646920420343,16.96598709716933,40.68449701871836,5.631919524116045,30
147.42857142857142,88.03917061166315,15.337560166399548,36.95221567391118,5.93450685083885,30
147.5,107.4671809764589,16.83105746487472,44.973646603096086,7.10566247713192,30
147.57142857142856,107.27354320304119,17.98612119397851,48.82674365584535,7.823519423379907,30
147.64285714285714,113.23705135719412,17.98660097373344,54.28050781817862,8.474217717957924,30
147.7142857142857,112.33097708153137,18.131357214734944,55.620871571789436,9.85638700580487,30
147.78571428571428,108.987970307824,18.654343299017622,56.107918528847314,10.767572941688332,30
147.85714285714286,108.62433554778994,19.178561492652083,50.30017415123758,10.311060410522613,30
147.92857142857142,106.276656151652,19.15453952806271,51.202204090097894,11.154219731815516,30
148.0,105.534440969504,20.882398214146168,51.9965612131488,12.207746111111254,30
148.07142857142856,101.94346514714218,19.218613993872154,51.827328318876624,11.607209375164919,30
148.14285714285714,96.7382124141653,16.96639061325694,48.19937012379481,10.05587700209204,30
148.2142857142857,94.50083154912879,15.953708334148208,53.07778258927231,10.684351908346924,30
148.28571428571428,112.15509387205616,17.089002386936798,49.42724806076324,8.111467918570478,30
148.35714285714286,116.10843225918896,18.773467861198288,51.70511546146854,7.965708246334184,30
148.42857142857142,95.23866309005679,15.510945723995492,43.56856865491951,7.084520193917605,30
148.5,92.81481569731136,14.186203658386372,41.273485524013005,6.797760714845127,30
148.57142857142856,87.15828351533317,13.159222241680355,37.95789272619438,6.4718365953759545,30
148.64285714285714,84.57026754821946,15.752840471659754,33.63766038620714,5.399573563692481,30
148.7142857142857,86.79884085151035,16.59298602151887,34.02364827237416,5.3809756248076175,30
148.78571428571428,85.62291138945209,15.265394090765867,34.66926824457028,5.043189359101469,30
148.85714285714286,78.80133242429089,11.736811878776615,33.13113091376685,4.089806312749646,30
148.92857142857142,72.78328682757218,11.068200195991734,32.14586817398562,4.160730604604649,30
149.0,78.65404031130065,13.379281720119147,37.06625979384692,6.234414204255899,30
149.07142857142856,76.1620001663727,13.957615577337059,37.305735242326726,6.911894058583864,30
149.14285714285714,64.60325214509963,12.740534023222652,30.63674167889886,5.9175521802083395,30
149.2142857142857,74.12938633809891,17.24872436852694,36.17914437268278,7.156340765541415,30
149.28571428571428,61.70521059599804,12.831270324210838,31.597960977028816,8.091545845021558,30
149.35714285714286,77.89777322336106,14.374419777758044,38.94147711082032,7.669202927497371,30
149.42857142857142,76.14499510971606,13.865011179084002,35.25208969923701,6.4556845771279825,30
149.5,68.616677025241,12.499031816823665,34.073722566874466,6.155130543464938,30
149.57142857142856,71.76775923126898,12.791437788643066,35.77965611912553,6.034833751632909,30
149.64285714285714,81.36765659841204,15.62982457975386,35.48689104981084,6.101485359506834,30
149.7142857142857,81.26956932003085,17.905227069720294,36.02521801848516,6.816779384710087,30
149.78571428571428,83.56824507442683,18.310937938819247,36.89390001467103,6.577398640194495,30
149.85714285714286,85.61781508830659,20.87279247327565,37.10243585844636,7.142300287963103,30
149.92857142857142,88.1770916227988,21.322047490458342,40.86537407374647,7.000742147253625,30
150.0,92.28266624534653,18.966240751683824,41.37759671148625,6.5155150616137565,30
150.07142857142856,96.14052525161617,16.881997609060857,45.182309544280926,6.555779753637664,30
150.14285714285714,97.10109826584038,17.00584618494837,47.609305598824385,6.970100751044442,30
150.2142857142857,82.07342601329336,15.27144477250572,39.9043969262171,5.926192069838268,30
150.28571428571428,98.69618441525084,15.972059433911264,47.15840059307071,6.106709303285966,30
150.35714285714286,98.94123784537456,19.530292469450526,46.673561697270955,6.697728439823495,30
150.42857142857142,91.2737828113998,17.689021047297448,45.16333347880267,6.939742020058376,30
150.5,105.40987481748768,23.141388845124744,48.67902202079676,8.101471284008753,30
150.57142857142856,101.58743886989433,22.885532655923857,49.07208380723719,8.50063160713716,30
150.64285714285714,111.26822603452838,23.120604909845227,53.419599289493895,8.664510897265673,30
150.7142857142857,109.87152202935209,21.90447630133243,49.67403220101937,8.25416728110116,30
150.78571428571428,99.46599598606235,19.81664402197366,47.168436397492755,7.577309588564996,30
150.85714285714286,99.51122204434456,21.229823662312658,43.83078100750856,8.162033221999804,30
150.92857142857142,100.85976679795093,18.15145515038483,45.159033543947906,7.09064046897432,30
151.0,87.31973013720334,16.721335331724195,38.7368845655304,6.058840504655116,30
151.07142857142856,101.04871344098191,22.875786041042186,40.74857444373361,8.295651160592978,30
151.14285714285714,87.90955814291597,22.16803830728389,35.88642352938529,7.603171232540309,30
151.2142857142857,75.2438694205116,18.461958256908964,35.494576536498165,7.05391757265241,30
151.28571428571428,75.55980514857588,15.791341953170605,32.308327428047214,5.422497788450986,30
151.35714285714286,74.83173464982985,17.90856688291397,31.502361342217416,5.681579939499982,30
151.42857142857142,61.09273278427803,12.381706251686794,27.234768325259143,4.229097341134126,30
151.5,72.5489837119726,17.17217103827298,30.16330932204189,5.502783076172492,30
151.57142857142856,66.73090302031683,14.344537086647552,31.304441842456615,5.292065782808797,30
151.64285714285714,78.7593693644226,15.791057556990536,37.39848056686592,6.4196388835863285,30
151.7142857142857,86.84033806057877,19.06724301195298,39.71571236646968,6.686409755104456,30
151.78571428571428,98.49411546131613,20.45991200730829,45.26467301027,8.261623480191743,30
151.85714285714286,93.82632705406026,20.55809779470307,43.712843536601426,7.653188108717182,30
151.92857142857142,73.2828840806671,12.351091016919717,36.66024605003024,5.377272574849752,30
152.0,68.13442244900706,12.888556668084005,33.288325787199454,5.0899627283921705,30
152.07142857142856,79.65516142515246,14.621326104087817,37.52135625681977,5.600502879994215,30
152.14285714285714,82.122773058781,15.789607625604408,35.76620432931469,5.762035216798384,30
152.2142857142857,81.89297078011448,16.988731124116086,36.91689824054398,7.058262559985423,30
152.28571428571428,93.45994876339269,21.80418116971378,43.52975286555288,8.7745040574292,30
152.35714285714286,114.53599166848534,23.96083235938117,53.69767144721168,9.216727994685472,30
152.42857142857142,110.39366280674632,21.912973166934357,54.9915161128007,9.324393219037054,30
152.5,106.54970550779308,20.676876771424123,51.76792200376543,9.125458938856614,30
152.57142857142856,102.53972969542276,20.55017365322746,52.22408531992766,9.858199752217931,30
152.64285714285714,113.19250010285096,21.757802989274786,61.139022640663285,11.53208062274599,30
152.7142857142857,101.23356330504748,15.485715050336506,53.51258780012576,9.329520692236722,30
152.78571428571428,95.19610942227803,15.62176879136682,51.25795295343608,9.94229855711626,30
152.85714285714286,105.63076728147865,16.482144328237453,50.46985440276339,8.344772564234598,30
152.92857142857142,112.49014269217137,20.308050428486656,52.75838383935514,9.488311060631847,30
153.0,105.64715589022256,22.45132369669056,50.23219527375568,10.179905003220757,30
153.07142857142856,112.46158063711668,22.95815658054752,53.54782169043567,9.855324986911208,30
153.14285714285714,98.90136763739152,15.84167845750919,48.293714048735794,7.844367590117952,30
153.2142857142857,90.95552759241548,14.303458140720911,47.396101908778654,8.00886102098722,30
153.28571428571428,85.53454277409766,14.335091125404801,44.05118052053807,7.760633373760914,30
153.35714285714286,80.12614142133096,13.60385814854037,43.574607434749524,8.323087067989318,30
153.42857142857142,88.41714796115016,13.56824164770364,42.89307167329531,7.325496481515316,30
153.5,79.81203953782806,12.659016979456672,39.036766083403016,6.702692125808274,30
153.57142857142856,84.99805797727983,15.95890514009465,39.09306331012355,6.4308020722156,30
153.64285714285714,99.93009279155315,20.922507502782004,43.363799868004826,7.443541988465772,30
153.7142857142857,97.89421170176713,16.638750702043858,42.533409331577936,5.680172576864132,30
153.78571428571428,101.57570031545677,16.89719987191182,44.56681342634063,6.487144571035648,30
153.85714285714286,93.11706501943769,13.921060383109458,41.57826218408156,5.446960011465893,30
153.92857142857142,98.52748003745195,15.530492063786742,44.06998565443553,5.93783460000812,30
154.0,84.22851946933177,12.08657629927254,40.83347078976623,6.177439052244151,30
154.07142857142856,80.91123314604242,12.245667112286176,40.18321045509076,6.748271888498932,30
154.14285714285714,82.786796194033,12.935895202346222,41.493830227637275,7.178109556631675,30
154.2142857142857,78.17197166822197,16.838050470577965,47.13960496908412,12.991429444368682,30
154.28571428571428,67.94759289055895,16.30274454174183,44.93230767687093,12.889912780005035,30
154.35714285714286,64.4399821685163,13.800997217622946,41.9197077606133,11.30221828589932,30
154.42857142857142,61.8318152511751,13.04985649711822,41.252860487100406,11.07006045430808,30
154.5,67.08075492183512,10.065346417246415,40.59291048436449,8.500464953006638,30
154.57142857142856,73.052241808951,11.580985321686272,39.80365227238516,6.637122172838881,30
154.64285714285714,75.64916014286945,17.671219673684014,33.70588430844835,5.805967584566903,30
154.7142857142857,79.80580943033536,20.2138990334026,38.91285013059467,6.989293797157276,30
154.78571428571428,80.18509471131043,14.308944668430378,39.158975198816904,5.939454838610346,30
154.85714285714286,63.93596306943003,10.893190854704477,32.22144940860416,5.3079079321922755,30
154.92857142857142,69.19558409525334,11.846221069180041,33.495510403973405,5.587840461935327,30
155.0,73.33911965519286,13.334868476196668,34.412481161530415,5.849937000583771,30
155.07142857142856,77.12184387027465,16.053324562921553,34.49456644634973,6.5094177358035035,30
155.14285714285714,72.39151941417519,17.115394822740498,32.89914474760318,7.052321757887295,30
155.2142857142857,88.68819205761793,22.16823923852835,37.16877648061943,7.558629211478274,30
155.28571428571428,95.6584745681902,21.24737532068432,37.76439601968403,6.738787970429059,30
155.35714285714286,99.81280368554805,19.944822792786997,40.98593845159985,7.005817665935488,30
155.42857142857142,95.49964720170074,18.199480790525758,41.11265508893264,7.418925489287073,30
155.5,77.56180024150589,11.937032909844286,37.3000620525276,6.24264891187381,30
155.57142857142856,85.23620710688733,15.983862642308022,42.39411159626666,7.375337229678792,30
155.64285714285714,89.05157961797286,16.733149405497542,45.273639045059745,8.18912287968298,30
155.7142857142857,83.31858000366019,19.639643306748784,44.7992017099182,9.093270883441436,30
155.78571428571428,96.97302151839739,23.784479609288468,46.07427714666349,9.323826001243521,30
155.85714285714286,94.34964771920046,21.58442779957969,47.874748411269046,9.117625320553056,30
155.92857142857142,93.0821383847833,17.652957989335388,45.28977035271149,8.794849993558872,30
156.0,86.01573351318399,16.179300697110467,45.03790673317834,8.439178888396578,30
156.07142857142856,92.71539512565126,16.949434374025856,44.29928479918082,8.273503633982735,30
156.14285714285714,99.3404660383622,17.587161174013612,47.80818194988559,8.287905814376629,30
156.2142857142857,90.15140554030664,16.40141836881569,44.4240378756328,7.777182704058852,30
156.28571428571428,85.8896850315582,15.554652314375291,42.07407386769304,6.946412179472445,30
156.35714285714286,78.78483217610714,15.025733101682823,39.437590076318976,6.809058928856726,30
156.42857142857142,91.20868544213654,17.017368447106357,39.349975984702596,6.661956960642626,30
156.5,77.0903771117169,12.089825031226944,36.96957179775953,5.7067149907189485,30
156.57142857142856,73.68678881580274,10.438434212729248,36.2309413071368,5.1412226033739765,30
156.64285714285714,80.27007241263239,13.768501187669154,38.27486704808828,5.3585347153502205,30
156.7142857142857,67.9992438570996,9.922460551841779,33.08986208861176,4.424019462284562,30
156.78571428571428,65.67174983348515,11.23649063342832,32.31175227337535,5.256023145446411,30
156.85714285714286,70.31475188201038,14.449162479871887,32.876137468619106,5.454392528521186,30
156.92857142857142,82.21030018263708,15.92910220826888,39.26417214501634,6.163245078378184,30
157.0,81.92918397573328,12.586680872329977,42.5197803901322,6.628173012828997,30
157.07142857142856,64.54078368875064,11.120956723755418,33.47948404953425,5.669510484009407,30
157.14285714285714,71.51594625792286,14.48468110920298,35.309973444756785,5.277818917787289,30
157.2142857142857,80.03963459851212,15.89061668584978,37.49102068962995,5.196446890601609,30
157.28571428571428,75.93075072256057,14.72818646827901,33.65956137493747,5.047457601131994,30
157.35714285714286,61.06114320297915,11.998239376501864,29.867840124443696,4.567158462299319,30
157.42857142857142,60.11124768133188,13.008314865681044,28.164394586492723,4.694572804330368,30
157.5,77.7603058837982,16.248630741883165,32.653601542787996,4.987174640455381,30
157.57142857142856,97.9773635054948,19.83292196634923,42.60632668491952,6.272389229131978,30
157.64285714285714,99.51527433664644,19.787352144480337,43.747584866855384,7.299635358775145,30
157.7142857142857,95.16195696990786,16.285545819132494,46.01235591921715,7.494628323430331,30
157.78571428571428,112.19337201015115,16.955595847441092,53.32989632282775,8.436166104072468,30
157.85714285714286,115.4888261656969,19.0552476724522,51.25028610748837,8.913598606890876,30
157.92857142857142,103.5810815430541,16.663544902625503,48.73386878894109,7.9093486332582215,30
158.0,89.26006432101046,15.620401940724918,39.48305949674306,6.825900724117229,30
158.07142857142856,87.72672127076619,18.001722008052177,37.51141237856322,6.9812273133698515,30
158.14285714285714,94.67724862874526,20.009342804278493,41.12788695609719,7.2580928336609665,30
158.2142857142857,88.47412322208982,15.175267066248772,38.5585323037746,5.569533761603742,30
158.28571428571428,79.08947968743888,14.359771315085977,36.57224365371202,6.226017282191797,30
158.35714285714286,88.83544138668778,15.611864416412713,36.967622364926754,6.81776710650271,30
158.42857142857142,93.13608065344039,15.712080430965589,46.374920175153875,8.22134697175139,30
158.5,93.56736524623818,15.32415625929213,46.05271829716702,8.817672316140195,30
158.57142857142856,83.49736252112298,14.660813435026775,45.31366924212558,8.97794880655464,30
158.64285714285714,78.47113573203602,13.123301951375959,41.405187103520035,7.936600581762039,30
158.7142857142857,80.38042404886278,12.644892916266988,39.48286529955897,6.810564085549577,30
158.78571428571428,82.86311041532657,13.260062979137112,40.2775143174091,7.42638680858694,30
158.85714285714286,82.5608004515747,13.435339237125229,40.43810939549345,6.386509483612498,30
158.92857142857142,98.15401103083836,16.226072999886696,42.994396259181855,5.676925013543686,30
159.0,104.94172726092835,18.373015371479518,46.03055863543722,6.0590721009964055,30
159.07142857142856,109.80516736178552,20.413993076455853,45.65630808684893,6.233154673241523,30
159.14285714285714,99.3091575139898,18.81926065887042,43.57730528390113,6.015822974007591,30
159.2142857142857,98.93048395251597,19.039788293117258,45.036025208114175,6.772108919270163,30
159.28571428571428,95.8755719670357,20.20497467017324,40.63344741433255,6.900232216268995,30
159.35714285714286,99.89260944164099,19.777791219333167,43.35006991545381,6.577698082130628,30
159.42857142857142,82.52370068145804,17.04904939997572,38.363516993181626,6.98796729565524,30
159.5,84.42473928218307,15.77458914050511,37.99056157229819,6.51419947699299,30
159.57142857142856,80.74216798752593,14.57186491475833,37.97967007623663,7.083924735016286,30
159.64285714285714,79.93192475274523,14.723000306041094,36.27942798033262,6.432279761883548,30
159.7142857142857,68.33862451832265,10.711274729846672,33.657820593360654,5.915521979757493,30
159.78571428571428,80.95319998569686,15.522955233543643,37.32037249668392,7.46934846911864,30
159.85714285714286,69.56061852718649,15.847328919922791,34.23208999175659,8.024560675243679,30
159.92857142857142,64.08712223970946,18.652566445824736,30.64839523702862,6.727152152666299,30
160.0,67.22028240063004,15.91972364087687,36.71871631160453,11.297455543518796,30
160.07142857142856,80.47343732615833,16.480644677199226,39.13464486655694,10.304461433366106,30
160.14285714285714,79.54302095242748,17.05529089597902,39.427359974199014,11.501247998300592,30
160.2142857142857,80.94764027019615,17.498074745740123,44.492813870017905,11.86625725370135,30
160.28571428571428,87.18283914745786,19.958917624477824,43.310750401566466,12.866160382988996,30
160.35714285714286,100.55250914920923,21.653088037413884,52.61241345046265,12.711748858579845,30
160.42857142857142,108.54645533603343,22.681975594426834,55.222965926727916,13.352470775832115,30
160.5,93.9942974361928,23.302599226289118,45.8613302772717,12.958238979036114,30
160.57142857142856,88.73296270943503,23.949038302789507,47.05002467890783,13.105309291299825,30
160.64285714285714,79.7707550130609,16.604307087053964,41.80798932414598,9.428824544200463,30
160.7142857142857,75.09768172019824,17.81145370530218,40.13708246347416,9.16986984480657,30
160.78571428571428,93.93610571725254,24.234045410341867,44.53601607490664,9.293714390138508,30
160.85714285714286,87.90061166032126,21.926849178296987,38.50604146910932,8.146984718695219,30
160.92857142857142,87.71670612796306,18.3449894086046,38.7917267562761,6.845539585509162,30
161.0,81.40425640994587,19.996008836000392,36.791162313942664,7.353056601417466,30
161.07142857142856,93.7242531694573,21.368573086656784,41.055094468975106,7.5431333727479215,30
161.14285714285714,82.52209665969247,18.878710028772783,37.720315644114045,6.966582402573753,30
161.2142857142857,81.64234145696167,19.20185888297354,35.88139663606534,6.933182333369853,30
161.28571428571428,76.76058547260654,16.424966549554412,34.883738764524004,6.256069976788838,30
161.35714285714286,76.90462487958503,16.521160067845152,35.72079185816883,6.828105966078941,30
161.42857142857142,75.71366744519047,14.99400301290348,35.872401119968124,7.419577644208772,30
161.5,80.42782265767201,16.46794459101553,38.99683294508405,7.964935241358136,30
161.57142857142856,69.32202479092311,18.99270320409668,35.149474928107416,8.650416705507874,30
161.64285714285714,69.29719222053343,19.67744291271192,33.34428290845204,8.235781679719324,30
161.7142857142857,59.05039739032829,16.50071163137332,28.59446139750776,7.694425776529485,30
161.78571428571428,58.922834162664145,13.896926847148787,29.769885305941703,6.907508868697795,30
161.85714285714286,60.14332355929134,13.44617688133768,31.17015763561509,6.739517088467566,30
161.92857142857142,65.33620840347429,16.02004241948518,36.872756388308225,8.036049344034591,30
162.0,82.7772898351119,19.323951822377897,37.321043081730146,6.892570367102993,30
162.07142857142856,93.84034005173108,26.219600659257026,39.04197586815041,8.378902112326124,30
162.14285714285714,81.89226988203082,18.283638168306183,36.99295018431054,7.082038163363788,30
162.2142857142857,82.87797639324405,19.73061626444071,37.31589006255981,7.748159721535796,30
162.28571428571428,83.44963838954315,18.241619803453798,37.14253152917234,6.724566420990036,30
162.35714285714286,84.31802832309064,18.011084476003685,34.67099392231147,6.561543359872647,30
162.42857142857142,78.75019031258498,18.435775574399514,40.138171275236836,8.625614245724082,30
162.5,82.7794414037962,21.218016565366824,35.61480854630161,7.980383055835387,30
162.57142857142856,86.50711947569532,22.02077021754417,37.14629130814753,7.535815349792658,30
162.64285714285714,69.39440678576207,21.899361283657733,30.02062063059667,7.701154548485384,30
162.7142857142857,70.38860358798142,18.980929043909743,30.548031074077727,6.601968024897415,30
162.78571428571428,64.46136089179399,13.67070799349914,33.05566238592338,5.314965124708542,30
162.85714285714286,70.68421283978921,15.206245055334104,42.76457107579615,10.398565339792594,30
162.92857142857142,73.75629345990961,16.04587691198873,37.17198618694075,8.44010545833253,30
163.0,73.85030254585585,14.525235041898442,38.498640115450534,8.19010129291621,30
163.07142857142856,68.7586480492353,14.451875093219183,34.05367448005862,6.68642205956322,30
163.14285714285714,75.37702950739305,17.08844030323881,38.89700842629367,7.621692290190903,30
163.2142857142857,61.855538364073844,12.689715725184922,32.62145195617629,6.635280383195655,30
163.28571428571428,63.53405761617149,12.164759236559057,28.486944333019594,4.253647830281775,30
163.35714285714286,63.53802945556375,14.997441020288548,29.765397453505404,5.3424529408660355,30
163.42857142857142,67.93154509957111,14.165414680322296,36.47952874566559,6.393433344876644,30
163.5,87.54297695955017,19.718517882757077,41.59577073334342,6.98789958785948,30
163.57142857142856,92.05702713399346,18.49987294900484,47.377039878808375,8.476750682502368,30
163.64285714285714,84.12962046379579,15.76694063769261,45.11914787596938,8.393447847022994,30
163.7142857142857,88.78195810187282,16.781484700992642,47.556797186591176,9.450663291160215,30
163.78571428571428,76.22581636373299,14.751520380241045,43.49272888757098,9.9399323197548,30
163.85714285714286,84.44302046184676,20.65633694928347,42.291208712288224,9.463064921284769,30
163.92857142857142,87.11754369319688,24.15753877566726,42.090511498665045,9.853455150272765,30
164.0,89.78684770942834,18.443466498766263,44.81325448330248,8.931024816719678,30
164.07142857142856,84.45458439208959,13.711994575887298,43.668785672378625,8.080975118658074,30
164.14285714285714,77.49016113064327,13.410442388598586,42.352333426509595,8.7040389627427,30
164.2142857142857,82.16535339938386,14.949408279059176,44.524483387508624,9.000226657062452,30
164.28571428571428,92.23580867302483,17.663769387394417,45.51232172846712,9.060195979345163,30
164.35714285714286,87.32522055994735,15.577977177376836,43.562183057376224,8.549053827534976,30
164.42857142857142,93.44341526956747,17.10269467849513,46.37327369690384,8.54846141737156,30
164.5,110.73168711423064,22.997452708673467,53.03794099809786,9.456741997160474,30
164.57142857142856,115.67137929527117,22.299647883258242,53.251774120973124,8.698390656377796,30
164.64285714285714,130.44541507097145,24.039907329629063,56.708694161764356,8.55430273598535,30
164.7142857142857,117.53392826934991,17.178155584848774,53.63580038831396,7.219504869233855,30
164.78571428571428,105.0711261493332,15.17212372760801,48.28915077098594,7.319058225660467,30
164.85714285714286,106.46149245775156,15.251895062273897,48.66793997583766,7.390655181659935,30
164.92857142857142,113.046430172615,16.892037948745028,51.071228493393335,8.499121539279086,30
165.0,89.01440398095349,17.186086547415403,42.93053017674735,9.39001645284664,30
165.07142857142856,94.31353175179478,20.234117810580546,42.074879021222,9.737661849978938,30
165.14285714285714,74.30537369099686,19.961003129272544,35.83565126411375,10.702558416969081,30
165.2142857142857,59.93428713334298,13.472559207008675,30.632324857746433,10.03934379480309,30
165.28571428571428,76.81833332611292,17.176440841576962,36.838579886549006,11.207797450834768,30
165.35714285714286,82.69602527350735,18.981813951110865,38.64977415517511,11.116741548445336,30
165.42857142857142,87.73685678652441,19.679602050261533,40.01471000379502,10.958622402372436,30
165.5,85.75608958752713,20.08178421042205,39.01249822697018,10.428328756144461,30
165.57142857142856,80.22003196003094,15.7075992586831,38.94684848435567,9.015049652509202,30
165.64285714285714,80.56908763508963,18.229906418463894,37.20577989117982,8.641966332627566,30
165.7142857142857,94.9250808312079,21.998352574839405,39.66059723622086,8.282208677633697,30
165.78571428571428,101.15519017981634,24.40340371589329,41.4936474203825,8.528663426426126,30
165.85714285714286,76.25786312881482,18.850696694588677,31.980715713173783,6.915138541289096,30
165.92857142857142,72.74879517109551,18.50870094207037,30.041229705060214,6.654606373699157,30
166.0,67.69722896061843,17.571666573400986,29.09596210640629,6.3899433472111795,30
166.07142857142856,71.07925273403298,17.604282177081142,29.068959372904512,6.346134570703389,30
166.14285714285714,69.7069420519038,15.380525689310273,31.359190947669575,6.392975495960839,30
166.2142857142857,69.47292525170874,14.326840230684203,35.915046917900696,6.948028744095428,30
166.28571428571428,71.83148816536543,13.280987131013617,38.86424037168436,8.284013647812378,30
166.35714285714286,73.18271307799364,12.182388300859849,37.72135063815082,7.575640621044574,30
166.42857142857142,64.63774918220773,8.615602267121547,35.7713138211585,5.770185297807606,30
166.5,61.622201158147874,8.186824586649966,32.69593272222708,5.636231277872291,30
166.57142857142856,52.42021270631248,9.167336816996045,29.280881643936873,6.283514496318533,30
166.64285714285714,54.59917056413409,9.549004336094406,30.44577692089275,6.285789102262037,30
166.7142857142857,63.67806232131322,13.103088765347735,32.74722205469707,7.256716587251299,30
166.78571428571428,63.083073617995296,11.386665840095217,33.88639481825557,6.765290524445568,30
166.85714285714286,65.85518140432481,13.49124587132838,33.27204520307053,7.5610005698197185,30
166.92857142857142,74.19998835537199,15.459315998210506,37.41829610934469,8.211776845060912,30
167.0,81.38972807555085,15.540669269768017,37.522690053485064,7.131096395871977,30
167.07142857142856,83.50128903086522,16.271555517972857,43.20710957600584,8.079275505918275,30
167.14285714285714,83.73107266860933,15.569150641672676,41.40598740719488,7.8964148907322675,30
167.2142857142857,79.25142891658169,15.27455190319478,38.404680100902524,6.892248672770257,30
167.28571428571428,74.41224271979736,14.17139732148628,37.793624257919475,6.833028837647761,30
167.35714285714286,70.99390647598709,12.513829539471308,36.71612692031105,6.301726057519606,30
167.42857142857142,65.19478041482093,11.733823601991755,33.06315175612139,5.973902766015486,30
167.5,68.27529873444928,12.158611603886966,35.6765998227744,7.207266768310997,30
167.57142857142856,76.23012209717527,13.075318997757522,38.42226108719593,7.144414960813403,30
167.64285714285714,74.5938614822333,13.719683550011162,34.592672914243856,5.638544907453786,30
167.7142857142857,78.76834107322566,14.535252886665907,41.4943549029847,8.266777740809955,30
167.78571428571428,65.41864554656308,13.844871888894787,36.957996917685726,9.126184519852327,30
167.85714285714286,67.38042244934968,13.723075708392008,38.714109196782076,10.425578037576615,30
167.92857142857142,69.16077725250743,13.985075740113246,43.24170465209451,11.845332198940714,30
168.0,76.35781936084824,15.266269034209389,44.54217355966062,10.874127945815964,30
168.07142857142856,74.07398578608964,12.638598478397876,42.75744702444623,9.789635646107802,30
168.14285714285714,79.24410148120752,13.666826001347573,44.333761014107125,9.622924941790297,30
168.2142857142857,84.56239268541145,13.843001614408054,45.15640909608863,9.350863281962809,30
168.28571428571428,91.0119197041224,15.318434727617108,47.869951951477645,9.433906596454667,30
168.35714285714286,81.53774284500867,13.711149749103656,42.600782627679635,8.768043558757462,30
168.42857142857142,76.48475785829466,12.984401424318076,43.50344972862212,8.723764209554977,30
168.5,64.20973186179485,11.31788113773863,30.25542972677434,5.485074792806015,30
168.57142857142856,76.03107564729902,13.801633614404878,35.82464688677618,6.079564962151349,30
168.64285714285714,83.55294803023655,17.012767247872635,37.90462852737216,6.601991665196367,30
168.7142857142857,81.19777228087034,18.26751021531181,38.748892072094414,7.63058971872522,30
168.78571428571428,76.7954295195188,16.46967230311931,34.83536996037482,7.057320338207703,30
168.85714285714286,75.4239807404579,13.023402189024372,39.196411552708206,7.3300611623343634,30
168.92857142857142,66.30626242890204,10.311721760156841,37.048464843897754,7.355213984101508,30
169.0,68.83621130292062,14.12683461643745,34.78394935917895,7.288019710630678,30
169.07142857142856,69.52573811009198,14.160041123912887,34.44604334841604,8.002219409773424,30
169.14285714285714,58.99600689775798,11.461070136496826,28.143020417796887,7.236661287501626,30
169.2142857142857,83.63619104644859,17.851608045284586,35.923598790838454,8.157969443577139,30
169.28571428571428,71.8256726488501,12.169054778668976,32.7756658953659,6.775074097701973,30
169.35714285714286,66.16269558738485,11.33249824209505,30.723099981725056,6.806782002656527,30
169.42857142857142,62.95941508310866,11.82471814054072,29.89414552642035,6.683916410082544,30
169.5,62.16655831703844,12.397595040291208,30.906545160948216,7.749819468084957,30
169.57142857142856,59.71694955760295,10.09087667996307,32.55129757414486,7.6056461765495875,30
169.64285714285714,73.41642147780435,13.764416195325804,40.12871959950172,8.880493621510054,30
169.7142857142857,68.40115367896996,14.415672403508571,35.8482598755065,8.852868434664435,30
169.78571428571428,73.71896212622833,13.96937484551876,36.84408678821629,8.28313115643632,30
169.85714285714286,64.39419937985387,13.137517971368146,34.46810854965094,7.849233854996916,30
169.92857142857142,67.43520151098495,11.730715228856866,32.80103831637584,6.82494569456115,30
170.0,68.10054404408456,12.494996553928987,32.96196720252263,7.022962082736897,30
170.07142857142856,70.38474644403045,12.558467407438268,32.67510519239145,6.990767688594906,30
170.14285714285714,65.07848651649572,11.863773100150423,32.513062473881675,7.353876158598476,30
170.2142857142857,82.84908840560864,16.075689979599783,41.26242668265542,9.065226834083145,30
170.28571428571428,71.38212152181008,16.232810920766727,38.128257556917085,9.927021318363323,30
170.35714285714286,60.15386288298735,12.132699724026292,33.98393256453376,8.941398835018562,30
170.42857142857142,60.54958820122412,11.190442190216986,34.546740697042765,8.33455218864008,30
170.5,51.41489430037874,9.36577926685037,30.350498034659108,8.877865136708424,30
170.57142857142856,49.41348611406913,10.119530569020682,28.46304808730103,7.102674555145174,30
170.64285714285714,46.061952488881346,9.971884288726176,29.57956092622673,8.617080645469567,30
170.7142857142857,55.710911700060315,12.136576965005414,27.81766950740481,6.757473275817916,30
170.78571428571428,57.43902010363559,12.862752409096224,25.990811098485374,4.729260275747402,30
170.85714285714286,59.35048624999629,14.554817727429377,26.60749038810206,5.393065137221271,30
170.92857142857142,54.00785374638094,11.172718734978266,26.86614801892689,4.953824927288207,30
171.0,72.38212506617191,17.181847442191827,34.57938181086157,7.200952057100325,30
171.07142857142856,65.1515552314303,12.594494610469678,35.747742164722645,7.921231946942952,30
171.14285714285714,81.04267873481014,19.183576976942188,41.747359859114255,9.807109771503125,30
171.2142857142857,84.24762726314962,18.197472377064965,43.30497857277894,10.161177157319965,30
171.28571428571428,86.83495418206232,16.502119397566005,42.39392756786014,8.988884016681068,30
171.35714285714286,89.86090410589463,16.040785709720183,43.312920190901146,8.75857896378901,30
171.42857142857142,89.17789363107607,15.783632645873388,44.819155524269846,9.293595580358872,30
171.5,102.14615179957418,17.800306130555423,49.73764888828131,9.496572280408982,30
171.57142857142856,96.44824245495472,17.93503157181962,45.491403650600276,8.91916583476457,30
171.64285714285714,98.93299557939669,22.17000060098945,44.693608731157425,10.243202429655799,30
171.7142857142857,107.2431442526275,24.201054085369517,54.46452256285551,11.95778994928666,30
171.78571428571428,105.93648341001509,25.22373486023605,49.0600759910618,11.885938989659298,30
171.85714285714286,95.33050567786437,21.955177204872957,42.88165252992837,9.720642608171426,30
171.92857142857142,92.32389751435156,21.95595196627248,43.326417802627454,9.669685410320351,30
172.0,86.76581002695187,20.23078659760197,39.960308398767005,8.402313789879598,30
172.07142857142856,86.91683443197876,18.706651602263694,42.685625732299734,8.982930341251869,30
172.14285714285714,82.68741834343268,19.26272936840537,36.11665526750888,7.13976737121491,30
172.2142857142857,78.98962970099667,22.06664293959998,36.677826022342714,8.194544626963603,30
172.28571428571428,72.05534748521156,22.557809131064758,28.437109333039587,6.997044649774711,30
172.35714285714286,71.92561526414194,18.822600396932298,28.11047651584383,5.87515268273279,30
172.42857142857142,74.34550567930567,16.892560107825947,33.39519040171452,5.803184994223951,30
172.5,73.33256655689527,12.788708144329785,33.2312768435018,5.673806147806052,30
172.57142857142856,67.43822146010602,13.937881259207044,27.02570631541706,4.556626435182405,30
172.64285714285714,69.47470214785515,13.058516868132473,25.870225544165837,4.566038956407961,30
172.7142857142857,61.92784012897685,13.081169518028716,24.930634017636127,4.855059855414102,30
172.78571428571428,71.32883476865173,13.007026080744877,36.108743134714295,7.796885161916503,30
172.85714285714286,63.35195428208925,10.778234026585675,25.750603538442455,4.843547118964215,30
172.92857142857142,67.85234863167994,10.632464001134496,32.63892273187362,4.8761776988843115,30
173.0,71.91760516398124,12.101586708694548,32.418490101371646,6.127874152801412,30
173.07142857142856,67.88864929211876,12.35162862916691,31.668226757386105,5.6388009852251,30
173.14285714285714,80.67400445649922,16.354262579635765,37.2421157504069,6.6656877014348,30
173.2142857142857,70.7722042287354,12.68741376553478,34.521476368215374,6.180602512539685,30
173.28571428571428,66.88794343682262,12.966576153628445,30.9401600294916,7.694432097549905,30
173.35714285714286,64.23743438613401,12.216038016132718,29.511658670772874,7.735013308334486,30
173.42857142857142,69.32474023696254,10.53565881185848,32.30627713807663,5.605724642591148,30
173.5,64.66418055318921,9.573588082783097,32.021665021049515,5.31864460963682,30
173.57142857142856,66.96786647848057,11.736815813423942,37.80506269918119,8.031344122681778,30
173.64285714285714,67.07922272713581,10.488448779967026,35.31197044437784,7.232751270089173,30
173.7142857142857,67.00840542631637,10.572573512701693,34.35224072492712,6.1467728410335045,30
173.78571428571428,66.63715899649166,10.32097915978923,32.553826101269685,5.377677504731927,30
173.85714285714286,64.22483153941617,11.368725181606989,27.014155156352714,3.950105152127059,30
173.92857142857142,76.02695575789336,12.951899105254302,32.92519089517943,5.298850927460632,30
174.0,75.04497240212922,12.779009497383479,32.31211986522732,5.294305414456994,30
174.07142857142856,82.92348551876296,15.341271563723772,35.66401671816068,5.584400653603767,30
174.14285714285714,68.50957478940398,13.681015838812002,32.241666208990566,5.626582005900067,30
174.2142857142857,74.46213916241462,15.13046893707822,33.151728534982745,6.077715068485227,30
174.28571428571428,66.31476529320982,13.690262059307926,31.908483100621936,7.250099006459099,30
174.35714285714286,71.73488527733205,15.105595258322474,33.09628946207968,7.244721313338722,30
174.42857142857142,90.76047360118747,18.75794612903112,38.222797534821076,7.8059096283112055,30
174.5,74.78241702991608,16.474325078847166,34.151969051127985,8.017936103044379,30
174.57142857142856,84.43940583682266,17.130716723361385,39.13049590283312,8.027533810573773,30
174.64285714285714,98.23819081237201,16.076859618289,44.65575292474016,7.400148894296968,30
174.7142857142857,92.81689945912261,14.658314277676896,47.35135293439547,8.304114516470843,30
174.78571428571428,93.52632900588179,14.129812697706038,47.99766076113171,9.05649119959519,30
174.85714285714286,88.01069877354598,14.041527933060687,43.77950219900753,8.156299128393265,30
174.92857142857142,92.8342844817332,12.923356864598158,46.804846865874886,7.94324431094408,30
175.0,95.53163933012411,13.3338568917531,48.068734867355495,7.844944995299424,30
175.07142857142856,86.96076473080322,12.778489556700553,43.46351968359642,7.0422118063038015,30
175.14285714285714,94.77909508531698,12.820924672793463,43.94625748555033,6.688896664479621,30
175.2142857142857,74.3321862748651,11.344426682189882,38.48307001521524,7.113435967791857,30
175.28571428571428,79.34227023698931,11.253088287880892,39.13909610609716,6.2935538451277875,30
175.35714285714286,69.07930413537439,9.262638003115823,36.507630523252274,6.314811281091771,30
175.42857142857142,70.98561373410843,10.61895716989031,37.545083774676826,6.631036481734139,30
175.5,70.2568282693389,12.977161661108504,36.77843397572868,7.11347473911482,30
175.57142857142856,69.06535053314929,13.500137511549477,35.540918543900936,7.239241743662488,30
175.64285714285714,74.11954372125138,14.194466842475684,36.094159435626544,7.040511611515011,30
175.7142857142857,59.96253080067863,9.92857144575628,32.0059518589144,6.417971070801625,30
175.78571428571428,90.2525757516072,22.055058256465667,43.56335126959718,9.578961590074595,30
175.85714285714286,89.42415393482958,18.95762591632912,47.32591113522748,9.660091733585125,30
175.92857142857142,73.0599847728417,14.011642610814553,44.2724393116403,9.325001845839555,30
176.0,88.6129808347965,20.304149076369214,44.50227305781408,9.189224844385755,30
176.07142857142856,91.75228067844839,18.76693733090446,45.50156476750183,8.60602072478417,30
176.14285714285714,106.72480619362808,19.810279396166926,52.57923677196529,9.601824550430374,30
176.2142857142857,104.29236240857209,21.969768519557988,52.1707465197473,10.304821227080526,30
176.28571428571428,80.4599754249206,16.02951369909672,40.28518512699361,7.6383503845427825,30
176.35714285714286,91.75863470226925,18.824553186057795,46.08112188141714,9.285129898811874,30
176.42857142857142,76.0037563864936,15.35264434540605,40.44879120646064,9.741320168425442,30
176.5,75.74916838887133,15.630120517296216,39.363227889963575,9.257715813882344,30
176.57142857142856,94.35698987865062,19.39779831390802,45.3887409997353,8.917581646484152,30
176.64285714285714,92.46882866421704,18.026542406898912,42.83172831184624,10.609683697360651,30
176.7142857142857,88.63110104761961,16.970518386164432,45.285795691150014,10.634083218409058,30
176.78571428571428,90.31783821555847,18.52641584302707,44.79883685162334,10.627616010115126,30
176.85714285714286,87.30495837779179,18.58159238872579,38.91622719468349,8.163757319518826,30
176.92857142857142,82.51422165963956,18.56000625927869,33.85268828736399,6.2855637116840155,30
177.0,81.43862650802784,18.92986458798594,31.75596617711866,6.068910744785207,30
177.07142857142856,79.39542671278366,20.039921359417825,34.18326870245052,7.860030365579619,30
177.14285714285714,68.16103031789919,14.79142595604208,25.89764573158314,4.5333492681977265,30
177.2142857142857,56.415405589192304,11.421812895236956,25.62168128199634,4.444164730939063,30
177.28571428571428,62.57298223667817,12.899483339542748,28.866562974629577,5.251705932856893,30
177.35714285714286,58.68646110779353,12.979054852857516,28.324662966927512,5.860309052188428,30
177.42857142857142,57.24094438251884,10.91240390137008,26.7482796089534,5.471891583048758,30
177.5,63.396041018195774,15.052675387105579,34.833182866632164,8.613038589286955,30
177.57142857142856,63.21937646672857,16.44142422610707,37.53815057859161,9.757979293217371,30
177.64285714285714,62.15639235035721,13.064988210109352,36.39242109358358,10.420862107057427,30
177.7142857142857,48.64685455382114,10.84164413312191,33.221452717402904,11.109519212911621,30
177.78571428571428,62.1186437269153,14.323290025462313,28.310600563447125,6.802302310257447,30
177.85714285714286,75.00691338851465,19.63284081351043,38.59112811359139,10.051906562972095,30
177.92857142857142,77.56338058387674,13.822532325716772,38.92279489365233,8.801750627760313,30
178.0,73.85220825981942,13.156170832995095,34.88935417510888,6.73674247026034,30
178.07142857142856,59.11161101322418,11.907924664112251,29.577645421694456,6.319145410270033,30
178.14285714285714,64.87795485717,15.38486424278284,37.706808439618406,9.663840390207323,30
178.2142857142857,65.6435494123506,15.364913498669436,34.35498612744201,9.054244304834832,30
178.28571428571428,56.83825583290989,12.230673903944716,32.24364268614602,9.089152723920812,30
178.35714285714286,55.663755320127535,10.07810834234062,31.11230622355025,7.27552914005484,30
178.42857142857142,58.55858698950092,10.579422280846464,31.308883193574832,6.463192581178676,30
178.5,74.07327375275777,13.502224266098393,39.755952535807154,7.471857611784375,30
178.57142857142856,76.3421146269798,14.801442848167044,39.90167312056864,8.142889627559487,30
178.64285714285714,62.431975014627,14.180877242062166,32.55639832762898,8.525846752260776,30
178.7142857142857,84.65667779224142,16.42976460135798,43.907193378796826,8.632747364564313,30
178.78571428571428,68.79715843275594,12.887205438113442,32.631944985999546,6.63446521166347,30
178.85714285714286,74.48763156486078,14.322655839623772,30.307586782700895,4.975668288753075,30
178.92857142857142,58.81704540576184,11.231106702327505,29.340849402448526,6.0565221014282775,30
179.0,70.38126924632257,15.485634359994469,33.574161066390374,6.757577039710514,30
179.07142857142856,78.31626938171007,18.04321577334869,34.52265690928531,7.1188346944082115,30
179.14285714285714,75.62812156725697,18.30529907454829,33.330919199112266,7.0394023548182485,30
179.2142857142857,68.6128225120847,14.24347541299887,29.823351689242873,5.380293860687376,30
179.28571428571428,63.9721317828824,14.701670837614524,27.123766882975424,5.336308085474474,30
179.35714285714286,65.19346714402256,13.840470209829098,29.955342886750007,5.656918841818326,30
179.42857142857142,64.49342508439443,16.93702489201073,28.115494198515517,5.9415838548598625,30
179.5,73.8112353632607,18.280988527209995,34.13504357253484,6.60491823981577,30
179.57142857142856,74.76866355662418,16.34584484528763,35.34591714894906,6.45726010552866,30
179.64285714285714,81.99580482485186,17.51916160033475,40.680209580486405,7.978180837268209,30
179.7142857142857,84.65254676007734,21.10526634925056,40.647258868047125,8.835867323739246,30
179.78571428571428,80.94962238003856,20.865753038671908,34.038638919562814,7.047187413073831,30
179.85714285714286,74.40619729740573,17.45555573386618,30.90089245430188,5.747707077020953,30
179.92857142857142,68.44094627647769,14.96496661699609,28.948669273241485,5.165698334616954,30
180.0,70.70195232198702,14.158635503358305,30.602223502347616,5.017378066676506,30
180.07142857142856,74.23816024004589,16.076948938794505,34.21319158901728,6.020955725725587,30
180.14285714285714,79.34326339835356,14.97368577244577,33.107177742701204,5.504588782692975,30
180.2142857142857,76.958797792569,14.113819206772762,34.17414854152376,5.777859374526192,30
180.28571428571428,74.87118048224563,12.973768317864499,33.19210036051863,5.3543900198846535,30
180.3571428571429,85.15135138602405,12.702387864644272,40.304685602875054,5.690702881198203,30
180.42857142857144,86.43597312846798,13.129918401567,41.51744342621923,5.520193594289417,30
180.5,83.64943238949819,17.83801869583854,41.68370186752083,7.868067376960442,30
180.57142857142856,75.99225510613944,14.26236973966566,36.937568319134854,6.668460279192076,30
180.64285714285717,65.5407035756828,10.984624957565703,33.59648470332552,6.639348847918626,30
180.7142857142857,63.67083725601335,13.15229749526071,32.9476327433395,8.336933975080173,30
180.78571428571428,60.8439255396095,13.494137868979154,31.34341159508958,7.9779855485476405,30
180.8571428571429,59.272880804729105,13.46595520300928,30.226188019797476,7.522150453096074,30
180.92857142857144,60.72213431390672,14.767564794240773,33.10355301075882,8.37334154214925,30
181.0,64.57494882038021,17.22176536222069,31.823293395637343,7.632505891541744,30
181.07142857142856,61.252966014923494,13.105498554058942,29.750581380737227,5.336064629230634,30
181.14285714285717,60.75801018125213,13.88881718193439,29.000071708173827,5.580521009266944,30
181.2142857142857,64.64455650047312,17.280697474803752,30.36741976659832,6.379020979488618,30
181.28571428571428,71.22918788304551,20.881561128528055,30.206573536419032,7.46008337190329,30
181.3571428571429,80.3741873249951,22.73745306082394,35.52247721406674,8.473333825769117,30
181.42857142857144,75.57739065817147,18.65029020564175,32.59987136771472,7.298811991267554,30
181.5,73.63877543867044,15.566056109084924,35.58026539478123,7.213295493920676,30
181.57142857142856,70.00227999710093,16.198992977740154,37.415670656700826,8.01484776630332,30
181.64285714285717,76.84008550415096,16.752645513443532,37.251215449953314,8.215664386463297,30
181.7142857142857,74.792095699836,16.268353490735134,34.267347151218225,7.698627553388628,30
181.78571428571428,69.45676296995761,13.78547207734956,34.987439528257504,7.03676219929248,30
181.8571428571429,60.7809177857262,12.537460415601972,30.702150095421324,6.4667306903471085,30
181.92857142857144,65.93452293890412,12.004886045568103,30.49542055265935,5.539439617450562,30
182.0,64.51735538556649,15.718957316952487,30.12636657164767,6.159026692027645,30
182.07142857142856,59.89932240956798,15.242072752308966,25.585304769775174,5.207963816645044,30
182.14285714285717,54.914907520513864,13.484001059506907,25.418518273131667,5.317187344352206,30
182.2142857142857,47.539422625244576,9.467456581416299,21.143166377842366,3.5764759394723216,30
182.28571428571428,56.5241856099707,11.629316797018374,26.889176278605227,5.040252678901602,30
182.3571428571429,51.39515585966807,9.98035191082624,26.960128623226595,5.262104568947319,30
182.42857142857144,72.92597462717926,18.656298990954518,32.750813832178224,7.174361440423985,30
182.5,72.94968698689931,17.604020072784408,38.45944817321593,10.898757945378044,30
182.57142857142856,74.22744931247325,16.984285567174435,39.24214167958943,10.99858278678446,30
182.64285714285717,73.96812037147627,16.407987303906967,41.82517864328586,14.087343094492766,30
182.7142857142857,72.25502006454286,15.06405148685994,40.72265036555912,13.43927031624538,30
182.78571428571428,67.22491814125742,13.563897125268204,39.6726998563895,11.982865486229048,30
182.85714285714283,69.71922813620344,14.818631206518695,40.794268333186736,13.367527956380943,30
182.92857142857144,69.08239065076567,13.359414751676761,40.834106402255586,13.131369468557562,30
183.0,72.20193040699593,16.057233855770757,42.34145688685593,13.701439565583355,30
183.07142857142856,74.91603668197072,17.709076792804172,41.78107637427974,11.987503128759114,30
183.14285714285717,79.06920497174461,17.237047737823957,41.86647312216913,10.8062149016107,30
183.2142857142857,80.28882089420213,15.804670395074483,40.17255492977627,9.572986710812406,30
183.28571428571428,79.1535084122411,13.7635361882218,35.87380896406,7.011814658717725,30
183.35714285714283,80.71831521940173,14.328487757393173,35.96786077914965,7.2422549661156035,30
183.42857142857144,73.00680171910909,16.098476091824363,31.516165166291593,6.382422270275415,30
183.5,68.38138209206576,15.839555686767824,30.599070092884727,5.845571986987425,30
183.57142857142856,62.78646551464257,13.33828810534617,28.060265520093377,5.201511016162851,30
183.64285714285717,63.883943631432324,12.591109938167559,29.99138391338403,5.188010858213744,30
183.7142857142857,60.6104835453719,12.103896195750078,29.093550055905244,5.315270891577871,30
183.78571428571428,63.98557605179824,16.670986550200094,32.958863961313,7.577010863904133,30
183.85714285714283,69.57868511537056,19.386078115243322,33.77542421657851,8.357823163768234,30
183.92857142857144,63.29589925841535,15.655136823320676,36.519197530593445,7.871426412555397,30
184.0,59.430319435038705,14.369807694265237,31.691688426536018,7.061909409500166,30
184.07142857142856,57.084992162612565,12.658699809567846,28.811523211479667,6.55217388932135,30
184.14285714285717,64.72616006784042,13.476231259263484,33.38326785111119,6.905187220640742,30
184.2142857142857,71.81595456746706,14.990545913819581,34.08562179404276,6.704038018109162,30
184.28571428571428,71.2025406429219,13.333473102630556,33.029844531148186,5.6052141887374445,30
184.35714285714283,62.050396286375154,11.185911706505404,30.316517408943117,5.017720699914402,30
184.42857142857144,56.64047398811859,11.025106509595457,28.182063517009908,4.799318017014583,30
184.5,63.21706113035034,13.494310229469724,31.902794725433587,6.315335465211362,30
184.57142857142856,58.084974872317616,14.804338431725448,29.03581661093686,5.963054197433773,30
184.64285714285717,64.73015752874109,15.056519230567023,30.775352391147305,5.70622762677186,30
184.7142857142857,58.4051475190612,12.980798001117137,26.66200983365399,4.815529225361236,30
184.78571428571428,58.52942227859836,10.209070617859489,30.04584602948378,4.870163334972191,30
184.85714285714283,61.25549369015689,10.022515844627677,29.8535649106749,4.7411466477784066,30
184.92857142857144,59.079621106739474,10.85794158017849,29.144171611504465,5.333560610633452,30
185.0,67.01490238302924,17.079929934735446,30.348733727590492,6.339633322520628,30
185.07142857142856,66.71606775640124,15.124347977239825,28.78774787352341,5.316691940871304,30
185.14285714285717,50.84249674157908,8.859426810089317,25.514504634261463,3.8991155417745773,30
185.2142857142857,50.374293293370336,9.622274907367983,23.967792914083155,3.912411082966431,30
185.28571428571428,56.91165510915184,14.049784144193822,28.24991928054425,6.000952333280318,30
185.35714285714283,58.208463163625744,14.084275740205054,30.002978160432562,6.840040034432616,30
185.42857142857144,53.129739798090654,13.336913962240937,29.77211747246588,7.398296985288325,30
185.5,54.59762488538473,15.952633182633496,28.366865534896373,8.648766561468118,30
185.57142857142856,60.314885949172485,12.859933848136421,36.28187377697713,8.991699336103238,30
185.64285714285717,59.30241050123863,10.482108994785486,31.38522704374424,7.04550460127632,30
185.7142857142857,73.3023622473469,19.82429332610114,35.131894021349375,8.500600361239892,30
185.78571428571428,61.612977537953974,10.639231278321581,30.15453409737272,5.393675569704396,30
185.85714285714283,57.78873506001411,9.506797325935388,30.80177617085484,5.324436357841028,30
185.92857142857144,70.7943521073452,12.40074654169625,35.1135909368436,5.610619492527596,30
186.0,66.88842562314147,13.193563238076058,34.345670444951935,5.860933305094761,30
186.07142857142856,64.90882198268083,11.859403607222873,31.08186639188152,5.7837004780510375,30
186.14285714285717,65.13602982952028,13.88376403805408,32.03509128830265,7.0575164883828005,30
186.2142857142857,61.0283344570596,14.60654676734231,29.75881791959074,6.97170925710168,30
186.28571428571428,61.97778648267111,14.456321537720243,29.280641969662895,7.424574355900585,30
186.35714285714283,63.11680651501511,13.937865859381779,39.20019634574441,11.001198589900506,30
186.42857142857144,77.49485556644424,18.39394003563314,42.33411560272587,10.735358633425335,30
186.5,81.87552513268791,18.00013286934963,44.44102319330957,10.864158185726946,30
186.57142857142856,80.04529179642873,19.81797681184832,43.052651083686804,11.00318950260707,30
186.64285714285717,66.84299098948216,15.913768457389168,37.726826964582855,10.971703740283356,30
186.7142857142857,79.39518304125563,15.958441950467378,39.84682927039294,8.795274383674368,30
186.78571428571428,76.23822746911716,17.37006136192379,39.46767237839865,9.221859285672178,30
186.85714285714283,82.74216240171603,19.134792478322055,39.43314801793593,8.470669581301589,30
186.92857142857144,77.98559373672339,16.987347468725886,38.39435488795902,8.289808618448404,30
187.0,95.85297049701384,22.93758623406814,40.810902854996144,8.759690182721886,30
187.07142857142856,78.24689120921938,18.611770903702347,38.18036104786949,8.641820327410683,30
187.14285714285717,68.01945355724907,17.46970524100089,35.79502935173686,9.18764712778336,30
187.2142857142857,69.05019186281292,15.756542205594307,38.27182413449532,11.047465269034017,30
187.28571428571428,63.842138450180926,14.058997002899684,36.74849902692441,11.41840780537031,30
187.35714285714283,69.0469570606561,13.086445328793145,37.26740916647595,9.275880587039328,30
187.42857142857144,81.3859899738792,14.024612958876581,41.713335927559626,8.672080822154358,30
187.5,75.84966191483859,13.708236921586623,37.78413295893225,8.384274164117258,30
187.57142857142856,68.8126116710662,13.659157487186395,35.68724343949214,8.123199985080774,30
187.64285714285717,76.16785754607301,13.461056914608871,42.005473598315064,8.659068344191525,30
187.7142857142857,76.10274097728004,14.576597792847833,37.804677372120885,6.317985816464856,30
187.78571428571428,73.40212309857654,13.436139274331316,34.0593482542479,5.652910087880013,30
187.85714285714283,74.6188697496067,14.728072492558432,31.725609019956675,5.964723221551144,30
187.92857142857144,83.79169761497225,17.46198180451976,37.757179832959054,7.571640058647669,30
188.0,79.10504151107808,17.204420606839825,38.387418301938254,9.294059480434205,30
188.07142857142856,68.81997279771215,19.205944874926914,30.266210199496165,8.616592338519665,30
188.14285714285717,75.97387629095135,20.37002158416438,44.26440788349396,13.011854797872594,30
188.2142857142857,65.66480534311435,16.064747521032217,40.92423266640941,13.159308717578726,30
188.28571428571428,73.05368376391718,18.086666556270124,43.66979505154568,14.167146953335372,30
188.35714285714283,72.31624886814068,17.387130583706703,42.128655012056896,12.31843462615772,30
188.42857142857144,79.1120041087429,18.560429840004204,46.259121204750556,13.19995342331718,30
188.5,62.94072218666945,16.497101152384765,35.601297904906076,11.376834764052969,30
188.57142857142856,63.86897560616285,18.166268431020296,38.10709098738355,12.654941976227954,30
188.64285714285717,74.37415684484188,16.962597353667157,46.28958511284791,11.953721162734787,30
188.7142857142857,68.4714079254083,13.886296859150427,40.68575662413101,9.303688510870815,30
188.78571428571428,74.52911967543186,14.266800085293575,37.44683000184061,6.856633416490137,30
188.85714285714283,56.42896482996167,10.10911784795301,30.155761476534067,5.709000053608171,30
188.92857142857144,45.944295904634075,9.382871612930117,23.190952050315833,5.52291764968125,30
189.0,57.70453944309497,11.849518552206092,26.452347387825544,5.863207338117945,30
189.07142857142856,62.29175369276061,12.668464918848592,35.85698123528337,9.950834211114842,30
189.14285714285717,63.61139356238021,13.779225229259259,34.15790135364147,7.952710910204367,30
189.2142857142857,62.0768520605544,15.69293505552929,34.74497258806907,9.90376056114029,30
189.28571428571428,67.0384514612997,15.313902642869575,39.896767721372434,9.85669385499307,30
189.35714285714283,70.89966686858766,16.05993286616074,39.250472553708825,9.432067606139206,30
189.42857142857144,70.92902987132784,16.051206627566216,39.45523170505603,10.125500600659041,30
189.5,67.7087001377677,16.953155156981023,31.029674673969783,6.890527468275236,30
189.57142857142856,71.14358587505517,17.65619847315426,38.24391719948343,9.745315316909169,30
189.64285714285717,54.002440670200194,9.091487034273989,34.13293228110323,8.470316414190053,30
189.7142857142857,64.61272071023821,13.413327316177229,35.70751916950168,8.052606481458309,30
189.78571428571428,66.82515254008003,12.761117709438285,35.49928789368258,7.8430717127403,30
189.85714285714283,63.465198471351506,10.995408716919766,33.229596697375484,6.920798779052492,30
189.92857142857144,56.40089881477677,10.701438656746458,30.814172536861488,6.5042634877760115,30
190.0,58.838685542964114,12.086325986935373,35.68077371514862,8.992754439946676,30
190.07142857142856,55.13679532005474,10.865506584270147,32.9217335355687,7.487497602287621,30
190.14285714285717,58.11848392699944,13.227471263266919,30.49615390555605,6.6671322956833805,30
190.2142857142857,46.1522259344555,11.664891638589394,24.130898187181792,5.879778358537919,30
190.28571428571428,55.309187669349114,17.673775101461633,24.130411340539034,5.472970748934925,30
190.35714285714283,51.93041923249492,16.129920341372756,21.962266153253697,4.963692938940699,30
190.42857142857144,39.239858014716404,10.001482093205977,21.287945489361825,4.344106204854685,30
190.5,45.49277872996813,11.017248711468238,25.05508289681434,5.517442298258479,30
190.57142857142856,31.543386543113655,6.167352328149732,16.193024669427313,2.8304061336815716,30
190.64285714285717,38.14779000055143,7.4810620736365,20.965573524814197,4.461503065349207,30
190.7142857142857,37.26160125428497,8.139779115713948,19.929414096522482,4.806191640664693,30
190.78571428571428,43.47950625055274,8.203323045788943,27.314810449648437,7.969913662039196,30
190.85714285714283,50.16697588624249,10.941321378294653,22.87703851726187,4.562027930981639,30
190.92857142857144,53.56354718004145,13.521290421859566,29.086806670268743,6.890757408701588,30
191.0,56.60385865760452,14.43907427117859,26.688120246969742,5.581168912404096,30
191.07142857142856,63.48360999823499,13.720530738241179,28.017230054798674,5.232639774017272,30
191.14285714285717,60.93008957547324,13.721200843686173,29.961363069321717,5.950200716892434,30
191.2142857142857,66.93836884841332,14.804902677512823,33.43790829268093,6.433462148453745,30
191.28571428571428,66.97684929573846,16.126884690506326,29.667610175922455,5.83219310013682,30
191.35714285714283,69.71057531869536,13.334137956800761,34.15666205237712,5.621961785644773,30
191.42857142857144,63.348588744150675,13.252727761849025,29.297732200358407,5.502884433243837,30
191.5,54.797256087098106,11.144746213884812,29.274242681494737,6.068700656089998,30
191.57142857142856,48.78301179462718,10.532783501987467,27.983291327949708,5.409269555171787,30
191.64285714285717,50.62318610076183,10.128805899302904,25.897094791891544,4.778937351034361,30
191.7142857142857,46.81159879234787,10.444317125960438,24.977593460440843,4.433908090300863,30
191.78571428571428,46.20291351854628,9.336955815379712,26.73050532478124,7.103720108620896,30
191.85714285714283,43.31423402203254,9.250837106366943,22.78673346680246,4.2546569178118805,30
191.92857142857144,43.0640917284848,10.046788083183083,24.872195800160124,3.9404346801404166,30
192.0,39.05655496776756,9.586551172859421,21.887487948832575,3.890556164251986,30
192.07142857142856,45.99377226479795,11.095095319007537,22.645941781491995,4.227936469655049,30
192.14285714285717,61.50092758760379,15.049249121196949,28.10388599095864,5.2476641565704165,30
192.2142857142857,61.61510163994181,18.05015006025474,30.722056179135205,7.270734458507936,30
192.28571428571428,60.577620991910585,14.651688496202533,30.558306523814235,5.529947224179566,30
192.35714285714283,56.26352371504261,13.937651487228036,27.669574525631266,6.110282408903582,30
192.42857142857144,62.67873387060702,15.289285889464429,29.011484435279932,5.712290112660361,30
192.5,57.44672804998795,13.551394492550623,27.35593727404624,4.600469055227334,30
192.57142857142856,62.925897837069726,14.878600128037329,28.518874625438272,4.689807803921681,30
192.64285714285717,60.51677415409558,13.748207720105341,27.73749818763392,4.485564225755657,30
192.7142857142857,59.79701376684872,13.04267448327477,26.12115614201869,4.36783418849723,30
192.78571428571428,60.76070586513616,13.909014869705704,26.169436388015516,4.55653146332825,30
192.85714285714283,50.594174244111564,12.461292938064622,23.790205440616212,4.230707748119036,30
192.92857142857144,51.87499043915475,13.174479002541693,25.72806209205318,4.67768398483616,30
193.0,71.69417133936814,17.668816498659673,30.71572477274826,5.758530612886012,30
193.07142857142856,56.71269333676624,15.163127713666388,28.56133617056934,5.626512278098328,30
193.14285714285717,53.855892777425616,14.816098684011253,28.31457152126355,5.838123103310887,30
193.2142857142857,51.13872595103155,14.863621141182348,27.353124052184448,5.697278698568781,30
193.28571428571428,52.33591823846293,15.556151355554007,28.40611488311254,5.83501405410242,30
193.35714285714283,48.053340690240184,11.79901696836042,27.052334996785756,6.361710217673722,30
193.42857142857144,38.963293048942006,8.603894305117448,22.653122541040602,5.566466687494353,30
193.5,49.12036839038745,11.16211254788323,26.745857300473762,5.786768033332947,30
193.57142857142856,50.33098594116882,11.530279094177034,27.663154685324677,6.614700605940937,30
193.64285714285717,39.89716547485035,8.876787118646014,24.80790438644439,7.668089274807455,30
193.7142857142857,51.05227025555847,11.531056566037574,29.34596972482509,9.723704578288077,30
193.78571428571428,40.42987734431191,8.472431879025553,26.696449814510334,10.081870249188224,30
193.85714285714283,46.65755557200274,11.412809460292813,31.90394859855791,14.370541445588286,30
193.92857142857144,49.947736683965125,9.840663826509642,35.43428991041187,14.217131274331383,30
194.0,42.01179409982956,9.374250832797122,19.862191826725937,4.20106957848593,30
194.07142857142856,53.23885925502939,10.062462400751041,35.528338034596736,13.792030785416667,30
194.14285714285717,51.02117871121563,10.69216895065195,37.394927552341834,16.129048964891783,30
194.2142857142857,52.758485411354194,10.945455397860536,39.68600918466698,17.554591689839118,30
194.28571428571428,53.209140651015325,10.339711288958439,37.305566632293925,15.780783605586048,30
194.35714285714283,49.26522157307021,11.566998223421788,39.323747892001535,18.872111867050908,30
194.42857142857144,56.52376469103545,13.389189979462701,43.07379462595188,18.725409560810107,30
194.5,62.606763426919215,14.276850936651972,38.47873299251382,15.225427920170459,30
194.57142857142856,61.28415574725892,12.669094464270003,39.96659730877634,15.345183249097191,30
194.64285714285717,54.080375470031925,12.097215722435237,35.38023212384354,14.33924653647459,30
194.7142857142857,54.60055013941515,11.694224485154875,34.247897116400054,12.887435725865455,30
194.78571428571428,54.94317324643503,11.79189140184338,32.58674832258624,11.20745714579848,30
194.85714285714283,50.38162761913898,9.798525240812923,30.33782766478876,10.283642286511435,30
194.92857142857144,57.99240083029574,11.302205551694614,32.75509122785649,8.903898827856015,30
195.0,53.480069203019234,11.707130185632119,29.727781428896776,7.611802314413794,30
195.07142857142856,42.59546773582985,10.547912511847638,21.3915668851411,6.643394829242199,30
195.14285714285717,50.05513475055784,11.772172190187423,26.496288546497286,7.207003842666862,30
195.2142857142857,54.31168841692836,12.135136280110357,27.750049577936487,6.946141443076496,30
195.28571428571428,51.256453622587635,12.009864785701048,28.04290454463488,7.515374179847802,30
195.35714285714283,54.516024902446084,13.69827976189154,28.367191010074563,7.688698118892909,30
195.42857142857144,42.697537687943395,9.310947436560506,23.260743576785632,5.793418162842612,30
195.5,64.25829227210656,18.93349815635795,33.211976900554305,9.605380401858039,30
195.57142857142856,61.74182493366737,14.527326921439016,34.50360660062241,8.723369052957993,30
195.64285714285717,60.55368569860009,13.627965324917229,34.49254683530578,8.219526894486009,30
195.7142857142857,55.73863894816641,12.244686638750734,31.831363994986738,9.360353701373874,30
195.78571428571428,54.07709059012991,9.9531111277679,32.33463854053883,10.240392796285716,30
195.85714285714283,53.86996324587118,9.888365409179276,33.11191167305723,10.902155179664295,30
195.92857142857144,61.276047886445845,12.66499143267662,37.074372995789346,11.718961234094756,30
196.0,66.7703173637405,14.497339876387551,39.5375714167195,12.275252276556659,30
196.07142857142856,66.75170560092086,14.622860138990635,40.96539986875031,12.63354786508727,30
196.14285714285717,68.17130610880676,17.09235589767256,41.590741453470656,14.647083273289168,30
196.2142857142857,54.21609429422067,13.043918623138639,39.05967861264904,16.84301350580865,30
196.28571428571428,52.21400136729896,13.11121563469675,38.34661241033429,17.09902307348499,30
196.35714285714283,63.54043790865215,16.200514831518195,41.30293146360341,16.28448836352659,30
196.42857142857144,54.867638869063754,13.570132599665577,37.50724335410813,15.223928041335704,30
196.5,64.89865043946425,17.992550689385894,41.39896798271205,16.588759464783042,30
196.57142857142856,56.22938186704507,14.508366140298325,24.843029305080094,5.755230307724658,30
196.64285714285717,48.940911404688244,10.91390123413117,22.288571305232274,4.469341687126108,30
196.7142857142857,45.16231496580999,10.4719202820691,26.346348486115716,8.323830202745537,30
196.78571428571428,46.56895688069891,11.351236739273162,22.606823810800698,5.607658342394558,30
196.85714285714283,47.898341491466084,11.347742752895865,22.377804043176642,4.745296576138259,30
196.92857142857144,47.756792560426064,11.804886604585068,20.435264836345382,4.320445666151461,30
197.0,49.81772355586349,14.34148148097613,21.629135785902168,5.30771678527594,30
197.07142857142856,53.76009869375569,17.092865079531176,24.636356060052695,6.391560453989457,30
197.14285714285717,53.97313967399327,16.904943973482993,25.335762056719748,6.438339380319601,30
197.2142857142857,51.717555380841254,15.186386401970992,26.699992994054593,6.768994315052269,30
197.28571428571428,48.114527282616535,11.991042809378031,26.982272760005813,7.008214922109872,30
197.35714285714283,43.5817994512506,8.568866175520633,26.9328770181359,7.079891242270419,30
197.42857142857144,47.33689879986159,11.071884264713631,27.257077284379605,7.570959606327242,30
197.5,51.41175237313839,12.073295294447668,34.30712090758018,12.825849103591839,30
197.57142857142856,46.818295192164726,10.754450382062291,33.658982147774125,13.918732263089495,30
197.64285714285717,46.27908637096067,10.180283325843515,32.88492028248677,13.252737159215064,30
197.7142857142857,50.240449472953394,10.552914640170052,34.257789054922775,13.617248479423834,30
197.78571428571428,58.41403111584197,12.8066222968815,39.816310445819845,17.147981271552677,30
197.85714285714283,55.655994542036964,13.190523802259273,43.640658722050524,21.16589578275244,30
197.92857142857144,54.79791240336821,13.81151479554941,45.0262227929452,23.29598452328952,30
198.0,53.64137922036145,14.480309222964,44.87662007953488,24.308394532891477,30
198.07142857142856,53.038474579703596,14.508140325321888,44.90657711205854,24.134635837621474,30
198.14285714285717,53.383654297883616,13.94360936904213,41.183920728908454,21.531714046306995,30
198.2142857142857,55.72066692916824,14.25790702290807,43.68331933768444,21.19974569324236,30
198.28571428571428,57.31639974915562,14.767264553088411,42.449184748116316,21.183003515647215,30
198.35714285714283,54.62058900537811,14.447838021657986,38.04549106899087,19.405254401868326,30
198.42857142857144,57.75260355555291,14.007994532469288,38.47153037555174,17.94069602034387,30
198.5,49.040353383087286,12.49677980794169,33.939730812014346,16.41562207749789,30
198.57142857142856,47.523442818509785,10.39446025924116,33.67313956956339,15.469646841424181,30
198.64285714285717,52.055042859931184,12.471929687531336,32.57814986894376,12.4711425352883,30
198.7142857142857,57.28315123229258,16.45229278330485,34.28332042737588,15.141975833600267,30
198.78571428571428,53.09172339499338,16.159752954746523,32.12324172205847,10.61331906804563,30
198.85714285714283,48.59054189435289,17.326900297578824,23.850849478725472,7.360639475669348,30
198.92857142857144,51.09021628585426,15.483114979341915,28.681462166909817,7.496274755927943,30
199.0,54.94820493925036,15.395835355445726,24.776690097349356,5.794618002997941,30
199.07142857142856,56.37528772730882,14.291764248058607,27.111786821062005,5.399695190617567,30
199.14285714285717,53.54800671321766,11.818539318911668,27.411621849424968,5.374525976907393,30
199.2142857142857,59.08530316018257,14.28484511000736,32.47018432225166,7.697512803897805,30
199.28571428571428,56.984577253941445,14.114668535992925,27.081942342280964,5.241577818493368,30
199.35714285714283,69.85633913851862,17.788509090604343,32.01659978063241,6.281507180990574,30
199.42857142857144,62.40802373549009,16.77506246755206,30.575846683207644,6.439971196531587,30
199.5,61.18250696782277,15.574804301336647,29.88889648017591,6.30145153394582,30
199.57142857142856,68.33471850699266,14.633877407367965,32.17663794580557,5.9352709673825474,30
199.64285714285717,63.497520973302535,13.452981398683239,31.102978505041804,6.600488555077496,30
199.7142857142857,54.32768525116762,11.709081698303704,28.456598318587346,6.921511571967777,30
199.78571428571428,61.72867924732174,14.298479536240842,31.207706664376374,6.798556159885188,30
199.85714285714283,45.458839953476485,10.803462123891572,22.963839766792375,4.755702344113862,30
199.92857142857144,40.7577503131806,9.473243832336694,20.45646531090196,4.3356603158470435,30
200.0,40.80701727207697,9.32265948169132,23.13331050861824,4.920238369153583,30
200.07142857142856,48.30192003503281,12.188993151637275,24.786530585011086,4.923531109581156,30
200.14285714285717,50.47078045550311,11.263786171277399,25.003141723644426,4.763140126353693,30
200.2142857142857,47.75228923646607,12.631565950061256,24.491187838282652,6.195040597301481,30
200.28571428571428,40.640900338971235,10.012437439727277,21.49201141189003,5.241767586064152,30
200.35714285714283,48.53888445380777,12.83654264862982,23.71033498907215,6.561121356602696,30
200.42857142857144,42.11571643673445,9.027320777249653,19.950262948188634,4.79830394082294,30
200.5,39.97997997177894,8.318051943781901,20.066961222161463,4.923777317319034,30
200.57142857142856,38.893057715906366,10.063492257787148,22.296880875506165,7.55545935292538,30
200.64285714285717,48.40648450163003,12.132924735833557,27.978069220465056,7.987795637410981,30
200.7142857142857,57.4298860226771,13.616757344823629,27.810482252924917,6.309323664611072,30
200.78571428571428,48.22805392815677,11.552754828685543,24.312822030067785,6.319631715745019,30
200.85714285714283,50.986671552168566,11.690249476601506,26.215376419102732,6.373007319653906,30
200.92857142857144,52.524703400872795,11.304450936494895,28.51584350700178,6.5930490398833195,30
201.0,68.16900473155117,17.14657509850503,34.63742631303134,8.204462846422755,30
201.07142857142856,58.230601507212235,11.883515952301455,33.01801056374297,8.182189627772672,30
201.14285714285717,65.14829248867697,14.013192225572661,34.964538449758145,7.833384572433359,30
201.2142857142857,67.80288992597357,14.872200573344529,38.130660796925675,8.395703294967271,30
201.28571428571428,66.01886445119638,13.679368941558234,36.83912919095365,8.213210905551634,30
201.35714285714283,57.06732825747722,11.677827546908016,33.694731118039684,9.269149398293601,30
201.42857142857144,52.547773785222944,10.729105552946931,34.850910899467344,10.607535543787938,30
201.5,59.02737778211699,11.534289058691494,36.39267854085159,9.841227726099039,30
201.57142857142856,61.436669676752935,13.036815074480783,37.34281624701742,10.669339187700974,30
201.64285714285717,47.14190205014231,10.573283928500413,26.67813751321442,7.364004557640124,30
201.7142857142857,53.6880075229721,11.578943866004082,29.965928773950196,6.6001630487898995,30
201.78571428571428,50.498854220659034,11.857958857528411,25.33743982455496,5.308606453502756,30
201.85714285714283,49.42697082384009,12.984959336169064,23.604725628176094,4.981850900078128,30
201.92857142857144,65.75714863628988,19.288576029915365,29.94630313564644,6.5086903849370445,30
202.0,55.3807679241502,16.13347534135365,23.684921742841333,5.469976116249084,30
202.07142857142856,41.40501857237749,11.842295558871184,19.37208944881326,4.571069812559835,30
202.14285714285717,41.80985328061489,11.127789713931143,22.479990322387234,4.908688061760025,30
202.2142857142857,57.33020670397787,18.646787153854685,25.75829903892968,6.095269311427059,30
202.28571428571428,46.02862447290999,16.264747772872507,22.33708379939278,5.985309912368932,30
202.35714285714283,60.64284198340695,21.987641225646026,25.5309876107103,7.126547281568214,30
202.42857142857144,56.37037005199493,16.44404699582244,27.0231249236227,6.54531392333692,30
202.5,41.467526134788194,10.541405497667037,21.731167258047552,6.267152391653082,30
202.57142857142856,37.82807986321333,8.82709506812251,23.798337121516962,7.754870348970206,30
202.64285714285717,39.13448186510658,8.44038036350231,20.700005354958847,5.914399361005954,30
202.7142857142857,46.29007475708946,11.657013577281313,24.237929601250354,7.035194060927153,30
202.78571428571428,48.69623631961955,13.321929948362184,27.059095114804418,7.686693737715049,30
202.85714285714283,54.441140688421086,17.03969616300883,30.072926797001134,8.935113613223919,30
202.92857142857144,52.63894432066709,17.897265864926066,26.94780783063264,9.147824918521327,30
203.0,49.90132178070983,17.420786799276385,25.32301275849386,8.800598024049943,30
203.07142857142856,39.41481736308527,10.097357316721983,21.852046383909762,7.822895067986129,30
203.14285714285717,37.79172700439465,8.558267496830151,24.139006062987388,8.466924483339122,30
203.2142857142857,48.141842607559305,14.69880108898357,24.31044483010697,8.493662054791397,30
203.28571428571428,48.901421529712835,16.033239196655465,23.99703558583729,7.69403416129472,30
203.35714285714283,44.77265603848141,16.060262609659187,20.555280858840597,6.5236372319370615,30
203.42857142857144,40.03969129146406,11.222135713079266,18.9030912662653,4.364270395238804,30
203.5,45.471598358182526,14.22188802128472,19.08072414103611,4.607521041433137,30
203.57142857142856,54.45512409007575,16.34872737400123,26.636154326315037,7.429964391332489,30
203.64285714285717,61.70234440018289,18.42510495811941,30.358198097970856,7.934976207795557,30
203.7142857142857,51.8786827420644,16.184485142416257,26.14137304274852,6.883707371050162,30
203.78571428571428,58.548665752529445,16.359426878544273,27.6262752292678,6.210856583033797,30
203.85714285714283,60.62899284664295,17.22912112877835,27.174581921155344,6.344476341196243,30
203.92857142857144,72.15360174979298,19.538152557586898,31.835874128781796,7.14218523205372,30
204.0,77.18715294136642,21.554538225795408,33.45057637583929,8.024729673479866,30
204.07142857142856,69.97733158354248,17.92807783967826,32.1592797211169,8.210105935289558,30
204.14285714285717,74.42033731480902,20.151565219599885,35.429142335706175,9.145211521047997,30
204.2142857142857,81.50114715263113,22.76478123752357,37.184981605946575,9.630770039931097,30
204.28571428571428,70.57215083223937,22.875530237914305,33.021879380707325,9.683917481101226,30
204.35714285714283,66.27874196679569,23.538934954760542,34.715570281789574,10.515455990621735,30
204.42857142857144,54.61576799819245,18.296682519654016,27.801157074792656,8.154271432661485,30
204.5,64.08966348932226,18.218810100012973,30.37813313447235,9.423447401218557,30
204.57142857142856,72.83170644573467,23.272238229539045,40.347087860838755,16.117111946188608,30
204.64285714285717,82.06611193461204,30.86282954265328,43.879092389304304,16.23764803310275,30
204.7142857142857,48.56692213969583,9.97238485638982,32.740475112103134,12.672577010528515,30
204.78571428571428,47.608267324482554,15.076842752938465,25.236348999039816,7.632433832911729,30
204.85714285714283,41.24265282445449,8.706791956603618,24.02065887211311,7.047189413535972,30
204.92857142857144,51.91059596830335,14.041526338346113,25.38469274195559,6.503078327789472,30
205.0,59.408598426211896,15.529242135076498,27.56057678702317,6.190046087657849,30
205.07142857142856,67.43660833692124,20.008390897995923,27.032045260043564,6.284614725962814,30
205.14285714285717,71.79163452789395,23.773176484158032,28.165602793320566,7.5100594435535255,30
205.2142857142857,70.44537613381218,26.756005791854257,26.848385614006474,8.29303745560431,30
205.28571428571428,61.839109430478324,27.698442840012113,24.132574410727603,8.397657932048398,30
205.35714285714283,62.27486329502414,27.30344580340029,26.343793489681552,8.466346941899198,30
205.42857142857144,58.40184140871179,20.743829652053233,25.643766589541524,6.711847458423946,30
205.5,40.91808080330334,10.97928041437466,18.84938371007715,4.013417611493767,30
205.57142857142856,57.94191028169208,16.507363911043825,26.263513962842445,6.5805528493245005,30
205.64285714285717,53.283090686027954,24.622152441522104,24.199573766021373,8.160446099909736,30
205.7142857142857,57.698568671308315,25.16538787611188,26.206064645684062,8.117214481434349,30
205.78571428571428,60.99002141938549,20.71502140580243,30.589963673338403,8.297230413772695,30
205.85714285714283,58.043515623302184,19.18235407912542,31.3598572370994,9.59465150736303,30
205.92857142857144,46.609501013273544,13.998573676770402,31.10350718220441,11.377779511659071,30
206.0,52.28980393159956,14.054993251687135,34.10375406746411,12.013400553005226,30
206.07142857142856,68.61169578896424,24.359700120370764,37.469329506621335,12.151523732544337,30
206.14285714285717,46.776009528605236,11.57712941300739,30.997981941134995,10.574143695563082,30
206.2142857142857,57.16848686193442,17.65486797115391,32.42461552402614,9.87995815885533,30
206.28571428571428,52.684725699100554,13.675213852648506,29.968331264862933,8.66696594341977,30
206.35714285714283,47.532730731663335,10.693479660140907,28.348538296329718,8.287092147876635,30
206.42857142857144,55.81297060215322,13.786494904358271,30.554186748536548,7.7803332953094095,30
206.5,55.30532839708791,13.30246542590525,29.883683015051016,7.740980905102861,30
206.57142857142856,49.733138431050065,13.030556754842301,23.993962368614483,5.722290064548869,30
206.64285714285717,43.32264107714658,11.386060845582872,22.830626787136296,5.930453039849867,30
206.7142857142857,49.6330190993539,13.214375401315253,24.937868575556568,6.95782978552057,30
206.78571428571428,43.41553570972291,10.860010023883458,25.64215769530946,6.9401643806731865,30
206.85714285714283,48.14955851606114,13.619413627346939,28.92417302641803,9.278147510249964,30
206.92857142857144,49.62782542594015,12.516630549050607,28.23061836863129,8.914706871506551,30
207.0,52.50746155862174,13.780056472403533,31.107093490242757,10.384722437436151,30
207.07142857142856,53.35054984148628,13.051782965775157,31.388110451735614,10.040583403130553,30
207.14285714285717,49.857308371461905,12.179442296080175,31.959355940515522,10.502387287875738,30
207.2142857142857,62.57826797288842,15.51887772752688,32.97912060649437,9.38826615206958,30
207.28571428571428,66.46985652126087,16.899833936366022,33.34876423016117,9.015084366477923,30
207.35714285714283,73.3167246640696,18.02597245126091,34.9930225683432,8.705655269027115,30
207.42857142857144,57.04311434598522,12.246545780920854,29.408866548163555,7.658905375462317,30
207.5,48.63795200607943,10.431156757382904,26.188392705369733,6.927654577410256,30
207.57142857142856,58.446093222496295,12.30443137317964,28.109936750721413,5.908516998426773,30
207.64285714285717,52.167152877473924,11.937307559755565,23.350408063960867,4.666228792244151,30
207.7142857142857,50.696359482187624,11.554974075242631,21.260150311656897,3.8338969931020244,30
207.78571428571428,61.68777397014885,13.679355052040245,24.38773456310884,4.002324269372627,30
207.85714285714283,70.02504291830859,16.778041874151526,26.173142038808322,4.777483412221785,30
207.92857142857144,65.11467932846851,16.08927475050786,26.226259644221233,4.640277881810431,30
208.0,60.49729103919593,14.640075756421117,27.34354066768799,5.303119648934706,30
208.07142857142856,58.22191581418753,15.087398455030485,26.43984776729553,5.83537933586586,30
208.14285714285717,60.06960034006555,15.267176021756917,27.564714187909217,6.015298345629439,30
208.2142857142857,57.88754845850798,14.236026522779728,26.553907521573738,6.350143642345818,30
208.28571428571428,54.12517210016361,13.326960061264822,27.03121046152954,7.753695847359049,30
208.35714285714283,53.406775723603786,10.774960201749085,28.962002048018146,7.747333556188928,30
208.42857142857144,54.683218992983996,11.133226662869756,30.02853079755684,8.813523480134295,30
208.5,52.659432760055694,10.847955479345798,30.444938131386447,8.237772158814803,30
208.57142857142856,60.55667221816912,14.253058936302352,32.358869257785486,8.977612931426673,30
208.64285714285717,58.37124537953614,12.169897827732749,29.60484031803151,8.034121212085688,30
208.7142857142857,64.40135711872057,13.84168751671337,30.917148839644657,7.574057992514969,30
208.78571428571428,61.9641166144336,14.735643314428,24.849707767588455,5.0904982510496914,30
208.85714285714283,57.06024095010929,14.50618981754668,28.353274561767094,6.876634358025102,30
208.92857142857144,60.306039955337795,12.855228422366961,29.268809544514905,5.555187826444842,30
209.0,55.82483495956004,14.48917026131977,27.834945314339976,5.813936029382503,30
209.07142857142856,54.5868014249447,14.756885907229227,25.554966723857106,5.358972317620826,30
209.14285714285717,60.20243626356076,17.030646149743934,28.084674692703263,6.075724526238553,30
209.2142857142857,59.38334919194176,17.738471989923408,29.067583499798037,7.3251025820560365,30
209.28571428571428,57.034850564523225,17.24433456859795,29.46650698870205,8.967051789844396,30
209.35714285714283,47.48183660470241,13.956371138250724,29.153526860627007,9.388172399319744,30
209.42857142857144,54.859486476339754,14.358485897202215,30.78270332970555,9.01387711164582,30
209.5,47.47789074192423,14.202147440773567,30.019852485465908,9.849022570980702,30
209.57142857142856,47.69000814197088,13.997358874057563,31.14016117126342,10.242818288506651,30
209.64285714285717,57.93931365461462,13.965189030323094,31.900442076212133,9.152431741659724,30
209.7142857142857,54.70932792066215,12.487132612323693,31.067373880564233,9.112797642058675,30
209.78571428571428,76.87943740533775,20.32167268172995,36.267029333315726,9.189809273562501,30
209.85714285714283,76.57912718933602,21.23344533079663,32.9639240825751,8.173497058276851,30
209.92857142857144,74.29438793850308,19.53702245191268,32.91514479150851,8.182333641058486,30
210.0,69.22125495465771,17.5812442824651,31.50203434741814,7.240692344169428,30
210.07142857142856,70.69015871455113,15.460272145288414,28.925952625785417,5.510956656648052,30
210.14285714285717,61.44552586865672,14.860582596597622,24.097335117212438,4.585546395253231,30
210.2142857142857,65.06711137774084,14.925698801082603,26.433993104717793,4.8460567036512625,30
210.28571428571428,65.19358516236561,14.668381910469108,26.609454549754037,4.858294326736093,30
210.35714285714283,61.902797243886255,14.564817250047023,24.867592321704645,4.629945446835955,30
210.42857142857144,56.15740061865501,14.14260526643179,23.28405182892755,4.946131037226835,30
210.5,58.20291637454562,15.997763138250782,23.656603748230733,5.541347913891302,30
210.57142857142856,60.97067533014952,17.457405875303298,25.253783571779852,5.9725336313112996,30
210.64285714285717,65.2229678239848,18.26746337373913,26.839910836677646,6.115386660091781,30
210.7142857142857,58.8385396885326,14.245623716756212,25.261994942415978,5.112227631807325,30
210.78571428571428,59.06114961148317,13.450106264817355,24.880705982717917,4.515609084466723,30
210.85714285714283,58.71178860688189,12.762657738765194,26.025259792427192,5.333721853186854,30
210.92857142857144,53.97690081176835,13.235054911949677,24.862914201615695,4.760189442507242,30
211.0,54.40361259173735,15.333837210689893,26.336894560434637,6.064834538040907,30
211.07142857142856,53.59337590942517,14.627579117929953,24.759685081811625,5.803461968436091,30
211.14285714285717,53.133471470761734,14.408787236742784,26.042730683022675,6.437802743368478,30
211.2142857142857,54.293646335818195,15.056182758205487,26.35137166512077,6.284987471046394,30
211.28571428571428,56.52830655580335,16.405826421948028,27.81125674657573,7.576284039086416,30
211.35714285714283,53.69274594906305,16.082580639650715,26.31624502249884,7.079962732486826,30
211.42857142857144,48.395820971196244,12.125686619124291,24.64803332213419,5.978946052762646,30
211.5,56.433516820792114,15.618016562070082,25.15208420648927,6.56878517710967,30
211.57142857142856,56.88283378845288,15.614042320009071,27.008997424383526,6.924233717323588,30
211.64285714285717,54.75028529872031,16.783878541662727,25.742548627936767,6.543177919275566,30
211.7142857142857,51.946912732480534,15.43681320856089,24.167172095665947,6.483045876731627,30
211.78571428571428,47.204044634779976,12.193311905830864,21.819891941752545,5.147424391050155,30
211.85714285714283,45.4499972549289,10.25982056560381,20.23477384102365,4.188857416269793,30
211.92857142857144,66.80239541499877,17.362567593857566,26.10598527505668,5.911051417298723,30
212.0,68.55411817319508,19.82209381697821,26.821137042837464,6.695632510694131,30
212.07142857142856,64.65160844661327,17.025371297404458,25.273708063937047,5.410816956273385,30
212.14285714285717,63.78370998669034,14.5215701017812,24.759349310530183,4.510611182460458,30
212.2142857142857,60.84694912108788,14.338921134694372,23.66131261315498,4.3784658429014875,30
212.28571428571428,66.33447812744113,15.958118308030885,24.788487464177752,4.741868207810386,30
212.35714285714283,71.46981490899304,16.91165501482111,26.433089472455237,5.2464237275807255,30
212.42857142857144,76.76848464310295,19.219697291856367,27.266997583853477,6.00060673113011,30
212.5,76.96936592679336,18.075462027160015,29.42563555778356,6.048191909934569,30
212.57142857142856,69.94729293319055,16.133797193031857,29.74979682278043,6.152292073071208,30
212.64285714285717,64.17556233512833,15.496839034730037,31.41299435850054,8.282486661965697,30
212.7142857142857,63.956503286673595,14.379442020201362,31.367685958316542,8.073552173543977,30
212.78571428571428,69.76261445087943,15.44565828871314,33.91590846590991,8.374221957593795,30
212.85714285714283,64.66077755893807,15.259357797926397,30.732223713112486,6.984992749947387,30
212.92857142857144,62.80682302927363,14.766998853551758,28.862889304156262,6.665625973957789,30
213.0,61.690882508062685,14.308139964502919,28.574114479716187,6.401990730007274,30
213.07142857142856,56.02642579624132,12.316346864982071,30.90680124779957,6.6964419504629396,30
213.14285714285717,54.23247813373632,12.150896958866742,29.034669751272148,6.436797940986228,30
213.2142857142857,45.004230841412635,9.399130546590028,27.665469503294137,7.05634699871912,30
213.28571428571428,52.218440588854975,10.110239622212939,30.85620862829202,7.700795403959576,30
213.35714285714283,55.11188600286577,10.28201578817994,33.9049367344597,8.834303581483786,30
213.42857142857144,63.2898633520209,13.319090807836862,36.62777878331475,10.970402380568572,30
213.5,66.93870007365722,13.599883547968396,40.99340713485652,11.652569959734155,30
213.57142857142856,65.96584307833206,12.80315682922167,43.75250003739208,14.745498799757181,30
213.64285714285717,68.22555444799706,13.228364795674704,45.99917025775996,15.39728869246532,30
213.7142857142857,69.44460301634426,13.650990906125358,47.86182331825711,16.49786398596712,30
213.78571428571428,70.26491071548911,14.748648211732727,46.504286057480904,17.11980781627151,30
213.85714285714283,73.78965751623757,14.335974662319579,37.82389851786039,8.955474649301083,30
213.92857142857144,72.16055400053425,14.016645921741949,44.411408946573566,12.949961641824173,30
214.0,73.02823200145974,15.678681365035345,46.60428747470122,14.510483526771607,30
214.07142857142856,71.04820816779954,17.319312866991183,42.85902315897768,12.693774333231826,30
214.14285714285717,71.85077127259129,18.561033158478608,39.11476162973428,10.469237709363536,30
214.2142857142857,76.55885565078931,18.68433854704223,42.304064828152384,11.241930030741903,30
214.28571428571428,80.23661661686312,18.843345590091396,43.305429268395244,11.035650280959217,30
214.35714285714283,82.69790405278125,18.29871344022121,41.0936406994219,9.758535911375178,30
214.42857142857144,79.3514472678164,17.529353839188573,38.34395601585696,8.250981495030643,30
214.5,77.30899174404851,16.717325346605673,39.38047028661232,8.196384321860842,30
214.57142857142856,72.4518425739722,15.861882644844417,35.952774984006375,7.305610751775751,30
214.64285714285717,52.91668960407444,10.981773707025633,29.912106669990106,6.365919645022756,30
214.7142857142857,60.65034413585221,13.394953760865516,31.08830689552058,6.6687208739556425,30
214.78571428571428,63.44049789652178,14.561604345495008,32.77012564845158,6.962260263929259,30
214.85714285714283,61.47383709021893,14.10416799185567,35.764768208167716,8.641711700882075,30
214.92857142857144,46.8237735135858,10.931587172209749,27.6925158323432,6.905378808445068,30
215.0,50.80091328547483,11.157858662577269,27.681174219563832,7.2735256404033715,30
215.07142857142856,48.29217558446515,10.576176811076937,28.50198682843705,8.07085163668004,30
215.14285714285717,50.5445030074758,11.342314543202695,33.13928884853296,10.263780157238942,30
215.2142857142857,48.64712544409261,13.32317502255416,33.15272116946722,11.358837258931544,30
215.28571428571428,56.03095493257887,13.122372754400368,37.124857753994704,11.360053770598386,30
215.35714285714283,55.006653175121045,14.022213443767516,30.98785843983263,10.358787024204664,30
215.42857142857144,57.657246770133916,13.794253395817167,35.767441216662625,11.347960459768686,30
215.5,70.39732443504617,15.268568913192606,40.24300011180146,11.04853554457381,30
215.57142857142856,64.98003584691918,15.722328104788046,33.865332311328785,9.664595655421003,30
215.64285714285717,80.27321600574903,16.61982147197939,40.48107383885511,9.396569018178093,30
215.7142857142857,72.53700972456625,16.046613814627793,37.00766973613489,8.640919429886788,30
215.78571428571428,65.09510709178488,13.66751848389173,35.778919940307986,8.094738548249154,30
215.85714285714283,59.56385942271685,11.704164436496917,33.740987561723436,7.7246327785951925,30
215.92857142857144,57.70531614253433,11.973993767699726,32.05667323663588,7.195200306885346,30
216.0,62.99985556998783,12.625865030590761,31.921499693421953,6.857180102135264,30
216.07142857142856,60.41795339633685,14.70426267614229,29.538543580275846,5.773172867641918,30
216.14285714285717,61.81803893385399,15.495755229198846,30.455625677245337,6.504048185377935,30
216.2142857142857,56.67595145559633,14.514389732886292,27.04922921893591,5.725830875934499,30
216.28571428571428,60.5228512063598,15.084267524058157,31.094590280130074,6.563349815430425,30
216.35714285714283,63.27551654188592,16.68716865711571,27.302938340859463,6.299915071677093,30
216.42857142857144,63.43583021296944,16.783591516951887,36.650066996057895,10.177542883597882,30
216.5,60.880508644561644,16.36312619292314,29.90615169187316,6.830605391319833,30
216.57142857142856,52.3683383459366,15.578649060850237,27.487773508453355,6.884953761210105,30
216.64285714285717,64.30520843855474,17.638140696754867,29.303124363235,6.392464785612988,30
216.7142857142857,50.992053053507426,13.451434267628994,28.985878043358436,7.76907267379557,30
216.78571428571428,47.72507587494026,11.485827530990798,22.683532353366672,5.217932560211995,30
216.85714285714283,46.12786277948988,8.953659117564513,27.778647551718592,7.846358650779317,30
216.92857142857144,43.65260478119632,10.31206501080894,20.88378019442066,4.2449535878918665,30
217.0,49.57758297370965,13.009317565248343,23.06405160908859,5.067141552237574,30
217.07142857142856,53.177052479330186,15.616881399090184,22.07537235301046,5.222564382014481,30
217.14285714285717,54.038428525376595,14.782021533447187,21.08327792966814,4.656418259981458,30
217.2142857142857,48.26643499548033,13.313297663288404,18.326107560376627,4.257587898782661,30
217.28571428571428,49.756086979193874,12.053699497570376,24.48693559775043,5.5255511077324595,30
217.35714285714283,51.41893698905304,13.375320054581174,22.029916030463212,4.815164137977922,30
217.42857142857144,59.95093606605855,14.304497367676541,34.00151326465656,9.707765804794285,30
217.5,70.61723064662876,16.659777949328607,36.15445498054448,7.917100978895376,30
217.57142857142856,76.24006123928467,18.0753135088396,40.87940444058823,10.198482648805548,30
217.64285714285717,74.61214027438801,15.591245976638698,39.42036076127564,9.435089084006462,30
217.7142857142857,76.96792749298169,16.839820048118064,44.71657668036544,11.117175449883261,30
217.78571428571428,77.13648992679859,18.64076909577,38.921115271146974,9.426412953306933,30
217.85714285714283,71.93771552389818,19.462478523520968,36.315631609840715,8.360371038656199,30
217.92857142857144,68.87412824886484,17.80844066064365,32.89042541563885,8.06044217069155,30
218.0,61.842426336806426,14.863232762979683,28.282805714716837,6.941300285409356,30
218.07142857142856,59.48218168992135,15.132062306370615,27.372709033349608,7.408283866102633,30
218.14285714285717,61.93232340252567,16.1077919493378,29.688733822428915,8.336131066949902,30
218.2142857142857,64.58011489531805,17.827037774487415,30.529239597917755,9.302164468335537,30
218.28571428571428,73.2551162706196,18.994543882097425,36.96197641934817,9.734134864677417,30
218.35714285714283,64.9277037356741,16.168195072275456,30.949741774318323,9.417189079986056,30
218.42857142857144,70.79978000380501,17.39904066249198,39.04076586212753,11.012163345657287,30
218.5,76.03711833738045,19.689096041417727,37.17131352928456,11.405781467646438,30
218.57142857142856,78.03749326870663,22.91393838283302,40.82288434885416,15.356244303910142,30
218.64285714285717,82.43963032948074,22.54749225213656,43.8522775425855,14.831447192601846,30
218.7142857142857,79.32338446035133,20.351373671804065,41.44114637739975,13.823425568013787,30
218.78571428571428,69.17619638246646,16.75076685448082,37.78400318537526,12.626133022163147,30
218.85714285714283,67.730965727571,15.236512251050122,34.73091218509369,10.734585712935973,30
218.92857142857144,67.03959279273157,16.08080564150817,33.82105184835056,10.049936202672852,30
219.0,65.20426449754902,14.236335726354826,34.49761784122214,9.313185422040013,30
219.07142857142856,58.08848857913409,12.620064524352292,29.434702526747827,7.57309473607918,30
219.14285714285717,58.02636623510359,12.430096084042011,28.021766209922102,6.300162215402644,30
219.2142857142857,55.191861124951316,13.394215243451997,27.359625299901776,5.932984984851898,30
219.28571428571428,64.82705773271591,17.34661903772824,29.198794715877085,6.474856818551268,30
219.35714285714283,52.36867472310489,11.875599794765241,27.902686081166337,5.7236469884917165,30
219.42857142857144,49.019029803763225,11.077059191307141,27.169982156850484,6.163909307465692,30
219.5,59.5765593590509,12.637031495760398,32.78246971028415,7.390217116656308,30
219.57142857142856,62.36634204860084,14.566273458880106,32.162974680073276,8.810794115017076,30
219.64285714285717,59.11205384338704,15.91295819914013,30.777851264095748,9.896187453077088,30
219.7142857142857,57.295919675767315,16.43767422423124,30.16321658023987,10.878551032412966,30
219.78571428571428,63.13752062864776,18.557931902723407,38.25146174180658,12.474013706189798,30
219.85714285714283,69.72780097564369,20.29970529415785,38.152910102699906,12.906471225224662,30
219.92857142857144,81.58875746816464,23.600477930085813,39.16543795798383,13.699786332804596,30
220.0,79.4458243429701,22.821206824678928,37.68662448848912,13.665714810344191,30
220.07142857142856,68.87190049399857,21.818984453251215,34.053032795638494,13.623870496587076,30
220.14285714285717,59.604961081593224,17.58795118243963,37.12139898583801,14.078770570363949,30
220.2142857142857,52.468165773835935,15.773325060665094,35.33114045003519,12.649858526904758,30
220.28571428571428,42.82676227663213,13.963235640759995,27.428371872562987,11.204201058666996,30
220.35714285714283,46.65262692551563,11.364484239243426,32.335043580458624,10.502035073942123,30
220.42857142857144,56.355791198620885,13.270407859000084,35.90841168061933,10.581633597026226,30
220.5,52.19022198022077,15.154810977030717,31.736963200333452,9.230487434808863,30
220.57142857142856,55.294277233805204,16.13218515188935,28.185230765057522,7.97502138387178,30
220.64285714285717,52.21380428502319,14.915093194213911,26.909181933656928,7.717389135939317,30
220.7142857142857,50.05461332233794,12.72202161499838,27.745844620783274,8.010226625202925,30
220.78571428571428,44.2220037274061,9.690769840826086,26.063659380469726,6.147627606913611,30
220.85714285714283,41.418749506842666,9.42863774004153,20.19072091620807,4.159615003448884,30
220.92857142857144,49.00332624341653,12.693673365243821,23.810592695660308,5.330441294625693,30
221.0,52.383633237155756,12.16788931569775,27.375260011350246,6.650565161620402,30
221.07142857142856,51.95626156972892,11.430429180295226,29.821126103492578,8.416404683835609,30
221.14285714285717,52.816776886429516,11.103573693447252,32.89283813831386,10.95938252485286,30
221.2142857142857,53.61577045832557,11.334227803116006,33.696859287848085,11.28911751917533,30
221.28571428571428,58.78162426293855,12.045911327858356,35.67931862535783,11.70804628805715,30
221.35714285714283,55.270540826777314,11.804177447753498,29.462571271693765,7.614178285226081,30
221.42857142857144,57.888337053533895,11.205721804660286,34.06772793200061,10.549606723145708,30
221.5,50.617912717543284,9.978358999066346,28.556005084995263,9.652075555844851,30
221.57142857142856,58.357387385195345,11.659371403759637,33.98317148937973,10.177788627596374,30
221.64285714285717,57.88260855381112,12.357110201271073,29.624876532968678,8.721765253913222,30
221.7142857142857,61.19457880693855,13.69767980579822,29.821060376882524,8.000471160323043,30
221.78571428571428,60.77461285313692,13.943568913822054,29.090125755535016,7.355072100731513,30
221.85714285714283,60.10894529407577,13.942199598764454,29.95021158418189,6.838656447919666,30
221.92857142857144,58.72028027389129,14.918351192897791,27.40313729823201,6.543257046233338,30
222.0,61.367898918782934,15.814708716594463,28.37903480650689,6.643825310957604,30
222.07142857142856,50.21292609427587,12.785713885296774,25.614198189603528,6.5470586385733105,30
222.14285714285717,59.55604866502435,15.862690640876236,28.838301441078922,7.16521179179823,30
222.2142857142857,59.01704179576741,15.876713228130178,26.614478121077127,6.61999320150424,30
222.28571428571428,56.00443094139451,13.604533898796175,24.691443376896114,5.295660615477345,30
222.35714285714283,55.52445946255729,12.771824490767306,27.515410756235916,5.905492908582893,30
222.42857142857144,54.31198389450945,12.882516918208522,23.672089637519864,5.017362749473616,30
222.5,58.62068667790051,14.329415348031743,24.746393591363844,5.814353021888464,30
222.57142857142856,58.02921819682869,15.122808970002673,29.48456262274014,6.776144414758586,30
222.64285714285717,63.82409721006809,15.715623433349307,31.620781415474465,7.192761902075389,30
222.7142857142857,67.61616853395373,16.255185811923013,32.09012787289029,8.23006380561781,30
222.78571428571428,67.49491619144376,16.859552761567286,32.21801674419815,8.995333081780306,30
222.85714285714283,69.81890271549315,18.580690773203578,31.308179698101195,10.050523036339095,30
222.92857142857144,74.73115124035665,20.406889201689346,33.53068492471184,12.393963150474706,30
223.0,78.7601216157938,19.43200158317466,38.56024930056889,13.091301298574615,30
223.07142857142856,72.84786492122896,17.748629651146665,36.88352799813329,13.143720616936058,30
223.14285714285717,67.83075921603943,17.754917098505782,37.44103599830995,13.349224333879734,30
223.2142857142857,86.53337033575609,22.25192121588251,47.141398218196365,14.861063706129858,30
223.28571428571428,79.48613896799955,19.24936665350763,47.229783560330866,15.349045038814499,30
223.35714285714283,100.048631154328,22.74033740562393,51.34633201725645,14.273719218541375,30
223.42857142857144,81.04003914688386,19.893241688749832,48.49772263772559,14.842185442959185,30
223.5,102.26512799789757,23.986077042021215,55.05543425506265,15.15612249062375,30
223.57142857142856,77.28883474637756,18.60441166599572,43.4272413904635,13.965513100628273,30
223.64285714285717,88.96572631253838,21.105445824272294,42.825962684810584,11.396787594079386,30
223.7142857142857,61.55638876690183,14.132679858869954,33.043379394916855,7.921816769573135,30
223.78571428571428,79.9085534291367,20.23556566172085,38.90793318254463,9.023567795895879,30
223.85714285714283,62.18115962194143,14.045695284441823,31.66605463622106,6.916193644684797,30
223.92857142857144,68.22629656970844,17.11986364366309,27.021191523176473,6.355859244974062,30
224.0,65.47979461757139,18.247925213521615,25.81097156020064,6.486214229928661,30
224.07142857142856,71.1854280813401,19.401828216169978,26.76638290027955,6.68613295151099,30
224.14285714285717,60.126495597884855,17.422038174822397,25.228027903858322,6.443677170964796,30
224.2142857142857,85.51434282425558,24.890366782162978,36.43113815282433,9.955575174488311,30
224.28571428571428,44.53106613080128,10.393941216254643,26.468666060413717,8.211352921150775,30
224.35714285714283,72.96659401004953,22.988798035326734,31.509474132159905,9.397989988037358,30
224.42857142857144,57.36324634028587,17.15141916314195,23.828074492411716,6.276045699340386,30
224.5,63.350767716353786,20.032974003586553,25.387748730591074,6.648455533402725,30
224.57142857142856,57.165218012707115,18.530702267511913,25.103846919658835,6.991885409225508,30
224.64285714285717,76.87851223839488,22.99547982799379,31.06147241870938,7.667645928281135,30
224.7142857142857,51.67021178240942,15.465773802249997,24.91994195223268,7.570117244501279,30
224.78571428571428,74.56657805739448,20.377661149195887,28.791602905090734,7.273057705970601,30
224.85714285714283,50.17054200926176,12.165569794093347,19.753516901069734,3.854550614719314,30
224.92857142857144,50.01621662978378,12.201073357532906,22.53166552423178,6.454222126068385,30
225.0,51.45644647984491,11.429934591518931,25.46378807337397,5.53746974141999,30
225.07142857142856,49.364898773558146,11.363889272976998,21.430817131562467,4.670253884559138,30
225.14285714285717,45.88873043588948,9.028294359558972,24.969085183050332,6.476361642920908,30
225.2142857142857,45.03498389767394,9.2229873862496,22.847612616550116,5.194833432529234,30
225.28571428571428,36.32278545657576,7.418882095637782,19.42312833747781,4.593362117709203,30
225.35714285714283,49.46886492897695,12.8006548821639,22.02413923642591,5.405510860089176,30
225.42857142857144,44.73412367896312,10.094536888009788,18.956499612244706,3.9675968719532744,30
225.5,45.19406943968268,9.600621104431454,22.16011577838485,6.138379610846035,30
225.57142857142856,47.39032454928844,9.773522012523268,26.6929590812459,9.81376431083831,30
225.64285714285717,58.15541776704381,12.462356250935331,31.786105891853605,8.530442588273145,30
225.7142857142857,62.697374265170225,14.74138385810391,27.439911457572716,6.32674925577593,30
225.78571428571428,66.1457824620184,15.403241562199238,28.583798815102654,6.504627321872555,30
225.85714285714283,72.95976569646133,16.786307258571565,36.51944641409847,9.29204034620754,30
225.92857142857144,73.48636986446874,15.699695458312437,37.58323684287715,9.773810986649865,30
226.0,74.25547120552542,15.36695872812688,40.77704781358532,9.273190741548706,30
226.07142857142856,72.46866199625337,15.552883706992004,37.51358939373141,7.732832573806583,30
226.14285714285717,70.61528254814209,15.70823616356475,34.441153484231506,7.264647306758323,30
226.2142857142857,74.0644031969484,15.853303462442204,33.810268504985906,6.793261007010828,30
226.28571428571428,72.62016521413292,16.66613230197771,32.860703093971615,6.720258073889413,30
226.35714285714283,71.11118072226188,16.59383844737479,32.42489601629913,6.653461586451047,30
226.42857142857144,60.58869034178941,13.13956806133419,28.156810575062,5.812748679375875,30
226.5,54.62609569283267,11.121644625074198,27.70716476823498,5.43652030962222,30
226.57142857142856,40.569019571732014,7.948506026327478,24.285990713722853,5.518151530218643,30
226.64285714285717,36.51355220607878,7.535080436580577,19.286103639053593,4.500684337046228,30
226.7142857142857,38.23101938075864,7.60541464413386,19.791577032539216,4.527492373226638,30
226.78571428571428,35.965193189219754,7.641089397461545,19.99608069689599,5.522600403995493,30
226.85714285714283,41.917334775869676,9.710823174358794,22.38327184517556,4.825264667518209,30
226.92857142857144,39.35054791946726,8.17222734632922,20.17428173860808,4.59959204232775,30
227.0,44.08877075239543,10.291864439177827,20.76992615345985,4.667993612689175,30
227.07142857142856,46.617382303442405,10.94999893647112,23.10501166003433,5.495266304372273,30
227.14285714285717,46.81354370173888,12.147852975033617,22.154671688483162,5.435676866957965,30
227.2142857142857,48.886468150443186,12.974456455583184,21.078657750790516,5.686835593021458,30
227.28571428571428,46.684649076832315,12.066250234453692,23.28838229788259,6.051235375811702,30
227.35714285714283,48.60014175587884,12.923454828527854,24.380794466950316,6.31310867384462,30
227.42857142857144,49.63462662632822,12.706280791546334,25.11181257867004,6.208736535761052,30
227.5,46.70209803326995,11.754592056843281,22.64017685723047,5.530056498598645,30
227.57142857142856,43.1401946938846,10.400096566958693,21.14109772351783,4.959807768079626,30
227.64285714285717,37.043024432783874,8.469660707598095,20.64673683594248,4.985793774389416,30
227.7142857142857,36.6900522913289,8.202972574730053,19.80798951496174,4.836248876984801,30
227.78571428571428,42.967040780691796,10.977523561135733,18.88944717605775,4.144227851486527,30
227.85714285714283,37.89405957459867,9.462070803124355,17.191502654704667,3.83118535524805,30
227.92857142857144,36.09686072790134,7.685948966168338,16.131030541703467,3.5052540951653643,30
228.0,43.7210554288844,10.84347306311873,25.35405752069818,8.542793818623146,30
228.07142857142856,40.48839477846539,10.873444161560187,25.437042585207177,8.146139734072241,30
228.14285714285717,43.53233855643781,11.730791640981638,24.286449938547683,7.8725691460047384,30
228.2142857142857,46.12564543311639,11.78172261189524,22.73210051850355,6.304773929154712,30
228.28571428571428,47.80621428702115,12.765295244434068,26.534590437946946,7.809959992040867,30
228.35714285714283,46.81651704573291,12.474708847745886,27.210042247444807,7.285812310174784,30
228.42857142857144,52.51503382758211,12.928787703570011,25.389322570282413,6.579891009113267,30
228.5,51.663991397849834,11.115803272329336,29.927399539669217,7.4194209880548465,30
228.57142857142856,47.94797806322121,9.197816553100605,29.631227569236156,8.347192332839933,30
228.64285714285717,43.702812206912,9.136017636005139,19.50858833894606,5.215010059074546,30
228.7142857142857,48.386481522439716,9.998692283406001,21.171149986940637,5.3060421124840165,30
228.78571428571428,46.557546090027074,9.290613034620332,24.524361625865748,5.502080287150723,30
228.85714285714283,39.371450042227,7.567254944657577,21.874536038574036,5.17205242167049,30
228.92857142857144,36.58267602787395,7.1763812887904885,24.171802282975516,7.279025848506689,30
229.0,42.75528071401122,7.575042216325063,29.642371732918182,9.312217319811166,30
229.07142857142856,41.88389942291329,7.926228192756798,22.91083207123607,6.883510472007465,30
229.14285714285717,46.4902612392862,9.088792252619761,29.94484066513063,9.225659022864553,30
229.2142857142857,48.76895346122897,9.995489581618143,28.1564072746104,7.27297725568684,30
229.28571428571428,51.73664288370656,10.694919341380293,30.002471108550708,9.785759696657045,30
229.35714285714283,51.77959948621718,10.47008910907397,33.625354082182945,10.79973658614988,30
229.42857142857144,58.392068324546194,12.96932372546923,34.08733417086389,9.590570190592757,30
229.5,60.94035990506658,12.862170329535553,38.12847410843171,12.50877887528513,30
229.57142857142856,54.401481207824,11.329623339186492,32.73280732427031,12.161380843079096,30
229.64285714285717,51.673128273730235,10.677003602392402,34.42943834469314,14.22068251419186,30
229.7142857142857,43.506197270890794,9.190182492328924,30.46519515555402,13.302577280102728,30
229.78571428571428,49.33486659129026,9.567502366521216,28.88898856915196,9.000366919229359,30
229.85714285714283,51.41374424818591,10.255978673286089,28.55791056108479,9.041264069671298,30
229.92857142857144,58.03341385798075,11.490023429663418,32.80735316634818,9.196814567560045,30
230.0,48.53566656428253,9.91999475222458,29.169024232742657,8.68069048721697,30
230.07142857142856,67.75077395223518,14.835221256863505,36.07452014071526,9.160306167220398,30
230.14285714285717,64.22319442124456,14.606362623357326,33.367949686534274,8.103408764497463,30
230.2142857142857,46.58357317960454,10.62705297494371,28.391391573468205,8.493733179085531,30
230.28571428571428,50.53045024169889,10.206292129260003,30.094008565626073,8.76337720872023,30
230.35714285714283,47.22878779288562,9.696710002064085,22.325005115844515,3.596441370208908,30
230.42857142857144,49.40736762746591,9.285011473882582,26.10810200701334,4.702831777312356,30
230.5,47.88480745400188,9.49132819300088,25.101185241493763,4.885863205913033,30
230.57142857142856,46.5470452748452,8.248536230306463,21.629261567854627,3.95585131955475,30
230.64285714285717,45.3519475995998,8.39833258176313,23.403931316065513,4.5236015817799275,30
230.7142857142857,49.00402838648758,9.28844085510134,25.138870836133346,5.9795677521298325,30
230.78571428571428,46.96560493096402,9.480737871101306,24.0602822514481,5.156268754370417,30
230.85714285714283,55.04024424158892,12.374166458804863,25.68508194334593,5.392442726161176,30
230.92857142857144,58.63947849036255,13.118679334987062,30.552086596193224,7.195419380457488,30
231.0,58.9849403285068,13.445225637290378,28.33198351454499,6.884263476400061,30
231.07142857142856,55.143298085650535,13.658282632418675,27.912205214180332,7.89524072975347,30
231.14285714285717,52.77229310325533,12.70246118401316,28.007346124720282,8.547712998272658,30
231.2142857142857,47.39300120300305,11.3555234164476,24.23648404107837,6.465029975187552,30
231.28571428571428,50.72635228024871,11.10548210346709,31.57344628739646,8.924044212388848,30
231.35714285714283,52.037702064615736,11.635042935141405,25.538709247601254,6.603670448246128,30
231.42857142857144,58.461205681601456,11.809813654383703,30.546979989178652,6.906848839379861,30
231.5,63.12887901385242,12.53602995167711,35.268161127454405,8.751761829032526,30
231.57142857142856,53.976273794607195,10.215802108698288,30.873699185137138,7.4286586883893495,30
231.64285714285717,55.81332660947573,11.375092614559403,29.21835316655876,6.519052571940015,30
231.7142857142857,63.71143120090158,15.439952348456353,28.882987254273672,6.705466386631044,30
231.78571428571428,63.69405575731445,15.470175039002353,30.98308822267688,7.049989618824213,30
231.85714285714283,63.26186735723619,15.98647307055824,28.27961243196543,6.570712054858403,30
231.92857142857144,62.59516086890113,16.132489068583723,28.434985666357473,6.975969725199659,30
232.0,65.66624415798427,15.209526468142172,34.02650287296281,7.868755608896347,30
232.07142857142856,63.884791401281916,14.47441710583693,32.397166189320494,7.934032362270754,30
232.14285714285717,59.39643549250976,13.51410816411652,29.95151780202272,7.801984037840921,30
232.2142857142857,59.628346438517944,13.436069164436134,29.506306024349264,8.008441273724875,30
232.28571428571428,58.152417640413034,14.471271052394854,26.920431651864206,7.811330879575853,30
232.35714285714283,60.878279439718135,13.919692562254577,29.175172894469302,7.786242071011576,30
232.42857142857144,51.29161505562006,12.065528835122661,25.80316465637727,7.644390586868825,30
232.5,45.40441459891682,11.702617411653941,23.9429530610613,8.13691990856512,30
232.57142857142856,40.280599525596784,10.188326596160575,21.59541214181476,7.199590397712722,30
232.64285714285717,42.03154013352866,9.55365217014901,20.937964158798895,6.5952286535836215,30
232.7142857142857,56.92883871524081,14.260309164149152,28.57929831620706,7.36297738567996,30
232.78571428571428,47.968793888622685,11.397183371039064,23.58540565666396,5.991354387088642,30
232.85714285714283,41.50194228447,8.367932379146115,18.124620994036068,3.8975963901618926,30
232.92857142857144,37.70616633212964,7.544099328364571,19.779751392255182,4.884095089484551,30
233.0,40.516808857940205,9.124012869974672,20.27693935607754,4.932287274504643,30
233.07142857142856,47.18883429686947,12.640131622033458,19.123979233088644,4.416135147860027,30
233.14285714285717,51.56188839297605,14.161130771618215,19.432891507393503,4.80075284996901,30
233.2142857142857,50.7611992755616,11.609232376311304,20.34290920199936,3.8990198825470532,30
233.28571428571428,55.37337442873746,12.668132698727511,23.764175148235488,4.948835276160358,30
233.35714285714283,56.3581190133507,11.940926938827635,28.273537298396832,5.989415448697446,30
233.42857142857144,56.12652160449205,12.53672970201171,23.630586908490343,5.613424149771332,30
233.5,69.89327341028331,16.328722064041624,28.21822518210449,6.8585206506891705,30
233.57142857142856,55.00988262203219,13.6598867075051,24.077997003811063,5.596906641867773,30
233.64285714285717,54.437569602262364,12.533720272171209,27.217589592457013,6.72835353469116,30
233.7142857142857,52.5316400014061,11.796674487746708,23.11400966799028,6.482683648547526,30
233.78571428571428,45.31904537938697,9.89222630128906,20.345171716990038,5.907746946910879,30
233.85714285714283,44.12438166293815,8.488206168489912,26.218887077816174,8.863650071892524,30
233.92857142857144,42.33469970192999,7.853118127274176,22.13318843240905,5.910322284606416,30
234.0,44.63623405472407,9.222586302422515,26.980529971580218,7.672131422328004,30
234.07142857142856,45.55228655242199,10.208393202889678,21.308649596089285,5.2800380172351025,30
234.14285714285717,49.18146265988672,11.37737596478427,20.81989311663732,5.237905876371061,30
234.2142857142857,46.56829091007549,13.0798073815288,23.183774755084567,6.072387061834732,30
234.28571428571428,48.15853296438521,13.697644747902281,23.50243646353261,6.424015088599342,30
234.35714285714283,50.047872526573464,13.685238399345453,30.467208131026947,9.098433705673793,30
234.42857142857144,47.04368612877697,13.577470400745652,20.559921664017303,5.690808505272279,30
234.5,43.377662611861055,12.028123442074724,18.400701577421202,4.163771725202192,30
234.57142857142856,42.35640494328672,11.588792275870723,21.88480967716121,5.279166568788917,30
234.64285714285717,40.85823845197987,12.239960383808071,20.582569013294556,5.626598807851425,30
234.7142857142857,40.10918767741094,13.109811509447525,17.77982770462385,4.5958607005651375,30
234.78571428571428,43.12263948800681,14.084561912445405,17.58848271482368,4.762352062997854,30
234.85714285714283,44.27975854326182,13.079265650330235,21.257401388512296,5.574253169522163,30
234.92857142857144,42.63390570122565,12.018145472405063,21.382151238919054,5.142264239788433,30
235.0,34.1373398074882,8.578448071365035,16.36144856195057,3.839467546622937,30
235.07142857142856,37.803621623515355,8.681462005202915,19.33877364686341,5.269792905296882,30
235.14285714285717,38.35425683070322,8.946516433892214,18.178022204715994,4.736023090245182,30
235.2142857142857,40.48528772001899,9.339126534552593,19.14325238751322,4.908346633264557,30
235.28571428571428,39.60983891693035,9.209229508998938,17.906135351189057,4.375048312132711,30
235.35714285714283,42.01592119572222,9.558113630329352,20.695317301100097,4.853305261778417,30
235.42857142857144,42.160062003155346,10.078714411574037,18.149922700997934,4.628939204678825,30
235.5,42.28753885718679,9.756948567315547,19.17205996922541,4.752096701398714,30
235.57142857142856,41.830531767673634,9.159843604775935,18.944003332859797,4.208642110915223,30
235.64285714285717,39.44993247302729,9.576223279029113,17.846667085373358,4.620769931049986,30
235.7142857142857,47.537953816180334,11.112429887606151,22.462867734199023,5.460715394403458,30
235.78571428571428,45.246640857132476,11.191934558035612,19.731167231314114,4.6363459516095284,30
235.85714285714283,46.2227124664153,10.87838163296313,20.02839318661135,4.0810433561011195,30
235.92857142857144,48.67003307709717,12.059526234468583,22.323057018214755,5.946523781160215,30
236.0,47.84576204418988,10.579104419495092,20.2630543215762,3.5395019417331275,30
236.07142857142856,50.20609252820635,10.018010235215735,21.816614375128587,3.826959595684332,30
236.14285714285717,53.72786924658008,10.910578412618154,24.236212414738837,5.18282204877137,30
236.2142857142857,57.38358205627142,11.791683497625996,30.652259895428816,7.199084377688739,30
236.28571428571428,57.136434559319895,13.325243265095592,30.338427377146726,8.345803354446998,30
236.35714285714283,61.82524253141961,15.05492602492384,30.119120217625106,9.058573103858771,30
236.42857142857144,59.74256923765019,15.390273476781458,28.691930785450115,9.173034684699132,30
236.5,59.02343138282147,15.550603085596006,28.828800542022872,9.113458203248472,30
236.57142857142856,55.469149438583734,16.182970484335033,25.75552349279065,8.782903957637235,30
236.64285714285717,60.09184607471321,15.16345813384877,30.57304068832362,9.100436972885777,30
236.7142857142857,61.45797962197457,16.272701932247813,27.761641004172713,8.948172628813838,30
236.78571428571428,55.22883918168472,14.508752020338811,26.39343166160312,8.39268385462725,30
236.85714285714283,50.66597829685749,12.730687160905957,23.352799265799764,6.981755451666061,30
236.92857142857144,47.10026815533952,12.615152116543419,25.5837403178489,7.641099206837782,30
237.0,48.81064400155957,10.759337920048198,24.709618295038922,5.586262418212363,30
237.07142857142856,59.04718820085601,15.338545747172933,27.08073423747603,8.078934661971486,30
237.14285714285717,60.12079083609355,15.943217181493809,25.574366989040414,7.0357899057835995,30
237.2142857142857,63.52621436553828,15.549575261615137,30.482597261227976,9.117240223049198,30
237.28571428571428,44.33348747851494,8.509087762523539,21.008549409966577,4.467888812510207,30
237.35714285714283,57.310245041468214,15.342547990606993,28.732120663974047,9.835854023363646,30
237.42857142857144,43.932693558439134,9.663614956803114,22.435402909414005,6.095432337296066,30
237.5,54.807972912818805,14.956566111137107,30.385435958853204,10.489801342974234,30
237.57142857142856,59.75684218662098,15.179000864598757,32.79488737130345,10.081420330549733,30
237.64285714285717,59.967283563707774,15.736391313767706,31.696213290697425,10.620703758818243,30
237.7142857142857,59.0952810175999,15.18393147126844,30.806331771506418,10.3833566551919,30
237.78571428571428,61.08851997011802,15.304251687232568,32.35621871581419,10.671134843724065,30
237.85714285714283,62.06791448949796,14.357502318670193,32.74320568908859,10.119588320987283,30
237.92857142857144,67.32626127032675,13.845894820262563,35.274398880970736,9.456625837815276,30
238.0,70.15982464957594,14.400110105932727,37.11639269888102,9.811859766344535,30
238.07142857142856,55.03880375636183,11.171440828144895,28.97237069571124,7.947990669447699,30
238.14285714285717,68.62942449635791,14.648804578272877,37.3168698483798,10.163943840012868,30
238.2142857142857,65.28288608484306,14.162894578255388,35.21581751316131,9.097412157318983,30
238.28571428571428,73.59394252034764,14.371005084873508,40.679088114258704,9.035473713266343,30
238.35714285714283,71.46864655673161,14.556626451017912,37.41757729750811,9.642093466403741,30
238.42857142857144,66.21863829966996,14.97557996904206,39.627077103948686,10.209203407000505,30
238.5,56.60562290560465,12.121822313503653,31.39389945146579,8.770466994959735,30
238.57142857142856,57.31924390691988,12.434936175636738,39.11495875279241,11.345121475567062,30
238.64285714285717,58.83758671757572,13.138475472676006,37.272639597900415,10.53656761453845,30
238.7142857142857,60.85810322340495,13.883741764280398,39.082860717917974,11.71405115916274,30
238.78571428571428,62.67060944511671,14.630871859392071,43.93257189671437,13.440412325154872,30
238.85714285714283,65.13063675754348,14.766335389942622,39.24714237399555,10.892078644655886,30
238.92857142857144,68.76789123907632,16.10657558844469,39.749940124526525,11.086863174524627,30
239.0,68.70144278747308,16.31069690661437,38.83520975242551,11.07125170918615,30
239.07142857142856,65.71400969765796,16.103345036633076,35.18764519411204,11.286402948877337,30
239.14285714285717,49.78437523488239,10.388709304115013,25.18758732695197,5.464314158981539,30
239.2142857142857,62.450645483415435,14.93650231677563,30.992328269385037,7.578910972189854,30
239.28571428571428,66.38229785142309,16.65579497089102,37.032814161085426,10.952685827631395,30
239.35714285714283,67.1144920895033,15.897911635534054,36.44699725929833,9.908813548271869,30
239.42857142857144,72.1019976983058,16.099433861348665,40.20463602353393,9.81463249489161,30
239.5,51.629116091496556,10.646524558005195,25.04310746638696,5.777097399038761,30
239.57142857142856,71.80149196858942,15.519228012793413,38.20485547843158,8.608924604209731,30
239.64285714285717,49.31221575927541,9.801173803268465,27.69810119418463,7.176718369188962,30
239.7142857142857,63.69521319483657,14.535629238171992,35.361890855078855,9.366711423473381,30
239.78571428571428,49.43525276426519,9.560396432961197,32.09993940532248,10.477067985327096,30
239.85714285714283,59.46878610210814,14.111584020891128,37.543772347167724,11.095046386864455,30
239.92857142857144,42.15926821600282,7.89705273547055,30.623382106764026,10.361962025824003,30
240.0,58.35480324837264,14.64118014613046,32.86867502044675,9.748714315852721,30
240.07142857142856,49.03410719420474,10.49025759592534,29.537640496620384,9.134279564279508,30
240.14285714285717,61.44897317859668,15.240339079463753,35.84258191934601,10.952184062767547,30
240.2142857142857,47.31420820607317,8.677908449854613,29.730681999250894,9.769977231495867,30
240.28571428571428,47.03487722865874,8.266968069146857,31.20250665578089,9.518025244644805,30
240.35714285714283,45.56218982360885,7.827019403975732,29.053188142885784,8.538346632757257,30
240.42857142857144,47.69790907244113,8.076389952608947,31.857415463096938,9.59623274045117,30
240.5,47.09793348857879,8.00953440897094,29.685946489327275,8.64789166298191,30
240.57142857142856,42.336875521611304,7.834493636788872,26.699863884477736,7.148440064545423,30
240.64285714285717,52.13692335672989,13.317507696755248,37.053379266754646,12.722718993431293,30
240.7142857142857,50.08665551540322,11.003050256692752,33.820151717697385,10.48437643355525,30
240.78571428571428,49.858326665441865,9.843457124772412,32.24754532462249,9.203489667355313,30
240.85714285714283,57.89517133898072,12.790919423355763,33.161561442218364,8.658680094173786,30
240.92857142857144,43.88381188460542,9.260360011028478,24.44189071471491,5.318557478515198,30
241.0,56.37026729507973,12.578862316893046,29.663764062008447,7.064894687999839,30
241.07142857142856,42.02244935176063,10.033300296365276,21.332644878152657,4.805222168072436,30
241.14285714285717,57.65307602951358,12.749405391095376,27.095472752384758,5.383860159196552,30
241.2142857142857,47.62655024294857,10.858121578066731,20.764326237887314,3.3929202200053314,30
241.28571428571428,60.4703245333807,13.843357718136266,26.6147682591652,5.699783395597585,30
241.35714285714283,49.563542431505034,11.575268048058966,20.516507083174094,3.643563286988882,30
241.42857142857144,60.518340459658965,14.56456111622974,25.972965731599285,6.2625227573168525,30
241.5,44.50439571368138,9.477997631376011,19.664831000756273,3.467664963843445,30
241.57142857142856,50.26197727109269,12.712724504995842,22.08664684238637,5.643826665845687,30
241.64285714285717,35.85000767016457,7.928053437359183,15.807285215175611,3.079265498965285,30
241.7142857142857,49.814554483385486,12.975294926354852,21.78826112792251,6.156797891744674,30
241.78571428571428,39.76719768560162,9.033882489606706,16.261983924329485,3.0852679709574296,30
241.85714285714283,42.345502334401765,12.425946903900051,16.763196969559495,4.20469242540965,30
241.92857142857144,47.792256392369815,15.940611390463754,18.223009116955225,5.388118158457994,30
242.0,47.45516786713657,15.821118996268545,19.266894105834613,5.3824011928642195,30
242.07142857142856,38.980782312264964,9.388308766583805,15.941151146579646,3.127438094491748,30
242.14285714285717,34.45771440611993,7.110119941814829,14.198494151568243,2.3536436856011442,30
242.2142857142857,29.513491857103077,5.957120894603691,12.99494360597361,2.2101734964586366,30
242.28571428571428,31.481765884965792,6.558594081581405,13.424247910400476,2.4244302649273095,30
242.35714285714283,33.79634875295843,7.304969140266778,16.49235812853072,4.5834999495072335,30
242.42857142857144,39.67493589628477,8.741913820294517,18.842314643378696,4.380023176463958,30
242.5,33.92422438999894,6.916903248947531,15.559641919849891,3.460623034837859,30
242.57142857142856,31.720185158158706,6.43353575698796,14.190090525046013,2.8785237246302926,30
242.64285714285717,31.822630667552197,7.089771519128883,13.593836953761164,2.8519661974711954,30
242.7142857142857,34.688476318180676,7.270866148273068,15.351694720077457,2.9537160595804672,30
242.78571428571428,35.31404786958988,8.17140578719083,16.82265497388452,3.9613542662310093,30
242.85714285714283,39.01713929962213,9.395791411185195,17.885387667856104,4.9166573838826695,30
242.92857142857144,59.220609850674386,15.990773094391338,28.512570055481845,9.26229728842386,30
243.0,45.24622588774701,11.298633181842819,19.92068372452253,6.182667629376732,30
243.07142857142856,64.25309316108985,17.07537353127262,30.159603408163694,9.68900896752689,30
243.14285714285717,42.608345114206465,11.075442411443964,20.449833604226964,6.227566024812334,30
243.2142857142857,60.792705385362915,16.783923764425584,30.137593946272492,9.656178425962814,30
243.28571428571428,40.32330134916303,9.682002315159032,18.46748082102935,5.121027280166039,30
243.35714285714283,56.68198482428639,14.548990349002354,26.388368275968528,7.79682942153141,30
243.42857142857144,39.522509774369745,8.63953513918197,19.068747471566844,5.107244376587787,30
243.5,56.88823985167464,14.367914489948598,26.703064826541866,8.05069184541216,30
243.57142857142856,44.79748054448446,9.577870424155048,19.956857906258445,5.792307022417289,30
243.64285714285717,55.34814737491297,14.261339228693588,23.20902029008458,6.492717428716281,30
243.7142857142857,39.655247282997536,8.356283055919201,15.32880564032451,2.528087312676726,30
243.78571428571428,59.91192979882163,15.36038347023882,24.50662653373761,6.448732855968015,30
243.85714285714283,47.71929237003276,10.761953949088378,17.734526346924998,3.1756669869229213,30
243.92857142857144,47.87731882372986,11.255811734784896,18.970864926010805,3.764944823379143,30
244.0,51.22932512140458,12.199823491965006,20.191183444764828,3.7507228141532343,30
244.07142857142856,55.606176926751,12.933912822410424,25.035289411275922,6.285559611584807,30
244.14285714285717,52.64748738314094,12.198478249593812,22.26888656465363,5.6084470344106725,30
244.2142857142857,50.70794198783988,10.850251491236804,22.946115369610826,5.65276904645942,30
244.28571428571428,58.699316192448656,13.90192756540641,27.688815702969134,7.137262458006448,30
244.35714285714283,44.80581007137309,9.37278614234393,22.247723343951137,5.227233408382546,30
244.42857142857144,62.757929296722615,13.650882969941206,30.14944304544911,6.873163757027884,30
244.5,56.36105936488911,12.296721163430181,26.793503738057712,5.963980764612069,30
244.57142857142856,72.08712477092766,15.953835580469384,32.9749877166777,7.702305840951484,30
244.64285714285717,43.21368493136478,8.357953771095632,22.99599424859784,5.427760097758125,30
244.7142857142857,58.478273584986376,13.984774950058068,27.88127205082203,6.84234650901018,30
244.78571428571428,35.218483315115925,6.544797057465753,17.700132505669355,3.6828171813131583,30
244.85714285714283,40.852713023795644,10.40317517679779,23.21540233504166,7.07893362186876,30
244.92857142857144,51.320128595898254,15.562152834862843,24.132465920700888,6.291135203594686,30
245.0,62.08583258739305,16.547177525932938,31.89195196606798,8.432784455206058,30
245.07142857142856,47.56306591719452,12.919228507105558,24.65855094902133,6.200602462594575,30
245.14285714285717,52.692629099727306,14.889450902158107,27.99014274482076,8.413153559727114,30
245.2142857142857,41.656976713490145,10.612312223029923,22.316332842717532,5.6773583799456055,30
245.28571428571428,39.103008132884504,8.458028998834347,20.757813817824854,4.931060576032747,30
245.35714285714283,35.23078646478703,7.288187429995691,18.48569163700851,4.310011694758176,30
245.42857142857144,32.962506164595204,6.194532276572751,17.263654239669616,3.753112667826767,30
245.5,37.736152571934596,7.756825283228119,17.863636651425224,3.930327318283061,30
245.57142857142856,39.98251892115634,7.4786280006916535,19.16114896802285,3.8899646992563146,30
245.64285714285717,37.14544347986881,6.429416460832913,17.696536479898455,3.413529590733266,30
245.7142857142857,40.66394961408948,7.597456865730297,18.948308655451743,3.471106637824159,30
245.78571428571428,41.3750045607289,9.842989391104238,19.38956284924965,4.176102648675783,30
245.85714285714283,39.09622071554771,9.749497607847548,18.930075934735,4.554780197495628,30
245.92857142857144,40.470779261340105,11.805268443524476,17.253417651401627,4.287907549887664,30
246.0,40.33700829516502,10.762160748412619,18.338903626242594,4.4549963035535365,30
246.07142857142856,38.4688809507386,8.889144735406479,16.18893531159364,3.3881663090824348,30
246.14285714285717,37.60766145296236,7.235780638198853,16.694502362372702,2.930406908035681,30
246.2142857142857,35.39884481894113,7.985744444752999,15.401010080611133,3.0347844999284046,30
246.28571428571428,38.95922311843427,8.714314532690649,18.097705906877177,3.622221845730151,30
246.35714285714283,39.83526428420294,10.475558573068119,17.071560849844623,3.287764882896547,30
246.42857142857144,44.35661926774227,11.701891667870187,18.77725268176961,4.005594560635919,30
246.5,51.79119892690161,14.175982922836646,26.146760460531347,7.707943060298601,30
246.57142857142856,39.58285260705684,10.106625849786047,21.571607659226242,7.071769709569538,30
246.64285714285717,35.99112791827642,8.628866702562485,21.298841459455705,7.261397210036958,30
246.7142857142857,36.41262581574691,8.739279860602664,22.134837098329424,7.5773490257731355,30
246.78571428571428,39.90730032226341,10.054040094914358,24.23837795492472,8.352650996235484,30
246.85714285714283,43.95945455788562,10.517319434631489,25.08189870524257,8.048943034971051,30
246.92857142857144,51.908272909044754,13.989227993091939,25.209852065453493,6.674011455704865,30
247.0,53.839528618410604,13.809727203668167,26.263057294293105,6.495439465940665,30
247.07142857142856,46.09241083611445,12.512902014913939,24.128503676586213,6.368232310806474,30
247.14285714285717,47.29981637172755,11.846362600599681,22.74553106147013,5.106014120234744,30
247.2142857142857,42.03145221445986,9.853924661665976,22.166813794386456,5.246835014651977,30
247.28571428571428,49.02290700943149,11.0492113721647,26.603438233441853,6.5551391064794755,30
247.35714285714283,45.26864095620039,10.576252426890111,26.154254724675752,6.945435921804019,30
247.42857142857144,43.92717453703306,10.20100441535901,25.026819580758183,6.649755500752614,30
247.5,42.66702310231117,10.077397980259741,24.642152307193943,6.8056212520721475,30
247.57142857142856,38.95870832406378,10.00828518975571,21.932381102377548,6.961641263369132,30
247.64285714285717,42.3375422584179,10.020623426923617,24.38997046524452,7.142169609259726,30
247.7142857142857,42.336600564738006,9.264282669844336,24.671914732362907,6.883651596903576,30
247.78571428571428,36.120512796959495,8.675441807343926,21.672092495437656,6.331359128948119,30
247.85714285714283,46.81491804102985,9.345061497809956,23.910464596944834,4.958953628408077,30
247.92857142857144,51.878345467504424,12.315076514754175,25.699759403325334,5.4706709530505995,30
248.0,47.4863718307613,10.492036236010907,23.02336608550429,4.830546062430703,30
248.07142857142856,44.495212839197194,7.972337176231596,21.91857857790481,4.217693222575553,30
248.14285714285717,48.350786695968104,9.168488079887686,23.941635207358058,5.729645078857501,30
248.2142857142857,41.028897463503206,7.072372204861532,22.935955609475897,5.788322567057602,30
248.28571428571428,48.401934103115664,10.198468480012053,25.269151470220145,6.756735738763438,30
248.35714285714283,49.28955085217705,11.393672022028245,26.180572854137026,7.2937227960886855,30
248.42857142857144,50.36198132099821,12.016212075677776,25.339721042381594,7.0173005597579605,30
248.5,55.96330670547773,13.488504040131371,27.487559815162104,7.451797390072131,30
248.57142857142856,55.69697077435972,14.135837274473783,26.90107160683348,7.494239625928513,30
248.64285714285717,57.83823529960554,15.61067030594366,27.8591375194594,7.87126871954878,30
248.7142857142857,47.32316820754556,11.777496229897398,23.85301142645463,7.031921955342222,30
248.78571428571428,46.2675317708653,11.4107704108032,23.67988776375094,6.825988871509906,30
248.85714285714283,50.306506984180515,12.887096285758792,25.110018421435008,6.824861411374788,30
248.92857142857144,58.006743629299656,15.76663556685279,26.383814279066623,6.994968476225399,30
249.0,55.946766659802094,14.627430593409485,23.908348803948684,5.97170239314172,30
249.07142857142856,50.737784939524666,11.883228095184895,22.21763790757506,4.65647090757276,30
249.14285714285717,44.11437974897391,9.717883784069286,17.82852866245978,3.344190378112735,30
249.2142857142857,39.58924685956163,8.209024057564406,17.37858972648288,3.1944213942372923,30
249.28571428571428,38.152147218318156,7.6760002541279935,16.71469543606657,3.0054979224112643,30
249.35714285714283,49.639334284873286,11.873442676347924,23.753283065291782,6.975105250339968,30
249.42857142857144,44.724271452141586,8.688159624315283,19.556061762404916,3.6873488317551906,30
249.5,58.389034903179756,12.041050969431678,26.935207658288252,6.6382728493005105,30
249.57142857142856,48.11069381577837,9.035082943837034,23.56433377392589,5.2817484777669055,30
249.64285714285717,54.01033667104466,11.773803477440548,28.091521601437375,7.400309780300955,30
249.7142857142857,43.504570965251865,8.602485778202327,22.691401508989795,5.424091210224881,30
249.78571428571428,55.41273717583866,12.357601391680893,30.420270875889567,8.129711086425576,30
249.85714285714283,49.15982124969537,9.150781331529505,25.819301975580508,6.121636554552192,30
249.92857142857144,59.08093516491023,12.714532092580212,31.751718190991138,8.463169205353898,30
250.0,47.413130454830025,9.132572799675986,25.060448531457247,6.000000446375208,30
250.07142857142856,46.911447930781186,9.71753382501017,22.154315327970533,5.041289611066781,30
250.14285714285717,42.68207254361119,8.596590658665258,22.409994191879015,5.180811941386214,30
250.2142857142857,43.78601692346786,8.563064702579096,24.827443831203325,5.955086539260788,30
250.28571428571428,41.37838524084869,8.059475787191477,22.947913834175207,5.898540002370504,30
250.35714285714283,40.46353232065472,7.93238004140985,23.6754478328513,6.545010999049098,30
250.42857142857144,37.45805746215073,7.286677725530558,22.13943671835632,6.231162408206211,30
250.5,39.95782529126735,9.47044719535148,22.23678569036665,5.792563415704712,30
250.57142857142856,39.01964616834987,9.533636994761359,22.271790894011232,5.878064512987015,30
250.64285714285717,53.6914144062823,13.117524440356439,29.310544326518425,7.7662007147273036,30
250.7142857142857,40.313823700796306,9.380056003809768,20.79811724941459,4.8437838352253415,30
250.78571428571428,39.80203496428714,9.446694947179196,19.492729181947325,4.5459576153921795,30
250.85714285714283,37.86492612177401,9.102424807554604,17.644355637547655,4.256006109691614,30
250.92857142857144,39.08716104928203,8.421648160717242,18.511512551545074,3.882749065355775,30
251.0,39.866037716736905,8.289839776237182,18.671925748383902,4.067250462778265,30
251.07142857142856,39.53035546294826,7.872584463629151,18.762783034274868,3.924555080696872,30
251.14285714285717,37.749716326757124,7.639917869851421,17.29850913346113,3.635400116257436,30
251.2142857142857,43.030424064306665,8.34134299329337,21.978377417475283,4.866322182668054,30
251.28571428571428,43.14004991414321,8.422162740723426,20.618018396426464,4.558242128310228,30
251.35714285714283,41.94886960083547,8.569256801906135,20.57368015122727,4.628841248179206,30
251.42857142857144,45.053069983653025,9.250578956899805,20.963598987059015,4.721313830808908,30
251.5,47.80501033386453,9.48764691273877,24.61965852182473,5.88886633832422,30
251.57142857142856,50.238274019604596,9.491377272649201,24.362771483749764,5.067967616142428,30
251.64285714285717,59.82650511735842,12.528570850225705,29.235802653487017,6.506283181920051,30
251.7142857142857,50.104090424362575,11.11666505164707,23.564708216409365,4.942985906353222,30
251.78571428571428,49.493300204745445,11.35756463094469,23.43650133486387,4.645241207703306,30
251.85714285714283,47.987214879991456,10.02097398031982,21.211406700636,3.64876876086889,30
251.92857142857144,40.15313501623849,9.04165647794508,18.16693007826222,3.439150748022998,30
252.0,39.019257097821885,7.655555744082791,17.930243789353575,3.188138394567288,30
252.07142857142856,36.70570114045764,7.701601834893349,17.061906626757324,3.0700424052261295,30
252.14285714285717,36.48811367597612,7.425308139180367,17.123886365879876,3.027398396557334,30
252.2142857142857,40.93182828576314,8.384408246215395,18.833488913817828,3.1739612675132687,30
252.28571428571428,43.39334439227901,8.948433513120147,19.56798562166531,3.401208295889253,30
252.35714285714283,45.48875462650398,9.973137141558228,21.517053262864735,3.9732499823523906,30
252.42857142857144,40.03988875120968,7.715150340663582,21.114638917568097,4.244975533707788,30
252.5,41.60808736396244,7.959562980100381,21.7465014106261,4.395997093945896,30
252.57142857142856,39.3079790994383,8.13804324488337,20.408134865574652,4.668339679111112,30
252.64285714285717,39.31648436793066,9.554119965711724,20.11182427450897,5.285709188888882,30
252.7142857142857,37.27700257996611,9.978110399600213,19.922196893319352,5.658553311439065,30
252.78571428571428,34.82292380075736,10.176150223842678,20.366210057905928,6.032261476351594,30
252.85714285714283,35.880506085293355,9.942638498076096,20.85893934397277,6.277169821356824,30
252.92857142857144,34.14931821156163,10.6208298935043,21.415430661291122,7.0144829982363,30
253.0,36.46193814934487,10.462979180725442,23.401174612780576,7.1768489501104185,30
253.07142857142856,32.33078294806075,9.813700319540915,20.153845515372954,6.664375944613135,30
253.14285714285717,32.377693485564,9.914014192379897,21.544638476374047,7.035222179027884,30
253.2142857142857,31.737792495195144,9.053236042412184,20.578521867916557,6.541318439356917,30
253.28571428571428,41.49012399362918,11.206146221774297,24.88158740182931,7.2503061018684125,30
253.35714285714283,35.987896234884005,9.822845469482276,20.839257474044267,6.023048315886015,30
253.42857142857144,45.54584705465248,11.30359042759292,26.31387054608829,7.05991853357298,30
253.5,36.639530248367116,8.91195967838884,21.627710753980598,6.296523379855904,30
253.57142857142856,31.186535720946015,7.217125691832156,17.927807069137717,5.808838604814015,30
253.64285714285717,39.220858477472134,8.60842518098773,21.124955668218767,5.294923638300181,30
253.7142857142857,46.817736274329626,9.960434179249765,26.274473441254813,6.513130090750843,30
253.78571428571428,35.455691772358485,8.425015526968007,17.986112613529066,4.518606415349557,30
253.85714285714283,40.522909148666606,9.68180320457667,20.63771622910849,5.970460826093114,30
253.92857142857144,35.48419509681145,8.298925694921964,15.601527507237224,3.503925348464412,30
254.0,44.46459302194583,10.951868750749947,21.475127547054743,5.239948283338239,30
254.07142857142856,43.57899453984083,10.943264138753763,21.526943180545075,5.671884438660823,30
254.14285714285717,37.34156023769738,8.307415727770866,16.95066568506536,3.002752959000241,30
254.2142857142857,49.68141372244492,11.787128344986405,23.509592472394612,6.084926001182239,30
254.28571428571428,41.09070277766518,8.760734578350934,18.825636973580597,3.202586977321489,30
254.35714285714283,50.33839680379808,11.95500136252798,22.194119896554913,6.051223158017049,30
254.42857142857144,40.53586429036493,9.319157485376076,17.1386794253029,3.1666736226501175,30
254.5,52.320538958754575,10.953919113608977,22.632459502830034,5.2364689931375485,30
254.57142857142856,39.50971893640834,9.194392546990047,15.874738095122119,2.943593298303817,30
254.64285714285717,56.16933278910846,13.092363273517972,24.92184367361221,5.867863822150056,30
254.7142857142857,44.86508649752703,11.890817840519281,18.95173687863083,3.8244673113174743,30
254.78571428571428,48.5308840330212,11.675662134927446,21.59280422358976,4.77458529114676,30
254.85714285714283,46.267409136405554,10.769698148661554,20.856670080233837,4.535468879818618,30
254.92857142857144,47.85932765268182,10.659223543174853,22.714709278185627,4.514327910614334,30
255.0,57.78551429051851,12.687950418211972,26.263958896835724,6.465992093718407,30
255.07142857142856,48.31274308310402,10.520204367274076,21.066794063093088,4.25735905977397,30
255.14285714285717,40.15719871573205,9.625488051390974,17.54895435493368,3.6644826611945023,30
255.2142857142857,37.186232661492205,8.819409423261297,16.7629778242453,3.426015010021288,30
255.28571428571428,48.41872107584853,11.280676935879129,23.7751978984474,5.627570748475515,30
255.35714285714283,33.55579241176665,6.819291828764817,15.59658723320727,2.9302902121048193,30
255.42857142857144,52.41606491897319,11.04816561355777,25.07018497908021,5.395209674885023,30
255.5,45.085321702244194,9.36274511820515,20.769991315157807,4.071648309367708,30
255.57142857142856,55.140456869583055,12.151075968297697,25.04098537456365,5.4160819310008925,30
255.64285714285717,49.58277482476147,11.583721448064978,21.52493194118903,4.208664514560249,30
255.7142857142857,57.42445421431184,13.289371758290537,27.11182911710551,5.942271170695531,30
255.78571428571428,55.87574741324542,13.329566438028182,25.067518501788157,5.359110703249949,30
255.85714285714283,53.59662836768944,11.759699775471184,27.276751377997485,6.1381721479359,30
255.92857142857144,55.67326778628578,12.605344183532894,29.966836397806496,7.539664478572189,30
256.0,44.95571224820512,10.051240947659451,22.75593619242247,5.623138066604535,30
256.07142857142856,42.72746039824511,10.267980994133397,20.528284692553278,4.328584327947009,30
256.1428571428571,37.86133054472431,8.639101602026777,18.269412478159172,3.797318654022564,30
256.2142857142857,33.01959112888018,5.1982118280758804,18.33503984772246,3.6891257731139606,30
256.2857142857143,36.98834933781795,7.85686281960296,16.372535555421926,3.3827587027351314,30
256.35714285714283,34.75547318687312,7.2776151994450275,16.36663029962874,3.191773966908408,30
256.4285714285714,30.25871168452121,6.209728098183324,15.530979873581828,3.3281009353618387,30
256.5,30.47986708573634,5.688261858524651,14.94563913012637,2.9910868002211335,30
256.57142857142856,41.50481533159184,10.475868739414825,22.19291043111659,6.618535172145676,30
256.6428571428571,40.143093135828636,11.44426570125754,22.17584028969084,7.102811547780614,30
256.7142857142857,28.143238343937316,5.595797093680799,16.04198753409344,3.837221216182132,30
256.7857142857143,48.83542753034163,12.284422518273189,24.57704957618932,7.001139394902533,30
256.85714285714283,48.14423671024973,12.143773897386128,25.37181096235536,6.910068813289596,30
256.9285714285714,48.82071979318779,12.162348192480632,24.87912135911594,6.973848469711803,30
257.0,34.04437932565627,6.797899243588731,17.146148885431113,4.357582943467544,30
257.07142857142856,32.46693929406003,6.557041194141512,18.31484041972195,4.747315889647928,30
257.1428571428571,35.283850570857425,7.575484194127846,17.726526205580186,5.057207889261293,30
257.2142857142857,36.72972720418413,7.871362595420851,21.064444682142042,5.77195147395652,30
257.2857142857143,38.493174961639184,8.538656457040922,20.51696351329819,6.071332785347932,30
257.35714285714283,39.78909702493521,9.11629294087256,21.176861469264576,6.603155562699403,30
257.4285714285714,42.77647340019363,9.606083998034904,22.629545409113764,6.7653548889611095,30
257.5,44.80533822422491,10.114570120103355,24.15064891747537,6.657727234784836,30
257.57142857142856,56.59000771281244,13.415782078223748,30.51045736911045,8.825424063840256,30
257.6428571428571,58.66332342871263,13.102869092833876,31.055474610884524,8.60667513438102,30
257.7142857142857,45.7570265007227,10.769586837694074,23.80814357855445,6.635313411994838,30
257.7857142857143,57.69546589126227,14.010856855132339,30.88095577344049,8.429776210178215,30
257.85714285714283,57.53509869269274,13.097955071364474,29.660333749532075,7.4515046546848485,30
257.9285714285714,50.40318369896141,10.781220603359955,25.71606236968714,5.808870880908339,30
258.0,50.180225012890624,9.89590210261296,23.999016047671486,4.737825897290309,30
258.07142857142856,55.94532006626999,11.737698069510113,28.006049774265737,5.3686185132135655,30
258.1428571428571,46.705153995179316,9.023682775364914,22.27402697633195,3.795821113538984,30
258.2142857142857,52.12821674252789,11.085507195675671,24.191250012323373,4.39287135190232,30
258.2857142857143,45.83673740160415,10.157207863409965,20.88184003101014,3.591715467974766,30
258.35714285714283,57.74686250657048,12.512807310692859,26.829858757237194,5.0166516614291865,30
258.4285714285714,61.059174744439794,13.245074562475361,26.965209396087605,4.940301439809511,30
258.5,66.31689865004543,13.88315822623763,31.426420481835475,5.903356345136679,30
258.57142857142856,57.91867609191181,12.74855926868588,26.06236603300459,4.994026661579556,30
258.6428571428571,64.55664871351098,14.182047586346144,29.098665551945373,5.757465714485982,30
258.7142857142857,53.14112501619112,12.685420166574366,24.081799460427945,5.148969484254652,30
258.7857142857143,61.43834881194101,12.394411160039834,29.873806307372192,5.988271378449258,30
258.85714285714283,55.59427854643743,10.824408689899348,27.158089342288704,5.604942266381567,30
258.9285714285714,56.98835155628006,11.175888511587875,26.75144226058418,5.837970826611351,30
259.0,48.86103628999306,9.446942711301173,25.476717356665823,6.528534801779707,30
259.07142857142856,50.931352342488694,9.346900515388068,27.377138072070423,7.509528208250329,30
259.1428571428571,48.588868352092376,8.747664247358905,26.62578475268254,7.5666419443612485,30
259.2142857142857,43.688357809626865,8.819959224994875,24.74910613294111,8.356919102476231,30
259.2857142857143,38.10343780153757,7.684572360318891,22.75987226047905,7.456659791248393,30
259.35714285714283,40.470948698213505,9.243589596860925,23.32215945520172,7.904159244566168,30
259.4285714285714,42.40665967194992,10.41010828755602,25.25515138193886,8.260961213045073,30
259.5,41.83742919229695,10.445687342618244,23.87143766500056,7.566519393945566,30
259.57142857142856,37.28699233756687,9.853551389049956,18.127924131998682,5.868060725149316,30
259.6428571428571,40.004535361571115,9.394724209627404,23.66657701927115,7.690794305804981,30
259.7142857142857,41.541464819595,9.275053311433792,23.426348878395196,6.881767216909092,30
259.7857142857143,47.91839817205134,10.63770223665784,25.489318889822787,6.141289428812187,30
259.85714285714283,37.63332954715914,8.827852075802772,21.488309008173566,5.694079456101291,30
259.9285714285714,43.3764987681997,10.406433284284946,21.32803235544733,5.094510556069925,30
260.0,43.10665670330094,10.619533886625746,19.76207225218639,4.614965118793823,30
260.07142857142856,48.926387629970094,11.383240405519159,24.20760346524128,5.0310525821755006,30
260.1428571428571,48.33893896796677,12.203460858881586,19.939906708351366,4.446959930742466,30
260.2142857142857,47.458893432240004,11.037584938195296,23.145754496831884,5.756620809060755,30
260.2857142857143,48.71025479950669,10.898743630687724,23.316593851121,5.630416863857692,30
260.35714285714283,45.19793842347945,10.471431130957647,22.58512419575931,5.573822903637656,30
260.4285714285714,44.451230886373985,10.692406547618734,22.969281214913057,5.921975414368887,30
260.5,44.500381219245625,10.528081857843787,24.06911515235603,6.72320086564964,30
260.57142857142856,48.14548747098196,10.886876759273513,26.63955547003604,7.934369855420853,30
260.6428571428571,47.153135586082556,10.176597211986632,26.196869933748655,7.740121500088995,30
260.7142857142857,46.99203678608935,11.066751217622464,25.572284350867587,8.024527258159596,30
260.7857142857143,49.23417674092693,11.954001747168222,26.65664125896211,8.599003341757843,30
260.85714285714283,46.0155586310217,11.432893174828349,24.797541548118392,8.011539667527083,30
260.9285714285714,49.573373670487726,12.920513908625182,23.694970698248515,7.904837196327277,30
261.0,50.334255708258105,13.580101760876646,24.37980853250851,8.079410457001547,30
261.07142857142856,45.4083976231851,13.142206930908435,22.758726101512096,7.621631209101845,30
261.1428571428571,44.249222648647084,12.553563009392782,21.513259409670745,7.149567534792309,30
261.2142857142857,47.04033390729894,12.74567902347631,22.92220108519961,7.142044828270599,30
261.2857142857143,44.487829604768535,11.583043511905053,20.82336885140294,6.240481745209325,30
261.35714285714283,42.45777404662084,11.265562836481388,20.342550210167634,5.808409279602624,30
261.4285714285714,40.25380945787154,10.543898671793158,19.099412063071757,5.022119052914566,30
261.5,35.659494638436314,9.264119217331247,16.538130632355017,4.405728320136855,30
261.57142857142856,29.589084589085676,7.369371125031231,14.243023304888395,3.7798540073438827,30
261.6428571428571,29.01372557346362,6.225532383304923,13.739519528573046,3.299393081827657,30
261.7142857142857,28.034127388209296,6.188338257728059,14.013339686268026,3.1561888222706718,30
261.7857142857143,30.74729933294543,6.959258358405535,15.425011818033818,3.642448004175113,30
261.85714285714283,29.052152649394888,7.564114458278781,15.343207018751993,4.182899088891477,30
261.9285714285714,30.378064766174514,9.21740676638699,15.892664172606796,4.627875858666031,30
262.0,29.801856012876357,8.139745089318657,16.48353244994165,5.098427032566333,30
262.07142857142856,33.676702443511786,9.099116959399353,19.123111986039607,5.897877323565086,30
262.1428571428571,34.52586174587012,10.319944367250114,19.888250767926483,6.298159634811092,30
262.2142857142857,34.71263572547361,10.438729981727949,19.998880760953934,6.233471643829704,30
262.2857142857143,24.808535117471813,5.4230119059713475,15.195626157697072,5.847430095236069,30
262.35714285714283,36.91360660125134,10.431052944111688,19.431240083595785,6.273417692581752,30
262.4285714285714,30.27496759067832,6.94827124737764,17.791088140843257,6.342188144287021,30
262.5,30.621832169131583,7.368532235163365,17.19693638038031,6.040658539420931,30
262.57142857142856,32.28284682290859,7.813174128747225,17.469278065355518,5.386923963871353,30
262.6428571428571,33.98087340811109,7.609069648318822,17.60014676638151,4.394608487179203,30
262.7142857142857,33.826325758763545,7.848058672063447,16.387132448124557,3.7602713709429745,30
262.7857142857143,27.778787136878723,7.0210482992492524,13.177310188241718,3.224025213553967,30
262.85714285714283,32.94108519499093,8.568681883461661,14.510688894392509,3.5111241816833947,30
262.9285714285714,34.39318775637136,8.586871883364939,14.946784866723988,3.811052445222544,30
263.0,36.42649855435545,9.478729098312279,16.720722197861104,4.295664767708334,30
263.07142857142856,38.64616404045937,9.14924593218856,19.14888140068394,5.310493889246376,30
263.1428571428571,45.17246094250001,10.744722343229164,22.628913768274398,6.188033423774894,30
263.2142857142857,43.590228008424184,11.037940375373793,23.158849046002583,6.574261709018781,30
263.2857142857143,42.536404636131415,10.112554823528647,21.92615208926846,6.387788785270628,30
263.35714285714283,41.77854649086713,10.551621411159914,21.5615149263479,6.755969609850511,30
263.4285714285714,39.16506680001115,9.528159067210956,20.936757671231955,6.713091999230134,30
263.5,42.49968854868062,9.742051261191007,23.721064938694933,7.547586837864368,30
263.57142857142856,39.28888128041518,8.666932040921207,21.6803486956667,6.534649127750211,30
263.6428571428571,36.51531079954894,8.18574394055114,21.158683394875577,6.4048008553305165,30
263.7142857142857,38.66730368833697,8.451147829151367,22.14402846914929,6.356065765003846,30
263.7857142857143,35.526062012823544,8.22089979792906,20.266494090347866,5.826919499019358,30
263.85714285714283,38.8135620789535,8.717839752671015,21.327704153806966,6.011798648456981,30
263.9285714285714,42.285935761542426,9.923309364749676,23.205616362446126,6.619212239253995,30
264.0,38.243320048111016,9.808994535117268,21.215066993472707,6.507310345453904,30
264.07142857142856,39.93797879104506,9.762285101049127,22.351198207089165,6.334379818730501,30
264.1428571428571,45.02519505834062,10.994391250222394,23.001895191045882,6.64584969493501,30
264.2142857142857,43.98337787886312,11.635358019888857,22.418882706884414,7.529016713764738,30
264.2857142857143,47.05753730369876,12.141562393585943,24.70218326913203,7.61840826197329,30
264.35714285714283,41.403413474857985,11.13281120484005,22.4354656635024,7.434514618048819,30
264.4285714285714,48.053538324593504,11.734898201485478,23.91302245099026,6.40283470711587,30
264.5,45.173457843430484,11.359312971067014,21.150038438900427,5.747350722672048,30
264.57142857142856,43.35888849713764,11.201976770820567,20.30821230905502,5.387308539839911,30
264.6428571428571,36.26187965497625,9.345653998010823,17.089322399437005,4.673887733079817,30
264.7142857142857,35.88200480668193,9.01383396964375,17.501554838461864,4.568680429491312,30
264.7857142857143,33.20882975697729,8.54744801426739,16.595201903535344,4.365220719631955,30
264.85714285714283,30.821113797383966,7.752522094476465,17.00064667527727,4.204339660644954,30
264.9285714285714,29.983363687669343,6.957408442899936,15.12116617847829,3.432024307277911,30
265.0,29.79138157000968,6.721642509471402,15.833843028320914,3.3322247350993655,30
265.07142857142856,30.44776227554941,6.641740336623205,15.406506598422045,3.6021188322110866,30
265.1428571428571,33.07599348846721,7.507046285125413,15.821449927046391,3.280378367715506,30
265.2142857142857,30.913685964567776,8.227451278876803,13.394213801641104,2.7949923165041906,30
265.2857142857143,27.725528869713585,6.06363802293969,15.182328633446827,3.853926727664266,30
265.35714285714283,26.483317636812203,5.176091372937135,14.28849303930831,2.834915256287139,30
265.4285714285714,25.240412112560254,5.176344751320365,12.43031800597341,2.398814807897308,30
265.5,33.9792195245054,8.805425619028501,15.68540142354153,2.851201300494948,30
265.57142857142856,22.65877111677419,4.374613332065329,12.363420921518655,2.353757659583789,30
265.6428571428571,21.389291685048157,4.237890545400864,9.717512169205149,1.7237363465809428,30
265.7142857142857,27.948137694463487,8.250639604508843,11.528598002248005,2.6612034822134207,30
265.7857142857143,21.11616727810282,3.9124817947286172,11.187658316567324,2.0699313833837363,30
265.85714285714283,23.75746080798681,4.843755375616384,14.390915702550107,3.6993193140191223,30
265.9285714285714,21.34173329916438,4.405977494156945,11.219296294116843,2.438672222349936,30
266.0,26.366094947732694,5.7817906086520034,12.751443647844779,2.558592326536469,30
266.07142857142856,25.194560457112452,5.192176579192031,10.66984355149499,2.2664712640971034,30
266.1428571428571,24.121646215422377,4.942582159459071,11.657176681996145,2.558503445944529,30
266.2142857142857,25.027615181412553,5.475754215385314,11.219578309979985,2.610963250958406,30
266.2857142857143,25.49198124816056,5.59618045373135,11.669242533678442,2.7227846033032894,30
266.35714285714283,30.28035298798131,6.319332364253334,14.743262314924516,3.2488993292021657,30
266.4285714285714,30.157332018076893,7.1813452374835025,14.415372950468557,3.443175617852839,30
266.5,31.96732627163653,7.918933218703225,15.177800040649979,3.541272625256706,30
266.57142857142856,31.584552700938875,8.434145243057932,15.761795359411094,3.8384718979824233,30
266.6428571428571,32.23950337677582,8.764635984360318,15.851922365188349,3.787046314202387,30
266.7142857142857,23.477072020370965,5.9026749782399826,12.752192086999461,3.4573743927201983,30
266.7857142857143,25.084403527717885,5.981812955063138,13.38620503425491,3.4601379000014485,30
266.85714285714283,22.013532842835545,5.396770830030968,14.296056905372359,3.7068354506440797,30
266.9285714285714,23.416166215919898,5.905565589964911,11.195473433910164,3.24304402084816,30
267.0,24.324026267834746,5.4950463922593435,13.653940258268248,3.5166318165810466,30
267.07142857142856,28.66853133749174,5.2754393533251465,14.245685943867848,3.2573748928528063,30
267.1428571428571,29.05350753644984,5.932502947474508,14.31179126176487,3.3574679618634464,30
267.2142857142857,25.803719603868903,6.115631147458386,13.000321408271994,3.5206841170657657,30
267.2857142857143,28.15849172126432,5.9508291855037765,13.537172044198782,3.1851651438693067,30
267.35714285714283,26.498769909154944,5.9618593654109375,12.329653880365003,2.9331854035165894,30
267.4285714285714,28.362263859499787,5.9265462276097685,12.971453300244091,2.5847051040178424,30
267.5,28.005934579898675,6.108910122283037,13.274044427794509,2.537745516773745,30
267.57142857142856,31.321693887381084,7.144880197357852,15.148772254893215,2.8752331642605324,30
267.6428571428571,30.798858239378838,7.773821911912689,13.428910097855534,2.998538561392664,30
267.7142857142857,33.59719871662918,8.292127278649536,15.568424157779566,3.4802209544848104,30
267.7857142857143,36.01865172858125,9.105927683314711,16.401484290293094,4.049669320435656,30
267.85714285714283,34.783569286554844,8.844195209306754,17.328615757658184,4.339159785729378,30
267.9285714285714,39.30179862333135,9.595089773691207,18.631018429202147,4.8505300364505874,30
268.0,39.59540431783347,9.672893430792325,18.966855945130565,4.84722618095515,30
268.07142857142856,41.449752711156414,9.729017264116589,20.207229910115686,4.814806342376142,30
268.1428571428571,42.139894822285626,10.43498866489666,20.93050348783211,5.7435460712575095,30
268.2142857142857,42.4755632249759,10.03602560995755,21.982817396684748,6.312141030882052,30
268.2857142857143,43.653729332356015,10.396670015348384,21.26125626521973,6.015762652728283,30
268.35714285714283,41.32137463895419,9.724587066219772,19.786372686060403,5.340661841499769,30
268.4285714285714,38.99078332989576,9.074666120136099,18.480383377267373,5.000674364142362,30
268.5,39.5501904326829,8.880193397013635,17.923450192911428,4.594757729274718,30
268.57142857142856,37.650689564435304,7.759601328183509,18.01671460795515,4.107972143882528,30
268.6428571428571,35.21945886601198,7.844496076961157,17.034311701926157,3.9666551587382677,30
268.7142857142857,33.62265770394034,7.08979943239121,15.12128459132873,3.088765290593717,30
268.7857142857143,31.484317242739024,7.2713948824995125,14.251352123878043,3.141500848505617,30
268.85714285714283,24.90607732218075,6.019421512631715,11.661507455432272,2.7258858323151816,30
268.9285714285714,27.388382136018528,6.125593046396646,12.583581400690226,2.631620964623224,30
269.0,25.25131805921895,5.448091789377901,13.797312394134183,3.0415349503699725,30
269.07142857142856,24.233064997345682,5.710558269091381,12.437442361015961,3.210884054484817,30
269.1428571428571,30.18647025911928,6.8568277803854825,16.06062756640695,4.632285172924659,30
269.2142857142857,32.59358932381874,8.638374418453731,17.90079219206861,6.085279651017914,30
269.2857142857143,35.85837934069457,10.123216570011062,20.1361661645547,6.419330468522939,30
269.35714285714283,40.62682135412865,12.94509844098066,21.688584580270085,6.563180260745509,30
269.4285714285714,42.319920744272956,13.747107209420188,22.99421032727888,7.07935032034606,30
269.5,37.49693728893539,10.452018500679875,22.790110636159948,7.704023807593058,30
269.57142857142856,39.821786435478444,10.658714293188035,23.664574585055302,7.509537543420401,30
269.6428571428571,38.19541248871824,11.092689008351316,22.91506217364704,7.6842316911936575,30
269.7142857142857,38.48079501214745,10.717833291946603,23.297328919836612,7.5199169611070165,30
269.7857142857143,38.25911095478177,11.150999583606033,23.217544002500656,7.899057299448347,30
269.85714285714283,40.51157284171941,11.801035140999552,24.643397025603402,8.22816799639845,30
269.9285714285714,39.43631659665182,10.950091021216974,23.066248549974848,7.340759898258271,30
270.0,40.28789706104415,10.367665778696836,23.236199451093807,6.838563505765636,30
270.07142857142856,39.13688913260635,10.792686435972755,20.832108091761278,6.268588762447136,30
270.1428571428571,41.029976125366765,10.537475574298913,20.79637567668191,5.962544273429826,30
270.2142857142857,42.53171931470384,10.655141010450619,20.5700256767709,5.495346769138138,30
270.2857142857143,44.45774669054919,10.442379883287641,20.43784390336886,4.913688498523801,30
270.35714285714283,47.228457863760866,10.415223033526946,21.446328001649608,4.896959123561389,30
270.4285714285714,48.16132639945622,10.835948764591114,20.795934566586517,4.3973134206514155,30
270.5,48.775176212042844,10.942718305630327,23.44826098051697,5.162060445744604,30
270.57142857142856,51.29522763064699,11.435595730125065,24.94872634405479,5.529800983228831,30
270.6428571428571,50.06417476717878,11.195983514398181,24.76272658130139,5.799131333334892,30
270.7142857142857,50.28428368942368,11.399775903375742,25.51504456269137,6.356854209622428,30
270.7857142857143,50.20113801000466,11.94991425619238,25.916464567007978,6.696064820846708,30
270.85714285714283,50.90189133852846,12.328998139908572,26.206656275898688,6.917493376497252,30
270.9285714285714,48.75723749391152,12.073622221736608,24.729720516773625,6.392697520289194,30
271.0,49.348638091602005,11.548217118997039,23.498041334892246,5.875066858993583,30
271.07142857142856,45.159086882249,10.997793267811856,19.566267582671,5.384150887888736,30
271.1428571428571,45.15374860268654,10.319157344725392,21.694717833616842,5.784402521230751,30
271.2142857142857,42.755626649392035,10.224534416489776,21.281147543494853,6.77246961616406,30
271.2857142857143,39.32070177480137,9.33318854933774,20.437509290791887,6.624398121037343,30
271.35714285714283,36.07588612410891,9.064612900727392,19.299419977954518,6.50617722047289,30
271.4285714285714,39.129442198369354,9.413269830260235,20.542880244717566,6.524634079480487,30
271.5,40.21524234058289,10.300772579520522,19.711797381228543,6.4512040779089,30
271.57142857142856,45.138619409731426,12.586647249869626,22.30065102140201,7.533719679048484,30
271.6428571428571,46.86521854658166,13.518548401781816,22.65304166616163,7.37564711145275,30
271.7142857142857,45.030819311236336,13.910992535649543,20.81232378364687,6.168397390405715,30
271.7857142857143,45.39837598197623,13.874814664101224,20.482663737060353,5.812549050911408,30
271.85714285714283,40.10747457866283,13.143764717382435,16.109625750640365,4.5482120816197265,30
271.9285714285714,38.220459976982895,11.746858310021336,16.45549135128064,4.158090041680862,30
272.0,39.08399507521812,10.66781713934334,17.5540904196096,4.182015768231303,30
272.07142857142856,33.066503007780774,8.970682471091985,14.239908907787122,3.49855920781475,30
272.1428571428571,33.458310222316875,7.593160361009798,16.101889540096423,3.4979973394863797,30
272.2142857142857,31.45428375066709,6.976659926593821,16.398056132191,4.250241302141376,30
272.2857142857143,29.289701373268837,6.572916474570876,18.636908113177206,6.422609241342954,30
272.35714285714283,34.83314337137498,7.969702384645767,24.0589712099995,9.579762961729987,30
272.4285714285714,38.93831982124783,9.315540002893796,25.587230154175373,9.685607948431722,30
272.5,32.70993091589955,8.128434043837606,23.913335821088488,9.501420979722711,30
272.57142857142856,33.29321130579741,9.549629138372874,24.040742079060138,10.147998907778753,30
272.6428571428571,36.260426151837024,9.336110349836078,25.712038016111745,10.03824980641132,30
272.7142857142857,37.117818349304834,8.70812577434146,25.74891918672902,9.35962201789153,30
272.7857142857143,35.084005438623265,8.881569660317448,26.349217309996934,10.318156002473849,30
272.85714285714283,36.02622923547656,8.584126825045674,24.47268182849835,9.761087727044206,30
272.9285714285714,33.78318067517532,7.935383379949084,21.68297906998976,7.53314542796593,30
273.0,32.783149580956206,7.663665077056062,19.73287617774209,6.963728464745963,30
273.07142857142856,28.391560799508618,6.631565868599126,18.977103395631875,7.236904609446204,30
273.1428571428571,27.25445888643494,6.26393965272999,16.895251343114484,5.878009728317169,30
273.2142857142857,33.50947757131345,9.16901839984317,18.562790587738764,5.687254752545344,30
273.2857142857143,36.810258263734305,9.46806378106311,17.874637177482835,4.281373283874205,30
273.35714285714283,36.823169917174326,8.537071596663674,18.617943015879483,4.374171212527709,30
273.4285714285714,33.63766122378846,7.154912899286169,16.599608694418347,3.7221511999792947,30
273.5,29.25738691036692,5.8408643084632,15.029098226528838,3.319720012559778,30
273.57142857142856,26.18379397228666,5.557024462386788,14.10491625916522,3.544965225107875,30
273.6428571428571,27.920107490868297,6.8081042676302745,14.909789486774118,3.598594214698607,30
273.7142857142857,32.96431883354113,9.26844107258947,15.928032683315463,3.931725070840609,30
273.7857142857143,39.53903792634909,12.646163853247234,19.50213009242114,5.096245283593353,30
273.85714285714283,44.33593079805847,14.291438380816125,18.675961329355584,5.443447728770774,30
273.9285714285714,47.59188553919166,16.226630006179782,21.044919486223414,5.976373816928011,30
274.0,33.36523092366573,12.087011838122324,15.136156624764828,4.2886473143479575,30
274.07142857142856,34.782796084746685,13.365284354913108,15.851648509269886,4.69681204632044,30
274.1428571428571,33.055634685323795,13.475242963601792,14.775638535048975,5.050465035950328,30
274.2142857142857,32.67619287793075,11.724952421592931,15.411208506436786,4.243283634536113,30
274.2857142857143,44.264969703971396,16.54409399153826,19.918236753786978,6.472946724967458,30
274.35714285714283,43.361315701474524,14.808164130319737,20.565959544197874,6.49053743347079,30
274.4285714285714,35.94105825865033,11.100913691514092,16.841947145844586,5.140066001365955,30
274.5,30.6195109991493,8.746933288326826,12.569630013048494,3.231018962795759,30
274.57142857142856,29.33578543280955,6.560002635137807,16.077116566408638,4.7197634867491205,30
274.6428571428571,27.4552717294371,5.846020112476376,15.321736685972187,4.682183476908471,30
274.7142857142857,37.33858463019529,12.271021845524256,18.450258340118353,5.979360316821771,30
274.7857142857143,37.644514869520115,12.907044131232366,19.139649894423545,6.198766715608521,30
274.85714285714283,38.5507351942977,13.099735623882804,19.38677375141183,6.239432948923983,30
274.9285714285714,45.930452590495925,17.96440994988056,21.67782918386295,7.283685049530431,30
275.0,46.947174219294915,18.425975444733325,23.531420833392247,7.6031774417737115,30
275.07142857142856,52.21364176660488,18.89994144974721,24.311815630909418,7.409475847921269,30
275.1428571428571,52.93329324871702,20.64000504085123,23.99200322340842,7.910443443256424,30
275.2142857142857,50.419886988677185,21.072226342437443,23.3581034065726,8.107375032689122,30
275.2857142857143,56.31761540436009,20.841930600074402,25.10521979289664,7.996095507777065,30
275.35714285714283,56.23377363468924,22.646138384734527,26.012954504143604,8.956742398052173,30
275.4285714285714,57.57947082174765,21.01698767243467,26.25372307846386,7.880976194790716,30
275.5,51.31805338368343,19.65538442794108,22.645665088389553,7.010116468189063,30
275.57142857142856,45.44112479841216,15.386994035027865,20.035815075507404,5.493176045738174,30
275.6428571428571,38.366704979503474,11.149295263125554,17.11514799753866,3.966649958543145,30
275.7142857142857,28.30869927610204,5.161568053816966,13.104060261856803,2.120554623102627,30
275.7857142857143,32.95076827656622,7.192358119628318,13.773892975135713,2.4466279772360764,30
275.85714285714283,27.197561476705918,7.346534914966316,11.11078456449497,2.3547143694307464,30
275.9285714285714,31.86266815501493,9.910177430202316,12.964030270390912,3.426097090308605,30
276.0,23.330555747537417,7.205471333547883,11.124733052983098,2.743120273147424,30
276.07142857142856,21.70785814287174,7.707826159914453,9.766374901221889,2.721139592302481,30
276.1428571428571,24.306905398537406,8.824180180340532,11.899492660273232,3.698920872656988,30
276.2142857142857,25.348283610873818,9.3694538951087,11.703437063249622,3.5814470778802714,30
276.2857142857143,27.831562243433684,11.293573408048172,13.606423995824828,4.362174850271616,30
276.35714285714283,16.181180309740792,3.147653867822872,7.986780916681969,1.3109924419747145,30
276.4285714285714,30.235327106636973,12.85069245643738,13.5825257354313,4.303995425501383,30
276.5,26.948228026148804,10.125010814706403,12.897234211002994,3.5166124407796433,30
276.57142857142856,29.790840539091676,8.97963540891094,14.693118640440844,3.4094664325286224,30
276.6428571428571,26.486292153160203,6.70818211207981,13.914376094617257,3.1535090407106448,30
276.7142857142857,24.26783559056878,5.590954423771714,12.83958563014744,2.8343835400900645,30
276.7857142857143,23.968349880397277,5.818869315530946,13.128505434219633,3.334173002129718,30
276.85714285714283,32.4521949861091,11.14415738549511,14.801558322035786,4.440892975539869,30
276.9285714285714,34.4219981489372,9.596321850740239,16.725864353404372,4.1914139093002145,30
277.0,36.926949402889264,9.689957304068733,17.026105839036987,4.007669209436816,30
277.07142857142856,36.30407759839177,9.19122924546213,18.310566916419383,4.190611535251025,30
277.1428571428571,36.01251579983905,8.61484562713688,18.849123873065835,4.341497737058573,30
277.2142857142857,31.807739226532494,8.788396154780445,16.17077131028661,4.447736097845955,30
277.2857142857143,35.40294528316205,8.70413714796866,18.05931101615347,4.802847571550819,30
277.35714285714283,30.630924387396814,9.017695928228441,14.079073039796496,4.6704275027633555,30
277.4285714285714,32.661049769251164,9.363578880817885,17.832041876633202,5.0577102859198115,30
277.5,32.02367642851114,9.052673301771762,16.37756169831084,4.750397910342522,30
277.57142857142856,30.224400863187498,8.482505331636027,15.162241417279187,4.52163338731671,30
277.6428571428571,31.89341075517655,8.395596726617963,17.183959073736283,4.033861349335104,30
277.7142857142857,38.78190663688563,11.304792930118742,16.090168735541692,4.270609285818514,30
277.7857142857143,44.09215944627262,12.758504852829123,19.595326882708356,5.211041111693453,30
277.85714285714283,40.53700361831434,11.655042528751483,17.62393193963551,4.518233494954485,30
277.9285714285714,38.52458732681006,11.060719822425327,15.447540642957494,3.875276218231413,30
278.0,28.609659032837836,6.7813499444014855,13.581099836721268,3.5702241679781315,30
278.07142857142856,30.544432062675245,7.796939924326388,16.246858026988324,4.406504469708374,30
278.1428571428571,39.53721424303735,10.635280693114963,17.85120154328426,3.9431423161198236,30
278.2142857142857,38.54203876458276,9.538175764472436,18.243960634670422,4.250557302836907,30
278.2857142857143,43.577839158861856,10.953544304480463,19.879816586441347,4.818437905227339,30
278.35714285714283,46.24160171862772,11.338756887916594,22.98087686654934,5.694851784966738,30
278.4285714285714,42.69977425977072,11.429568067568955,22.22584212025353,5.824751819303533,30
278.5,29.637004518713645,8.786837584074163,18.021725885093318,5.780214162417626,30
278.57142857142856,32.84343858688316,9.30440937003909,18.506063088340028,5.9474814557055335,30
278.6428571428571,40.68881277043156,11.397148752726457,20.238389834409848,5.522332575985955,30
278.7142857142857,43.42595656448013,12.183348846248949,20.570617287135157,5.685977087196656,30
278.7857142857143,43.10849935498671,11.930428151753922,18.7995758798364,5.599985851522704,30
278.85714285714283,45.248553013079984,12.727416864312946,20.556088899612124,6.525364950625745,30
278.9285714285714,47.132591619217706,12.837921105512077,22.626001621441052,6.484566716353485,30
279.0,45.25675405484079,13.08200104058541,22.545719730824988,6.596191336051128,30
279.07142857142856,39.649437646756695,11.451490248019113,19.991103673915042,6.406660116949081,30
279.1428571428571,40.9830822618407,11.530850891358767,20.503702577637753,6.463502691680105,30
279.2142857142857,37.499787664403684,11.503209712609646,20.179296638426518,6.8624305154419885,30
279.2857142857143,30.412545132443302,9.316730163077777,19.576641249866967,7.133900695218854,30
279.35714285714283,28.747503375332446,8.881318761313834,19.895170280573737,6.968167232273755,30
279.4285714285714,29.23070400615644,8.615433288946722,21.073025162053348,7.293935764700401,30
279.5,41.76476209557655,15.056548443368156,23.58594915757041,7.78006935966966,30
279.57142857142856,41.27067755480955,14.249426274875962,25.521676878291913,8.573394914208068,30
279.6428571428571,39.02485852351438,11.515515131947113,22.536696917608264,6.801707683069651,30
279.7142857142857,33.83721706414945,8.872669150923231,21.660771834496195,5.915304254536575,30
279.7857142857143,35.563107006511565,8.811798177112975,21.774461937155696,5.512816995311492,30
279.85714285714283,35.32337137460565,8.13937346155444,20.45546780690354,5.224203256378269,30
279.9285714285714,30.521933919016945,7.047284862638901,16.334278375875144,3.984200754019963,30
280.0,34.84323073345643,7.1903453579489645,18.54515524702062,4.225688062886628,30
280.07142857142856,36.98465390568125,9.17108614621135,20.033085302159307,4.971113558831668,30
280.1428571428571,34.09659809663091,7.015455925081293,20.227254589665673,5.790619230951907,30
280.2142857142857,39.52863719754589,8.96719822405142,20.234260900304008,4.835330702986333,30
280.2857142857143,30.747909311839468,6.552784207119713,17.1379542839008,4.1745314103106415,30
280.35714285714283,42.41893300359829,9.65804796619177,24.073990296950495,6.007440547783245,30
280.4285714285714,33.051420757326966,6.275050797058096,19.019923804921575,4.229082728180388,30
280.5,42.357404940324734,11.125061131291089,23.017560460563775,5.716435685125472,30
280.57142857142856,34.83558112083423,7.173087057734724,18.334817418736332,3.9521863516078017,30
280.6428571428571,51.73993945952618,13.676652131920429,27.893237285502945,6.834319236672649,30
280.7142857142857,39.79228327160632,10.810687205223456,21.006950154889903,4.928410680719252,30
280.7857142857143,52.54790991977329,13.796750734972665,27.019230795789607,6.796878727284888,30
280.85714285714283,39.06683381596981,9.406870375430515,22.749605880825488,5.639326569383225,30
280.9285714285714,45.91068287853219,11.427757168901959,25.04841178880265,7.145875677631383,30
281.0,30.067923213325816,7.395878508982147,16.566294481806487,4.860299298205517,30
281.07142857142856,33.861233271100176,7.513742747719942,18.560245320389917,4.711184506092846,30
281.1428571428571,43.405738002967624,12.331722797995571,25.31545872484036,8.104656305563593,30
281.2142857142857,30.41208836207844,6.554165875076396,16.99461994117531,4.753811296844027,30
281.2857142857143,42.26457712832681,12.234458432750245,23.172685143851695,7.807754562292488,30
281.35714285714283,31.836354089897824,6.646224739898726,17.51887826780598,4.481019262256055,30
281.4285714285714,43.969583710274655,13.380779558988966,23.570283837280858,8.369762465011583,30
281.5,28.274080087501225,7.8352681732742955,16.774913960100026,5.05680434718036,30
281.57142857142856,44.289653029489344,13.909465314917059,23.45780353183969,8.379766561381746,30
281.6428571428571,30.694185426789904,8.694805793927165,15.53172656665322,4.2822926879448096,30
281.7142857142857,48.346011256458794,14.859975642621343,24.793707808177146,8.709004121247363,30
281.7857142857143,36.707211576938725,11.00150223938904,17.470000479052324,5.318081259468685,30
281.85714285714283,45.35001836312153,14.861402146849871,25.786313960045387,9.340302072339302,30
281.9285714285714,34.36685882481072,11.758222314246382,17.27353045372407,4.69130393964544,30
282.0,41.51243730985758,14.586007122825078,23.063594291139086,8.694026933874055,30
282.07142857142856,29.929814588865376,6.954743061771776,16.59137021070385,4.054145087151983,30
282.1428571428571,32.88149749646715,6.945293413602569,19.547509016375177,5.098860453108822,30
282.2142857142857,33.53237702872533,7.356921434860753,20.630274220040583,5.531834431555968,30
282.2857142857143,39.47092395032292,11.083964179939553,21.816554617001255,5.6679101461091665,30
282.35714285714283,36.462914708022055,9.687946469673836,20.268518522362616,4.855202717797479,30
282.4285714285714,38.09750676826162,9.220050556403619,20.436788272936376,4.619936089371094,30
282.5,38.60385870049469,8.719562644165416,20.996510975915918,4.5746659712415605,30
282.57142857142856,37.23050244179028,7.918289115721109,19.613596452999115,4.188880797579031,30
282.6428571428571,38.40762907719688,8.775333129150797,20.122643500501,4.369681663966285,30
282.7142857142857,39.252877949183606,9.331774104550153,21.534555186075753,4.649450603700983,30
282.7857142857143,37.71273486730582,8.884395136479558,20.608414959899765,4.826928195012417,30
282.85714285714283,43.3023436799044,10.090757150021718,23.18903806889724,5.189302290320417,30
282.9285714285714,32.8241421596477,7.221615508763312,20.74929479854752,5.51031754927339,30
283.0,38.25840891474645,8.683268162655775,21.26253420527379,5.588985049563025,30
283.07142857142856,40.753994355487464,10.090608366175232,20.529801577728104,5.815922119270709,30
283.1428571428571,41.343008094643835,10.938174593103703,21.900599359562708,6.965441385913467,30
283.2142857142857,38.725514890235765,10.056408026793388,22.403002170177256,7.026570905373003,30
283.2857142857143,44.76968442712782,12.172832155612591,24.66261379113226,7.083558537967216,30
283.35714285714283,46.84270592968596,12.122166775511152,24.647114907735666,7.30210591042074,30
283.4285714285714,37.935557503161995,11.098721675073964,21.467225257779962,7.290283280171271,30
283.5,34.99827010447981,10.022190829636823,20.91852157224316,6.994073675938218,30
283.57142857142856,35.77403772112343,9.449781261562352,20.165972897054516,6.70473672675059,30
283.6428571428571,30.63355000988716,7.369701697317743,19.231473629959993,5.805356263489266,30
283.7142857142857,31.022806926924446,7.302709556295226,19.618485231872658,5.9318559442274035,30
283.7857142857143,26.713757126917635,6.868660524852777,17.778651949057767,5.739975020286003,30
283.85714285714283,26.18773582346857,7.090715106691952,16.575332016732098,5.980667957630943,30
283.9285714285714,27.672615193409918,6.383348825239317,14.297285326961017,4.432353204833268,30
284.0,26.183334371799756,5.154620756053296,13.593318453126818,3.1031531891611417,30
284.07142857142856,28.766342659680426,6.120165163399621,14.310427917543723,3.6094294686043153,30
284.1428571428571,30.280650597429418,6.253191595056362,13.144601356035237,2.5120688643818605,30
284.2142857142857,29.999591142066116,7.000418344629442,13.624717996818946,2.585224539241425,30
284.2857142857143,28.992642530476438,7.07326058860305,12.870372502836089,2.488700917653262,30
284.35714285714283,25.983046820402752,7.119726182588315,12.553152395124144,2.898446828050762,30
284.4285714285714,31.558707788946112,7.750614169070178,13.629622992084093,3.096609121833887,30
284.5,31.24127455933692,7.38191648320694,18.459045038457134,4.664136342793374,30
284.57142857142856,33.35950453742735,8.365700607666877,18.469477358351185,4.851890346881681,30
284.6428571428571,32.74804106016319,8.083114376435942,16.25179353276439,3.883641119655246,30
284.7142857142857,32.56644279454852,6.926941653697193,17.98847204508034,4.367800188893485,30
284.7857142857143,32.24576927262989,7.739120108429299,18.483178589530908,4.8434808548906965,30
284.85714285714283,34.261761604808804,8.922971661573733,17.875567389672828,5.31930915192127,30
284.9285714285714,29.976267265337967,8.312400216144365,12.704206532660447,2.9180507802686027,30
285.0,35.24523935100169,9.356527974658249,16.4204995717543,4.1246389818265055,30
285.07142857142856,35.67198434086772,9.971369137173284,16.282926552849496,4.611737016741726,30
285.1428571428571,34.36959194046114,11.70942856695512,14.224863662175434,3.9870714977173,30
285.2142857142857,33.39220810594604,12.307290592370734,13.695520739674956,4.270604100862566,30
285.2857142857143,29.76462809834159,7.362910917889512,18.241733248187632,5.607418069124244,30
285.35714285714283,31.287600614722358,8.205865021877182,16.35292740732841,5.115863025294771,30
285.4285714285714,32.70681465941396,8.294013239162467,15.977886050714654,5.009273484664509,30
285.5,36.99006695652646,8.756061387431021,18.1654083754205,5.088507511823012,30
285.57142857142856,37.917447003081506,9.556908043743011,22.494136030246175,6.104710326284692,30
285.6428571428571,43.52355723390139,12.577148462170447,23.04498738248241,6.5039573814248035,30
285.7142857142857,45.209643843990015,11.943091770315062,23.20483718321091,6.407350211444747,30
285.7857142857143,47.84292057107371,11.12293469818801,22.69715699323182,5.646119963651853,30
285.85714285714283,42.45996066667964,9.811099835973335,19.668545289930655,5.037606080158316,30
285.9285714285714,41.68459482541271,10.340253969910501,19.505141275264297,5.604573106966148,30
286.0,38.222936971765186,9.316883507888447,16.58266588077976,3.739315000321223,30
286.07142857142856,40.750967796224806,9.046833620060344,19.717711647298977,4.353786560877896,30
286.1428571428571,39.132269471180905,9.205517449076691,17.977654111478568,4.634037269388898,30
286.2142857142857,39.72596615382258,8.301706768731176,18.22396876039679,3.5496112025860316,30
286.2857142857143,37.36999419366562,8.404796986663936,17.233463848936026,4.069120430861984,30
286.35714285714283,35.445958436361884,8.480743755741898,13.251886775206284,2.371950341525917,30
286.4285714285714,41.40259189642343,9.115921003206452,16.892893704844184,3.108074812993572,30
286.5,44.278366545174734,10.051830372764288,16.5652307746526,3.1926942994822247,30
286.57142857142856,43.51681239330639,9.825698620486289,18.990813502942345,4.093839515897098,30
286.6428571428571,43.052499924678834,10.555718465530672,15.685816892799876,3.219141198401864,30
286.7142857142857,42.7419907813587,10.711738348588682,19.20897664735427,4.953011278944034,30
286.7857142857143,41.83305350530956,10.464950021557598,17.549887374960754,4.6852697470996825,30
286.85714285714283,40.75638136566962,10.799058271137978,17.116745553574887,4.794214521162067,30
286.9285714285714,40.057639883853746,9.741981810528044,18.100580641605937,5.011606050545842,30
287.0,38.32214360995822,9.759661522902626,16.968845346863173,5.513180378550721,30
287.07142857142856,36.549882548280515,7.780078182907906,23.346789902065545,7.106344865477288,30
287.1428571428571,31.70157932487396,7.303864493657779,15.903796518205679,4.64667606519112,30
287.2142857142857,37.87834344884953,8.12955882778626,18.2249429349607,4.5709137266462765,30
287.2857142857143,32.3654529404317,6.772422615974456,19.40053029380065,5.48518949087591,30
287.35714285714283,30.66454263679487,6.6710133652855,15.76618483400861,4.1920895547170565,30
287.4285714285714,31.721692741423226,6.720339380406573,17.272378263521396,4.101972216789202,30
287.5,30.88100618029393,7.212500043929811,18.71912139061244,5.091324692405621,30
287.57142857142856,27.616336962266693,7.455778099845837,14.42433927012742,4.1340798985874505,30
287.6428571428571,28.472731321751017,7.201996307895067,16.66933508680371,4.830574754937522,30
287.7142857142857,31.097823874345,7.219820055373798,19.00740066622281,4.892835455175444,30
287.7857142857143,33.84221579687646,8.564435218313667,18.815899279458314,4.888799062295582,30
287.85714285714283,31.68848991665329,7.388845501435859,18.377433627615694,4.690498336708493,30
287.9285714285714,32.031661596918546,6.774320386126413,19.15824230263634,4.731351130628605,30
288.0,30.01643554112804,5.891530800415434,18.983592256883057,4.871557775677409,30
288.07142857142856,30.728882736123204,7.1715664143533715,15.281723049256597,3.7301028041960222,30
288.1428571428571,31.34132751429563,6.191021307719674,18.653482223320133,5.166266634677418,30
288.2142857142857,32.39830013232869,6.4556289582653585,15.988746349339761,4.168693124041871,30
288.2857142857143,34.493511944687896,8.103732981773012,18.664356933099224,5.978722179731214,30
288.35714285714283,35.98765683423949,8.026687432696441,21.901289825002355,7.007127370306032,30
288.4285714285714,36.40631099799404,9.599693469377836,21.851439818137884,7.171183506094364,30
288.5,36.4440685587794,10.224354536369782,22.66135749222913,7.75133401520565,30
288.57142857142856,37.13417003570157,10.704530533396651,20.25106086216172,7.311423086571057,30
288.6428571428571,28.84454918651145,5.68196259461455,19.93429099085918,7.22314043957884,30
288.7142857142857,29.06606659241544,5.491704951892998,14.309137726249952,3.6268311111575624,30
288.7857142857143,32.05606653394155,6.653600868336872,21.238395159937536,7.758660879965981,30
288.85714285714283,31.94841824343906,6.710297270984843,20.3266559821901,6.811309932287035,30
288.9285714285714,38.18212304059836,6.847908533738341,22.859128794500897,6.28481830596583,30
289.0,47.670281817034294,10.727975531947878,26.04475251617508,6.3830251762839305,30
289.07142857142856,46.36810869346644,10.033127481719344,24.988893969564995,6.013174497584101,30
289.1428571428571,42.9142509051807,9.471866359314856,20.720722352796145,4.873364114029063,30
289.2142857142857,41.70895554969237,8.244218409387335,20.14958627548115,4.481654583789802,30
289.2857142857143,41.440928678995064,8.196263970238528,21.8299676512328,4.669617211362135,30
289.35714285714283,39.24265758498125,7.781860826450771,20.20772972621226,4.2747678380661185,30
289.4285714285714,41.44141832995442,8.248297655976822,20.47709620099488,4.573804987870679,30
289.5,43.00867713068485,8.686194381994463,22.560636145581146,4.726447895453499,30
289.57142857142856,37.12343031629229,8.432051407833471,17.973532452085315,4.043463847495813,30
289.6428571428571,40.69544217586805,9.110714709372205,21.094158224817704,4.905342309456282,30
289.7142857142857,38.54153411113007,8.580602115641605,19.376401151093763,4.303623892271089,30
289.7857142857143,34.708044675687276,7.707218507341244,15.761636476846515,3.508429371566643,30
289.85714285714283,33.07312143773967,7.39490990865558,18.552672062465003,4.773196243923605,30
289.9285714285714,33.711213285730906,8.249589918707043,18.421627398627084,4.87324696997907,30
290.0,32.07333048464944,7.676213293794333,17.54735225628812,4.694844092034476,30
290.07142857142856,37.082988172020755,8.866715870518767,21.126195510159338,5.952883451201143,30
290.1428571428571,37.40197380515101,8.36585754337933,21.924887021418048,7.056119042235294,30
290.2142857142857,36.56062272438477,8.426308262580712,23.472736047897108,6.7273678419589285,30
290.2857142857143,35.68925627247459,8.207286671835522,20.998356670167393,6.119070590270349,30
290.35714285714283,30.200310453174275,8.197475314998078,15.653166196159582,4.404671358015039,30
290.4285714285714,35.63226032458755,8.934146900155875,19.818869354654105,5.011076180739396,30
290.5,30.504871932892247,9.013509944419473,19.408849360360264,5.343532922286905,30
290.57142857142856,28.41393514327438,8.14601089760944,18.74211237088121,5.690311601444969,30
290.6428571428571,35.95115807824532,9.529169500053618,19.26541316899991,5.125187932127642,30
290.7142857142857,35.91758274010427,10.875369194304831,17.106837249434076,4.528565717503643,30
290.7857142857143,37.832364082864146,11.520694663388374,16.977477029206234,4.339955825794566,30
290.85714285714283,35.751102544189784,11.50057632794899,15.396909520032787,4.180748623502609,30
290.9285714285714,32.51452814253832,11.399679108237956,13.61984165016042,3.9383094743848237,30
291.0,28.552084846747693,7.545002642164637,13.005471878037884,3.3921529646830355,30
291.07142857142856,26.305309980805962,6.346135702502354,16.00476298673271,4.682591618618374,30
291.1428571428571,25.856033499327083,5.794953012133522,13.069044829090233,3.2922566598707244,30
291.2142857142857,27.9650828379026,6.579733237029121,12.389187703040049,2.7018909426540856,30
291.2857142857143,28.910263026636738,6.8664621339020036,11.842446295565402,2.570943804274797,30
291.35714285714283,28.71414599173845,6.702751038447948,12.333247138631258,2.743564487968689,30
291.4285714285714,28.395745296407686,6.176705813174157,13.25145125473966,2.8553211276554906,30
291.5,31.816262308876336,6.663886836675458,15.283998154433174,3.1777142939985903,30
291.57142857142856,32.87426861991752,7.62036792041632,14.854651039700697,3.1622012411756915,30
291.6428571428571,34.30917422735915,8.377803396913226,15.986275605722714,4.061384117120469,30
291.7142857142857,40.67518101321455,10.517523258220873,18.033717739213138,4.630074843020553,30
291.7857142857143,43.73944345354476,11.983958091263123,18.956698295516443,5.230623543588465,30
291.85714285714283,48.33280630131816,13.23749928328467,21.932420909327135,6.072553816454879,30
291.9285714285714,50.81906799239439,14.100771166068526,26.35424703879736,7.1216102618342845,30
292.0,49.291209476283896,15.153654524483809,24.211932975389328,7.225946209144565,30
292.07142857142856,39.828674644883584,11.834334533602227,21.02430438325354,6.836408867512116,30
292.1428571428571,40.12251004384621,11.245508124552412,23.73806539313416,7.429329435245395,30
292.2142857142857,39.663687834625044,11.114365970402563,23.979079697382506,7.535712652755961,30
292.2857142857143,40.71927951449137,9.939589259762505,24.27460146466336,7.015320125194735,30
292.35714285714283,34.60858976813837,9.361083277268321,20.031119616700654,6.149871916229547,30
292.4285714285714,37.88804255895705,9.67750935481751,20.619558210826096,5.824661743927063,30
292.5,43.77845652669862,10.368491814328275,22.08517422021095,5.502846254143071,30
292.57142857142856,42.94756669523075,9.42641674952671,22.586960555162317,5.463758851331254,30
292.6428571428571,40.50841238302555,8.771665714541719,22.574607536764404,5.764618929832634,30
292.7142857142857,35.17996045244019,8.39141787541251,18.308006062411906,4.896269597915876,30
292.7857142857143,33.8896982494437,8.403920652687292,15.927762838308826,4.91174551167246,30
292.85714285714283,30.56731070153399,6.112524631259911,15.437919982588394,3.3099564520797666,30
292.9285714285714,32.71724938110446,7.203475812181285,18.062109489723813,4.369219696545488,30
293.0,31.880490302385184,7.126604366162962,14.787749759501121,3.5456587217717317,30
293.07142857142856,38.32676405678616,8.199767517716879,21.93908562996133,5.724770190004218,30
293.1428571428571,37.239505940707986,8.216148961248326,21.216900457542796,5.587312892061189,30
293.2142857142857,38.613987944471866,9.634662749492385,19.236698706005747,5.115718794498861,30
293.2857142857143,36.82215612740013,9.016859518926617,21.268912019388942,5.894822880523037,30
293.35714285714283,40.63922455196788,9.963855829550766,23.075171595397798,5.742666634669288,30
293.4285714285714,43.31497153570483,10.290782147443387,24.045576145248283,5.775712234199771,30
293.5,39.03685276000732,10.549362189349148,20.151168661611667,5.51870556251015,30
293.57142857142856,40.215329847716056,10.962224431463778,25.152359573062594,7.052133286138281,30
293.6428571428571,37.89456533185921,10.536798591633328,20.75428755484821,6.148973707736345,30
293.7142857142857,30.09589474546946,7.634772732836845,18.463169494860765,5.580409379658815,30
293.7857142857143,35.08808739358379,9.70139693502645,19.49142213318705,5.712904915219519,30
293.85714285714283,31.499666409176573,7.053510007968138,20.340949527437505,5.417500126076753,30
293.9285714285714,28.506127061536294,6.259270274223964,17.619105481725814,5.097203757445014,30
294.0,22.686546462438862,4.652569098970658,16.4342993213105,5.386440483116966,30
294.07142857142856,26.234843453540996,5.867070562331045,18.47986463038963,5.99306116869883,30
294.1428571428571,20.377040600669243,4.393035495131137,17.075035064803387,6.462631501078618,30
294.2142857142857,21.122274649313255,4.512861206190796,16.421872669505024,5.786513282979864,30
294.2857142857143,23.183308988603645,5.087030772138346,14.947809776863178,5.399035914212448,30
294.35714285714283,23.061660831918676,5.659693567774761,16.648830032721428,5.560994116308562,30
294.4285714285714,25.477290788367494,6.196202554776375,17.266041651020814,5.486909031687266,30
294.5,29.261308287672648,7.256260573995079,16.88360664728592,5.182887057679403,30
294.57142857142856,30.664212273319443,7.438370988845744,17.85546393865196,5.3137078110843445,30
294.6428571428571,29.827805339174365,8.319719709893473,17.374994983434586,5.699173244223591,30
294.7142857142857,33.21784104781882,8.371103712181842,21.18957745171345,6.54250344706194,30
294.7857142857143,36.16975391293309,8.462175671080296,22.01815018142058,6.448627818854873,30
294.85714285714283,37.86149931169431,9.264526474691912,19.291060673238498,5.440278606443225,30
294.9285714285714,39.64121227618499,9.41039638757491,20.992461191812854,5.4673504601571175,30
295.0,39.3278201026549,9.568975933437216,18.603660984104035,4.77635636420056,30
295.07142857142856,43.958235121145194,10.635736706403643,22.085219330517226,5.68851384893372,30
295.1428571428571,46.29216146692357,11.413598101104505,22.877893531255236,5.726035450234221,30
295.2142857142857,48.60138253073604,12.1103075311578,23.59104275027364,5.803797086851948,30
295.2857142857143,50.665701761827194,12.148653661168016,22.022694194080856,4.848076631506955,30
295.35714285714283,48.69947689797444,12.630852722025892,21.67754075440657,4.87600109996837,30
295.4285714285714,48.22952802239314,12.570914692412401,21.229160989185825,4.965276996863556,30
295.5,45.865029142974635,13.216220039279431,20.340579247525895,5.057110189154692,30
295.57142857142856,46.932780284443936,12.677305476789998,22.402019055894325,5.891433086932354,30
295.6428571428571,42.53640460758396,13.163050724801058,20.782469684499706,5.8870477076187395,30
295.7142857142857,41.93527539372114,11.805644812455999,20.1394199470573,5.320276595551276,30
295.7857142857143,43.68278355236478,11.352413262995523,21.02517892121208,5.209553785665626,30
295.85714285714283,43.99317463024283,10.999531050746484,18.551123757912965,4.150179690935014,30
295.9285714285714,43.448553932593974,10.121949807299663,19.206658110974253,4.527402956067286,30
296.0,40.57333429452702,10.016269246061459,19.535500107264877,5.683648330739273,30
296.07142857142856,38.547351571669644,9.508989692517513,20.183755771991606,6.027492831893394,30
296.1428571428571,40.652234382953495,8.59108509580832,23.28102723374666,6.406106413490921,30
296.2142857142857,38.678929603813444,8.913890595570916,21.9449532120738,5.9085990830393715,30
296.2857142857143,36.787263048916174,8.591763174701525,21.101889445868565,5.822491236047417,30
296.35714285714283,37.162522109952604,8.40439813496232,23.89498167173524,8.332176296788608,30
296.4285714285714,39.57532253012023,9.275545784476554,21.382492169715473,5.613990176423977,30
296.5,41.90120177179989,9.759497705565852,19.809978373645393,4.7282625317060205,30
296.57142857142856,43.82201623952468,10.721323270533885,19.97147030569566,4.770117404002751,30
296.6428571428571,43.98035048589903,10.997457344592886,21.97163330348367,5.209100076358207,30
296.7142857142857,41.149700208324845,11.704199086911064,20.137730126728133,5.37483089380197,30
296.7857142857143,41.65188793776959,12.288014599177885,18.131208418283872,4.636325237778661,30
296.85714285714283,36.043649228666396,11.042822796288203,16.48183829353753,4.527167529557452,30
296.9285714285714,39.57719405696486,10.70259871525959,20.413164679172098,5.399248366583414,30
297.0,39.20817963548372,9.888319849365358,20.526848581726966,5.269234013863498,30
297.07142857142856,33.51952357974938,8.31703109025606,17.250862513551905,4.991514283715883,30
297.1428571428571,29.866157232038105,6.626776159946213,19.723138906390666,5.694110375722416,30
297.2142857142857,34.88122980841559,8.68926222338845,17.892197675992563,4.703100968076237,30
297.2857142857143,37.45127742639798,8.461165341324902,18.62654377901055,4.638108199823741,30
297.35714285714283,40.42923869157449,9.655352428176744,26.29670411677402,8.190684712360627,30
297.4285714285714,41.97236442423051,9.998066126557367,20.05520084267094,5.000655154554517,30
297.5,39.19555738842244,9.76026222949805,23.333409211846448,6.311686797375346,30
297.57142857142856,46.059098263326426,11.457554718627936,24.703829338585454,6.04196626201422,30
297.6428571428571,44.46451384198539,12.57466262003977,22.51116712442514,5.500670292392274,30
297.7142857142857,45.60212399122177,12.18782853688796,21.48964653535976,4.77944526139392,30
297.7857142857143,43.757890993564935,11.390427025213144,18.569779972818797,3.6492843896040115,30
297.85714285714283,43.462307202319806,11.562736380029868,17.586869504754535,3.644355224814916,30
297.9285714285714,34.521206990511544,10.11653974012119,13.523917062190248,3.0320269537087423,30
298.0,37.750686105641925,9.17367190672013,16.108061273156284,3.4514415530592304,30
298.07142857142856,32.557595145987136,7.924441220002549,14.137104272685125,2.828114270983609,30
298.1428571428571,25.13928986768763,6.25229054073361,11.832953488279621,2.627767431828798,30
298.2142857142857,27.49442519032844,6.400032143583996,14.173691943669551,3.2678054584556526,30
298.2857142857143,32.39894971884522,7.5265119876696795,14.56854348385768,2.9665711544144746,30
298.35714285714283,35.605404153194996,8.092878492976164,18.136662737255346,4.2090664393094865,30
298.4285714285714,39.446198687392716,10.64797575175209,17.308922641637924,4.123584429689374,30
298.5,44.981222689757104,11.320685177303124,18.69223170309845,4.235529046937603,30
298.57142857142856,42.05433808519869,11.294304967455046,18.92531052393486,4.63853851548654,30
298.6428571428571,47.5905396603796,12.500300711527075,22.731684533002174,5.347885746076667,30
298.7142857142857,35.868472950457,7.923851656510874,18.858717960390976,4.5384115965106355,30
298.7857142857143,34.838396964508824,7.765388603139208,18.539664830598475,5.172540496672702,30
298.85714285714283,35.21198542794444,8.639196750183313,14.644886625525848,3.517592788863119,30
298.9285714285714,34.28099819329592,7.78827400209017,17.67210104159967,4.283741580948555,30
299.0,35.53966417441475,8.23750078931845,18.1195786926161,4.512586896143312,30
299.07142857142856,38.36474476275907,9.146938680532156,17.561165774042934,3.9910718020331943,30
299.1428571428571,41.38567632992085,10.232815470115773,16.879072408755448,3.8495216705513062,30
299.2142857142857,41.94152779220134,9.247304862688512,17.71205571702511,3.6502474580458553,30
299.2857142857143,49.69282285248716,11.329312907103628,19.69757586790874,3.9436447353693795,30
299.35714285714283,52.103671036640115,12.163353445083857,22.49893245390534,4.395561636078691,30
299.4285714285714,51.89615663184407,12.383215965325844,19.62506300301978,4.040268864808697,30
299.5,46.16932048323516,11.175925375052422,17.414422194243752,3.6040394611266477,30
299.57142857142856,28.474503264686607,6.5198245627715785,15.664935997394858,4.5855505577405085,30
299.6428571428571,35.15190540568987,7.894397432498969,14.421451222150585,2.8930206651102788,30
299.7142857142857,36.089724740754974,8.47916924047038,18.406016857261516,4.646886325278008,30
299.7857142857143,36.93757235623522,9.918065187308313,17.058338664124236,4.5309530514485905,30
299.85714285714283,30.966940989842083,8.260607811034351,12.774196194378883,2.911392452494438,30
299.9285714285714,44.023008207233275,13.057332655943187,16.459861786903904,3.9398698060737827,30
300.0,38.72066259446667,12.811414065086963,14.674355832107324,3.940237492683843,30
300.07142857142856,35.54404084693182,11.70824130736838,17.71722817663118,5.129167757715995,30
300.1428571428571,32.524413352060144,7.9505970490997875,16.662989220955257,4.525796397365167,30
300.2142857142857,38.05943155346726,11.346011926260282,20.544993102480024,5.469847051181123,30
300.2857142857143,32.441001155409616,10.194166728786858,15.42989300513602,4.2333919893712375,30
300.35714285714283,39.08557137931916,9.536339512881096,19.924957601905838,4.499872312227934,30
300.4285714285714,36.73798571345098,8.710265062819287,19.62046124134907,5.098642639109304,30
300.5,38.177292488183355,8.660925414827181,19.117884321233536,4.823880939482584,30
300.57142857142856,33.761768169712674,7.988236903337294,18.80939143416415,5.181265883681361,30
300.6428571428571,31.73618230163506,8.879231511308491,16.900924418672663,4.945464831217297,30
300.7142857142857,32.23675087611972,8.459231000544783,16.96411715149602,4.993733941241241,30
300.7857142857143,37.93104435166778,11.093522942127372,19.635397665775244,5.185153889036377,30
300.85714285714283,39.34058563862831,11.637432132884976,17.800840441202396,4.5327157206540765,30
300.9285714285714,24.44818877840844,7.38355420727068,14.866427486760667,4.700532167870693,30
301.0,35.430857306916366,10.978758998054579,18.361309835815188,4.9496244954892346,30
301.07142857142856,38.76582267779947,11.032181201615668,21.26413556826703,5.750759804701299,30
301.1428571428571,35.03435802079817,9.380853271747114,20.6103116508585,5.64260861279014,30
301.2142857142857,41.99000276672462,10.915473841488827,21.927851108949838,5.365760776655855,30
301.2857142857143,38.255768520994415,10.144957348824564,17.459950992114152,4.143948236677398,30
301.35714285714283,23.664437442007166,6.072587423391488,11.652328195480889,3.006792547438217,30
301.4285714285714,26.94756568187989,4.9444213056943065,16.975634101021587,4.878312845470151,30
301.5,26.08797104957954,4.96236885318826,15.606281139368114,4.5678226139444815,30
301.57142857142856,26.656699836176916,4.636946783320347,16.61961455539332,4.931629521585975,30
301.6428571428571,25.15280868742248,4.422135687617905,15.165004905721785,4.540065922632379,30
301.7142857142857,24.411978069910642,4.402670775881867,16.01554659876502,4.842123682689379,30
301.7857142857143,23.856967098238393,4.495196023423551,15.616675909819525,4.732938891251918,30
301.85714285714283,24.651713466828912,5.044828018279555,12.54218171383941,3.2397115348682117,30
301.9285714285714,24.66254641222679,7.906005339338812,13.584870378445876,4.311450962204487,30
302.0,32.19152308513663,9.544496907498813,14.697993888234857,3.9301949406872407,30
302.07142857142856,34.56711555707086,9.18602051356458,15.83849714058666,4.011919684112523,30
302.1428571428571,30.466335922513828,7.041030991551414,14.782470389754018,3.809883169544502,30
302.2142857142857,26.857694662992426,6.102346895886462,12.871329669679485,3.097173745668713,30
302.2857142857143,26.443349128377378,6.282488260173,13.343620643965023,3.570273609013245,30
302.35714285714283,22.665622847461318,4.970670387182563,12.856433178300465,3.793225238728064,30
302.4285714285714,23.992065993178887,5.490173211490011,13.182752520618559,3.891347122265841,30
302.5,27.646451756686574,7.564328385141083,14.698218032021831,4.23615506892689,30
302.57142857142856,30.049984596502075,8.723992033309434,18.999623597176743,6.117917992631809,30
302.6428571428571,32.475082633504464,10.227454659848119,19.425447197103832,6.119434534805879,30
302.7142857142857,34.10426935852607,11.044731266954694,20.084966621462005,6.327655337447534,30
302.7857142857143,37.77024539371463,12.245645423728956,19.869510562705702,5.973354277815759,30
302.85714285714283,25.03716060780394,5.874775721555891,12.709811609030718,3.9028437126673814,30
302.9285714285714,28.319748223605465,6.8994302198895,13.13638927112831,4.014608750954764,30
303.0,36.66805355233395,15.18818263239207,15.578439167267009,5.654710998428084,30
303.07142857142856,34.92892988611366,13.611967674511071,15.785790182615239,5.16415482796799,30
303.1428571428571,35.642094954340116,12.401809275700835,14.378685359092001,4.802794853840717,30
303.2142857142857,35.714209601016954,10.83680824453062,18.05322578460594,5.478065617797912,30
303.2857142857143,32.39506679874974,8.73009095852241,15.851728014893235,4.295719994059001,30
303.35714285714283,28.536707681086362,7.934190177899363,14.486823014571188,4.029456815789231,30
303.4285714285714,29.68956871517917,8.363800230298704,15.035967656593591,4.252623026411992,30
303.5,30.284937361263726,9.051632153368645,15.269821772291207,4.3439780389205005,30
303.57142857142856,32.93184110652023,9.54500402712798,17.646616338736685,5.061915542457784,30
303.6428571428571,36.15004074791183,10.653957929599299,17.655802964039168,5.205067863935965,30
303.7142857142857,37.38298657172544,11.667872955158924,14.496995633880925,3.8074066802814417,30
303.7857142857143,38.259042548298645,13.01048762317323,18.311293512857933,5.786853440782847,30
303.85714285714283,32.343347871747696,12.022994113876697,12.297227216552141,3.8738412973604164,30
303.9285714285714,32.933218542872304,12.201939360066897,12.62218469727677,3.967028720006511,30
304.0,35.36187147413072,13.50086596877682,13.530560690626343,4.383953886110948,30
304.07142857142856,30.605984570592025,11.326244349911223,11.962371588811594,3.7078550180229004,30
304.1428571428571,26.240185766403844,10.397799860973258,10.348777902320025,3.37936394133434,30
304.2142857142857,29.627460099738254,9.102772399812807,14.597958768765071,4.619193676720955,30
304.2857142857143,28.62790467202916,7.689901264771854,14.73522544507712,4.307546309129081,30
304.35714285714283,22.088531451554335,5.997755554017911,13.358990077412827,4.616055962478237,30
304.4285714285714,21.984065886214545,5.315437117805936,13.738801685326894,4.682901076460755,30
304.5,24.014441135601206,5.470975044002764,15.07159047337646,4.802463341609095,30
304.57142857142856,26.81566579388805,5.840535550845111,12.481920356318001,2.8772995600086135,30
304.6428571428571,25.58243564302986,5.487445815896317,12.970619962726605,2.942404848627362,30
304.7142857142857,33.67856809075099,6.747112316136941,18.17052686143302,4.290623742022669,30
304.7857142857143,33.66352653719467,6.9329762896415525,15.775926209420907,3.484198085914837,30
304.85714285714283,27.99713595170828,6.639049943891083,13.214959038945528,3.3971172719393103,30
304.9285714285714,32.016118556617876,7.750388021307532,14.674005272480905,3.446223651358321,30
305.0,30.88218768264249,7.557328625767662,14.15573063759515,3.3539181455415665,30
305.07142857142856,31.199135201943395,7.311896472004489,14.7067977107881,3.3080180436261184,30
305.1428571428571,30.475233015626596,7.281140872781083,14.491854091418444,3.3966625274269897,30
305.2142857142857,31.04031233589669,7.021756574483211,14.592761948141852,3.378424643844791,30
305.2857142857143,29.121211893117067,6.653565099207356,13.620769756815774,3.1846918788300798,30
305.35714285714283,27.683495896307168,6.7435311333215155,12.83982040770398,3.123958050021613,30
305.4285714285714,23.854272720061694,5.051871898125454,12.646012429401614,3.0962438715332183,30
305.5,28.013320015178305,5.437245353577463,14.130502371363086,3.22186045467188,30
305.57142857142856,27.83860155661645,5.802047495552469,13.74701792637098,3.20843633393265,30
305.6428571428571,34.76790600735278,7.275988456734154,16.753393643581337,3.536556309202026,30
305.7142857142857,34.61495630264044,8.381690557818851,16.567008163275677,4.1525261267297315,30
305.7857142857143,38.55889711778554,10.018516340459623,18.557014304104758,4.3510708216041545,30
305.85714285714283,37.949439811523256,10.501141246085197,18.360987606846297,4.694401971357927,30
305.9285714285714,36.22466863984859,10.004589121391973,19.613957775689673,5.236349851727084,30
306.0,35.293956961334864,10.391892314374536,19.79761330135682,5.526518895589004,30
306.07142857142856,32.76266857416846,9.109059968311499,18.13706021446418,4.852706784828707,30
306.1428571428571,31.407733727937558,9.29297981542808,16.40911633436049,4.619504328158398,30
306.2142857142857,27.465714041940767,7.128313443258488,16.074335968540005,4.881385410994038,30
306.2857142857143,25.85553753242116,7.0215785179254535,15.918942062920236,5.049632183634543,30
306.35714285714283,22.89598546144595,6.5530997552089145,15.113372645145082,4.956327967225426,30
306.4285714285714,27.026615330435117,7.263458082346355,15.209988777082382,4.369311001593153,30
306.5,25.143839656325735,5.90344066393075,15.06326630006191,4.139842986978412,30
306.57142857142856,19.788824642880808,4.090948952143744,11.190752611074046,2.879313724709177,30
306.6428571428571,36.543835364513605,10.143136469441542,19.231382041457415,6.133292442683326,30
306.7142857142857,39.356752388329504,10.516137131500665,21.1739437444264,6.599703020677987,30
306.7857142857143,40.340512557031644,11.223815630778779,21.444066505506083,6.586838721698575,30
306.85714285714283,41.038060718019764,12.583774103193882,19.642289985317014,6.778983524233593,30
306.9285714285714,42.21174809814623,13.120310666237517,20.32363590789937,7.210693494935527,30
307.0,43.59681548661749,14.24478597122599,20.71884937732418,7.575156394650705,30
307.07142857142856,46.90384855211215,14.882571100726302,22.250629389000164,7.879963297611442,30
307.1428571428571,29.781554341955353,10.832519581171002,17.589121409719354,7.509203829106547,30
307.2142857142857,44.63208121873974,13.666996553247344,19.405877783200598,6.723290014756146,30
307.2857142857143,37.420016810504215,12.425959237821795,16.741355870937547,6.407492762782833,30
307.35714285714283,44.229514170411235,12.834500559633373,19.224707490554163,5.6308273965094715,30
307.4285714285714,37.21506004982127,11.11508205937374,16.421253607642562,5.3166313170429556,30
307.5,38.0418607181142,10.969674545316888,16.99103130685373,5.405436499130322,30
307.57142857142856,38.308634222466274,11.663038344913563,16.576800896149393,4.7340263695304285,30
307.6428571428571,32.5300450067789,9.032767613612464,13.959614870873306,3.73264719042398,30
307.7142857142857,37.19487720556707,9.667363288711867,16.88021453395573,3.9287881436517886,30
307.7857142857143,34.77396610568363,10.303774039904818,17.360584626655644,4.742917702398142,30
307.85714285714283,32.78226921186245,10.550171830470342,16.658403436666582,5.056119167630842,30
307.9285714285714,33.59668686353287,11.985533351653364,20.04141694454985,7.728925098315959,30
308.0,38.74178588500478,11.462638786098418,22.786787043335575,9.134387318366166,30
308.07142857142856,39.04287886270986,11.09413271826935,23.01856593303106,10.006481296524255,30
308.1428571428571,33.794864499875644,8.173055710486407,22.828926052285393,11.400083133157054,30
308.2142857142857,44.28665597356412,11.349376157950584,27.262059162198902,11.848613867840143,30
308.2857142857143,44.442405761544016,11.77309383218409,28.601671073427184,12.615580739888156,30
308.35714285714283,42.414866931979525,10.875726102431711,29.643554330850233,13.442625398870774,30
308.4285714285714,43.71399766864807,9.841865147793008,29.793682273319835,12.638150266745429,30
308.5,40.86598886665509,9.547998975919244,27.405060959810108,11.480618839050194,30
308.57142857142856,38.83235362874699,9.395175287591027,26.359662345231268,11.756691883840517,30
308.6428571428571,40.162702472517594,9.59682398521416,29.618776821841802,13.159032183083017,30
308.7142857142857,37.62679796299755,9.320642603420794,26.34797424438796,11.000865416857703,30
308.7857142857143,41.135302708254386,9.641036119523557,27.59114263328815,11.4314501480292,30
308.85714285714283,37.54807258111598,9.506216093740482,25.942906936385633,10.213486473282519,30
308.9285714285714,35.34669721274912,9.797888734812329,21.708073808300647,7.563696491034585,30
309.0,36.48585548823245,9.566044012141727,18.31086244122576,5.333185284621642,30
309.07142857142856,35.24486751509872,9.527164877902015,18.364176431759233,4.780426331230197,30
309.1428571428571,33.21151690460211,9.551539256186672,15.102636156399656,4.291166388205419,30
309.2142857142857,38.53127059132585,11.288946511618306,17.718753586271266,4.758656093897114,30
309.2857142857143,36.99541627273362,10.379696581335645,18.460551916827413,4.552335110413129,30
309.35714285714283,38.96762367006354,10.1183118430853,18.15388850008011,4.57645154277557,30
309.4285714285714,33.21479367241867,8.476296405391016,17.239634822002415,3.8824479452457004,30
309.5,32.11779078652873,7.610434952636518,16.139467163460832,3.9971246548228856,30
309.57142857142856,27.221486480854566,6.16676919723558,13.459673456429021,3.5732476500155776,30
309.6428571428571,26.24738452529256,5.15535266222193,12.326648779228796,2.651928302758343,30
309.7142857142857,26.663236753081897,5.374430707689033,12.682805824893869,3.1147639518999117,30
309.7857142857143,27.15315760400929,5.485736972703688,13.579458160958056,2.8090011283673255,30
309.85714285714283,32.48037848975825,7.205398456305492,14.00672015033531,3.0480614929332037,30
309.9285714285714,32.93981984108489,7.766902568423323,14.551936069312632,2.918301355879427,30
310.0,32.92489333246696,9.099973368157388,14.901232910696447,3.7230885028889156,30
310.07142857142856,34.91143099814381,10.12253602425484,14.62912371492983,3.7323839790450073,30
310.1428571428571,33.71101571604916,10.025782014513261,14.017935939959576,3.7188180137695674,30
310.2142857142857,34.64999853303142,11.821209673794483,14.426904323873009,4.271653462544622,30
310.2857142857143,25.882953084865434,6.59247473645639,11.966552036606029,3.0310631582676875,30
310.35714285714283,20.454674915999618,5.6463771439031145,10.600318257637435,3.2569699088371697,30
310.4285714285714,26.694519472190876,7.043504590857484,13.279488514649838,3.248072189384951,30
310.5,25.6954822202849,7.2155387201438055,12.826345954538796,3.282044888860576,30
310.57142857142856,26.301165248583583,7.204666254787972,13.380012371094244,3.339219961187379,30
310.6428571428571,25.48058918353019,7.774155196400827,13.193647151523395,3.7661341422026364,30
310.7142857142857,26.188956003768116,8.096402742624374,14.252674725868694,4.2457981799426046,30
310.7857142857143,23.127229136823463,7.484806914047283,14.546300713733055,5.256738994186625,30
310.85714285714283,23.819819236820965,7.554266516152988,14.14514645699582,5.556973808653079,30
310.9285714285714,24.993805423114786,6.6522265267274925,15.96943117753588,4.605943691298381,30
311.0,22.551894411159502,6.108909489918728,14.183485065136065,4.568701248208529,30
311.07142857142856,22.10665986635589,6.240657993045395,12.250581693245392,3.660994153409903,30
311.1428571428571,21.15946384918649,6.391047682888623,11.482254166593574,3.5126612619762936,30
311.2142857142857,21.88968606803367,5.433685061054031,11.739507965438506,3.312470583518766,30
311.2857142857143,20.92794941804473,5.2270799152668905,11.896717966939883,3.6630794154128092,30
311.35714285714283,19.206478887054942,4.927417794305516,11.375631852618087,3.79351819365237,30
311.4285714285714,23.1165167315163,4.5506871210530555,12.384401013851976,3.39426399138819,30
311.5,28.725226043007822,6.982856410867373,14.568749732010835,4.239956637734053,30
311.57142857142856,31.684359111926472,6.901294629353222,15.39138087713298,3.849419516742579,30
311.6428571428571,33.05043499281481,7.41535261841811,17.94157204704952,4.435665865090029,30
311.7142857142857,28.199300698128607,6.317811032489543,15.027124302562918,4.38506610132585,30
311.7857142857143,28.24842150142443,6.462086513997772,14.581249101807408,3.5907605139838723,30
311.85714285714283,28.674203494140663,6.3867953302523714,14.56372286847204,3.643296248952044,30
311.9285714285714,33.22435798953739,7.248245548055803,17.496010348004,4.80835151918884,30
312.0,33.824038998578196,7.947404169305024,17.68490404694519,4.825050041342653,30
312.07142857142856,33.8035230096096,8.745256136577437,16.238178908905716,4.920781251142803,30
312.1428571428571,37.0713174696406,10.314989813252955,18.421990707343074,5.577319099933147,30
312.2142857142857,40.539859737184265,11.580932287572713,19.257770874462256,5.958311667441173,30
312.2857142857143,40.152142484392385,12.488961161097649,18.49642786484676,5.744674373372869,30
312.35714285714283,39.06930732344655,13.247085131086408,18.46375437829613,6.159617732692492,30
312.4285714285714,41.521520012077204,14.076546793742057,19.94480115845204,6.58537226969546,30
312.5,43.11942855087874,14.475422386496145,19.954650503139714,6.320727584156789,30
312.57142857142856,34.82141973222202,11.463871073222576,17.743840965939807,6.314226714293098,30
312.6428571428571,48.54832193718657,15.614511702635417,23.050187340388742,6.95618748800941,30
312.7142857142857,45.85564442761001,14.108240083871372,20.267089469982842,5.867802251725821,30
312.7857142857143,45.18981021633385,14.924883777094985,19.80476139780867,5.844987124709319,30
312.85714285714283,43.72790021222116,13.329411951284053,18.502171767007724,5.032385513220869,30
312.9285714285714,39.86044097635646,11.819111295655343,16.694238752285603,4.347126424440898,30
313.0,36.28990102981455,10.071859681375471,16.08633176820581,3.8039818453552914,30
313.07142857142856,31.464082124455746,8.828171276405104,13.701372374234454,3.239444040286516,30
313.1428571428571,28.971433672420172,7.267022768055275,13.320382907591382,3.152604769241957,30
313.2142857142857,24.842232257987142,6.694143026326082,12.206784782073163,3.4692305928226803,30
313.2857142857143,23.794398803824368,6.475930396055107,12.2385230078249,3.5988567551216715,30
313.35714285714283,24.708652611739122,6.610651031847678,12.319556956966037,3.4929392266622,30
313.4285714285714,28.93965892933634,8.40836186327464,14.488805780925919,4.217469801266095,30
313.5,33.35766812915449,9.733740798062913,15.910234900269565,4.348307713698414,30
313.57142857142856,35.57239546061645,12.199986876818985,17.665202534949128,5.651915741748026,30
313.6428571428571,36.83777057587021,11.201620869679093,18.556425212040036,5.61381043892341,30
313.7142857142857,40.01745986879862,12.4155244229736,20.274191587564246,6.212917754334552,30
313.7857142857143,40.5293115699282,13.661316344525076,19.345231923919915,6.442775091697327,30
313.85714285714283,39.120761341998474,14.621345297894617,19.444511788475253,6.7821120094066325,30
313.9285714285714,37.5002804021638,13.353720654281782,18.854275918414963,5.888361411395098,30
314.0,34.03821041110921,11.65934175831308,18.058747965982356,5.7036527896906275,30
314.07142857142856,39.884419346022476,13.238121016804703,19.615919735802162,5.709900807168266,30
314.1428571428571,29.67124426045312,9.212455578798389,18.26239014468529,5.419244209043218,30
314.2142857142857,26.519643651185593,7.915399326965771,14.55278266643894,3.995343788033473,30
314.2857142857143,24.480180706423607,6.752615105657497,16.077717548206326,4.471869732236776,30
314.35714285714283,23.909867055659088,6.013130053530643,15.310034591424023,4.115109014816904,30
314.4285714285714,23.300770000833474,5.103594558052594,15.212019995678023,4.089410732156524,30
314.5,24.30174705008029,4.890708510843677,17.3268519065748,4.913664381106315,30
314.57142857142856,21.405570456710162,4.565425998472175,13.756590782948196,4.305937820506482,30
314.6428571428571,25.27049764944658,5.122884390435279,18.56814458120289,5.886283536956136,30
314.7142857142857,23.885347291501922,5.339011714182941,18.002674188477766,6.019353928309955,30
314.7857142857143,24.536933088097353,6.152556756919331,19.243685063438026,6.394823863150375,30
314.85714285714283,26.921812894572252,7.393876514348846,22.23806682715603,8.310406971228755,30
314.9285714285714,25.431702725062564,7.2459652771396135,17.80798526012149,6.4510856353102195,30
315.0,25.79866300468238,7.8391124630369555,17.648276353222613,6.426817935388681,30
315.07142857142856,27.229379661250054,8.600517727501845,16.94720928581091,6.6200555389597335,30
315.1428571428571,25.93917947782231,8.805362672212455,19.94275142288255,7.465683220527345,30
315.2142857142857,29.171378758194734,9.596096644413755,18.037839188649766,6.988670451385516,30
315.2857142857143,28.229090949680696,9.352237380590621,16.529755530069842,6.644985129714883,30
315.35714285714283,29.81262744165294,9.595481105331821,18.019926815636047,7.243051986663681,30
315.4285714285714,37.00555048857622,11.334569863378215,22.248130909430227,6.616757272466623,30
315.5,36.42298034476963,11.481674653673775,19.597223196377623,6.584008373461687,30
315.57142857142856,35.092712545407146,10.880171622995746,21.369781470968476,6.901433470520079,30
315.6428571428571,35.55813898742856,10.573641251242444,20.47826931128011,6.444741753611371,30
315.7142857142857,37.92962244938552,11.609138691606361,20.501590906593293,6.226688496096918,30
315.7857142857143,38.125225116620605,10.888359767900585,22.003125084816414,6.230234908151123,30
315.85714285714283,37.604900684047145,10.6288449625426,22.924244342973804,7.006589473306903,30
315.9285714285714,36.888194931880136,12.060612446156405,22.365136158491342,7.785303663917719,30
316.0,38.52760732646488,13.288410674479278,22.442307192633624,8.813200819246832,30
316.07142857142856,37.419530466031325,13.744251410878496,21.831770488743025,9.246292398008967,30
316.1428571428571,35.91888136043854,14.328890424047833,22.746072374484594,9.987771435498072,30
316.2142857142857,39.310495044417365,14.519313654618603,24.093805041717246,10.03761257714223,30
316.2857142857143,37.78632470747777,14.218014566252053,23.932202721223813,9.790613563046756,30
316.35714285714283,40.67846272907566,14.39317907801313,25.212933588976007,9.394180745819055,30
316.4285714285714,42.102058861311214,14.516635860658994,25.588092743906547,9.162970433109571,30
316.5,43.800436461193875,15.10870362837893,25.425622307293228,8.944796839808626,30
316.57142857142856,43.31889521422239,15.65060693652901,25.065532005461026,8.99627585903395,30
316.6428571428571,43.550612959884965,15.863497630188926,23.60563060311961,8.46843866301332,30
316.7142857142857,46.10364069303479,16.937075080385807,24.682006961559754,8.601135780799767,30
316.7857142857143,45.49434871305612,15.318101928338011,24.104988651450856,7.4275440145243365,30
316.85714285714283,45.075195885775436,15.263207265611372,23.545514535926195,6.867167966687198,30
316.9285714285714,40.88512140716041,14.312388828027904,20.594761122511283,5.929683164216739,30
317.0,40.00293641127341,14.41263309570551,18.534949896580383,5.963275719385796,30
317.07142857142856,37.963907499373256,13.629522813452576,17.42536035844772,5.554903338478464,30
317.1428571428571,36.20644569807043,12.991862739494849,16.779841822532795,5.442805952826866,30
317.2142857142857,32.632540265912084,12.4409874013447,15.860218024780991,5.441315547972423,30
317.2857142857143,35.99201985891562,12.429216047191327,18.025324024952976,6.203204784388738,30
317.35714285714283,32.14672619830183,11.864856804997444,17.865763010875327,6.329852951871083,30
317.4285714285714,32.79819792704341,12.11122642028249,17.28695396870425,6.553514959675272,30
317.5,34.19073567541286,11.902220944561053,18.674322734628078,6.58854096534892,30
317.57142857142856,35.47090163934334,11.445252877745611,19.005555051004617,6.510789005538441,30
317.6428571428571,36.87829209847805,11.357106905531351,19.394662549753463,6.557223174716912,30
317.7142857142857,38.94415238902407,11.71619336052181,19.39879431839654,6.72380529887337,30
317.7857142857143,40.05623064736717,11.24568628804784,20.40841969976945,6.394898994362729,30
317.85714285714283,39.3245563974217,10.717236781019476,19.75231880870754,5.521997322990368,30
317.9285714285714,33.91395505554504,9.528018126105806,18.299030088933478,5.341951074963033,30
318.0,39.676836789862236,10.974949865525202,19.569066212900402,5.092061054267804,30
318.07142857142856,32.64403458147224,9.10819254010989,17.345465810741374,4.715436126347641,30
318.1428571428571,33.90688311088908,8.958216662789562,19.385996665519592,5.110485892097454,30
318.2142857142857,35.094223224610744,8.975855694734246,20.89750968861562,5.890846685791228,30
318.2857142857143,34.034845754220704,7.837148271921614,19.02973042178675,4.573492505553337,30
318.35714285714283,31.38727947988402,7.776632738318906,17.47209863289375,4.582121876399255,30
318.4285714285714,30.033376161103178,8.09179946031015,16.869153353634523,4.886570964303935,30
318.5,29.371286399195945,8.408108194683669,15.266457302039248,4.993413487927723,30
318.57142857142856,29.044633864789486,8.7209779402749,15.188883168870422,5.159172530337988,30
318.6428571428571,28.429532641749894,9.116807894318425,15.341758187652735,5.402581888836792,30
318.7142857142857,29.56168746293586,9.165209781547455,16.323617656152468,5.424952835901211,30
318.7857142857143,30.23254965872908,8.965358186451589,16.972903324101516,5.41444484268889,30
318.85714285714283,30.923759181156893,9.164702903059542,17.85675251379595,6.003875978558312,30
318.9285714285714,29.764417356596834,9.775876555422576,17.20644250925585,5.765065872558684,30
319.0,20.985343225328943,6.7113226661863505,14.490254803342232,5.659055012742113,30
319.07142857142856,24.557076424804777,8.282303504973534,16.447907614479252,6.458471056024139,30
319.1428571428571,22.093836470196063,8.968147258682576,13.773200868124393,6.6411097771340835,30
319.2142857142857,21.78122004007165,8.88353612116515,13.661913235706201,6.527963629123407,30
319.2857142857143,22.991528193012968,9.161061758540061,16.78839383581446,7.226093973543882,30
319.35714285714283,21.08430222267707,5.773717001913246,13.074831631310829,4.259881377046751,30
319.4285714285714,20.67301050985629,6.04923683833961,12.91341322067764,4.37198994919682,30
319.5,21.264226342842342,6.535733577565603,12.899674364603714,4.766759204703625,30
319.57142857142856,18.761999139381718,5.206020881092139,12.686115865822671,4.9675720026366745,30
319.6428571428571,21.723566417763212,6.457105884770855,13.848666119657763,5.413467041245036,30
319.7142857142857,29.344409638584807,12.794897784725313,21.490320595111015,9.849026004703797,30
319.7857142857143,22.739066618354226,7.73654268662382,15.760118006994912,7.148423617263391,30
319.85714285714283,20.101960780139915,7.039969717149696,16.03248370992792,7.654848040101666,30
319.9285714285714,21.84555607998101,7.178462706212437,17.02213229415729,7.659434461519933,30
320.0,19.79631790955191,7.453260135319568,15.709201870711452,7.597269091808911,30
320.07142857142856,20.934189722859077,7.982332202875801,17.242751796964654,8.139741953706666,30
320.1428571428571,20.773041129387558,8.446520155051676,17.471681482699935,8.860483002510652,30
320.2142857142857,23.375267913828225,8.403209804946883,17.052264575323758,7.480286708440939,30
320.2857142857143,21.936452137278305,8.143582966174419,15.1756536316613,6.557084566408655,30
320.35714285714283,28.498863786186334,9.326282698680206,14.23994856953067,5.405826817396159,30
320.4285714285714,32.04328114536548,9.69628787732007,16.080821792712705,5.329780246119517,30
320.5,32.417552970631434,9.78931440015981,15.980811611768571,5.158546284912055,30
320.57142857142856,27.217719226158327,9.262731814187083,16.60255215400249,6.312682894813751,30
320.6428571428571,25.95527087420189,8.464597491856045,14.834226056667882,5.193751116901941,30
320.7142857142857,31.296644795720027,8.800365356257755,15.801050875293917,4.6953811223500805,30
320.7857142857143,30.267823487133697,9.081790365484608,14.365632801403267,4.403280533005652,30
320.85714285714283,29.990448098088333,8.870077461256464,13.909712930198094,4.4813898129487155,30
320.9285714285714,29.00378001475528,8.798915725736048,13.441612151779879,4.66420801475928,30
321.0,25.978236090888963,8.514579385419063,12.388047776890323,4.619112306118427,30
321.07142857142856,30.40220214889352,9.213711112164589,16.371429676870502,5.296306213355116,30
321.1428571428571,31.99903285868722,9.852537949692138,15.877042490272114,5.548236456847605,30
321.2142857142857,32.93298560166465,9.988204090896962,17.99587735316818,6.043502184124225,30
321.2857142857143,35.26349094687628,11.29902160719197,19.031501558037043,6.623644152742983,30
321.35714285714283,38.337702800006184,12.441738764332792,20.271838024761877,6.9976128816129135,30
321.4285714285714,36.11185178331899,12.68705256605963,19.10870473138766,7.313552271657406,30
321.5,36.58767103156777,12.26660534622746,19.968880288502064,7.478173873207336,30
321.57142857142856,35.80292705331016,12.198791539891648,20.151624461412833,7.721001658493561,30
321.6428571428571,35.816031397833335,11.713091645693117,20.397273443466233,7.834225188962382,30
321.7142857142857,34.4686461139785,12.014904440360446,19.931315733091704,8.266412029823947,30
321.7857142857143,34.94329137860182,11.611292290973195,19.70898150518721,8.145598899036916,30
321.85714285714283,34.360701565330366,11.971576721355083,20.289875788365066,8.628445228592696,30
321.9285714285714,35.52907753951381,11.869188904888334,20.33459626469002,8.759740415454676,30
322.0,35.9288088269618,11.314280174910168,21.533012905475225,8.750001073638293,30
322.07142857142856,36.6028011530192,12.096243983474565,19.17834128705344,8.926369694636273,30
322.1428571428571,34.6104167858308,12.335769958877874,18.34369841612875,9.03970081364473,30
322.2142857142857,32.965066862592955,11.573428449221312,17.45723252609165,8.279729882456394,30
322.2857142857143,32.45198649072322,11.324829107842582,16.807449416191307,7.834973415981725,30
322.35714285714283,33.33605953281569,11.14416915159651,17.05261098986636,7.19985164430322,30
322.4285714285714,28.022344808090512,9.592255004190253,15.086766694000952,6.45659428134328,30
322.5,35.002609002814836,9.99518540941877,19.52737631450942,6.652673654681639,30
322.57142857142856,35.41980579743469,11.030713981240002,18.765321873054422,6.267316808973008,30
322.6428571428571,35.64480673393776,10.319518749394945,20.04570788195477,6.568945054367335,30
322.7142857142857,31.705710509544534,10.082679421221789,15.132210083942637,5.059291864781157,30
322.7857142857143,34.298809971940535,10.82293712328804,16.1350036771064,4.998773692370372,30
322.85714285714283,32.56002559309003,11.153306785228514,15.824201658237293,5.055426348147314,30
322.9285714285714,35.4742221713149,11.377558729469037,15.543283882833908,4.9714083386026795,30
323.0,32.96355787577622,11.473674966515263,15.571601656462395,4.9839825994936815,30
323.07142857142856,33.90904423629451,11.331808545013503,16.11951990116338,4.763194017615089,30
323.1428571428571,31.47322630327474,11.018141108691133,15.74859532566014,5.0755673288904966,30
323.2142857142857,28.355893839560267,10.562082928736645,13.896539721641401,4.749382073126494,30
323.2857142857143,28.81130822944,10.21229675972373,15.508179462170684,5.10890452283105,30
323.35714285714283,27.19252458404439,9.628133551073924,14.285648359350143,5.0243832405634095,30
323.4285714285714,25.48754277828539,9.788531622310217,14.51337438769593,5.323376985859279,30
323.5,29.828494156223815,10.543922442987768,20.399914530292467,7.552390718510707,30
323.57142857142856,31.293577830992678,11.311297154700348,17.357361527099286,6.911257025627891,30
323.6428571428571,30.79893569224634,11.252892637746413,22.82723482481778,8.599505488746107,30
323.7142857142857,32.900655823631986,10.918653686651336,19.122210629998865,7.565549080130166,30
323.7857142857143,31.94873279845762,10.821427214185308,19.692568180882322,7.718750401145811,30
323.85714285714283,33.65476836455821,9.819622686751382,20.04992534026669,7.3391763935908125,30
323.9285714285714,34.957224429829566,10.669599398061687,21.58663401387977,7.890815442845452,30
324.0,36.816369272756326,9.910534111470483,21.14038962741194,7.426700523480403,30
324.07142857142856,34.563819722437714,10.099730760561169,20.652603523012665,7.434265692196017,30
324.1428571428571,33.95100160402019,9.598695358793032,20.568126561285915,7.180462689179438,30
324.2142857142857,32.19915589075736,9.80704472663054,19.43624063847136,6.759930420633054,30
324.2857142857143,32.87948504733169,10.047160002541514,23.579159084397816,7.958006818633779,30
324.35714285714283,32.396984095415945,9.90654286148927,19.70139370767663,6.904012023625523,30
324.4285714285714,34.79293147602214,9.76872541230238,20.191870954606664,6.676045973215176,30
324.5,33.60722794429535,10.224588367754425,19.10772756276245,6.115685456789539,30
324.57142857142856,35.80901069843609,9.975896309393026,19.18383613480708,5.366362481774664,30
324.6428571428571,32.2964567308832,8.433990864332111,17.505946074249977,4.7320883885503555,30
324.7142857142857,30.528827755387642,8.95855529439123,15.56834908295101,4.416345556981374,30
324.7857142857143,22.554617470453568,7.86473967894035,13.11022954323492,4.337803289603564,30
324.85714285714283,24.37566925672263,8.071826047410537,14.04322154556239,4.715092779842515,30
324.9285714285714,28.372004633642806,8.349394291205734,15.122068032299204,4.308553084830436,30
325.0,29.229487661309154,9.035537547372218,16.492197903656656,5.370321998519207,30
325.07142857142856,31.04745324573813,9.28995659550036,17.004832528422142,5.550852363687316,30
325.1428571428571,28.46543841741617,9.938897004230224,19.16126933408629,7.33579891785265,30
325.2142857142857,30.69308102544129,9.636320642457392,18.012891430703572,6.837090665406527,30
325.2857142857143,31.60076308884345,10.1918490066927,22.957635586904253,8.331844160778306,30
325.35714285714283,27.797117092660653,10.02575900909753,16.58729415080122,7.482854291111845,30
325.4285714285714,33.3260067607789,9.653502377485097,19.365491895749685,7.302126927885657,30
325.5,31.263151026444802,9.696828735114668,18.534222768693805,7.5483103851695255,30
325.57142857142856,19.136341883892328,5.536275750656328,10.082750040846342,2.962156334464744,30
325.6428571428571,27.25672517730988,10.186672657774531,17.443222185291305,8.432836141763234,30
325.7142857142857,28.101280865966825,9.77120102428619,17.70869876444943,8.1179182686465,30
325.7857142857143,17.886299977953414,4.6791453529377165,8.14564967607701,2.1401928356244935,30
325.85714285714283,29.429221771895627,11.117740847582258,18.700326138131654,9.096735614241036,30
325.9285714285714,33.60397019167521,11.709841431868513,21.773048366839912,9.6877237446112,30
326.0,30.32074810797184,11.91625314375646,20.048705190496168,9.872253278055384,30
326.07142857142856,34.652296760797554,11.859053998662823,21.168312613398626,9.187005659026276,30
326.1428571428571,36.23493713973356,12.063245306108628,20.671808326523415,8.726129108565459,30
326.2142857142857,31.82714853482134,11.863301129956163,20.50133323257215,8.457874736270474,30
326.2857142857143,38.5166860037195,12.707848413948449,21.007803491699082,7.5578148357206345,30
326.35714285714283,44.56862609079504,12.593948692748084,22.734795060901906,7.196756146483738,30
326.4285714285714,43.87922251632535,13.018396733812466,22.211733066589705,7.045942554094122,30
326.5,36.99899454218197,13.4595859274728,15.956297587760766,5.062505139290963,30
326.57142857142856,40.57471457652328,14.317664395126425,18.32861957481506,6.138172611890917,30
326.6428571428571,40.80034466814881,14.084687113122063,18.414158755595366,5.7296823697033465,30
326.7142857142857,35.25957166979538,13.813574747407886,15.04444450188485,4.988270017632732,30
326.7857142857143,42.58420723883395,13.100467293952269,19.68166995241932,5.781998423410354,30
326.85714285714283,38.61587677503358,13.356793567958448,16.765398076859068,5.278277311377606,30
326.9285714285714,39.052346973382505,12.85751008559084,21.711576350128897,8.56953224856909,30
327.0,39.292671964858165,11.670411785978372,22.662470827477886,7.377596603051595,30
327.07142857142856,41.14629479441987,11.266960554887243,26.08563859181664,8.426136951592945,30
327.1428571428571,35.20270115922311,10.312419737911299,23.499564727436002,9.130486706200129,30
327.2142857142857,38.88633423998425,10.83782326808565,23.819599784366247,8.984400454698438,30
327.2857142857143,38.90305019860192,10.7655018111519,25.375634950335797,10.718637859514399,30
327.35714285714283,34.906416129753296,11.074180829164353,25.652387196599907,11.856788610845248,30
327.4285714285714,31.890508797041704,12.478206537467232,24.674418093585345,14.237747244105368,30
327.5,33.5713056142951,12.626921692882187,24.06666196586239,12.630486431812338,30
327.57142857142856,39.56999717385123,12.517374368969959,30.469679503049008,12.760681428307919,30
327.6428571428571,40.88797139507992,12.949259610427692,28.939729434025836,12.500957925914548,30
327.7142857142857,43.03122251486887,12.891431013453428,30.5026106923937,12.06954719516,30
327.7857142857143,33.940805389181975,10.803321256134765,27.732818041589134,12.235876551658977,30
327.85714285714283,36.84554875987276,11.866779430075901,27.729135218230745,11.356282264220374,30
327.9285714285714,39.69909680472513,12.878519056405331,24.916329903138976,9.49275055056523,30
328.0,37.552447576864544,12.86368294884429,25.89422864978494,9.326545938264909,30
328.07142857142856,34.691479305716136,11.458200228785516,23.615461491743176,8.096832370140998,30
328.1428571428571,36.65842990977792,11.377243983063229,25.010032148010094,8.372305422634543,30
328.2142857142857,34.068993576641,11.188388773785066,23.929386526760705,8.496652691232901,30
328.2857142857143,34.20526237002203,10.267898891442652,22.529103375489264,7.4511955003836805,30
328.35714285714283,35.803555141304415,10.028916730899818,19.018918632040762,6.500714662916959,30
328.4285714285714,32.701840646543275,9.646516912768002,20.444479293165948,7.122399533254743,30
328.5,32.015933528857204,8.380979636836257,19.986662216929997,6.6394262138311175,30
328.57142857142856,31.815333817511668,7.852989346165458,18.940462345467324,5.978100026562084,30
328.6428571428571,30.38497669204281,7.272742905793637,19.511515038538985,6.106871477286097,30
328.7142857142857,25.409835513323497,6.190366531216871,15.112788251066497,4.683521902545659,30
328.7857142857143,26.266339301411563,6.460969101584618,15.364108088699417,4.869272667441839,30
328.85714285714283,30.015789191608377,9.419785903977536,16.254553527912467,4.969022550796417,30
328.9285714285714,32.87638098266286,9.887731301510698,17.969350126647093,4.877889823891467,30
329.0,35.64583704292308,9.851641526667956,17.56451764409917,4.814914916506514,30
329.07142857142856,29.00287968896557,7.136556510382132,15.840613087401566,4.250676485260561,30
329.1428571428571,30.599972166841727,7.731216284762794,16.0391013901278,4.135836336561057,30
329.2142857142857,29.60854530348095,8.099119547650613,16.67623244527648,5.0737785377949525,30
329.2857142857143,35.73597456914834,9.057727796198433,18.060251914394193,4.7725085941216125,30
329.35714285714283,34.36572116818496,10.002133207195532,14.949077244393871,3.7744971571300887,30
329.4285714285714,32.616347271264985,10.292579065912578,15.903416837835085,4.547798709875458,30
329.5,31.06972596247018,10.772483671912847,15.078851058568047,4.648302552342816,30
329.57142857142856,32.320345595022324,11.025073586490636,15.223743227211807,4.808762498094886,30
329.6428571428571,31.01479252087229,11.143798590339072,13.87465195308336,4.766173777687604,30
329.7142857142857,33.606253362433996,11.879285464000812,16.240175130969533,6.193361852673058,30
329.7857142857143,34.36567891813942,11.917328278468519,17.02073878624678,6.4099866701184,30
329.85714285714283,34.409270897443854,11.79358861978142,17.39852876074769,6.433052866423747,30
329.9285714285714,35.92630253527986,11.897582013722793,17.553039697737823,6.5339048376075155,30
330.0,36.895971415547564,12.009374741341931,18.286398622935824,6.880805886388302,30
330.07142857142856,38.676427613375964,11.939788756749321,18.96904314446218,6.714472563704194,30
330.1428571428571,35.823803219513344,10.956641078091756,17.694984595923238,6.163653522787526,30
330.2142857142857,34.775222909208,10.210942958650431,18.591731524396593,6.403218528660646,30
330.2857142857143,31.3479648310222,9.507891249562341,18.45516813679007,6.732185331967224,30
330.35714285714283,27.744841545092996,9.454311380376588,14.188916800925297,5.689421649687937,30
330.4285714285714,24.00412692017109,7.922468849174197,13.85327157379356,5.285416860464493,30
330.5,24.854179542474192,7.290363041433167,13.57415892038608,4.783496324566308,30
330.57142857142856,23.074281872438544,7.106707615265722,12.29672339967161,4.599265453825482,30
330.6428571428571,27.153219651165113,7.488847176823465,14.220944782389745,4.6731695804624165,30
330.7142857142857,21.47537918721662,5.620878501261072,9.96308080199075,2.2202725660062796,30
330.7857142857143,20.509956798650713,5.208262157973476,10.002802326329116,2.2696854567569753,30
330.85714285714283,21.765619235616295,5.90287338076618,11.562816562822047,3.076250554177984,30
330.9285714285714,22.33747426358949,6.548012704505678,12.46203580887958,4.019943286024544,30
331.0,20.40622922017964,6.420531467476986,10.073250272686083,3.0608486998931332,30
331.07142857142856,21.10422229784927,7.443319699021555,10.680826257200376,3.335802326545431,30
331.1428571428571,26.484492838502504,7.96552973831104,14.722094811909056,4.402209202821986,30
331.2142857142857,26.09235354068583,8.284101400010027,13.059300528663398,3.8078133502279763,30
331.2857142857143,27.603583283111103,9.125319429059298,14.062143633844455,4.400218950759619,30
331.35714285714283,30.353012901423785,10.069399276451627,15.031193789310576,4.417273348184848,30
331.4285714285714,33.10798877066534,10.476885101590804,16.23148310278125,4.56361197042759,30
331.5,33.75162660964508,11.72061388218956,16.452540676103364,5.082048882981782,30
331.57142857142856,43.73215647726844,13.977234741830317,26.194167762218754,9.598561594632871,30
331.6428571428571,37.74636385782327,13.267986913270114,20.91757407660075,8.043435801305431,30
331.7142857142857,42.89968205435863,14.536052657181306,26.950050929623075,10.459701635958371,30
331.7857142857143,37.855739680633114,14.500725756017262,23.446145567430797,8.947976046940077,30
331.85714285714283,38.37989833126809,13.309418523657174,21.515684875217403,7.703200542039857,30
331.9285714285714,31.49477530034325,12.630565501700897,20.045595777619283,7.499538563173463,30
332.0,34.19013221182141,11.772391852817602,19.445186399644008,6.435323708783876,30
332.07142857142856,33.23016965964037,11.630436179063514,18.33124315293015,6.883887669105933,30
332.1428571428571,30.992122757284072,10.485863537009344,17.308226069373642,5.844886226514615,30
332.2142857142857,25.545401370611025,9.901087487423567,11.534315630197815,3.7751631157348498,30
332.2857142857143,23.948197698534475,8.241867404985824,14.662911175600543,5.184512568156471,30
332.35714285714283,20.72346160961288,7.617518909118016,11.642220110417016,4.372087843185477,30
332.4285714285714,25.947545981611846,6.700960542013859,15.718744915097206,4.98055399610949,30
332.5,25.744495911876815,6.207196846696872,15.307366957785577,4.456259683892147,30
332.57142857142856,27.144427872992317,6.150669832414503,15.055442119740256,4.011456207453486,30
332.6428571428571,26.02000793381733,6.600862482519722,14.339206399780053,4.484079968502098,30
332.7142857142857,27.422124481728247,6.598530493611116,15.179422892082384,4.661834419376964,30
332.7857142857143,26.394708566513874,5.969724924083786,15.081155366858342,3.7482344216330246,30
332.85714285714283,31.71888802946565,7.731600573496482,17.536014494415102,4.51087183395489,30
332.9285714285714,33.14885607302397,8.202187241457802,18.222727262061493,4.917639332669549,30
333.0,35.663702430453085,8.692252563272177,19.841660179080783,5.731089036572475,30
333.07142857142856,34.96313450927181,8.638201057556971,20.83582665469713,6.465559018048871,30
333.1428571428571,34.537738745966045,8.9034513216447,20.412490005543578,6.674999973916595,30
333.2142857142857,39.44009980490097,9.813291274178683,23.15959327599729,7.640813682759262,30
333.2857142857143,38.505408038367406,9.330655010450819,23.27225332469786,7.0876748253755135,30
333.35714285714283,31.64704060129428,9.230879675354828,21.30420877690433,7.180628485043027,30
333.4285714285714,31.92880735226591,8.732014211728584,20.675756231840783,6.616463092281141,30
333.5,30.73120765517008,8.755075848486786,20.622974613044832,6.516683587033525,30
333.57142857142856,32.04235767837393,8.384178764526537,19.285756002033434,6.138949532070105,30
333.6428571428571,30.77047394729179,7.847305966362024,18.762044229024802,5.929852338534824,30
333.7142857142857,32.70829009208384,8.260377367767907,17.91836480123821,5.013055638192264,30
333.7857142857143,32.92358314726419,8.338337145991265,17.38797564432127,4.649988052812576,30
333.85714285714283,32.68035754557985,7.671652684854719,16.8399908541505,4.146784738144733,30
333.9285714285714,27.263608773217996,5.787125777070866,15.62138967445038,4.235116906103522,30
334.0,28.16086645616949,6.306930783280383,15.679614068783085,4.794084962626156,30
334.07142857142856,28.483611606108123,7.161157538736809,15.968007184052636,5.249024027797512,30
334.1428571428571,29.210412020242774,7.056471904367432,15.893877907224395,5.009338098670277,30
334.2142857142857,28.842889566088875,9.926770922843245,18.23292568923802,8.419852211979032,30
334.2857142857143,27.560915561934717,9.504925274889702,17.07326952191514,7.802692748316797,30
334.35714285714283,28.269759338760856,9.703984827119836,17.08286538691,7.898387833289457,30
334.4285714285714,29.229575507412278,10.294655595185924,17.22339672566267,8.370572256140518,30
334.5,26.5009710484427,10.725309544937028,17.348449185198557,9.17307586158431,30
334.57142857142856,26.998927901036428,9.56427317483815,17.122265635852376,8.173710334519358,30
334.6428571428571,26.183946283093768,8.320152130220036,16.63133369264958,6.950685019580424,30
334.7142857142857,25.22823349388079,7.483234163632428,15.988882072596109,6.206068502573566,30
334.7857142857143,23.796331053279392,6.173870690730101,14.191530892962893,4.677269999710935,30
334.85714285714283,22.876326464385922,5.038884337678647,13.013089383803514,3.3800424784567684,30
334.9285714285714,23.770676984205913,5.048309746070706,13.678188254076156,3.245031502948599,30
335.0,25.441129479255007,5.967235462122514,14.704733881552745,4.0485072687257775,30
335.07142857142856,27.902225223023148,8.18382280744939,16.923047386736883,6.230020301488372,30
335.1428571428571,31.7082032417914,9.343210363075158,17.89153224518405,6.9518960193837085,30
335.2142857142857,34.50164634763327,12.44101689875568,21.43339719166151,9.941044349247802,30
335.2857142857143,37.24359294571351,13.334935609574867,22.45222996752316,10.54570212098344,30
335.35714285714283,39.70496502511209,13.759616032908843,24.46158979198212,11.080158269071969,30
335.4285714285714,41.96986465726956,15.391172549745905,25.686146268417524,12.263965137638404,30
335.5,44.16720979978611,15.531167028156755,26.988116090949998,12.380715837571996,30
335.57142857142856,42.52443062938516,15.034687584227532,25.990196084615835,11.908678277620602,30
335.6428571428571,42.333109084548134,14.252729927814336,24.26047435339238,10.639636749891174,30
335.7142857142857,39.55600902658941,12.65136291131074,21.0991144275437,8.651198059592385,30
335.7857142857143,38.50562399702259,11.57074379844253,21.27199695399897,8.086659640405276,30
335.85714285714283,37.4120407036553,10.814483447786536,19.649580504152947,6.695888590104055,30
335.9285714285714,34.77314374588827,9.58749614166103,17.452275687265363,4.92371040912593,30
336.0,31.32515745655275,8.420387812615914,14.15053011536088,3.0336169964407973,30
336.07142857142856,30.760028247804787,8.49330846853753,13.911878607613477,3.7188452443116597,30
336.1428571428571,38.4029965191542,11.368957604414796,18.29034910387062,5.5862766560463335,30
336.2142857142857,38.105961733742376,12.309152643628185,18.81902118089426,7.335171910266587,30
336.2857142857143,38.08146276623503,13.811889732853691,20.46736746912487,8.908820191266317,30
336.35714285714283,38.45224518630106,13.74274038956641,20.453373156858728,9.093684047759158,30
336.4285714285714,42.81706275311256,14.59024233502982,22.425911884801724,10.135038883434506,30
336.5,41.19859424795623,15.42462015164943,23.219912896979306,11.099956085543086,30
336.57142857142856,45.30773349992165,16.369614998058886,25.770388349170926,11.984616267394399,30
336.6428571428571,47.50553842391694,17.722739564315734,26.092014755287675,12.114392963232262,30
336.7142857142857,45.26452501262076,16.727817380197607,25.015378182039733,11.560108486944111,30
336.7857142857143,37.56367321159561,13.494808397653273,21.576004961429,10.684306108489753,30
336.85714285714283,37.67733126469513,12.801373846828286,21.91179213798146,9.846908066277994,30
336.9285714285714,38.78873876592697,11.495899947965697,22.313941575258706,8.424318801152204,30
337.0,33.26297029342553,9.126860744423585,18.961964750626027,6.210249400187602,30
337.07142857142856,32.46928592999465,8.693885076681683,17.357386117145385,4.692694835652174,30
337.1428571428571,32.67584190668107,8.242994458206711,18.128503090733943,4.431489300070684,30
337.2142857142857,33.76878586193161,9.641873469617783,19.111594790423986,5.097974186258414,30
337.2857142857143,37.619290479800235,11.480227253072972,15.736103544720926,5.049196020696943,30
337.35714285714283,39.80292463718818,12.018950131474979,19.90111926424967,6.314085249430211,30
337.4285714285714,43.44169770588756,13.128612047313377,23.282303367524584,7.325729048867872,30
337.5,44.94201028676789,14.891317718891631,23.98180864558992,9.113652666347868,30
337.57142857142856,46.42293375847508,15.092947185807336,25.373536728913738,9.453887173854671,30
337.6428571428571,46.172238666278375,15.641869627209397,24.064629658342483,9.896062161509256,30
337.7142857142857,45.69099473982229,15.845734842825175,25.12664406535687,10.038586062876364,30
337.7857142857143,40.586253434828585,15.127123386908742,22.457553412498996,9.873351595005264,30
337.85714285714283,39.24496814687948,14.758153684727775,21.06191792205883,9.634675101255926,30
337.9285714285714,38.89503479298103,13.90879276438296,20.057588382693172,8.93503670072106,30
338.0,29.238783519209715,10.962789503921915,17.06718963203042,7.760199020009841,30
338.07142857142856,25.38368740138782,8.749617946023065,15.037571991155483,6.127132918389586,30
338.1428571428571,23.196912489035928,8.0540584294238,14.434407241302722,5.755778616676629,30
338.2142857142857,19.64487794207658,5.428799607551257,11.116827778584502,3.0152976435545855,30
338.2857142857143,22.19130143645659,5.822964679777225,12.590892127363846,3.8108420925016744,30
338.35714285714283,24.507636454805652,7.322566416106412,14.676074670553364,5.768961386359381,30
338.4285714285714,24.228820117578582,8.134512539368293,14.744601627175085,6.607649626012713,30
338.5,20.859424645122317,8.71211267526085,14.071192654577029,7.28475492612715,30
338.57142857142856,21.022893333238432,9.701813953016124,15.00449938267619,8.07582938239555,30
338.6428571428571,22.965470373240912,10.57430968112966,16.898700190612335,8.972684390250407,30
338.7142857142857,26.012127383539163,11.454273900411287,18.41685964463555,9.724640038860377,30
338.7857142857143,30.674683056265824,11.850933548784118,20.491397742234472,9.879868297835902,30
338.85714285714283,31.519911523462067,11.973282410440715,20.505076461428732,9.925533507620477,30
338.9285714285714,29.23839413470724,11.498622120852357,18.92293439695766,9.429737586337216,30
339.0,31.529044447527784,11.304373030082456,18.99345876950895,8.908174778779854,30
339.07142857142856,20.78661389036083,5.286656141563179,10.697610235191728,2.362118228800664,30
339.1428571428571,18.23272761098104,5.238434048291487,10.390166272856918,2.615323538311281,30
339.2142857142857,20.82544745684735,5.966211420911144,10.453479137024049,2.5467765743116937,30
339.2857142857143,19.416560916232335,5.919422566854866,9.539664695876116,2.4348086356982606,30
339.35714285714283,19.535435571708913,5.701312116564528,9.591515508026989,2.360143517381375,30
339.4285714285714,17.211332225359342,5.4633801941386375,8.087547214538098,2.0902998758553357,30
339.5,22.38078440771575,7.455806631349652,13.971518430966672,5.595033765199344,30
339.57142857142856,23.1043528560162,6.3075417548462624,15.983674797272624,5.8250902174411765,30
339.6428571428571,22.843697725072115,5.289227017984811,15.582503602081657,4.587956277248878,30
339.7142857142857,21.076374871888767,4.538858526763964,13.332621926379087,3.3627386238210306,30
339.7857142857143,23.313510828946633,5.212392260307572,13.637255822002546,3.5486497792500002,30
339.85714285714283,22.201941933382084,4.783858994836115,13.744127951168212,3.349358778025865,30
339.9285714285714,21.48594732557927,5.57476222670667,10.975455626491781,2.6769298268775454,30
340.0,21.199605734495304,5.627760406944116,12.936624574715312,3.5703891824713105,30
340.07142857142856,23.84031414564709,6.344571229220477,14.686606839068803,4.434819943419476,30
340.1428571428571,26.343481436026575,7.694241495777589,16.615480641600758,5.945800183828773,30
340.2142857142857,29.310159302939265,9.477679613536269,16.061140170304512,7.252831315758767,30
340.2857142857143,28.767830483548945,8.651468948461707,18.707091419168282,7.201693076366557,30
340.35714285714283,31.678221641972552,9.189122228134755,20.72733212265427,7.564478524628073,30
340.4285714285714,28.28828273646988,9.423772588413343,19.670244596570345,7.857139507097682,30
340.5,29.387756321655328,9.896054967520694,17.430465616262858,7.8454255314658825,30
340.57142857142856,32.21958923820416,9.982728283219256,19.12684541698566,8.032561102181472,30
340.6428571428571,29.813142572332954,9.674025339713635,18.06730688174607,8.008115897215713,30
340.7142857142857,29.37382749287972,9.676077155570843,16.76677881538754,7.486096482909053,30
340.7857142857143,37.00049169845028,12.966527228910344,20.344223444143307,7.266794283704353,30
340.85714285714283,30.094874969000845,9.298896496124119,16.828454979628784,6.678971147282003,30
340.9285714285714,33.53724672887443,12.884782365215848,14.988465723203452,4.601487173917033,30
341.0,28.363499080219928,9.098988313250478,16.35801397466798,6.220385319014213,30
341.07142857142856,25.90363448416743,8.33487056047159,14.740563038279246,5.517104135922781,30
341.1428571428571,25.437366206638067,7.107426066628548,12.338312038903844,3.829873038394157,30
341.2142857142857,22.15091724875561,6.0819576682126915,9.73772937666299,2.416662970902179,30
341.2857142857143,23.041173715780978,5.272455003858118,10.576062678519232,1.967899915574601,30
341.35714285714283,21.48381267875437,5.0820532799343,9.953341794273967,1.9914061621698602,30
341.4285714285714,19.945790902355263,4.724340019011098,9.836313822774699,2.24888966497043,30
341.5,19.84306114202008,4.845988807945088,10.198784859480796,2.4636126092426345,30
341.57142857142856,22.554123163367837,5.210682510118399,12.567001913246598,3.481710141642046,30
341.6428571428571,23.000020762007313,6.353500552511021,12.662664376239963,4.564836539739394,30
341.7142857142857,24.5368087497478,8.193571161123804,14.299757284715465,6.461813604319626,30
341.7857142857143,28.275675660349602,9.644323462815947,16.543139782969583,7.819988359574773,30
341.85714285714283,30.186509957100213,9.976780010762193,16.975525549112167,8.049781564020059,30
341.9285714285714,33.23640646320087,11.26725383443166,18.577295387811695,9.143364770642906,30
342.0,32.63920961573265,11.637715429673849,17.68321574735429,9.28938884417881,30
342.07142857142856,35.14307612851554,12.51621936615084,19.22104548117943,10.12834688156611,30
342.1428571428571,37.0974714769867,12.762406293379113,21.10999033029802,10.20394269096899,30
342.2142857142857,33.834623581013915,11.87502245233267,18.58858652194577,9.211947586920344,30
342.2857142857143,29.258190064221566,11.918043705012114,17.456461107089705,10.018621990661572,30
342.35714285714283,33.41138919733479,11.761764230533858,18.69600663442862,9.343227515617263,30
342.4285714285714,27.515638739187352,10.550778879314407,16.128160980252662,9.038573880405528,30
342.5,28.72635615810914,9.881074857594431,16.307734321367185,7.571813585852175,30
342.57142857142856,26.234317267670214,8.462551614370218,14.293835221026585,6.199529280923881,30
342.6428571428571,23.668143774460983,7.202645807664347,12.29155578552682,4.658950210846398,30
342.7142857142857,21.694448621550492,5.583197826860453,10.315987032388728,2.600484053052371,30
342.7857142857143,19.045335202104823,4.542088566954183,9.644017687616882,2.197027872085467,30
342.85714285714283,16.017730574457378,3.799866329779905,8.670676806976068,2.207949207859759,30
342.9285714285714,18.588914163324933,4.640567506525507,10.407971136985536,2.8681062057000344,30
343.0,23.044796534383742,7.0614501481522725,13.35911978635814,5.429426379384911,30
343.07142857142856,30.853488214983077,9.61971722338022,17.00741999567219,7.92009958120147,30
343.1428571428571,27.91421344275278,10.378419413685018,16.49416476432758,8.631289458877259,30
343.2142857142857,26.828331102986382,12.134104711097171,17.368099219441667,10.241804882435341,30
343.2857142857143,30.374627478362925,12.71646590259515,19.719464003989586,10.761153773721045,30
343.35714285714283,33.062935164628485,12.864512316185102,22.470192669817667,11.16815213496726,30
343.4285714285714,35.1275473063826,13.245665697248397,23.35697261599606,11.30007863687149,30
343.5,36.36802075164285,13.405002122391007,24.20802121168121,11.52321794064927,30
343.57142857142856,36.79958458619188,12.034453241157006,23.951508791325768,10.298942182894336,30
343.6428571428571,35.54000046657442,9.969645157781835,21.581216146185195,8.251258733934588,30
343.7142857142857,32.25699902006078,8.870101332397564,19.10701313886624,6.568971206736404,30
343.7857142857143,29.51168856401761,6.811589451398996,16.444365271754748,4.061037772800489,30
343.85714285714283,29.69482816456218,7.002010483840169,15.235097703813768,3.349127895410137,30
343.9285714285714,30.87799507631371,7.290729293352108,17.39734901142119,4.039147434232743,30
344.0,31.898477296809773,8.324989351076969,16.018362048993453,4.9007022131809945,30
344.07142857142856,33.480134797003934,9.481608890485258,19.63689116797241,6.806488542864268,30
344.1428571428571,33.962621874060055,11.168925661707672,21.151607836774907,8.741921307199522,30
344.2142857142857,33.46538126794624,11.962587897028415,21.710774830015357,9.529359749331663,30
344.2857142857143,32.54849141361422,13.088626886244477,21.718653249397065,10.781950466309604,30
344.35714285714283,34.71079594900097,13.132461404545895,20.011599276957682,10.688538954945603,30
344.4285714285714,33.748085289845314,13.937179012419907,19.63728282162881,11.535290503624797,30
344.5,31.778588361168254,12.236380229196461,21.758947349717097,10.502539442932335,30
344.57142857142856,31.335434710156388,11.2463363935901,19.280635967187752,9.158152215683591,30
344.6428571428571,27.734899299130003,8.349427195351018,15.265300655564506,6.5470746450565,30
344.7142857142857,22.97292382916912,7.173439780994586,12.698919123200158,5.13408048778959,30
344.7857142857143,21.56491200626462,5.1206995302910565,11.956393002777167,3.147276164605475,30
344.85714285714283,19.334623302697086,5.088895752118622,8.153411732525033,1.8097501558806026,30
344.9285714285714,19.291778314203878,5.067230728576713,8.920307800815571,3.1747637285938497,30
345.0,23.309309213013176,6.591650706255398,11.6154572160631,4.721196434143389,30
345.07142857142856,23.277785239484192,7.1335089565293694,12.600549660875787,5.788883656575249,30
345.1428571428571,25.008775369234588,8.36395902125638,16.15125824557896,7.432420569234682,30
345.2142857142857,26.13243680751253,9.045855498470141,17.808353636676234,8.207269254451406,30
345.2857142857143,26.817638857058107,9.627236540199615,15.632219386182332,8.136183437652033,30
345.35714285714283,25.925090570687615,10.092792935378842,16.161438577950012,8.605084682918617,30
345.4285714285714,28.11618813881154,10.371590191676592,17.73122974302122,8.93823352069382,30
345.5,28.691309684839958,10.444287467848257,20.816260568032476,9.442200707590931,30
345.57142857142856,37.83826107715939,13.14445323603415,22.167264847607942,9.069521412889527,30
345.6428571428571,36.1904139937237,12.406230006397118,18.889566200780784,7.773854454303783,30
345.7142857142857,37.5546110280699,12.105319182152737,18.930545732209403,7.523201722925582,30
345.7857142857143,25.568907436094396,7.828459899639858,14.200155815698116,5.642170189108896,30
345.85714285714283,24.891142484943504,7.040016717517585,12.140177792827613,4.161463283911824,30
345.9285714285714,23.25510226752132,6.967729178465638,13.612458484419253,4.437053829429821,30
346.0,21.98160759473379,6.603083824605224,9.121800036335925,2.342255017236374,30
346.07142857142856,20.526565612035,6.261190097486993,8.223856025291978,2.0973900511404584,30
346.1428571428571,20.441733357232785,6.802793676414627,8.320031524640173,2.295375560396611,30
346.2142857142857,23.470970592515496,6.9560714091937905,11.544920568307345,3.0222165064046345,30
346.2857142857143,24.68625056777202,7.586782515242081,12.379998549845132,4.037383385598428,30
346.35714285714283,24.07727707291111,7.095994841445808,12.157066769090777,4.131355089011286,30
346.4285714285714,27.456738731266245,7.187560803548369,13.939420917371121,4.26348121796753,30
346.5,24.327262009443448,6.697123129558502,13.4948459015405,4.676435576926313,30
346.57142857142856,23.773055059678605,6.649218440280543,14.687412723290024,5.403643854050435,30
346.6428571428571,28.274068201024587,7.541448322058903,17.592646310289624,6.0169834695269016,30
346.7142857142857,24.38839968336693,7.675228886789781,13.144876817256472,5.301687655233312,30
346.7857142857143,26.24303449476992,6.996155852404097,14.1374276638571,5.125216683349085,30
346.85714285714283,23.842833160362087,6.885960288592069,13.135444511924309,5.059288438509991,30
346.9285714285714,25.906485211621046,6.612963312080261,13.990648773163498,4.736336566889124,30
347.0,26.627808458394924,6.410645360363068,14.639217573554719,4.582728577018183,30
347.07142857142856,25.87359403652392,5.77314283380638,12.87546367806835,3.509645976252066,30
347.1428571428571,21.459541073910252,5.251891701481001,11.823347428581663,3.513105726356939,30
347.2142857142857,23.460019060978233,5.485495459657931,10.780565679459746,2.325877528439713,30
347.2857142857143,27.06309116508214,6.128625360794676,13.239110090325454,2.797142242575687,30
347.35714285714283,23.20892520720099,6.522109944011719,11.260750819421842,2.6596453051787514,30
347.4285714285714,21.324611831748662,5.834291476801812,10.601421463663188,2.286782361166787,30
347.5,19.544208787327694,4.7392937764004355,9.479601091622277,1.9684933719591162,30
347.57142857142856,20.271611377701586,4.524106058209118,9.013405471666642,1.8832604158897075,30
347.6428571428571,20.103373886324682,4.820630628118898,8.918760955093429,1.9391229951601663,30
347.7142857142857,22.561799148690007,5.46547317093559,9.577988638803566,2.002906213361034,30
347.7857142857143,21.441522783702204,5.66770432470231,9.550813756844638,2.285168010087296,30
347.85714285714283,19.898383138443815,5.707830568567306,8.474774373729305,2.0510450783343432,30
347.9285714285714,20.297536531097684,5.645269727851137,8.348964584096821,1.8844230564665054,30
348.0,24.495387591400053,5.385901089841381,10.61267096812305,2.1085044315499926,30
348.07142857142856,21.550183163968793,5.335101599178638,9.678457881932106,2.079324321270827,30
348.1428571428571,23.856914046374463,5.541419563996124,9.981430535176354,2.1094960628959436,30
348.2142857142857,24.384973318504173,5.601735086082896,10.749549992514707,2.2046602005331093,30
348.2857142857143,23.331799227678616,5.782003665066158,10.316979013579347,2.2957984070187742,30
348.35714285714283,22.269820568303253,6.119526503012188,9.634989891320092,2.5657416102978545,30
348.4285714285714,25.411175149485402,6.822219947805088,12.740027647831635,3.3092820006075576,30
348.5,24.115920738448857,7.133244044599717,10.082743309845112,2.5279026432406453,30
348.57142857142856,27.769234759744418,7.723741512508893,13.639325352015852,4.176520666590663,30
348.6428571428571,26.498974477758903,8.145851623039817,12.92571929119953,4.967666481552431,30
348.7142857142857,25.605627013482167,8.271137755656321,14.601575497519303,5.489496809797916,30
348.7857142857143,39.237216831738415,12.999801785750723,19.40306544568921,6.643508353252947,30
348.85714285714283,30.13884525381087,9.485773127233529,16.264721219242567,6.375584497787766,30
348.9285714285714,32.84372474334977,9.579598487725681,19.376767621101425,7.276332819385872,30
349.0,32.53465762225519,10.077317036238822,18.952268772324835,7.467754680086188,30
349.07142857142856,32.36065620215427,10.28643228112737,19.379787437089586,8.362325175246633,30
349.1428571428571,35.773162267294786,9.929679463869867,20.502758745818007,7.973995156197873,30
349.2142857142857,33.56615579959962,9.178233807614832,19.846848424674267,7.603869360192011,30
349.2857142857143,27.94574232646673,9.485777739037546,18.855008353601498,8.653254392857471,30
349.35714285714283,31.579716054476428,8.155692678713802,17.925531398685052,6.683472564853593,30
349.4285714285714,32.09307924204897,7.733858228599034,17.810041676024664,6.1405157750955714,30
349.5,30.31206092907762,7.174507103356951,16.309315747801325,5.442390693726116,30
349.57142857142856,29.428576960604214,6.815212638791141,15.12072257819551,4.769125294663159,30
349.6428571428571,27.64298260346758,6.468202866662187,13.402302979137911,3.854131979005635,30
349.7142857142857,26.00470417209906,6.86861654172901,11.987350767189335,3.1542055742927415,30
349.7857142857143,21.645281090764684,5.506386308945409,10.678433824684873,2.783374069963055,30
349.85714285714283,24.07351431832386,5.90707602317988,11.609904291252914,3.1157024805667866,30
349.9285714285714,24.86157421993726,6.608946301487563,11.459698999916043,3.3556876456700286,30
350.0,25.26853395733979,6.408120331918969,12.007073961982051,3.378710281150629,30
350.07142857142856,25.908747366635364,6.529524757438969,12.289230026758064,3.2050819509276507,30
350.1428571428571,25.142054226956013,6.892815696986274,11.34310270633009,3.253000574051905,30
350.2142857142857,27.291996242102407,6.890454296520773,13.25937175692123,3.5574117822699476,30
350.2857142857143,27.343963296222363,7.5091923617567184,12.796495866615672,4.415246822828146,30
350.35714285714283,28.67522360539385,8.078024157177891,13.946546848897041,4.905400997341813,30
350.4285714285714,27.96623860147261,7.482128199073146,14.623199888395483,4.825053760165078,30
350.5,28.25448102564492,7.813470712810632,15.23004332415229,4.751079199928221,30
350.57142857142856,25.23138954969365,7.588170025992497,12.025424626925664,4.221468971813524,30
350.6428571428571,25.112871313998248,7.5339343526579885,13.22899990571717,4.245646760068017,30
350.7142857142857,27.61578524459144,8.035017855329107,14.943208054976717,4.469029725808529,30
350.7857142857143,30.977047310807535,8.047562140028015,15.539851060203533,4.38882941789203,30
350.85714285714283,32.65714917453651,8.050293022648098,16.374099825544945,4.541040501914953,30
350.9285714285714,33.857003987711224,9.495279864909554,16.19224413735424,4.447374658023258,30
351.0,37.37700136102037,10.387969745198605,17.745919616500363,4.452313269113328,30
351.07142857142856,36.893820778030054,10.262890721691512,19.585047032945138,5.4534450943739,30
351.1428571428571,32.13653810913342,9.415469760092307,17.02179652808268,5.23229381693613,30
351.2142857142857,29.48114530288376,9.15929570259784,16.759303077796755,5.494441885236301,30
351.2857142857143,31.9671305331844,9.85234772953475,18.354428203861,5.932613783365887,30
351.35714285714283,30.58466582975983,8.967550860919019,17.79565428219529,5.829303223939163,30
351.4285714285714,32.63183841364061,8.308002394154304,16.023346808126195,4.204026384421136,30
351.5,25.392276273832554,6.951612080800465,13.962387090390958,4.19258032042418,30
351.57142857142856,25.110188593218677,6.697992593046114,13.894171608136572,4.100371368848886,30
351.6428571428571,22.15704716311456,5.330260024827996,12.256609523588551,3.355114903331093,30
351.7142857142857,19.27771632724735,4.429153488386402,9.515168051197499,2.475198120359503,30
351.7857142857143,16.308674066655644,3.972318336882692,7.523269450402451,1.7989414087140543,30
351.85714285714283,17.830160610216044,3.767092587456935,8.5438159730462,1.909888569331129,30
351.9285714285714,16.125319190863273,3.9908173270304075,8.545483224066738,2.217910667957439,30
352.0,21.513542473340493,4.990647181435732,10.222283621175855,2.4731526085700732,30
352.07142857142856,24.23510368848881,5.6759494428443755,13.91015201503002,3.6636923301253406,30
352.1428571428571,26.455987683713776,6.553933690582841,13.086885834994018,3.7131291433755744,30
352.2142857142857,28.151298812774233,7.3747762786051645,14.058007531840062,4.090972603127932,30
352.2857142857143,30.270041601610043,9.242593823181464,15.607206619153724,5.609355194330321,30
352.35714285714283,37.03393151405457,9.669761666202302,17.827222595022818,5.40727607880653,30
352.4285714285714,39.07304110899963,9.269535495192304,17.96495286894655,4.999413128197283,30
352.5,39.7821372693367,9.579038488086862,18.299614723852702,5.471163880374957,30
352.57142857142856,40.72783972908744,9.97280598201934,18.50316202648122,5.547493079795576,30
352.6428571428571,39.94010366861153,9.983069007790151,18.54648141029012,5.384996798861872,30
352.7142857142857,38.0807789117415,9.592653683070909,17.809907805574454,5.508620351371845,30
352.7857142857143,36.90796411259768,9.501565973717502,16.775540966600136,5.404312300203816,30
352.85714285714283,38.03738999624337,9.829437946507575,17.897956383182063,5.724186068332417,30
352.9285714285714,32.527203811253415,9.393118810964602,16.581656844951265,5.60337833328545,30
353.0,33.77013767607167,9.684960642113944,15.60021558882572,5.557328744559907,30
353.07142857142856,35.128601329947074,9.914512583259702,18.55093925367757,6.387683371589596,30
353.1428571428571,36.61391722617997,9.888516968047032,18.4980030936544,6.4066001348502315,30
353.2142857142857,38.24132911287296,9.428193246561221,18.103558060797965,5.626644347629278,30
353.2857142857143,37.23615729279545,9.049039830525661,17.615883389523315,4.778105946786789,30
353.35714285714283,36.627439527632006,8.774822249727652,17.479333969180445,4.592464189067578,30
353.4285714285714,34.51486045355555,8.903601436926754,16.060728669854043,4.391322777294349,30
353.5,35.157052049866266,8.80216442143497,15.6705269875879,4.1488615101354505,30
353.57142857142856,36.51468851318154,8.659044783832707,19.030913097322514,4.769462802781284,30
353.6428571428571,34.36805398485235,9.0199125285626,15.171518352382087,4.43834854447159,30
353.7142857142857,34.08015265650854,9.022374531121926,18.097504877815876,5.135658029596188,30
353.7857142857143,34.14224831783286,9.06384946064187,19.774229063185153,6.010236264499198,30
353.85714285714283,32.58141049244351,9.207801339374718,18.921567637396304,5.9344652558580915,30
353.9285714285714,32.86030495948193,8.686140730665334,19.108635924337495,5.77641668032765,30
354.0,36.18655932539881,10.44057618052578,18.01084538026363,6.678506404784731,30
354.07142857142856,32.806351477328306,9.242794777978393,18.539164779037986,6.329514815270909,30
354.1428571428571,32.26436025609739,9.279959767155617,17.530186685500663,6.194126887992946,30
354.2142857142857,30.796367953402466,10.24778135172917,16.58632884696594,6.69372658147299,30
354.2857142857143,29.420327936710216,10.15223619905271,15.362128519226696,6.53515518509675,30
354.35714285714283,29.09097667729158,8.847771332843028,18.27278767049666,6.227272982009856,30
354.4285714285714,26.862970841348353,8.55480302082706,16.354080735168594,5.419217766836588,30
354.5,26.550351606014917,8.820390673140638,15.889243054259875,5.399839659078819,30
354.57142857142856,26.52194930730081,8.98711570032293,14.327792057678503,4.796405096854101,30
354.6428571428571,27.99149488182956,8.955246321920413,15.04779810502038,4.744306926271059,30
354.7142857142857,25.97872263137738,9.142169292947829,13.055248715868657,4.521430167425269,30
354.7857142857143,26.734245011134643,8.488827398752035,14.4118455513003,4.886984684914353,30
354.85714285714283,26.32473545730445,8.26161372877831,10.845624104567605,3.4596750963122886,30
354.9285714285714,24.30398403356873,7.898087003168962,10.524168414498055,3.311820188201762,30
355.0,26.24095759096605,7.944740459259608,10.192060234511926,2.9221220851345677,30
355.07142857142856,25.71206562504803,8.288826313431155,10.245659867198276,2.9428564390118996,30
355.1428571428571,24.773462961007166,7.864001050152871,10.871851175032656,2.92805239200945,30
355.2142857142857,25.282616475377633,8.72406858958801,11.15839420375511,3.2985444551450316,30
355.2857142857143,25.059750384037727,8.190581077118347,10.412685045544047,3.077786926637008,30
355.35714285714283,26.923464617385505,8.835595458487003,11.764727527263739,3.4180978874067445,30
355.4285714285714,27.39667957849431,7.836768752776943,13.81159481086769,3.471553295000299,30
355.5,25.32651157134857,7.93994940759945,12.58274857609097,3.2745744354940247,30
355.57142857142856,24.68328138151187,8.276362355715996,10.610803661505429,2.7158242383276496,30
355.6428571428571,23.81474266738363,7.613110659120678,9.68224587912299,2.471407296503104,30
355.7142857142857,24.75254656001474,7.554321137918902,10.072680303813597,2.5223597043936485,30
355.7857142857143,25.742300001818293,7.321981629257794,11.197150046143687,2.7389920991676733,30
355.85714285714283,23.642692543520578,7.614085434269458,10.827498073118175,3.000140571892612,30
355.9285714285714,17.06142814110107,5.308911429393682,8.241974412401856,2.37466637114997,30
356.0,22.521916447128433,6.126325544215697,10.669234971854458,2.690165301126201,30
356.07142857142856,22.514834390727167,5.9527660418745665,13.13508634896971,3.583935086148158,30
356.1428571428571,19.527145364805317,5.388822576142143,10.13925666865009,3.2586115312743495,30
356.2142857142857,20.061993501813816,5.328132934700909,10.95592855332215,3.6113879021876847,30
356.2857142857143,21.05068084039986,5.8863430739086064,12.679066034071171,4.379234023489916,30
356.35714285714283,21.017874345709313,5.511144524204312,13.38294810493153,4.688110915371281,30
356.4285714285714,27.29887691019144,8.027633399234977,16.839665075811034,6.1333544487049085,30
356.5,25.400896205100956,7.745467663316236,15.856581928281093,6.133214898548753,30
356.57142857142856,25.704314064370337,7.62268817149575,15.129515799169623,5.63456865348462,30
356.6428571428571,23.504476932753853,7.994352575611818,13.41273822331543,5.680962200229342,30
356.7142857142857,25.486316774784523,8.423627415006461,14.756877059028715,6.435568288833983,30
356.7857142857143,22.95947787977045,6.898273867761674,11.944816944439854,5.186379096460993,30
356.85714285714283,21.54217902538292,7.20757849475508,11.505720428566926,5.533299497551647,30
356.9285714285714,21.951733857027126,6.24879078258215,11.65734545774825,4.602569656588815,30
357.0,18.232153437672547,5.532934993891946,10.623836756238832,4.556516409648029,30
357.07142857142856,18.847178055654904,5.397273007168764,10.725220642715609,4.155493953305823,30
357.1428571428571,16.14645983666096,4.796205522830324,7.867309574337851,1.8999692873461673,30
357.2142857142857,21.482195921773066,6.195958093554998,10.493609868807264,3.721910780383076,30
357.2857142857143,20.957806304423737,6.265835145556724,11.357422708269587,3.44887690838688,30
357.35714285714283,20.965097829581197,6.041387838131004,11.449110262557102,3.427613041376224,30
357.4285714285714,20.21773899774954,5.823575139270162,10.456300419293788,3.0075195829732975,30
357.5,22.447035351908895,6.664946053200285,11.051681821603564,2.9450513058212366,30
357.57142857142856,21.7646181552957,6.077632245333307,11.490778321364784,2.9580504894895174,30
357.6428571428571,24.624145848463385,6.906541049870352,10.654909315799916,2.675620255357815,30
357.7142857142857,25.64211682378808,7.0221977476507735,11.082583069611038,2.8479280496552692,30
357.7857142857143,24.58042326832211,6.922600116576065,10.618144934002398,3.018371762576955,30
357.85714285714283,27.2560816686239,6.925588620035137,15.026728812475119,4.338979500745175,30
357.9285714285714,26.568987839178224,7.118332981270128,14.83030293595319,4.573676687578731,30
358.0,27.008625986342388,7.0373606270195115,15.211349166715046,4.656395747321454,30
358.07142857142856,19.539429589802143,5.415265944993173,10.552789260000408,4.093857168961255,30
358.1428571428571,21.06878294744876,6.677436276867876,13.246088814215227,4.880002748573573,30
358.2142857142857,25.67357108530172,7.070709882757037,17.187986207516268,6.30221381273551,30
358.2857142857143,28.332798406499954,8.284521894592258,15.563027250736509,5.64249444279368,30
358.35714285714283,27.40171591544287,8.345540488231423,14.42287105701867,5.594511018379989,30
358.4285714285714,29.131476325470107,9.336330248471326,15.744444048404965,6.392651777397433,30
358.5,25.959723242740218,8.771671702640909,14.344169520694892,6.198515725886702,30
358.57142857142856,19.83495497184288,6.413852681975092,7.729592392146603,2.1788410686972393,30
358.6428571428571,26.307778033243963,8.648204613597725,15.391010611929069,6.35206757410683,30
358.7142857142857,23.895661030303163,7.838012323980321,14.824713347156372,6.178459824813302,30
358.7857142857143,24.445662231880867,6.951391714163256,15.624827474061554,5.922722152298667,30
358.85714285714283,24.16728657571175,6.640588439476876,15.08568362944096,5.446430104397798,30
358.9285714285714,23.20789824295887,6.807867756500208,15.563737829273167,6.378482880551732,30
359.0,24.00304547728859,5.981291627283389,15.529046423022177,5.692827832025234,30
359.07142857142856,17.904182423513543,5.255961067755806,13.260274584337706,5.807085951745414,30
359.1428571428571,24.164333608518795,5.904905004365781,14.48879878500333,5.3665207740787215,30
359.2142857142857,19.912000998565226,5.12273916734535,13.997862255615049,6.042292541368981,30
359.2857142857143,19.921814193822506,4.743736378077812,13.732442706281681,5.553675583217337,30
359.35714285714283,18.293073912296087,4.585244039618603,13.209240701693862,5.66990393262718,30
359.4285714285714,20.06750674056161,4.81245009358747,14.00397590066131,5.506987965496556,30
359.5,18.752552527814974,5.729149801326707,14.04211491117368,6.4263940945623155,30
359.57142857142856,20.097022357926065,5.775810976179758,14.613313153591708,6.545344865316547,30
359.6428571428571,19.90184399660726,6.257829968552023,15.296997248516856,6.96404283456423,30
359.7142857142857,24.211752784215832,6.571185604893549,16.082580523360374,6.394746089147806,30
359.7857142857143,24.146755134121346,7.267225983951016,15.311370489292857,5.990798002463812,30
359.85714285714283,23.946870553260037,7.5551223906082585,12.538222855352139,5.4993451226244385,30
359.9285714285714,23.075029301991336,8.246116221969498,12.872709276071916,5.660076690992339,30
360.0,27.489996330864788,8.89017560760129,14.212605342104268,5.709898078336028,30
360.07142857142856,25.876391927991843,9.402094874460989,13.869262872964836,5.777805327872956,30
360.1428571428571,27.81334855736548,10.213142570443994,15.074460370809172,6.023181338165146,30
360.2142857142857,27.129002079505653,9.960506455466586,15.108793286178203,5.791213716693138,30
360.2857142857143,30.79425416435413,10.260808824642481,16.12465898082385,5.590318433322062,30
360.3571428571428,29.711291611435612,9.970255829128698,15.257775179821069,4.928307669671769,30
360.4285714285714,29.583491124504324,9.385337925665638,15.181935141180466,4.515273906880648,30
360.5,27.293248646104413,9.523288143070753,13.458451944680101,4.4807635628785185,30
360.57142857142856,28.624502498898696,9.35334524767422,14.34466305289363,4.493309389759333,30
360.6428571428571,28.042558529088623,9.230274790127991,14.046056123615895,4.3453336450720155,30
360.7142857142857,27.89175411610906,9.487895819427676,12.98425843155882,3.99493242196375,30
360.7857142857143,25.346103228436924,8.89902767616451,11.417673300991598,3.533338597944783,30
360.8571428571428,27.1905710335017,8.883076587202797,11.113743963309657,3.018233497284051,30
360.9285714285714,25.06789311797007,8.050799478922848,10.286829534566152,2.773659946564307,30
361.0,24.893016781663523,7.40887532428794,10.758517841881364,2.670024425158108,30
361.07142857142856,24.710589537267747,7.977748926317444,10.750095986721037,3.487548787690589,30
361.1428571428571,22.425044688323027,7.028824057423791,10.21600659586287,2.9314321463724387,30
361.2142857142857,23.821166845035876,6.450385926292879,11.528429631744492,3.295948870084992,30
361.2857142857143,23.314971443535722,6.538781766180446,11.178243248672716,3.474106711495621,30
361.3571428571428,21.077093850725934,6.474468905412342,10.067208962429842,3.299324570558495,30
361.4285714285714,27.16785415396106,8.610248565831323,12.430796443063048,3.6213481583106404,30
361.5,18.909756005459545,5.385128122023005,9.941460305945867,3.4802456560190747,30
361.57142857142856,14.910932283856736,4.649839747154838,6.961144677951532,1.812406813186376,30
361.6428571428571,20.74604691761215,6.697917213031178,9.616289746822225,3.2011930229280714,30
361.7142857142857,19.51147981126576,6.336860271665723,10.054646544816567,3.320091617379048,30
361.7857142857143,19.726249120848156,6.508094286589425,9.444893151463198,3.310662221673987,30
361.8571428571428,21.20152167644353,5.519924300098626,10.50800766454116,3.082849768631271,30
361.9285714285714,17.305120500627847,4.698153967753183,9.748745641103826,3.1787005553977226,30
362.0,20.11131286324745,5.573852578669233,10.13032404338892,3.0860182983089532,30
362.07142857142856,20.01839791970012,5.247799104774066,10.405558500274847,3.1456335202741412,30
362.1428571428571,19.50409593383399,5.432656530255044,10.449294075789984,3.4794998570167777,30
362.2142857142857,17.608826756326856,5.592133030703304,8.508421772947164,2.7010834590352832,30
362.2857142857143,21.782601599072656,5.912277240096911,11.100522687855813,3.1522841288862398,30
362.3571428571428,19.388400113740236,5.409694556478111,10.59056088059623,3.4789066687861916,30
362.4285714285714,18.1461456593412,5.035419794706375,10.269475484531199,3.4066540573806536,30
362.5,20.091754878828233,5.243589659209941,10.816208969561558,3.470220387445331,30
362.57142857142856,21.16904781741564,5.981479234255174,11.038864886596848,3.7235472484800423,30
362.6428571428571,19.431510012551907,4.577502460285723,9.660802659727244,2.5920463575329165,30
362.7142857142857,19.857819339903898,4.5046648608984095,10.018334112921734,2.5893277407448037,30
362.7857142857143,20.71892439644432,4.489158878232056,10.683270017430587,2.870101974565027,30
362.8571428571428,20.61382709643508,3.5499497072108523,11.704522320602718,3.2431096875148504,30
362.9285714285714,16.155561013609336,3.3613865408212145,9.457598410603627,2.427105595337349,30
363.0,19.442035697193113,5.893539429862412,9.337753197383375,2.7626632298701552,30
363.07142857142856,15.988880317485512,3.542554585530334,9.609986104181784,2.8244864784656336,30
363.1428571428571,25.54346033642805,6.833680021917552,10.402008743928526,2.498061625410292,30
363.2142857142857,22.510427356868995,7.044042059870011,10.818273964715429,3.4567059631086767,30
363.2857142857143,19.909790275927396,6.269768847706988,9.861744647398181,3.5423506102777766,30
363.3571428571428,25.865191840936745,8.166047263165948,12.730500029455955,3.9500652216933068,30
363.4285714285714,27.31960942730413,8.511843001595818,13.037566542786713,4.091832895102489,30
363.5,34.511219076729105,11.558765858382644,14.645606160101057,4.724961654346178,30
363.57142857142856,25.160322666232815,6.282958894591412,11.93964861011585,3.0876594202423724,30
363.6428571428571,32.612488117013605,11.098070908658311,13.83207158265936,4.41827000434898,30
363.7142857142857,33.69809868951242,11.50101740494067,13.922063410606988,3.9778940819180795,30
363.7857142857143,30.96842468721331,8.669894550374252,14.056006453384892,4.044910484151637,30
363.8571428571428,31.094372124282128,8.720153261923038,13.033901840971021,3.3137266473978957,30
363.9285714285714,28.566109669603232,8.844661865096839,12.547614778734319,3.769856969241716,30
364.0,29.665764405471695,8.682945562835778,12.852917681091638,3.415034411831253,30
364.07142857142856,31.442353269673486,8.998298947413849,13.822180528821763,3.569897760464831,30
364.1428571428571,27.734385512841268,7.188245465037141,14.435422957938416,5.082386270089933,30
364.2142857142857,24.57388429937639,6.934268878165995,11.146855585640008,3.42318206191182,30
364.2857142857143,21.06385845073343,6.7310599866634915,10.83981137436956,3.378354834961887,30
364.3571428571428,20.84837199424715,6.56209702961324,10.265013623190912,3.3410506622166163,30
364.4285714285714,21.016199791665024,7.158079497475836,10.340225986486368,3.497504307833869,30
364.5,23.683964627479664,7.083915120898851,10.475784403723194,3.3814442859030107,30
364.57142857142856,22.39702142452906,7.0408753293665525,10.232018222928387,3.313637799305022,30
364.6428571428571,19.857905590943954,6.584828152702948,8.878797375885378,3.02633074390341,30
364.7142857142857,20.206425901122046,6.221148810741321,9.107797612330419,2.8654130427016864,30
364.7857142857143,18.942986226384114,5.807749507750925,8.876561774648204,2.9585552801441866,30
364.8571428571428,18.020828916113924,5.29459791596393,8.310503986561027,2.389642945711587,30
364.9285714285714,16.68515832015565,4.815704130718919,7.998068896958535,2.3130340837742454,30
365.0,17.35062358357113,4.595982750290091,8.558818468828523,2.3239838045126096,30
365.07142857142856,22.1795793988108,7.959270826067787,13.206207801452328,6.250864633369267,30
365.1428571428571,32.85391405616284,13.139229110123878,15.955232788850012,7.163388529990229,30
365.2142857142857,21.224226949280272,7.962251790944478,13.225987500278473,6.611085104098826,30
365.2857142857143,15.296232165965533,3.968463797678339,7.435724013464766,1.741056038233812,30
365.3571428571428,20.724271396250415,7.5874382940742775,13.654901905107852,6.502096890517159,30
365.4285714285714,20.632881651828864,7.480314764771581,14.02919386773493,6.432791933836724,30
365.5,29.656415377805,12.030242445113434,17.213560856829826,7.311170826232174,30
365.57142857142856,24.321726336534876,8.296064201736405,16.067803202979142,7.209029796136738,30
365.6428571428571,22.160523098449662,8.127854857479518,14.31828833952655,7.049086513875028,30
365.71428571428567,21.555685775588703,7.884956123534074,14.839024887384275,7.193430912967207,30
365.7857142857143,21.962058590000535,7.673877997216566,16.201491189568642,7.115168374341034,30
365.8571428571428,23.47337763629356,8.016052631715302,16.67451693722598,7.109427743847458,30
365.9285714285714,17.215212165862983,4.170001951719393,11.583109405313037,4.058572570509489,30
366.0,20.14183068409144,5.322653441574628,12.298337805100125,4.023881121190229,30
366.07142857142856,21.865302291972384,4.8717289181056165,12.970954699648289,3.9284058600801157,30
366.1428571428571,19.52384883456283,4.4506434817404905,12.333333531377813,4.2100308931587715,30
366.21428571428567,19.373587094479525,4.6489348735118075,11.67517249261756,3.845756268808576,30
366.2857142857143,20.129188816718347,5.026137421479691,12.830922258149277,4.515869701845934,30
366.3571428571428,17.760147141541037,4.868494487191563,8.615105731087835,2.9537198017356205,30
366.4285714285714,18.28335035369552,4.644585631918461,11.61828071699769,3.808953601523478,30
366.5,18.547873956117137,4.7662102348767155,11.64697563169683,3.9406070074709065,30
366.57142857142856,18.749550945542968,4.654727654183289,11.585636428338612,3.719620795219202,30
366.6428571428571,18.392424845253718,4.596675165336446,11.416477603007962,3.837023460262298,30
366.71428571428567,18.747360679840416,4.4540603088694715,11.573104012073454,3.7051040933693447,30
366.7857142857143,17.33174544763984,4.554710963285862,10.735088136971669,3.907981175408486,30
366.8571428571428,17.604542894928105,4.898705934297146,10.804522403149212,3.9703254522665845,30
366.9285714285714,17.41240120719864,5.005950316499781,10.682827113557156,4.163695805815549,30
367.0,18.751836070657866,5.098826304116583,11.249224420150503,4.193003924943605,30
367.07142857142856,18.221199583655107,5.028634026433496,10.829393322932784,4.199871406403721,30
367.1428571428571,25.849704966468504,9.42696842397006,16.40345936494464,6.974802078000487,30
367.21428571428567,18.675399256136213,4.207413765978454,10.477279507577984,3.483920435105589,30
367.2857142857143,25.085283678384307,8.254422523691012,15.811973686970891,5.975276957532898,30
367.3571428571428,24.782832086374476,7.763955544615584,15.390282449305543,5.6333119793095525,30
367.4285714285714,16.374912636918587,3.8205750857467473,9.142561098178902,2.724618870735134,30
367.5,21.43358235201218,7.160283238597955,13.334941206644817,5.1876613190702665,30
367.57142857142856,25.428445947821576,10.148829629629702,15.617038819672597,7.2136065115827455,30
367.6428571428571,24.27640776172666,10.194276422743505,15.399033973029292,7.328376240767538,30
367.71428571428567,14.891778368401173,3.7243889530710925,9.09493625337162,3.074977262625953,30
367.7857142857143,23.410978529295296,9.964023276739614,15.394387988274934,7.266696747551984,30
367.8571428571428,23.084205357473284,9.769528340886433,14.914972504008237,7.1103197001082075,30
367.9285714285714,22.11822884800615,9.811264643926918,13.717641384551412,7.011918216856124,30
368.0,12.834491904396645,2.679600893751962,7.3469020945582475,1.8715051287308107,30
368.07142857142856,14.317941310116163,3.486943172998388,8.637990287712755,2.44888966810369,30
368.1428571428571,13.488411325000039,3.810960379816466,8.99293479049275,2.6701731614275395,30
368.21428571428567,12.822023888372453,3.5572962354978888,6.756288369812337,1.7476052398643713,30
368.2857142857143,13.010792240133597,4.304524547742724,6.881021091880583,1.937090236256705,30
368.3571428571428,15.106443634950443,4.531407056285309,7.438224573812114,1.8107446809211905,30
368.4285714285714,16.888410841846824,5.144812424712726,8.778728936596485,2.4210729952365155,30
368.5,16.054603246169016,5.2800408345505545,7.944737479171731,2.231478381723645,30
368.57142857142856,17.593301593322582,5.343555916214062,7.825033167712166,1.9212820986926822,30
368.6428571428571,19.567865310801167,5.1232976082182144,9.12258876051415,1.9663401549283563,30
368.71428571428567,18.099494987166842,5.342542226560764,7.955147463329548,2.279083387555788,30
368.7857142857143,17.571671775107117,5.3220785857038,8.881448375457463,2.636627663416935,30
368.8571428571428,23.929252410919112,6.988562209764782,13.767460351191389,4.5657638196718295,30
368.9285714285714,24.352847373070453,7.6105457188022845,14.345944158734905,5.273631763327322,30
369.0,24.59874101929164,7.957984973921255,15.131882713345686,5.828256619494797,30
369.07142857142856,23.77107544329011,7.94733441310838,15.387734071316261,5.96123276140906,30
369.1428571428571,24.707937940740806,8.02067187041898,16.00049577952785,6.012754610382427,30
369.21428571428567,23.857832060190887,8.291182914411944,15.329100478785378,6.024439940116954,30
369.2857142857143,25.938188743212134,8.775545027705189,15.809571271431071,6.271755675141104,30
369.3571428571428,23.398467672576974,7.447465115376939,13.819067749417583,5.14511281227427,30
369.4285714285714,24.914313475085628,7.06515927252185,14.596140354687103,4.938799157755435,30
369.5,25.813754171546055,7.063021860899886,15.164289776450973,4.859655006624864,30
369.57142857142856,23.646684272637533,6.38033564874013,13.944756403223892,4.228914406501251,30
369.6428571428571,23.096590196889927,6.427749144317192,13.385223632825266,4.189323535146845,30
369.71428571428567,23.099550682983335,6.2044799027498385,13.666683935787294,4.177057276561981,30
369.7857142857143,24.043007262672162,6.41167039556057,13.837056658886722,4.060566314129223,30
369.8571428571428,18.376652218392817,4.668439139694068,9.610491874664062,2.7343364522630837,30
369.9285714285714,18.10566732602654,4.295148512787188,9.530737971185768,2.6503493877556474,30
370.0,17.925159508827306,4.447277979693001,9.041691123708294,2.494601147679337,30
370.07142857142856,18.848467018881063,4.376458743105177,9.866416962408506,2.57166545876686,30
370.1428571428571,15.843366521706756,4.443017117371017,8.129083789230634,2.5206269590567585,30
370.21428571428567,19.212949760611068,4.555714443125109,9.634473735759157,2.386654266686785,30
370.2857142857143,17.657140560408326,4.705526781977783,9.646108920113376,2.6977666297682643,30
370.3571428571428,16.704654201537355,4.831100531376722,8.659054450346618,2.89768907900608,30
370.4285714285714,19.426109749811314,4.783659137577701,10.333793975421427,2.683731509842556,30
370.5,17.837872976054996,4.943228511309872,9.229972740906987,2.6380672786285166,30
370.57142857142856,19.526248528650854,5.204561392174528,9.191473969851714,2.1492141018057644,30
370.6428571428571,19.439594899394354,5.200737919204236,9.14494300431958,2.18994795656214,30
370.71428571428567,17.06931993652921,4.907050734978687,7.964803536992434,1.7835062607845942,30
370.7857142857143,17.234941841346966,5.003076356914167,8.210325990284295,2.0584834720100136,30
370.8571428571428,17.380561748658135,5.028658274855501,8.146974957836399,2.0249005461075424,30
370.9285714285714,17.941911012533378,4.744082535872693,9.004645284839642,2.1125867641386735,30
371.0,18.86675111605796,4.901416556870901,9.859921505531865,2.562695723756248,30
371.07142857142856,18.28028636202031,4.86758122343653,10.077133172238536,2.8911503940286423,30
371.1428571428571,18.185722911775418,5.064077780809518,10.163977078120341,3.195565785527988,30
371.21428571428567,19.996867053061273,5.314358683465871,11.289676978264415,3.45814572662864,30
371.2857142857143,17.45608517120335,5.280962334751655,11.027723780259008,4.288061415495075,30
371.3571428571428,18.802574180709943,5.075197923348663,8.379084481078158,2.5550522306838728,30
371.4285714285714,16.458015751449015,4.115967287852546,11.176893676051044,3.950097806766807,30
371.5,19.04826164925529,4.46825026639233,11.921767667561069,3.440186597558855,30
371.57142857142856,15.634002253075268,4.170987886584955,10.070968995456687,3.035766149400502,30
371.6428571428571,16.806630031480367,4.260642545217631,10.118379318453796,3.191392683269686,30
371.71428571428567,18.945532677023202,4.768542557675708,11.392809181653135,3.136243896965278,30
371.7857142857143,18.68010269678542,4.475767393444238,11.515539434188522,2.970473460873333,30
371.8571428571428,16.059951013834063,4.050065781965483,9.270018459046131,2.7987014261104863,30
371.9285714285714,17.562034292178467,4.119273239165342,10.002138853813687,2.4404390139280707,30
372.0,14.638846347354033,4.116209259920658,7.962919740857035,2.4448005197036657,30
372.07142857142856,15.50760645828027,4.153784191183605,7.715122115727592,1.98067904444635,30
372.1428571428571,14.035340827439827,4.117382483295382,6.9288007942039895,1.9109919863849578,30
372.21428571428567,14.879437697801302,4.145432453607894,7.599152751255814,1.8807159392154496,30
372.2857142857143,15.309632558565465,4.458320816639682,7.444248538366363,1.833345083164644,30
372.3571428571428,17.922310841977517,4.587783970884786,12.467003521367417,4.548645217958815,30
372.4285714285714,17.474444490741288,4.602116198566672,8.312924517590275,2.0945685890060473,30
372.5,16.857606886520436,4.561658753389026,11.231230910344395,4.006114427667796,30
372.57142857142856,17.196705029422585,4.340623689251961,11.72216673305873,3.876652405071866,30
372.6428571428571,17.740304410356362,4.255137204488813,12.23107533681388,3.754762659074899,30
372.71428571428567,16.85158255696574,4.243203261308889,10.467225915496048,3.1207023166891856,30
372.7857142857143,17.379000700556464,4.069560575723977,12.414688304890012,3.783002078560556,30
372.8571428571428,13.907216017587851,3.858098782299106,8.174822500030192,2.538536802647918,30
372.9285714285714,19.68026516736456,5.897004037143341,10.212625884478552,2.8427361460251372,30
373.0,18.168070935608124,5.468253382512107,9.481958431246852,2.7936741478161284,30
373.07142857142856,19.817166243915946,5.481977153263788,10.65648854980577,2.8558680463783856,30
373.1428571428571,18.361977386685044,4.791841414144551,11.197524838239874,3.321936201289521,30
373.21428571428567,17.440466562243927,4.66846830393213,9.818377232432471,3.0110169137840455,30
373.2857142857143,17.212715775871285,4.1352444177976375,12.467047095055033,4.31945270878575,30
373.3571428571428,16.883646710585065,4.233508103355879,11.101444458330887,3.6042730164510908,30
373.4285714285714,14.550716590058977,4.2129212600581925,8.2851785110312,2.619271018430644,30
373.5,17.2706416675022,3.7077706589801362,9.519074698720695,2.4963500518415516,30
373.57142857142856,15.114137068887855,3.8775144721020696,8.085422005151143,2.7921646334868275,30
373.6428571428571,14.272694633194915,4.224155602438557,5.649732586966758,1.47868871018451,30
373.71428571428567,13.676614105686108,3.6809156337744073,9.922954813911097,4.781105451793,30
373.7857142857143,16.105539063950985,4.344366142537119,13.932396302564854,5.894991854276372,30
373.8571428571428,16.533501389873063,4.063512700211008,12.670065840628698,4.90845374870655,30
373.9285714285714,19.777591415001524,5.046859243854825,15.396940356881277,5.85837086318881,30
374.0,20.108182816237964,5.064582379251768,12.591040007066045,5.03651319499179,30
374.07142857142856,19.509983771221613,4.452431009822626,16.02959461983834,5.688637717808573,30
374.1428571428571,18.14356425006416,4.530250261804436,15.069514323131518,5.873186398052604,30
374.21428571428567,18.564634026564356,4.279709927541906,16.611621067023506,6.314034004110444,30
374.2857142857143,15.899841488819767,4.0139618889516155,11.756458619558927,5.156585316126246,30
374.3571428571428,15.414202717794739,3.7802221518270045,13.176983924567804,5.392079968279505,30
374.4285714285714,15.27147059748166,3.3601190765087035,12.859272462055214,5.192451638018999,30
374.5,13.576786924245484,2.748792047327091,6.3410695530576655,1.2428284822400986,30
374.57142857142856,13.145105361340763,2.61417934811918,12.531670803182246,5.319736511579972,30
374.6428571428571,12.67721010235971,2.1705208693114324,9.253330909767948,4.029554615407476,30
374.71428571428567,13.633166317339247,2.594237266653352,10.824811791772287,4.283223279012323,30
374.7857142857143,13.878429857144779,2.7924828261033516,11.611964785616586,4.528425408283901,30
374.8571428571428,13.36987645161484,3.154752058979386,9.59197338497687,3.341135855592995,30
374.9285714285714,15.77699872238141,3.7384173786887662,11.374508318611445,3.9182739202643,30
375.0,17.971102276128665,3.9499105523142943,14.306636143447932,4.472667651677537,30
375.07142857142856,17.36129373956516,4.61720680610063,10.184605631141023,3.703542605953133,30
375.1428571428571,17.841049207612137,5.07189176359169,10.98362261624035,4.127576138090359,30
375.21428571428567,19.58846977651431,4.938275909630477,13.192379585166005,4.19924729249107,30
375.2857142857143,19.102188877130125,5.063602558196945,10.02119328049072,3.0391317910065356,30
375.3571428571428,20.85470546884471,5.6739785110702305,10.619147955340507,3.146815805968351,30
375.4285714285714,19.704486777588446,5.436171027130913,12.510798431361684,4.0255776260735745,30
375.5,21.852300448632445,5.567307196474517,14.16774504639056,4.441154887606503,30
375.57142857142856,23.623645949519616,6.324748565330616,12.885897615868556,3.4409885350980662,30
375.6428571428571,24.58541742887889,6.587727738433923,11.968995365609182,3.3622425993084866,30
375.71428571428567,24.116167109611347,6.356917487897783,12.337471485903707,3.0288352648555272,30
375.7857142857143,24.171294307805216,6.389183373772527,12.072464616607306,3.020748903174257,30
375.8571428571428,23.71466508237366,6.09692593730315,12.098505392299717,2.9673774394752956,30
375.9285714285714,22.57005168092899,5.667835309119378,11.152118420052302,2.7278204733903086,30
376.0,23.675536069865515,5.779009293145136,13.619977057303029,3.1669418874380835,30
376.07142857142856,22.364954447731318,6.320685672522329,11.188071602005888,3.391978077033657,30
376.1428571428571,22.797089185638885,6.49861462290272,11.987833828151087,3.8758117015050435,30
376.21428571428567,22.40655160567143,6.060863567129735,11.741482085313637,3.4269740556059274,30
376.2857142857143,23.12009952009866,6.014947334246561,15.297184027624843,5.194045022709931,30
376.3571428571428,27.226571424805243,6.282113623995317,15.984993552853123,4.120940528406878,30
376.4285714285714,24.206107828942784,6.333281051966083,14.234476184509312,4.472872807784172,30
376.5,25.72804715235682,6.444479697711525,16.8783594308392,4.900399994891586,30
376.57142857142856,26.56804468920034,6.279726170120882,16.711057917066654,4.837106891541486,30
376.6428571428571,25.500136574551725,6.759678459089403,16.374237640882185,4.8971075470419025,30
376.71428571428567,25.347767286249223,6.665056662555692,16.37858228413718,4.803701712575165,30
376.7857142857143,21.071751003679893,5.84618139373402,12.449162701537885,3.9928339275786877,30
376.8571428571428,20.451466730936684,5.7355532271019465,11.191177712464711,3.106732688902492,30
376.9285714285714,17.17713601811518,4.288588586172847,12.398385331920377,4.113694152770059,30
377.0,17.690021570147966,5.239310638449652,8.940221891933337,2.5045548450358757,30
377.07142857142856,17.55433500043224,4.499108949813335,12.483902768003352,4.177920130207108,30
377.1428571428571,20.566892252117732,5.2639615626153065,11.005757403464159,3.146904754705482,30
377.21428571428567,19.56191026795832,5.250305951828003,11.144138128300675,3.691696536334617,30
377.2857142857143,20.000037674518122,5.911525154249271,14.088431489791278,5.242998697328219,30
377.3571428571428,19.792241441087146,5.938231066584194,12.177613472649773,4.7744966624663,30
377.4285714285714,19.639409212957617,6.97651638588452,12.973525023480171,5.550039992609497,30
377.5,19.57237800056907,7.188069181357924,17.653151880098587,7.284845080421669,30
377.57142857142856,22.261821934497945,7.706918860327087,16.956391507235125,7.2009124175381345,30
377.6428571428571,21.951165872886122,7.912361060676483,17.220725082669958,7.56427796584876,30
377.71428571428567,19.921200474753068,7.9710432200769095,17.583115116179062,8.021232008655577,30
377.7857142857143,22.84600334687037,8.328534408484925,19.389095432861055,8.342799528807541,30
377.8571428571428,20.0758553422141,8.301590754859282,16.236276046643614,8.181217045820727,30
377.9285714285714,22.988270564977892,7.839888584838462,20.393969739962674,8.510938183650032,30
378.0,20.18965603156064,7.509400440442637,11.879373756095465,5.459078929538571,30
378.07142857142856,23.24013256272308,6.7573326108430924,19.784451311599998,8.23580276242137,30
378.1428571428571,26.88474829376579,6.9809482362046555,18.83547738142405,8.10838879570958,30
378.21428571428567,21.934445356426064,6.324163451757074,15.518646783596564,6.232591347532196,30
378.2857142857143,25.134553957543705,6.232409063818834,17.04354818745868,6.6138277290983405,30
378.3571428571428,24.576103845556595,6.0405364014389145,15.374672128549824,5.47624888760576,30
378.4285714285714,23.619592094966258,5.963871780773114,14.458752723450717,4.862597630332666,30
378.5,25.5816732458381,6.205668316464821,15.30712351638308,4.7467010406643935,30
378.57142857142856,25.116363346806555,6.601007217538464,15.639066271297043,4.936181497483053,30
378.6428571428571,26.474862001901506,7.0705646062083485,16.330160293194194,5.361042177113852,30
378.71428571428567,26.473287367235056,7.272928364545755,15.99350572304295,5.425570621427906,30
378.7857142857143,24.806874260431268,7.119641221982356,15.105890824346886,5.523161207231689,30
378.8571428571428,25.005271155248472,7.091967773024856,14.152887430224663,4.969069424754369,30
378.9285714285714,25.382518049037582,7.3677774961435745,14.222758286672585,5.359774116955075,30
379.0,25.399936142184238,7.370406440475266,16.71388802064912,6.797675448119862,30
379.07142857142856,22.386844244586246,7.587288450177018,13.522432671830293,6.069682630659218,30
379.1428571428571,21.732417014400568,6.430028525954752,13.639523170774055,5.3694562223600455,30
379.21428571428567,20.072058357464122,5.464184443242774,10.619938372816126,4.088279789083197,30
379.2857142857143,16.35687681003216,5.3654343550017245,9.962554666649444,4.3434183585585755,30
379.3571428571428,11.762529109264618,2.48117131895444,5.46708275862838,1.0795053535432309,30
379.4285714285714,15.187472836802494,5.381601507186405,9.688559229994109,4.578861166600232,30
379.5,11.643521982863362,2.1851809705338026,5.917723851532548,1.2825251900779677,30
379.57142857142856,14.764776708629105,4.883396575037217,9.565647872131672,4.208683700744803,30
379.6428571428571,11.901893896974979,2.4630819939689546,6.095644367245769,1.7229122111130928,30
379.71428571428567,11.61779436340451,2.394115666383994,5.213207252151666,1.0708043269373282,30
379.7857142857143,11.188611703769967,2.3586285024205793,5.8009693834653975,1.2965634331958593,30
379.8571428571428,15.010517892363158,4.495010539618303,9.04380507170047,3.677125766497599,30
379.9285714285714,15.92647729986279,4.541802035158791,8.944940887789983,3.556832037997056,30
380.0,14.617076580681308,3.3582028071661685,7.335509206683486,1.7706270925827619,30
380.07142857142856,17.00304241133509,5.023343655793165,10.106802281594685,4.01172086238743,30
380.1428571428571,19.485050788671735,5.103251474338717,10.45611391347256,4.109809975125559,30
380.21428571428567,17.978923552362946,5.761338749919621,10.646073068265911,4.657946110839382,30
380.2857142857143,19.378829076345774,6.180755892304843,10.992138394206671,5.043093682854991,30
380.3571428571428,21.417640552661922,6.589472612618061,12.783569729130837,5.381100730527507,30
380.4285714285714,22.997803506119503,7.344527515966035,13.926501937892962,5.943549963970255,30
380.5,21.913639247532906,8.176365195308847,13.808519692535118,6.600138249483579,30
380.57142857142856,23.79783042142917,8.76186461964023,15.413784206556914,7.304483123540496,30
380.6428571428571,21.464054827412248,8.326235267805822,14.463044885975965,7.068531807929066,30
380.71428571428567,21.410609642787968,8.694840414361263,15.27993263734018,7.580371474724198,30
380.7857142857143,22.099883961500055,8.826378570663307,15.378310537126856,7.67996800469686,30
380.8571428571428,21.21454215312225,9.539045415080503,14.789344180869511,8.267399080871604,30
380.9285714285714,21.285414762641526,9.778171363708335,14.770701921777766,8.50207218470099,30
381.0,19.419249935977202,10.283172574559707,13.704594858365953,8.95304834101123,30
381.07142857142856,18.828396985345147,9.606307429112759,12.237592729308137,8.335330772262944,30
381.1428571428571,19.334267379442473,8.888869811000097,13.739694781999269,7.757596639797913,30
381.21428571428567,18.972581445657273,8.371078117356394,13.575639683984583,7.248055778849302,30
381.2857142857143,19.734516623491885,7.753411560251435,13.228589067897165,6.735699673315582,30
381.3571428571428,18.729648981216133,7.319543882872123,12.312501702759617,6.35975019647687,30
381.4285714285714,20.70896075637517,6.940764868456504,13.408379478142727,5.88210791032804,30
381.5,19.25236609297679,6.143669503501502,12.350046332989825,5.253947500727323,30
381.57142857142856,18.214572283103635,5.7547749321790675,10.774389782575634,4.9577230217181585,30
381.6428571428571,17.10580002364982,5.82541844798399,10.701050233705791,5.034621517087294,30
381.71428571428567,18.23470912807069,4.8431887739283885,11.558067517943353,4.260527126089256,30
381.7857142857143,16.82763303858359,4.670172075171972,10.762482400231082,3.932251036999638,30
381.8571428571428,19.069951674167562,4.904367573468616,12.171298026715709,4.031467325835351,30
381.9285714285714,19.037796202226325,4.5483959227068125,11.498806743169572,3.7266419087247367,30
382.0,23.693473523755465,5.070257921145676,13.955455722001197,3.888813470092198,30
382.07142857142856,18.070409698355864,4.24039316590591,10.963270001104975,3.181536644275039,30
382.1428571428571,17.735175821854206,4.390640534619719,10.516006180505965,3.022227928557077,30
382.21428571428567,18.025174101453832,4.564762492064057,10.199755064613301,2.8704763894240863,30
382.2857142857143,19.945043122446744,5.2649632630836924,11.829614837589876,3.465587694287173,30
382.3571428571428,20.440486773470464,5.515062977661469,10.950302285596697,3.4779321530649385,30
382.4285714285714,24.140280692699747,6.450242120388334,13.864060218580423,4.196214310766427,30
382.5,20.765780907014662,6.066729341540787,11.559481422966963,4.007125628165272,30
382.57142857142856,19.98709659654443,6.6138590853467925,12.708928908302427,4.999905932631964,30
382.6428571428571,20.73260095771923,6.821660644293652,13.101027440891727,5.104202750905479,30
382.71428571428567,22.306483866599983,7.735496590724512,14.008739605158068,6.134078185721446,30
382.7857142857143,24.345627833775428,8.173129983992796,15.520764157660649,6.756485702859663,30
382.8571428571428,22.9979702257428,8.053114677075081,14.972240778187597,6.770648423975651,30
382.9285714285714,22.062296323652085,8.195991113460883,15.05465199115389,7.002166403143635,30
383.0,25.02448367315085,8.659035347400405,17.369792014401238,7.30629989947557,30
383.07142857142856,24.833905196830973,8.525395194265577,16.710009820041524,7.231703211980193,30
383.1428571428571,22.283960736062117,8.077648855153049,15.212121680034068,6.876650868221181,30
383.21428571428567,23.95519779732237,8.041896102458923,15.6507634810249,6.799658196803229,30
383.2857142857143,20.940066584733778,7.457362701750175,13.942273779064998,6.25682442126109,30
383.3571428571428,20.59125980617097,6.8285908745936545,13.526572163170005,5.6509090925378525,30
383.4285714285714,13.675995890273668,3.5748439037363995,7.998024715148893,2.2701130621392838,30
383.5,12.578148002386135,2.7907139115987274,6.1679423189310665,1.3421163911156593,30
383.57142857142856,11.770069026983704,2.589797386526055,6.473801440363498,1.437068663569288,30
383.6428571428571,14.220505158476408,4.623970161815036,9.092589983601824,3.587073035151073,30
383.71428571428567,16.416425276245434,6.283349392223455,9.267688996233636,4.267737120831351,30
383.7857142857143,16.50374252220876,6.121664700770318,9.064630055999427,4.136305244291832,30
383.8571428571428,10.739862158080427,2.8965427769965992,5.002701653630043,1.2296721044469803,30
383.9285714285714,12.33680546844078,2.916721889533364,5.88791766867724,1.1951988575474248,30
384.0,14.55690522210357,3.511547558768735,7.131148402996161,1.6662509045416782,30
384.07142857142856,13.198297178975738,3.5082419785207595,6.461405849362165,1.801783418755875,30
384.1428571428571,15.150592379553663,3.6163730959451765,7.836094093384588,1.9972996568696286,30
384.21428571428567,13.024061451975857,3.229292020018176,7.249076445758577,2.0995915044339557,30
384.2857142857143,12.964479987203886,3.589685641541141,7.404327295592298,2.3554560775502646,30
384.3571428571428,16.128523764233744,4.073325191995299,9.131117512447243,2.5144232655021046,30
384.4285714285714,19.206028050440665,5.0747628467888255,11.183862469570801,3.51957058189632,30
384.5,19.880795319055064,6.372831019635487,12.336330387652557,5.071515044198618,30
384.57142857142856,22.348095750526014,6.488193923292158,13.750827599129511,5.19509332733007,30
384.6428571428571,21.071796395830045,7.019897546945454,14.018137219197014,5.770625716762776,30
384.71428571428567,23.388212785647223,7.404558937929121,14.543404025761998,5.914789468301322,30
384.7857142857143,22.096747339082853,7.339492177845726,14.387126725668848,5.8602215543903915,30
384.8571428571428,22.68491299595834,8.39081623527371,15.00834373522429,6.8879081076893405,30
384.9285714285714,23.5839477996857,8.80822527425857,15.868965243314873,7.316582937602498,30
385.0,25.92880470216734,8.806457458105237,16.596831433572802,7.282677280370032,30
385.07142857142856,24.313286807596143,9.376934457340175,16.03699778130789,7.790064238153731,30
385.1428571428571,23.52414672544634,9.947744127338122,16.76260045896762,8.443926758067274,30
385.21428571428567,26.693323261195307,9.520128121079958,17.282028013886293,8.028857784632155,30
385.2857142857143,27.226458524919693,10.707167270757301,18.82438013426704,9.101235740300245,30
385.3571428571428,24.856781675792373,10.464201516603815,16.87668204923677,9.022533414004894,30
385.4285714285714,26.641483487255993,11.810093551405844,19.83250067698657,10.064249456645127,30
385.5,23.453032893298936,9.126205135516349,17.288242595984606,7.731803409997951,30
385.57142857142856,17.552492525838865,6.753997827383052,11.335473516902656,5.144256717308019,30
385.6428571428571,22.60797678557301,7.557826037774397,16.065979300449797,6.443363325547419,30
385.71428571428567,22.758846144350834,7.823009282742852,16.76801399646744,6.6306245335713925,30
385.7857142857143,16.519987173482477,6.328395650999048,12.442767504427183,5.39623511649416,30
385.8571428571428,22.864252720785846,7.709456673233388,16.90235181326711,6.531884312954207,30
385.9285714285714,21.51032685603659,6.448948480559837,16.774477984290193,6.386589400673463,30
386.0,19.549183231815633,5.294509619635769,15.67417328908864,6.273932443897074,30
386.07142857142856,19.309301093572607,5.377095636274243,16.301959497744924,6.476849767798149,30
386.1428571428571,15.791903256994338,4.667467600798439,14.053699918952852,6.9990203558869375,30
386.21428571428567,18.416705717036386,4.97229489518087,14.09481139588745,6.7825267707103105,30
386.2857142857143,18.99505299181166,4.423885420907189,14.590750402196225,6.405418458180459,30
386.3571428571428,16.41591372181256,4.392327209485176,12.925061023980781,6.718312313743482,30
386.4285714285714,18.544352231009384,3.9862322458440915,13.666746111930882,6.1842186448842265,30
386.5,18.809965653646298,4.1305200486950735,14.035067689917721,6.6920034507211135,30
386.57142857142856,17.21481551223641,4.382215236527103,13.029784350867999,6.955869528435927,30
386.6428571428571,14.267547396801746,3.826637031258433,11.804746619066428,6.327366133212459,30
386.71428571428567,17.993895076093256,3.804245702443352,12.995712786984825,5.916763561431076,30
386.7857142857143,13.148048578331188,3.637045685484957,5.359116125776455,1.4837373244523695,30
386.8571428571428,16.981842055645526,3.617134340342633,11.451027499316384,4.9644699314563105,30
386.9285714285714,12.212391725599094,3.478294606680104,8.582558054682078,4.191502986535068,30
387.0,12.294310743203567,3.219215782161891,8.618255187179708,3.8908641696822435,30
387.07142857142856,14.773573192898088,3.4299518352831955,9.923729240410713,3.6472804240596854,30
387.1428571428571,11.436523033815588,3.3212700580964123,6.860640008860645,3.0707436324552986,30
387.21428571428567,13.075839661543196,3.230527918260862,8.193166082124964,2.7650294744352584,30
387.2857142857143,13.905152487094371,3.627054766502095,10.861759848026772,4.274941679740995,30
387.3571428571428,14.597695007807113,4.361300526928153,12.279755644077474,5.755030381776585,30
387.4285714285714,14.830406592433008,4.775537073825048,13.140115563951962,6.60778648272741,30
387.5,14.104624701283603,4.0755872980245975,12.42546030874084,6.619236765376295,30
387.57142857142856,13.806701863809474,4.194112088088821,12.581070923661807,7.188968010379125,30
387.6428571428571,13.716463816764866,4.540884349175292,13.689785376671223,7.7031094428347195,30
387.71428571428567,15.260124731785593,5.079855518897983,14.299919979108283,7.791783943929658,30
387.7857142857143,15.68172172086753,5.954784810760605,14.799518984579185,8.357595704322874,30
387.8571428571428,16.75129635173602,6.777217854095489,16.038397352211742,8.545964138402315,30
387.9285714285714,17.21375150991662,5.951360333925987,15.068722624393587,7.348621645788788,30
388.0,18.552165238937437,7.503184147594986,15.833946403758771,8.108849707486788,30
388.07142857142856,17.878850896759864,7.465176851066903,16.00390771265142,8.174712945271438,30
388.1428571428571,15.809468077571646,6.159318282704601,13.628530943107918,6.786560944818239,30
388.21428571428567,14.87069557856421,4.816781034145355,11.72577085152162,5.274375857266499,30
388.2857142857143,15.90698812665923,7.246455304034335,10.464067625102514,6.283236335516313,30
388.3571428571428,16.54586872169608,6.832606970208642,11.244915490547061,5.930892453492531,30
388.4285714285714,16.878354755095963,6.661118875246729,11.224158382227856,5.7624595715993685,30
388.5,15.350512543617729,6.06920465949186,8.966660326380527,5.207540818267014,30
388.57142857142856,10.113341650837834,2.0185887049025117,6.513771271021101,2.1968983976417737,30
388.6428571428571,14.313991445161856,5.147176413308779,10.192932114617959,5.063695012579204,30
388.71428571428567,14.337314276639477,4.861671975730933,7.991344567700351,3.951726514803409,30
388.7857142857143,8.917685570927379,2.1271095373231814,4.250842444074542,1.062883132598622,30
388.8571428571428,13.795376417729099,3.6542136765241584,9.758829182425027,3.649887177653591,30
388.9285714285714,10.805565552565554,2.1262664993587963,5.435068836013602,1.0539223998585499,30
389.0,9.043010043528167,2.3175400175585983,4.179618305695121,0.9509353958301472,30
389.07142857142856,9.819344202591028,2.35350625050635,5.097157477222957,1.1851448811977383,30
389.1428571428571,8.284200103821329,2.4136873632405806,4.397892257569669,1.2983262338862531,30
389.21428571428567,9.714532230838094,2.5239303542310285,5.376880135687011,1.3933899179392841,30
389.2857142857143,11.6414796945489,2.6781273958297427,6.478778443684265,1.7538930650241176,30
389.3571428571428,9.178922382876264,2.7160756445790346,5.7544811281375114,1.902974867299168,30
389.4285714285714,10.15690490258743,2.8992813936905115,5.3308129209872845,1.3333929134372458,30
389.5,10.254991973934354,3.01145696218261,5.665123934474764,1.8270423328359793,30
389.57142857142856,10.505964993854278,2.8182498740261424,5.715423311306138,1.7462923714259915,30
389.6428571428571,10.837204642164387,2.751480649100374,5.457447065444812,1.517951172231922,30
389.71428571428567,10.568495619910843,2.8881641466670955,5.414799393347994,1.5628886507524797,30
389.7857142857143,12.113040378510071,2.822784222960293,5.945610019959434,1.2955399493827835,30
389.8571428571428,18.209800523493758,5.740755253768286,11.387884224633325,4.763342057191595,30
389.9285714285714,13.07760163280468,3.0526582072522914,6.239368478246651,1.427680110979276,30
390.0,12.07170309584924,2.7575994053525776,6.821060885383632,1.8335566894635396,30
390.07142857142856,16.179696980755168,4.790016552458358,10.725917955345336,3.9676485075401553,30
390.1428571428571,10.892467233245497,2.6472208756067164,6.054278159607561,1.9952611708463392,30
390.21428571428567,14.843120434183637,4.090710140196353,8.886840721501907,3.1884377522937597,30
390.2857142857143,15.54740983004784,4.455616896245974,8.87660491403639,3.0864554674482583,30
390.3571428571428,11.212629477120743,2.310222763374069,6.406993106608031,1.639238920091928,30
390.4285714285714,10.803288031042145,2.2059615593513366,5.031936692601454,1.0387137973936793,30
390.5,10.693607376665284,2.2097687330747604,6.620536959997674,1.762451709459471,30
390.57142857142856,14.662608236421512,3.2868355143009396,8.838868916801115,2.4642995592471717,30
390.6428571428571,14.191575741028954,3.1811627130908304,8.372892186464528,2.3591459351785278,30
390.71428571428567,13.492338545675445,3.220931303120026,9.273744574218883,2.9299342687261327,30
390.7857142857143,13.386471642009612,3.5346910712755943,9.10387225108408,3.3084600915242537,30
390.8571428571428,12.27926916023179,2.9937256621829964,8.95505881043156,3.388990174675279,30
390.9285714285714,18.679894665278077,6.266724999503524,13.955040139312743,5.62101898394311,30
391.0,11.82222180336203,2.2467301339539696,8.14152850742277,2.871416647229782,30
391.07142857142856,19.980672702402305,6.1120898351411785,14.521951258073917,5.51687962351136,30
391.1428571428571,17.326150931679745,5.481276248649282,12.078335316418,5.042211310920094,30
391.21428571428567,17.308043955384132,5.6827595175293295,11.599794993569285,5.171537870121823,30
391.2857142857143,13.485264449138246,3.6808441411741226,8.166238718980201,3.0520369849343396,30
391.3571428571428,20.922745634959696,5.149210777591207,13.246529358114744,4.246204049859295,30
391.4285714285714,15.936550738304025,4.406786251144158,9.845223780606839,3.7705900546670357,30
391.5,17.88712080235798,4.785152146819968,10.800848881708868,3.6445348841410286,30
391.57142857142856,18.815640819879064,6.0593661756334285,14.34377275392553,5.291769510572744,30
391.6428571428571,19.21094822441864,5.495892468044139,14.042000313223747,5.005628296304565,30
391.71428571428567,11.68122347283519,3.6040558308674133,7.302437750991994,3.4816367889433835,30
391.7857142857143,17.115202376923605,5.865534379331661,11.63887297949867,4.682506748188427,30
391.8571428571428,13.667170442573854,3.64896756123935,8.40776707792733,3.105176995713189,30
391.9285714285714,14.366736783809042,3.6341057803013825,8.728114222302471,3.4731955392446543,30
392.0,17.289146352084206,5.440957651301226,7.847093943781743,3.1951575520690776,30
392.07142857142856,20.59244270933833,5.930516262380917,13.022341180231281,4.52663226584653,30
392.1428571428571,20.584681242544256,4.918823742761493,13.564004216171533,4.680752896062143,30
392.21428571428567,13.534547127408441,4.270438548844504,8.259769717152258,3.6719792216255778,30
392.2857142857143,15.468304858676373,4.572949278416627,7.04585884433309,2.0311246307064437,30
392.3571428571428,16.98665738091597,3.912292068473368,11.611095631595136,3.9530450845263494,30
392.4285714285714,14.025735561653184,3.931542768366642,8.998775279154756,3.8871217153582447,30
392.5,12.748577540988757,3.880411094328004,8.999653611852555,3.709363621421126,30
392.57142857142856,12.85245597047187,3.6351723919646077,6.206753546204877,1.5555444284566098,30
392.6428571428571,14.773918232793537,3.6561239928812537,7.918976685830586,1.9686374180414188,30
392.71428571428567,13.441982841919687,3.5886988707616156,6.735240420193803,1.7854387888326178,30
392.7857142857143,17.578966540453617,4.789493063097599,10.160466616299447,3.195065853793173,30
392.8571428571428,13.355827109388395,3.4544963878060466,8.316787886893774,2.594447491009681,30
392.9285714285714,15.663513274346563,4.964838520890692,9.603010462180157,3.368813972046577,30
393.0,14.756100500473249,4.7565741073876815,8.936660837902041,3.2621225968678815,30
393.07142857142856,12.574267895811383,2.8820557209538604,7.85824283896618,2.4539882254009644,30
393.1428571428571,11.782901181344368,2.864985894198304,7.269350938412281,2.404417725358027,30
393.21428571428567,11.78827187138877,2.685026172658108,7.70680521142328,2.3280826047678573,30
393.2857142857143,12.329203424533665,2.875579151032816,11.74018516591897,4.194767657821044,30
393.3571428571428,14.128458192531975,2.9990034164795416,12.945486253522914,4.42205469731974,30
393.4285714285714,13.15726634921175,3.081913027789472,11.35771994017399,4.2371455831189415,30
393.5,12.18081020531683,2.935112139981714,10.88492411618634,4.291836336313748,30
393.57142857142856,10.867108561748532,2.3551279210998883,9.271319621783405,3.6134313743834015,30
393.6428571428571,12.175794312861273,2.714009104684773,10.488829575624766,4.064189548114161,30
393.71428571428567,11.512550136791731,3.2309341967637697,9.917897209248038,4.326393903511224,30
393.7857142857143,19.308906753698558,8.172519963548895,15.734057417721441,6.829797845545811,30
393.8571428571428,10.674409088766895,4.2313146405557065,7.232846550859995,3.6483408196253677,30
393.9285714285714,10.63515736465512,4.450721458631371,9.752454892990638,4.985207381049753,30
394.0,13.856897548931695,6.149901494201957,12.867980019687373,6.834281351769921,30
394.07142857142856,18.269726132289037,7.604172597189545,15.947154481926278,7.159040107187024,30
394.1428571428571,15.443120513020162,6.604496852240629,13.649883488545791,6.833950730063201,30
394.21428571428567,19.959506047278577,6.965118543906318,16.525556266961193,7.14045074098586,30
394.2857142857143,16.658059476112218,7.390038832386699,13.310071839549538,6.5435232602512965,30
394.3571428571428,18.935909555476876,8.155443813147187,15.454960695296867,7.270604023597525,30
394.4285714285714,19.395533997542977,8.23887654716379,13.993519173912045,7.311111811074785,30
394.5,19.510052590433496,8.448306856931412,14.327870230231893,7.547330896003752,30
394.57142857142856,18.050667958492237,8.3761541707134,13.58191492718475,7.4942552208731925,30
394.6428571428571,17.270781224593204,7.529703684986173,12.806631220213076,6.738862008443521,30
394.71428571428567,14.663082283279113,7.315313810944159,11.557727999733757,6.569979805129603,30
394.7857142857143,14.823813531584724,6.44577508561021,11.721590724840397,5.902199764044313,30
394.8571428571428,15.638769965942291,6.054465663822885,10.953628227167782,5.272164176313426,30
394.9285714285714,17.396699279650996,5.573368512700816,11.775886916550096,4.9664460027317485,30
395.0,12.959405972744815,3.1772839042425236,8.745732896565826,3.327157903356404,30
395.07142857142856,10.113531281056144,2.467350751772798,7.072469660929856,2.8590951879632214,30
395.1428571428571,12.544765452262608,3.0024353142862417,8.728874548198217,3.1172452101295978,30
395.21428571428567,14.57870153204981,3.7757626304918928,10.19970873860913,3.7024109809226204,30
395.2857142857143,12.299127074376933,3.6009526955630617,9.06013147622719,3.730033241164198,30
395.3571428571428,11.903815962407789,3.836895013092566,8.816425500615988,3.508100214797826,30
395.4285714285714,15.401540266366938,4.602202372448079,10.976223847199599,4.110166888861773,30
395.5,15.476609691594122,5.069235661631418,11.037789419751247,4.490064090521689,30
395.57142857142856,14.486998183351368,5.2420656456698,9.802775773366918,4.531803508916166,30
395.6428571428571,14.31598103905409,5.434784909671098,11.211515654079097,5.147927152267464,30
395.71428571428567,13.556350581667093,5.1370397139458355,9.252897890872505,4.4714746802546745,30
395.7857142857143,12.525409157255554,5.009148622470517,9.019539805098614,4.358472337454669,30
395.8571428571428,14.474872580868466,5.247759642922329,10.290889999921106,4.4469378860982625,30
395.9285714285714,15.460735468959317,4.830945755665376,9.636816210036436,4.068715450474591,30
396.0,14.148983475214497,4.414417033061191,9.18722458173819,3.7368879324219146,30
396.07142857142856,12.658506935360617,3.4318299523008067,8.83971800141186,3.0269368434071735,30
396.1428571428571,11.273411521971363,2.621240095674849,6.800102134019916,2.0951949249823296,30
396.21428571428567,13.044030960357299,2.5736703341150644,7.9777213520262,2.073918478697942,30
396.2857142857143,11.932473832808753,3.0906139017495704,7.853978379790283,2.4605322952494424,30
396.3571428571428,13.173679928923095,3.353985210011247,8.306089716773382,3.1453117733975597,30
396.4285714285714,13.191105246866112,3.214654921952303,10.124041442980575,4.310416957749337,30
396.5,18.78332109921699,5.701238345355406,14.124519007144901,5.8477868416768315,30
396.57142857142856,18.86242041338792,5.890761809503326,15.062412919969166,6.955566895715957,30
396.6428571428571,17.57115675229691,5.103775883565641,13.734551420352927,6.116411377695925,30
396.71428571428567,14.142750099099498,3.9650066047932135,12.854682058033317,7.270466838808283,30
396.7857142857143,13.808623778794397,3.7766249716537192,12.21454810820413,6.97201947717346,30
396.8571428571428,14.21121262201653,4.050811816617188,13.256499488463238,7.6735083299190965,30
396.9285714285714,15.061301741999534,4.2524468763575465,14.068513150784161,8.431465573837478,30
397.0,14.319134658913171,4.599569903572325,14.825346392534513,9.1400526269796,30
397.07142857142856,12.512725281871855,4.260545873333692,12.748093347973484,8.475845659685097,30
397.1428571428571,14.21806617311205,4.383507391816776,14.110584517687391,8.914185058038916,30
397.21428571428567,13.959901007762786,4.554644750538619,14.361605629990951,9.194335630471842,30
397.2857142857143,12.899955091407085,4.6448443685985525,14.384817108251715,9.527998933322785,30
397.3571428571428,11.484425970893792,4.508091139345065,13.109395669874832,9.153332553499732,30
397.4285714285714,12.529915742024741,3.958127912111548,12.469145087901273,8.051117379838598,30
397.5,12.22216091737981,3.6514369584004025,12.09765838606105,7.099806708850376,30
397.57142857142856,10.65940674008974,3.256219826896967,10.101100044876901,5.98925926492246,30
397.6428571428571,10.56939332201426,3.244465221755919,9.633905261638438,5.320899453777601,30
397.71428571428567,12.282636062694362,3.4710276111806166,10.58686605310067,5.180060159575309,30
397.7857142857143,12.685052564061728,3.6772994672721904,10.889983045489664,5.154747262775499,30
397.8571428571428,12.488370456456801,3.6550109370352453,11.552925708636788,5.25503057259263,30
397.9285714285714,12.17551451845704,3.452783006095755,10.144632297840818,4.1934151049569195,30
398.0,11.74824799785898,3.491688436409521,9.755469553649702,3.962880615345589,30
398.07142857142856,10.494601775739472,3.600073052783704,8.495801899969809,3.7246998618585794,30
398.1428571428571,9.343385293194844,3.1111042573609686,7.643993281839059,3.079569712298627,30
398.21428571428567,9.636710628674981,3.00724311861784,6.919394046075504,2.79155657148684,30
398.2857142857143,10.001763284416134,2.720623011226213,6.532076828004898,2.2757607685050525,30
398.3571428571428,7.052168504294927,1.9033667571085404,4.45747504074345,1.4852255262442906,30
398.4285714285714,9.09484856209245,2.4142153047428474,4.517046767626495,1.1874043773002423,30
398.5,8.306352334430697,1.4098164501071457,4.856859541392169,1.0799307410317311,30
398.57142857142856,6.717858618115988,1.3308214735595856,3.7033367837331084,0.7478025646323307,30
398.6428571428571,10.62257392757056,3.738826770185573,5.9264029534273615,2.6054818561916506,30
398.71428571428567,10.58892024587368,4.024377240650709,6.3937976658256055,2.9076558015090046,30
398.7857142857143,10.475801362920675,3.0381324647383052,5.889649720038999,2.0002110354803024,30
398.8571428571428,9.552322477911995,2.6303135201873684,6.336076534122009,2.0965260998302737,30
398.9285714285714,11.2443069714738,3.7191582032424484,7.162194810622553,2.689396284470182,30
399.0,11.644404314387213,3.816444195287879,7.031358995406186,2.6981042499065366,30
399.07142857142856,10.599330782605447,3.9808470056799137,6.4943924601052245,2.8569188161083607,30
399.1428571428571,8.739010408153344,2.8681202410414977,5.709165953114254,2.1295572628697577,30
399.21428571428567,9.810530077183408,2.969587772164319,5.972453951273627,2.2336391244043963,30
399.2857142857143,12.488339969959176,2.977845036046037,8.41313619196046,2.7472100403616238,30
399.3571428571428,12.057551171238645,3.417393267242238,6.446693568918589,2.365166759876441,30
399.4285714285714,15.85809471461148,4.157981095205292,9.203039523573008,2.830664800076284,30
399.5,11.502208162653112,3.115560813543817,6.599120218654216,2.3057358228439115,30
399.57142857142856,14.44543173588176,4.689830813000186,8.255518523406094,3.375906834261115,30
399.6428571428571,10.272769558392525,2.3113805458950405,5.145691731291725,1.6027184863465052,30
399.71428571428567,10.375459453695168,2.0924211143436,5.986472681344764,1.580747788089309,30
399.7857142857143,10.965459578510602,2.511970066038534,5.485335476916249,1.693474879485785,30
399.8571428571428,10.104326336847826,2.53255554833655,4.7932653294425105,1.1766532810008858,30
399.9285714285714,11.782133779876022,2.5212156506614494,5.650097180239838,1.3635329155084035,30
400.0,12.637766729662426,2.493601790245634,7.063593947361463,1.7097143499329281,30
400.07142857142856,14.42398902206486,3.2507794994848656,6.890756521895591,1.5492075135582615,30
400.1428571428571,13.42044831463033,3.264706650898149,6.85635800674051,1.618724471562762,30
400.21428571428567,12.94538054313529,3.0774383054228,6.433967709090492,1.4549807603050644,30
400.2857142857143,14.846517288982637,3.3000867395987155,8.094554171616931,1.9271129886376572,30
400.3571428571428,11.547045457033748,2.3262805377347693,7.935921757590145,2.4904627904091168,30
400.4285714285714,10.733717919779862,2.2403214330930603,5.569354970541005,1.2687180093358028,30
400.5,12.945943139812245,2.4325675557359485,7.259426933396886,1.7001231368215548,30
400.57142857142856,14.4772514485175,2.4203802744381777,8.768677618322814,2.2101942299276502,30
400.6428571428571,15.142014053367832,2.9995238452632176,8.613880959208295,2.135568732695983,30
400.71428571428567,14.861649501711927,2.8459280048649767,8.953502816761995,2.183370117774245,30
400.7857142857143,15.550068147859593,3.1065037395793933,9.562572295594341,2.302463977218913,30
400.8571428571428,15.226150052786075,3.2375851100328017,9.905934127804136,2.557424838449843,30
400.9285714285714,14.310413294305523,2.9193821005355645,8.112168740843524,1.8933403850670556,30
401.0,13.549670480272164,3.0014500746585937,7.6285067114239755,1.8874662910968238,30
401.07142857142856,16.685434726217853,3.3395827992053757,8.942952566408712,1.8989061295638312,30
401.1428571428571,14.557762063578348,3.0067684007501367,8.113098727945525,1.8542592642163935,30
401.21428571428567,14.187367252646316,2.8901852751747197,8.31013994558467,1.8070094512546024,30
401.2857142857143,13.580859238217087,2.889523417724207,7.761013362979748,1.802939606448645,30
401.3571428571428,13.82370570634621,2.7848065273770657,6.710073271667732,1.2785603067295797,30
401.4285714285714,11.288640867349388,2.2478840852078092,7.18022078824728,1.9182678297292577,30
401.5,11.740030383122026,2.120128228600551,6.852402547456747,1.4476626462756788,30
401.57142857142856,12.727209114545625,2.491814572824776,6.813805151581251,1.5082702143492854,30
401.6428571428571,12.752028610910306,2.527312738248868,7.060742787767479,1.5580935061337828,30
401.71428571428567,10.242573485229304,2.31642265962089,5.577098829255292,1.4116691245631292,30
401.7857142857143,10.80323464181104,2.145516259999841,6.790608680453687,1.9249418385714392,30
401.8571428571428,10.787111181126312,2.3551001662745112,6.7158968854784415,1.92270741978915,30
401.9285714285714,10.650029042432086,2.2885423306854684,5.660937520606292,1.2267715092414662,30
402.0,10.047399086627442,1.9734355521211697,6.057718253954125,1.6070530225586397,30
402.07142857142856,12.06263223889795,1.886558813559236,6.540720141677044,1.3836912618734594,30
402.1428571428571,10.801817706020278,2.4319529449154147,5.684805642436371,1.3046472712340262,30
402.21428571428567,12.607113854667727,2.8645352018687524,7.452427213397704,1.737569875719597,30
402.2857142857143,10.54493979019489,2.411524323979599,7.229701443046574,2.0847261985378123,30
402.3571428571428,12.378430483444927,2.5668557535747745,6.617037229339906,1.6775995472156526,30
402.4285714285714,12.95455397400581,3.061847366837563,6.898524167201152,1.7922619435072848,30
402.5,12.278720824364468,3.107324910772338,6.981525483194469,2.170623731983284,30
402.57142857142856,10.34873836255898,2.255749096613723,6.332844367503975,1.7613831270114597,30
402.6428571428571,10.92606296561527,2.3986719113854824,7.486343804876019,2.0976922184494855,30
402.71428571428567,10.271834984725054,2.2365741256603187,8.159311961440068,2.778889033118566,30
402.7857142857143,10.360747214690008,2.141775634397466,7.816288045751237,2.6306223016274703,30
402.8571428571428,13.349006174370713,3.395161440182035,9.250249408767903,3.50546201698791,30
402.9285714285714,13.555803726031405,3.069263589776962,10.034856106083646,4.3733608806531254,30
403.0,13.91553313950128,3.8188305491335663,11.50172780716961,5.259659291155737,30
403.07142857142856,12.578594308033349,2.7433823200395366,10.80529390212558,4.9880351212110945,30
403.1428571428571,11.750820355359684,2.8116944880763795,10.81199772738829,5.727573148340711,30
403.21428571428567,8.803122106423958,1.5484352008997497,5.153371682555411,1.1922791256435534,30
403.2857142857143,12.550501612766826,3.1017551229913685,11.333395749569643,5.456207801135692,30
403.3571428571428,11.241507612754713,2.639524950266745,9.88949792674904,4.499114593400116,30
403.4285714285714,13.33235455635732,3.1002475911042637,10.752773241490335,4.232949996427193,30
403.5,13.348195102336659,3.2307713551525494,10.418510365236749,4.214629904975508,30
403.57142857142856,10.764584751183563,3.1345942947308574,9.557179465772993,4.675372992636129,30
403.6428571428571,12.824622991214493,3.509417159882866,7.042466456755341,2.383311165457719,30
403.71428571428567,13.892235214412567,3.388778022205579,9.601323264023335,3.3253707483584343,30
403.7857142857143,12.522626293003698,2.72005966838547,9.162043357829436,3.006053075491251,30
403.8571428571428,11.125126599732065,2.6715274723823104,7.577908262140414,2.3289873044398894,30
403.9285714285714,10.097939829829532,2.0211532134607917,6.294042627977401,1.4929667502342612,30
404.0,10.147809655331752,2.48104017396649,6.567847121605738,1.7860492924558384,30
404.07142857142856,7.503080734045795,2.0846839778567343,5.128510144382073,1.899672074793301,30
404.1428571428571,8.408666701237241,1.6367616628747954,5.318085218912302,1.440160764178311,30
404.21428571428567,10.22966297383465,2.296124820637853,6.52284523602468,1.9033840908650204,30
404.2857142857143,8.366217157029938,1.5467075647945092,4.336506932901293,0.9262598462816224,30
404.3571428571428,7.668390332003989,2.035377518198282,5.061798512357504,1.627261069078936,30
404.4285714285714,6.806689021440264,1.4842524871415737,4.416445236605818,1.1506301898847082,30
404.5,7.398929977177381,1.631529051130875,4.504719655157114,1.1701686405496217,30
404.57142857142856,9.791569085301251,2.475792854121945,6.00554607872074,1.944615873153737,30
404.6428571428571,10.205961648711668,2.4062194716627525,5.778548239505272,1.6244760266859384,30
404.71428571428567,11.004737589435656,2.807853026196864,7.329976924221392,2.3831848566822624,30
404.7857142857143,12.506005280645853,3.431758965242768,8.532349368493957,2.87807489445959,30
404.8571428571428,11.327160836017976,3.7350575705973648,7.813952769455804,3.1068034976289725,30
404.9285714285714,13.624102803576084,4.331064004736724,8.820001726165787,3.4645373192874844,30
405.0,13.78419107953486,4.364121127783076,8.65161089213172,3.5681393562928307,30
405.07142857142856,16.362001178784254,5.571075806080942,11.141915302997223,4.674800070000165,30
405.1428571428571,15.640531623209654,5.9427590550778575,10.053389943904765,4.928703120739985,30
405.21428571428567,16.195358108889202,5.4942841516393806,10.2247572875464,4.4680486069523715,30
405.2857142857143,15.817464355049735,6.226957647178667,10.071228752321149,5.054739594978271,30
405.3571428571428,16.567348598793068,5.945615790492692,10.466110297084775,4.9961423267144065,30
405.4285714285714,19.23558297191857,6.611784004784401,12.932776725790484,5.693114172141304,30
405.5,17.304614071714024,6.740571868431439,12.971041865321833,5.918954527550312,30
405.57142857142856,17.38905968167431,6.493348126888791,11.187842628310232,5.491159113966279,30
405.6428571428571,17.944146187262255,6.571365196077511,11.226475380606397,5.482154329997707,30
405.71428571428567,15.80491481030202,6.127406992472712,10.679556781343527,5.13275528247313,30
405.7857142857143,17.977789096067642,5.985594099994715,13.618142673820243,5.667760353538346,30
405.8571428571428,17.43982841788267,6.10028051425022,13.442681620340284,5.830581154085136,30
405.9285714285714,18.167343133451155,6.413839963756918,14.178112487283048,6.275150165335339,30
406.0,19.168513545027643,6.856138702383152,15.345739038510725,6.720550253952203,30
406.07142857142856,19.90273387098313,8.207699153769518,16.437551698420886,7.86543013434501,30
406.1428571428571,19.035621416728794,8.862585692734648,15.722907312223342,8.217743210856662,30
406.21428571428567,18.94290384431882,9.712576233505082,16.15066111774643,8.934729371062119,30
406.2857142857143,20.97021965639865,9.974764124782046,16.463888083193282,9.179069849648794,30
406.3571428571428,20.669996236505156,10.20639208492426,16.67112956962416,9.336869306451165,30
406.4285714285714,18.992346387789897,10.297828921573956,14.970972413831634,9.160292425926073,30
406.5,19.251572617703786,10.201441169634434,14.5034560736608,9.013557405588184,30
406.57142857142856,19.50443849135581,9.738190374657323,14.096586412087284,8.528724257446655,30
406.6428571428571,19.30506989939648,9.752900289484732,13.452500396502073,8.556159201359284,30
406.71428571428567,16.432730976351984,8.737670578990599,11.338531268413842,7.642953741603889,30
406.7857142857143,14.463931652264545,7.309742957983598,10.25807894517862,6.393393953792792,30
406.8571428571428,6.608112114184283,1.1391903284656804,3.8783490934811256,0.9552969102818017,30
406.9285714285714,12.701528689445897,4.977600671087963,7.8213438441665115,4.339638789147339,30
407.0,13.544994752879743,4.044119728296752,8.226263819076632,3.518185422472603,30
407.07142857142856,11.785548376024204,2.780363964785915,7.472038146767355,2.4580950590299926,30
407.1428571428571,12.436932900370412,3.0218647341569222,7.834534089986724,2.6911109360346246,30
407.21428571428567,12.927768022741263,3.5001054319876044,8.49595515194479,3.1590562522039223,30
407.2857142857143,13.266426253585738,4.406153499784546,9.764577170217354,4.130745916342989,30
407.3571428571428,14.138539318790874,4.981389353619804,11.199407176760758,4.6701256480003925,30
407.4285714285714,16.78543711803167,6.016236408072475,13.418257566260717,5.569246549330588,30
407.5,11.719628323012818,1.9945395860273396,9.112953473629128,2.993526763008806,30
407.57142857142856,16.797233354657795,6.860768696390708,13.277443120367419,6.411675545058903,30
407.6428571428571,16.71574679134708,6.92916202230324,13.372491851025366,6.527456694925587,30
407.71428571428567,17.17571321971174,7.501597178767004,13.467437455982067,6.995750111230584,30
407.7857142857143,15.285203191812169,7.18054329072445,12.083173420928834,6.569909593141869,30
407.8571428571428,16.43332827202574,7.332358951005049,12.800030954675838,6.660827005105364,30
407.9285714285714,15.488073697982736,6.419166378332584,11.867673853032002,5.863991155867014,30
408.0,10.758007101564798,2.354516316485542,6.58767454070256,2.055458874813527,30
408.07142857142856,10.5511248400965,2.451108124228952,6.298261173276147,2.080949163926817,30
408.1428571428571,11.750058083119127,2.470656385815806,6.909667572180374,2.120795750871954,30
408.21428571428567,11.253696015128284,2.5758388916845183,6.128744984425254,1.8438886203978297,30
408.2857142857143,9.807109944126946,2.6137111116169662,5.61292607244201,1.7937313352812965,30
408.3571428571428,10.185559166526753,2.8218991498600956,5.336636386603141,1.839216649082319,30
408.4285714285714,12.007850223666713,2.6507715386859996,5.607606083670655,1.5900917951368558,30
408.5,10.228811980138742,2.520824945843139,7.257134462167456,2.3204125330830214,30
408.57142857142856,10.070067228447241,2.001387047195586,6.289857025690405,1.5637182954872317,30
408.6428571428571,9.024704793808116,2.0022530091288946,5.470646039549071,1.5671078083903185,30
408.71428571428567,10.294919493034113,2.0345775558390615,5.352167990153304,1.2081837855842306,30
408.7857142857143,10.057133595812248,1.7550346912590662,5.6972495596247255,1.17862003234627,30
408.8571428571428,12.514376573384286,4.355469782576666,8.712240749898909,3.8142890589359912,30
408.9285714285714,14.566428876399723,5.106357936412247,9.983883471747799,4.3548593734606955,30
409.0,9.119262715724837,1.8416061012148814,5.66444037850516,1.7946692526548471,30
409.07142857142856,15.016066287838916,6.456033485125416,10.22148679465947,5.652396553304075,30
409.1428571428571,17.249736551351095,7.33496051191644,12.285977023365684,6.471331397260514,30
409.21428571428567,18.50498276699136,8.46175852351034,15.771069004472324,8.060352035789329,30
409.2857142857143,19.3223285220926,8.772683773664662,16.445958666021713,8.354223555104074,30
409.3571428571428,19.24469840431372,9.456679916056245,13.908021267662658,8.291315688966149,30
409.4285714285714,19.020995794284424,9.586683305057559,14.090809937269997,8.408940668022177,30
409.5,20.69160973561031,10.688678508819093,15.2559834503483,9.318615177522172,30
409.57142857142856,19.972955313666855,10.72038896939448,16.3060349330702,9.59965767235636,30
409.6428571428571,22.41542627501835,11.524185219162982,17.11534009543194,10.128684311768646,30
409.71428571428567,22.24359832851073,12.093667066476696,16.994177354907084,10.560526928047262,30
409.7857142857143,22.1943737909983,12.695348177786803,16.5466285732185,11.072373700810612,30
409.8571428571428,18.296038105778113,9.251988149557,12.543955164242535,8.0247105664193,30
409.9285714285714,17.750836656679414,7.4556801543473314,12.993974938029378,6.537035483623859,30
410.0,16.00496433584257,6.210203004907473,11.597312823207178,5.39972148700501,30
410.07142857142856,15.22250354201782,6.065861934059086,10.439939778761307,5.2761362488324925,30
410.1428571428571,15.125699335883485,5.945258106500412,9.871198506087836,5.104537406957928,30
410.21428571428567,14.775271835142467,5.9437283746351435,12.475108154003513,6.478270112996117,30
410.2857142857143,14.439069180249955,5.8342736164150075,12.366767581183211,6.424814912632703,30
410.3571428571428,14.040370857717953,4.9950342146527325,10.919250388812674,4.60694971465742,30
410.4285714285714,14.913726320167557,4.38184505361977,10.845478300596312,4.1225706385966285,30
410.5,9.911729120184742,1.931803338225426,6.659943659471338,1.9425379213144849,30
410.57142857142856,10.82312244893525,1.955315684754082,7.267239675660006,2.132060080102425,30
410.6428571428571,12.293053965874114,3.675182008585641,9.176737117615495,3.6736041249392573,30
410.71428571428567,12.85728197630002,3.384737698734921,9.769742526230388,3.4656977871039993,30
410.7857142857143,13.117550384292109,3.3805758627294322,9.52519518609541,3.301391184167087,30
410.8571428571428,13.305630043669142,2.5561022775381383,8.860255480925604,2.6673897557709276,30
410.9285714285714,12.977195180977686,2.5616695917170986,8.938763304917426,2.930684009376201,30
411.0,12.33552504705601,2.6826217974015405,8.431910743742904,2.8042616426506477,30
411.07142857142856,11.619637941722884,2.429071918318683,8.095791231999266,2.6478881624504234,30
411.1428571428571,11.45962636499046,2.4236896421759653,7.625447796464883,2.495156899654849,30
411.21428571428567,10.179945587737695,2.161455560458241,6.905239874371518,2.325447877556244,30
411.2857142857143,12.056266775099187,3.0687250755949766,8.046070807726405,2.7747158495029267,30
411.3571428571428,12.23295192643438,3.8057465625994324,8.359700659335571,3.428295883180245,30
411.4285714285714,15.035560447160746,4.961971025271275,11.14473264255003,4.468027721552695,30
411.5,13.03383493921076,4.274989859011476,8.418804795941423,3.736102829319442,30
411.57142857142856,12.016154498496249,4.930596348950539,8.852160090350536,4.356110915062563,30
411.6428571428571,15.353063847478227,5.942568201287104,11.07932399249546,5.264558493977241,30
411.71428571428567,15.502698844175223,6.118413694035021,11.807477335814466,5.3470661507298205,30
411.7857142857143,15.165130640165257,6.715955590424705,10.95818513128818,5.834464499368391,30
411.8571428571428,17.411239043768393,7.635518500020671,11.864009081795158,6.50648786059926,30
411.9285714285714,16.89446487518985,7.087637723499629,12.80727768681781,6.079793825097692,30
412.0,11.248691006727428,4.223927967841635,7.987285555810652,3.5861721967883966,30
412.07142857142856,11.098012418958431,3.531356201778158,6.311500358207776,2.519708543561034,30
412.1428571428571,11.975328767478462,3.573423954335173,8.957632596699561,3.450675890144019,30
412.21428571428567,10.528955097604143,3.755684410648047,7.362999828188817,3.518415977718242,30
412.2857142857143,11.493969050011255,4.015262981039293,8.011057823786857,3.7472266593337524,30
412.3571428571428,12.559830685128123,4.505229368300955,9.395168470618513,3.950832228790827,30
412.4285714285714,10.96498485820616,2.9831257726268197,7.5814059004004,2.9446079521976123,30
412.5,12.857963977740145,3.8223491197213,7.941717922948749,3.2380566920053226,30
412.57142857142856,13.328442063021074,4.57749112424831,10.127427498928636,3.878936515412664,30
412.6428571428571,12.10933054308713,3.0517322447943602,7.977988114423067,2.987485419116966,30
412.71428571428567,10.962559733986199,2.6555560359465864,7.24425570551013,3.0709081757503918,30
412.7857142857143,11.375225919716282,2.434726410523583,8.418088308997389,2.916003540322616,30
412.8571428571428,8.931500505305594,1.9796952265795904,5.729479131737991,1.5888752758997169,30
412.9285714285714,10.280598888883906,1.9991989458704902,5.856377676968412,1.271524753093425,30
413.0,10.383921137319387,2.043758144777972,5.128772896172351,0.9991753772403636,30
413.07142857142856,14.739203554990741,3.4914605223738637,9.365099127537626,3.1342028289072905,30
413.1428571428571,15.90357461663625,5.747924019244502,9.998139434402399,5.008149645217988,30
413.21428571428567,17.11855619364432,6.355182610497536,10.437750703276333,5.503352951916711,30
413.2857142857143,15.399686990445458,6.212104304906921,11.480091103055345,5.531527492120511,30
413.3571428571428,16.148348810824306,6.79354464516494,12.569622259749089,6.154476413281413,30
413.4285714285714,16.45234195021608,7.8693516759575095,13.376624009702423,7.042730872069544,30
413.5,17.96781347642754,8.98669616309344,15.496081563680873,8.238759300740428,30
413.57142857142856,19.425353714693475,9.988435143471301,16.150183420878754,9.374314551585892,30
413.6428571428571,21.006480714764802,9.966028982818086,17.193461519872344,9.26881712049809,30
413.71428571428567,22.18244950633107,12.059394537805362,15.513049271934902,10.508430954353372,30
413.7857142857143,24.393730088801576,12.039491187591372,23.52023944380011,11.759677427513873,30
413.8571428571428,25.078409849852555,13.062703768320448,22.305005200668194,12.272772068375236,30
413.9285714285714,26.355104362513224,13.875838783251014,22.03013882170232,12.805664889225405,30
414.0,26.46779528176921,13.582454680770356,25.104156210423927,12.81653575544609,30
414.07142857142856,25.83112750369134,13.842458172312302,24.010127832380956,12.861408817485055,30
414.1428571428571,22.862014172415165,12.053221061442864,20.247308911908164,11.234717967888072,30
414.21428571428567,21.962872542912454,11.178307253140552,19.48615907014614,10.432467738167851,30
414.2857142857143,21.15040349941815,10.505679618932849,18.085639239380463,9.860763422393772,30
414.3571428571428,21.56410652538488,9.909360804503834,19.30318512624436,9.45510712639412,30
414.4285714285714,19.36890306651112,8.804217537754395,18.411333621035034,8.789643031964301,30
414.5,18.550276289843552,8.670015085173715,18.686679002627585,8.898775708163264,30
414.57142857142856,17.768467381242683,7.1965952074807555,15.575574671299291,6.932597998605361,30
414.6428571428571,17.9684504156814,6.6076476326257225,15.652543042396106,6.534677660393,30
414.71428571428567,17.203615806691694,5.168556386198727,14.34280694953904,5.480289829851917,30
414.7857142857143,17.412558398387702,4.3370618129222045,13.81013344864774,4.798082918157682,30
414.8571428571428,13.861220518310374,3.9440338819023415,10.218631789970216,3.7068101692254163,30
414.9285714285714,12.572981895453621,3.4030642727488214,10.977877981340427,4.444260281652561,30
415.0,11.21907409421163,3.076050848290715,8.550261286017298,3.046730084179025,30
415.07142857142856,12.070092427555934,2.428250978287172,10.971475775178549,4.178697073691705,30
415.1428571428571,12.706403300785416,2.501809729541868,11.667963614398483,4.368993812817631,30
415.21428571428567,10.602116909248647,2.2433319897188255,8.575295345177157,3.823706024152683,30
415.2857142857143,10.311867761658139,2.5248187606122747,6.380861036282602,1.9251525298839836,30
415.3571428571428,10.745527242688095,2.151304553884234,6.871369644300951,1.9760541842413057,30
415.4285714285714,12.382585748332437,2.589416633397,9.772395360681745,4.396614801396267,30
415.5,10.767930494703776,2.4293323035439918,8.995966369464863,4.20100764015709,30
415.57142857142856,10.563256173758427,2.3418840476542404,6.703283808050229,2.131564012909161,30
415.6428571428571,11.359551913061008,2.8529645670151664,10.062524181027785,4.933769173884886,30
415.71428571428567,11.901119960184687,3.268803838910182,7.564285449369296,2.9214018753759525,30
415.7857142857143,13.016111452739521,3.903656405937087,8.361893895057046,3.145437264462424,30
415.8571428571428,11.131084810248511,4.492974910717759,8.082233065735695,4.0409848332225575,30
415.9285714285714,15.629901986780483,5.9135426067827535,12.866486779164745,6.166174123367501,30
416.0,14.804051257860262,5.755004307865848,12.853800432262302,6.443275618980834,30
416.07142857142856,14.034329715796115,5.533224815556389,11.810387643215554,5.880129563930403,30
416.1428571428571,16.71872498596674,5.736164534336285,15.700722167263113,8.390822613018202,30
416.21428571428567,15.96681313626144,5.4958641553713,18.51425721036493,8.866301813905132,30
416.2857142857143,13.121965540625187,4.842924794366497,10.61981076654467,5.231856986679774,30
416.3571428571428,14.599898590143962,4.87310434985169,14.50142409087231,7.849841679303766,30
416.4285714285714,15.5119182419198,5.094578324474442,14.82541508068766,6.255673646753552,30
416.5,11.646364465824568,5.244086741523034,7.8877495354533345,4.408829355097341,30
416.57142857142856,19.005642486188975,7.539300952278268,18.18122018707867,8.467215080018384,30
416.6428571428571,18.321249897039312,7.799209240065769,12.32001996487104,6.06385036841854,30
416.71428571428567,15.406452753307757,6.2267268835046305,16.11497468335612,8.647306507898591,30
416.7857142857143,14.564042479686984,6.700213398409174,13.517914705430465,6.819553566629582,30
416.8571428571428,16.213724905201676,7.808336592615636,16.99977839177623,9.799352997147105,30
416.9285714285714,17.28698476435002,7.917717612412394,17.390036105736048,9.08110606805921,30
417.0,15.550210730646546,7.504324929087576,11.798968472802475,6.5610654999575475,30
417.07142857142856,16.70959231563699,7.63927687659913,16.41116573831903,8.759862512689883,30
417.1428571428571,18.35261675551763,7.240259707932789,18.18939259145906,8.604865062856373,30
417.21428571428567,15.178253859521627,6.287370606050118,16.445619777945133,7.987864907087413,30
417.2857142857143,16.73840526908429,6.306848579723215,17.31876003431079,8.233087009484226,30
417.3571428571428,15.576702897473965,6.068905898733259,17.877712063368737,8.751271527711134,30
417.4285714285714,14.087027997874497,5.376718202491714,11.122255359521647,5.577787400591106,30
417.5,13.839111088963929,4.5131895364273795,9.76419070754716,4.196866984250804,30
417.57142857142856,12.07291353466787,4.002563580721658,11.631561779280393,4.9494770887931185,30
417.6428571428571,10.712202649371843,3.748433448614551,6.817726401497885,3.185103872761414,30
417.71428571428567,11.01867899019298,3.1808809701655205,10.168941648776883,4.412438858274529,30
417.7857142857143,9.45108373897407,2.521565522645741,12.713629946170968,7.653069337398874,30
417.8571428571428,9.320040369418912,2.5268587187045948,10.382674989787525,7.587316961890891,30
417.9285714285714,9.460849562836708,1.5280717943539057,8.396783568755223,3.954986813515167,30
418.0,10.098388567811458,2.5214694133361033,5.110752705399852,1.614526236880385,30
418.07142857142856,8.35991369354388,1.8883000982229363,6.831706231184832,3.9311627911923854,30
418.1428571428571,11.190617817872965,2.4721949152690823,8.637141856768356,3.7623419119828703,30
418.21428571428567,7.437832813776726,1.7844051820332445,6.584066795498719,4.003128599807464,30
418.2857142857143,8.083848294055034,1.9991960906806632,6.874533691908131,4.078126180021176,30
418.3571428571428,8.889854730732782,2.025625319293466,7.838751427922876,4.764887774972824,30
418.4285714285714,9.599471662699594,1.8962233652347742,4.69519677027295,1.2315807662124283,30
418.5,12.828130787654528,3.274100076990625,7.508891249546712,2.8224586916504593,30
418.57142857142856,15.913271677786094,5.637622472053004,13.92579635816159,6.416467359003985,30
418.6428571428571,15.14798035066882,6.2094680347739875,9.83423100187039,5.350966662848813,30
418.71428571428567,15.081827472592535,6.90951759382776,10.328262358846915,6.016051249816754,30
418.7857142857143,16.298171209726362,7.617779094755875,14.03413006032954,7.761082488812899,30
418.8571428571428,16.90996211072135,8.769019023872149,12.020325793887304,7.663555221233541,30
418.9285714285714,17.35719104693163,9.39706837748073,12.400087864373292,8.19390745786474,30
419.0,18.20840313541076,9.895306961080252,12.897351514974597,8.625686444993129,30
419.07142857142856,19.676031716171988,11.114936050140932,14.162761567949865,9.70830163586512,30
419.1428571428571,19.44622080142577,11.396370879650814,14.387177733168416,9.945061890926032,30
419.21428571428567,22.140385470059716,12.110670534381324,17.782475174685825,10.957440730166766,30
419.2857142857143,21.20078780603135,12.714636903796865,15.37478028778718,11.078908679824167,30
419.3571428571428,9.296823027139592,2.1171375761863818,4.729125059616729,1.0794941900805182,30
419.4285714285714,24.38377859194255,14.21185284536934,17.15688021898953,12.377568564061717,30
419.5,22.99314884206267,12.834697412757823,15.812417883309218,11.231189911967668,30
419.57142857142856,20.42001675056215,10.936183686633543,14.016579659144224,9.547439267955752,30
419.6428571428571,19.12591877343482,10.313781915789106,13.056349187089365,8.981607427661045,30
419.71428571428567,18.94840883490956,9.047964234301448,12.335336038065213,7.882842812980814,30
419.7857142857143,16.88773653371926,8.569310337059665,11.339922988480787,7.44001865668458,30
419.8571428571428,20.422532149780203,8.59146226437403,11.358972220615865,6.073176760002132,30
419.9285714285714,21.398263662622803,7.685730972411638,14.568437275449876,6.111750951619861,30
420.0,12.109660615253116,3.9819684760650347,7.4166370973521225,3.4434888730270754,30
420.07142857142856,12.854310756327568,3.714390238092798,8.220192920542017,3.2106189171686763,30
420.1428571428571,10.148082941345166,2.9074299600372338,6.413995401195601,2.5202249171877114,30
420.21428571428567,10.441673089195767,2.7970235007326973,9.678421363058263,5.229397245578288,30
420.2857142857143,10.078416321148413,2.9567255677232613,5.6843449295488915,1.6490523337841212,30
420.3571428571428,11.436615900228615,3.2696979966480297,10.207331987543727,5.076947510868461,30
420.4285714285714,14.833914084778169,5.616530277976319,8.711558079152146,3.493378264034698,30
420.5,12.794036608555281,5.217218639559904,7.1976390821449785,3.178361876319701,30
420.57142857142856,15.652792679219479,6.85757033904932,8.953680056366151,4.051612897664363,30
420.6428571428571,16.05590400795464,6.643481434018845,10.761406610335362,4.9029322272644285,30
420.71428571428567,14.584730188444693,5.851986555135629,9.663359290251687,4.120524834485733,30
420.7857142857143,15.975003521638214,6.765701295801985,10.960818726697577,4.9938043637027,30
420.8571428571428,16.60718202900175,6.520493811102796,10.827612791550118,4.762322524723871,30
420.9285714285714,17.30025403118537,7.529510467709993,11.335899884072642,5.471634422649619,30
421.0,16.487997898865768,6.418598719175883,10.178055414398218,4.175831610496477,30
421.07142857142856,14.894458041380211,6.41836599532866,9.097872886924504,4.189989279230668,30
421.1428571428571,13.913851478415305,6.194650946502101,15.881575180682988,10.848206173051786,30
421.21428571428567,11.570225114579573,4.770719516386138,7.880499987033212,3.160226361320646,30
421.2857142857143,11.781007241987597,3.637745560511905,11.52954061052162,5.337260384328394,30
421.3571428571428,11.270537054044988,3.746847480779626,8.268122007155947,2.896666982283207,30
421.4285714285714,11.104133313640602,3.3292967501244286,8.394243809836691,2.760762108510132,30
421.5,7.227675419305354,2.7880315686375967,4.5560442414021365,2.0065597820296377,30
421.57142857142856,6.973277557832963,2.2035844754296736,4.658637459441207,2.068887599145893,30
421.6428571428571,9.760576417158257,3.021274024227308,9.41017782818012,5.526676490060792,30
421.71428571428567,10.904280077490107,3.352035499154733,13.045005455428301,6.229383396632003,30
421.7857142857143,11.102452917289904,4.122549551626364,10.882284816492378,6.253630208063583,30
421.8571428571428,16.852680452643355,5.065001650310946,16.891561064779598,6.949400208546631,30
421.9285714285714,20.091678925308546,5.92678777148598,20.237433496492315,8.350640926134766,30
422.0,17.687827646436325,5.489384358401727,17.39602658945011,7.4610751190834375,30
422.07142857142856,17.016874283465953,5.695433249618839,14.137381644626236,6.749642534790068,30
422.1428571428571,16.8241074427809,5.633270020295275,15.058345148575782,6.090373701796546,30
422.21428571428567,19.128796666163126,7.927167113359691,17.367820770393443,7.753885050944842,30
422.2857142857143,16.67363224597383,7.833466448628509,13.54956083465848,7.046009309804123,30
422.3571428571428,17.53044059691647,7.3118726473011035,15.075935881609784,6.992475872542369,30
422.4285714285714,16.841645554733766,6.769397901169169,11.182947685640523,5.785669338414574,30
422.5,14.616092817163846,5.704623201396664,9.831823909252888,4.846798971383235,30
422.57142857142856,16.711591784161808,5.331124483403712,13.867635929204463,5.4289748607983945,30
422.6428571428571,13.449871843921326,4.0288242374578696,10.079547288196178,4.513772700029775,30
422.71428571428567,10.321257952421268,2.8739224487451147,8.513971146782534,3.7635778341077035,30
422.7857142857143,12.495315769388554,3.2913372036154738,7.099151869729438,2.153386344962774,30
422.8571428571428,10.495140915691664,2.4751675773609487,10.890374196533488,5.099739273857235,30
422.9285714285714,12.028286475636035,2.948842414389504,11.278785899644076,5.091784676429898,30
423.0,11.528696282899407,2.647792726503003,11.283497686327639,4.857574331658638,30
423.07142857142856,11.883807556992512,3.140231623781122,11.825869757561332,5.107304680310704,30
423.1428571428571,14.243368258174051,3.8438122084361335,13.11673053447672,5.271249652743001,30
423.21428571428567,12.040973546728596,3.5737472682904796,12.151078781136095,5.362067259292525,30
423.2857142857143,12.214760401408789,3.459007489337366,10.856021424566334,4.562691194421117,30
423.3571428571428,12.911495321087964,3.831998025925631,11.127673711036689,4.8487030510926985,30
423.4285714285714,14.045134622570913,4.344306055474797,11.553285595526404,4.802082611640971,30
423.5,13.350194640836039,4.547890515179756,11.914679413505315,5.186812200009863,30
423.57142857142856,13.742159448390042,4.333522351769379,16.051906564166536,8.417228954697846,30
423.6428571428571,14.239090896930385,4.214214107368817,13.156249059325923,5.504533720199676,30
423.71428571428567,14.50396664600654,3.987726475481396,12.243681900952007,4.842606494079303,30
423.7857142857143,14.214185852732829,3.102369211642201,12.523605328493076,5.022435980682623,30
423.8571428571428,9.464901544680068,2.9359224351303035,5.865585318284514,2.2302196753410928,30
423.9285714285714,12.504179551616586,2.9689550437615977,9.748570303990146,3.382801473920686,30
424.0,9.571509678884853,1.634494155536755,7.494541634428941,3.028381348159619,30
424.07142857142856,11.073111136939728,2.389354092836621,8.663190914065558,3.2302458862119354,30
424.1428571428571,13.945257823249609,3.209013996933573,9.594758732939495,3.2228310148591337,30
424.21428571428567,13.948773885859246,3.223899608057571,11.0123945059674,3.741589945367502,30
424.2857142857143,13.697826354005622,3.579294096721173,10.21640406148151,3.6819763394389127,30
424.3571428571428,13.828938642978619,5.009273181754932,10.033839079033736,4.3108499414012424,30
424.4285714285714,14.776611826229743,5.426089622240232,9.726308569906095,4.64425672552162,30
424.5,17.426965076873753,6.716703596911028,11.458912613148177,5.741729921764204,30
424.57142857142856,18.34349623385488,7.520039526810097,15.05294720830626,7.148682299169601,30
424.6428571428571,20.641691799905896,8.186526768710788,16.28516752764373,7.426544086679981,30
424.71428571428567,18.04726998914718,8.011060297062269,12.939489154444583,6.787323380017897,30
424.7857142857143,18.85705753011217,6.498654719571857,13.834820498683548,5.795747944820409,30
424.8571428571428,15.074936798595518,6.630426894233929,11.555650374414018,6.07586159055148,30
424.9285714285714,12.385386076534811,5.759394414168574,8.91677988208294,5.082665482458682,30
425.0,13.077436812200757,4.645271717278339,11.965154791030217,5.228670085827719,30
425.07142857142856,10.781654955740956,3.6611013975493045,8.887246218598738,3.846652974928878,30
425.1428571428571,10.678184743218415,2.701617358500402,8.21747615567878,3.1987642670059566,30
425.21428571428567,9.480556333992942,3.1633825621515688,5.894347689865059,2.725560302994184,30
425.2857142857143,12.59162117528305,5.117709000334264,8.431530075906332,4.500485999583116,30
425.3571428571428,14.42414895374593,6.529226643111512,12.057128345015094,6.432770731112724,30
425.4285714285714,16.1392843174352,7.741557958687041,10.708677494326341,6.719461431221529,30
425.5,16.98823971038937,8.330356805975612,11.292898800000446,7.237890726956927,30
425.57142857142856,16.356003316084593,9.013506319711944,11.43464687190797,7.882337040865763,30
425.6428571428571,18.94296748235368,9.266978402028496,14.324537622117004,8.363213633320298,30
425.71428571428567,17.474191246046992,8.909961172214008,14.051040710816652,7.992646445525839,30
425.7857142857143,16.667077787723038,8.532879594733437,12.23681740481432,7.418052153298958,30
425.8571428571428,15.711438332756131,8.323599689420869,10.977094718248818,7.290139287288793,30
425.9285714285714,15.872108924134873,7.399786589327638,14.291948837314077,7.130533885297819,30
426.0,13.937075166502883,6.64069955479239,9.818265684076193,5.817023591599831,30
426.07142857142856,13.450245674913182,5.829690438130064,11.223333024373224,5.732661055889685,30
426.1428571428571,13.90584972556975,5.003470522055693,11.289597189347308,5.13079824839846,30
426.21428571428567,11.576353733738427,4.170132200351316,7.656996488226656,3.591844315991211,30
426.2857142857143,12.806947624463346,3.1646071696463545,10.52567752989223,4.537133195558,30
426.3571428571428,8.945378770369608,2.6061649309279087,6.106186340023642,2.31664754041987,30
426.4285714285714,11.322491787098414,2.6980402035575297,8.036632942624783,2.8992991245125257,30
426.5,11.214466590850327,2.8247100373203673,9.872424874085182,4.434227606912701,30
426.57142857142856,10.33449075050034,2.7688112925477997,8.043428013691477,3.3772050459745997,30
426.6428571428571,9.325360931239276,2.6084421801511017,5.100181914059499,2.0938483366398146,30
426.71428571428567,10.343357197448327,2.8044455200101384,5.549909468172102,2.2063997012868417,30
426.7857142857143,10.348277976063276,2.9292389396386116,5.531688555789178,2.11572328902668,30
426.8571428571428,12.763222450616665,2.51612583330268,6.261550736804161,1.7417025937330777,30
426.9285714285714,10.423961985385095,2.094915979939569,5.014189793900192,1.479103698230456,30
427.0,8.429277238712608,1.7048576849929185,3.7468951030574367,0.826460401848052,30
427.07142857142856,9.986304767167713,2.0949591845614344,4.470749655423183,0.9851663010873783,30
427.1428571428571,9.12119868875659,2.069643741569682,4.006498159322146,0.8952682556726427,30
427.21428571428567,8.796593696687339,2.1832605238977574,3.81117193882066,0.9901082038099924,30
427.2857142857143,10.665683310098869,2.5119606632623204,4.668863704248954,1.2206540987275636,30
427.3571428571428,12.250739830658418,2.69385460733403,5.274801627262847,1.309915222427406,30
427.4285714285714,10.601512990976861,2.0450931299909354,4.974853157004116,1.0339969166964345,30
427.5,11.59435538972733,2.4323717956882,5.891510364457145,1.5576787344499783,30
427.57142857142856,16.32959289655911,5.765128204119627,6.9434034471671495,1.9289042286614226,30
427.6428571428571,13.756717384137767,4.737870966285051,5.814162301569383,1.7620862388767395,30
427.71428571428567,15.829709274518242,4.686302848092438,8.970849936762267,2.9798985895546863,30
427.7857142857143,18.34533877544757,5.91969263358221,11.801412181941188,4.631339173572879,30
427.8571428571428,19.187568597060096,6.349013263853819,11.471132389568185,4.2448477806288984,30
427.9285714285714,19.204792181178274,6.762481491402519,11.798326793115068,4.674437574355916,30
428.0,20.64782381172901,7.731713451781568,13.177558881079554,5.767524575692678,30
428.07142857142856,23.58848833048243,8.745518854958876,16.105736479739274,6.888328730213095,30
428.1428571428571,21.809028036236278,8.919001207637727,16.27579491698057,7.100645360001373,30
428.21428571428567,17.20464864045704,6.438867306869672,11.185114436882044,4.236525602924307,30
428.2857142857143,20.907454023621508,9.014117607409116,13.240551926272506,6.3646460911061675,30
428.3571428571428,21.551054242394503,10.104344518970798,12.873065371188451,6.685915579512591,30
428.4285714285714,26.95767734786974,10.163372358706601,22.838881508643965,11.479281885386536,30
428.5,25.68849542321376,9.282630983568547,22.459121493841298,11.478602216724575,30
428.57142857142856,13.424495503281584,5.378452107255495,9.707488700207138,4.958294432608817,30
428.6428571428571,17.405952989002408,6.046941192812561,16.674040290946174,8.105132891968752,30
428.71428571428567,13.399701015287,4.279331867376339,8.54966933123366,3.146184201958948,30
428.7857142857143,11.64493344890924,3.0355750706256273,10.82697183390511,4.808198792351916,30
428.8571428571428,9.63134327327184,2.1818912115731246,6.487300483419536,2.2399085964652934,30
428.9285714285714,10.493279004786807,2.691814977630588,6.148319043153917,2.0466346085255966,30
429.0,9.223524231029097,2.5334984980249815,4.998409141299506,1.802160721558481,30
429.07142857142856,7.246491818691774,1.6715664942728397,5.050140060428555,1.8773866325781976,30
429.1428571428571,9.185254446659773,2.488603581211731,5.6639127138372904,1.9338865665067204,30
429.21428571428567,9.649706739470467,2.5185332475168294,6.164454428139565,1.9940928945312768,30
429.2857142857143,9.627203524949639,2.6171055245772865,5.813668596946832,1.889644014675878,30
429.3571428571428,10.493614888651338,2.2539856012015034,8.832313239069396,3.8388415064738086,30
429.4285714285714,10.67029935113512,2.6327616107012344,8.368028654420621,3.500229501423107,30
429.5,13.301618353881524,3.670809635379023,7.871191640650975,2.7096577938084847,30
429.57142857142856,13.495448663094907,3.9645209171649736,8.012251076194326,2.955600691979953,30
429.6428571428571,9.852753766108409,3.468385440602225,6.321338261581203,3.0616808783102334,30
429.71428571428567,10.424998288508457,3.68938923359964,10.068049150760267,5.18052006054496,30
429.7857142857143,14.430638595323739,4.7102374045501465,11.210028349436348,5.136758885512214,30
429.8571428571428,15.135382645244208,5.228152787392384,9.058263838143999,4.07967315906796,30
429.9285714285714,16.48080479526209,5.6299326955376205,10.145800962926232,4.532531083679818,30
430.0,12.583864941608837,4.883604184805662,7.77473694418086,4.182314795776771,30
430.07142857142856,12.511773289973462,5.587352337701928,10.28135188872006,5.550739303470711,30
430.1428571428571,13.39845628469358,5.569344730651941,10.734990222307145,5.580662993830622,30
430.21428571428567,12.87319220293801,5.842542680432744,8.573013613877169,5.109866918867233,30
430.2857142857143,6.480612430006465,1.4167871061393222,3.1729862572339496,0.8197766868822067,30
430.3571428571428,11.966944131115126,5.563207043817262,8.097037333063163,4.85983507780428,30
430.4285714285714,13.687030483116425,5.529293961199915,8.699341624341686,4.838784396176781,30
430.5,12.975143413153202,5.127451460644639,8.45014499180398,4.51145267417098,30
430.57142857142856,11.522953062890895,4.799017529176406,7.5574041379675485,4.21507529182477,30
430.6428571428571,13.741710317986222,4.868408360888251,10.984913760627158,5.427258454625166,30
430.71428571428567,15.225831515834624,4.989105592693215,11.903461833867848,5.518818450939332,30
430.7857142857143,11.063960765987321,4.036693142357348,7.576826103933775,3.616973270518456,30
430.8571428571428,13.345204377219467,4.110219978268492,8.100435271273797,3.581480935918641,30
430.9285714285714,17.225969531542336,4.528191702129778,12.714461872685003,5.238459435002704,30
431.0,15.266260785266152,3.889967401594527,8.993275455725483,3.1211528023439343,30
431.07142857142856,8.676875335454234,2.1740031901065153,6.679411536338198,2.9938240522904076,30
431.1428571428571,11.096296431554064,2.7578955470724793,7.195771164322275,2.8363107352111583,30
431.21428571428567,10.233607388242698,2.533008240933268,5.772755421554761,1.5864056847326644,30
431.2857142857143,7.111768182169985,1.4039067473378073,4.782315074342421,1.400637295651001,30
431.3571428571428,8.808499628889079,1.8866039212315449,5.2026277945585395,1.511841448237837,30
431.4285714285714,8.113102044770566,1.888565669823874,5.258622016992272,1.6904868098058732,30
431.5,8.968770783881737,2.331339580074099,5.695752523590663,2.009911400176067,30
431.57142857142856,8.891696527278826,2.487195073359651,6.118655347806589,2.2697524355496226,30
431.6428571428571,13.097271970424574,3.329720638860791,9.239948859062274,3.7661269927665852,30
431.71428571428567,11.086251498554615,3.4607809584936002,9.013832355438256,4.259066109343174,30
431.7857142857143,10.159703248490091,3.717425754124292,6.540876516471627,3.2375495661328673,30
431.8571428571428,12.402973471787602,4.673395895239182,7.933147983807087,4.001699489531156,30
431.9285714285714,14.728969005358094,4.5638360686843145,11.207359113046346,4.945345047335169,30
432.0,12.189630485192785,4.679211768279607,7.1724206909778285,3.9799465736179633,30
432.07142857142856,13.712455511318515,5.1211870548015614,8.223834865517146,4.333659715425946,30
432.1428571428571,12.250972319980649,4.92394467553503,7.909746198552379,4.2547592361571915,30
432.21428571428567,6.879684422318311,1.5544966049642608,3.219856178646272,0.6876680970560968,30
432.2857142857143,11.458997739752183,4.651928554414261,7.30703638394289,3.9972992347633713,30
432.3571428571428,10.704735614996665,4.279959438400957,7.164914354095412,3.785602688765979,30
432.4285714285714,8.003756661383143,1.5716396639900294,3.8470504454303147,0.9588099733162623,30
432.5,7.916865605223685,1.5142337858432644,5.939229325050724,2.992661194580838,30
432.57142857142856,10.685626747810433,3.3214816172837183,8.564833750690806,3.891755218668313,30
432.6428571428571,9.489630488317962,2.693342700008478,8.035695398510372,3.586742385768032,30
432.71428571428567,9.041054824631484,2.395767274726708,7.489314601533798,3.601371076789596,30
432.7857142857143,8.200454895346857,1.9517866677997033,7.248598589973982,3.493092339512304,30
432.8571428571428,8.040280609887473,1.828278448090781,6.443659310103843,3.3297541824751096,30
432.9285714285714,7.884187348382309,1.583184455173089,5.835050324641934,2.6794453347437885,30
433.0,8.22526233529775,1.638437533272406,5.8991153072032425,2.4025342879922893,30
433.07142857142856,8.21647611906998,1.4506217721077472,5.796507011931725,2.1473022943184428,30
433.1428571428571,6.319534460271605,1.335855825035773,5.207712341623875,2.176704717736905,30
433.21428571428567,8.690413170944641,1.7086499821771626,6.278471927247738,2.693647644670346,30
433.2857142857143,10.043574482340482,1.9540969806721722,7.268073661607195,2.8077503709800915,30
433.3571428571428,9.926495119366303,1.9256466125445604,7.398721802727766,2.888667642441112,30
433.4285714285714,9.805426038387006,2.203439987800038,7.12403426734728,2.9309066114748425,30
433.5,10.549975818469415,2.3726319694928466,6.312848313722053,1.8704744477686819,30
433.57142857142856,7.934144884418665,1.6808473813777827,4.655764355035718,1.4091291104677126,30
433.6428571428571,7.470578874738565,1.8200490661232545,4.382416396396792,1.5428512264616103,30
433.71428571428567,13.161610551988534,3.9150792669006993,7.584938878258534,2.6411339282469424,30
433.7857142857143,10.618387265984056,2.0780896545209893,6.042843627776858,1.6892570119246568,30
433.8571428571428,10.139256560501742,2.5442143014835983,5.837243020808706,2.05643964376839,30
433.9285714285714,15.479145054068736,6.813681690006259,18.76319194545209,14.321697942650887,30
434.0,7.266985472544123,1.8709658323185276,3.750608498090855,1.3710102730995712,30
434.07142857142856,9.110487106355654,2.299213330578131,4.712505616005722,1.6538659295008646,30
434.1428571428571,10.646104654151678,2.162982681535195,5.387908482734615,1.4815226419230745,30
434.21428571428567,8.842371114715721,2.1644112097253023,4.055958973716226,1.2984499330232973,30
434.2857142857143,8.744828658656516,2.0138531672777713,4.377258203535541,1.2114166379922604,30
434.3571428571428,10.85921114562893,3.0446937001907437,8.214080115612258,3.4559083668867436,30
434.4285714285714,11.983736377817445,3.6030058557786226,8.13951304475063,3.20221690019773,30
434.5,10.131287994321005,2.8795628930405153,4.361716891805837,1.0381051062763618,30
434.57142857142856,7.925293396692479,2.1130329479316465,3.526136711949055,0.9129851857387303,30
434.6428571428571,10.484156350568492,2.1946042084489545,6.27447349793706,1.8962164570869087,30
434.71428571428567,9.042184917359123,2.23924281177081,5.477241035933546,2.000012835667021,30
434.7857142857143,9.779133380016074,2.8898189021729386,5.734031829208284,2.1873908994997735,30
434.8571428571428,9.634941297986963,2.5405439880723333,4.896409654715615,1.4204125625157515,30
434.9285714285714,11.681052578804373,3.7837703552805757,5.181188993902169,1.5053832533749996,30
435.0,9.59571473905301,3.0448237104192075,4.339293840693103,1.1833712872031483,30
435.07142857142856,8.942176528296326,2.529827517200907,4.433939330981227,1.1268714573414855,30
435.1428571428571,7.437277690363647,1.6431003430790008,4.067810060633295,1.1530988754105247,30
435.21428571428567,6.1948740641319535,1.5005035695461486,3.1239527348892806,0.837037517549951,30
435.2857142857143,7.030814418958099,1.994928302423989,4.450320542671608,1.6291064770067112,30
435.3571428571428,8.230244867598405,2.261105755176503,5.064344557695086,1.8261984164148481,30
435.4285714285714,13.483804588626322,4.15623232272651,9.895031831641015,3.705664271823059,30
435.5,8.922912951086623,2.444751984219286,7.104460082348648,2.407927855256856,30
435.57142857142856,12.910708354553943,4.462206346008607,10.000105122755553,3.5595297622387374,30
435.6428571428571,9.238841727439413,2.333125880136355,7.843761622678132,2.9486810326492225,30
435.71428571428567,10.938410304781415,2.643761344537655,8.750677693938352,3.0312261152155573,30
435.7857142857143,9.870929109561985,2.455562247407423,8.848817376917765,3.3869951052302083,30
435.8571428571428,8.124349831003707,1.7365475230586296,6.410147441333339,2.297559536637383,30
435.9285714285714,8.140282724323818,1.7278414545771748,5.9930347868155724,1.6829839320166775,30
436.0,7.16041729870262,1.668113687323624,4.902819577066479,1.4619015115719707,30
436.07142857142856,8.481928313621577,1.8600215792549877,7.851163044632234,3.168394715962369,30
436.1428571428571,10.326720607158448,2.6777765857464115,9.879861685553701,5.298663218770082,30
436.21428571428567,9.555259598124858,2.3520665302089596,9.22757181408562,4.655054379336706,30
436.2857142857143,10.287993342823441,2.971482877104903,10.253927852036156,5.816072158241591,30
436.3571428571428,10.500221754951328,4.154500979025381,12.511876894802922,8.565758071353429,30
436.4285714285714,13.328195740288882,5.4749401531920014,15.758065770494671,11.416516967038884,30
436.5,13.138325276112944,5.846858379300899,16.612660122862877,12.18378270319644,30
436.57142857142856,14.334808796754764,6.0687734253963095,17.704620564780182,12.630204584703085,30
436.6428571428571,14.412887507967607,5.522483493887509,16.59549345018553,11.481328131866356,30
436.71428571428567,15.336769870428904,6.059531548904835,19.063651901253525,12.831816771140915,30
436.7857142857143,14.999825201724457,5.3478673305146405,16.93442026719577,11.240196730712773,30
436.8571428571428,13.455478500545022,5.5932290857071765,16.293467855466666,11.428678570788255,30
436.9285714285714,12.958062934994276,5.704733085989166,16.33974962673593,11.428484871551474,30
437.0,12.32479257126831,4.916430414694054,14.811306138342646,9.912347718019062,30
437.07142857142856,11.466751067967321,4.1485589075918,12.697102496752516,8.34994926324925,30
437.1428571428571,11.181186537501826,3.5639880281747067,11.411192708054605,7.099958921085054,30
437.21428571428567,10.965142099561065,3.082750336838504,10.671096462360254,6.053449342410359,30
437.2857142857143,11.166154207557613,2.937221687223272,10.503770554448671,5.802746503969728,30
437.3571428571428,10.335348718031124,2.7229358748768178,9.54151862730888,5.425698562009868,30
437.4285714285714,8.10269081575183,2.482105368969839,8.631806122713558,5.343259091443522,30
437.5,8.35662609655661,2.7047953439013317,8.503515114349954,5.318713353102266,30
437.57142857142856,9.162258580407983,2.9909526141736547,9.571816108603333,5.884838107776282,30
437.6428571428571,9.434887399607923,2.5011774973435505,8.260064412614916,4.481398055414004,30
437.71428571428567,7.922813235197766,2.862899919426525,8.83437823527611,5.99432248053731,30
437.7857142857143,9.049121737688418,2.2369918837877507,7.700343998936267,3.987028012308961,30
437.8571428571428,9.387013706743884,2.165968620229342,7.599784609886894,3.587620062323205,30
437.9285714285714,8.469882015976971,2.0762418792970263,7.780495583006519,3.747258919941605,30
438.0,7.537507682981696,1.847948187767692,5.247184278802335,1.7779034902131026,30
438.07142857142856,8.059662027085558,1.7142291776509648,5.874586404047018,2.431890904530829,30
438.1428571428571,8.578738796353498,2.3881096706213243,7.262687351363784,3.5875108053855826,30
438.21428571428567,9.037892884794307,2.320561187644771,7.87435010942232,3.8249765600187264,30
438.2857142857143,7.954296700304747,2.1645160572716238,6.450530805723817,3.154527255801514,30
438.3571428571428,7.894069491596213,2.0936143557014173,5.970645470581757,2.622877151979078,30
438.4285714285714,21.238798041381454,12.266224060648744,9.893352042885722,4.184662502456359,30
438.5,9.296135281471168,2.0372954615903476,6.487892486777428,2.70174197528691,30
438.57142857142856,7.553770040043555,1.972502240494387,6.431800004807044,2.7861901164070524,30
438.6428571428571,9.608193502766612,1.7628379665886162,6.885668610929729,2.4232025336929683,30
438.71428571428567,9.05469217142031,2.2085830554104,7.264954408282602,3.5753181245392,30
438.7857142857143,10.042016494895035,2.4318843584336896,7.768407344790539,3.589078871546073,30
438.8571428571428,8.648936524649491,2.434342154631884,7.299183669186269,3.6719905486980267,30
438.9285714285714,30.843911124260128,21.856532794204057,12.837085982150631,6.8151509686980525,30
439.0,10.388982142936998,2.2493017951001306,7.468097108678041,3.5707124763658165,30
439.07142857142856,9.492289862010702,2.6674432700223694,7.685380010192307,3.7726930105673935,30
439.1428571428571,8.806146759248547,2.0653129251528966,7.056030571908298,3.1297427587002975,30
439.21428571428567,7.466345017648771,1.687331177751679,3.991086421047749,1.097886882941236,30
439.2857142857143,9.312343867495878,1.8683137245671664,6.525945045501989,2.4047371412244876,30
439.3571428571428,8.765062495793895,1.87885336092543,5.919850499664246,2.2453994430806485,30
439.4285714285714,7.838767574763483,1.6536615325533708,5.577237110230391,2.1095470397963774,30
439.5,8.438961691004252,1.7439049091016983,5.655519619611993,1.6891288516131289,30
439.57142857142856,20.953543887848063,10.266269498961769,10.449896138016138,3.5621007259951423,30
439.6428571428571,18.59232990349361,7.887771464859804,10.03250584413038,3.2948043070147484,30
439.71428571428567,17.477621882921156,8.926801156180831,8.097614978222966,2.8518776198070093,30
439.7857142857143,13.871669474283802,5.710318796574201,8.173141019060225,2.4397302415840816,30
439.8571428571428,14.502504359113583,6.715141463271739,7.905159226408239,2.450197884609477,30
439.9285714285714,7.567905181189233,1.678070865625964,5.907824524289186,1.9409999370972346,30
440.0,9.20526444467786,2.0931543554415737,7.153598642495771,2.277096367012749,30
440.07142857142856,8.758629987833231,2.1436823306399275,7.024328616533747,2.285626320032133,30
440.1428571428571,10.541655792748724,2.8640480043319414,7.624517803602082,2.2974052139156758,30
440.21428571428567,9.268788050689679,2.687381773662471,6.095901086218602,1.9647081029085307,30
440.2857142857143,7.999389728706864,1.9886969151878717,5.513078408803571,2.0856175073491183,30
440.3571428571428,9.53302323675665,2.7584082752177754,8.120222033084955,3.0641494628985373,30
440.4285714285714,10.72053715887212,3.1168539472785253,8.341995460384858,2.976036319890687,30
440.5,10.685748907872192,2.920757775732447,8.552802843714987,3.2308020758685196,30
440.57142857142856,12.755592593379122,3.994918819779346,9.303954010954774,3.628550085646939,30
440.6428571428571,12.021198697588705,4.256099481945356,8.234052621813827,3.6255808399742464,30
440.71428571428567,12.61066902957398,3.751234299155062,10.155862492904125,3.7257550164282893,30
440.7857142857143,13.02693413009353,3.4089907705756315,9.18388818807959,3.2051718731859573,30
440.8571428571428,12.997719780984477,3.2565517755367197,9.650410902059594,3.2509383261085842,30
440.9285714285714,13.128726559070856,2.945732114180873,9.76308631132518,3.2027124382598555,30
441.0,12.598894082281864,2.995373091853737,8.791231785986563,2.6909521021299616,30
441.07142857142856,11.94135955443719,3.1620506563032498,6.826150423859153,1.9141674051299697,30
441.1428571428571,13.610670585605249,3.666726452811306,9.111282038176666,2.685343664940964,30
441.21428571428567,14.89871962826037,4.463254010053033,8.607316209114039,3.399082940339804,30
441.2857142857143,14.681030366496111,5.512927248470736,8.554253160101,4.3740917948995905,30
441.3571428571428,16.33899086039717,6.0817819511556594,10.488841299829444,5.016264130106881,30
441.4285714285714,17.184361296147454,6.992852629818854,11.191200418635002,5.712227639871894,30
441.5,18.058154499518306,7.842816359468251,11.787771385714686,6.432946712621983,30
441.57142857142856,19.865834381306367,9.223794961303394,12.305698775288722,7.674671123509655,30
441.6428571428571,19.838499227080856,9.59599114506735,13.349962622235019,7.984353095686808,30
441.71428571428567,20.636691988264847,9.864550200911205,13.726256780082897,8.238613942753553,30
441.7857142857143,20.41237652241519,10.65821515561976,13.192031534826809,8.877812939027528,30
441.8571428571428,19.775786675333272,10.865962398552412,12.856209578266787,9.006630357473844,30
441.9285714285714,19.974142734408353,11.01004886800304,13.738640020956435,9.008424247811268,30
442.0,19.01399359710816,10.775825205978435,13.52311977579859,8.977444263866063,30
442.07142857142856,17.974610081119586,9.761216763087058,13.207974323902771,8.178751530190468,30
442.1428571428571,17.740532594015495,9.428870151034324,12.222479472735541,7.7538720789604785,30
442.21428571428567,17.5298843830434,7.9904180387180785,12.936120806741236,7.002991304292088,30
442.2857142857143,15.352936166781538,7.0992992842178815,12.01666403112879,6.374081177944586,30
442.3571428571428,15.176379708935407,6.418171836249088,10.231021471920615,5.043609698280657,30
442.4285714285714,14.966476256909937,5.7320571871809705,9.953272084507697,4.711436715912891,30
442.5,13.349474115704076,4.896925244917252,9.108273520259159,4.018490930527747,30
442.57142857142856,14.424229552384,4.918451919101332,10.46497870285326,4.929260530815675,30
442.6428571428571,12.211536972228387,4.2750039995873825,8.002103415770177,3.4965332159796385,30
442.71428571428567,12.38842879977426,4.213725730536922,8.137590284003993,3.5197188672644177,30
442.7857142857143,13.635669471279115,4.37038904298502,8.687421261379411,3.5202600045025165,30
442.8571428571428,13.150426459632392,5.246542152637111,9.554314210027684,4.4115800751653556,30
442.9285714285714,14.637525172095295,5.829812669253299,10.51114077193422,5.018407903252278,30
443.0,14.755288868732551,6.613571348231319,10.79582620569196,5.777610201130631,30
443.07142857142856,14.90879698036383,7.629990034276353,11.682136210354495,6.832040831199696,30
443.1428571428571,17.47902659571373,8.328969301446188,13.082176928927835,7.5471149467787795,30
443.21428571428567,18.777824451125625,9.614124693126218,14.59433320656709,8.669166056976314,30
443.2857142857143,18.499478664974994,9.80339743390214,14.217701471959128,8.731619056486474,30
443.3571428571428,18.252899252756738,10.212856895350924,14.374114833007686,9.034871052261142,30
443.4285714285714,21.690424651455597,10.750923683724407,15.321191788307036,9.341278186879617,30
443.5,20.46999427808453,11.221069964213132,14.936258047280974,9.82783301428399,30
443.57142857142856,22.327250313922818,12.16865080761151,16.204082601653113,10.587067432387617,30
443.6428571428571,19.766416955856673,11.462807976089112,13.944083867291098,9.963107011469864,30
443.71428571428567,20.354860584812805,11.254533510625421,13.750035631790272,9.744675678291804,30
443.7857142857143,19.904216346771168,11.529525643515228,13.62626491248847,10.000385429107764,30
443.8571428571428,17.76656179950143,10.338691749652646,12.454074504208206,8.94589314418753,30
443.9285714285714,16.781835149332753,9.486883855921393,11.38622480887629,8.186306240641384,30
444.0,15.116049423505775,8.37428267314288,10.671114470056688,7.292683810822157,30
444.07142857142856,15.444078493364268,8.878414466311897,11.12151467289741,7.792484474755566,30
444.1428571428571,8.081167730864559,2.1667340314528,3.8061688593269425,1.014427166351277,30
444.21428571428567,12.856626286595459,6.187912518451238,8.442017259382723,5.4313375533862365,30
444.2857142857143,14.561161242720887,4.955146205345172,9.549515867036957,4.381129066712296,30
444.3571428571428,12.927912511128776,4.5325993868769725,7.213055145509935,3.8533482277332767,30
444.4285714285714,8.084573739236028,3.5601627271167,5.477480904982445,3.1262517873499815,30
444.5,9.946530713474365,3.0966734543311696,6.347038687436308,2.4207803881480063,30
444.57142857142856,8.738552282938516,2.5147345090379596,4.948218428998734,2.1559508822233546,30
444.6428571428571,10.096961785327496,3.295205934590405,6.004164218835266,2.81816617172155,30
444.71428571428567,10.249119096201799,3.914131245933416,6.758758207796385,3.435736308904982,30
444.7857142857143,10.080137910783039,4.925854022580276,6.906784738827213,4.33479913714736,30
444.8571428571428,10.682300158695185,5.060878137637836,8.15211497220144,4.535632387063203,30
444.9285714285714,12.025973093624625,5.617330164793441,8.87265067143242,5.080193126062085,30
445.0,14.12706198082033,6.866501907521229,9.207400960603941,5.996838048736361,30
445.07142857142856,7.823177010168756,2.425377295744013,3.081731904656731,0.6908071419542886,30
445.1428571428571,14.704992837827502,7.727947072717876,10.5505835907513,6.846340792116861,30
445.21428571428567,6.554720033385898,1.8502240485263732,3.563295575378046,1.3484189735555683,30
445.2857142857143,15.613992664214873,8.480972803559043,11.453423920734409,7.452045951948332,30
445.3571428571428,15.758731260206705,9.295897807116374,11.3489444310337,8.133261109555953,30
445.4285714285714,15.908893722695668,9.747760240248088,11.437055278793027,8.54998790429194,30
445.5,16.535876856864775,9.303100380372856,12.57349016271705,8.217409932414572,30
445.57142857142856,14.56923839755886,8.535216026344626,11.425581047764636,7.5200528173495655,30
445.6428571428571,12.38240348307588,8.017720410041843,9.342242430635835,7.032365129026492,30
445.71428571428567,11.793879903533277,6.6744025373701525,8.760450840862607,5.850138792889774,30
445.7857142857143,17.073838008444586,7.808854860139452,10.000519626933222,5.527592028745161,30
445.8571428571428,17.769072046343734,8.17538172055119,11.68382280832625,5.982184532607375,30
445.9285714285714,15.658234658212535,7.271066850005664,8.946384308856397,4.852092031870909,30
446.0,16.796379550637614,6.621610886070761,10.118530894589412,4.575853549483793,30
446.07142857142856,13.550717203797975,5.207762754327661,7.647666981839797,3.368847284033859,30
446.1428571428571,10.015314736047818,3.72802796648837,4.592177229297019,1.3922912144529815,30
446.21428571428567,12.203638167186748,4.627261255072884,7.0727497160356805,2.7185258137803245,30
446.2857142857143,11.871344701321792,4.319946690168164,7.495803554974204,2.5939810517636257,30
446.3571428571428,8.77032625410686,3.602367490591438,3.6061194431290335,1.2490402669480778,30
446.4285714285714,10.981031225652995,3.6817964593521584,5.041699819589112,1.5805151281586705,30
446.5,15.25070122088465,7.430052114018033,6.950104183684764,2.732446659016986,30
446.57142857142856,15.901920371411453,7.602579081098632,7.12441956617841,2.815086737807873,30
446.6428571428571,6.530953137407249,1.378102232417299,4.029642468535627,1.15814183315302,30
446.71428571428567,6.697182945007643,1.567557187450108,4.2526588096512015,1.6093925805841196,30
446.7857142857143,6.606780157295363,1.4497596063957912,3.3158343246500808,0.8116087870156178,30
446.8571428571428,6.719342089077343,1.4535555377856746,3.848937920220595,1.243284514884882,30
446.9285714285714,8.506423318815637,1.6964820783739996,6.083532487638355,1.8143568897683229,30
447.0,10.089912646915352,1.9595476465346442,7.766502117381213,2.7246034315091525,30
447.07142857142856,6.321455199571862,1.224622973832522,3.7346300302192095,1.2076882451432949,30
447.1428571428571,7.622079709109158,1.6380119662389439,3.157002092092121,0.5455288850230036,30
447.21428571428567,6.989536169646754,1.8046658319547946,4.1038642957573535,1.5238588496501002,30
447.2857142857143,8.67333874945603,1.6938283881687062,5.939982891385907,2.0478918739157943,30
447.3571428571428,7.608075414850209,2.154308001634919,4.883693096353521,1.9734678737858962,30
447.4285714285714,9.19714776672947,2.1612075701878095,5.657664461704155,1.9999124881802017,30
447.5,10.026503906574892,2.735286943169265,8.595519542998916,3.8604891641237096,30
447.57142857142856,10.076960515432296,2.5673038797628207,8.841036993547146,3.753377407008256,30
447.6428571428571,7.479426148545707,2.8186790538051603,5.970287476237775,2.966796263617501,30
447.71428571428567,8.393581207649728,3.1173352988710494,6.370868014746767,3.163436610676015,30
447.7857142857143,10.035729688919155,3.074004042293827,8.408416174319974,3.960671761337489,30
447.8571428571428,9.798791675640237,3.423267126526916,7.944626738148124,3.4209600044424375,30
447.9285714285714,10.46812579054862,4.1767653237579525,9.505229152603661,4.580010869207994,30
448.0,11.862167557995251,4.698915772325006,10.148417168367386,4.602001346050746,30
448.07142857142856,11.644035039252897,5.003153955416277,9.631619231451923,4.603092195771503,30
448.1428571428571,11.85678088207355,5.906052401558221,9.445540830966127,5.3956688104186075,30
448.21428571428567,14.266125958977272,6.808532131047592,12.379390978009594,6.637242440774128,30
448.2857142857143,15.923863042375478,8.294504594200086,13.24111363490903,7.530127917476416,30
448.3571428571428,15.071093689255814,8.303603809591962,12.215615914097082,7.45843380652937,30
448.4285714285714,15.969737664388942,8.845974645817009,13.447326014095795,7.924143066779719,30
448.5,15.361136426456211,8.887999986986301,11.72164490379075,7.769749684681386,30
448.57142857142856,19.575096124912328,9.610297205261631,12.841148839852083,7.59406175220098,30
448.6428571428571,21.55070545558716,10.235772446242143,16.01492381533734,8.44747209342511,30
448.71428571428567,18.432407973634586,8.376664326086834,12.405747205711762,6.6279410652345305,30
448.7857142857143,16.233190842791,6.599255433627158,11.3808853859661,5.263580871681862,30
448.8571428571428,17.655075007890634,8.00898670535937,12.812455363771525,6.499056981607922,30
448.9285714285714,18.784895769149603,7.737562091305828,12.668362765304336,6.172938605771614,30
449.0,18.622668995522556,8.338696723070504,13.083158847954158,6.752876334758669,30
449.07142857142856,15.186055741750634,7.7847910355835115,12.75971495015536,7.0316771851694195,30
449.1428571428571,15.081841520638976,7.097785698774964,11.259656662809833,6.292777582699937,30
449.21428571428567,14.707231190730598,6.801948641874186,11.294358653756102,6.063235426262819,30
449.2857142857143,13.945188298936907,6.3867154632913365,9.863592996460618,5.624753241621377,30
449.3571428571428,13.046823142264293,6.752409369431571,9.236697505655044,5.8683659143588995,30
449.4285714285714,12.607548596144401,5.765758223284604,8.823985399130846,5.054067304423421,30
449.5,17.875213014121655,8.068353867484104,10.321841643708455,5.221272968299137,30
449.57142857142856,17.75110178391759,8.00462010866671,9.917281987579466,5.109385821434223,30
449.6428571428571,18.13378245163182,7.535719019947395,10.624344204525107,4.2340879019036235,30
449.71428571428567,14.47780438526023,6.89370169860646,7.0341730963319815,2.543091963956327,30
449.7857142857143,14.965705372742393,6.797926054021692,7.733192947613817,2.75259756595494,30
449.8571428571428,14.932275448527891,6.616899657477041,7.752320261075869,2.6153552782143046,30
449.9285714285714,14.011188909269226,6.404731421715764,7.860427270514273,2.6808156150837132,30
450.0,15.77232818655687,6.372961354190771,8.379074979110886,2.8335662476989736,30
450.07142857142856,8.410058582487073,2.59228102346576,5.915384912532585,2.192261028696542,30
450.1428571428571,9.206133565393289,2.857988269418213,6.472815227049759,2.2630006611232214,30
450.21428571428567,9.138268750925162,3.1850132107112197,6.0550622722959275,2.3552768689403365,30
450.2857142857143,7.88900269210356,2.0865391885518685,5.591337768073616,1.6750890619415233,30
450.3571428571428,7.333378683329776,1.6402522144571725,6.053464281150614,2.044402203824157,30
450.4285714285714,7.64900402238979,1.8622437262053366,5.087780406498237,1.5836101321672251,30
450.5,12.07694348682199,6.059833400641456,9.101860894572392,4.4488932738757985,30
450.57142857142856,12.9691922023861,5.957230285937547,8.868247693886223,4.281216951573835,30
450.6428571428571,12.440259170147131,5.944609888816787,8.45078025568104,4.245902514291331,30
450.71428571428567,13.128725721774131,6.1593595316513206,9.163970350421504,4.484357959838924,30
450.7857142857143,13.86970237583065,6.177688814668397,10.138258279260697,4.613859588884254,30
450.8571428571428,7.779855223704279,1.9133421081570612,5.427062612198325,1.9112823306802909,30
450.9285714285714,12.786212021855203,5.008450074451103,8.728146578651533,3.795621402375552,30
451.0,10.24421445310711,3.349033563779228,7.252017832070639,3.0236931059835586,30
451.07142857142856,9.21682083704306,3.474048722588939,6.652862381347084,3.038151848925709,30
451.1428571428571,8.35651384221516,2.800959569700291,6.364382602689327,2.5960263965011348,30
451.21428571428567,8.576434752622946,2.890955897539227,6.9053149807466925,2.826351625412661,30
451.2857142857143,6.906885145387012,1.787012814456791,4.301591252608206,1.4955119634121932,30
451.3571428571428,8.384511980139301,1.8915414081869903,6.066120545642969,2.0113110595457133,30
451.4285714285714,9.095572901672211,3.733357667772409,7.269889013032649,3.436637947492061,30
451.5,8.075916518199334,3.067673800330138,6.480198732498527,2.832053691742258,30
451.57142857142856,11.83740505166878,4.329979511777636,7.697758582756909,3.7038351287650038,30
451.6428571428571,9.095077364030326,2.7455945586917583,5.583352577935034,2.2181253664790654,30
451.71428571428567,10.909590761986271,2.956932377453333,7.0337001043852085,2.4081134883738793,30
451.7857142857143,10.180308492808543,2.9600115546056824,6.065393981284349,2.167738570678694,30
451.8571428571428,7.915990551144506,2.6675709836738464,4.711305529813381,2.214407412464128,30
451.9285714285714,10.978410604275636,2.9621943678143463,9.152142721788486,4.32423616092442,30
452.0,8.750200082910691,2.470900170489568,8.199961633113842,4.013854165141962,30
452.07142857142856,11.549475120892138,3.3151373657734147,6.2080028956501065,2.3051093730624306,30
452.1428571428571,8.609330404274823,2.9918054647296293,7.8895696391265,3.674369893373516,30
452.21428571428567,9.226468674064458,2.8451943865492773,8.328296753122984,3.8329700405992915,30
452.2857142857143,10.725306293649364,2.801618803412462,8.086787132769302,3.23503002101988,30
452.3571428571428,8.802852444492162,2.5561961816900105,7.093216726560878,3.272745188169262,30
452.4285714285714,7.554488161550157,1.366658397506137,5.483320614763131,2.4094497026537507,30
452.5,8.661994829246927,1.7140705812334576,7.754957175894922,3.246058223540702,30
452.57142857142856,8.492380207247262,1.9473569233452557,7.200924073046621,2.87791735312404,30
452.6428571428571,8.891000515709177,2.3632970286176382,7.748321324775774,3.2416893939621185,30
452.71428571428567,10.298403025400937,2.7984254381275324,8.530280378716226,3.3740885619898955,30
452.7857142857143,10.032606727445891,3.0992629089120554,8.93238139491445,3.8231756201773535,30
452.8571428571428,12.282474717944476,3.8256940803337063,9.508327452555234,3.9758818670784764,30
452.9285714285714,12.795591120494397,4.042761653772995,8.861924546288666,3.5269962404762367,30
453.0,11.157739076376439,4.322235911973262,8.994780563997764,4.0343928264696745,30
453.07142857142856,12.471276199097813,5.401975769589454,9.658873686297708,4.932835260591614,30
453.1428571428571,13.452990345684134,6.250264156338849,10.94019158306841,5.74188011630909,30
453.21428571428567,14.024581766497727,6.920891584497858,10.865941836530885,6.185058987767556,30
453.2857142857143,15.536148373359035,6.87534027341411,11.140095773791527,6.088750455551653,30
453.3571428571428,15.864329601419362,7.596793961559424,11.597081823148145,6.6790239517281655,30
453.4285714285714,15.869710411144524,7.518492434298671,13.495682528634982,6.933612472603139,30
453.5,16.98007786655058,7.629983719400933,14.562875712097501,7.158454844905873,30
453.57142857142856,16.093989675153605,6.378220818968364,11.429373077287238,5.491441944053627,30
453.6428571428571,15.293832928269833,6.1251613120108175,10.616137192554852,5.367129670337212,30
453.71428571428567,16.311526233961033,5.624873084665189,10.405560097741004,4.856564898072403,30
453.7857142857143,15.238546501919673,4.684083202098668,9.662640944587448,4.139195651195368,30
453.8571428571428,12.688740861700625,3.600880170254625,8.548834923610649,3.189900244831547,30
453.9285714285714,11.367188672238822,3.173549341086043,7.999346008145007,2.8564606275684703,30
454.0,10.716673165692953,2.7936222468426073,6.918227039412827,2.2621157128202993,30
454.07142857142856,10.9746974544872,2.5710157820478123,6.8031588091886865,1.9449413417288801,30
454.1428571428571,9.84038315262176,2.3903827419394927,5.677437581280352,1.61505930151565,30
454.21428571428567,13.31318574867988,4.720074078902622,7.226098270803852,2.427527116822358,30
454.2857142857143,10.835636421004308,3.46270589767025,7.326106112590048,2.8384494509922735,30
454.3571428571428,13.530162628334825,4.270401610965616,9.67645764850972,3.785735366941453,30
454.4285714285714,14.446314268590866,5.068119131523362,12.795430438085237,5.631623979680499,30
454.5,14.97317889383306,5.700146747911043,13.15939211221693,6.03850606578282,30
454.57142857142856,13.796239104739804,6.144278544866172,10.289094012832534,5.426854673359144,30
454.6428571428571,14.724394400267158,6.231779872004132,11.002820459922644,5.448604543903697,30
454.71428571428567,16.4381992351771,6.9484498188188235,12.24387043940633,6.168415386712123,30
454.7857142857143,18.517277242925537,7.465418168707619,12.52470234403784,6.72907986694622,30
454.8571428571428,17.13369848328257,6.913670424717975,12.381161388862916,6.199614122883161,30
454.9285714285714,18.49070970280498,7.011340722433238,12.294299850244867,6.136084716917533,30
455.0,17.351262391162113,6.4723508144050035,11.813632265514727,5.8968125244099605,30
455.07142857142856,18.37893444397045,5.607040170106812,12.398630804616824,5.061951870626175,30
455.1428571428571,17.059419225176004,5.48747861980068,10.61463668764458,4.681627944346862,30
455.21428571428567,16.604813438463285,4.77066503774823,9.471082155055392,3.990535451902005,30
455.2857142857143,13.931249959590083,3.6455005803698692,8.18482395776097,2.945821142355444,30
455.3571428571428,9.656946960642932,2.2255363784629796,4.646776657841705,1.3924390534035678,30
455.4285714285714,8.9337642260614,1.9975162963456936,4.8188254436334095,1.4628287034845378,30
455.5,11.773764024161766,2.9752923694009255,7.549076492426108,2.6510622346312838,30
455.57142857142856,11.081051322175172,4.328653017318511,6.5688908555062975,3.645089305691561,30
455.6428571428571,14.350333474046085,6.0564541720039475,8.623460970518611,5.253812215091814,30
455.71428571428567,16.373499486073946,7.912225558248062,10.246099997544913,6.870114917969493,30
455.7857142857143,15.351893121469503,8.515652365006742,10.726937376549264,7.421570278083442,30
455.8571428571428,15.497921155028816,10.171595585426772,11.633271590670665,8.833197882810238,30
455.9285714285714,18.136913708554648,11.345422527999984,13.187257258849781,9.912955270762538,30
456.0,18.825590927032746,12.046135891227301,14.729840717942917,10.532543914804942,30
456.07142857142856,20.838667576790428,12.206341111263391,15.26720408575367,10.729318121755416,30
456.1428571428571,19.744550356555244,11.777903968079794,15.341124220107005,10.334344169775742,30
456.21428571428567,16.58549070957064,10.407207804059425,13.726439901481717,9.192375999245566,30
456.2857142857143,15.995801329619253,9.177451661926415,12.379843413533267,8.166786736399466,30
456.3571428571428,15.515980691794649,7.572095272903983,13.073337541916908,7.1289478858824245,30
456.4285714285714,13.885637128233428,6.388195360085823,10.709542098258083,6.005983940921138,30
456.5,10.889122879212872,4.334583647011953,9.340491370756821,4.424226503653733,30
456.57142857142856,8.380396405788137,2.9667458420536015,7.611367417412316,3.53284140543337,30
456.6428571428571,7.109633037521608,1.7794697337013532,6.012086948636117,2.8631524791618075,30
456.71428571428567,8.139450242367124,2.8174571216580393,6.7734155770961415,3.072307268992325,30
456.7857142857143,11.604354392287593,4.188481805139339,7.617429231135325,3.7016871475988187,30
456.8571428571428,13.768837577391391,6.054828481016449,10.777773223361645,5.742409202488367,30
456.9285714285714,12.789813608074166,7.909194476322949,9.551761508753994,6.928078084395144,30
457.0,16.743742506393904,8.87450861845979,13.752990812946347,8.09670740080392,30
457.07142857142856,17.09906137023925,9.612298528117778,14.228723607614056,8.647380132025251,30
457.1428571428571,19.566295653291473,10.211521541846576,13.682014588724803,8.864062887199683,30
457.21428571428567,21.44158382216582,11.317814251897406,15.065125328287811,9.788679576894946,30
457.2857142857143,22.505740755819343,11.101237726146614,17.41555663664324,9.760306903173671,30
457.3571428571428,21.881065945548368,10.529399309356448,16.70479834743135,9.197898386697295,30
457.4285714285714,21.68678004296945,10.497720831120272,16.090804740294168,9.175801734909717,30
457.5,22.765233101940026,10.296602443379978,16.83273442905355,9.02932585486741,30
457.57142857142856,17.468744454229927,9.244731785635125,13.627086350315201,8.122804717416253,30
457.6428571428571,17.410190855970583,8.096776672166099,12.83117873474482,7.14914804827797,30
457.71428571428567,16.228451978377084,7.021197887841651,11.109426188506571,6.004320114653445,30
457.7857142857143,16.984736240473506,5.918408200737656,12.980658269328158,6.033630808803408,30
457.8571428571428,13.974990627817245,4.846514888650854,8.404232534505935,3.569569888301665,30
457.9285714285714,13.710405740192327,5.187207137352582,8.732917226624656,3.432103744981729,30
458.0,11.468264568113673,4.377632329192868,7.887295715258271,2.96660152278347,30
458.07142857142856,11.42728167467451,4.433892074322952,5.720549210112166,1.655938645467504,30
458.1428571428571,11.931739079158193,4.432536742530234,6.6864896272601655,2.0836521697112267,30
458.21428571428567,11.959240168808,5.224371280562173,7.217543077276152,3.024774859930878,30
458.2857142857143,14.729097339651133,5.214404066493816,13.471827261932509,5.700445110736701,30
458.3571428571428,15.45763974169067,5.739056842641745,14.286115512446683,6.138174956897689,30
458.4285714285714,15.595426411184189,5.9338814017263966,14.324960084231012,6.32987763997651,30
458.5,16.66873643036913,6.246495775499418,15.063248706073328,6.549829907073912,30
458.57142857142856,13.00999599221634,5.513323673215875,14.831503819316985,7.052899940889075,30
458.6428571428571,14.775571537215729,6.246994754936308,12.59472479743767,6.651054064178465,30
458.71428571428567,14.233167474866333,6.284982204305214,11.83691057214306,6.233973239429078,30
458.7857142857143,10.652335408044829,4.000003669618415,11.23672118385696,5.5946661830852396,30
458.8571428571428,11.938186765446124,4.358586552621448,10.442238684577323,5.09120748117542,30
458.9285714285714,12.927155404832414,3.613777563338635,16.716503591028836,8.856961403276898,30
459.0,12.022278735248017,3.4261947932455175,12.863622110680284,5.926960561911174,30
459.07142857142856,9.06793444054105,2.0598961519678936,10.186919832169897,5.122529445878124,30
459.1428571428571,9.123346986497697,2.396822020635979,7.780760235926976,4.332413252607615,30
459.21428571428567,8.212602907620132,1.9486827492258096,8.181969188636957,4.530601693865799,30
459.2857142857143,8.373415886770173,2.2426812764822346,5.085035894338987,1.6892139927791359,30
459.3571428571428,8.830340728117376,2.6983732918402157,5.17004215227243,2.084727736524518,30
459.4285714285714,7.715768423404064,2.7852253981610997,5.229394987333788,2.479984109363587,30
459.5,8.30456006036816,3.151430927074102,5.909558520210925,2.8317570131409364,30
459.57142857142856,9.579364812967803,3.1067722714736647,6.061999720871313,2.719804685994529,30
459.6428571428571,8.989052333667736,3.1809806402993552,6.092097447200357,2.847711068219528,30
459.71428571428567,9.883868522087418,3.0549863805070117,6.211242165903173,2.628332657197404,30
459.7857142857143,10.580441725874126,2.844470574366051,6.038773376486817,2.0429139158351366,30
459.8571428571428,8.265194820997435,2.2876428539645444,5.314023171661119,1.8749164385375332,30
459.9285714285714,9.980651490327794,2.30173802090773,7.900911247975704,3.5045283512801095,30
460.0,9.964741454802136,2.395094681757946,9.304467688709074,4.623106211573311,30
460.07142857142856,7.672932841305485,1.9504812885411862,5.054578111318068,1.7305074720417117,30
460.1428571428571,7.149925670785503,1.9106629381354292,4.741273583106297,1.594909566482296,30
460.21428571428567,7.1001061483655405,1.5155079287881226,4.565615825978427,1.2952637240414466,30
460.2857142857143,8.555445713397122,1.9855526024380181,4.611476616774351,1.160350942020951,30
460.3571428571428,7.844464709734235,1.4168031551881062,4.678906470755148,1.1256610328339371,30
460.4285714285714,8.118109016726578,1.65575850002301,4.513043763032547,1.1244906153912997,30
460.5,8.620384718599773,1.6220923536783292,7.717094717642329,4.007868777635664,30
460.57142857142856,12.170778136170501,3.128047392209445,11.2888687316473,6.055276066705971,30
460.6428571428571,7.939716906361226,1.5014268141743403,4.400737112427797,1.0769064942628408,30
460.71428571428567,10.184030876025192,2.4480128884697554,6.281744389855352,2.018096143766948,30
460.7857142857143,10.162790861039898,2.913533796610527,6.445832564369777,2.4295550267567454,30
460.8571428571428,10.926345953807132,3.744122588298516,7.186793902239505,3.1592766739159637,30
460.9285714285714,9.664668638556627,3.936562469832352,6.568572175410816,3.434712311263355,30
461.0,12.853443101240584,4.282095434608849,10.2272121464151,4.855386775860445,30
461.07142857142856,11.363903649953713,4.017512150168431,7.04596350054834,3.51953800820118,30
461.1428571428571,12.190993913868308,4.709895747375023,8.154926160359647,4.129472697315875,30
461.21428571428567,11.060816418102403,4.794468511798868,6.939693634024471,4.1325359951593645,30
461.2857142857143,11.155957533318483,5.210642686200976,7.379178936120478,4.531408417100144,30
461.3571428571428,14.311719223150615,5.378058549099677,12.77949485702141,5.654785957324985,30
461.4285714285714,14.48686756972055,5.796150830622069,11.91124207215287,5.940634850036502,30
461.5,13.160676722140106,6.445938513624588,11.39121678345808,6.3912193796856505,30
461.57142857142856,11.59823654397231,5.413239296842018,8.02474999186547,4.710558242564625,30
461.6428571428571,13.270351346634401,5.065552098237513,8.721267685810036,4.322656014360607,30
461.71428571428567,11.437499108233713,4.617346366613659,7.648516597508422,4.025579800704336,30
461.7857142857143,12.861445610005124,4.235350495416953,7.896809382503521,3.7654783813190944,30
461.8571428571428,12.27213752644153,3.727137968222662,6.775714722651005,3.2473877340019635,30
461.9285714285714,11.090992325228642,3.449209602718206,7.743023925272227,3.4206440509301252,30
462.0,10.722314270152834,3.4201573174167406,6.217421176298852,2.94740970788159,30
462.07142857142856,10.76426567234896,3.4993742141909623,6.682518600102109,3.0397641503761093,30
462.1428571428571,11.36571255523091,2.8650260729903447,8.280971314810408,3.376418100997897,30
462.21428571428567,10.086227069949992,2.425296911393736,6.784178876451572,2.6348627830733027,30
462.2857142857143,10.693683083380124,2.0482095720947755,6.568303128053913,2.2605470799628464,30
462.3571428571428,8.987447634036183,1.4915661987886326,4.431469885514906,1.000465671240835,30
462.4285714285714,7.617117119148295,1.4216047385116286,5.079021359779187,1.5107450602324906,30
462.5,7.936877787069798,1.9014846936265002,5.269367931019697,1.9195623786180904,30
462.57142857142856,9.22226439517915,2.7238831246873416,6.1127556479261695,2.4900980315376775,30
462.6428571428571,10.684293801917457,3.566428376096133,8.289895334762466,3.5558564188488386,30
462.71428571428567,11.045762426235138,3.9541930703624004,6.274207170833067,3.421016211398068,30
462.7857142857143,12.18081532415567,4.724203145153625,10.230695454581364,5.016428143780471,30
462.8571428571428,13.50438936416717,5.71793235489563,11.81868058583287,6.152947813904491,30
462.9285714285714,14.413707281796112,6.413649270412478,12.647818838744904,6.680904712338566,30
463.0,15.42112388664085,7.006152231940155,13.552649459045927,7.210527388776371,30
463.07142857142856,14.58798917086056,7.389809373413665,12.55832140091033,7.031859197110657,30
463.1428571428571,14.314262622282676,7.626203145986292,9.84377827087498,6.693234585492255,30
463.21428571428567,14.855606435826067,8.77133317973932,11.052628975454475,7.671880000138044,30
463.2857142857143,6.53540229242494,1.4470848467635933,3.396718594581403,0.9110248773916608,30
463.3571428571428,14.982075202333307,7.736637100603765,13.160483563529978,7.355577810222714,30
463.4285714285714,14.830361424257628,7.160399176852105,13.379444036585141,6.989435485440566,30
463.5,15.862253570877213,6.296021038905339,13.094900419823436,6.419252525129093,30
463.57142857142856,12.8120588500357,5.342700256077968,8.317665775150786,4.673911531399145,30
463.6428571428571,10.631762587399924,4.583844520973939,7.463269721745429,4.042189684365441,30
463.71428571428567,12.157792985770884,4.1316488407289285,10.722265338307315,5.138891124451572,30
463.7857142857143,9.932986365972372,3.5271984478776863,9.888794035919414,5.048650702434406,30
463.8571428571428,10.315976355852543,2.6556261541683,8.395220969724793,3.6690017257950935,30
463.9285714285714,8.855842688811807,2.3321913738222646,5.512375166778005,1.9807457321743747,30
464.0,8.371733154741735,2.270760681147935,7.5468982047276665,3.481258930916543,30
464.07142857142856,7.921434405858228,2.5185173388319826,5.180602563357852,2.240576407701396,30
464.1428571428571,10.244317754052732,3.434544221783211,6.860706464758294,3.060127817080446,30
464.21428571428567,9.768941495890148,4.208429886657716,7.051269725105211,3.735661638737904,30
464.2857142857143,13.702985569632089,5.418450781194279,12.368372589898284,6.038539358489982,30
464.3571428571428,11.314043975774233,5.565302611086461,8.293090342211721,4.916901984662253,30
464.4285714285714,13.273470751465295,6.187385833835634,9.343566912738257,5.468964250455744,30
464.5,12.475045829392396,5.67332294219147,8.950003693870254,5.0427046771651955,30
464.57142857142856,13.836313982000775,5.690173344283947,11.40170273758602,5.69996054644924,30
464.6428571428571,13.47733611720889,5.219344896438201,11.301574013508587,5.444135405972041,30
464.71428571428567,13.566155727114435,5.296878052562309,11.367849045326373,5.532836759022114,30
464.7857142857143,12.837873736011973,4.4800511047006175,10.148915664518732,4.743177101765179,30
464.8571428571428,15.931610255530975,6.143501555535606,11.198394517627545,5.016178834258174,30
464.9285714285714,14.388264847937444,5.446580362118027,8.151355236342525,3.474106989135451,30
465.0,14.618536082971868,6.038660380873036,7.807156378933801,3.5171317232784376,30
465.07142857142856,14.050056499733754,5.523256695840231,7.730402429577401,3.2937850470959606,30
465.1428571428571,13.53362844353414,4.572078646678918,9.671300857368621,4.141227849078095,30
465.21428571428567,12.119737955165798,4.125210305723154,6.119799557695676,2.2222123674573573,30
465.2857142857143,10.608206798622327,2.7604489470564233,8.135258507230684,3.457243570617865,30
465.3571428571428,10.646367307276817,2.801827611812858,5.167707001181174,1.6648121682853974,30
465.4285714285714,10.762487859514156,3.196941656354502,5.625848663403186,2.2905758444818365,30
465.5,12.024852045889066,3.9432114955931645,6.270999539612371,2.8131123255131976,30
465.57142857142856,13.122532855922714,4.567075826826994,7.128620438782812,3.4107683551207892,30
465.6428571428571,14.706414500889256,5.3531617119990855,8.39382327951163,4.1976479315920185,30
465.71428571428567,15.78479916281881,6.091966356924688,9.208259265984863,4.798783669614102,30
465.7857142857143,15.66981082876385,6.7092378520132225,12.721499418155387,6.489899834777128,30
465.8571428571428,16.18362146084429,6.999338710532587,12.611030086159284,6.361288797418131,30
465.9285714285714,16.422662828499057,7.129042494266657,12.781388204897642,6.455270844642414,30
466.0,15.28303385131286,7.299003356296587,9.367506121107356,5.903471491105268,30
466.07142857142856,16.457722181987247,7.755806516492685,10.410584732718686,6.291253456835753,30
466.1428571428571,17.35672898223762,7.6346763667648085,13.187052685763534,6.85991174629182,30
466.21428571428567,15.24031887161207,7.172545109686572,9.514610368588523,5.800421847419308,30
466.2857142857143,14.7577040270648,6.8344618471086696,12.154821474867788,6.505445197617021,30
466.3571428571428,16.381676236309538,6.44858497585578,12.472269965715283,6.217995807412158,30
466.4285714285714,14.96502909407088,5.6109324364896,11.871691383398396,5.704515752603962,30
466.5,11.924274167111324,4.7949090178897285,7.28933553172136,3.924129707424832,30
466.57142857142856,11.875748330699036,3.9432349495728753,7.823194999795218,3.2612107736568348,30
466.6428571428571,10.579826087246676,3.2793509131300627,7.119000866988006,2.7778218646833355,30
466.71428571428567,8.432168823654745,2.600719035602928,5.990881226597794,2.3933110288750146,30
466.7857142857143,9.426669480279608,2.0349004225120413,9.48437906568724,3.7348479449770196,30
466.8571428571428,8.50727240637601,2.0612033413637145,5.42277871188391,1.8310610140623345,30
466.9285714285714,8.425342659993355,1.9391617461947326,4.894383079522254,1.488232571131915,30
467.0,9.262922350246114,2.102895076392985,6.793158109186736,2.3029103591669853,30
467.07142857142856,10.544904730621234,3.1529712109664665,8.558332135745033,3.9689757648640853,30
467.1428571428571,12.591392830779201,3.920793792060621,12.21791887982504,6.058191602907337,30
467.21428571428567,15.075502838073195,4.464629057381517,11.102198269647223,4.467160677257073,30
467.2857142857143,17.51592942036401,5.8258829110302175,14.882442719783667,5.9647323140234825,30
467.3571428571428,20.8167518748182,6.517773857675697,17.82562130175308,7.010224708595798,30
467.4285714285714,21.615313763817152,7.695600132111765,17.296871885745087,6.851297865067275,30
467.5,14.26640540647887,5.415393150593819,12.787115789366377,5.66727026772706,30
467.57142857142856,25.425261357648974,8.379803824989258,18.076836340243275,6.48030067806264,30
467.6428571428571,23.875810866117124,7.484448134260114,17.102484604127994,5.977226365440713,30
467.71428571428567,24.43201436940732,8.750453414614881,17.4609401172091,6.34916865457014,30
467.7857142857143,25.24226780636635,9.218104170922746,16.774964066474684,5.762163702430678,30
467.8571428571428,28.66694797527979,10.528107332109945,18.408439810705,6.5056691168745715,30
467.9285714285714,19.584559909912034,7.02176733914885,16.469615130349673,6.415411760077014,30
468.0,20.945526174350917,8.442426206397522,17.74356274442169,7.193579195353907,30
468.07142857142856,17.329923352623737,6.7910192464659636,14.505692231777207,5.698192247429368,30
468.1428571428571,17.20169486888248,6.789598707558989,12.039565898140186,5.20277210054897,30
468.21428571428567,13.665512827687353,4.749884840624239,9.455628948056408,3.7511455975480823,30
468.2857142857143,15.536567736222228,5.7513910498946,10.446247749245666,4.3033485967141925,30
468.3571428571428,15.37827636890907,5.345630295309682,11.227399660917408,4.284003148547888,30
468.4285714285714,14.149704308639926,5.015512509139505,9.700737073820937,3.8610000015460977,30
468.5,14.876654962305272,5.745014633339103,10.08658801833913,4.259032279345202,30
468.57142857142856,10.586145535220362,3.0899918928142367,6.61926161840532,2.4080528712670453,30
468.6428571428571,10.61632497846455,2.9134787246312515,6.003921717613487,2.1994377974711794,30
468.71428571428567,9.200925339965734,2.1917523263975895,5.086237176097741,1.7504259532474897,30
468.7857142857143,9.76016491981605,2.404599402589155,5.688549508984761,1.7898868921105722,30
468.8571428571428,8.847724357638839,2.250177651108153,5.523462090395146,1.9269052870527223,30
468.9285714285714,8.51411621590999,2.2353614213922817,5.91299344299797,1.9626972238869946,30
469.0,9.462059514611312,2.22230312840071,6.243922794090703,2.0407178894333917,30
469.07142857142856,8.34125955632934,2.9339414594729365,6.536222771468507,2.514360450737378,30
469.1428571428571,10.148115369988329,3.4050214445013323,7.768092068285439,2.9372914151162717,30
469.21428571428567,10.917066581666496,3.7143589422186607,7.462007795209571,2.908177047952981,30
469.2857142857143,9.759526267971804,3.616223866925405,9.217587718752922,3.7699894606318685,30
469.3571428571428,10.967017816636572,3.7327275195906657,8.057262938252935,3.354595407345847,30
469.4285714285714,11.975785581203338,4.586784182724408,9.050778059650288,4.167116541707048,30
469.5,13.828197818375875,5.364192245201512,9.633691665399224,4.686477157186959,30
469.57142857142856,15.12137850630958,6.167195357530243,13.239338389874789,5.993807694808818,30
469.6428571428571,15.492167283429145,6.1156327438584395,12.035262293786344,5.777389464771697,30
469.71428571428567,17.27754722394838,6.34524741844743,14.30435061344931,6.222613217249573,30
469.7857142857143,19.344293721465583,7.048773507069371,13.325272693957636,5.847379172636277,30
469.8571428571428,20.96153903130745,7.209842519243224,15.447453287765022,6.368406150118282,30
469.9285714285714,19.929907763310613,7.147117291987853,15.70444500103442,6.285456656744888,30
470.0,23.350137327375496,7.648945312000104,17.031349656283833,6.525145083738605,30
470.07142857142856,22.046284196441135,7.470002188506701,16.77450071347711,6.5326717013389946,30
470.1428571428571,21.526974163637046,6.963920507186323,16.113211162336018,6.0967090122992476,30
470.21428571428567,21.659933054834326,6.7909024830156515,16.54675682867532,6.042047953980861,30
470.2857142857143,19.079686495021612,5.885693375747207,11.74173730179892,4.16976473819647,30
470.3571428571428,15.859206346985609,4.516391343302833,9.417546740004001,3.12946370516786,30
470.4285714285714,16.217291323358133,4.114182482365986,13.035319176449553,4.920348079660307,30
470.5,15.212863129782855,3.7492354866284296,11.970858515378891,4.605755597355423,30
470.57142857142856,13.960305082003755,3.6006526432295556,9.05000025845435,2.9225151582698374,30
470.6428571428571,12.425542972894554,3.241153137827048,7.14381342964173,1.7076666142179735,30
470.71428571428567,14.161443055200829,3.2968479525670147,10.9766039136017,3.996896892629616,30
470.7857142857143,12.219902073063555,2.8386509403849396,6.885572410039883,1.6381784168949975,30
470.8571428571428,12.691542400046975,3.039588982230064,9.235831695675099,3.9142709056563447,30
470.9285714285714,11.421920565075698,2.092296806065833,9.506172407302437,4.026634717980866,30
471.0,10.234169027424773,1.960791084399287,9.078902178215284,3.9236298500197173,30
471.07142857142856,13.582699054628957,3.623833538477934,10.683347767003095,4.169717861643068,30
471.1428571428571,13.383844537271898,3.7341660087112873,11.252896353654426,4.6958232658314385,30
471.21428571428567,15.413232929058646,4.312252479977171,12.339725708262728,4.910919272831213,30
471.2857142857143,14.066515808792879,4.56680080534734,9.5638222873894,3.3370307986267367,30
471.3571428571428,13.69212538886746,4.753776990109853,8.496606244827943,2.7183560429565063,30
471.4285714285714,16.014324987544104,5.316431758737471,12.4956381543891,5.057868187964167,30
471.5,16.336124946768845,5.543693012363381,12.913364973743482,5.028892235388344,30
471.57142857142856,15.766037197437145,6.371906491818231,11.452533659709982,4.725564445711974,30
471.6428571428571,16.115459105259934,6.568331299468219,11.68156361367944,4.818377036015785,30
471.71428571428567,17.290432424608696,6.759642810851575,11.56029129270935,3.981044553127173,30
471.7857142857143,17.992185615428,7.114463780648363,12.051135299964525,4.334735260627343,30
471.8571428571428,17.819194091455685,7.257248551778336,11.587064070609122,4.088044254743623,30
471.9285714285714,18.9492497019401,7.637537187463107,11.933457462849496,4.071026118067618,30
472.0,17.640520971770105,6.905935422557962,9.125595712986078,3.032894592614807,30
472.07142857142856,13.40745268429428,4.014084542847141,10.022291678011825,3.76838553541032,30
472.1428571428571,15.420885708416186,4.87390016608068,8.468997922585043,2.840139695857763,30
472.21428571428567,13.63627137213346,4.254179266622876,10.528202972627485,4.5773851842250215,30
472.2857142857143,13.12025581920739,4.543430973512245,10.28843098828962,4.716293560652176,30
472.3571428571428,14.436764654919978,4.721236012426553,11.515425403858556,4.9773145224973465,30
472.4285714285714,14.703780387168944,5.502212204395141,12.948353058614702,5.738826789830055,30
472.5,15.48889810450386,5.422708602079367,12.798558230741422,5.577855253365065,30
472.57142857142856,15.247978960512683,5.388415335082759,10.95689699661483,4.543468204448512,30
472.6428571428571,16.059956049659156,5.367468527748391,13.763779733757481,5.975121909665969,30
472.71428571428567,10.21179161910556,2.8016588691439956,6.799239545759668,2.268688589228076,30
472.7857142857143,13.716386617916458,4.849093869241284,10.042822545736026,4.244942615559661,30
472.8571428571428,13.51132645759413,4.725295120683625,9.809917618659323,4.040250762916334,30
472.9285714285714,13.138135008335366,4.7789290345560635,8.849286679498421,3.9388488803762796,30
473.0,13.906420031425533,4.323151778157577,13.143795277762818,5.590143343321894,30
473.07142857142856,15.03200539481155,4.161419560472676,10.489729119404661,3.7647467440131734,30
473.1428571428571,13.555696602804602,3.5027054260121604,10.93938122565086,4.885107619859969,30
473.21428571428567,11.697082687743588,2.86364336561619,6.8942609096827345,2.2193662054691736,30
473.2857142857143,13.278390372834798,3.4754827968835613,10.718092155119466,4.383158954933356,30
473.3571428571428,11.206717205383386,2.8823125887816943,7.015539233579891,2.312961684592799,30
473.4285714285714,9.85975053959929,2.447961502737399,6.208008459722339,1.8671584780635218,30
473.5,10.436869387896822,2.2057469937285346,6.142703845925375,1.663212670056699,30
473.57142857142856,9.797745258242065,2.3815931306550957,8.361706928644223,3.6468279431770787,30
473.6428571428571,11.332889740256899,2.644956307742274,9.384074188860977,4.226942616869192,30
473.71428571428567,12.930002921379803,4.030570293500188,6.702035874599465,2.1581840489432227,30
473.7857142857143,15.116489063838076,4.141203752188459,12.45266944005197,5.715566417005889,30
473.8571428571428,16.19845999174267,3.7438592017489847,11.765159126154403,4.152364503447837,30
473.9285714285714,14.265775737469268,3.5994604720944365,8.125432227557441,2.490485909002367,30
474.0,13.96475758151778,3.5500833014120388,8.126393504000898,2.403970518458232,30
474.07142857142856,13.76454537786178,3.684234512342091,8.185689938858799,2.457553026683367,30
474.1428571428571,14.393788746224649,4.217272269753812,8.01898025902807,2.501091449950454,30
474.21428571428567,14.39193591239481,4.3240590634502905,8.037416981069972,2.5648866095867238,30
474.2857142857143,14.566086702549487,4.700603019310839,8.417804545608103,2.8728599344023538,30
474.3571428571428,9.996825237178033,3.0526287320464345,6.880145556308238,2.773228823436262,30
474.4285714285714,17.40097250491732,5.818364385492218,10.066802124748767,3.2995171723335126,30
474.5,18.446788388667382,6.496672848566658,9.849533803953266,3.376493389844365,30
474.57142857142856,19.43521164403,7.296589343434932,10.375738655143861,3.597887998554437,30
474.6428571428571,17.25606407432937,4.434293196149978,18.478148043666984,8.404888811629148,30
474.71428571428567,18.88052916951789,5.793464762193885,15.12572059096159,6.075806069472634,30
474.7857142857143,14.937852554440207,4.200269690499861,14.44385631120051,7.615169229781137,30
474.8571428571428,15.902569966934184,4.29482638105347,15.139860477578585,7.664271595800977,30
474.9285714285714,13.890984882234783,3.817591204339685,12.845349700098748,6.028397702132422,30
475.0,15.21741293438273,3.496264537268247,11.721533685347307,4.499234920163281,30
475.07142857142856,15.126563531509094,3.608950102812346,12.232008054855942,4.728021309351428,30
475.1428571428571,14.032351965182714,3.5686459306995952,9.845131391574288,3.2407127646111302,30
475.21428571428567,14.135239042310085,3.505525182640264,11.400759703656762,4.6131336728958985,30
475.2857142857143,15.009431532570582,3.625325227851919,13.447742779827003,5.298466085370104,30
475.3571428571428,15.040172460623278,3.2124061077653696,12.675127132311458,4.788735765076879,30
475.4285714285714,13.0468305495894,2.986699385943777,9.178243986142768,3.0313889369498646,30
475.5,17.032810494825462,3.9647402054083383,16.184951898079188,6.770949800284621,30
475.57142857142856,14.242019491126397,3.7635633575784477,12.092765977143788,5.2056675579433,30
475.6428571428571,16.5986015161464,3.7319306960540684,12.463373354364737,4.524321465908163,30
475.71428571428567,12.953378132877743,3.4057290166748633,9.074232299161235,3.423408442517383,30
475.7857142857143,14.78847536560559,3.5413449106172123,9.303100197472302,3.3226589220658744,30
475.8571428571428,13.765187723893325,3.7634137127528358,8.639173962189464,3.3792126538680503,30
475.9285714285714,14.57529949424168,3.789710332957089,10.524841877225937,5.120789906318139,30
476.0,13.324675854972062,3.5130863365927882,8.900070595736905,3.580064028996775,30
476.07142857142856,12.862836219009527,3.5106568678309973,7.664125873011567,2.986803189564542,30
476.1428571428571,11.549647521100612,2.9956615218984055,7.984155730710881,2.957870577328254,30
476.21428571428567,13.40212853544985,3.2120196469439004,9.966583381687844,3.5065965310551324,30
476.2857142857143,11.392081879002111,2.9693101463125413,6.270323763340896,1.8461785630966863,30
476.3571428571428,11.444179468898588,3.2186635062807594,5.35778969929757,1.2868828946943551,30
476.4285714285714,13.60571944161376,3.246051379712106,9.854548763213792,4.060419060029494,30
476.5,12.037201879174964,3.0001771284421266,5.7351525092780316,1.3055035659920924,30
476.57142857142856,11.541545088225154,2.8547388975548658,6.116306868172312,1.498305003144397,30
476.6428571428571,13.102565422154651,2.8005746053144684,9.66109181858316,3.8434795426908255,30
476.71428571428567,12.98753858302104,3.1143778654464405,9.245473253018183,3.883614722494021,30
476.7857142857143,13.211046916899647,3.2580873912347696,9.380959173840973,3.9125834278508993,30
476.8571428571428,11.83062518066746,3.227220715492064,8.362721326947113,4.050301595448662,30
476.9285714285714,12.888157896989515,2.912620134637885,7.257282766609625,2.372921135210029,30
477.0,11.414352088291267,2.9797237091184336,8.554665099504856,4.584180178853249,30
477.07142857142856,11.690704961438199,2.3429979429707775,5.899348601519054,1.3397614459417035,30
477.1428571428571,10.438661251864131,2.43903918225127,5.37123986994652,1.1430825684385948,30
477.21428571428567,11.172915184238127,2.127186317573401,7.163836860888812,2.8575091502285885,30
477.2857142857143,10.707263603666847,2.1569043428442165,8.014234934260134,3.179061358659514,30
477.3571428571428,9.833623432059344,2.3353123567238563,5.674356508698245,1.3912026984168513,30
477.4285714285714,9.333411716770483,2.4500957938638925,7.551800017138662,3.4827857016381363,30
477.5,9.023848453382477,2.1688884327951343,6.927139095782827,3.4028322554594217,30
477.57142857142856,8.710929594224378,2.07518018419404,5.867493553704842,2.2817135286784658,30
477.6428571428571,10.802803075436454,2.385413446007359,6.972479979784921,2.498876929215506,30
477.71428571428567,10.172570507972766,2.660042566846125,8.050786402291639,4.268597887825182,30
477.7857142857143,10.930487120344305,2.6445336411875955,11.557791016881135,5.5685924198488985,30
477.8571428571428,13.410732600112848,2.9563257256615176,11.696401713092289,5.158389330521641,30
477.9285714285714,9.488782582513322,2.578897863737839,7.51396772911859,3.851932987570366,30
478.0,10.573936172927143,2.7493466613938486,9.197104875070064,4.68410068478816,30
478.07142857142856,11.011379189615695,2.8431476839348795,9.121912326052742,4.9287315795890425,30
478.1428571428571,9.369263195829827,1.9401757384670348,5.191732952887362,1.1643811855765567,30
478.21428571428567,9.771783681444328,2.0126188951771677,7.770542809768895,3.5983641613153594,30
478.2857142857143,9.206589873964878,1.885500522274706,7.631430630674502,3.48179945699748,30
478.3571428571428,9.213231867298942,2.686140232762057,4.6999015533293065,1.0924003471316373,30
478.4285714285714,11.225760989944767,2.7100731239017675,8.90932200732203,3.556800227412098,30
478.5,10.691513378930324,2.7152422622296726,8.62970883502674,3.645874615925305,30
478.57142857142856,10.360019152570528,2.610175521562989,5.6379327271805515,1.277396043635486,30
478.6428571428571,9.089482530169725,2.5514289151111296,4.11412819085712,0.8137845894906856,30
478.71428571428567,10.48550801227732,2.368315859331677,7.287711407394691,2.7654169776855397,30
478.7857142857143,14.12168340437109,3.818657840183159,10.088953865756473,3.881103952658194,30
478.8571428571428,12.708455564287206,3.751218729457545,10.460527763980663,4.61596890674177,30
478.9285714285714,13.059804734561045,3.723966728777531,7.254771340120814,2.302921714932818,30
479.0,11.416479174924053,2.58901451572929,7.148463316932935,2.995981139063848,30
479.07142857142856,10.346373125258088,2.6878225680459202,7.611334092171078,3.5408469437643983,30
479.1428571428571,8.608739602478511,2.030096483319844,4.4682395799663635,0.8966123338808792,30
479.21428571428567,9.299213477510634,2.268916509511057,4.6236342201160365,1.1368907815235836,30
479.2857142857143,9.10276701260083,2.2074725249342158,4.745270755507635,1.085512294822871,30
479.3571428571428,9.752423630223696,1.8333342011767264,5.066451284647119,0.9420747122707253,30
479.4285714285714,9.576518984644645,1.843466622308276,5.130387052798464,1.0881408702144968,30
479.5,9.538160648278268,1.5203021679201085,5.363259071361917,1.191189494421709,30
479.57142857142856,10.06550116954391,2.1202521270605725,5.406745477643789,1.1363283106679694,30
479.6428571428571,9.991718285641674,2.1328183101215266,5.25670355048645,1.2018936239511795,30
479.71428571428567,10.09585281585134,2.127390563132393,5.411039625318767,1.1511037994689226,30
479.7857142857143,9.423196534740839,1.940342876202093,5.555563737124896,1.3094072975186166,30
479.8571428571428,9.494327872528755,2.178742457130105,5.444284480812446,1.307044953068545,30
479.9285714285714,9.264845547799347,1.9810362937243258,5.247951860481413,1.1698323444787395,30
480.0,8.999623702656205,2.015359615993541,4.613372967869434,0.9842717234537065,30
480.07142857142856,9.98723711858766,2.026215075577028,5.9211079963762305,1.4325530917236629,30
480.1428571428571,10.994715874634469,2.3666349591940516,5.300058310109326,1.0757032827343211,30
480.21428571428567,9.979934942940368,2.658073472454026,4.370359328045157,0.9068623601458581,30
480.2857142857143,12.523484335568142,3.05053083774575,5.469808832723565,0.9586457433920801,30
480.3571428571428,9.152006282106395,2.46213283141124,4.872764533084116,1.4028760491462184,30
480.4285714285714,10.831321316103844,2.1658084945318032,6.828583447816755,1.9153392072075393,30
480.5,11.129863632716704,2.3083135314548437,5.9892105116609295,1.490280785079054,30
480.57142857142856,11.853939007134294,2.3010616131004427,6.584816020072759,1.585637230871096,30
480.6428571428571,11.01548406242293,2.619570856511921,4.80992839236752,0.8792323714030273,30
480.71428571428567,10.139359155476672,2.7231511566638242,4.473895177349245,0.8831173211994962,30
480.7857142857143,11.302985944967789,2.6438521257835825,8.107181153007254,3.1902026436024995,30
480.8571428571428,10.460717872458874,2.8652217908716087,7.4580184233404,3.0522184972077544,30
480.9285714285714,11.747961962668251,2.8875054300952754,8.367610801058058,3.0604090253824046,30
481.0,11.215573890923848,2.968070181416379,7.616666092023589,3.0973906595016083,30
481.07142857142856,11.786709378836967,3.0358719832717593,7.94946868694809,3.11510344213132,30
481.1428571428571,11.74317719387322,2.8184742413204615,8.47041051347895,3.413119488479186,30
481.21428571428567,10.45836156316669,2.634274448030281,7.506685443801769,3.4216806798014257,30
481.2857142857143,12.183946440185393,3.039137874030024,9.202188532922866,3.740846078484971,30
481.3571428571428,11.038604712842968,3.027337613818302,7.913074833787622,3.5891765844526575,30
481.4285714285714,11.666347153730566,2.770681098487491,9.283060357966164,3.7303650812022253,30
481.5,12.212529038380767,2.6893509242029094,10.959659508282817,4.1566267447665215,30
481.57142857142856,13.10566181724933,2.982598553657682,14.598058705575834,7.417107680563615,30
481.6428571428571,11.596272876074256,2.3427986414977604,10.071031401213183,4.107753873650177,30
481.71428571428567,9.770704664528735,2.1570390555665244,8.75113353611862,3.760831431074693,30
481.7857142857143,9.641312381684655,2.126985350951784,5.768720525526371,1.9353654497717738,30
481.8571428571428,10.747247887315838,2.18190990299796,5.98080005196178,1.9768111863495323,30
481.9285714285714,10.131906402177965,2.1192367687719815,5.880749244395427,1.995494858590483,30
482.0,11.053720371515125,1.9729528649851564,6.8425471977340795,2.1956886224688885,30
482.07142857142856,10.315727348876756,2.0903370544935194,4.837151738023188,0.8889577474095689,30
482.1428571428571,11.579377821156813,2.310313645871624,6.030797918126142,1.3444300811233785,30
482.21428571428567,11.450901505178226,2.3171384280797307,7.751924704182886,2.385492152906411,30
482.2857142857143,12.183096280815805,2.4265439008129697,11.598291987221762,4.822022986086425,30
482.3571428571428,10.117178239368403,2.1102838859694395,6.304239237364777,1.6660489045535687,30
482.4285714285714,12.772123415299419,2.568831407572337,7.371305296517572,1.680176675580899,30
482.5,10.602269915695537,2.0974011478605417,6.42769964677173,1.686719674880594,30
482.57142857142856,11.572703013760803,2.713366582324545,9.595942289939666,4.006150552976457,30
482.6428571428571,14.409761283551683,3.5479411107996612,8.700130389258039,2.4036578241973734,30
482.71428571428567,13.95698931664726,3.6139033874945423,8.712788553852622,2.6054580121561983,30
482.7857142857143,14.610745252075288,3.981157699747023,8.861720285396034,2.8386888991440813,30
482.8571428571428,15.193078286787358,4.087575131446198,9.217699202429982,3.061853748155194,30
482.9285714285714,14.700283844461364,4.644137339204256,8.172751801080285,3.2796771192518244,30
483.0,16.06797811667294,4.616648955182607,9.252053022770058,3.363752066981101,30
483.07142857142856,12.173908121874133,2.6630085457226826,7.959828916172795,2.7243296924865845,30
483.1428571428571,12.17423857981947,4.324176978971861,7.9285384688275515,3.421760964833773,30
483.21428571428567,13.510054983848686,4.347125977069702,11.737355020573768,4.834041014093538,30
483.2857142857143,10.654686392599544,3.973528293618857,10.244908073793805,5.312118795567262,30
483.3571428571428,11.274465985203252,3.653799053914143,9.69284957798139,3.8122067352669213,30
483.4285714285714,15.004474912177841,3.912555402932283,11.875132758177507,4.574536954057382,30
483.5,14.899686941325696,3.4408681837018293,13.725389970366415,5.581315890798513,30
483.57142857142856,10.82873091286431,3.01804017771792,6.415993162029601,1.9993172171704547,30
483.6428571428571,9.66222323049805,2.8808805712293815,9.083072837097214,4.275409581169668,30
483.71428571428567,9.642522179245008,2.7146057644842343,7.08612039738028,2.49032006383008,30
483.7857142857143,12.687288701884583,3.43042859068508,9.813157038014234,3.503424479952398,30
483.8571428571428,10.089592795911662,2.4092661908828834,8.98644026198386,4.237957066565199,30
483.9285714285714,13.174762755633257,4.9958793002803255,12.358895245985051,5.60669805638137,30
484.0,14.341543985895125,5.767023013986298,13.380603160802965,6.123459972884649,30
484.07142857142856,14.326186607907138,6.494385871372915,15.30672838358882,7.846356295908871,30
484.1428571428571,14.502396964723069,6.629228046442249,13.73712912152781,6.848711277686314,30
484.21428571428567,14.596004089985502,6.9791844663967,12.305579466642568,6.423343452821117,30
484.2857142857143,17.20798553750534,6.662726471969886,14.4498167603255,6.488492391547541,30
484.3571428571428,15.554157510502684,6.852100674437309,11.79500234178321,6.1465175920830815,30
484.4285714285714,15.166870117922892,6.800360861368481,11.448953212473567,6.06111966913601,30
484.5,9.01527056476851,2.7188598905898997,12.823683670919495,9.014622887047405,30
484.57142857142856,16.78379677167282,6.4641482115947895,15.47714264173248,6.908795660837815,30
484.6428571428571,16.363905792758874,6.21907721834332,15.352049862800131,6.804646908601769,30
484.71428571428567,15.391127334673255,5.811995016639308,15.77751165256681,8.107462193371653,30
484.7857142857143,12.584315737326346,5.395781566656148,10.19615869362217,4.840843390438505,30
484.8571428571428,13.558724685705444,4.179273402594317,9.293973720974444,3.7642456064052694,30
484.9285714285714,11.226290816704037,3.8219599194004883,8.35522122857773,3.443552957305532,30
485.0,10.80720281002605,3.1222461469309115,8.063907246985853,2.8730851154906305,30
485.07142857142856,11.560139754671235,3.104785689860126,10.340368084349704,4.413794193020529,30
485.1428571428571,11.15400648161578,3.5862267393653813,7.817123985546472,3.161691524455636,30
485.21428571428567,12.30687186740444,3.5251105211258427,9.681031614220185,4.06865275590417,30
485.2857142857143,11.405280331823798,3.948638388807006,10.54932560358751,4.47731493346077,30
485.3571428571428,11.520596398611977,5.181435038332875,12.119587950729157,5.686044376383177,30
485.4285714285714,12.497733071748469,5.680625723236438,10.647047624702624,5.308570250804165,30
485.5,13.966803085970074,6.223209019629765,13.317869379478266,6.245095837458004,30
485.57142857142856,12.88171272135075,6.193764145783123,10.236205441171478,5.678650000425155,30
485.6428571428571,13.979282134644835,5.878232105923293,12.016369167175137,5.687811851886036,30
485.71428571428567,13.71924063337904,6.164636557151938,14.186227931449492,6.9093228154994195,30
485.7857142857143,11.444412208327224,5.450039788228744,9.428506150253762,5.158676112749393,30
485.8571428571428,11.786235049127336,5.135081639260391,8.600760116435039,4.560089918859301,30
485.9285714285714,10.8707075917951,4.161691022065134,9.077682373413046,4.0897355783741025,30
486.0,10.536179787067855,4.033228014496573,9.059390125044223,4.011050649671764,30
486.07142857142856,12.108581510583452,3.826002981336518,11.036689833305449,5.262689007129968,30
486.1428571428571,10.929623507347928,3.0549969823026775,8.905473972651968,3.4105260267714894,30
486.21428571428567,10.400248704890249,2.970900892913867,8.263519837705076,3.2029607686018586,30
486.2857142857143,10.498015759447728,2.3678406881385547,9.736535654330984,4.69036903401158,30
486.3571428571428,7.2108807011109,1.5355827845020478,4.658815340345797,1.6656901915384357,30
486.4285714285714,7.902800104810118,1.7954004357248978,5.848966986142157,2.1219393893888427,30
486.5,7.81142255464594,1.48685794212526,6.564762946346893,2.504139133839322,30
486.57142857142856,12.911632028455927,4.674813538075155,12.39443779845949,5.414056338297688,30
486.6428571428571,14.641858581735644,4.487071410580269,12.67041210811056,5.344313006934935,30
486.71428571428567,10.467219179422163,1.923012263694503,7.866700782957068,2.8182778444451637,30
486.7857142857143,9.391651033770035,2.221469992899017,7.782647548804306,3.4110980391878494,30
486.8571428571428,11.584981440092855,3.4829591747305466,10.348431250763552,4.47401631244168,30
486.9285714285714,9.58651291406467,2.145367170922971,9.264484447772364,4.6763055810092355,30
487.0,9.847571235837163,2.2337619891800577,9.06481001036534,4.418366896448177,30
487.07142857142856,10.222063847600149,2.335527553553436,9.3982686455881,4.303750454948471,30
487.1428571428571,12.578089931143197,4.1794996088436545,11.200247576438471,5.0713112258490725,30
487.21428571428567,14.802238535357395,4.268786261362401,13.5490291458629,5.675679229908253,30
487.2857142857143,13.732391679891359,4.738744865655977,12.794048786806227,5.657977840499151,30
487.3571428571428,12.495858138873222,5.13066363111144,11.275233421758776,5.487409656818632,30
487.4285714285714,13.307751947640764,5.043866866426671,12.792055968281163,6.5878831677513805,30
487.5,13.495845459785206,5.236087121642597,12.951408734835411,6.629021221056171,30
487.57142857142856,13.74083735868664,5.2776062740362795,13.491206227971679,6.56188207710393,30
487.6428571428571,13.653096230796773,5.620863982428403,10.029615285555698,5.1116061531505705,30
487.71428571428567,15.857313333171696,6.499339485128663,15.261914102235744,7.717930532257177,30
487.7857142857143,17.328992766193515,6.802445474122231,13.391289105171003,6.813044603573927,30
487.8571428571428,15.719102672794765,6.5184630638790875,14.444588651073966,6.5890285752920335,30
487.9285714285714,16.94349661906427,7.7740108226655416,14.798034942587597,7.4128646010997805,30
488.0,18.459891305619124,7.81125143673131,15.6803513064194,7.413292650913525,30
488.07142857142856,18.007963502436812,8.795723137953086,13.672880607219568,8.062346329943221,30
488.1428571428571,15.91297875095343,6.674159041996174,13.148441401347304,6.294781718655498,30
488.21428571428567,18.626278875051838,6.578067342090881,13.061358558784676,5.785159815896747,30
488.2857142857143,18.83404359311853,6.941399093531622,14.21925340479596,6.236350294803872,30
488.3571428571428,19.372749222321257,6.15326279323462,13.877966006065977,5.3693682955209825,30
488.4285714285714,21.329314627225582,6.095269741988518,12.403969928987456,4.8040080196611985,30
488.5,18.72227881344771,5.448041930906953,11.780134494625196,4.386521829066386,30
488.57142857142856,20.526366334178537,6.158669797530062,12.941615436504014,4.717390215091772,30
488.6428571428571,20.03810653518335,5.73745586247229,14.59279545634398,5.16307857792868,30
488.71428571428567,17.92864600545502,5.564177674222786,10.06991929842576,3.422421782664734,30
488.7857142857143,15.017532224541412,3.966466736004913,8.762405741231005,3.0650384515648517,30
488.8571428571428,15.239743816264848,3.8171370540709706,9.266927504574166,3.315954811477652,30
488.9285714285714,14.75322223330051,3.6706428070652666,8.539422629850803,2.6813594361030724,30
489.0,17.016624354444314,4.4621825425076365,10.388721449785287,3.247182239730793,30
489.07142857142856,16.89195975936298,4.271744698990101,11.147602825889463,4.182470530980165,30
489.1428571428571,16.631094533312304,4.492929639175015,10.811453973590657,3.933384184088007,30
489.21428571428567,15.30205970433565,4.598266086013432,11.175095022948028,4.481860389538399,30
489.2857142857143,14.946316896139908,5.389510597229092,11.438977513059346,5.083014658425386,30
489.3571428571428,16.820916572178326,5.909565259177387,12.350721064319327,5.380160880733868,30
489.4285714285714,17.180656098159307,6.619494745639628,12.05502575995354,5.827173799314526,30
489.5,18.349559708250002,6.729761369555422,12.45542880367611,5.855810950222284,30
489.57142857142856,19.37278627155475,6.927094830199158,13.104430968177427,5.940089570862333,30
489.6428571428571,17.419372831568843,6.9899717811697375,11.692500501009059,5.9558053258662,30
489.71428571428567,18.956277176193037,7.296383828028323,12.65114613694036,6.253814549882944,30
489.7857142857143,17.6124396113688,7.362637169012227,12.62246463179987,6.492473738564899,30
489.8571428571428,17.477269800159156,7.375041093143997,12.631898966451839,6.487590428656435,30
489.9285714285714,18.77577174103885,7.186823380777565,12.486174343095476,6.157241652869284,30
490.0,18.106698035941573,6.436388708192362,12.293308392010326,5.5585076301075445,30
490.07142857142856,17.508776571226843,6.19333924977748,10.556073171345448,5.149014721078551,30
490.1428571428571,17.1751543896142,5.235603531481533,11.079839152245873,4.328929770739352,30
490.21428571428567,15.918643338948979,4.2372647374345735,9.662656032748721,3.3102746241627856,30
490.2857142857143,14.9542880467242,3.810077729546846,8.758764151102667,2.768793849052289,30
490.3571428571428,14.231252513534855,3.1804705181214636,8.192664761967619,2.1235111843189047,30
490.4285714285714,14.544217775266747,3.17134476463131,8.00495058904491,1.9344440305575301,30
490.5,12.998805544978191,3.2741716074735927,6.535678458551751,1.5365332408195,30
490.57142857142856,14.999000686506163,3.352534250937449,9.418112708409955,2.468279581709253,30
490.6428571428571,14.450506533299821,3.705555998756164,9.847067739797454,3.0457813127239337,30
490.71428571428567,15.354029615423514,3.81117334222799,9.587739193990613,3.0872244578024595,30
490.7857142857143,14.89854830401059,4.421141022829564,8.708770286206569,3.663218950356695,30
490.8571428571428,13.651320779488174,4.234133883575965,8.565887763030679,3.5174208290744438,30
490.9285714285714,13.78177644770562,3.4596029404753925,8.509069227923188,2.9749843107689244,30
491.0,14.333857814745638,3.440612099433557,10.667979941863816,3.6196476447369714,30
491.07142857142856,15.619828375030885,3.6682489408430863,9.869338163368216,3.38206924709355,30
491.1428571428571,16.41209188957943,3.436791871816602,11.175679009158147,3.6153157900700332,30
491.21428571428567,16.996618424901644,3.6189804514394526,11.908245940296501,3.977217184768804,30
491.2857142857143,16.768655184339572,3.8421491472236253,12.00605677575329,4.279942925956164,30
491.3571428571428,15.399033819533413,3.625678478755559,12.701139623161044,4.975036813996741,30
491.4285714285714,15.209607877612626,3.2966291098434732,11.397586802871617,3.8657135318262035,30
491.5,14.286985484029065,3.3044163221553897,10.718928648057316,3.72032974356162,30
491.57142857142856,13.987043443284904,2.9258656793108817,11.192072457069742,4.060453983996883,30
491.6428571428571,15.25694980565501,3.247892891479576,11.319479979325527,3.9758385485418977,30
491.71428571428567,13.303350604898577,2.4037835885818235,10.046139302033907,3.630963800350591,30
491.7857142857143,12.400564392604842,2.5042607507836183,10.008502097267947,3.691010479809887,30
491.8571428571428,13.38306651387061,2.7544740879399354,10.449272594758984,4.291782360188875,30
491.9285714285714,12.27859283073626,2.70612431356481,7.604869114166083,2.405268389812055,30
492.0,14.65348664949971,3.5450033187346923,11.523313836652802,5.307824441006192,30
492.07142857142856,12.53690140850821,3.2053215152603287,9.06552319484551,3.8941506418623724,30
492.1428571428571,15.28687652114528,3.700506144608723,10.560184805341281,4.175046454158724,30
492.21428571428567,12.301644329546797,3.170820367054999,7.511550390372969,2.704096721093373,30
492.2857142857143,12.465576435320346,3.2104322661824383,6.598527782885191,1.9295139430881239,30
492.3571428571428,12.80204867627737,3.2057746089697385,7.603152755517426,2.2049631440387962,30
492.4285714285714,12.438337393495004,3.1662359707368326,7.297396962687018,2.1349886617935705,30
492.5,11.49964149383558,3.1261512203968995,5.671649678863322,1.5618109695968365,30
492.57142857142856,13.633467032012867,3.991862568320584,6.760405611059047,1.5117000785900574,30
492.6428571428571,13.242228000989993,3.1749423374069123,6.078093926447438,1.2029538807940547,30
492.71428571428567,14.45849850458581,4.23583926861539,5.999590681375998,1.2706316631850978,30
492.7857142857143,12.678872470572445,3.545036517040347,6.102906370330483,1.4001603193045897,30
492.8571428571428,12.807145644708276,3.6997813563155866,5.385681930974375,1.1591918663283003,30
492.9285714285714,13.871898691733591,4.415096210352113,5.577637071771082,1.3755723045748178,30
493.0,17.109927304076194,5.084496437801161,8.493635264065988,2.4495274224294947,30
493.07142857142856,14.844034456879495,4.296914928607888,7.687815326016492,2.4377463038409815,30
493.1428571428571,13.434354607434567,3.6222101217234868,6.37641060005944,1.7928344864056946,30
493.21428571428567,13.778220962947874,3.8514300172155442,7.39925324409958,2.43597904972494,30
493.2857142857143,16.451566740880924,4.969534955085468,9.380323815339539,3.6170599237444416,30
493.3571428571428,14.870320091496643,5.1210487055695095,8.601313876093032,3.899036491054884,30
493.4285714285714,16.484601211021538,4.999711157535395,9.347730928089863,3.6881250084906188,30
493.5,15.397552709777553,4.960242288584364,9.694011777801537,3.951987907502311,30
493.57142857142856,16.19728691222074,5.00723005748646,10.012988137897462,4.154513736127868,30
493.6428571428571,15.422602350177128,5.427419065294218,10.314887914319604,4.73073788763657,30
493.71428571428567,14.746258007551502,5.32626399152961,8.397993383752409,4.170231515814181,30
493.7857142857143,14.023529631913869,5.376526109375029,9.869015786762402,4.885545687271377,30
493.8571428571428,16.011359729863788,5.679014575585573,11.416202253485867,5.062675859632495,30
493.9285714285714,17.37849274026208,6.2598673005923455,11.336544514587912,5.542834374113262,30
494.0,18.10289541102381,6.707857352622467,12.346413881868871,5.860575323915709,30
494.07142857142856,13.145440096375276,2.675046222054259,6.257893230532822,1.2331995681927692,30
494.1428571428571,17.26611923687705,7.546062145485308,13.495550481164566,6.929696481565291,30
494.21428571428567,17.160492039951407,8.010088643958188,11.207234541848093,6.884636405857684,30
494.2857142857143,16.161874505202285,6.250215225220916,12.12844443957593,5.72030181776987,30
494.3571428571428,15.060818589105713,5.641439446030503,10.523302815104154,5.16910716891846,30
494.4285714285714,14.956412003933801,5.285770513217031,10.475245707262062,4.828993451708447,30
494.5,15.125994102294479,5.151193157359,10.892897241998304,4.864925221435629,30
494.57142857142856,9.410908265958039,2.4703501586514522,5.292074662404605,1.716562811194768,30
494.6428571428571,9.157231802157114,2.583279160340949,5.72673509315936,2.4313444405473157,30
494.71428571428567,11.651108755144943,2.8763492140084432,7.249873522694146,2.4625535848112987,30
494.7857142857143,11.20862708449988,2.7239013563619205,5.491724563250926,1.319166455240202,30
494.8571428571428,13.965359509267047,4.208764467697439,7.992771698476672,3.028148554510297,30
494.9285714285714,9.457096571611308,2.869553824545055,4.89759212170181,1.4108439859001716,30
495.0,12.971960167687765,3.699423297776796,7.509960806828023,2.52213354940561,30
495.07142857142856,9.961947614082375,3.029589786680672,6.131438306216249,2.4886578689222785,30
495.1428571428571,9.853328703763367,2.9836549458514883,4.4554831717707435,1.0468639750339008,30
495.21428571428567,12.357547142892395,3.304986533159873,5.439181092989396,1.1904750444839605,30
495.2857142857143,10.451580675929439,3.1639386945201577,4.639190291347666,1.0557300981724023,30
495.3571428571428,11.34067256968554,2.94981172238862,4.321215215236945,0.9317349096432226,30
495.4285714285714,10.964208534715477,3.0963389195031774,4.72096319523262,1.0238164316329366,30
495.5,10.370588819637009,2.8528026301869103,5.279321973456796,1.3434573762687254,30
495.57142857142856,10.508336573666542,2.702331564668009,5.057909354404927,1.3717999061768218,30
495.6428571428571,10.719740871483376,2.5162941438187674,5.835768802152283,1.7360168838633776,30
495.71428571428567,11.047140674490988,2.4896218129299696,5.83029459143805,1.547983112699237,30
495.7857142857143,11.194054857606275,2.4944030569698596,5.495058809558157,1.4096178350408555,30
495.8571428571428,10.269554175416419,2.3591620510909057,5.092890282670904,1.3130572189704979,30
495.9285714285714,9.473691354729215,2.4124544258755996,5.131544228570691,2.0008037861626695,30
496.0,7.666156306395983,2.3750353525583185,3.9166985703200354,1.421301105026279,30
496.07142857142856,10.199561476921975,2.348307307136546,5.673185812828861,1.7058469955028415,30
496.1428571428571,10.14979779202862,2.4729625060602975,5.229606600065434,1.6075610447652127,30
496.21428571428567,10.41399621483489,2.482571638450462,5.868456317635367,1.7768417023172345,30
496.2857142857143,12.963776093183531,2.7141934601447937,7.189659385147503,1.963905419789706,30
496.3571428571428,11.365505145032708,2.2635217046670117,6.923685769084431,2.0250999072743103,30
496.4285714285714,12.277367871654363,2.5546728564507304,7.428738904619161,2.3353004508590813,30
496.5,10.646021860198614,2.1437908872613667,6.103831251701753,2.1449730212281866,30
496.57142857142856,15.251883037243632,3.6142726820020545,9.053240554012488,2.692392740076685,30
496.6428571428571,12.471805370969145,2.5828788918145476,7.00042825116443,1.9640842666235852,30
496.71428571428567,15.767195774703639,4.606716441027494,9.435038317054124,3.4460612886415287,30
496.7857142857143,16.656886025401164,4.452021162347966,9.967472810069108,3.410187607621091,30
496.8571428571428,15.381397026052024,3.9024909086762807,9.118618418752026,2.785979782024912,30
496.9285714285714,17.51615988474849,4.953305156457671,10.681207140891056,4.033450103491916,30
497.0,17.026801408014094,6.218057961061438,11.465289930169703,5.221722768433403,30
497.07142857142856,18.53056044103017,6.058415444738187,11.285232536601946,5.077555224543895,30
497.1428571428571,18.180799080000966,6.117771862069032,11.261178858191993,5.022890460242385,30
497.21428571428567,15.805471436131032,3.417506682397152,9.21230010357157,2.3675746516645066,30
497.2857142857143,15.305625978002062,3.575392934702698,8.230632160842424,2.317819444292174,30
497.3571428571428,16.146071748994146,3.553942592587516,9.022416606229251,2.4656513179700528,30
497.4285714285714,16.834860424922717,4.457379123368373,8.806709940182401,2.619711393840362,30
497.5,17.538656563144283,4.446940624400668,9.566361882199706,2.6618259803624693,30
497.57142857142856,18.087700988141705,5.402912114601124,8.851408479884215,3.0340217709149253,30
497.6428571428571,19.785862243786152,6.076201054475553,10.33731631075464,3.817062304037543,30
497.71428571428567,20.404859297100757,6.549920712795543,10.557007871841593,3.5765907485975257,30
497.7857142857143,22.022473479499347,7.291224639796223,11.641557102935057,4.3764217758249195,30
497.8571428571428,24.57521793546197,8.041177525898345,13.060319492428796,5.1962906545351615,30
497.9285714285714,22.82708104601857,7.747230981782182,12.227190659878893,5.117569767339569,30
498.0,21.56637081189498,8.302800958654855,11.718605383731957,5.713307241846729,30
498.07142857142856,22.92952817041285,9.017272704922645,13.344651991088163,6.48196552267436,30
498.1428571428571,24.036667635797848,9.376536227110146,13.87340352534566,6.971792289897676,30
498.21428571428567,22.500701380733112,8.299671734410726,12.875157063922009,6.419689346133854,30
498.2857142857143,23.080998020995708,8.609586834169345,13.651895905806153,6.618623327763092,30
498.3571428571428,21.45696486951939,7.925883850332604,12.388290168289695,6.261648690377196,30
498.4285714285714,20.508241044737485,7.318691008773649,11.691553898972545,5.660786646164209,30
498.5,18.956127876930136,6.709541360748059,10.71768180309884,5.041203257236823,30
498.57142857142856,18.035827743116222,6.389345885019215,9.478982997712908,4.580818640765585,30
498.6428571428571,18.721737525806983,6.049518605971751,9.87501435890671,3.9351706279503347,30
498.71428571428567,17.583494657196024,4.40989684144077,9.38847697164736,3.211550980139005,30
498.7857142857143,15.760317699696316,4.336673423454077,8.234638327574245,2.7879505196552055,30
498.8571428571428,14.026883100353572,3.5444688879249533,7.041577328627865,2.220796889715727,30
498.9285714285714,16.657689412609972,3.9449830412401385,8.241163016908077,2.510749057945899,30
499.0,15.776533743728699,3.9350679450500934,8.143271820490446,2.604950653671192,30
499.07142857142856,16.21529379891518,4.183633443799173,8.417233123472954,2.806514149436601,30
499.1428571428571,15.67816358992326,4.064842804079321,8.641650397992306,2.8240224310045403,30
499.21428571428567,16.838257121700753,4.548279035326479,9.322411669782976,3.1395257502128,30
499.2857142857143,13.576536013673184,3.9093059073684353,7.9926343361732854,2.9619893593865583,30
499.3571428571428,15.790758588573505,4.136750157414113,9.373387445192835,3.140316613593806,30
499.4285714285714,15.506179279825234,4.822654083084318,8.276862763232874,3.0998005681763927,30
499.5,15.346591581753087,4.112419785226187,10.04429183397425,3.223375918683393,30
499.57142857142856,14.144295193453626,4.516778331118434,9.276092679127833,3.486956220822784,30
499.6428571428571,13.164169163379421,4.0096479059693175,7.276292396820547,2.879015190140927,30
499.71428571428567,14.126163089856393,3.7536305764085705,8.428841284870593,2.5458524682492327,30
499.7857142857143,13.458043027709115,3.839872056899021,7.928206222339201,2.460609647216045,30
499.8571428571428,10.259114801811211,2.8063196930947902,6.051079028039419,1.8348786457114723,30
499.9285714285714,10.433286471314272,2.659262098299942,6.227396873199813,1.9309314052393198,30
500.0,13.51463932439808,3.5381082171556404,7.157227019074845,2.2266102948229207,30
500.07142857142856,11.789137436181312,3.325664004589597,5.980017661609717,1.9526924571670965,30
500.1428571428571,9.07229465070542,2.2720275463032507,5.315694721281918,1.727531335456277,30
500.21428571428567,8.690977395049291,2.073973291142598,6.645323301590138,2.270281699996004,30
500.2857142857143,9.707648308813814,2.0971745163803353,6.382547845578289,1.708573183143276,30
500.3571428571428,10.841824183194905,2.7586149240316558,5.50888466389645,1.3832662348632132,30
500.4285714285714,7.905099401754147,1.6851154536095831,4.569720429817114,1.2470617299806896,30
500.5,10.775997570063913,3.138574624015364,5.777989656996705,1.38326927307038,30
500.57142857142856,10.76984653434663,3.020395209747524,7.11380263926908,2.1153745695503923,30
500.6428571428571,9.206172393576093,1.907297099805483,6.039875815035705,1.896208710324206,30
500.71428571428567,11.184009341102385,2.046738874784271,6.390707484332728,1.4449413456095712,30
500.7857142857143,10.64688269447331,2.2706453349232647,6.460651261568224,1.6702926404855531,30
500.8571428571428,13.194361202135116,3.7011429946402443,8.18409968768786,3.029396020622647,30
500.9285714285714,10.883786193642234,3.311263349183029,6.71985469165772,2.533988115002149,30
501.0,11.348426980012277,4.062193694494966,6.855872270520869,3.281961118556537,30
501.07142857142856,11.83437300932422,4.578264848294236,7.224431983349376,3.7441206874945,30
501.1428571428571,13.797603149495378,5.126390982229061,8.350327930340109,4.215551142537972,30
501.21428571428567,15.889897006159787,5.2158230843524365,10.849911655477356,4.572242610826139,30
501.2857142857143,15.752812115991095,5.20021126484669,8.990279407320655,4.208104297711233,30
501.3571428571428,15.152423892307755,5.515536053005456,9.801674498917407,4.724567813103178,30
501.4285714285714,15.032890944906415,5.636515683434141,9.859495617159114,4.774372137759424,30
501.5,14.93484493113478,5.083992922350051,10.129658126014306,4.5428014368573715,30
501.57142857142856,14.39176417129094,4.593983363168323,9.586373806835049,3.9619516497091762,30
501.6428571428571,16.601232586538785,4.963910922207194,10.700497570645142,4.082719095916228,30
501.71428571428567,13.952619623931566,4.155839582379951,8.804993377367493,3.3527483900993644,30
501.7857142857143,12.991159638506002,3.6263516464754115,7.501874447998693,2.615335005107471,30
501.8571428571428,9.442344264466904,1.8098167590025014,5.793028944635494,1.4249759255558243,30
501.9285714285714,13.513038785449426,3.2947564932551368,7.361055178464701,2.362650471028656,30
502.0,12.694853721850109,3.3072206197980036,7.658808844219793,2.5705267772067253,30
502.07142857142856,13.540910779383625,3.5247002307174946,7.689207365264627,2.584011594774053,30
502.1428571428571,13.39863142928144,4.230750307385754,8.30394042628024,3.164136332868445,30
502.21428571428567,12.971183794648915,3.9465342667819603,7.867415405837585,3.081203320607137,30
502.2857142857143,14.379700413763917,4.850499692533181,9.055408223653306,4.0794829441044795,30
502.3571428571428,16.315324746340398,5.643070501418597,9.728307051729718,4.507549087211575,30
502.4285714285714,17.485776242944556,6.68710164231467,10.438191196710706,5.151063447490644,30
502.5,14.78072446693275,6.1110307443799154,10.806293900278963,5.364420482360318,30
502.57142857142856,15.586175928239644,6.589391894725527,10.271923274905978,5.5242836315834,30
502.6428571428571,16.359632592366495,6.540203533808891,10.462745035272437,5.361900022994829,30
502.71428571428567,14.554039922619937,6.1926588590819085,9.068650000019773,5.158240630660521,30
502.7857142857143,15.788500066967098,6.508170973343938,9.68036991386214,5.12782120683294,30
502.8571428571428,17.441755615203682,6.15978450091253,10.096575258262385,4.679264338723162,30
502.9285714285714,13.596629204905362,4.876639770158871,8.035645678633761,3.876854398587976,30
503.0,13.024502608440146,4.282356992783549,7.8792553496740805,3.390346134432166,30
503.07142857142856,13.9100020964561,4.25549911920078,7.872970467135205,3.3134050838753546,30
503.1428571428571,11.879048842846169,3.7749941080482428,6.729093192505826,2.849857146371369,30
503.21428571428567,13.057225981065523,3.5067390936017997,7.629564298956973,2.638354999879897,30
503.2857142857143,13.880005071180298,3.469784196323911,7.508185011060745,2.298224972445711,30
503.3571428571428,13.905845719442555,2.920526273819023,7.721625638986554,2.1099934174148385,30
503.4285714285714,10.495544468853423,3.1842546989369387,6.222858132141795,2.289159994123721,30
503.5,11.111749158775478,3.286854531599968,6.046215401474251,2.2932929851295127,30
503.57142857142856,12.73856693156241,3.8419797359317505,7.683152767474052,3.1532462047901455,30
503.6428571428571,12.687227730131838,4.578908692231092,7.982652662613191,3.8153450148332477,30
503.71428571428567,13.158832473334328,5.102446169246396,8.117783397543143,4.293266167624985,30
503.7857142857143,13.99025709696747,5.9510418250724015,9.090962819807178,5.076776772036487,30
503.8571428571428,13.876114835886273,5.751013824988477,9.128252120379162,4.938432067382271,30
503.9285714285714,14.101594310895862,6.343145775942067,9.394426575522914,5.540028493381336,30
504.0,14.846100535423199,6.188582094969177,9.614497220729442,5.356562731005763,30
504.07142857142856,13.881315863295374,6.376636956132483,8.971209778519638,5.504950991551507,30
504.1428571428571,15.790936165864467,5.819168897577201,10.667042093069934,5.0453159038744815,30
504.21428571428567,15.685696402871434,5.797922854012486,11.305505145692816,5.160736836513567,30
504.2857142857143,15.569125262371688,5.842459330050146,11.041499552264101,5.057180849852983,30
504.3571428571428,16.77812525758094,5.464639724474696,11.72175673707071,4.944342376855843,30
504.4285714285714,15.978809034000417,5.191786575967546,10.255303926142547,4.469023070470005,30
504.5,14.758177778425937,5.01129155669182,8.660378438618277,4.2561325688449,30
504.57142857142856,13.398562376189199,4.311927426873472,8.094576218866294,3.5259758073563296,30
504.6428571428571,11.711063420964308,3.353182052396303,7.049038282520455,2.7090840852015137,30
504.71428571428567,11.177762085983998,2.997488372360428,7.08163073356925,2.4327047991865682,30
504.7857142857143,10.61590779107213,2.465876787379894,6.025098787347456,1.7837739045336576,30
504.8571428571428,10.564548175758778,2.374143588729038,6.400680315575784,1.9107895682386167,30
504.9285714285714,11.22032493520157,2.3307372275444473,7.92447894800089,2.1991577641863533,30
505.0,11.66039566948059,2.464062644191333,6.782273102775109,1.8274165988191506,30
505.07142857142856,10.866035756833165,2.3273953427304104,7.152756297024481,1.9130351561900925,30
505.1428571428571,10.6093114980627,2.642793391007276,6.215225898509484,1.6110019184116366,30
505.21428571428567,12.209776027538814,3.1442924758884425,7.256721538862613,2.0756694155239557,30
505.2857142857143,12.544158058621262,2.920241695253341,5.821555026084662,1.3154221769016117,30
505.3571428571428,10.780225797715081,2.534065713722207,6.615090036518859,1.8541079126497901,30
505.4285714285714,10.18893990042945,2.707386077960353,6.18029885125493,1.8954605819738866,30
505.5,13.176616330512626,3.1369381023670453,7.942593245955011,2.4083247734080993,30
505.57142857142856,13.29678323105594,3.317305177370735,8.187301847629591,2.5814614521103447,30
505.6428571428571,14.169267285993964,3.8810280334607508,8.37122239600113,2.7948821841322427,30
505.71428571428567,15.804922675322654,4.570396384099598,8.858555744494048,3.1893536763817445,30
505.7857142857143,16.239388712002008,4.291852305501714,9.413674929881306,3.2144819781266993,30
505.8571428571428,15.679474568665567,4.439843271363489,9.623322376046643,3.4795586054242684,30
505.9285714285714,15.095541172548172,4.783873838558324,9.547168492864534,3.738087916368207,30
506.0,15.545640875219336,4.670660307653702,9.792290647068116,3.517190351105568,30
506.07142857142856,15.922035579437988,4.822434967475082,11.166321506784191,3.882721852621558,30
506.1428571428571,16.06321077610657,4.823643414659285,9.47308060157573,3.2736951326874895,30
506.21428571428567,14.74525077814513,4.4457363562940815,8.791406659864268,3.060552658550063,30
506.2857142857143,13.158492432881989,3.8381804046730528,8.29227997107984,3.156250959966874,30
506.3571428571428,13.270176897753574,3.450905925627211,8.431474945686352,2.869407967442151,30
506.4285714285714,14.175017848121668,3.2620691278400282,8.480729538404503,2.6048288309763725,30
506.5,11.318727894011477,3.089896991147693,7.066765262239796,2.3701943414221325,30
506.57142857142856,12.704665493639105,3.445405737713964,6.979672329616119,2.001066542195917,30
506.6428571428571,11.241355248491063,2.952466408969226,5.324510736266424,1.413762921267233,30
506.71428571428567,10.755920649853733,2.817716344585243,5.734923236749214,1.4903297620243732,30
506.7857142857143,11.224958165517856,2.8281892034286806,6.265232485250502,1.5440537196858248,30
506.8571428571428,11.832905793550527,2.9889062327773455,5.303552385030676,1.3693125391529277,30
506.9285714285714,10.89505998729082,2.9434292974851,4.740698689775587,1.3295951317037271,30
507.0,11.061719818470772,2.699673761966776,5.237834127289561,1.2421602398434903,30
507.07142857142856,11.101795175338493,2.708200757659188,5.127009968019466,1.242152499579403,30
507.1428571428571,11.9276955773361,2.564976117084498,6.262223933489135,1.4042604758211137,30
507.21428571428567,9.227010039529956,2.146837817200285,4.571658671011248,1.0963063409376228,30
507.2857142857143,10.529050537759,2.341091880031969,5.430722170888235,1.2899672420985033,30
507.3571428571428,12.813558020043883,3.1052309441085613,6.619079539629965,1.582760183171832,30
507.4285714285714,11.326110076785032,2.3405099678193846,5.910169074410175,1.5299277916958793,30
507.5,9.586563166532738,2.3791673063030525,5.974721263121082,2.074738543714849,30
507.57142857142856,9.637666643585543,2.249102255110683,5.07251730933125,1.0958491139561377,30
507.6428571428571,10.27332371403714,2.1513243237109263,5.37309517032746,1.135192656422158,30
507.71428571428567,11.237082159751152,2.9216227233118217,6.405984503639565,1.8854995823920755,30
507.7857142857143,13.432141798569054,2.775363279703241,6.31653563135689,1.2179182378473223,30
507.8571428571428,12.550301165959114,2.8332745313451375,6.53761219005279,1.5205711409158376,30
507.9285714285714,14.618927175140334,3.2718316317512977,7.366695996555876,1.693309998930077,30
508.0,11.976026898226033,3.0688918543352046,6.85273657345643,1.979884396053972,30
508.07142857142856,14.228880766785569,3.3805023983087805,7.643900994401462,2.045734142754424,30
508.1428571428571,12.269587203860313,3.0762067938185926,6.682601080384351,1.870631446918053,30
508.21428571428567,12.655956672615911,3.1386240179028593,6.586779351996561,1.8337572017658619,30
508.2857142857143,12.319023112506988,3.404157533192127,6.4259495358251,2.0658185577570722,30
508.3571428571428,11.952705982939953,2.596187662555636,7.321240743028116,2.0845471056743805,30
508.4285714285714,14.473158676588278,3.2875879866963147,8.189440236617605,2.4299362226851735,30
508.5,14.102553177375098,3.1830176760286077,7.904183094826207,2.3306930514487396,30
508.57142857142856,12.557928022294119,3.3151595912403544,7.008338088080426,2.2918273234625652,30
508.6428571428571,13.184531331862688,3.2665083378291215,7.028407532230659,2.1650976020029544,30
508.71428571428567,11.858564673112967,2.77387331639227,7.916248493489198,2.4182684572571476,30
508.7857142857143,11.499205534945933,2.6130050814482937,6.1101001724527375,1.9236434461970628,30
508.8571428571428,11.408524995137245,2.738721179657056,6.07158471708036,1.8121454267801755,30
508.9285714285714,12.51983656502693,3.268481822380973,6.095490460776507,1.8170958471966678,30
509.0,11.514537325618317,2.8254493831098753,5.68266728414811,1.635673587496676,30
509.07142857142856,11.371071120262503,2.6781324197843492,5.646562816666171,1.5786414278725434,30
509.1428571428571,10.944075677257805,2.7282364923755327,5.971253511653646,1.6227333362442036,30
509.21428571428567,11.413102723721664,2.6405429013052073,6.456605146008248,1.5853017398307025,30
509.2857142857143,11.432785216957612,3.1352093685525153,5.795371383674567,1.6647976183867383,30
509.3571428571428,14.385047404179948,4.249410260433256,7.785517565574083,2.017962591198676,30
509.4285714285714,12.06454740796072,3.7273962705453876,6.493229669470218,1.8276889512742132,30
509.5,11.321363498211415,3.0563022931138732,6.469663283169371,1.8931979714935225,30
509.57142857142856,11.773601844472429,2.8092909855037242,6.816888822785089,1.8914140626433675,30
509.6428571428571,9.740589992253033,2.2607010870403137,5.957853278893442,1.6444157326033126,30
509.71428571428567,9.224203963037343,2.0896169707017833,4.499895886994223,1.1401251805198,30
509.7857142857143,8.352927600637274,1.786939045450981,4.174334286825305,1.0444039884796184,30
509.8571428571428,8.985612128682423,2.2703123370780056,4.274936817316884,0.9490958601359072,30
509.9285714285714,9.790211174515692,2.3310254660335064,4.326170889963981,0.8396778243705418,30
510.0,10.144263539661573,2.61845517000249,5.261584423130129,1.2301344978336546,30
510.07142857142856,10.971336089192452,2.834361068259306,5.641815776170471,1.3666931291202067,30
510.1428571428571,10.775527826424439,3.313659795316741,5.124432208566566,1.4397270925242263,30
510.21428571428567,12.659764686191695,3.6602071580782605,5.976348487880764,1.6681028421278405,30
510.2857142857143,12.704239144015657,3.555834512933182,5.825032291137642,1.7665689230438806,30
510.3571428571428,13.46266408834349,3.065645419571301,8.462946256242896,2.2228116658028667,30
510.4285714285714,14.02679371243794,3.8067880018559133,9.405714150245137,2.723213033015746,30
510.5,15.126230476089605,4.40976039137188,9.329784719349536,3.0729902070924133,30
510.57142857142856,15.406243058328432,4.107085905682017,9.595502474735111,2.8837330077893335,30
510.6428571428571,15.690847905485223,4.362488606899632,9.26143027528617,3.0204969227712435,30
510.71428571428567,15.680963460917264,5.148984301841699,7.507565125488532,2.7633203752613755,30
510.7857142857143,15.93119261607829,4.821755653868234,7.77161892921243,2.7499395159705644,30
510.8571428571428,11.763808336353208,3.8284898351303744,7.354346136664685,2.8895080818131094,30
510.9285714285714,13.302955961129726,3.770909968999378,7.549203265811983,2.876310613134155,30
511.0,11.697160684019,3.0520362870095274,7.026182021699103,2.4315780479991784,30
511.07142857142856,10.889139666063919,3.02198996070196,7.6310393786374044,3.31446618848026,30
511.1428571428571,11.579031273228923,2.8470086471331495,8.463775358303936,3.3918227338263107,30
511.21428571428567,10.316421133580821,2.299069507074099,7.240202973159667,2.1059797923600696,30
511.2857142857143,8.69280407893878,2.0991127674786836,4.8888179700971,1.4725080905434749,30
511.3571428571428,9.894962234673072,2.063124393277607,6.943014521988277,1.8714794779909372,30
511.4285714285714,10.302006373131048,1.9602946451958212,7.040603991837228,2.0223320353401255,30
511.5,7.956896266969543,1.6481255267134405,5.352403727063531,1.6425288403736182,30
511.57142857142856,9.09006293152473,1.961502961733239,6.178142940300456,1.9058369720898778,30
511.6428571428571,10.047051199383622,2.037233039106592,7.073411042663456,2.1703250302970805,30
511.71428571428567,10.459897205727076,2.388571415263303,6.611546273236312,2.1438288154351297,30
511.7857142857143,9.651992796487134,2.274690415703954,6.304972715083881,2.190140076332763,30
511.8571428571428,10.351324242640068,2.723326271533525,5.298883932755776,1.3485727918115786,30
511.9285714285714,9.560437326335808,1.8471631694684414,6.163326719294228,1.8377805680363686,30
512.0,11.913850811428244,2.9833812423404042,6.883602503172672,2.0383149125008004,30
512.0714285714286,9.644896257361875,2.735144777015748,6.0292797801172835,1.8548003116393932,30
512.1428571428571,12.228950029071404,3.8272866429588515,6.855196582053514,2.018630125157335,30
512.2142857142857,8.241783085251761,2.633477407408321,5.232911820163121,1.9496315987439625,30
512.2857142857142,10.428933588659373,3.4476194967431053,5.416204240013122,1.6283729064839307,30
512.3571428571428,11.363340358608783,3.500038418849548,5.937126378185835,1.620673945598404,30
512.4285714285714,11.689579159585472,3.629563060171715,5.746282332463849,1.5344811145730393,30
512.5,10.941432994223314,3.133097554126157,5.708613893976704,1.6126708192411696,30
512.5714285714286,10.826243679569219,2.9716918350042896,5.4727377050693145,1.5134610612184487,30
512.6428571428571,11.338167027459455,3.109570321932563,5.711017008049391,1.5851421576942377,30
512.7142857142857,12.809531086969262,3.3016224685071114,6.50148213899754,1.8436959630114784,30
512.7857142857142,14.109673772754235,3.6391649293217396,7.41704608784664,2.028733775018323,30
512.8571428571428,14.937612371338938,3.692307882152946,7.626010448709543,1.9257465916033656,30
512.9285714285714,14.611114824790933,3.8245211403964907,8.136799686935374,2.042948881619707,30
513.0,13.916630920953612,3.643032902805035,7.297749116871513,2.1252322756499002,30
513.0714285714286,14.685126806115166,3.606980457850593,7.6047690561593475,2.0816997216747746,30
513.1428571428571,13.857397978521501,2.8370579084414937,7.07185664134121,1.6428187861659262,30
513.2142857142857,13.1876198134244,3.1801420163992815,7.132081505936225,1.7956043075457984,30
513.2857142857142,12.848132868995346,2.9467277536209666,6.645298040850416,1.4896200129102544,30
513.3571428571428,12.690836349356433,2.964136528965478,6.188841456501409,1.4747274026043964,30
513.4285714285714,11.844240184770198,3.06678127447226,5.369616480368839,1.3622290294135935,30
513.5,10.191102978276156,2.7678982322903374,4.590996204529546,1.0979780267276618,30
513.5714285714286,11.722537487311603,2.590508010417297,5.83142888389399,1.2096398097168224,30
513.6428571428571,11.839210338514707,2.7936547984703783,5.866782463517316,1.4124757061092719,30
513.7142857142857,10.95408992540395,2.710961201547197,4.851100723761708,1.2318951066671615,30
513.7857142857142,11.122733872158488,2.6486808787019998,5.572219258000883,1.4038962135444524,30
513.8571428571428,12.055044769211884,2.836484457374537,6.056542341790548,1.6035084782235676,30
513.9285714285714,11.910107214243412,3.022616749079504,6.108781400186426,1.8568588053662856,30
514.0,11.499366072756942,2.904048046901708,6.225292815551614,1.950026109673437,30
514.0714285714286,10.645218079380681,2.8702105563311315,5.9576425405290365,1.9538069200380659,30
514.1428571428571,12.144642064721754,3.3372009800136957,6.278447898331082,2.0816950249592865,30
514.2142857142857,13.5940389170124,3.610820012122196,8.250685259646334,2.5491346886566353,30
514.2857142857142,13.75559670601364,3.6198800634135155,7.533595102521432,2.3473850745617213,30
514.3571428571428,13.46957529473416,3.9242537578863876,7.339126674594778,2.4285321923256054,30
514.4285714285714,11.957571464171243,3.34388609636696,6.593227267356736,2.159789229306691,30
514.5,12.364921218418516,3.498815735811483,7.07646991509707,2.227025262496024,30
514.5714285714286,12.53107126064037,3.2853194752762924,7.074699652064875,2.211927912349599,30
514.6428571428571,12.713963642825082,3.3834741228654455,7.478175897744527,2.3302247552711095,30
514.7142857142857,13.06116999536638,3.707539558250633,7.583898017691724,2.55971914524869,30
514.7857142857142,13.532960136825077,3.765062068785658,7.963635987394489,2.5788299327239605,30
514.8571428571428,13.688501436109588,3.529609909268803,7.908104584333616,2.362489769182,30
514.9285714285714,11.174790502100299,3.6754199111860535,6.505248220801869,2.5038083630099477,30
515.0,12.358470153933153,3.5178811419145233,6.759564764808835,2.3821932620541966,30
515.0714285714286,13.773017145298777,3.7617790587208235,7.760316284551939,2.5163116249358546,30
515.1428571428571,11.393076500660486,3.9103112530214,6.826506933787423,2.7088048232233675,30
515.2142857142857,11.98823073269592,3.7453721551243193,6.724235199837966,2.5424126718712463,30
515.2857142857142,11.957306171014302,3.7696925041244658,7.116310945849701,2.7285759414016284,30
515.3571428571428,10.288812178131597,3.8543998349417294,6.284155443567905,2.804981315745953,30
515.4285714285714,10.067826975252133,3.8005453963112954,5.908175874733398,2.622948557117218,30
515.5,10.505170386912146,3.7901366630119595,6.613304464617816,2.703411660213541,30
515.5714285714286,11.049230865841666,3.727544045475462,6.430956166374484,2.56390165790554,30
515.6428571428571,10.741077042959592,3.5479297559134144,6.15329975915078,2.3955922796210527,30
515.7142857142857,12.270724514674987,3.5941285530326224,6.923465348935136,2.4012475762141583,30
515.7857142857142,10.669139123290673,3.1107998562967114,6.820157228263619,2.3320701630327263,30
515.8571428571428,10.998881672593068,3.242433662291145,7.453183184017349,2.4870546288144033,30
515.9285714285714,12.073574885449178,3.246812807785491,8.116863548027123,2.4502334502082257,30
516.0,13.221550057325322,3.7208703983546894,8.217837739043294,2.504693032046146,30
516.0714285714286,13.13093395129165,3.496014025665116,7.408217047252851,2.1379540765136973,30
516.1428571428571,11.659736672991784,3.169066777894584,6.329588130168475,1.7913832281380029,30
516.2142857142857,12.552776728869715,3.2709430507478205,6.420590716399228,1.6667237813456772,30
516.2857142857142,13.959198373458033,3.126799047057463,6.225436797259431,1.387883391549193,30
516.3571428571428,12.248195506674413,3.144206220832497,7.394828297424154,2.487534573802989,30
516.4285714285714,12.47724070192233,3.024548400498908,7.756360109194375,2.6601400712457255,30
516.5,13.049371654803911,3.4636495064730055,7.794435649410104,2.7082986306281773,30
516.5714285714286,12.464016731678239,2.8802850610359134,8.03102676215801,2.6493917617723195,30
516.6428571428571,13.076012905470474,2.90184343011349,8.293710169020864,2.4762383894020394,30
516.7142857142857,13.05396800916166,2.8121011962251092,7.468747748876511,2.2365454142494463,30
516.7857142857142,13.568157871895641,3.1304788331879063,8.759540900538537,2.62848578543233,30
516.8571428571428,14.194030867059189,3.6744416259458017,8.926966971698317,2.9218742574319454,30
516.9285714285714,12.740521759353573,3.426808359007217,7.979965262451694,2.9231695106822455,30
517.0,12.017986817038324,3.137046548486562,7.748629875239033,2.8731245014793556,30
517.0714285714286,13.326678307019552,3.538844759156532,8.213851654004714,2.9894667351874613,30
517.1428571428571,12.978715767655931,3.9737769356150507,8.203516405810927,3.208812030355088,30
517.2142857142857,10.984726966706528,3.628871923384594,7.539501561888398,2.7960399563253584,30
517.2857142857142,10.928172496104711,3.327293927850309,6.420523008551384,2.4750424173704633,30
517.3571428571428,11.480107271684389,3.085141393245633,6.899195699450321,2.361803555081725,30
517.4285714285714,12.337251449253328,3.398626991712203,8.553558904788202,2.883513988894932,30
517.5,11.451634675502085,3.4113556135756955,8.377333107962814,3.0091526785703344,30
517.5714285714286,11.364415241531121,3.25676759524996,7.963433137612738,2.939657172732267,30
517.6428571428571,12.406354263524799,3.7381083457496147,7.223846890658113,2.7070494856988256,30
517.7142857142857,11.693537788573828,3.780899203798502,7.041178726223631,2.7102017289377316,30
517.7857142857142,11.928704612491332,3.3846021631768575,7.637023849216249,2.584471648865753,30
517.8571428571428,12.284722846202502,2.8103466157804027,7.744962001866781,2.383400194707193,30
517.9285714285714,8.71880714275414,2.6002873459820424,5.682913449474996,2.1677878819877217,30
518.0,11.182165385901653,3.448588444985369,6.821316519195508,2.5931803579331794,30
518.0714285714286,10.026637712551016,2.945615012849997,6.606420458239971,2.333279906489071,30
518.1428571428571,8.1141797708291,2.260183060667745,5.144018646741756,1.8371231867582243,30
518.2142857142857,10.099495401299052,3.63340022248416,6.666330386812986,2.7247346816017513,30
518.2857142857142,12.263848793057145,4.305539136104127,7.529358519803243,3.27733544673517,30
518.3571428571428,11.727517020088097,4.483363287101641,6.933435774923646,3.117399209616394,30
518.4285714285714,10.007569932583111,3.0677256132821293,6.863482715041178,2.9525865280193506,30
518.5,10.343248810000132,3.8130657585987437,5.752663948844541,2.616892693847364,30
518.5714285714286,10.689988393335794,3.525486673480362,6.502836510294916,2.550994159664376,30
518.6428571428571,9.992445241270895,3.011964868342124,5.410213361881082,2.0797195659449073,30
518.7142857142857,10.161180197769445,2.7904141785829175,6.035747734470529,2.030987717405747,30
518.7857142857142,8.956535630201666,2.9200789805230642,5.1113694042148206,1.9852135925804126,30
518.8571428571428,11.367598501667677,3.616754577109629,6.913724801458055,2.570681918683671,30
518.9285714285714,11.159478273701849,3.5483643976007824,6.347568971539813,2.44347316971904,30
519.0,10.940363534942003,2.8404920548713872,6.077453656070677,1.9628395378574093,30
519.0714285714286,9.697110062677627,2.1764999497487696,4.776166140508807,1.4213059806438306,30
519.1428571428571,10.1417484861066,2.1001331553481277,5.793630384595572,1.5356912542042416,30
519.2142857142857,9.246535221605546,1.5263027674889251,4.853968297577947,1.066298395204555,30
519.2857142857142,9.46532527201592,1.5057922051202437,5.8882675922121415,1.6034371072617737,30
519.3571428571428,7.929101050692105,1.6755430145361487,5.693844767679368,1.8085077235969114,30
519.4285714285714,7.9519148728071976,1.7704466731065944,6.5726220574225085,2.686148968105883,30
519.5,11.148586342138655,2.3490276337054916,8.77636096806487,3.907574678187895,30
519.5714285714286,9.174763064775508,2.1748924427723932,6.051440818913579,2.0443883147258166,30
519.6428571428571,9.632634061179706,2.1344141773319665,6.19131259877868,1.7011322751547346,30
519.7142857142857,10.693476507770441,2.507378241290913,7.3414032499129,2.146110639891752,30
519.7857142857142,11.233763223788909,2.713048770173832,5.673429997525693,1.302186131683847,30
519.8571428571428,10.956634093158627,2.5828358686685235,6.078438942010655,1.4701603736498043,30
519.9285714285714,10.786595234552195,2.857453727595632,6.684118949441699,1.9159593004905549,30
520.0,10.887822788578967,2.641935540409162,5.735984275111903,1.4473370344688978,30
520.0714285714286,13.382846458979788,3.603013793326994,6.86157746593376,2.186564847585572,30
520.1428571428571,14.307543135960708,3.459253834890858,8.172991213217966,2.4059910425516655,30
520.2142857142857,14.400170489420361,3.5251443037092627,9.150467098714842,2.768458059938266,30
520.2857142857142,13.550150457345445,3.6111470279487365,8.161352342325491,2.634614183520483,30
520.3571428571428,12.016372023950005,2.9296941191793593,7.653516817962289,2.555672969380604,30
520.4285714285714,13.083997563894085,3.3928163078458944,8.44431482694161,2.757877654082659,30
520.5,13.143341066648214,2.5908550955271608,8.037666536106569,2.0907688140341523,30
520.5714285714286,13.901979541211771,3.2211407824638196,8.150551154689147,2.206057694397656,30
520.6428571428571,11.117737522213893,2.6373668587363186,6.829752593854024,2.1389358383604997,30
520.7142857142857,11.835122146395774,2.7908734964526354,7.490105135317314,2.1377032925469868,30
520.7857142857142,12.148514638794689,2.662834557709502,6.709129433300857,1.8422733343569104,30
520.8571428571428,10.572412220066902,2.2059760584868093,6.014690581980303,1.6531258146045167,30
520.9285714285714,11.753702447676352,2.4309368372865867,6.091290654293434,1.2554018286041215,30
521.0,10.690864706946021,2.5329480063541294,5.151357565475495,1.0911955346831572,30
521.0714285714286,12.334318150940325,3.168029233090375,5.7204331610462695,1.2122600973437379,30
521.1428571428571,10.683615115850266,2.7889197452233656,5.984555373419148,1.6121759466312722,30
521.2142857142857,12.882916418982122,3.6589848084583685,6.0368577388272255,1.7074338644482152,30
521.2857142857142,11.157042116526343,4.153835466241537,4.001357891765253,1.2226448084588908,30
521.3571428571428,9.425027936300891,3.746188828898988,3.4740665492033034,1.053141682880862,30
521.4285714285714,10.100200981203772,2.8728070890414186,5.602484619811132,1.9775477849133467,30
521.5,14.01341800499928,4.637243937700914,8.0464182015001,2.621677195457402,30
521.5714285714286,9.594909787042674,3.4018857728233813,5.93535687438196,2.5997781453299815,30
521.6428571428571,12.563359948303992,4.772184527875717,6.954256573715219,2.456148543185378,30
521.7142857142857,16.058279619233634,4.985957746668378,8.589799176898968,2.7622299534263113,30
521.7857142857142,13.746131537159263,4.7190313893723115,7.331249553746307,2.5141024476029292,30
521.8571428571428,13.754369614032493,4.868009248212351,7.354141196103212,2.9510555920817496,30
521.9285714285714,14.024518379071193,4.730232019228861,7.48681491775431,2.505966823589027,30
522.0,12.418146754288504,4.200345829758274,6.522518728212362,2.4004781348941466,30
522.0714285714286,13.139698952948622,3.839567643085195,7.469090575380549,2.3393266556908086,30
522.1428571428571,14.46955760831814,4.126758179773834,8.768125431619252,2.575741351127592,30
522.2142857142857,12.352368874359456,3.7360801479887695,5.74903695925642,2.0180680952923082,30
522.2857142857142,12.098354925222926,3.584554877915247,7.296069878279466,2.532401230981144,30
522.3571428571428,12.032891793936924,3.677551473043191,7.443607548507882,2.840098289552892,30
522.4285714285714,11.708517761508633,3.3971910898746165,7.1815448958712755,2.6550548461431913,30
522.5,12.023035953110158,3.777404883829405,8.436489859233287,3.3327979643220025,30
522.5714285714286,13.497569188561526,3.868071814657923,9.135201724729395,3.4108928055179604,30
522.6428571428571,12.633380034249782,4.506003040577058,8.420178548875294,3.7857723384964115,30
522.7142857142857,15.101240392740715,4.798479582780711,10.376799613347961,4.240214733234533,30
522.7857142857142,12.528061994497936,5.000557537622752,8.618767726729223,4.263642417694433,30
522.8571428571428,13.094278312639199,5.210572660261757,9.125417437071876,4.538518934768216,30
522.9285714285714,13.513881643294038,5.258343417151253,9.602911432111716,4.670720136430334,30
523.0,15.160943050550577,5.153873625322147,9.837938729846261,4.444440392252683,30
523.0714285714286,14.080420457018706,5.230058930517868,9.69638489150504,4.55930897047453,30
523.1428571428571,13.636182016338864,4.788342221112757,9.749407177765129,4.3257558192724614,30
523.2142857142857,12.821099802390725,4.709942889686494,8.731586390470852,4.139497710954521,30
523.2857142857142,13.202348697966618,4.508386133640546,8.774945189109712,3.9117297829371083,30
523.3571428571428,11.70161520655581,4.194212932461569,7.949853297248248,3.6301175348791284,30
523.4285714285714,12.895511909292921,4.214888848420618,8.414861176674554,3.5147171026520696,30
523.5,11.513072375784246,3.934353682086107,6.730230076809901,3.022469867918704,30
523.5714285714286,11.708724742189458,3.749912643856942,7.437898525332059,2.935417372155666,30
523.6428571428571,12.705674722028016,3.721777826064264,6.955201866325893,2.5108574318604875,30
523.7142857142857,15.352656346439833,4.309043973992777,9.404373791108444,3.2844563497131904,30
523.7857142857142,11.808661793789405,3.9920289864879965,7.7751655305554594,3.191876416984397,30
523.8571428571428,16.749890251213756,4.753563121803962,11.280602919149159,3.875273367771468,30
523.9285714285714,14.152082058839227,4.123196593581628,9.38978246062106,3.5398870009083385,30
524.0,15.204014709622868,4.513942244065506,9.719256212757987,3.7934551254559308,30
524.0714285714286,14.1169843202001,5.338026281043353,9.874396084966621,4.495180195897256,30
524.1428571428571,15.763473426614507,5.909357664858924,11.337509358692289,5.1145252695901675,30
524.2142857142857,19.08454151074218,6.762950563807663,12.861653097749421,5.705525921871974,30
524.2857142857142,19.13685964234998,6.895706339275889,12.688611930062072,5.843362256889716,30
524.3571428571428,15.723230514482673,7.379050870582193,11.213671032491598,6.241227244446162,30
524.4285714285714,17.102778174159408,7.184675756023351,12.193930786213476,6.276852143682999,30
524.5,11.355705739358692,3.5056819418144154,6.27365160181986,2.39737358980911,30
524.5714285714286,17.95081358603194,7.163823848151879,12.742671192249617,6.185390130297733,30
524.6428571428571,15.735739141502311,6.664530443438159,10.942211964314364,5.685527827647843,30
524.7142857142857,13.5903467319612,5.755202312433915,9.964026977749075,4.8941578288800915,30
524.7857142857142,14.393324533166655,5.551175953590046,9.613565407243131,4.672663486007031,30
524.8571428571428,10.726329036717503,3.1252004321325386,5.534710978135338,2.029253570725316,30
524.9285714285714,14.746759348651686,5.999293524279333,10.486200166763195,5.113542203308282,30
525.0,10.526368482652156,2.774555509671058,5.782244979104358,1.8762200472180492,30
525.0714285714286,9.131950132127548,2.4903956162050727,5.260531011174541,1.7121463260332774,30
525.1428571428571,5.534298645954642,2.058384612281966,3.7884060344800017,1.4778736110411776,30
525.2142857142857,12.791320809954547,5.808766052726412,8.83106397866918,5.100172317212198,30
525.2857142857142,6.071854033995761,1.5858668238448255,3.536818820204595,1.0586857929540836,30
525.3571428571428,12.4259682675942,4.935000436022456,8.559244931013433,4.189854208490978,30
525.4285714285714,6.1856284442401535,1.4265523602996952,3.7781470060432363,1.0191513714234586,30
525.5,7.024079319007222,1.5728763189580965,3.4535059627061715,0.7814395496121314,30
525.5714285714286,9.21232027978456,2.1909112540258033,4.248261242473265,1.032671478057986,30
525.6428571428571,7.862719854590733,2.1263563881558327,4.098700995591856,1.2621256123455695,30
525.7142857142857,8.141891330115829,2.1318674878427895,4.364665290112153,1.2950677972087228,30
525.7857142857142,8.486038142223679,2.1694944047502482,5.383452284607924,1.6044544006511618,30
525.8571428571428,10.65051794880413,3.0167467977571816,6.819285934883391,2.1897744651832465,30
525.9285714285714,9.434795052511792,2.789689020831796,6.6070960498282725,2.321758033021281,30
526.0,11.08497712740436,3.103484227925432,7.180234046946394,2.4692596815900956,30
526.0714285714286,14.286215602506239,5.178359368650673,10.07954303324481,4.281561922732691,30
526.1428571428571,14.39038343788214,5.642074312953117,10.128497885688839,4.621622061991787,30
526.2142857142857,15.477492624317698,6.44474117366069,10.800302413921177,5.223153962951796,30
526.2857142857142,15.060792788800903,6.022006954422982,10.863662797985494,4.858798474372687,30
526.3571428571428,16.867990490383637,6.29269541387252,11.165985935680022,4.924549747835377,30
526.4285714285714,14.958093064731447,6.096101266396504,10.553536600111057,4.764956103403317,30
526.5,16.788933798343987,5.5199964710436324,10.45485811039282,4.269296543101233,30
526.5714285714286,14.915272293598779,5.5669922052799645,8.549906649367525,3.939944034674394,30
526.6428571428571,18.02285000594828,6.451291792966945,12.334558809911377,5.005061615763422,30
526.7142857142857,17.22412075662163,6.422712064164543,12.429841319092962,5.007067689876566,30
526.7857142857142,16.30496938309812,6.253555018330903,9.81799866544147,4.497377510939157,30
526.8571428571428,14.099964167395582,6.338378528639827,8.713192033020587,4.523263214480609,30
526.9285714285714,14.449438751241072,7.073636713900815,9.265836474387582,5.025987564856775,30
527.0,15.28602561392525,5.977615290059358,11.919699609441148,5.009313969149474,30
527.0714285714286,13.444533971817664,6.1446122172379365,8.60948091643941,4.436467200213786,30
527.1428571428571,14.30064901665493,5.119356347593939,10.69179307147759,4.257790639609603,30
527.2142857142857,14.733869833192754,5.499629689628636,8.889501271365248,3.830111502975193,30
527.2857142857142,14.090480627429736,4.613885631439705,9.011911325455593,3.7284861462814467,30
527.3571428571428,12.72990671339306,3.532102423904639,9.971407691584917,3.6369084432875423,30
527.4285714285714,12.488741131553718,3.5148349254849647,8.00461087088136,3.160466387490753,30
527.5,13.681999600343714,2.8425760295306812,8.847807210356075,2.9274579346631597,30
527.5714285714286,10.12780431828138,2.0470950612832004,5.559800428192087,1.4629248196429407,30
527.6428571428571,9.901790929036787,2.1028355993835848,7.009522673361644,2.62219170761301,30
527.7142857142857,11.84688968656091,2.7548051232343913,8.105873413901854,2.9968979844491983,30
527.7857142857142,12.519931838395651,2.6180307379611123,8.438466783855379,2.6798548894200795,30
527.8571428571428,12.74213647590712,2.7205644664345137,8.705314328384642,2.766721135139221,30
527.9285714285714,11.048658647862645,2.283436686767865,5.754140084540283,1.4021382048175324,30
528.0,11.387721073948835,2.531444847964443,6.857127900307056,2.451733197191395,30
528.0714285714286,13.319098251120035,3.1816120749103254,9.202633972111885,3.478876200783699,30
528.1428571428571,13.129813467669939,2.9986043531105757,8.141507187987894,2.7464536728863806,30
528.2142857142857,13.491610245041143,3.014691469500472,8.837970922956279,2.742006031955068,30
528.2857142857142,10.908359013018558,2.4484590917933304,7.021328081368145,2.180457552537925,30
528.3571428571428,10.83498774440048,2.102058306318422,6.921395629103701,1.9347177615713038,30
528.4285714285714,9.630413318902585,2.3840472159359005,6.585307491467112,2.222019120925041,30
528.5,8.898065574238512,1.9554380198590235,6.117324342389495,1.7358144721130135,30
528.5714285714286,10.327898184483873,1.9513325070637537,5.585196262699154,1.3534406677559654,30
528.6428571428571,8.856953428153943,1.7466295436956634,6.190236750123599,1.7691337670126241,30
528.7142857142857,9.392809315644454,2.1277416149163377,6.634819880994522,2.159786940566646,30
528.7857142857142,9.47384891440101,2.3340069536854426,7.378271747172565,2.6199085328315452,30
528.8571428571428,11.859880664419562,2.292626563290243,8.85147709504368,2.8801298335951255,30
528.9285714285714,10.488941725083096,2.4398184181791125,8.039746873317661,3.105078926572185,30
529.0,10.554677353247701,2.6394240104198134,6.730109975848616,2.242775171944025,30
529.0714285714286,11.55318820600949,2.843009851926542,7.68392672329108,2.5054903384395346,30
529.1428571428571,12.314969723106202,3.041663710422637,8.331216030461427,2.7555709599243348,30
529.2142857142857,11.894372366246959,3.434041687020592,8.731369124465466,3.587757944970826,30
529.2857142857142,13.969725762499296,3.5411649868006423,10.284817577646866,3.975411546246024,30
529.3571428571428,11.702876700461212,3.5630098575227755,9.473859323272382,3.886344570872402,30
529.4285714285714,12.534487230823483,3.101821763639617,8.235139372101374,2.5958713069122705,30
529.5,12.357080234310253,3.618418943844989,7.807875449123933,2.5698086172928187,30
529.5714285714286,13.616735960208068,3.6857561587006464,7.642892488003386,2.535167865490523,30
529.6428571428571,13.117898526407497,3.6723986881553152,7.6508049779130705,2.589053380173887,30
529.7142857142857,14.061550807186793,3.90111536322388,7.928883878467887,2.6104320542666852,30
529.7857142857142,16.94663816956867,5.017373665203137,9.075270158817668,2.917091933028902,30
529.8571428571428,14.248610824676224,4.000038786047253,8.921850209929232,3.2970109062219226,30
529.9285714285714,14.29762606206048,3.902965817498915,9.04699968073495,3.2006716144128804,30
530.0,13.204318549690596,3.8291054613812587,7.825691927610153,2.9507293480706447,30
530.0714285714286,13.997236036920336,4.3656209935411265,9.011762715012287,3.6140943662924294,30
530.1428571428571,13.770350591350244,3.8206655814274595,8.711829116892044,3.258731571496894,30
530.2142857142857,12.665010539429272,3.6875126904830577,9.46705658356468,4.036059179848494,30
530.2857142857142,13.325717644085962,3.404201256946971,10.814024703802286,4.179781262668134,30
530.3571428571428,11.945877290337666,3.2976739939116593,8.735497422795373,3.532407993260337,30
530.4285714285714,11.969511300648715,2.93669794188028,7.027419006566292,2.411431709624221,30
530.5,10.570482751972085,2.8445295266257893,6.120806487557447,2.367378926538521,30
530.5714285714286,9.227192535770024,2.530474092126075,5.272940235309525,1.9519081767356539,30
530.6428571428571,9.513644573585928,2.3636543414020204,6.616838887953318,2.2178982007725625,30
530.7142857142857,11.130294333172941,2.4757673511441234,7.233527574089559,2.375237526857376,30
530.7857142857142,13.357757627190539,3.1765085525976104,7.59952529841093,2.3493653129902703,30
530.8571428571428,12.707562528260102,3.091784611155148,7.643688089945047,2.329111831921793,30
530.9285714285714,13.135101543679792,3.777853772333971,7.808320972068899,2.7098892594750854,30
531.0,12.332740343352148,3.9349566999252987,7.110129440095323,2.5854399136055424,30
531.0714285714286,14.031118213171828,4.664869225558795,8.023659888453095,3.3392529135940694,30
531.1428571428571,13.170295610471197,4.600975084719709,7.655945255721117,3.4081396530608234,30
531.2142857142857,13.495744212320533,4.764272226058912,7.632343892290391,3.594241809598873,30
531.2857142857142,13.635708690057756,4.9114363552657805,9.618351384731886,4.4118951407138995,30
531.3571428571428,12.14880158313271,4.999086828691501,8.320662725768667,4.209277967002587,30
531.4285714285714,12.860044306831366,5.356780295549637,8.169447893482396,4.543778160082604,30
531.5,13.336736690411492,6.0291138504059605,8.97858340878386,5.124283084167614,30
531.5714285714286,14.122034292796114,5.234697211738365,11.209934102562503,5.139954197709439,30
531.6428571428571,13.62501518971801,5.26230826515809,10.083305026716998,4.756666544764678,30
531.7142857142857,13.022243797419966,4.990140747785495,8.472331180860845,4.253364926602153,30
531.7857142857142,11.272486023266147,5.031350506690043,7.599067077171043,4.190550551587204,30
531.8571428571428,11.603520745437287,4.7608201311137535,6.99837328493532,4.074133311072036,30
531.9285714285714,11.302290977704162,4.303923885882693,7.515302329019614,3.707138920537365,30
532.0,10.526220022568953,4.532706206560368,7.143538704209293,3.8229061787746437,30
532.0714285714286,9.049111091417798,3.5025399451367254,6.099454888785863,2.9902839601077185,30
532.1428571428571,10.761253821256979,3.387114455275679,6.04337999013228,2.6308880742639222,30
532.2142857142857,12.040027678875669,2.916973161224013,6.089163065224856,1.8552388913984923,30
532.2857142857142,9.721187909277246,2.4402264889144276,4.57373535050798,1.2403799728166864,30
532.3571428571428,10.65917600923955,2.2310087750832217,5.137767886909976,1.0519710849346644,30
532.4285714285714,11.965261891150503,2.8248954417707104,6.166475013545322,1.8859558625047668,30
532.5,12.465285973612891,3.756938404854071,8.703104736888893,3.3607831937673462,30
532.5714285714286,13.894585737642055,5.018057149242928,10.410858212853213,4.715071751361872,30
532.6428571428571,13.772163229208989,5.864778429361744,11.613170662108,5.893258720334007,30
532.7142857142857,13.543483876695886,5.7394135632442875,9.568665050185455,4.985766042996757,30
532.7857142857142,13.23584656162245,5.903962715149469,9.914763091210462,5.247452084985722,30
532.8571428571428,14.961610036392415,6.265073993313,10.770676123925162,5.514007819616689,30
532.9285714285714,15.223111858523858,6.704965679290579,10.618856949193722,5.82744517239473,30
533.0,15.445634603275671,7.016503605898258,11.974971432465173,6.423793823014799,30
533.0714285714286,14.425943425226789,7.035295312436094,11.686618684769787,6.30225856546788,30
533.1428571428571,15.030410189575951,6.649639262287404,11.375278963594626,6.013838441520574,30
533.2142857142857,16.966212286744483,6.610862830070277,13.654621450733673,6.606142969356463,30
533.2857142857142,13.142858156549169,5.735431291360396,10.371580978105515,5.267929052681505,30
533.3571428571428,13.685969735947987,5.177429743559786,10.788825628524071,4.904129560873467,30
533.4285714285714,13.610854078096713,4.340072377165855,10.248989823552137,4.363462621300808,30
533.5,11.569813106290882,3.915278800118294,9.150192924896714,3.976990990926219,30
533.5714285714286,9.913030584737704,3.5533046056664053,8.282119199480322,3.556142733306012,30
533.6428571428571,10.72812135964127,3.3799331587499726,8.518095253591698,3.6431241599181963,30
533.7142857142857,12.125495230250596,3.515913614991393,9.171491256858415,3.8344185531721178,30
533.7857142857142,11.278497641219932,3.574348461999722,8.832950783339477,3.7198968525254323,30
533.8571428571428,11.713342400668726,3.565070930919379,8.713410123495462,3.6011001846474167,30
533.9285714285714,12.067250509186822,3.128500343778313,8.927512222728721,3.3168028811548695,30
534.0,11.663511434297895,3.443500503306911,9.388689635555414,3.8833852374783135,30
534.0714285714286,9.584516835967406,2.215000219614218,7.665166457847489,2.584982244699203,30
534.1428571428571,10.069075580269901,2.3664654449216203,6.741004970144316,2.310077856285042,30
534.2142857142857,9.566618376099076,2.4592622477328137,6.608116859011126,2.2201130997101033,30
534.2857142857142,11.430806351541635,2.9734730834502807,7.658841772806229,2.5634838629607044,30
534.3571428571428,12.59468323892322,3.406177892543976,8.35443848644132,2.7856107306809257,30
534.4285714285714,12.397028145562457,3.167955042351446,8.225646740333575,2.8454547072114917,30
534.5,12.954564354428113,3.3830977154179993,8.418628893851153,2.882833670692917,30
534.5714285714286,13.950362743540804,3.805653599599798,9.189846538782898,3.1580534701098455,30
534.6428571428571,14.183648446870762,4.3190806832055735,9.276379680611965,3.375299531520539,30
534.7142857142857,16.44051455994048,4.740910892571319,10.969109072510827,3.8163339666177434,30
534.7857142857142,15.164755709821726,4.6936368264429085,10.330599662960616,3.653107488657486,30
534.8571428571428,14.913066235783976,4.608816114730481,10.173737324860737,3.567815614198469,30
534.9285714285714,14.062799608884603,4.6812251342156035,9.694351570148893,3.6301825822331772,30
535.0,14.155805666514787,4.100298605739518,9.17117863990244,2.96683786275069,30
535.0714285714286,14.403771312153458,4.368102628799437,10.443015756279028,3.5680099972620067,30
535.1428571428571,11.856323957245342,4.02768106861457,6.465488487378514,2.5548663619103245,30
535.2142857142857,11.713622211623544,3.8117062890334936,6.488177141882336,2.35670980987573,30
535.2857142857142,12.211730942202559,3.8320343425387735,7.7090205106985525,2.675768348113936,30
535.3571428571428,12.821197626752012,4.047376886867816,8.026506324179888,2.9775775048528086,30
535.4285714285714,11.239788267483268,4.157303155391529,7.530029863938907,3.338012861864941,30
535.5,11.373414783974848,4.003093702367363,7.483128584663062,3.424769324720761,30
535.5714285714286,9.926386675220014,3.930505267514213,7.8882528459281565,3.599923570394407,30
535.6428571428571,11.86607723223605,4.118722467205123,8.772808881967961,3.7853474317446887,30
535.7142857142857,14.124402536107999,4.704394543384718,10.257808528194179,4.233969536625886,30
535.7857142857142,12.218483512121113,4.783409068494764,8.464770835092024,4.1344923649525445,30
535.8571428571428,13.638756492019178,5.321983621981965,9.674592423996781,4.7170013077701185,30
535.9285714285714,14.717413351805668,4.9576095852604025,9.968164116583687,4.217584552088309,30
536.0,13.160077028310418,5.148428905460038,9.314501336265657,4.4924792855484315,30
536.0714285714286,15.532659950196976,5.387687598256473,11.817425590317322,5.311324515271712,30
536.1428571428571,12.757378523389507,5.09174118708014,10.074401913349023,5.141796436595563,30
536.2142857142857,15.988671195869935,5.831510433584136,12.22580380194167,5.3792363457477155,30
536.2857142857142,14.876342504191513,4.974492867817717,11.059201328507251,4.64038732396033,30
536.3571428571428,15.468895363975953,4.695752957284475,11.212161725690612,4.287570026289552,30
536.4285714285714,15.213921717668839,4.390568373972108,11.127414455421595,3.991257008590623,30
536.5,13.53459120192022,4.346072696560919,9.65220413554631,3.534623467179103,30
536.5714285714286,12.932237539129536,4.1494850921960555,8.379252879997653,3.1983361495089078,30
536.6428571428571,14.741715414109043,4.290848767868013,10.39060624863938,3.5484574319708444,30
536.7142857142857,12.21812189430715,4.199540807999761,9.74051068213576,3.6243471989640654,30
536.7857142857142,11.244485238398815,4.011255078077695,7.508718936485153,2.985006596013883,30
536.8571428571428,14.57287456680573,4.397901647878607,9.955212568599073,3.5454261565148255,30
536.9285714285714,11.516248819932535,4.251878054112077,8.242330175738655,3.1858910086259162,30
537.0,12.434216758938925,4.53570439140407,8.188090302336365,3.324690609606867,30
537.0714285714286,15.04478054523581,4.818572157568991,10.955006052302181,4.014763413544295,30
537.1428571428571,14.64144170521485,4.880942387507891,11.273179389015585,4.2151507926900145,30
537.2142857142857,15.049682355519016,5.34431096295653,11.99397611567004,4.654720310939147,30
537.2857142857142,16.976044278638216,5.904149038431954,12.972266683582289,5.008673356368036,30
537.3571428571428,16.4894164962306,5.521001781204628,11.610451130987663,4.746797933809915,30
537.4285714285714,15.42746596165001,5.517439983503546,11.936576180603966,4.777943454915633,30
537.5,13.954201162619439,5.2399187952223905,10.341777934560294,4.3530412631769355,30
537.5714285714286,14.703113941433868,5.1449274523196316,12.331930359202774,4.690251451785912,30
537.6428571428571,12.652954469294528,4.5178301074125145,9.972679109592645,4.026710454081848,30
537.7142857142857,12.496777279504252,4.740075324232789,9.941177293586916,4.073362201044368,30
537.7857142857142,11.46125669784605,3.812412779128274,8.487922540760865,3.3526640806323487,30
537.8571428571428,12.581385146685077,3.634924913120455,9.33707899653946,3.6008015087303256,30
537.9285714285714,11.909245064643528,3.0868956412592925,8.891138382078067,3.044839031699698,30
538.0,10.825053625774533,2.647691963927366,7.88004975953582,2.712771768993069,30
538.0714285714286,10.964447363260199,3.1032099723950486,8.393626224826763,3.0986742396454687,30
538.1428571428571,12.635736451110752,2.9267607076925732,9.127997741846928,2.7935596872821966,30
538.2142857142857,11.115424963006074,3.1902481029752656,7.81808085073964,2.8376716259566073,30
538.2857142857142,8.851850270169864,2.2801976720134265,6.481141571230974,2.206985144337068,30
538.3571428571428,10.305638415894345,2.851429525391548,6.459953732927036,2.2847051321006187,30
538.4285714285714,12.379748866911713,3.5003987649197574,7.057165451503192,2.3558437957371856,30
538.5,8.449291583233038,2.9972326716126436,5.143560756690359,2.0541720579597573,30
538.5714285714286,9.486964212502935,3.134689389847412,5.560186515062195,2.1508803010180455,30
538.6428571428571,8.576704817885206,3.2892404485974494,5.039672933586491,2.1560373538058837,30
538.7142857142857,9.495032112969893,3.2028071750262654,5.624457139107916,2.1797966153199284,30
538.7857142857142,11.547361420687691,3.395880292407669,8.171102749314148,2.6336171707735385,30
538.8571428571428,10.792543781278217,3.427274415289866,6.491361867550036,2.231342219564267,30
538.9285714285714,10.634088313106826,3.444370784975503,5.310694976114602,2.2083711489307327,30
539.0,10.448465509014898,3.3514484475211646,6.421596872075793,2.324129208381657,30
539.0714285714286,9.873930835292969,2.679646893794169,6.5756030415616165,2.031019518517697,30
539.1428571428571,11.619493756475238,3.378503455837647,7.594527888311538,2.5369192122301287,30
539.2142857142857,10.684573323732112,2.8958110714638896,6.290923615947414,2.1561105881607245,30
539.2857142857142,11.256647665198534,3.099168408926785,7.112590139470992,2.417827284478601,30
539.3571428571428,9.634217394649173,2.5457519256091965,6.733322515295432,2.175183039384678,30
539.4285714285714,9.449915144623422,2.3899045124889686,6.395659831830416,2.047350359676324,30
539.5,9.13268071524591,2.187017912163073,5.912702078499306,2.0072646719332363,30
539.5714285714286,9.502634584902465,2.1994940416904547,5.979706162292388,1.90275606388038,30
539.6428571428571,9.542544086752468,2.6752288532832904,5.28171153797717,1.8056969535348097,30
539.7142857142857,11.256256427081382,3.0187229000976536,6.326903902229829,2.0687075217828403,30
539.7857142857142,11.855854771753929,3.47574281159669,9.142899516587114,3.354917111709908,30
539.8571428571428,8.553410567281965,2.225698215039721,3.9605021477381395,0.9877635363417488,30
539.9285714285714,8.208904225864991,2.046275808931385,4.1920544963277715,0.9974489376922837,30
540.0,6.750465042269378,1.32236242142677,3.631145134926989,0.8444709421240005,30
540.0714285714286,9.698422511311938,3.1897064119142144,5.962529777594397,2.3691578952690313,30
540.1428571428571,9.387447723883458,2.8109840016563603,5.035953650699679,1.9031284696594282,30
540.2142857142857,5.983845514078771,1.2173176833369426,3.1275083135108774,0.810843266779243,30
540.2857142857142,6.724169567688201,1.1028773324729138,3.3250958772846504,0.6227000188366033,30
540.3571428571428,5.393706776625702,0.9650752397581286,4.183725761189033,1.3001433576907906,30
540.4285714285714,6.5513021310585735,1.1100330969878867,4.138538274251541,1.144258491421054,30
540.5,11.365633265054665,4.52492846262783,8.659178971877465,3.909496434059013,30
540.5714285714286,13.03090327215607,4.916528642157908,10.073040849483993,4.42345825406653,30
540.6428571428571,12.229824877540409,4.70935591117578,8.126890786355307,3.277545518600221,30
540.7142857142857,12.245710310293466,4.264188239605452,8.602817010570062,3.3208651650730987,30
540.7857142857142,11.332590498962377,4.268979186321897,8.423538969370272,3.661288399528072,30
540.8571428571428,12.439588733272478,4.820397928235764,8.702032809525612,3.8877305310483856,30
540.9285714285714,12.159795081618421,5.051177402015913,9.208241955648184,4.3255536650703075,30
541.0,10.281109894964306,4.162035862541695,5.729050764988465,2.9075566120863177,30
541.0714285714286,11.971775671749699,5.01824145989712,7.0677496858057705,3.4309737515209635,30
541.1428571428571,11.636848459247394,4.913294145513794,7.015833871905755,3.466121363616997,30
541.2142857142857,13.395362223733772,4.653529219472259,10.415317563791614,3.894636901370822,30
541.2857142857142,15.016264556962332,4.412871455810708,9.765233059166242,3.287111530027424,30
541.3571428571428,12.386350988959517,3.6586305300781317,8.015473073947422,2.7815121323558643,30
541.4285714285714,14.43196130138025,4.32843047165155,9.45936830643825,3.466921260588098,30
541.5,13.982265212992854,4.485991364290137,8.94836962340357,3.5327222156192484,30
541.5714285714286,12.573368440783323,4.123473326331708,7.689694398017893,3.3224521090039487,30
541.6428571428571,12.249002050332757,4.0162641608014855,8.368726332081078,3.366878489948582,30
541.7142857142857,12.492992828711808,3.7763257020358076,8.860270539513932,3.3718268116623427,30
541.7857142857142,11.916179189710386,3.317540292618808,8.258697813898298,2.7508495507997814,30
541.8571428571428,12.505167323652854,3.149697066548598,8.976664840961279,2.9945393904742037,30
541.9285714285714,12.072801715633597,2.9937088698568513,7.213609063668025,2.2766513441701064,30
542.0,11.718283963610965,3.20276355690454,7.302257382442906,2.334221854652664,30
542.0714285714286,9.946066731859261,2.396205553496346,6.088518832766574,1.8553816864242687,30
542.1428571428571,11.369903012643137,2.4838001610006866,7.883617615628647,2.9385078371131015,30
542.2142857142857,11.503220176100742,2.591914930430662,9.511212260739677,2.8288965392185585,30
542.2857142857142,11.351987495261591,2.6197538115028696,7.125148289795587,1.901123523787198,30
542.3571428571428,11.56707468150063,2.4141013034934518,7.4974035408718605,2.18996045634319,30
542.4285714285714,11.551353338246384,2.379714021733397,7.307438183670515,1.7392766979606633,30
542.5,9.005050134009826,2.0947933548251054,7.505520204041118,2.3436184043906887,30
542.5714285714286,10.837707940706917,2.5063828198879854,8.429573437070362,2.6495523701031964,30
542.6428571428571,10.23082739641905,2.139312502925347,8.393946050823962,2.855496834693029,30
542.7142857142857,10.909977495625832,2.603330815762685,8.255267145759388,2.5948580339668896,30
542.7857142857142,9.741503338407876,2.222839322328558,7.269099403966097,2.285571146699867,30
542.8571428571428,8.685531235340902,1.597400563890364,6.680105381411198,2.0377276601024206,30
542.9285714285714,10.499315149642953,2.3353087007313276,10.132332091776524,3.5023412646193606,30
543.0,8.385595276953355,2.2561296397666157,7.11724616570264,2.6516153859338694,30
543.0714285714286,9.413385726753516,2.034093243665069,7.751240627860579,2.4517265061435634,30
543.1428571428571,11.524027913225378,2.7820349849091923,10.04796577615688,3.175315397039471,30
543.2142857142857,10.238815499773567,2.759269087433074,7.559881306552802,2.4739284006357813,30
543.2857142857142,10.272180746851506,2.707909339391804,6.63984538297561,1.9803143905240015,30
543.3571428571428,10.257617021124334,2.660471084651385,7.380542776498854,2.528682830197131,30
543.4285714285714,11.041019057973218,2.829818936140562,8.20173600682424,2.6746945105277837,30
543.5,11.263576344322997,3.3036869448726582,8.002994935480624,2.832061120078815,30
543.5714285714286,10.441956894726053,2.8777819475036512,7.513955275769263,2.626680512168587,30
543.6428571428571,10.791103986432752,3.3988510739484523,10.07880791698353,3.876292468269476,30
543.7142857142857,10.951433494709697,3.2661652969505246,8.671470536897765,2.9400283914670347,30
543.7857142857142,12.548578510953037,4.151020755642296,10.424776467759708,3.575082288695452,30
543.8571428571428,11.601893307818623,4.459897711421631,10.862167684147058,4.151729331365061,30
543.9285714285714,11.025205290688138,3.8252623846343585,8.202815255614947,3.1813248562339047,30
544.0,12.479799051789357,4.233235248885112,12.142432590144496,5.105129895250792,30
544.0714285714286,13.70990902158692,5.4223160065904645,13.430962726067271,5.732765696721621,30
544.1428571428571,13.74239640684689,4.638972245763779,12.875827461201618,5.271705480144038,30
544.2142857142857,16.047256119242554,5.373577340090163,13.630758615038777,5.560566647939738,30
544.2857142857142,14.030208532278966,4.99020311191931,11.677861436665507,4.887236436520792,30
544.3571428571428,14.053086213385594,5.145880371332623,13.702896748141889,6.620374130189102,30
544.4285714285714,15.89937127185581,6.224371597872128,16.081196092655624,7.490374835115189,30
544.5,15.122710127503707,5.499486974420107,14.399864015286871,6.423005366191455,30
544.5714285714286,15.343442078667643,5.429176403269978,14.367318191639995,6.658962156918668,30
544.6428571428571,15.6518876842119,5.423446598819708,16.57440141437626,8.305460747289256,30
544.7142857142857,14.773742244681245,5.492014257344609,15.607519687896144,7.122732497114303,30
544.7857142857142,14.899116047812543,5.19621180451714,15.547482373179248,6.843152272955081,30
544.8571428571428,12.505451495882841,4.644808483762633,12.670041144916718,5.32233581731913,30
544.9285714285714,10.642890566041856,4.002941691901662,9.873064382896008,5.1660329532610305,30
545.0,8.607341565928838,3.6625032986741557,7.2388794891425725,3.6395638118193725,30
545.0714285714286,12.932087738087603,4.13904118910008,11.209113854468717,4.306012280224542,30
545.1428571428571,12.841376553211584,3.983250621146696,11.590879057512739,4.375640476060286,30
545.2142857142857,12.19215610792438,4.177774138213077,12.374126665810033,4.777780054680854,30
545.2857142857142,13.570705649896928,4.224711677176152,12.016465519138952,4.678230986389387,30
545.3571428571428,9.95780278573917,2.7544669763092724,7.711334237918659,2.7564016972069982,30
545.4285714285714,9.819798810171715,2.5078625409221673,8.745302806234427,3.557648176355378,30
545.5,8.800990485541648,2.284191516038301,9.123117059456263,3.478551604927975,30
545.5714285714286,7.710576602036021,1.9944438013367756,6.888237396474754,3.3232034328914923,30
545.6428571428571,8.436104607591554,1.8382836047465794,9.724117494187436,4.111729802748182,30
545.7142857142857,7.759710792440919,2.281969882978934,9.077463565919807,3.8133754075090676,30
545.7857142857142,14.58060182154633,5.350901840986733,11.727166070424072,3.9899069124522284,30
545.8571428571428,7.135959833446061,1.7685202296807587,7.649383528721533,2.9738935436867444,30
545.9285714285714,7.8358985127475185,1.9584790187341214,8.840146186875092,3.8562020433156214,30
546.0,9.006718095293182,2.074399841152779,10.581003375254326,4.166491016294519,30
546.0714285714286,8.708015236537495,2.736989159460498,10.352515465004773,5.3803515872831555,30
546.1428571428571,8.75134667194415,2.4818116487836384,10.912802004815035,4.981065864236176,30
546.2142857142857,10.30967644921766,2.9327134636627386,12.16449280846581,5.602069547589381,30
546.2857142857142,14.236204314197634,6.022869769367041,8.57039326999316,3.4307794609965776,30
546.3571428571428,10.019323516096309,3.2623157459050574,6.457552902982155,2.8011532790323077,30
546.4285714285714,9.484840312956926,3.5998476302122544,6.190234684060352,3.0809973833206183,30
546.5,11.318515265557437,3.74071022755402,9.732426114107469,3.729555949700444,30
546.5714285714286,6.523341438970659,1.0801440991659346,3.8349289060182894,0.7872030593814552,30
546.6428571428571,11.011999844727045,4.292535878070992,9.179693900178535,4.061768080916535,30
546.7142857142857,16.013064356366865,6.01595849629986,13.12822803264828,5.194599031852346,30
546.7857142857142,16.58626401947946,5.962547294770686,13.500952929911017,5.0785628018663855,30
546.8571428571428,16.705756580912936,6.110640451300434,14.868734325320343,5.3789695457868065,30
546.9285714285714,14.768959252511879,6.4331662985348865,12.298251337553836,5.434782064044572,30
547.0,14.268732352669142,6.290193969065954,11.974616619112968,5.222535151650472,30
547.0714285714286,15.486134099993743,6.347730356595069,12.870822943066452,5.809233940373591,30
547.1428571428571,14.919038135652878,6.277285479576168,13.832030226169325,6.3866802429015275,30
547.2142857142857,17.51509024498593,6.655405620852478,13.903965427423147,6.296930658942694,30
547.2857142857142,13.205812128383174,4.781270820654271,8.481323650961386,4.021519332404162,30
547.3571428571428,13.622408437085326,4.687332897773206,9.914263124143288,4.081419019411087,30
547.4285714285714,10.40384379960888,4.152599709558406,6.963539415653293,3.3861266864596478,30
547.5,7.768944111822198,3.229843751588587,5.456370283765743,2.7873792698686777,30
547.5714285714286,9.097753033306596,3.5843853077293875,7.7177900085868245,3.440921065208411,30
547.6428571428571,8.670507080507061,3.2253424215939437,5.973752920539182,2.829403391794045,30
547.7142857142857,8.123318111856372,2.945954593601183,6.788645826554768,2.971934568167841,30
547.7857142857142,7.781579318599577,2.546079199041439,6.257650853735049,2.4531112046000807,30
547.8571428571428,7.029422016998185,1.9696114425734665,4.717508636523177,1.698935655357237,30
547.9285714285714,7.192454658271315,1.7384319296475021,5.046744004537972,1.793182915153554,30
548.0,6.472170417162384,1.6959625505777027,4.182444000701805,1.4187791182473517,30
548.0714285714286,6.699561098101154,1.7720486725230706,4.206378648442472,1.4759971082042032,30
548.1428571428571,6.645551990611903,1.6101824221602008,4.745742063790513,1.487304377342257,30
548.2142857142857,6.559299080145522,1.5712755839244466,3.712035294142269,1.223515446654427,30
548.2857142857142,7.54537981962549,1.535038653259305,4.478720753187926,1.3317463042027442,30
548.3571428571428,7.310431476121297,1.713221279371119,4.62254881866707,1.3907041252288204,30
548.4285714285714,7.103864295323982,1.7443553790016926,4.763177271881591,1.5404914005062211,30
548.5,8.468476578045124,1.8078312530093954,5.324084000316753,1.5413967188951923,30
548.5714285714286,7.6397302741048785,1.956162100172854,6.3364551186611795,2.2248019898776907,30
548.6428571428571,8.556436901247237,2.278793173187909,5.79176407397291,2.0220214049895366,30
548.7142857142857,9.789824880873736,2.483824552691471,6.786638984144535,2.5741225880428136,30
548.7857142857142,7.80287949986565,2.66040015018923,4.485813996554452,2.1943596910065954,30
548.8571428571428,8.812689560898848,2.7227750256026657,5.156292162201478,2.301577105406214,30
548.9285714285714,8.431516694373604,3.073401899721026,6.113679329592303,2.824328515504448,30
549.0,8.571122481675916,3.205377493600511,5.9097650834146025,2.8096525467039384,30
549.0714285714286,8.369550338117623,3.4183204867464774,5.805108341894904,2.942763589206505,30
549.1428571428571,10.214582226886561,3.9310351645152553,7.069034160798231,3.3836786759914235,30
549.2142857142857,9.875962744033856,3.8366220337376,7.104967851336714,3.3807857239262327,30
549.2857142857142,9.91542758658801,3.7691958975369797,7.567557704176124,3.5496177549296686,30
549.3571428571428,8.551735955664311,4.126038427830646,6.5224415694738145,3.6725127884790902,30
549.4285714285714,8.492566759108827,4.177056206410676,6.877818858013934,3.7968335015889454,30
549.5,10.007420290598759,3.9905968791826285,7.3699535808094785,3.681165671456568,30
549.5714285714286,9.926504629066267,4.220151566878077,6.320007284073846,3.6964606808196367,30
549.6428571428571,8.78841062743657,3.864849253743797,6.912874664485404,3.608746791328696,30
549.7142857142857,9.516421810844724,3.904335189461207,6.053535998707591,3.4134156247072096,30
549.7857142857142,12.289149511737321,5.345358256694184,6.990807668751159,3.657049646277951,30
549.8571428571428,13.066580773659632,5.095673411181378,9.012326375442646,3.7936783131596123,30
549.9285714285714,11.954228370127359,5.292666227169584,6.473588275738539,3.505295690249078,30
550.0,12.965916048173472,5.417302662041152,6.840649684105862,3.5168715717126546,30
550.0714285714286,11.756249029097418,4.960245928061183,7.374444876809321,3.3937794981506233,30
550.1428571428571,12.437945204015264,4.4596735705886,7.446170472100739,2.7993574612364274,30
550.2142857142857,9.873471047078763,3.5438920387786785,7.988596530460834,3.540794735724739,30
550.2857142857142,12.811094275775933,4.304528123096335,8.431718272189553,3.32634321407676,30
550.3571428571428,11.064706918809845,4.064872508504999,6.9660011748789215,2.6741944087503047,30
550.4285714285714,11.609035283902285,4.118522797826828,7.553190956439786,2.8227964866871473,30
550.5,12.917109300984142,4.001339512343648,7.48211222531333,2.571406851858542,30
550.5714285714286,11.565889548776584,3.617874419861718,7.0078141801863705,2.3760644495476906,30
550.6428571428571,9.708895088501587,2.9027566775590623,7.187397390333934,2.9195767186233432,30
550.7142857142857,10.940878191290908,3.465867985591297,8.441971506752848,3.044557384010405,30
550.7857142857142,7.638662061563627,2.2749017020751605,7.599541062323733,3.124052829108655,30
550.8571428571428,8.463177203640159,1.9678574827417599,8.360556409424687,3.2783371098631147,30
550.9285714285714,7.393126571416795,1.8243031206209264,5.345859199091085,2.227264525834393,30
551.0,7.8858151409064705,2.181822964832714,7.366476642452722,3.0855707697081423,30
551.0714285714286,7.72557879877352,2.5174719197021327,5.786865800107752,2.695480091410121,30
551.1428571428571,8.783672415063155,3.439603899563006,7.082025252776417,3.4053044116169167,30
551.2142857142857,9.962464153051853,3.6048761547997534,7.0204744369176515,3.4852433925523068,30
551.2857142857142,9.647184173388226,3.801128265876097,6.873965232008398,3.5274576352069786,30
551.3571428571428,9.459293491227225,4.672465878800383,7.777311239704227,4.374994994153214,30
551.4285714285714,11.05441203952571,4.806053615645147,9.791518403469999,4.68575732667182,30
551.5,10.294172842724903,5.049178601327996,9.472703408115176,4.758979403406697,30
551.5714285714286,12.145420729748919,5.707598796607641,11.029374264931564,5.6422387994848044,30
551.6428571428571,11.798301295237147,5.390445779750192,10.373634958592335,5.054305418155949,30
551.7142857142857,11.036117530840409,5.733545517956852,9.888918113750913,5.29913334243211,30
551.7857142857142,9.876897000248698,5.509372819953658,8.888505094497924,5.090011638088027,30
551.8571428571428,11.58341610269732,5.781849945074509,9.296043149033268,5.323596851023375,30
551.9285714285714,11.307729752233376,5.549390739847831,9.890531262719403,5.1534613738537205,30
552.0,10.653854191628216,5.146178761024385,9.083195968640245,4.765931007144192,30
552.0714285714286,10.826251098427349,4.737766901568476,9.140002991338648,4.445649704860626,30
552.1428571428571,10.197026871527191,4.132951934924033,7.984830960784131,3.9298660040478492,30
552.2142857142857,9.643186936616033,3.7953450949833685,8.227600717448665,3.697149878275751,30
552.2857142857142,9.586277062292483,3.794945578410815,8.436411026519195,3.72850838941624,30
552.3571428571428,8.814018994062012,2.746167519103485,7.3755418160350095,2.897323999879889,30
552.4285714285714,7.447610086606549,2.5519075574499976,6.7214792196592335,2.766721778683461,30
552.5,8.172331313757306,2.4101313061198,6.572205693656202,2.5917197433951658,30
552.5714285714286,7.250687328159337,1.699140586074131,4.727778506133569,1.5040983943918125,30
552.6428571428571,6.171469197005162,1.3620865088151708,3.8311409778064687,1.2148728147470493,30
552.7142857142857,6.766910430987578,1.3385074610527186,4.580896509187943,1.2106003089330735,30
552.7857142857142,7.261209528307746,1.6738082892658772,5.4735467326895,2.01051967190171,30
552.8571428571428,8.77982381160627,1.9890776146161369,6.5100736854862635,2.2792185657484616,30
552.9285714285714,8.272140910761479,2.296288500291849,5.599879685660461,2.0316135583297537,30
553.0,7.609263537250096,2.653554151482736,5.1123259600803115,2.307712482140382,30
553.0714285714286,9.330242124505423,3.2668134936316875,5.59962333740492,2.631118660839742,30
553.1428571428571,9.247972341081205,3.290326081362369,6.464960816824921,2.9169260946165645,30
553.2142857142857,9.036576619087315,3.7207178745174674,6.055623674603574,3.2420932414630648,30
553.2857142857142,10.263284731158697,3.915586858855901,7.299860631507227,3.431980869923229,30
553.3571428571428,9.740311542539983,3.819149259687787,6.6843952462499665,3.3576064324519286,30
553.4285714285714,9.298834269336309,4.024460820503266,7.060848476638778,3.6553707735943295,30
553.5,10.881226133487754,3.9365718980763087,8.49525192725943,3.7627842092105612,30
553.5714285714286,12.461606523580278,4.322137722678658,9.710240287356898,4.005008160382551,30
553.6428571428571,12.489486315761537,4.171078613607811,9.006813245450605,3.6337345175978375,30
553.7142857142857,12.370272168690164,4.4199946757059765,8.970535891490172,3.946113607830953,30
553.7857142857142,13.612977227652475,4.313577321461941,11.189933884468461,4.112053489624514,30
553.8571428571428,13.225187980784156,4.134682563853104,8.495385778202714,3.5114666491911315,30
553.9285714285714,10.390265974480746,3.9215534800574843,6.745005410622212,3.4199666382273772,30
554.0,11.103007137691929,3.606791520913746,9.430545370473892,4.346496461841801,30
554.0714285714286,8.132111446024306,3.100946273267663,5.795420797093466,2.7527608196742857,30
554.1428571428571,8.599698671771007,3.385617411412503,6.478146894608312,3.024031527640237,30
554.2142857142857,9.653728216498829,3.374240021257649,9.46517862463733,4.301751635418103,30
554.2857142857142,10.172134139505298,3.545371214141397,9.977441642260287,4.655695143439858,30
554.3571428571428,9.810859425169646,3.1338855984620446,9.282614549184565,4.254632864288078,30
554.4285714285714,8.915658560695865,3.1568988086557073,9.035183983171986,4.229220155369268,30
554.5,8.879020239973006,2.5773090138591437,7.980861899763799,2.9215779603710197,30
554.5714285714286,7.911712112321227,2.2375344709641407,7.42243194879065,2.71627696513627,30
554.6428571428571,8.687090920315313,2.5488778774247756,7.445022630407689,2.692036300344028,30
554.7142857142857,8.288273749459846,2.1994699833026807,7.844546556729787,2.885993127797473,30
554.7857142857142,8.68649930394504,2.5572851079701096,9.113467574851429,3.501182945811973,30
554.8571428571428,9.191292341647397,3.2509356689589226,7.004445505662963,2.7383557675247228,30
554.9285714285714,9.130380682737053,3.025317876526031,7.0666422839552325,2.946341603880659,30
555.0,11.323188811651091,2.9687644752204925,11.62035457455733,4.4999380204749375,30
555.0714285714286,9.399501515920834,3.6695668581078116,6.47213089145162,3.1360305032927234,30
555.1428571428571,9.86378324467009,3.797008294333832,8.741919562906439,3.9133021150461134,30
555.2142857142857,12.2790038346676,4.065640775479988,11.006250881209736,4.776685132233896,30
555.2857142857142,12.037925693684798,4.439041037185787,10.19772076744526,4.926365831037706,30
555.3571428571428,13.17532637796373,4.668843140994824,11.150061020126103,4.839055650832333,30
555.4285714285714,11.285624057653653,4.360299927191778,9.733614139661745,4.6510434598664965,30
555.5,13.555287451581481,4.908770955437678,13.292096596307132,5.724262703216216,30
555.5714285714286,14.895461528258501,5.52873324167515,12.167644933064311,5.139920727230273,30
555.6428571428571,15.048915350338223,5.841640643319813,11.016022919822761,5.241910561797584,30
555.7142857142857,14.418193584947009,5.286477702626941,10.410188307207557,4.925169473543123,30
555.7857142857142,11.092532332738857,4.488520540115518,8.546338199085634,4.089569081692283,30
555.8571428571428,14.06212569175091,4.800981559918528,13.381660318415154,5.866923931238046,30
555.9285714285714,15.474680271391467,5.286372129099624,13.879548237740845,5.639809778943543,30
556.0,15.095208850043017,5.6987688688536124,13.983733926189334,5.654560533377974,30
556.0714285714286,9.80684534334658,3.994277659559194,8.985816004867893,4.220676635176025,30
556.1428571428571,10.195916952083115,3.6595440780923645,10.268611379294896,4.488641639524799,30
556.2142857142857,9.573772007113632,3.9152233100528524,10.763483513449,4.819163090821466,30
556.2857142857142,8.07177110313689,2.6962667773114566,5.651240138201945,2.4673730337096123,30
556.3571428571428,7.6239445540215565,2.365856764119724,5.729056777731241,2.364339852030376,30
556.4285714285714,6.587077835717576,2.035659522446297,4.117781375483027,1.7233450155707764,30
556.5,4.340320579963868,1.198844872484521,3.317145073540969,1.2351408520292535,30
556.5714285714286,5.447511840641962,0.8946474335001571,4.749423467192211,1.8674953561139664,30
556.6428571428571,5.411031162779451,1.1355837290862099,3.4384240082597533,1.1202692567636026,30
556.7142857142857,5.60028740581663,1.3652573577528224,3.593915891618638,0.9958033655583807,30
556.7857142857142,8.156686946894666,2.643125961934796,9.77169288872232,5.537576884686906,30
556.8571428571428,8.728394893547314,2.2146151855360072,5.153802216746402,1.7267471928372846,30
556.9285714285714,8.206729246797353,2.310861468666508,6.023585254877246,2.581471562807237,30
557.0,8.15060623898036,2.7551277421279665,5.20318884789733,2.3121711514401007,30
557.0714285714286,9.898318518326839,3.204532607569925,5.4689388725548325,2.762436126334104,30
557.1428571428571,9.213937769253917,3.3811216002489535,6.56003015419426,2.9971380617111545,30
557.2142857142857,6.158900343455379,1.211866086387835,2.468950571359842,0.407995754082824,30
557.2857142857142,9.438953754352289,3.9292123934309644,8.853094820406591,4.574182699839104,30
557.3571428571428,7.178402534439935,1.877987024977989,6.861444399924432,3.7170469214480484,30
557.4285714285714,8.777315513251905,3.715812650672308,5.791906829974935,3.2143418644607373,30
557.5,9.61816897026332,4.217605237598221,7.2374760161299685,3.8394832897169957,30
557.5714285714286,11.736351753127236,4.688591929335714,12.028193764615699,6.131310498634504,30
557.6428571428571,11.285885485742197,4.138808535941796,8.387334638374055,3.8354474368284426,30
557.7142857142857,9.803325460595094,4.110319172592151,7.668684400897242,3.758488697657427,30
557.7857142857142,13.393585628795226,4.6871455177612775,12.446390103248806,6.207377569354571,30
557.8571428571428,12.765202717076162,4.434708833077209,11.965152295925455,5.976206111012433,30
557.9285714285714,13.714959799592151,4.270964597048378,13.107209055577231,5.879928154001972,30
558.0,11.26511655644734,4.071855457356464,11.337372276006205,5.808212713892573,30
558.0714285714286,13.637689223874146,3.90396593310183,12.688991178717183,5.7119774650833,30
558.1428571428571,11.667344527446472,3.370202214564458,10.407811020354305,4.225656357038961,30
558.2142857142857,12.18763245565505,3.2244811819588994,10.736551110525124,4.1864704440867015,30
558.2857142857142,8.881552387465995,2.945490686543831,5.442964232599682,2.3016809347008205,30
558.3571428571428,9.281588814896923,3.0468955707261727,6.569631084927748,2.484783974447974,30
558.4285714285714,11.010337435239176,3.352387279367761,7.546380214996699,3.000361345140231,30
558.5,11.178667118974595,3.3489147964727266,6.957662074436933,2.6515155034738447,30
558.5714285714286,10.310262137310474,3.1716645475273983,9.246177329315431,4.345873379314761,30
558.6428571428571,8.503302486024058,2.6230974375028797,5.308180095798034,2.035181078283343,30
558.7142857142857,8.86963387692881,2.061958424190535,6.394507706267677,2.04196463956675,30
558.7857142857142,7.1383507312445795,1.989264237859017,4.3168190484992515,1.4934018479459588,30
558.8571428571428,7.095881223271241,2.0268561276965227,5.49052284100081,1.8627827545127968,30
558.9285714285714,6.865477337730789,1.6552504158288397,4.422816400359302,1.544022355150981,30
559.0,5.822782248125525,1.6634033276324498,3.2566904874889278,1.0335511052347492,30
559.0714285714286,7.919866287739803,1.7658054180047367,4.691914121430284,1.2851601903900804,30
559.1428571428571,5.8418937527990495,1.7790255278002778,3.9614975420934284,1.288443085167273,30
559.2142857142857,7.306986621756655,1.812688901590487,4.153906358529502,1.1912244415175575,30
559.2857142857142,7.335909921515739,1.7041461168985126,4.164306068643333,1.166179680550313,30
559.3571428571428,7.4675512754303295,1.8861157128446333,4.3856269153439165,1.2056260762671518,30
559.4285714285714,7.821330054860517,1.7564626345651828,4.021008694938205,1.044942645486109,30
559.5,7.8791687888793165,1.9973058204154923,5.362777711967563,2.2327377442259357,30
559.5714285714286,9.035541595715088,3.0105080218466873,9.266996144949585,5.326004567800879,30
559.6428571428571,7.197747848056286,2.3971962955349224,5.9523483566883835,2.9750365270253534,30
559.7142857142857,8.633338267190833,2.767271513538688,7.730890253824646,4.173530665860672,30
559.7857142857142,7.683437004797587,2.5831139270484336,6.820637568599905,3.564021862742728,30
559.8571428571428,8.031142153204545,2.498971817350164,4.736542606708297,2.0060047851578866,30
559.9285714285714,8.774816225693272,3.271194941073868,8.680176863986222,4.919840335188033,30
560.0,9.068023540769472,3.230650557318075,9.466410471654642,4.338373001050595,30
560.0714285714286,10.096763972110535,3.1274340352680556,8.136923998236544,3.729074521882158,30
560.1428571428571,8.011268525275424,2.651227464037857,5.0806440053493365,2.1926845772802834,30
560.2142857142857,7.601328578199025,2.428741528998437,5.377630948369938,2.1505892752691445,30
560.2857142857142,6.8207401622857455,2.263488538657271,6.297158278707805,2.513493978823454,30
560.3571428571428,8.52023977081568,2.171957487987541,5.993976684154914,2.0083997098965867,30
560.4285714285714,11.004045117624246,2.299656934434455,9.53207507705803,3.4561781601639012,30
560.5,7.239224793138988,1.9036656901688553,7.054469497562695,3.0067375020774056,30
560.5714285714286,6.554471513888488,1.795868436305158,4.749908344062434,1.8043795129595703,30
560.6428571428571,7.742767042149468,1.6364312283148457,5.794037238859709,2.025433949038898,30
560.7142857142857,7.414085435583776,1.5535526313308625,5.964628782391587,2.56895135485831,30
560.7857142857142,7.733483834075195,1.7931859090271618,5.9863488404135925,2.250598579570111,30
560.8571428571428,6.850695180204254,1.3350678169780525,5.865223990342794,2.0986516516504397,30
560.9285714285714,6.746446262071995,1.3533396056669176,5.692662284980076,2.639703751737122,30
561.0,5.689342865605932,1.0162898694533968,3.519019151121177,1.1487816305823715,30
561.0714285714286,6.521031409703673,1.055731212080018,3.041423676058737,0.7575475512477591,30
561.1428571428571,7.748650743925214,1.2721897547694097,5.674655561211599,2.508908590116797,30
561.2142857142857,6.869260672551999,1.2499461173280295,4.668390662417512,1.6722702734317072,30
561.2857142857142,6.097527099588792,1.1602140962142087,3.432610062969768,0.930422444257178,30
561.3571428571428,7.336267362278766,1.1608411934968181,3.983379795018524,0.9355333435320395,30
561.4285714285714,7.371961639926587,1.0752154051968879,3.3032202956539107,0.6736982030127633,30
561.5,9.251254502738401,1.464769449424848,8.213597584213899,3.416439993473286,30
561.5714285714286,6.774358624682561,1.2150742181915803,4.964310914322185,2.0098374737180595,30
561.6428571428571,8.087115968546696,1.343173506778414,4.584293793446796,1.5716256494948082,30
561.7142857142857,5.033736993041194,0.7734396522697637,3.240381909559951,0.9051257762623515,30
561.7857142857142,5.793533216528505,0.9424195896269582,2.7967469858669283,0.5573269032201208,30
561.8571428571428,7.832366806391179,2.048247662116086,7.024282334696419,3.8120432273080036,30
561.9285714285714,4.645573580890446,0.695723700064109,2.8450419192962006,1.0251435277774044,30
562.0,6.805203714334315,1.3789256207670557,5.627254285638409,2.7829121615219066,30
562.0714285714286,6.500445628829816,1.5982217010629383,5.8620253408256255,3.2400029957495753,30
562.1428571428571,8.318322989422567,1.664686435280618,8.2881635325524,3.8053894445354,30
562.2142857142857,7.282746930174981,1.6037329781563558,7.948171674390763,3.858610903003394,30
562.2857142857142,5.588532922135476,1.4589556379329098,4.821607655718292,2.8739274756712487,30
562.3571428571428,7.623466754506634,1.564586582525383,5.38410517364904,2.798664315601332,30
562.4285714285714,7.518664741987022,1.7588766611588844,5.912094587677903,3.0791588929824467,30
562.5,8.66188295846514,1.650951438259749,8.01471148091182,3.4345560430268844,30
562.5714285714286,6.034433064220908,1.3409399391499717,5.9785340554654445,2.8346301280601187,30
562.6428571428571,8.10116555063028,1.4285304339625373,6.992874135277731,2.806258017889796,30
562.7142857142857,7.453178761844502,1.40514633138988,6.932184228966349,2.806033090153984,30
562.7857142857142,7.004082718332747,1.0857137970104769,5.042049084168756,1.4649572167258018,30
562.8571428571428,8.291728194330933,2.4270049474939146,9.572224589775477,5.452377892012994,30
562.9285714285714,7.863050818885605,1.4711325989115014,7.077842331702447,2.9710891746327244,30
563.0,6.211953087927081,1.3804385069629743,5.590650627231378,2.4436855119419945,30
563.0714285714286,7.53314156440593,1.4745210478960193,5.740553333954516,2.2347440149943054,30
563.1428571428571,7.123531906799622,1.4491928470570588,6.470442678439018,2.9536441281489494,30
563.2142857142857,8.274277245425905,1.5676637098308301,7.684137475033991,3.133683394224059,30
563.2857142857142,6.4202846805517675,1.4322897509721682,6.248666438657874,2.7172230220041396,30
563.3571428571428,7.9565385967631626,1.5478443273995666,6.023014460633458,2.4437709647256245,30
563.4285714285714,6.477756431634721,1.6122579683574418,5.833890812847699,2.8898817515168105,30
563.5,8.006335830467876,1.6537688936028385,6.210737729671551,2.2904224289933794,30
563.5714285714286,5.929453159458054,1.401885295507288,5.112517243881749,2.119984302327884,30
563.6428571428571,6.16784916949543,1.5090101135614309,4.255264970024774,1.5532720185155675,30
563.7142857142857,7.93927185214089,1.9489048551178778,5.293810267200231,1.8881391465764317,30
563.7857142857142,7.0279004364435576,1.4006980624566872,4.725988257281432,1.5064140241731432,30
563.8571428571428,8.250927420164354,1.8502671857102995,5.445161275768056,1.914999190868528,30
563.9285714285714,9.050151114285024,1.7547867257957261,5.866266349013272,2.046485490205633,30
564.0,9.42217666684258,2.0984148529416924,6.121488434244461,1.9630348165403164,30
564.0714285714286,7.625836094351885,1.6458734754438333,4.975073820942186,1.5826546245450408,30
564.1428571428571,7.4546561432589264,1.6053206349982378,4.946408601882862,1.3878042573983111,30
564.2142857142857,6.389504045820421,1.4072334711892454,3.9101317837459115,1.2295935982261208,30
564.2857142857142,7.444152910511251,1.833006688814867,5.394271944304867,1.8408750039811432,30
564.3571428571428,8.692987791042045,1.4450064340734203,6.5612765562506,2.1103755706857847,30
564.4285714285714,6.88542601989572,1.5105572285679194,6.208540273925775,2.253588967290552,30
564.5,7.523721268613419,1.5666315049212305,5.695870428811409,1.9562667581963293,30
564.5714285714286,5.166651442426397,1.2644096965446971,4.0193424470203025,1.3637772378678723,30
564.6428571428571,7.217747517240391,1.499355705553613,3.912336269742402,0.8768708379056281,30
564.7142857142857,8.064321862524439,2.553144182943177,8.612847323302182,5.312397043638274,30
564.7857142857142,7.570771525767539,1.2400821140660283,5.073012825804008,1.7665003248665836,30
564.8571428571428,8.985483835194946,1.7830157305212595,4.399412235480389,0.9224840664764132,30
564.9285714285714,5.980242644249371,1.5166446291381976,3.519570306904841,1.1024869343023176,30
565.0,6.590785152569991,1.4026573782147473,3.393446717735217,0.867113157164169,30
565.0714285714286,6.418457769521666,1.302232647568322,3.6353888385986277,0.9898465393232407,30
565.1428571428571,6.730297784760764,1.440142744579764,3.7328105321334673,1.0788603658634932,30
565.2142857142857,6.20753241359826,1.196174504364267,3.706005975451194,0.9723004068878802,30
565.2857142857142,5.617365346196132,1.397917254649233,3.915657746271039,1.266783926994389,30
565.3571428571428,5.852962685791528,1.3306248242590102,3.647895630089067,1.0709506638731323,30
565.4285714285714,5.896581869230599,1.3889072376008462,3.981190475304766,1.1505991178903523,30
565.5,6.129623987480012,1.2771153464844365,5.476485601047427,2.2224024028791387,30
565.5714285714286,6.271883388687007,1.220010481576806,4.081545545610838,1.148551274062356,30
565.6428571428571,6.3722162902757296,1.4250173880098373,4.240518723971039,1.1611032849627734,30
565.7142857142857,6.076392524578669,1.456507814118307,5.871261202154463,2.9250049618547167,30
565.7857142857142,4.243873371632881,1.0637492621842366,3.159951820425296,1.0196546596644867,30
565.8571428571428,7.395308427707123,1.919388715764748,6.10827710790079,2.495096145035974,30
565.9285714285714,6.723085652623907,1.444214633273828,4.487639805751207,1.289933281024788,30
566.0,7.121829138199558,1.5386347997461325,5.248806719434164,1.9592990654059246,30
566.0714285714286,7.0000867629126695,1.7182991723729715,3.9268582328909702,1.3330896726218997,30
566.1428571428571,6.607266345195942,1.8670300458576528,3.9774018180274884,1.4290580119199032,30
566.2142857142857,9.006355767893043,1.9358494141686557,5.5725384178004616,1.6979720121347155,30
566.2857142857142,8.442049740713825,1.9244801079393716,6.610481856246863,2.2863087588334725,30
566.3571428571428,8.085716704216267,1.7695591031992453,5.742400306174587,2.0422838827978507,30
566.4285714285714,7.575758628854552,1.8588763668348005,4.662066119820875,1.5944718374888045,30
566.5,7.6102676021000075,1.6562564817912713,4.918675059058438,1.4282673425643793,30
566.5714285714286,8.048504481401713,1.6674147624329076,6.139266886670221,2.1991833833205536,30
566.6428571428571,7.9638660202733655,1.6533299118988274,5.361559530162134,1.9253711417508927,30
566.7142857142857,7.142496407338327,1.7169931215077365,5.395752889610678,1.8746113487851752,30
566.7857142857142,8.130630544006547,1.7894513150003517,6.614992816218756,2.3880430777263735,30
566.8571428571428,6.60836989914127,1.2820582572680836,3.929470906759797,1.0346817714246357,30
566.9285714285714,6.373507356541969,1.1108949894479487,3.7980329651749196,1.3185998066794793,30
567.0,6.271822378113507,1.140892530116063,5.226061165830742,2.0223012870271986,30
567.0714285714286,7.627588400927525,1.38725388435281,5.915665042769927,2.1349596136924966,30
567.1428571428571,6.729935087920053,1.112626675347356,5.51499986610616,2.0414530602269476,30
567.2142857142857,7.786292735152149,1.399255936737323,6.4062679121166735,2.236406151103789,30
567.2857142857142,7.924753235965762,1.310232275828227,6.201903960660584,2.097475945853888,30
567.3571428571428,7.916069413087931,1.4226694687511299,6.564106941243193,2.2961124448269423,30
567.4285714285714,8.557670961885645,1.3918038346009518,6.304469160764027,2.0754049196344715,30
567.5,8.311256758834302,1.815467759252819,6.764487397162314,2.460681127277213,30
567.5714285714286,7.918219502667966,1.3936064915249498,5.55607675671935,1.9265331546069437,30
567.6428571428571,8.660452036957885,1.8822896289897253,6.698724390662297,2.481922945981537,30
567.7142857142857,8.142776326075923,1.653817422672243,5.799009976056946,2.1609719546072106,30
567.7857142857142,7.361970470322014,2.104873132149378,6.310867044794497,2.7151804993885786,30
567.8571428571428,7.82602455854977,2.197643376077921,5.185570259583364,2.0276308108280032,30
567.9285714285714,8.515555828696902,2.0762804937153034,5.858214620305012,2.106680458349198,30
568.0,8.691614249563436,2.7601565045951038,5.992073290565924,2.5383274308150514,30
568.0714285714286,5.962940781371533,1.5472280338260485,3.8440807311034586,1.374761441076768,30
568.1428571428571,7.593065561934957,2.3611870257435044,5.146901754072771,2.1242528245185883,30
568.2142857142857,8.49601302807542,2.351686102945649,4.805970452557734,1.9579481054286603,30
568.2857142857142,7.809089806523491,2.1049235734182803,5.540629327869011,2.1200369660464715,30
568.3571428571428,8.542120402916847,2.588906041631655,6.6976773285463596,2.7749617038192875,30
568.4285714285714,9.058220797863347,2.358297327428511,6.263465847709975,2.5447253163120918,30
568.5,9.159962307993357,2.666507015686116,6.505765790846208,2.663585871441754,30
568.5714285714286,9.54978528757215,3.0498442060447193,7.225075897175142,2.969853369144194,30
568.6428571428571,8.743965760244176,3.3087668573173574,6.966768814209594,3.1145783297247016,30
568.7142857142857,11.016659141775389,4.287379428383805,7.799976465164167,3.8091830591432347,30
568.7857142857142,10.234498166283409,4.264099725763191,8.196418230996064,3.993652339487582,30
568.8571428571428,11.506701327236296,4.572029063938973,9.189056244590665,4.613262746529763,30
568.9285714285714,12.1275602297042,4.782335786125665,9.592951973905564,4.660260285672721,30
569.0,10.035393148277125,5.014354298716938,9.141249968102983,4.740075954590098,30
569.0714285714286,13.127781192228868,5.01302197468245,11.174281128389305,4.89456639128872,30
569.1428571428571,12.287682987234538,4.77217268296981,10.066266915736268,4.452656622605309,30
569.2142857142857,13.177462929314801,5.142115275241282,11.615451414527266,5.131612774480033,30
569.2857142857142,11.087296654753594,5.302500028696773,9.273604847132292,4.8428149751516285,30
569.3571428571428,11.797331497542663,5.137455749191505,10.163875884542588,4.936895357327806,30
569.4285714285714,12.213000158873767,5.629915553249339,10.342929107672411,5.303972527439926,30
569.5,12.322012886229242,5.740835343012065,8.69289620352576,5.12489978417252,30
569.5714285714286,11.927364885549641,5.370602057543477,8.361530832280726,4.7738827220650055,30
569.6428571428571,11.022991003381097,5.11892125932745,8.078449585752885,4.600607777468604,30
569.7142857142857,10.213655684866344,4.018229264884471,7.33426052493852,3.6289424715429535,30
569.7857142857142,10.587051588673365,4.223362158561719,8.400296679319839,4.321186726785481,30
569.8571428571428,9.420225907909723,4.04208988446092,8.043836072297937,4.25287396618711,30
569.9285714285714,9.566450219084219,3.975784682397043,8.680284744727564,4.604523944485352,30
570.0,10.045455246831928,4.161760809217151,8.503930309103012,4.495743540896523,30
570.0714285714286,12.128846828017304,4.755644354389738,12.983793298877602,6.574810107043948,30
570.1428571428571,10.275506648347138,4.749443057621274,10.596761565687945,5.170745121346006,30
570.2142857142857,10.860563658401864,4.249734663217311,11.153254141223938,5.118292010628417,30
570.2857142857142,11.259611950687823,4.504722925180839,10.102990672874531,4.668978019098558,30
570.3571428571428,12.529706329468157,4.750488811392939,10.672036749060078,5.048329307182601,30
570.4285714285714,11.412491747435267,5.094127706944503,8.325410164899722,4.735889075875192,30
570.5,12.1965138689884,5.494568539299817,10.10382846301816,5.161788699224943,30
570.5714285714286,12.742944262676325,5.768751346636152,9.620731236082284,5.405817652751917,30
570.6428571428571,13.274477401296455,6.09085238474439,11.02611228137214,6.044005896297736,30
570.7142857142857,14.412921683619508,6.445601353890681,10.768953388396799,5.95087372517469,30
570.7857142857142,15.143396327689056,7.1060963026929,11.78287240531622,6.6505319946735995,30
570.8571428571428,16.105624070830572,7.117702694596832,13.954486984231206,6.815873685029301,30
570.9285714285714,14.072514199675245,7.167798861254922,10.243009600454545,6.366600270188671,30
571.0,14.627226337048294,7.181854067076356,10.55359976562151,6.429051892715025,30
571.0714285714286,14.110789138336097,6.405914053948043,11.25512304902968,5.867162730747946,30
571.1428571428571,6.508335362703207,1.2170361569714037,5.558399545800677,2.320064135260506,30
571.2142857142857,13.130710518981708,5.945507394127201,11.608851922780124,5.71191550316019,30
571.2857142857142,12.299790778500514,6.011856996554275,9.066831334624657,5.312411186785239,30
571.3571428571428,12.523103994600621,5.658509063720208,10.563481040094677,5.269868269223849,30
571.4285714285714,12.84997859488929,5.56680554900367,11.124095083143992,5.359383279881463,30
571.5,12.346783092640237,5.215472544777348,9.350107972848747,4.971183468423906,30
571.5714285714286,14.263434978848188,6.175083349320448,10.38118156054184,5.696861190283621,30
571.6428571428571,13.849669492388607,6.687786175307302,10.31956698284243,5.988133413886525,30
571.7142857142857,9.158426509536831,1.6536088160778293,5.232609204729081,1.8793961946261626,30
571.7857142857142,8.627491479162178,2.0090637649867014,5.361175342983801,1.9672495469945819,30
571.8571428571428,7.995981911881989,1.8511854774899736,5.086869524544,2.1088939253627728,30
571.9285714285714,9.17817426667363,1.8285598664602623,5.498563630825597,2.2942930976832514,30
572.0,8.986422191906124,1.7858197279200414,5.6648155320460996,2.3917808894121975,30
572.0714285714286,9.89863211431937,1.7868511349335985,6.185215559026808,2.2731881458532954,30
572.1428571428571,11.385401007722834,3.6083012050044285,8.478321657192847,3.6580723475251284,30
572.2142857142857,10.570122927191736,3.5911057728384446,8.732050504739593,3.7117874982570407,30
572.2857142857142,10.61841431094871,2.9297951819082435,8.933840736651772,3.4838166257815173,30
572.3571428571428,12.693546702732839,3.4721822281125942,9.171494534750401,3.5578602587166825,30
572.4285714285714,12.087769031851275,3.632422799917733,8.601183412329203,3.78987462397828,30
572.5,11.075036772611119,3.6788393427281485,8.779337317637793,4.0323450595334345,30
572.5714285714286,12.596530885524919,4.193759277187879,9.670638598831571,4.302880618325649,30
572.6428571428571,8.917323402843325,2.1315475269182835,7.017776490184766,2.967174274573095,30
572.7142857142857,13.076028259791995,4.714135418124458,11.02304295625074,4.789237033549988,30
572.7857142857142,14.5007131140621,5.86389904657994,10.961124798793843,5.680290227378787,30
572.8571428571428,17.397160313315446,6.770951095142523,12.951200549279795,6.427951233834886,30
572.9285714285714,19.341158703243746,7.706526654440066,13.893935628427316,7.096804689095869,30
573.0,19.24732649239961,8.154719180145461,14.162729714468595,7.31827095784085,30
573.0714285714286,17.948786149631584,8.320336410746087,14.438340241531444,7.641727655440972,30
573.1428571428571,16.64028285440875,6.838258605126994,12.300961161810028,6.417713876593134,30
573.2142857142857,16.267726003071452,7.686002299323942,12.736601262145712,7.25623469757006,30
573.2857142857142,17.857090818303053,9.03096347614364,14.186813485761737,8.35485906054664,30
573.3571428571428,18.587859668931312,9.898745911280463,14.743170506120126,9.033869685843547,30
573.4285714285714,16.975170762641092,8.637835309380435,12.979680102290244,7.84878488924164,30
573.5,15.603427112137041,8.275146202944015,11.923031962111043,7.426771346066657,30
573.5714285714286,16.24532163631629,8.431654335768915,12.54280793546142,7.534956799826748,30
573.6428571428571,14.013693992531906,6.643657301096298,10.914015773475136,5.995464404244127,30
573.7142857142857,13.879236836546065,7.623105428960205,10.81908772858564,6.808170741025276,30
573.7857142857142,14.812782473060162,6.853815850492558,11.680347820904226,6.501733198110437,30
573.8571428571428,11.071515574869615,5.0163836498889065,7.859065476911683,4.438912363417125,30
573.9285714285714,11.409151752242558,4.665966175010487,9.42853770453745,4.699880100714365,30
574.0,11.126304287140922,4.08485057336881,8.22235118973738,3.947950176279968,30
574.0714285714286,11.032322715155537,3.3811075981027474,8.98045505651034,4.409699459273012,30
574.1428571428571,11.572989434505134,4.938559462038027,9.455765623458458,5.1320599733269185,30
574.2142857142857,10.642709599346894,3.8481278030797745,7.939605563495634,3.9329702743843273,30
574.2857142857142,8.553786002941207,2.3866430934654277,7.527045765129337,3.101557981478883,30
574.3571428571428,10.638030163918215,3.3903520222813253,12.08709727885869,7.299699242818048,30
574.4285714285714,10.671614204671087,3.459273230386104,13.235219018164605,7.3393570001269115,30
574.5,10.53759177177712,3.6780973817846276,13.846941308088029,7.916312424951368,30
574.5714285714286,11.472802282573541,3.60432804542251,13.987602876252303,7.975623142715771,30
574.6428571428571,12.490462790087681,3.6295794662959797,13.93769794632949,7.615332115380735,30
574.7142857142857,9.423220497475189,2.4407499710627136,10.334320222524601,5.354429581051909,30
574.7857142857142,8.651200821536314,1.4679589905910533,5.464079383232822,1.8709938423337953,30
574.8571428571428,10.300998162963129,1.8638482593213215,6.770775144675036,2.81206842870754,30
574.9285714285714,8.37149342036814,1.4253520120890306,6.910716196133588,2.6416247800898875,30
575.0,8.810557099748117,2.216791759148885,6.255105795327375,2.565565464295449,30
575.0714285714286,10.015545977800032,2.3153435825800557,7.7221884363960305,2.6384380172505373,30
575.1428571428571,7.4050549544502875,1.7920286909975838,5.273054506393122,2.526252114856094,30
575.2142857142857,11.214911140515511,4.945468696680027,8.235494239060897,4.493749474177435,30
575.2857142857142,11.24315468748251,5.081629749267389,7.746906273420605,4.452747998468509,30
575.3571428571428,10.631398430547623,5.264020311324573,7.522786873391444,4.627757333731797,30
575.4285714285714,11.673429842972302,4.766652518686558,10.190058698776266,4.570575981291293,30
575.5,11.157089703451074,4.17454016088248,10.434271877490053,4.463469184184172,30
575.5714285714286,8.986843803758648,1.8564281796072986,6.7088668554012365,3.2648892901153195,30
575.6428571428571,12.66604054800166,3.979269514527047,11.904752598667454,5.309578419501828,30
575.7142857142857,9.98045019082361,3.167535328323473,10.811620648124897,6.622237680639331,30
575.7857142857142,10.658461181910834,3.2347968671954535,11.070456522967378,6.719248829123819,30
575.8571428571428,14.661357289097054,4.730283411915386,15.960550465829826,7.387724567713446,30
575.9285714285714,14.758893077902789,5.8956868296355465,16.003439429357577,8.405042161036603,30
576.0,15.938434281170341,5.618413755361993,17.256974741859622,9.342887150345426,30
576.0714285714286,16.50644939389959,5.682020132577046,16.8364899934294,9.545382887639182,30
576.1428571428571,14.031711187283987,4.801806469816564,14.270546414510695,10.068707557964148,30
576.2142857142857,12.23522198444731,4.594451847920778,13.237905204947255,9.627479573123809,30
576.2857142857142,12.319739722990212,4.817407258540784,14.057624112223523,10.173659802106377,30
576.3571428571428,13.095872926079444,4.761436626858416,14.53665096209038,10.086837190998132,30
576.4285714285714,12.499853854634022,4.36289156616591,13.166003154850753,9.07728958229313,30
576.5,13.300620029998264,4.469931911953915,13.313829879564619,8.89710471163283,30
576.5714285714286,13.23515875786737,4.394349758804439,13.065286105714835,8.005952851342988,30
576.6428571428571,12.859216548411577,4.3405350548059145,12.50122416790639,7.543006906997805,30
576.7142857142857,10.570084004157705,3.509666750987324,10.246108468038708,6.0282439085629935,30
576.7857142857142,8.716802954169626,2.8789869075389256,8.634940310760905,6.076125779933844,30
576.8571428571428,11.126890592108474,3.428468981283531,12.969911238976024,6.579366231494815,30
576.9285714285714,10.135248081140483,2.6869776816332895,10.562635520880823,5.282961507109107,30
577.0,11.401788375508353,2.900436960144039,10.639591764356188,4.68330627422716,30
577.0714285714286,10.852483404027787,3.2655435096039906,9.591927895620799,4.781132083709513,30
577.1428571428571,10.80682919625006,3.4439527988019494,9.672015162690972,5.157928138192924,30
577.2142857142857,10.615875923946378,2.6957488413376387,8.450216634201805,3.8853168327508123,30
577.2857142857142,9.54776506079378,2.6963917301073743,7.648580209912011,3.8625064188225777,30
577.3571428571428,8.61186161821655,1.9880467544250822,5.747913058797838,2.989046018526571,30
577.4285714285714,9.721641904601237,2.7707748663672276,7.317271610789728,3.3426966022034956,30
577.5,7.626503111644964,1.5996798827045926,7.026973081842314,3.2785441340925634,30
577.5714285714286,13.186696911190209,4.379080854421742,17.14666031045171,9.090885351893409,30
577.6428571428571,9.40848973016963,2.461788044090904,8.310002032031527,3.2647501505470435,30
577.7142857142857,10.573763161123999,3.210931622104832,9.685186610005136,5.521574846825887,30
577.7857142857142,10.51893141101912,3.2263811627795707,9.464969770255733,5.263018191726909,30
577.8571428571428,9.466220762191883,2.3251973778612562,9.81704232666026,5.137498453736454,30
577.9285714285714,9.051153660862992,2.064938134869908,8.798327580301002,4.473309064753308,30
578.0,6.374646558787434,1.2735034793062243,4.233016771933388,1.7734803573004967,30
578.0714285714286,9.326373725323398,2.297307754705425,6.8595427839772185,2.7640093361317333,30
578.1428571428571,11.258250021119228,2.473627704914641,10.732514176450007,4.435706212431705,30
578.2142857142857,8.631513608244507,1.951895877055234,6.313167976538647,2.2249225820727605,30
578.2857142857142,9.019471345656116,1.8922686698436297,7.172109252486496,2.371380507981932,30
578.3571428571428,12.088722032843169,3.0208894180618153,10.356102325634968,5.434520186832936,30
578.4285714285714,12.40879570890293,3.6122035166449695,11.73339659539228,6.29837544530118,30
578.5,12.512794197134573,3.7089411887701624,13.004151149755192,6.812637380822151,30
578.5714285714286,11.992770784650695,3.8006103281808734,10.246460014815783,5.409526672218302,30
578.6428571428571,9.341562940699172,2.8370976055308956,7.201629677215973,2.855460624022511,30
578.7142857142857,9.075648030105967,3.211945445572435,8.628879235396672,4.372840466503675,30
578.7857142857142,9.887617390024845,3.3268680062567304,9.029690861908087,4.483538067571138,30
578.8571428571428,9.561672539695392,3.5471234248299837,9.799896980751253,4.578580021006722,30
578.9285714285714,9.916443783288994,3.574169119482471,9.208200131586322,4.59414669785423,30
579.0,9.223569277444385,3.5982572644522777,8.397667748717582,3.9139576362927553,30
579.0714285714286,8.293724906443614,3.4965898107110993,5.842145117399301,3.1024762728777504,30
579.1428571428571,8.589364714156346,3.2210268472919736,7.053553001850361,3.170891177778155,30
579.2142857142857,8.218130230860568,3.304461824223994,5.307973747000148,2.8705364626609966,30
579.2857142857142,7.940744041615201,2.8750108277295623,5.166422023033579,2.4919599554384173,30
579.3571428571428,13.25624691180395,4.462232861807934,16.881338935260572,8.42806296400989,30
579.4285714285714,12.044463847367975,3.6954701420819673,14.738264101854499,7.378855358156888,30
579.5,10.414471397975944,2.9313212518813856,9.970228591912598,5.266777560401064,30
579.5714285714286,8.895508226366026,2.4990527257596984,8.677688596906158,4.7486032152261375,30
579.6428571428571,7.735891771960024,1.9546183323797193,4.555957683823539,1.6219944314044463,30
579.7142857142857,7.4156139478709475,1.4640436708617368,5.847988221163548,2.0969891690256732,30
579.7857142857142,7.31432187500783,1.6108813507321724,5.5760676532421485,1.9306312851217367,30
579.8571428571428,7.640068778715126,1.3882476800701828,5.105212426879767,1.4520754330848809,30
579.9285714285714,8.81020793012504,1.9473242137567974,7.582327182402756,2.9469355094445047,30
580.0,9.552564356039632,2.333325708171758,7.232046089690405,3.024272211118529,30
580.0714285714286,9.319649202874382,2.750192931525476,5.6707983396031585,2.3994219288471137,30
580.1428571428571,11.43241233332338,3.3738306719810205,7.116467368188239,3.0705171578878563,30
580.2142857142857,11.677526103453815,4.595632300518864,8.775770118209984,4.207016820712964,30
580.2857142857142,11.728122588135781,4.770692163368557,8.417710792204117,4.3174812035558725,30
580.3571428571428,12.740036130464516,5.321604805128219,9.31009602126498,4.7681205329277825,30
580.4285714285714,12.418367492916591,5.4668570619479695,9.144471277197173,4.885616907240512,30
580.5,10.919715906245223,6.073730220280343,7.861977931784925,5.314566758665614,30
580.5714285714286,11.995189095638382,6.765385957383508,8.524527815138846,5.822848941782638,30
580.6428571428571,12.312226382844935,6.5530350901095895,8.088625558996698,5.7090079553979995,30
580.7142857142857,13.36161278464611,6.587505614635244,9.939298887974834,5.853074098821099,30
580.7857142857142,13.926554842943265,6.837502463610548,9.175897087810789,5.79590727068118,30
580.8571428571428,12.679025068819715,6.347292039625283,10.840698357619301,5.830331631946993,30
580.9285714285714,11.752937552267603,5.916512116319481,8.820078649120227,5.201223934914442,30
581.0,12.23684134182657,5.726827264629645,10.004390363799892,5.252964242808014,30
581.0714285714286,12.032671597091856,5.73653430778269,11.2658684104707,5.773897208626026,30
581.1428571428571,14.380137837196772,5.077800615588045,10.871314795420377,4.737097236190384,30
581.2142857142857,10.568663530170166,4.121918008749038,9.387694657751204,4.510190528082283,30
581.2857142857142,11.920450887157033,4.29925393717337,9.997828384862014,4.648466206312657,30
581.3571428571428,11.122626979698387,3.9861607857525305,7.088250217436527,3.417224590504487,30
581.4285714285714,11.193001014434499,3.4489934577030796,10.345571400318233,4.159796007461364,30
581.5,9.851457306592113,3.000125881072248,10.707247654841451,5.0658840091041215,30
581.5714285714286,8.746654084663486,2.918453864282438,7.257153195778553,3.213925232878627,30
581.6428571428571,11.481309536061156,4.182231035237177,11.775112400141252,6.8713468006559175,30
581.7142857142857,7.284854791048892,2.506115709990469,4.791427712403039,2.151934073171775,30
581.7857142857142,8.749628183097263,2.9064721701661753,7.760924028551383,3.976670063546703,30
581.8571428571428,8.807709437028594,2.2538455328632967,7.896736798792351,3.113171900838823,30
581.9285714285714,8.449340454498568,2.300379618756693,8.889622380223507,3.2830553040887103,30
582.0,7.626729863636287,2.125549349694092,9.004668108828437,3.9634208914106015,30
582.0714285714286,7.202376207535505,1.8756774390590008,5.512134177428582,2.5084778110540205,30
582.1428571428571,8.238725712987241,2.6128214863315398,5.398766664501146,2.1155092422218673,30
582.2142857142857,7.613471892552327,2.4111113831838384,4.62650643770284,1.884235643221904,30
582.2857142857142,7.728408955816435,2.3063398809736455,4.677124395819302,1.9926423222372203,30
582.3571428571428,9.19859920147743,2.7276872604171643,7.225549161679393,3.5434485445960173,30
582.4285714285714,8.343232014590686,2.3547686577872406,7.120548821963311,2.7970936588750157,30
582.5,7.1188657423841235,2.2692601511063772,4.0547004402050915,1.532587834102751,30
582.5714285714286,12.83008870012381,3.2779829662233544,11.379593729908802,4.706036224288274,30
582.6428571428571,10.907180329911757,3.315145539697635,7.3447627523277115,3.0201909675687197,30
582.7142857142857,10.412096567567257,3.9639109089549547,7.945510754315819,3.752659117804319,30
582.7857142857142,11.900220628033052,4.724120583138506,8.39254652821799,4.223739221841159,30
582.8571428571428,11.693235918150052,5.747496504645,9.070514039675967,5.082238031866824,30
582.9285714285714,11.70230758867835,6.000450430351301,12.045955793584703,6.120800562917412,30
583.0,11.615952617197015,5.924120701401907,9.00134579090717,5.239124615012451,30
583.0714285714286,12.222621999992773,6.05602112732757,9.207542275056625,5.274709986713,30
583.1428571428571,12.511926307996369,6.661708248587976,10.188235823389372,5.923845827978178,30
583.2142857142857,13.389786612811875,7.402530434860078,8.824006538767511,6.3823400670840265,30
583.2857142857142,11.13437923764628,6.319618336780736,7.463133607929017,5.548849690684467,30
583.3571428571428,12.736512650998753,5.401848242307887,9.002546939809699,4.729893829255962,30
583.4285714285714,12.814648130740588,5.279012511411884,9.286844225275765,4.5853946003020045,30
583.5,12.634240895746244,5.75267186899867,8.675850641062905,4.859587388630168,30
583.5714285714286,14.684795415651992,5.472570759806225,10.290452368565438,4.786768817909306,30
583.6428571428571,14.918086930849872,6.311635264927007,10.158426048849007,5.408270838923535,30
583.7142857142857,12.696261808262959,5.888842383612679,7.83397047779993,4.846062058544057,30
583.7857142857142,12.006916265271588,4.610275375844063,7.982234883107098,3.7963660662703425,30
583.8571428571428,10.740814521574586,4.687896436214198,6.170578471503017,3.6322819793441403,30
583.9285714285714,10.049650908389449,4.1735774042326605,6.4704908439777,3.2146248646873006,30
584.0,9.527559837922105,4.012733350874502,5.586158014254605,2.958599846079065,30
584.0714285714286,8.482390927422806,3.891699784062377,5.390992873770537,2.886436448030412,30
584.1428571428571,9.899076160167237,3.878910943013154,7.4034773884478735,3.4876955898498867,30
584.2142857142857,7.434910707648826,3.7156956867111086,5.94184712667007,3.369351575168151,30
584.2857142857142,10.718731052475087,4.624539082053843,7.153588032844663,3.811949846131889,30
584.3571428571428,11.963507616991468,5.126268405906438,9.37959014314682,4.7125791061149656,30
584.4285714285714,11.62634187223734,5.498141014573149,10.024587706844873,5.148625155601383,30
584.5,13.626141624469717,5.994821552958283,10.839663236409633,5.501097461349765,30
584.5714285714286,8.867243484835628,1.957234885636466,7.759631450065179,3.3074479745177534,30
584.6428571428571,13.680757212383352,6.789253985232219,9.956902591630229,6.015063454569839,30
584.7142857142857,14.351539497458699,7.297636885545205,11.009958915194598,6.5884697928273885,30
584.7857142857142,15.056748845613482,7.456167396918062,12.423366704868632,6.870803965962244,30
584.8571428571428,14.015360510741022,7.837497564849288,11.651005887899446,7.111088723457655,30
584.9285714285714,15.406731935274927,7.86087420182375,14.358708109263635,7.596272399002169,30
585.0,15.138558087625512,7.605701027644468,13.903816127300079,7.2630784177178285,30
585.0714285714286,15.635021554033587,7.7084063945377,14.725113806059358,7.533121386013872,30
585.1428571428571,14.538022534290459,7.1695356056091075,13.897861818374706,6.98524125816882,30
585.2142857142857,12.77726280552756,7.068610139918768,9.381759683676842,6.173412396634804,30
585.2857142857142,14.217703709163546,6.433174630993463,9.052350929262142,5.628735078724701,30
585.3571428571428,12.41325188834054,5.66624264755907,8.285870845744427,4.91796789987503,30
585.4285714285714,11.47802937935773,5.165921584948361,7.329419247453819,4.44636816393636,30
585.5,8.385129307400975,2.122908785960162,6.711663005882424,3.6647296946036017,30
585.5714285714286,11.44342666597619,4.175385883219264,10.268149028768377,5.435862562803258,30
585.6428571428571,10.210279762980845,2.82225196498035,7.833474397543626,3.517289037037431,30
585.7142857142857,8.53311066401359,1.959200467631074,6.639217875818549,3.277745777007973,30
585.7857142857142,9.244248883837384,2.598248002051982,7.47667930551872,3.691563833375726,30
585.8571428571428,8.705100831883971,2.2634616960171723,6.408453746393014,2.535639062103407,30
585.9285714285714,6.478070307463707,1.3233647980628256,4.91096206994072,2.137114658288794,30
586.0,12.432541220775489,4.208291587996236,9.191012187877584,4.072590551607026,30
586.0714285714286,13.328531615610725,5.294685447545308,11.66847081597313,5.4033897004144,30
586.1428571428571,13.582173507616774,5.948708993741387,9.66215610169311,5.4483643560940145,30
586.2142857142857,13.489817346830538,6.244540543363399,10.529516587752621,5.730718150530351,30
586.2857142857142,14.702042721025233,6.530261389609867,12.017129203466059,6.242839433736814,30
586.3571428571428,12.67790143571795,6.957547439716067,10.707027230681778,6.308871557129442,30
586.4285714285714,16.052954278112484,6.8151850387749775,12.168800417342528,6.210413327465152,30
586.5,16.117572167542463,7.226562978389331,11.80543759168311,6.721803729501957,30
586.5714285714286,13.907343094208468,7.021030139046858,11.152540640390514,6.603848679031324,30
586.6428571428571,12.756778109382857,6.765335659759093,8.40355477151739,5.862286583787818,30
586.7142857142857,12.59325218667905,6.330751207290007,8.299492842191938,5.447230579623255,30
586.7857142857142,13.701978746002592,5.845927332032333,8.235549492951437,5.036370833618166,30
586.8571428571428,11.703082138797667,5.553488942260625,8.017211468495292,4.866888698327056,30
586.9285714285714,13.861262236241437,5.286133626074489,7.94025583119787,4.5402616881593945,30
587.0,11.469638727063106,3.765559209305639,6.258717404792309,3.1243211643397397,30
587.0714285714286,9.73434864921961,2.6085244112130077,6.2221185707519675,2.279493907021949,30
587.1428571428571,10.62223732872624,3.1896562369514343,6.827700775201321,2.8303955669636207,30
587.2142857142857,11.223958803065937,2.6445742132587124,6.340530893841292,2.131868732444583,30
587.2857142857142,11.492658487131855,2.4581467130894024,6.098479115576866,1.9476368981085073,30
587.3571428571428,10.488753037540189,2.2722777688476383,5.500667649268067,1.7100746867482448,30
587.4285714285714,11.805274109983396,2.4964744576095126,7.649980864478582,2.3632860154288196,30
587.5,11.124895358362927,2.838818517976338,6.730880731109958,2.2565702975222113,30
587.5714285714286,11.566102935117842,3.501104709123739,6.8707926785559215,2.751089593818337,30
587.6428571428571,13.493744097742608,3.725491739169769,8.12396081774107,3.081160475323984,30
587.7142857142857,14.706903979184704,4.095208388840692,8.162605087874105,3.2874274363044607,30
587.7857142857142,14.481170337374508,4.914032050650753,9.083993838522673,3.9708686182346753,30
587.8571428571428,14.212696014745358,5.050854552366403,8.594381429884717,4.051471226018513,30
587.9285714285714,16.291575997198162,5.75932162796309,8.852827914750694,4.628289380598082,30
588.0,17.637224440053927,5.974590726006356,10.091035557248459,4.904756951299426,30
588.0714285714286,16.452748794989265,6.429420370318085,10.199613290545427,5.259755190727794,30
588.1428571428571,17.545930453994334,6.614772542404754,12.10846171608625,5.516579610598157,30
588.2142857142857,17.740386339293607,7.268622745195544,12.418035226915068,5.90411281559504,30
588.2857142857142,18.12750711035632,7.242024380961306,12.422868467066348,5.890700443646447,30
588.3571428571428,19.039454094768413,7.047273970625645,12.60158568329564,5.6439839152751485,30
588.4285714285714,19.104135407572404,6.967657847013645,11.884221908635002,5.296729205292209,30
588.5,18.64198366441174,6.9652708991726335,11.93904800020829,5.254110120791592,30
588.5714285714286,19.09202301928612,6.747195497582605,11.760960871056371,4.901850682187301,30
588.6428571428571,17.584503824163274,7.064989057986169,11.23030987532884,4.987534454522359,30
588.7142857142857,19.21012182337657,7.4977357714776005,11.456373004220008,4.83031018240222,30
588.7857142857142,18.100566707351714,6.991803262725246,10.60087444227646,4.101004615267304,30
588.8571428571428,19.674281741702917,7.847864992997842,12.259107341810772,4.756507575981616,30
588.9285714285714,15.017908611254501,7.199982160409082,7.797069152996294,2.80173288495424,30
589.0,19.00512055777152,7.559166768271316,10.874358222385922,3.8008600512168975,30
589.0714285714286,16.545103975496918,7.689276677632983,9.240225469030845,3.5428757948577716,30
589.1428571428571,17.155543596764705,7.402332171015721,9.32730785452465,3.252597874682972,30
589.2142857142857,15.546234272413093,7.18205790554031,8.311799821563538,3.186828748967081,30
589.2857142857142,16.372714952005843,7.304094343107681,7.290272628501466,2.6984639431845423,30
589.3571428571428,17.685685727045684,7.021031000080876,9.888513367728402,3.540492742583164,30
589.4285714285714,18.042658110403593,7.371893736559556,11.917839351234178,4.58263124942999,30
589.5,17.963392678322084,7.745830684170435,12.237308424709385,5.019284907287941,30
589.5714285714286,17.71769096737354,8.381750572953456,9.80564451847616,4.1800329353914245,30
589.6428571428571,20.278247978719143,8.278008588790485,13.17929754210659,5.208014600564872,30
589.7142857142857,19.83967392600747,8.539144477129492,14.376655171550984,6.51775764200722,30
589.7857142857142,20.706797934627012,8.546016737752245,15.40509511413539,7.10947710003726,30
589.8571428571428,19.410607310746993,8.2409976340102,13.940915315617177,6.074260864202482,30
589.9285714285714,18.58053005793899,8.74277153099453,10.903187573922564,6.082213580750045,30
590.0,19.38997135535815,8.578485315871943,14.120191063131278,6.8623890286252704,30
590.0714285714286,19.684755331653445,8.858645008609603,11.428952930189658,6.325540883423085,30
590.1428571428571,19.55058447517902,8.04313057975944,12.799280458404688,6.153869732374636,30
590.2142857142857,18.404352777587,7.9915087447720285,12.920552088741655,6.2655531166531135,30
590.2857142857142,17.750453453298505,7.638366672757284,12.597726206176574,6.043493497477116,30
590.3571428571428,17.128613283971053,7.387953121091977,12.332713325531047,5.977885929170977,30
590.4285714285714,15.966499326063015,6.5987518926232385,11.214999411152483,5.175588266003785,30
590.5,15.67489642399688,6.612004843240575,9.125373251621278,4.65723882687885,30
590.5714285714286,14.444581906637472,5.098359841903855,9.945442930647774,4.145459762743981,30
590.6428571428571,15.232559303076824,4.934371803881645,11.752657596273844,5.413575257901907,30
590.7142857142857,14.558479244328955,4.803787078113905,12.647154243987812,5.901683470552932,30
590.7857142857142,15.7355538838949,4.281880778155489,13.564090185219941,6.07306611728679,30
590.8571428571428,12.959366876629865,3.968429982941214,7.6134831758266355,2.9022380568648005,30
590.9285714285714,11.107542613143208,3.7409061692967174,10.553971193628682,5.349088979468701,30
591.0,11.883570113595804,3.4717149548481974,11.72848285795409,6.020654503539257,30
591.0714285714286,11.078893094625526,3.231088242379113,11.466800737816015,5.788259190235052,30
591.1428571428571,8.955672213821735,3.0312779490659723,6.299488044641427,2.8182171368983853,30
591.2142857142857,13.066988521268497,3.803935527430649,12.448543797695528,5.852520802924022,30
591.2857142857142,12.166957935417846,4.607495859850122,12.182690875437459,5.875402033092851,30
591.3571428571428,14.1219605408717,5.6731609272577055,11.777783546851744,6.2941167854824105,30
591.4285714285714,13.143920464871663,6.421353584456334,13.531490439939335,7.0769669362901295,30
591.5,12.75135162049869,6.649106751841914,11.383077728608153,6.168838764751277,30
591.5714285714286,14.803292638236256,7.491481725888,14.478903548038138,7.479669471197162,30
591.6428571428571,16.145975156014757,7.854955944138816,12.408422098755143,7.27229617374681,30
591.7142857142857,16.525326888208756,7.902831368080229,13.996547381908409,7.340674614500809,30
591.7857142857142,14.056248347489174,8.299327282636739,13.201868271631556,7.694269544088284,30
591.8571428571428,14.759422522407053,7.857518105725046,12.134885481304867,7.0332265866479755,30
591.9285714285714,6.663237838965582,1.5958875940316564,6.551432635774896,3.3930053257357495,30
592.0,5.154005834688077,1.0869367403441235,5.025727940161087,2.373484405887758,30
592.0714285714286,6.674178268879197,1.347705618304934,6.012907692787701,2.770089938631391,30
592.1428571428571,13.121887853754027,5.894132958809779,11.401962632966946,5.8017397777287645,30
592.2142857142857,11.736124343326791,5.4671173863535225,10.154554245168368,5.2604593407438855,30
592.2857142857142,10.69041299075282,4.071405160644725,9.233552229901633,4.164185284879558,30
592.3571428571428,9.057406969832405,2.8748108044456453,7.049654762900663,2.892589162622871,30
592.4285714285714,8.829604581161947,2.113045757022479,6.1391223675743225,2.0442667170014506,30
592.5,8.317740214140505,1.9322869190230518,5.873555202960104,2.3253145804867144,30
592.5714285714286,7.729827936629628,2.2656984788169683,5.14760870886569,1.9367129641522058,30
592.6428571428571,9.252485125351205,2.977865666368089,5.993787212098251,2.514062934054108,30
592.7142857142857,10.428588497484997,3.891558742077242,9.03298991153409,3.8767539888670575,30
592.7857142857142,11.266408300125303,4.8303217573433,8.761410020457516,4.575009481879006,30
592.8571428571428,13.976329499853755,5.240430610883665,10.822750068129196,4.9743882277068066,30
592.9285714285714,12.30094822362416,5.736876788056644,11.08447428589843,5.774851061462351,30
593.0,13.351611625991843,6.086080225908639,11.469600614063065,6.210230874410673,30
593.0714285714286,14.524620049565707,5.997133335450349,12.53492023756306,5.937556521454624,30
593.1428571428571,16.503741089228097,6.280215805975143,13.58249507991427,6.238330897073179,30
593.2142857142857,14.970411323714368,6.20676988278603,12.945415344535874,6.166686570956378,30
593.2857142857142,16.942990762557777,5.8699707701310295,13.25132328502788,6.058365648054581,30
593.3571428571428,15.77840982443364,5.658165050479255,13.109320680896532,5.92647895643641,30
593.4285714285714,16.801864202340315,5.6792318626897815,13.120529236979623,5.729892571472854,30
593.5,16.167796350746105,5.502651300193182,11.60834623171891,5.08874256223002,30
593.5714285714286,16.58990590092376,5.153357703219113,11.451228262611465,4.921842238146834,30
593.6428571428571,16.928737864905415,4.362898128672217,10.549924447492767,4.054261725661184,30
593.7142857142857,16.26135914365856,4.056043856039224,11.42440763702251,3.7541247634534183,30
593.7857142857142,12.935021163620934,3.5836122982684793,9.643136891796795,3.653573435104335,30
593.8571428571428,11.785023087754233,3.3381708610073852,7.542928468755462,2.6139566433873878,30
593.9285714285714,13.329796177075279,3.2687818150673236,7.4666324635399715,2.131402562868479,30
594.0,9.639231646384447,2.615688115623407,5.525329254451917,1.4335722528324988,30
594.0714285714286,11.012938878026008,2.4806616468787444,7.0291675192860685,2.4622417151406712,30
594.1428571428571,9.382183252544765,2.5020606984615372,5.654542660541195,1.6090321127327076,30
594.2142857142857,10.761857927339028,2.9368066608321817,7.8668865187512305,2.707759397553816,30
594.2857142857142,10.186826028874789,3.0235484124252174,6.817534791351625,2.2437798418772803,30
594.3571428571428,10.644939703378652,3.4886549298437406,7.708099368573341,2.8317226432083538,30
594.4285714285714,8.410383658320223,2.589882689413172,5.252260071080238,1.677063383466499,30
594.5,12.522121597138648,4.518283777091155,9.091325849267722,3.9240957498166225,30
594.5714285714286,14.445357735622915,5.187900901648882,9.686608205670804,4.464822647513771,30
594.6428571428571,13.79773564246933,5.657557126691029,9.943204318757438,4.835531220351598,30
594.7142857142857,8.719647968387333,2.479507941876901,5.261790324345673,1.6433678541999577,30
594.7857142857142,12.879773256708521,5.436014426083602,9.629076404586716,4.835250731273339,30
594.8571428571428,12.323558008618186,5.243445601048267,9.372324991904296,4.653442112713557,30
594.9285714285714,11.445289240808048,5.501417748362329,9.85793362940756,5.115394695941941,30
595.0,12.596329755191777,4.988977667442837,9.921874926428528,4.643905841038682,30
595.0714285714286,14.343267405292258,4.83296063680791,9.690465022504686,4.276899770069526,30
595.1428571428571,14.341386479395522,5.038620247338159,10.571351520660269,4.840239666507633,30
595.2142857142857,13.085580395588643,4.22676095538612,8.24082516524658,3.4248721495289547,30
595.2857142857142,13.032173874603846,4.543403975591718,7.451750447584077,3.6207396958622637,30
595.3571428571428,12.14998657919845,3.990800147225255,7.341775467420534,3.059787481762561,30
595.4285714285714,10.561001970466,3.7173930682830614,6.548197996322421,2.7965429417813126,30
595.5,11.16811254813796,3.5967694644686197,8.545127682789586,3.218194840557483,30
595.5714285714286,9.241340919749337,3.271903532813408,5.834789756776824,2.1728130285152996,30
595.6428571428571,9.924045574177748,3.4895363515436917,6.2270049763181685,2.056257830664375,30
595.7142857142857,10.231936145305394,3.5104671339195916,5.472706131112885,1.7623022311205638,30
595.7857142857142,8.927755337632556,3.637905564544065,4.728240853629396,1.7430304239136516,30
595.8571428571428,9.317556438517506,3.7188221468357687,7.489897367623347,3.2381060370952772,30
595.9285714285714,9.921328446142278,3.8225224584615694,6.662550165722018,2.893493985097157,30
596.0,10.373702225130947,3.7506227581229665,8.346884600183737,3.3282053734056176,30
596.0714285714286,11.56795635513012,3.88351658519668,8.339856878150599,2.945513493659703,30
596.1428571428571,12.41369761948671,4.316522511623275,10.213317876600572,3.7639140230913903,30
596.2142857142857,12.377488435771909,4.698693560583624,9.161255243206599,3.244149356487995,30
596.2857142857142,13.039181484697528,4.515175279878447,8.741512146548292,2.942119136031022,30
596.3571428571428,15.826071668705971,5.569786428107252,7.026011007384577,2.4051246257137406,30
596.4285714285714,13.64884447968506,4.870070662550088,6.827745937962039,2.560635355814404,30
596.5,15.124625268196242,5.077414472011153,8.90311249512991,2.8808665900610735,30
596.5714285714286,13.219316286241751,4.864562317137152,7.48485979707202,2.712706734883319,30
596.6428571428571,12.98117081741379,4.957792913871667,7.456913926549057,2.8432535305905464,30
596.7142857142857,14.361469889281844,4.85516413722503,7.868297068631047,2.689962393887611,30
596.7857142857142,13.537135807198329,5.172427457920754,8.813278235540938,3.348245060662033,30
596.8571428571428,14.416026615291445,5.76594892680858,7.846843833371939,3.3867282566882833,30
596.9285714285714,14.574899270525304,5.381112340187907,9.35945810668067,3.3895040448834517,30
597.0,14.242958504011414,5.728087589010433,9.074871214426421,3.582962948557756,30
597.0714285714286,13.681182233218731,5.485192581865891,9.370167161202325,3.4774970902658526,30
597.1428571428571,12.592195730527228,5.060691613608569,8.128825786403148,2.881255524506904,30
597.2142857142857,13.563253469310782,4.799569650948096,7.006459256562458,2.343704036931062,30
597.2857142857142,13.896048999940124,4.993996401612051,7.508187172150949,2.782341997157228,30
597.3571428571428,13.905627205332717,4.9103086076861615,7.360071347901794,2.629162320761158,30
597.4285714285714,12.045955711297445,4.62793810878077,6.7818305624168564,2.4004333411971563,30
597.5,11.874971794988534,4.616731361821308,5.689106852133183,2.2160767585169316,30
597.5714285714286,11.107334793472296,4.20844946183429,6.781148868242156,2.491430785421429,30
597.6428571428571,10.430397087550528,4.267776350297842,4.590173110105708,1.6141948072565313,30
597.7142857142857,10.263592234468117,3.6137314694819582,6.330767410918939,2.137353554591325,30
597.7857142857142,9.003043818379533,3.7819145661468117,5.058589053128913,2.062768690361431,30
597.8571428571428,11.582557180709838,3.263937697876572,8.834471198278134,3.161415419602238,30
597.9285714285714,11.673217043441548,3.2949904803142958,6.440957684925172,1.9725610289939262,30
598.0,11.124452025298673,3.421924238464441,7.684976767364717,2.4725476498912387,30
598.0714285714286,10.832428678749913,3.1670193857399904,6.980591938597241,2.1206212142716034,30
598.1428571428571,9.946646364630052,2.885464599652719,6.826041981010263,2.211266138039763,30
598.2142857142857,10.326431459063794,2.8145888264773062,6.740756712125151,2.0801808993060673,30
598.2857142857142,8.967840583644115,2.6569527202944525,6.993538235649584,2.362864270261372,30
598.3571428571428,11.536853692117885,3.204240435188143,7.480870713126254,2.3496041551199878,30
598.4285714285714,10.415353452501165,3.1308518891939854,6.791835089058297,2.6623507931684283,30
598.5,11.406551885685042,3.8623487948070503,6.097049573592857,2.6571895761277124,30
598.5714285714286,11.297317397965298,3.956076233295078,6.130887226658782,2.9163037007495927,30
598.6428571428571,10.454190633823542,3.6784255253855456,6.352616450800839,3.16829449156995,30
598.7142857142857,10.673813586613294,3.9516784048685794,6.163269738790299,3.2966730385366527,30
598.7857142857142,10.705654582349448,4.042400953370882,8.452238823496604,3.9424284466700987,30
598.8571428571428,13.420339836869463,3.9511814579308044,10.157649308741771,4.283922509641203,30
598.9285714285714,15.251287992651937,4.049283272514129,10.088240291033932,3.789229429224294,30
599.0,14.966008245119903,3.889958650303171,10.096731132353394,3.7593780918453463,30
599.0714285714286,14.038229312918393,3.861395764613573,10.017788556132412,3.7375329198648175,30
599.1428571428571,13.476053176434956,3.6872069179161433,10.126334810013837,3.8018466372357356,30
599.2142857142857,15.463612429554722,3.856047756193453,10.996590519513601,3.8896630546972304,30
599.2857142857142,13.808409741878425,3.9703716655930297,11.293608330460215,4.1545563854321905,30
599.3571428571428,14.687271630889747,3.949901033810243,12.039803073792248,4.300155669867135,30
599.4285714285714,13.252771014687125,4.0822805639383635,10.82183449218985,4.133948414562411,30
599.5,13.596171113707877,4.313701877253081,11.217050975396539,4.456886879119341,30
599.5714285714286,14.635807031369152,4.193413522509825,11.87579940474485,4.823085112124776,30
599.6428571428571,15.143731341885106,4.399031463280058,11.948995643648322,4.752482596473346,30
599.7142857142857,19.388510149647367,5.83918022585233,17.80246537183667,9.518376610340923,30
599.7857142857142,15.56125924527594,4.959125557730994,12.468039211289398,5.692985092270224,30
599.8571428571428,15.979042091762865,5.487839428747815,14.318416323141317,7.365022173889821,30
599.9285714285714,13.96024832251691,5.157435330934931,8.306416711203353,4.361365220495242,30
