Time,MeanSpeed,SESpeed,MeanNormSpeed,SENormSpeed,NTracks
0.0,,,,,12
0.0714285714285714,,,,,12
0.1428571428571428,,,,,12
0.2142857142857142,,,,,12
0.2857142857142857,,,,,12
0.3571428571428571,,,,,12
0.4285714285714285,,,,,12
0.5,,,,,12
0.5714285714285714,,,,,12
0.6428571428571428,,,,,12
0.7142857142857142,,,,,12
0.7857142857142857,,,,,12
0.8571428571428571,,,,,12
0.9285714285714284,,,,,12
1.0,240.92574802213605,29.411114363754265,126.13925423023893,19.711503511502436,12
1.0714285714285714,232.1450253560988,28.191455063069256,129.0128690300907,15.201233905922239,12
1.1428571428571428,226.89140430972026,34.88129339540605,115.16676653889309,20.176280755294382,12
1.2142857142857142,217.05593234234186,30.187277881650665,107.81287814173884,16.7701309403344,12
1.2857142857142856,198.58418140719667,31.735549249219027,113.14139343268414,16.689559766941578,12
1.357142857142857,221.02506055734176,32.221901951580236,113.81208314255953,14.213680278880437,12
1.4285714285714284,217.53480178502772,36.82061995273558,114.47732050621681,15.838329198708381,12
1.5,217.79079659798944,33.16374237613303,112.74478963431072,7.243598131543275,12
1.5714285714285714,195.98929596344203,33.28299862632331,96.14689821315464,11.057646613620891,12
1.6428571428571428,213.3085858807383,39.76473748201822,121.21864385257433,16.027913681699737,12
1.7142857142857142,221.02582066784842,34.10397096517248,108.82400245110884,15.699723873256815,12
1.7857142857142856,224.28583276432175,47.57226825360379,118.85091374985107,15.51723060406085,12
1.857142857142857,262.9003380189214,52.18710495998682,132.49132400268604,15.337521279493256,12
1.9285714285714284,252.59912358785442,45.357743463484915,128.0282518236281,13.404522835759142,12
2.0,206.73588459863655,40.03500873416226,105.95633212548715,9.426220307653157,12
2.071428571428571,174.43743662326003,41.18981543346447,86.57567450019083,15.350699324287932,12
2.142857142857143,183.3049518004795,43.680187684668425,97.94484250802978,21.338457727040954,12
2.214285714285714,187.51237174699486,43.68276296927052,96.64471793852066,20.870583037623554,12
2.2857142857142856,193.00921879648538,50.65768748312801,92.61015653173583,18.279369141320746,12
2.357142857142857,200.60914986328336,49.281090523450196,97.61415758674534,17.307324611548076,12
2.4285714285714284,216.9304302266022,41.26587299669947,109.09781016035029,11.205557262175468,12
2.5,211.04250228568364,48.812587213594476,102.2485996223112,14.97763372835441,12
2.571428571428571,254.6414123031971,48.034006185103216,127.93433299436228,13.996428830510967,12
2.642857142857143,233.8189836474807,51.42521382071001,114.55468678232337,16.70817616616029,12
2.714285714285714,190.25662797022977,58.2409160513201,94.71839808978356,21.955083847318317,12
2.7857142857142856,181.25269972203768,52.36748918033544,94.0061951654676,18.899288845294482,12
2.8571428571428568,189.35920195181654,47.971112909589245,97.21645310680977,17.42233538763968,12
2.9285714285714284,197.16603407337078,38.465764036691354,97.39575553316328,11.322339236967016,12
3.0,198.1629790097051,41.32874425166119,97.4578136507084,12.462157768759402,12
3.071428571428571,192.44591021848683,51.73521660420766,93.65320662556036,20.95463579861466,12
3.142857142857143,183.69075538321908,68.64548314348112,97.64334164797633,29.35437695498841,12
3.214285714285714,205.84079124751264,70.40857420098702,97.09110036621837,25.12958517471266,12
3.2857142857142856,161.97199731527584,50.08096585483602,87.78010053070068,22.109109476150522,12
3.3571428571428568,225.17375087790396,46.593442122167424,118.69995847033549,22.950767986151874,12
3.4285714285714284,237.00598237645812,42.84106479789325,123.69024993452689,18.866852102471583,12
3.5,189.13881156403735,42.25015702249513,97.03004062727692,12.129186333018104,12
3.571428571428571,175.17780345280394,34.98254454973471,85.43090508329905,9.948410549832877,12
3.642857142857143,185.5973343160718,41.175488183060125,92.02106014859781,17.385434757910208,12
3.714285714285714,172.19394495322956,43.40382742877169,83.13042551257855,18.95042625327066,12
3.7857142857142856,196.4821593717646,44.75883292417013,99.39490189265486,19.855954623549014,12
3.8571428571428568,222.9862167451902,47.18152990610318,118.66593803173986,25.805489048867045,12
3.928571428571429,232.0578811854492,52.22486545311742,123.92769413442815,28.79402461167058,12
4.0,203.56503138039932,46.79207615765761,111.6238264142697,21.58709015843933,12
4.071428571428571,186.09458474261183,39.139125238537865,101.0394857995931,14.075944470475157,12
4.142857142857142,143.6931244481455,41.54155216518063,89.8351203997601,20.766181806226758,12
4.214285714285714,158.43032500819552,36.31778105028316,99.35298447997246,17.11250497392865,12
4.285714285714286,213.58962329659758,54.68805368131442,119.5589336949197,14.637329839625481,12
4.357142857142857,162.92653885553014,67.89660257808853,89.82753483730251,22.01517874644992,12
4.428571428571428,161.78409802690186,47.740250468641435,90.41416661961806,13.491983820712493,12
4.5,179.95747705452348,41.16429800290727,95.12585829632592,8.995264219026428,12
4.571428571428571,173.6467160699011,46.71538878841902,88.80022949768241,14.611817831990745,12
4.642857142857142,187.19406155631955,37.16187164558863,103.31408176646951,12.615076674871544,12
4.714285714285714,181.40452973648127,36.26317903783088,104.4632208553422,17.359467132587863,12
4.785714285714286,174.63286519461175,36.719818744050976,112.74791544247546,20.310732965688214,12
4.857142857142857,193.14872052181855,47.04807691726528,116.40773349764298,16.342824893200476,12
4.928571428571428,161.4173078682705,70.98125442775893,95.89725544529648,20.807290279480505,12
5.0,135.29289661159766,54.64795020892705,75.67758416142834,15.71180917395877,12
5.071428571428571,162.5863186992046,51.08781836214876,79.13659521659693,13.185693410925552,12
5.142857142857142,158.85584636021738,46.35243806163422,79.63746871523972,12.718682833735135,12
5.214285714285714,178.46954469640647,50.58169294438794,102.029190916465,20.360148961226365,12
5.285714285714286,171.44637451084466,45.63061168179924,86.48597375518513,15.826364127864315,12
5.357142857142857,192.2995795893715,43.61916933171162,124.3042904137073,31.730343801274266,12
5.428571428571428,201.20412671244975,35.12784174035569,127.97962297584064,33.77012886691907,12
5.5,196.90284522770122,47.516989462761074,122.15321552084009,39.630278353270114,12
5.571428571428571,187.01592055276456,48.206908022824,130.97087414982303,45.32707123291321,12
5.642857142857142,184.73064556464388,39.82812149846659,117.30065284812292,35.92406487539051,12
5.7142857142857135,180.42977039467664,21.85002229231333,116.53864020577244,22.902406789688488,12
5.785714285714286,233.51029321494053,42.25873561803226,152.16517465164702,34.743419605611244,12
5.857142857142857,247.79182455568284,58.99363937938169,154.82763215265018,38.659880446635576,12
5.928571428571428,192.92856908146993,48.538683919158515,99.18042880405345,15.525391980457652,12
6.0,149.88584324976756,47.434124939249145,69.15638647151853,21.661247855600777,12
6.071428571428571,147.8097514135646,48.26859632015824,68.76232154136244,19.747669765346586,12
6.142857142857142,142.24599131155912,32.63178708203616,73.05068544277337,13.806955673857813,12
6.2142857142857135,242.42225716809952,91.50826632942193,96.13734914668093,19.54343046942111,12
6.285714285714286,369.64977090299516,173.4766137943761,148.14855766513543,18.032415929649254,12
6.357142857142857,398.5193959086518,192.93983264723022,159.3085387913928,29.747848038385538,12
6.428571428571428,413.1212938026457,223.19152517364608,150.46697466084967,30.63299889539553,12
6.5,445.6596717444031,313.6872688678113,141.000655982538,48.806725707369054,12
6.571428571428571,130.2641442974707,47.06384309360577,75.65086431168046,20.13838602056975,12
6.642857142857142,429.0324494264416,297.71542804445266,123.80361846799387,51.38353818004,12
6.7142857142857135,80.43642365253045,39.3497989280308,51.364299765341315,35.682307920893884,12
6.785714285714286,124.3829109051889,49.48006806002074,82.54546750677508,41.28351709849682,12
6.857142857142857,129.72870013525787,30.548805678231883,84.6330307260238,20.583722415863246,12
6.928571428571428,142.79489418118004,42.2918054418869,88.70416710797754,22.903167351857032,12
7.0,166.08978093316944,47.21468343076296,120.00132667277484,18.08288550029961,12
7.071428571428571,188.17145713553396,50.24095411322165,118.54386708990316,15.044092641288362,12
7.142857142857142,178.534751919967,55.036375637879885,108.05063845308648,14.62865266252363,12
7.2142857142857135,203.28914364868507,45.95453478109431,120.817329180475,17.81408298452458,12
7.285714285714286,197.18837444838468,69.62272257492154,125.89704896276687,32.74551272015834,12
7.357142857142857,204.10010840080636,77.82789776489976,101.84220964439008,37.9712793115669,12
7.428571428571428,296.46111003443156,107.21682280771515,119.53901822755772,17.998976178219028,12
7.5,183.11285693926519,51.13141574576814,108.59795106602432,26.46884483565993,12
7.571428571428571,178.4871601364291,54.20878325016741,98.77039588312876,21.076736240314357,12
7.642857142857142,177.84153568194833,49.98127837171778,97.09416824089813,17.603843396797608,12
7.7142857142857135,211.9022318090904,51.1485478802731,117.69499366866175,14.062679345768506,12
7.785714285714286,212.1413263841361,55.50098119569906,120.29406319867421,19.02447627421552,12
7.857142857142857,123.19096353596018,36.92523950525246,77.37221644251377,16.26166310244868,12
7.928571428571428,132.3432130601155,49.07273001359612,72.0387992422959,24.918758603099306,12
8.0,192.40533447977685,52.26889722916612,111.0280063244267,22.7657054846541,12
8.071428571428571,156.0950275774516,40.13198462918566,104.32321993965675,21.98976889050327,12
8.142857142857142,117.62875910732356,33.10848423680773,83.88639367361024,21.860234535602725,12
8.214285714285714,141.80375320817444,37.76489965380088,84.85829930883376,16.53990185151867,12
8.285714285714285,168.0030781796418,65.97690943488784,104.00934311199802,27.190915096139115,12
8.357142857142856,157.40170293988743,51.47793493509446,91.45643868513751,22.232458377430685,12
8.428571428571429,192.1512921210333,51.15589474516747,94.27478178570719,21.252312896835413,12
8.5,170.3631551845461,43.80526778354362,95.94080021102515,20.827128625680597,12
8.571428571428571,158.5417329885156,43.9563401283284,96.02328431254364,24.161955376303712,12
8.642857142857142,144.183951976502,25.198155450756456,86.53364702603845,12.982678371077757,12
8.714285714285714,123.57583152545901,35.95284032201261,80.8842477518045,14.363948919604809,12
8.785714285714285,88.8543126528951,34.29533555077194,53.87626205235583,15.7412444076932,12
8.857142857142856,50.62203356861031,13.423734062234965,40.44302403907245,6.734659490069385,12
8.928571428571429,156.74984207114028,37.30622816497866,88.96608979631117,14.663009415076285,12
9.0,187.14727547913154,54.20893059456646,113.83147823464286,24.39849719400182,12
9.071428571428571,211.7764974750046,53.92906579445918,121.79539065046126,24.009969244659132,12
9.142857142857142,204.16329625012918,55.36002470277217,110.70303456138647,19.310041440130167,12
9.214285714285714,132.8144465852938,58.05245117335576,70.37067341080402,29.083128582780326,12
9.285714285714285,186.8723781159425,37.78386850700492,105.32685981350961,27.568612707070706,12
9.357142857142856,153.08541454613098,46.42823062054152,104.12610116053725,19.06285141548346,12
9.428571428571429,137.8631921977887,49.39618339713943,82.15563447917054,20.6350077821688,12
9.5,176.59920166129436,55.99398707709931,100.47903576621346,22.524171651630375,12
9.571428571428571,210.0008231064725,36.126029215128234,127.98633830285044,25.29799713978234,12
9.642857142857142,134.45166389573492,40.62695163197212,94.54183009896889,21.364340114893217,12
9.714285714285714,135.95599864513264,26.52876349406543,89.71348613459867,17.818225382684563,12
9.785714285714285,194.26193754809202,36.43911524540582,122.29858977868003,24.007569230373218,12
9.857142857142856,244.35791825275808,38.75879427927521,145.43858907573306,15.335796796618919,12
9.928571428571429,196.3663353228964,51.20409629233386,100.47543644160693,24.996700630028098,12
10.0,221.09257553931994,40.15474299374177,138.19584914894546,27.138683998320584,12
10.071428571428571,241.24969432784007,36.72971183056364,139.14715542043825,25.986896868732728,12
10.142857142857142,165.59538864101253,43.00738939010714,78.92617465476853,19.90298451698794,12
10.214285714285714,154.97404401530756,33.27794180627319,73.39728843506147,13.401448316656124,12
10.285714285714285,185.237436446449,47.19798267277744,115.3245940521377,21.56260127588287,12
10.357142857142856,187.27103201389906,50.82097586731901,108.67146961045232,13.448959147272612,12
10.428571428571429,165.8694980604208,41.03552626573737,95.4172826990456,13.23427638976413,12
10.5,135.5821067142874,22.993797847999016,82.7170929756899,18.040913525566246,12
10.571428571428571,117.58528887343014,26.35903661789965,59.296680852547844,12.099818569864704,12
10.642857142857142,110.24959442090767,24.434721339886853,55.46540013657503,15.190505237793213,12
10.714285714285714,74.16711054102261,15.027851854239982,42.24851800334474,11.956238869221966,12
10.785714285714285,126.65804431400457,36.823295723219275,53.37202800354178,13.793449941211408,12
10.857142857142856,187.9724407830799,46.09226407409212,104.49449564275872,34.8468222004239,12
10.928571428571429,190.1837823673922,42.113360776310536,126.25492823136481,35.60190220020588,12
11.0,164.85793284211937,34.33995216906759,113.93697744901203,31.9857562974961,12
11.071428571428571,135.92525752683795,29.00278252288368,85.76320410188139,28.031333093083866,12
11.142857142857142,157.11838368132013,20.449908883241037,91.9988432402631,17.123568989964014,12
11.214285714285714,144.99604690637966,42.06453805165726,105.82230060757101,35.075943314041055,12
11.285714285714285,175.37320771402935,48.7246518164336,101.29410373541013,39.24382376620619,12
11.357142857142856,191.3770956157759,46.986027390841286,111.05342139787335,33.0569165125408,12
11.428571428571429,194.37945823572062,34.0535157717432,113.71396928744765,18.939308060505603,12
11.5,194.40642171157896,28.671924941830824,106.42757495105934,14.272248360309876,12
11.571428571428571,225.96148993840131,27.04964953388156,125.24775753135027,21.65532203258523,12
11.642857142857142,196.44067415644818,26.340098326094207,106.04740628633733,17.643358295737528,12
11.714285714285714,131.33228567819341,24.720877776631802,87.51048761465846,26.128537289246776,12
11.785714285714285,105.85324196306925,23.838280021414946,72.18343489532938,26.241631712308894,12
11.857142857142856,135.38774239275082,25.17918527332814,81.98916857347858,21.007589578631308,12
11.928571428571429,198.7277058028984,40.003187587362056,96.6929851585111,19.206924616212337,12
12.0,163.54913354275124,25.23393446723694,78.60052263021153,14.980696400855715,12
12.071428571428571,159.60716934673798,19.017051694252487,78.37520097745853,11.185347665485807,12
12.142857142857142,159.12391222970683,22.615167075536974,84.56371551608099,19.556908052127334,12
12.214285714285714,158.24486866045964,27.8375281329411,82.4872002644125,22.415957125361913,12
12.285714285714285,194.3787638215795,43.78652302335413,106.45353383788462,24.626152568431284,12
12.357142857142856,201.88324906248377,47.603835449419435,108.3840156449344,18.07730941664393,12
12.428571428571429,185.29557553968473,46.21616066001543,90.19800917920304,18.960813428075586,12
12.5,177.2149395136894,31.241180129057344,84.92816396174587,11.579616304257982,12
12.571428571428571,141.46981415330885,19.178644516943056,70.25300537479094,9.31737619807311,12
12.642857142857142,108.838491794577,25.31047511630856,51.521318001298894,13.024371827110288,12
12.714285714285714,129.23319789156648,28.05669678368876,59.519513466056274,9.827436501153855,12
12.785714285714285,154.58488888085773,36.587744560966954,76.00936061502901,15.223140295065964,12
12.857142857142856,217.5584455355449,47.22321480776624,103.5926189545531,18.67150761688271,12
12.928571428571429,190.78257700280008,48.46731823322714,88.46787641103204,19.44662808972239,12
13.0,165.99862783033836,39.87350604993858,73.24701441428253,16.820549375933627,12
13.071428571428571,159.86036574858394,25.880441508629424,75.4311568150929,11.115740419906478,12
13.142857142857142,143.61394382142984,24.986972501545264,71.998951452317,15.858732629167035,12
13.214285714285714,185.14697170083684,33.49293087306189,86.54433885904153,13.472430307316507,12
13.285714285714285,204.81052390281465,28.23709694137146,89.70665885658764,12.92966478913391,12
13.357142857142856,221.10902763892784,39.73244589043839,101.6287915424236,13.063245570697832,12
13.428571428571429,208.94067076549888,30.990225377469944,96.25445876150746,14.00760513700571,12
13.5,196.68793539840289,21.78104384343185,100.55580798510131,15.651987089424342,12
13.571428571428571,211.834301618622,26.299879023751327,99.89345240617666,17.958150532429563,12
13.642857142857142,212.1109155325614,32.376675557469106,102.64745824374141,19.440039209204567,12
13.714285714285714,171.2442731418971,39.76962648456462,88.10746751795081,25.020887881380425,12
13.785714285714285,196.4135888175755,45.44617802884422,111.67105539324768,24.364369677643083,12
13.857142857142856,200.6752217808904,43.44882040588738,106.39159588508289,19.882979549634683,12
13.928571428571429,175.68023087308023,33.30351461776451,90.81673975387626,18.95323409694696,12
14.0,139.0451645768795,30.988879597227072,67.09251394854661,19.380203247058688,12
14.071428571428571,165.52616079034925,19.79498157523597,80.7080105634383,12.721246612524157,12
14.142857142857142,178.2731107678477,24.771405017403463,86.99832105176188,18.401580413983755,12
14.214285714285714,187.38647276065777,26.225115269162274,93.03473869303154,21.752194125045964,12
14.285714285714285,192.6362802256533,29.925629616066978,90.41506294910934,16.716208699833683,12
14.357142857142856,183.81029488786396,40.96749830002625,82.55302660740367,17.07086324136553,12
14.428571428571429,157.4760057266518,43.74415929882913,75.95265405025827,22.90815548173947,12
14.5,157.52506286864036,34.71359252084313,75.25160716417936,16.61060518895861,12
14.571428571428571,161.19461316315284,35.36908928217379,77.64191554669353,19.950671933472034,12
14.642857142857142,195.91420550742552,29.49830927126302,95.76629140085089,19.868431532206973,12
14.714285714285714,214.38189671280645,35.92546361079771,108.68511866668321,22.974266612539196,12
14.785714285714285,205.86556666865545,25.19348339253681,104.26630093753309,18.834622580402236,12
14.857142857142856,188.83405547838345,25.81375808770853,103.66324302798066,25.223784519543212,12
14.928571428571429,150.74753077618576,32.60741426810045,101.06295842097529,34.97391581261925,12
15.0,109.30707410710151,31.390035873280944,74.67383527559777,31.306487402102583,12
15.071428571428571,148.08190214257812,34.48428687603279,86.59224615262087,24.59211748383195,12
15.142857142857142,173.31017915147308,55.45210539141787,95.66193220319396,28.111257582199933,12
15.214285714285714,186.8563544290907,45.6052747191662,96.18146798383417,19.353026167827228,12
15.285714285714285,193.18866810868371,43.05015860738015,96.87070299301988,17.981503864765063,12
15.357142857142856,169.11030101899433,49.253568682360424,82.37402160674063,19.880660824789157,12
15.428571428571429,121.00333193290096,31.503605288195846,67.70759732460948,17.837312069160696,12
15.5,134.41313092321423,30.710348147530524,68.79215791383429,16.774978086413476,12
15.571428571428571,149.597516817796,43.78276132542336,81.78077316150973,20.358697853498605,12
15.642857142857142,205.38121847220202,47.80359890879828,108.11417597459891,23.72354912238668,12
15.714285714285714,257.58022775706706,55.924917583065856,132.78180718559815,27.771094512005742,12
15.785714285714285,224.9427557677564,44.459646472437576,116.7424116118289,22.633693058126052,12
15.857142857142856,215.45728792819173,54.10815864895413,116.01401738678496,30.92833803222093,12
15.928571428571429,254.4464316774968,57.083219548001225,133.80374020829046,32.671426002082164,12
16.0,246.6471859691072,56.593987233309626,129.96657158397997,32.75953751676204,12
16.07142857142857,213.79674971094215,52.37495520048092,121.48593844053387,34.46835743936119,12
16.142857142857142,245.63614073140974,57.58615338077856,143.5422493357469,37.425732612089696,12
16.21428571428571,280.3996673332942,53.02624242180307,153.86240652833436,27.92369682720057,12
16.285714285714285,242.72971910363705,49.94977370346636,145.24886968617173,29.418152398746717,12
16.357142857142858,234.10114468955584,66.45996957393848,132.58021502607087,35.93653218392008,12
16.428571428571427,247.92685658312024,63.15987857191445,135.02706362148507,30.961839865932625,12
16.5,217.36749387527556,70.11170622460084,120.11284195570711,34.928694724090775,12
16.57142857142857,197.76875217379143,80.92218063131183,109.6865676393666,41.186081139357626,12
16.642857142857142,179.1972935226562,41.23208257523774,101.0846768765764,26.4243583910566,12
16.71428571428571,150.9516544482046,21.12761212146357,87.13508847735523,20.40661462557224,12
16.785714285714285,165.46159194965182,28.060581269864425,90.83777487843851,16.39282785420496,12
16.857142857142858,202.0473314110863,32.72505620228381,105.22463100838885,16.152921122752595,12
16.928571428571427,230.64491442138984,29.6703317346226,114.90117805343094,15.845574227697266,12
17.0,276.5453724031362,36.87464175681819,136.13841014520685,27.39377490407233,12
17.07142857142857,242.2097059085003,44.53634527855097,125.16730575677089,32.806333147684036,12
17.142857142857142,228.464847569505,43.72112465025631,111.43513597811794,31.881859351475033,12
17.21428571428571,217.86037319300172,43.08935145543856,92.69012088210745,23.036387516548285,12
17.285714285714285,218.69135283627412,41.347614478186344,92.93540085037559,18.99416124235063,12
17.357142857142858,243.92367599082218,67.30648336412848,103.86571233318884,31.297548335982103,12
17.428571428571427,367.62468116158306,160.45519318705277,154.36525728029528,72.16510303680698,12
17.5,219.8670378449223,32.20590699793928,95.12869789005846,14.14861807125004,12
17.57142857142857,250.0570024441208,44.3422652433787,107.23383041351912,21.455654421126724,12
17.642857142857142,237.16352666528618,37.27041718608806,106.08860445513524,21.132379673734004,12
17.71428571428571,237.5153644763995,38.26821753182534,105.3223357398248,18.853307131601348,12
17.785714285714285,333.7564239342818,106.56307072725637,161.30691194444717,52.23071817427669,12
17.857142857142858,244.04731606539144,37.901587187444655,124.12321131164994,15.634218120786581,12
17.928571428571427,308.50761198242157,33.37829503147115,140.89067125928497,15.915056474297105,12
18.0,269.4850074274414,39.14759617733279,142.44880359838064,22.69883305046748,12
18.07142857142857,234.9441130014313,33.44516561381779,131.87293803176487,25.88217192565713,12
18.142857142857142,186.06417367453076,39.28426107131263,115.32158448190103,35.15979636686623,12
18.21428571428571,216.57031357195478,42.57637461912531,124.93587853159615,33.753018693097914,12
18.285714285714285,234.8541600254015,46.16092517929893,136.49328666574144,36.69859506390631,12
18.357142857142858,245.4251650312059,33.1875721438344,134.66794386708352,27.318468813504765,12
18.428571428571427,239.69974925509072,33.9071368434287,128.29383050200738,26.630002227616984,12
18.5,193.1068933129147,25.985967898597778,93.51330101785003,20.83919636977169,12
18.57142857142857,171.58890019688096,25.152878409184908,80.49569637998569,18.056282740705637,12
18.642857142857142,124.1965159560689,31.964377985848426,58.87622456659813,21.93166877914832,12
18.71428571428571,142.63661167789047,33.7660213067281,68.23849716149518,22.325528754159205,12
18.785714285714285,165.94605898671622,44.440790682978204,94.36835335794832,32.88017744422281,12
18.857142857142858,146.5197715159027,28.635877544963463,83.12996085064502,20.51643457970233,12
18.928571428571427,105.11315906911591,19.032886272560866,56.371441404141066,12.00550092407145,12
19.0,123.40776176271338,25.405391859770916,64.44265187644578,13.681725603566761,12
19.07142857142857,114.34537855570865,20.342783494989806,58.15116786034104,12.380456823236,12
19.142857142857142,130.66091243917072,25.438217028997595,74.09343799564067,19.968208428769838,12
19.21428571428571,199.36529505777,35.69860880728788,110.84515871524285,23.539602658900485,12
19.285714285714285,200.88734019631926,34.43465565646866,112.9961356712797,27.556581396942608,12
19.357142857142858,208.44833917896406,38.07600755135335,114.18338330465471,24.66720865062789,12
19.428571428571427,200.21409328707344,44.317501729906695,109.95950027693038,22.87854836776088,12
19.5,183.94327689336885,38.17502338157477,99.12906699131342,21.700423848007954,12
19.57142857142857,171.88890555999592,35.83236091153941,97.26229231194594,25.993999503223442,12
19.642857142857142,193.94443142024977,44.42334204528787,99.25350119427718,31.83927670282055,12
19.71428571428571,230.77837548054913,43.79195901792458,123.42943935434974,29.268797361626255,12
19.785714285714285,234.74891282738983,54.59570437359591,126.63117190437123,39.265469614121216,12
19.857142857142858,213.7081859286171,51.94872267352826,115.46246974063521,39.40868813486671,12
19.928571428571427,248.33094802689098,58.12499593520771,103.2913575594052,29.096268144535557,12
20.0,267.1318166338314,49.008301953422674,115.59067635588576,24.311584629186495,12
20.07142857142857,187.81993354246822,34.282478414398355,85.12125539998756,18.20817699153761,12
20.142857142857142,191.78476015036787,35.93650749981865,90.42756790298094,25.73962304066046,12
20.21428571428571,198.78264470236934,41.2868826497871,92.24686448788997,26.075867602265607,12
20.285714285714285,209.52797780434662,31.908864152597605,94.93643121643586,21.703948424528583,12
20.357142857142858,208.708094412904,25.033549923130522,94.507438527397,20.136966364995015,12
20.428571428571427,173.9258458582624,22.97578157289811,73.409492262432,12.176827682092638,12
20.5,160.07302178080454,30.097010276118844,61.50248336822232,11.857041189706253,12
20.57142857142857,147.9878331861225,44.468500203602495,62.27970638408084,20.193381045787035,12
20.642857142857142,190.53838701736626,42.29091388011116,86.83174242917346,17.82028378585482,12
20.71428571428571,202.58646703522825,38.81757908073882,94.35803302202089,15.97257133192197,12
20.785714285714285,217.17940917094845,36.16295395987767,92.36689385862556,16.504653234663092,12
20.857142857142858,169.9173478285312,22.703898257031163,81.5952361249644,10.315178101379699,12
20.928571428571427,141.6408915915087,11.866177989866058,70.47485449700153,12.01698235544633,12
21.0,151.15945206210327,24.618937315143775,72.19157358872985,16.868557284674644,12
21.07142857142857,150.1705102109414,25.35023247175954,72.51823665238095,16.137891098176627,12
21.142857142857142,186.02071513265966,32.74520107582808,87.22729430870767,23.233202122518833,12
21.21428571428571,206.66486499378468,37.52220010924366,107.58770282260424,23.31471914244377,12
21.285714285714285,198.8249631796507,42.35872602919784,98.71241491263876,26.50626931879833,12
21.357142857142858,176.76616251562936,46.15304899458454,87.81561361130119,29.316477265153413,12
21.428571428571427,199.00877197950038,39.06059629275399,98.6225760863907,25.21258465131812,12
21.5,203.2552167960388,36.65644826992172,102.86501434250265,26.203404649973834,12
21.57142857142857,201.26352581702707,52.97229668690325,104.9499731808588,34.57572295753078,12
21.642857142857142,207.50731838424065,69.06169677139161,110.02702983081527,44.194539538638566,12
21.71428571428571,190.4482779451272,62.237343583834594,100.51084774848,38.58593185090914,12
21.785714285714285,168.60633873721952,56.06586954377426,101.01785743000592,33.71358083596376,12
21.857142857142858,156.75469313787656,36.18632150608848,79.38567652857795,20.643642615357177,12
21.928571428571427,168.35716153910667,25.777831155247377,80.95135066996056,12.77841912339681,12
22.0,190.09406597225885,25.068702757210144,89.8808202203945,12.342038867897836,12
22.07142857142857,182.82989921667,32.23263163770671,83.94221512978986,14.600251646246935,12
22.142857142857142,173.92597500757094,34.64915661662641,77.24469933186701,16.68644174278111,12
22.21428571428571,152.18541007731895,36.89297417757774,64.97272006515759,16.898661506711726,12
22.285714285714285,198.01801222392055,27.5905272839844,89.89837497107602,11.460588306328335,12
22.357142857142858,199.3814867384115,21.181582403642093,96.27188593795404,5.424047682851633,12
22.428571428571427,183.76245314971868,27.835849071644667,79.60308218325696,20.136093851098273,12
22.5,182.5650546120873,26.093660886294998,83.82883985024971,20.656018222768132,12
22.57142857142857,202.17124195348822,37.78565102601338,95.23659285802576,24.01732614412225,12
22.642857142857142,166.2483173212355,37.91289635209554,75.06909580273897,24.08580082946288,12
22.71428571428571,191.93605646579468,31.005988133710115,113.49313854887274,26.905196387445624,12
22.785714285714285,194.60883714451418,26.91036698851938,113.390539361798,24.237848455032328,12
22.85714285714285,195.64237171653951,29.048271412849253,109.7816825109155,23.85775258842118,12
22.928571428571427,182.4449689642467,25.295003951575875,103.80462738090647,24.334537160330324,12
23.0,146.21581829368677,31.456469791743423,68.60395175201285,15.218987036106205,12
23.07142857142857,118.40301677066357,24.053822008297868,76.06642190668043,26.79467880733974,12
23.142857142857142,108.61666177636022,28.90828737724226,52.78852873810348,16.121271467776676,12
23.21428571428571,96.9220855304049,30.373305054358394,51.6583577300032,26.77602200096026,12
23.285714285714285,105.5743350319252,29.01606330215915,61.55808227114441,25.82715052462944,12
23.35714285714285,133.75954772333662,17.367046053617265,62.782779707308976,11.19009334551217,12
23.428571428571427,125.79510880763942,28.62954871685915,48.78221392689286,13.40045117095803,12
23.5,157.31183775424404,29.075835033869787,63.665559476642514,13.334977229273205,12
23.57142857142857,152.84347764606417,33.12617344843973,65.4421536278225,13.914043952924002,12
23.642857142857142,141.53569652120774,29.498907745126775,61.43009866953572,12.253326506907074,12
23.71428571428571,155.5521913391842,37.0398414411599,75.32420097118714,19.51869773896033,12
23.785714285714285,209.39560047393755,46.45730448477861,105.87861779095223,26.572604027782457,12
23.85714285714285,170.7325918627427,22.62003729496228,83.98113504437573,16.03921482238506,12
23.928571428571427,172.090482639137,30.520704774865276,82.16150238701984,16.449705340091366,12
24.0,188.38425987918504,38.95329628976244,104.34530969145086,25.67892253319672,12
24.07142857142857,176.11962653410149,39.685487212699826,88.6433967137219,21.4890691115985,12
24.142857142857142,133.59107223461046,29.63268174684751,70.08408973582918,18.219324669574668,12
24.21428571428571,165.47313983737914,38.72209608451787,87.21642351042772,20.784987982806946,12
24.285714285714285,166.41134258507614,41.143466877243135,84.34003722520623,19.244928088828363,12
24.35714285714285,175.38028679713364,39.08746387686184,86.16728113189306,15.687055293890014,12
24.428571428571427,188.93876440841834,40.92361192434635,90.0878214048031,11.602297305317837,12
24.5,171.12930823007906,47.611588322365755,77.48336162987292,14.825724156822249,12
24.57142857142857,210.04952332397914,39.97117830270672,95.6788405709211,10.105586343572362,12
24.642857142857142,170.52701280439769,35.17792585953204,92.05042739589983,14.80738330178311,12
24.71428571428571,155.20258838172984,42.391990788572265,76.97686651662825,17.59144837803455,12
24.785714285714285,134.91717757209585,24.10668110960965,68.6390591922111,13.729716701670437,12
24.85714285714285,152.72995873157814,34.89160251383747,79.84722748529292,20.495529944600086,12
24.928571428571427,202.31852947822867,39.83159168042156,100.79241425205718,20.140606608612526,12
25.0,184.42233399406928,39.557677283402455,89.7917719031413,21.41723741959729,12
25.07142857142857,156.21917635661939,35.67368726737066,89.84159692812861,27.05163576606759,12
25.142857142857142,187.50779548810345,26.910033377943282,102.91422574214596,25.230500914514813,12
25.21428571428571,188.60072793484824,26.745092281501623,100.18449603497373,21.695438868914895,12
25.285714285714285,160.3410432744801,22.689596278553385,88.1142449412538,19.011727032011148,12
25.35714285714285,148.88573467779364,34.59138346751184,75.55520337746096,20.609922685621573,12
25.428571428571427,183.1932380449192,34.000593577857515,91.91544183239895,16.845786467388482,12
25.5,180.64770793569173,34.52333569914925,88.28858244070426,14.285273363077676,12
25.57142857142857,170.51504560179265,34.39053145450183,80.04545021668399,17.956337575784865,12
25.642857142857142,155.81556173620254,28.944562075644097,85.68112711164912,16.584552614151278,12
25.71428571428571,184.29420353853624,41.97707463399442,99.33948690153008,21.235422267954053,12
25.785714285714285,189.7220223414227,43.62359790186519,97.94215606802237,20.30777532263234,12
25.85714285714285,175.3434339630916,31.256283769138616,84.36362449001851,13.921437215405847,12
25.928571428571427,147.00839620889718,29.662867070916004,70.75727974869034,14.269652935766354,12
26.0,152.2380064214539,35.39426950284883,72.43737443848116,17.02580896020012,12
26.07142857142857,143.36279790515582,37.35126332644314,76.64300511033898,18.27515789235511,12
26.142857142857142,149.56766537066432,34.556786600574945,78.74645283687255,19.066306295759038,12
26.21428571428571,175.031505754028,33.3036771401806,81.40042566048967,16.124240981984325,12
26.285714285714285,182.55080854216757,36.1842571754894,81.92505179353881,16.402507422223792,12
26.35714285714285,177.0851607605254,39.64895782552574,82.16865657033945,19.086949441228278,12
26.428571428571427,159.13482371065666,18.337362427599686,72.21666492932786,9.307722609514624,12
26.5,149.209603345256,26.14237379700454,71.90311721267713,15.751053533917997,12
26.57142857142857,156.76214844235238,35.33692678203065,70.70974473560773,17.092206292900887,12
26.642857142857142,171.8478266268145,39.43488010001896,75.09164987439549,17.334103263330764,12
26.71428571428571,172.52487118155506,40.33694841828316,75.46142378858981,16.563847476315637,12
26.785714285714285,177.3699898480451,38.92204752694714,75.34836577094617,14.308605587991156,12
26.85714285714285,144.15836728169523,40.255920401276846,67.35801981831129,17.007093554178752,12
26.928571428571427,149.50304383672696,49.09323926980762,77.78855323332509,19.863430339035414,12
27.0,144.73496519802075,53.726613773565525,71.42330875189523,23.184133761758712,12
27.07142857142857,190.8543703650551,72.5603117439466,77.67239198945558,23.561828127266843,12
27.142857142857142,207.0150248114976,64.46090805323125,89.68962868834046,25.057719883593847,12
27.21428571428571,205.92888597426318,69.86804297005656,103.39660514660766,31.39466487309925,12
27.285714285714285,236.13068128693138,64.94595854929015,133.34383525045237,33.903101949871505,12
27.35714285714285,202.06204180640432,52.2123862700455,96.32007324666453,26.269936866766496,12
27.428571428571427,149.94494637680054,32.926572915494816,82.08287981276533,23.034531748177944,12
27.5,134.63271692221653,32.804259448620606,79.68715427464724,29.24554466415849,12
27.57142857142857,169.57263316598358,35.46636311326134,94.09359503227019,28.9981706385698,12
27.642857142857142,208.873131715681,42.984215183785864,113.77526916129347,29.96844366605697,12
27.71428571428571,245.19283451645782,51.115587042791695,122.63350418537016,30.584947590904054,12
27.785714285714285,248.70725385576262,50.430342639666044,131.2220181035777,29.23269002609166,12
27.85714285714285,224.33206245621463,39.18752942612911,125.60252708096463,25.642308709080968,12
27.928571428571427,210.90754695564652,20.71942472662618,117.64684992083784,23.51375455488076,12
28.0,187.09802110603147,27.703711668784603,99.47855792916543,22.36018921631661,12
28.07142857142857,210.05705783044291,36.365037475118065,112.11934297204851,24.551933920816314,12
28.142857142857142,197.65096688168947,29.46584010211939,83.69333204460031,15.312576991446875,12
28.21428571428571,183.96165788051627,34.001046219913505,100.78031755818817,19.024472312020805,12
28.285714285714285,180.2174816630872,40.668239361484204,95.10759633998398,21.623417995557208,12
28.35714285714285,182.84266644371502,27.12505672236257,92.49427146402002,14.48397136087888,12
28.428571428571427,194.6500260748408,18.438587308389867,97.59147248734554,13.534857757639672,12
28.5,215.85946841769427,32.629520545343,113.4423475698047,22.049439934208635,12
28.57142857142857,232.45078046140074,46.05737434596896,126.98944430369215,23.248642345715854,12
28.642857142857142,213.01134823538902,36.5234023192699,97.1306327047714,18.834045018498454,12
28.71428571428571,212.91144075073652,40.37228064763008,102.84184885153648,17.66070764230708,12
28.785714285714285,208.52858150467142,43.4236133628599,97.03768398374707,19.915615996979415,12
28.85714285714285,207.65478019402988,53.972198507565736,93.85370095958842,24.739384529304775,12
28.928571428571427,186.5977183056595,37.0884059755802,96.2355698475716,19.931699833777195,12
29.0,177.86243507712095,41.563076387760866,79.88926343097903,18.453343454423496,12
29.07142857142857,216.9713055050944,33.19328187651366,101.71789257936891,12.52360744763928,12
29.142857142857142,195.99643498328038,31.373651110624685,93.17582647180801,15.015688240415102,12
29.21428571428571,174.01840397533348,39.9097971548364,87.172209779647,22.222574137899276,12
29.285714285714285,213.8215275943906,34.900533520718994,104.01009318514974,20.566580480752325,12
29.35714285714285,224.202496498963,38.04389297231614,101.49751279397472,18.31846581662798,12
29.428571428571427,206.8344304692943,47.81629541143496,97.34456073464166,22.237899427063777,12
29.5,213.42151036524905,44.725145837328895,100.79424190846125,17.752685537243778,12
29.57142857142857,233.982079557646,50.6050436958666,106.95280622658989,18.11287786121824,12
29.642857142857142,188.01400466627084,46.050005048017525,84.43389605219829,17.334366229136933,12
29.71428571428571,186.09824224195486,26.14477171939688,95.00131116885623,13.536090163548712,12
29.785714285714285,177.88941589276186,38.03850220923936,79.94547661843555,13.206802018566819,12
29.85714285714285,214.42912939100603,38.216553005068484,101.20709462466866,15.058359869100018,12
29.928571428571427,248.81251770741355,41.77598577175653,126.00099512240428,18.575968743684914,12
30.0,213.57596612742373,63.99000370699316,94.14585369830273,27.392566392167634,12
30.07142857142857,204.9372469241431,38.61998875960271,84.52756479738669,16.913828749194618,12
30.142857142857142,193.2000391011733,36.107725146107896,98.65263782455168,21.931292289805207,12
30.21428571428571,201.30583096278366,42.4214684471179,105.35923037794016,27.3677179076499,12
30.285714285714285,215.13227233457508,44.70714344673075,110.73639442813216,29.252808513348906,12
30.35714285714285,211.89548683216404,53.57538225920824,101.0234385162247,27.490436804326347,12
30.428571428571427,187.3210106569681,58.887434756862355,92.39283526302683,31.716186884046163,12
30.5,231.6106685221229,70.84298421453232,109.81307701271922,34.802053831745155,12
30.57142857142857,221.15143016390488,58.88247479724863,94.55787007892782,27.349834127343254,12
30.642857142857142,223.15215473152267,59.89126942733376,101.10039827368813,29.26130292401213,12
30.71428571428571,245.64020363396904,58.92325103080404,116.58095289137098,28.49452784249548,12
30.785714285714285,216.0318024075981,68.0825831288322,105.39889270854643,32.788903941335455,12
30.85714285714285,221.44002281581425,73.76308682953324,106.54961915804016,33.67688584751912,12
30.928571428571427,193.9582654977509,68.36170819520805,98.9878137318216,30.344021104949398,12
31.0,187.82534349629816,65.52518045156263,89.76522551145145,25.141470895982536,12
31.07142857142857,181.74229292166055,71.46707593646843,74.01957852937542,23.825709916119845,12
31.142857142857142,195.30941731030785,50.074084961725006,103.97849634475357,26.225553014274425,12
31.21428571428571,177.17196699850922,41.58588047970301,86.42669265295476,20.423584838197936,12
31.285714285714285,188.7840123373523,50.54544491217005,83.71357205424945,25.159362139906214,12
31.35714285714285,153.5883662775629,40.32097290283213,66.73039278633935,18.347457783031533,12
31.428571428571427,176.70220054894517,37.890485315297425,72.04682286620083,12.187568530432127,12
31.5,164.1823158713888,38.05689461172508,71.07000436492278,11.521450594321427,12
31.57142857142857,155.23879041940995,44.4189950329755,66.47405671285115,17.056009700214958,12
31.642857142857142,146.72586443111553,34.39302230566516,63.38252443554268,14.133066735891452,12
31.71428571428571,176.61793981640787,28.924209481428758,77.0752942664603,10.973177740536066,12
31.785714285714285,214.15397945938653,37.750082583554615,89.24879714290779,20.829265703304333,12
31.85714285714285,200.42031975866288,41.91910920529483,84.07996536208637,25.00886700217511,12
31.928571428571427,177.9313545558094,35.9609486112663,73.55203576581121,20.828723742839582,12
32.0,191.59717442960337,29.117122034681657,85.89131177889765,16.954256119452864,12
32.07142857142857,218.4311266372706,33.21447517374827,95.80407019840025,16.261324846674654,12
32.14285714285714,211.63925541654677,45.014090954783796,94.25898173452886,20.480384143904555,12
32.214285714285715,163.3577699702983,39.934730403493866,69.2424579208516,15.741320545353727,12
32.285714285714285,143.67848118597223,21.218614412515233,65.90307733931239,10.156047935912028,12
32.357142857142854,130.30971032431975,21.736687322904338,62.19321522164831,11.08944617358316,12
32.42857142857142,156.82904450374727,26.429018228052435,76.53632357746721,11.85685483997456,12
32.5,170.24651082265453,46.44492960052144,87.8271461679505,22.66595613286161,12
32.57142857142857,186.57339063825964,48.50028254058656,95.38205968984248,22.458569940270824,12
32.64285714285714,202.57303163401278,52.12667751537682,91.03371103694887,22.986689539483777,12
32.714285714285715,188.87134356042336,45.76818572751722,78.36668832451076,12.394659053956971,12
32.785714285714285,159.89026097988506,50.208431710941525,60.73683055099191,17.473133273907067,12
32.857142857142854,144.90046438226915,37.58720359198165,61.224532224616325,16.45220305656307,12
32.92857142857142,121.71538871541965,27.462725633452905,49.94726387531397,11.298140993355753,12
33.0,157.31335277138996,34.91726811551073,62.85061351952711,16.010960926729826,12
33.07142857142857,198.60420987871674,33.15856605680453,90.60910963038653,15.729929340346233,12
33.14285714285714,228.75734106004566,44.79395592608235,97.49136643740277,24.154700388686486,12
33.214285714285715,215.57354108423675,33.212169163033444,91.57184546063056,18.332452208836703,12
33.285714285714285,188.45399415008094,32.58574623863086,82.34980754574711,19.679754678327328,12
33.357142857142854,156.01144448843448,27.57990207307591,70.19827316493077,17.966571378633773,12
33.42857142857142,141.58906286383575,29.1636437130842,67.25875161473847,24.224331179155907,12
33.5,144.7661823336066,19.687918537793095,65.39147028227963,16.04909903547869,12
33.57142857142857,131.21425636394378,16.066253618547417,59.36496590104479,12.84787264807954,12
33.64285714285714,113.83845588171556,16.49160286195275,51.47739967295018,10.067097657641417,12
33.714285714285715,135.27658907747715,16.974976910659596,66.10402185217045,16.21640435655461,12
33.785714285714285,195.38219132725064,46.322184740411565,95.05207222463167,24.313730659315734,12
33.857142857142854,170.228210697168,40.089546582524484,78.51130689035803,17.435074620142675,12
33.92857142857142,150.12185211784495,42.35588874885929,67.20994435300953,17.431035304955135,12
34.0,164.2071503310847,48.71610739777251,72.61794707780473,19.79637469850096,12
34.07142857142857,168.67164105263723,42.96625335602997,72.78694664342585,14.14943503648627,12
34.14285714285714,177.68902163653496,44.61615091738078,79.58830980395055,12.59859063552261,12
34.214285714285715,198.14242539062082,39.647802998218154,87.72442160326365,13.40497157213273,12
34.285714285714285,206.92940629266718,55.60071376888809,115.15455831766648,14.56501058212916,12
34.357142857142854,221.13920897416676,37.70865853748066,89.4655951522796,15.937178712156372,12
34.42857142857142,158.3521697503811,38.424004375779084,82.89323894773499,27.872355652324753,12
34.5,150.30848559104896,34.81092874972718,81.64465292417539,19.00261684544827,12
34.57142857142857,149.26987302387795,33.55829142351692,74.99329552345412,13.251088148265383,12
34.64285714285714,166.33909620862246,29.76819488234785,77.48538406881764,12.300171333482835,12
34.714285714285715,190.46317573791202,29.82519637797079,85.2991917311465,13.982102067494239,12
34.785714285714285,195.30151248807016,33.385775608985774,84.45594156943872,14.282271567653398,12
34.857142857142854,204.85233556368811,32.21057698131387,88.98589945114078,15.458735407471918,12
34.92857142857142,229.47127364087598,50.48728852570796,113.93946395208403,28.19412638389733,12
35.0,225.92391371063076,57.985430725154956,118.55675415936342,43.59951063476519,12
35.07142857142857,200.77155016754023,50.45838439546189,99.28452027287774,43.0153609083338,12
35.14285714285714,210.81753143870822,53.959566622646676,103.26392012522022,46.733715363100416,12
35.214285714285715,251.30004426565262,88.99662994384703,157.56584205563783,81.52447979662267,12
35.285714285714285,205.5112793015322,50.446849487528674,104.3767975505443,42.2540289090343,12
35.357142857142854,186.16470272008794,60.54901992152908,95.66087684375603,51.15694941021815,12
35.42857142857142,257.03673733463074,59.29037627875585,126.85958141884844,52.07551026456525,12
35.5,274.81137209205355,64.30878244059356,143.24418616264396,44.47102431457777,12
35.57142857142857,253.78765521121775,77.29220739722551,110.53288186620571,30.6855517514248,12
35.64285714285714,173.5783002398546,41.78163318802008,78.06734202408617,18.835061018290716,12
35.714285714285715,143.9308057866704,20.42818197043809,63.54253790714838,11.647500859158805,12
35.785714285714285,190.12694101187643,30.054604297348778,94.56357847462367,24.716352055128645,12
35.857142857142854,176.37787626067183,37.60444104139627,86.75836991575939,24.05641274105452,12
35.92857142857142,160.9900020121431,28.5555999188671,84.01809627150467,21.41744040300055,12
36.0,148.935575822398,30.67916399196181,81.17965763314214,17.53183700330839,12
36.07142857142857,140.58440653678488,22.686460647876924,68.31700857732825,15.036513732963382,12
36.14285714285714,176.4153834298864,30.490818693152683,80.56750649299786,10.354356101860771,12
36.21428571428572,192.62477772392046,39.40005507142832,88.00831388478284,13.72550823697626,12
36.285714285714285,170.01706328531915,49.79209474668404,89.73543424434213,14.841764902591207,12
36.35714285714285,158.28562421825285,30.899273283516443,82.32107761107616,10.408300851025594,12
36.42857142857142,115.93273329457489,26.279918719938227,54.428477764001954,14.732301876056104,12
36.5,165.3336797433834,45.20222633554301,72.44402518797057,22.21552198539755,12
36.57142857142857,179.93018377640257,48.91888097418959,83.02364919376383,24.695434578253767,12
36.64285714285714,200.7936171064022,43.633288766166125,93.87573223152452,20.195606094118354,12
36.71428571428572,224.36250949723023,54.597694266495054,109.89938960715756,22.676281650970168,12
36.785714285714285,206.65307549629304,47.62280601321927,98.30218744592163,22.817998529258134,12
36.85714285714285,190.7496999417928,38.67859082606581,83.6445659390355,17.591613775195167,12
36.92857142857142,182.82129491689665,33.02757212525984,81.9460979675837,15.518082012969442,12
37.0,182.13433279594216,23.40402442019891,86.94850085717643,12.68043514225763,12
37.07142857142857,175.4759140567861,17.66163543553293,84.6254325149608,11.007178041393113,12
37.14285714285714,177.95237449863163,16.39264597294235,89.59439259552511,12.69894692582671,12
37.21428571428572,207.90839176998767,28.25191831074846,112.00019103619665,11.323704805603871,12
37.285714285714285,210.903262472273,33.92155633199712,113.23008705851355,10.705110892495487,12
37.35714285714285,163.0107428449479,36.25919234975354,85.24251478081501,16.479820408938217,12
37.42857142857142,141.52458516856922,36.91679131148011,83.76054193668881,20.458267900626844,12
37.5,225.20973733647685,49.15839847828383,108.24980113483076,17.497986926371286,12
37.57142857142857,205.3804451216404,59.00512600410754,99.76985081789387,26.044627561096764,12
37.64285714285714,234.4704440499151,71.42242861709947,107.85204118729759,29.188851850452203,12
37.71428571428572,215.25989888309343,58.46681595450932,92.76118357047991,26.64527658333944,12
37.785714285714285,204.6705094549189,52.27202541104974,88.79322429786583,25.036495949442877,12
37.85714285714285,188.07427323374952,43.94310288397752,89.91316390675146,19.93643008242611,12
37.92857142857142,192.18072480214786,37.825923669842304,88.93801019775303,17.914244577861833,12
38.0,172.75067247705599,34.43866463105447,81.12928144980533,19.927998147830575,12
38.07142857142857,225.17749181217357,53.422384054998716,102.1075033581511,25.720270375851268,12
38.14285714285714,263.7164024392093,55.51548082640231,121.33835024008121,28.308807298053026,12
38.21428571428572,208.71841142418046,58.69010002813231,103.89167674619416,36.00147148231837,12
38.285714285714285,201.37828537909803,54.799441375450066,97.18267453093546,31.91758414329361,12
38.35714285714285,206.98872300308997,47.65932085101691,91.35354535905202,23.26454476602641,12
38.42857142857142,218.95057723324243,50.532903212260074,91.16496022203184,23.984096902527234,12
38.5,205.45676242392136,50.93039416489976,90.21692515191899,23.97675584025155,12
38.57142857142857,172.94238715483885,35.480879551561635,79.53459747396988,14.33455295205144,12
38.64285714285714,161.8636560175415,29.87284499159349,81.2053243240807,17.520599733775818,12
38.71428571428572,169.3375621022768,30.897673417292058,92.36311256913078,25.79773724873124,12
38.785714285714285,167.7905548093752,30.884111290658705,90.13957209937976,22.232276720760538,12
38.85714285714285,158.51026070312886,24.484136364106636,82.78734282967504,20.966426525019212,12
38.92857142857142,158.07474940890523,18.236099285029862,66.72708543788593,9.387623193336083,12
39.0,144.16433447227908,26.419689310791785,60.637200383277246,13.374213193249936,12
39.07142857142857,144.16292116078404,35.06574805001945,60.56201780128778,17.255224579268596,12
39.14285714285714,156.99650275518948,29.93833509204676,82.10621589028352,23.604956167322374,12
39.21428571428572,140.8857955181591,29.078338669823196,77.65896714221823,24.37348742893855,12
39.285714285714285,134.8220332031622,41.8854991783758,71.31905367554525,22.724764793479537,12
39.35714285714285,195.9308624365966,49.671613920288856,99.66224881709675,22.391547825313587,12
39.42857142857142,195.80407044968825,40.899925435880554,99.2966592729405,19.96155984789923,12
39.5,141.40237415863575,33.858228796187184,98.01616604458621,28.97552370938009,12
39.57142857142857,177.90375626560976,36.79132893102659,118.02330247931502,25.204495441307923,12
39.64285714285714,199.529897405035,37.26571605903946,128.4838251330707,20.966355440727295,12
39.71428571428572,216.03560545232685,44.75459419156406,132.63156545882757,18.778641793681334,12
39.785714285714285,148.74750517811626,33.61399522941917,94.11077351804619,27.177772431805348,12
39.85714285714285,158.82774750266935,34.58227263354113,91.39229653085532,24.74520432773941,12
39.92857142857142,165.75196114043703,31.270698089642504,87.16120496334547,18.666812491526226,12
40.0,172.57677298921274,32.775524794055976,83.83260428396403,18.050034647894595,12
40.07142857142857,182.0474035448163,33.696909830780854,82.3134640600005,16.88795952610507,12
40.14285714285714,182.07075453694728,30.269270728409474,79.61107999652141,14.451627192377634,12
40.21428571428572,189.29446519052357,31.855972307384654,82.98084246620968,16.294545551108836,12
40.285714285714285,197.65832769944768,25.798542554124282,96.67838251109228,23.81627561544211,12
40.35714285714285,194.11275440445232,29.031824291136612,100.56878715895543,28.812721386428894,12
40.42857142857142,176.83576942636725,36.00288922387616,75.62043369509183,26.54549542539606,12
40.5,185.0217621832709,28.762380612125035,94.82252047190121,24.55135224436933,12
40.57142857142857,195.88189719192638,24.41700104151842,84.13993745052178,20.679895019554273,12
40.64285714285714,175.06469362954644,30.301012023816455,95.65683176787418,19.29781402195298,12
40.71428571428572,139.25955058715837,25.19745344484269,79.44454113059754,17.578655537123907,12
40.785714285714285,116.72171566020646,14.741843469764769,56.58559579022623,12.807774776845934,12
40.85714285714285,96.3502425683561,18.60744715166094,45.25463991169116,11.47865624809046,12
40.92857142857142,109.9056994984558,42.739740263469066,56.119153718026816,22.584834381139714,12
41.0,96.95677805934857,39.76106526533511,57.154223736237384,21.512462281714487,12
41.07142857142857,106.14452655361778,36.40096455081044,59.34128614235765,21.706568908306114,12
41.14285714285714,114.49325036263481,32.10174319216119,55.83380717033768,17.13053039195145,12
41.21428571428572,141.27610130033906,34.11384968406735,64.3058369720458,15.40812429735393,12
41.285714285714285,152.1189246013137,37.8688353980138,65.05832517495844,11.683434672526982,12
41.35714285714285,172.86311779746984,49.33679873704869,70.61087060982015,16.803479761508008,12
41.42857142857142,179.82293825923313,59.769008853580615,65.63202040821588,24.64968222956,12
41.5,205.51431165539285,66.06689695421308,74.01153972040709,25.947859465440036,12
41.57142857142857,198.12407243799245,63.487495213355295,71.12028302315723,21.7292978839681,12
41.64285714285714,190.5171588438606,50.14660792962547,73.19201874018479,17.39032797107358,12
41.71428571428572,179.38856590840348,48.616003161822775,85.48900186120984,18.88334490215124,12
41.785714285714285,169.76507735387253,37.79801676438255,81.98116353401221,14.235835432889093,12
41.85714285714285,134.88755806222767,23.663850187456266,60.69577643206987,11.496805753375783,12
41.92857142857142,137.15450004040238,20.43079157972333,71.25972958688905,9.700915803905584,12
42.0,168.75750465691758,31.127682753218586,91.66496842705631,21.919377577862008,12
42.07142857142857,225.38814922391452,60.76281908604186,124.6456960855619,37.113023074893064,12
42.14285714285714,190.00969689455994,47.279731555124485,115.86399261140869,44.768067981546174,12
42.21428571428572,164.24770760850546,48.542256098559314,114.94991497765419,57.689105611945166,12
42.285714285714285,145.47793398477847,39.517185191525506,100.64207767448352,51.210015928457175,12
42.35714285714285,170.94497803520196,38.788056698156936,117.8160632485576,51.869013132374285,12
42.42857142857142,189.00970049196025,39.61885996148756,111.73238158313247,42.2259308408298,12
42.5,189.96651423230182,51.140003902681116,115.42904895898872,50.25851533621895,12
42.57142857142857,150.44759197273024,41.830866559993,106.24391321162804,52.732453604466265,12
42.64285714285714,135.11708703724727,36.68751354630551,89.23955791649539,47.24287921488143,12
42.71428571428572,136.98813930934142,34.89338386245202,87.81438854560446,43.30538228400423,12
42.785714285714285,146.2605116532423,37.63999220820574,100.24225782436494,48.64596986698781,12
42.85714285714285,142.40596383279106,41.83437682555448,104.44154632210093,53.864541469623376,12
42.92857142857142,160.81050500819617,32.89618094400102,102.82021657695279,38.085466215173106,12
43.0,167.09362923243424,37.81645527915824,92.77744513680317,29.078466444926008,12
43.07142857142857,167.93654348043205,36.4564845270151,85.66783437824466,23.787716316816702,12
43.14285714285714,163.54023186440287,38.04586633313563,89.66480840818232,27.97660939877876,12
43.21428571428572,159.6984668654562,47.889793625754685,89.10264721362364,36.045478327364144,12
43.285714285714285,176.0550939492146,36.03083449074682,99.5278595946378,33.36152371796594,12
43.35714285714285,168.88069696013287,51.019537700667684,73.34992338759942,25.867497966901013,12
43.42857142857142,229.99333557871364,58.180005820119405,84.7782756622821,26.242966224335454,12
43.5,219.3119276708644,45.074784535234016,79.4098850829633,23.12449602287511,12
43.57142857142857,167.7974929869356,29.64900687343085,63.71139706821388,12.653754097828621,12
43.64285714285714,206.53126773365977,31.8636180022847,80.9419163993743,13.401191431585488,12
43.71428571428572,202.42017323580936,35.04704357127808,80.78113531439546,14.741096713545682,12
43.785714285714285,213.92986814003066,46.2339959970083,95.86841714006866,32.525318722098476,12
43.85714285714285,165.40198457773437,36.48450980417536,70.06942870612968,19.77141193930916,12
43.92857142857142,100.30693582069891,25.823478330204445,46.543682826230025,11.190475197265794,12
44.0,98.79162577120566,24.421185880360746,39.79582149884607,10.156439212156378,12
44.07142857142857,109.47671568734044,24.924595802117437,50.88471671251024,17.556711355364495,12
44.14285714285714,136.57226311516942,28.574658349159286,60.59468904503408,23.206722646227675,12
44.21428571428572,137.0551755670599,35.82048515150801,63.19128627015049,18.842539458154132,12
44.285714285714285,120.88837904021338,32.855714951951875,72.45804524350424,24.999091204164127,12
44.35714285714285,137.8450957228588,26.571984254020393,62.094643726858145,12.1342090495507,12
44.42857142857142,148.57979338135956,39.05352510478137,63.838208514777875,11.1054366449502,12
44.5,150.75614534541563,40.0478242508585,57.119111349223076,10.261234713479544,12
44.57142857142857,146.91514831031157,34.9767837520113,72.32978776994625,12.082458051661177,12
44.64285714285714,204.90717775090656,39.3535276868271,85.28294540144618,9.170141221457577,12
44.71428571428572,166.6059203023525,52.73944691134473,83.09797292419051,21.936123947912876,12
44.785714285714285,221.49714620112752,46.32791212208237,105.02294095097939,22.234333839503712,12
44.85714285714285,197.90459979355285,29.783818515201457,93.42387640916891,16.333010031497878,12
44.92857142857142,147.84896101928527,27.333974892497015,65.16276949147081,15.12715804397757,12
45.0,160.97281483365504,21.940929230861094,68.68894382285568,10.606136985418813,12
45.07142857142857,214.55017196080408,32.7247281535446,91.49228985683902,13.888623145240732,12
45.14285714285714,200.79817955754532,34.99941952833431,93.15258608410467,20.945684445980355,12
45.21428571428572,161.4667756626436,22.78805691946446,70.91803056980395,18.9157321145068,12
45.285714285714285,160.9327284808096,30.514563251754307,77.96561059173719,23.90102391934351,12
45.35714285714285,181.68665675254653,38.15555634591376,84.8912849824304,23.43827804267347,12
45.42857142857142,189.64291966411383,42.43058476635702,87.80367237686622,24.102730476636186,12
45.5,169.98960943158113,53.80407956943618,76.14743528043336,26.21028218334364,12
45.57142857142857,193.47670102222804,48.381728400452815,83.40757581845489,23.480606145010544,12
45.64285714285714,191.8293633129338,56.74494377643889,82.15213195226342,28.95296334588195,12
45.71428571428571,175.52238409733283,47.82529663872819,81.00717836347214,24.93143656424715,12
45.785714285714285,164.9883760017999,26.662021802592577,77.0357224653316,12.907834147842236,12
45.85714285714285,167.02430636293644,31.989827130930433,73.74928659442078,14.22465957064686,12
45.92857142857142,182.92932500901316,35.906670137964156,79.5695304216182,13.717416820662867,12
46.0,166.78899057098016,32.05273394198058,72.73664556552514,11.617468355364934,12
46.07142857142857,110.31462008925475,27.00739594238008,50.2065615307028,12.262966412068582,12
46.14285714285714,142.95434521278827,42.840867851302015,65.74397456181985,21.362812766702675,12
46.21428571428571,151.90137060543248,39.01879876069756,68.06251659940875,19.672793422149343,12
46.285714285714285,133.0933911450043,33.20219646776946,59.41394812376273,15.893990426966836,12
46.35714285714285,111.20504138347599,29.683524145069857,50.37499562369845,13.900515894187187,12
46.42857142857142,111.76482934858784,30.570359381457298,51.38281108967506,14.607232518405418,12
46.5,170.4244790282843,43.65598995855247,85.89573288111565,21.025563731403043,12
46.57142857142857,158.9890847524876,45.921319852353164,83.52842008579603,25.977478329177597,12
46.64285714285714,147.1120442743639,41.8494782253602,66.53361874647868,19.60469952212548,12
46.71428571428571,195.32326946331023,52.0382741976356,98.4616886733926,31.50764850400372,12
46.785714285714285,241.72681310553676,68.10524895538703,121.22070760043967,39.019048631568495,12
46.85714285714285,227.2602467991972,66.11884676340851,109.52749450402261,34.13312070169546,12
46.92857142857142,191.04068055758106,42.70292583732258,80.08864047450685,22.784315874926474,12
47.0,138.73851084118144,34.628517156807035,61.032792246024805,25.146963684418573,12
47.07142857142857,165.02852025566438,35.11374415897925,66.58508526445941,18.848155448038586,12
47.14285714285714,175.56766887890367,41.36647774873268,60.89114558418746,16.278060675551494,12
47.21428571428571,150.28641185192984,32.72757534771469,68.71346823031006,22.121762365431735,12
47.285714285714285,134.95470254332375,24.832705248242497,55.45234680529245,12.75499551431505,12
47.35714285714285,165.85742418260338,30.93435089197411,78.83144264113562,25.599930846983966,12
47.42857142857142,236.05839091854781,47.40047016239272,118.03078631385405,34.13194607823248,12
47.5,248.32479981242182,54.21337440463394,125.85715242380783,38.089414725518715,12
47.57142857142857,245.53839150953655,54.33182962675124,121.27256886250511,35.76543773511929,12
47.64285714285714,169.90144790945456,35.463412232901206,79.06639506874957,28.19529750615466,12
47.71428571428571,147.09639265104457,35.680401189341985,65.82529562823943,21.734092992164253,12
47.785714285714285,155.6623498446071,41.34248333599238,71.53618665245428,25.752499704533367,12
47.85714285714285,167.54322119901826,45.72220107395288,81.63164497951584,28.876972093730732,12
47.92857142857142,167.53236892023563,37.91113529885926,83.45617112944772,25.049238364438228,12
48.0,176.22043373513682,45.30771675583623,90.03091412782742,31.2512454850755,12
48.07142857142857,248.08942420333187,53.90649192848799,128.60357973996324,38.88546590458567,12
48.14285714285714,274.2787101399123,61.66345960422495,144.01421209813302,43.465344414743434,12
48.21428571428571,252.0545008333241,69.81885020530768,137.36411125425312,55.02683153902437,12
48.285714285714285,204.03644055995392,62.308477898369695,120.30819854467184,36.60416457058272,12
48.35714285714285,119.06836241366602,33.166362468766984,70.32161022659322,22.35313039514507,12
48.42857142857142,99.33938840946105,29.373384664704318,56.49819685557598,15.699858512870707,12
48.5,156.40079981003618,68.08130651573818,80.02370874164451,30.287064625804433,12
48.57142857142857,200.66590738782733,94.86315434845353,104.20282180623511,41.99984600559096,12
48.64285714285714,172.56303081649298,82.3766157806539,85.89476487093938,37.12511166513362,12
48.71428571428571,173.25671915854593,58.1599627549793,81.10244964472189,25.0457220789198,12
48.785714285714285,142.2212015894268,84.65970778994472,67.93859780466917,47.44083433805035,12
48.85714285714285,149.0110551135579,56.66251856922661,69.34543538620599,27.091150418879693,12
48.92857142857142,173.48254046603802,61.500572538283734,81.63760752202406,28.714634889047797,12
49.0,202.1284656252317,59.90617315374403,81.92382472581076,20.407248645147053,12
49.07142857142857,195.04332560781256,48.84541835331392,80.57386774783042,10.98801150409783,12
49.14285714285714,205.08488104500788,64.52943899033865,82.18608371890377,14.0219621471846,12
49.21428571428571,217.50839873502557,63.47094145755686,91.9929612486179,13.333084259167142,12
49.285714285714285,205.6020744463365,63.22469210135907,88.25675011228604,17.151091011806663,12
49.35714285714285,195.82866463477558,54.90363258870894,83.42895334141313,17.688711324612537,12
49.42857142857142,173.57979631172552,30.276036300838676,73.14474919217838,10.270054797263706,12
49.5,190.13272930119925,20.934360195664453,87.56232594897521,14.8533335659112,12
49.57142857142857,213.231922441796,30.499551377309302,101.25160685471403,20.932228750862333,12
49.64285714285714,208.86942243276178,38.254160342697546,100.10108860282237,24.262505831653748,12
49.71428571428571,191.32220236472403,40.27039422589065,85.33737708437653,23.02478344150072,12
49.785714285714285,185.20745400571826,31.132520968919252,76.31883219930836,12.947273504367496,12
49.85714285714285,223.54573378717748,39.26925815246739,90.37492468917496,13.610388785751384,12
49.92857142857142,261.73406527519137,39.917304881712795,109.52227110315509,15.896485132334615,12
50.0,264.0188389926874,44.191681713618976,111.68648527625189,19.918065396780314,12
50.07142857142857,242.8790849268807,41.70765431022793,101.18763764346846,17.829226617366807,12
50.14285714285714,219.89372877327173,46.7430868200995,87.32993597002755,17.09698602178534,12
50.21428571428571,222.29978237812168,52.64578551620885,91.98851748840367,21.681520059289724,12
50.285714285714285,219.3457614816242,47.69630137158278,90.65202463614835,18.85396120112031,12
50.35714285714285,190.29067151129007,42.84196775432061,96.57323582654745,24.85760901652406,12
50.42857142857142,173.0716929439605,50.336961641443935,87.55078879347612,26.54918710209975,12
50.5,153.36418639398207,52.867295567811034,75.9617747289202,26.680817441515384,12
50.57142857142857,142.72500536312083,46.692902045434224,59.185844057799336,22.21478319027698,12
50.64285714285714,147.00248534440342,48.27246045282829,62.807857112244726,23.75809276994091,12
50.71428571428571,115.22145766010195,35.298541092417594,51.83898947198745,18.406207913583447,12
50.785714285714285,102.62505040840038,29.208184520864304,49.350237821318856,17.863114382587195,12
50.85714285714285,132.86692293682654,37.74558242167991,68.60932046235517,25.370148111020722,12
50.92857142857142,99.29526646906119,47.26179045960917,45.61737824601316,22.041188590780752,12
51.0,140.50774140644867,42.271517864747636,78.53250072397621,30.211804775803028,12
51.07142857142857,150.20082177530438,30.420707383704947,68.84457975049882,12.975900473471683,12
51.14285714285714,164.91529053353992,33.70541388888021,88.44755933434324,19.152340768310378,12
51.21428571428571,161.27514262909978,34.84366117483651,81.39833113938377,15.559944973759961,12
51.285714285714285,151.42850422525362,40.56795975892463,79.11053271273387,20.35478940209501,12
51.35714285714285,173.41289055854656,45.77473281497605,85.09412303423049,18.11800270035067,12
51.42857142857142,132.32560825578602,35.35221389790983,68.30853495970338,16.93520030873044,12
51.5,108.09291502259731,31.77835253837006,50.101413067854374,12.790117162088304,12
51.57142857142857,152.2362392589523,49.19893719839309,72.70778693792198,23.052383247472456,12
51.64285714285714,102.19216279967522,29.277733368602572,47.62662535835868,12.841288374084865,12
51.71428571428571,99.35381052281471,26.014787368124793,52.937561153490016,11.87235644581052,12
51.785714285714285,157.9207528095048,37.10648080469863,75.75104170954494,15.38326943442674,12
51.85714285714285,173.27687799832916,36.21576767418501,72.74156352612437,14.166970998312676,12
51.92857142857142,172.8041768364386,40.7350602536954,72.47074614516322,17.20213107871268,12
52.0,168.10402333139925,38.52274307447106,71.76293972655468,16.62194399544003,12
52.07142857142857,157.5916467760872,40.85639894948981,71.38711247925181,17.320602312252092,12
52.14285714285714,171.86619898170503,43.093092143223764,81.52747589300014,15.729003220259933,12
52.21428571428571,166.9571133826504,32.88056738907716,71.70775399722163,13.7088319949496,12
52.285714285714285,201.28633696309348,35.451192853789046,88.0525884967475,15.764492642502494,12
52.35714285714285,167.04803495380133,25.911575669253974,68.95187641016601,12.259099669166467,12
52.42857142857142,183.32367119752993,55.59337314372256,88.90352347528707,28.168747134966125,12
52.5,151.37944102840274,36.878608861481595,72.96473412780479,18.12106819997621,12
52.57142857142857,162.45988751724676,41.43505140367219,76.8914623097933,19.38884170764286,12
52.64285714285714,170.65541072433746,39.249105550789885,82.04265264945309,18.70932508608687,12
52.71428571428571,242.55921423814283,70.47196445074513,104.40786330029195,25.51710061339685,12
52.785714285714285,259.6287437681481,78.27935037284409,114.81075026254541,29.88584079251982,12
52.85714285714285,285.54491984268634,108.92867792867393,138.27107800399614,40.03029607505689,12
52.92857142857142,281.2965549978131,106.6773052576529,133.85015281911373,39.314524992139745,12
53.0,286.8103660442491,95.68915087150889,117.88118284351016,39.64565544693923,12
53.07142857142857,184.9794763134888,61.994209131703656,80.33490717153822,30.652453979297462,12
53.14285714285714,201.07534089864689,70.58914463658485,82.66224887728247,29.510290056627557,12
53.21428571428571,210.97274099937343,72.98916145490959,88.1440308575556,30.15552526939128,12
53.285714285714285,189.8210746305578,50.244814072555705,87.2430036182848,19.301002404135314,12
53.35714285714285,142.00563810282472,37.082447055749725,68.62973173498713,14.669948802382216,12
53.42857142857142,123.13477639801263,19.32540616428374,67.2434729877391,11.743094584832305,12
53.5,136.10413287313307,25.696875043176476,67.8614227013541,10.97210533751131,12
53.57142857142857,152.75074934283666,32.55148847211597,77.42231406857164,15.18441957029009,12
53.64285714285714,185.61336307027338,35.67375447728815,89.76501704339714,16.8982778212416,12
53.71428571428571,178.46416988176574,33.02877357811802,86.54551902280386,17.437621198323885,12
53.785714285714285,168.41725395665094,32.059972022582706,83.4995553930155,19.503907827136878,12
53.85714285714285,174.61653301497077,36.34391795410353,70.33435801516883,9.681422870094844,12
53.92857142857142,186.9186025929468,32.52631810740263,80.43729522638156,11.74965455082231,12
54.0,199.8033121499895,36.009562902060395,95.59535989261423,13.973320058179139,12
54.07142857142857,185.97032848555872,36.47766037899154,87.87429531020626,14.518480674705998,12
54.14285714285714,159.7555005592072,39.110329834062725,82.586917778477,20.48838407388975,12
54.21428571428571,214.5817097473584,45.52665736597964,118.92545222363269,25.461699968353845,12
54.285714285714285,224.24141624073144,52.63906723690108,123.86117329193807,26.57463746293125,12
54.35714285714285,176.9894833956011,42.17600321281672,93.30698405006501,20.34340150386129,12
54.42857142857142,154.8653075672374,44.17567766272351,83.99118881365743,23.83866362565442,12
54.5,177.21343983475495,43.106800119748065,90.7152772460516,21.261325998554163,12
54.57142857142857,169.4314595548339,35.61657841639512,90.52941340100242,22.436446293719875,12
54.64285714285714,176.89697482722843,44.01305498883114,105.37150458456065,35.157624692632346,12
54.71428571428571,211.6567550830376,44.19818650469191,121.71318661983425,37.48187066433134,12
54.785714285714285,233.70779473587496,43.819016978537945,128.38795775298425,36.26674946546402,12
54.85714285714285,241.31553145747765,66.04562335009821,144.85740453286067,54.99469905350843,12
54.92857142857142,192.74799490321251,49.06284988603033,103.26505162654638,36.04725318544553,12
55.0,175.68580246869143,43.8389625014599,97.01671636705694,36.53104698410327,12
55.07142857142857,144.84277763266283,30.45601869819139,80.42902219339216,26.942444549650176,12
55.14285714285714,112.49871484087298,31.805436751624462,66.54986504829122,24.163232699804464,12
55.21428571428571,139.4395412235816,32.39213591336063,73.35315927333176,19.1201833774813,12
55.285714285714285,145.91059467980173,29.65597972377477,70.2513660142075,15.33956155431218,12
55.35714285714285,172.3710362271684,31.794717750362302,82.00647970781499,16.725384801480555,12
55.42857142857142,208.37648610215786,45.16034489067446,100.79376708862172,20.61748420596749,12
55.5,213.79026789288255,47.518594474823686,98.07851009713846,19.838535967408646,12
55.57142857142857,156.06540301976358,54.13003519745232,85.5864467660319,25.146780819725834,12
55.64285714285714,159.02281637301374,59.246714443115685,74.58176693502666,25.894202531240268,12
55.71428571428571,103.11929353810986,44.93281289690861,45.16505321896864,11.736466498364013,12
55.785714285714285,143.5030211601889,46.619992030491694,63.227844133784465,18.27787148224198,12
55.85714285714285,106.6713913426916,34.69911663853741,66.58732061276694,15.165505896878924,12
55.92857142857142,104.7770055081972,27.41580796223438,62.74840254805342,8.934506521983522,12
56.0,107.5304279998159,33.9926678017227,64.25610132589786,13.09994847756335,12
56.07142857142857,130.9596414101346,38.95252098530708,61.64907518828475,13.917992401989023,12
56.14285714285714,122.03046066492539,40.85914271849811,61.03814055352123,17.600144021232573,12
56.21428571428571,147.0444386890684,43.3484119280325,68.56306690825772,17.899111769961507,12
56.285714285714285,129.68117050319114,36.84577693147497,64.85791795739956,15.992077538296513,12
56.35714285714285,126.54303912416553,26.58315785120228,65.23312200114225,16.56292950888644,12
56.42857142857142,136.58263936386652,27.268935060689966,81.78077367530537,23.484700674497397,12
56.5,121.8500656935086,29.258748571139588,78.78423803106561,30.778004929990065,12
56.57142857142857,157.04402335357133,35.75540425067129,102.74234888362874,36.38219277360985,12
56.64285714285714,162.21270369493888,50.693541557236635,109.72066154260654,50.48440327446749,12
56.71428571428571,161.88961170377135,46.03715582953861,98.33479385967847,39.59367699721654,12
56.785714285714285,139.67168288224076,41.337157559264284,89.35680821963057,40.58447105642717,12
56.85714285714285,138.85486934872168,34.53807036645529,81.93542236752215,34.138681675918,12
56.92857142857142,149.6853271422084,36.366996973652846,84.49591251744312,33.37725879327717,12
57.0,160.81109888348269,31.73939469066842,88.73661576435276,29.507989534797023,12
57.07142857142857,155.93803876306754,31.070082555566596,83.27467512593458,23.89029505962834,12
57.14285714285714,131.0965340459604,28.01439052143487,73.319523696811,20.145539466605324,12
57.21428571428571,140.7845227079408,27.628082072395298,72.717023341322,15.16947694172449,12
57.285714285714285,130.67148423830508,26.693255139059133,63.032990378630224,12.152648392016484,12
57.35714285714285,120.28561308368396,30.780163358147863,62.59201100607932,15.482760664995306,12
57.42857142857142,130.12632048198512,25.83405111908438,72.45605241616096,18.72545516278079,12
57.5,164.5140934809843,30.58361347602778,92.0814210567247,24.61848507785911,12
57.57142857142857,196.7246641807309,41.34360378981879,85.20833773931949,16.3428547879071,12
57.64285714285714,214.51356721285455,43.3979425975114,114.14357150526504,32.48106171851204,12
57.71428571428571,177.25880628629358,41.27695277993733,99.64831401220383,35.46755081165485,12
57.785714285714285,152.3031791801372,37.2406650798168,87.32721085479376,33.67219346469667,12
57.85714285714285,156.48293429309237,32.626403655609934,89.94332011509903,30.81389912772135,12
57.92857142857142,154.21327026088818,33.33942190718032,87.96615865659051,28.62713620701762,12
58.0,152.66061677754567,33.18222786562009,84.61179341039725,27.13560232613345,12
58.07142857142857,143.3401016932477,25.039456411273967,75.41717527183378,18.831885884183762,12
58.14285714285714,133.51392657071088,31.480130149375945,58.79742650839412,11.906398407131142,12
58.21428571428571,156.75315079373726,32.32136829006605,80.93076985692434,14.720695060923568,12
58.285714285714285,191.3613676699682,39.83002814468604,92.7090346717567,13.459850744962072,12
58.35714285714285,151.70499154009792,38.3217033864115,70.11289677184453,12.154807892692602,12
58.42857142857142,172.4252131605693,35.392281674586116,85.72926389783169,13.866403813214667,12
58.5,137.61082609646928,25.898792904946053,74.4671222850775,12.139717894273405,12
58.57142857142857,139.45991767497188,28.315321282793064,63.109711788872936,10.820910269251602,12
58.64285714285714,126.65631403912676,25.409442101513807,60.66565891129558,11.810373408585843,12
58.71428571428571,150.19855423098903,29.118179887785672,74.6460971044413,12.22851345624053,12
58.785714285714285,193.04780279718636,39.5333793749522,92.16957612347949,14.636455093963423,12
58.85714285714285,192.96280735633482,43.32633962838408,91.21255779720484,16.751731905584087,12
58.92857142857142,180.77597361318885,43.6512507717431,85.92215813579367,18.20951816308776,12
59.0,134.41778239510793,37.4274014828794,66.57912402994637,18.075704034787524,12
59.07142857142857,150.6525358201793,42.73872689678279,78.7830968224773,22.36214412883165,12
59.14285714285714,130.47832663601451,39.896685209040854,68.77668279449466,22.41034789512871,12
59.21428571428571,151.5897294808348,44.4605854879827,76.59514141184813,22.306608404942853,12
59.285714285714285,148.3549765595871,43.80319995954743,74.52762370382605,21.24037712039792,12
59.35714285714285,148.50768862527474,29.129272203243975,74.90300241703156,14.432717779783157,12
59.42857142857142,164.77592084039424,34.126018516769044,105.46421494920256,31.513819214245398,12
59.5,184.98590433938887,35.031307988846685,106.51658013422087,31.49236034541734,12
59.57142857142857,162.9027337283743,33.20945539623887,89.66259381110142,23.595125021772045,12
59.64285714285714,153.64561375655742,39.206604719771704,70.55774669179705,18.60679528007068,12
59.71428571428571,146.81426766618458,40.10796217733096,68.8299443303815,18.510895109595054,12
59.785714285714285,141.88123986716786,48.39030960973236,66.51102603385773,22.927896022171264,12
59.85714285714285,152.71442309988146,44.370624916112526,71.46225677601237,20.425589921357485,12
59.92857142857142,163.91746257286394,37.80145008817907,72.8255157721743,15.7264957856731,12
60.0,167.803831773567,49.522338692502075,74.42877339542478,20.68357154833937,12
60.07142857142857,182.56153022050606,54.18857280500228,77.97871920170519,21.739363872068488,12
60.14285714285714,179.18986928180888,41.0445155220907,100.95087523820172,34.6867239747384,12
60.21428571428571,157.5981616679709,42.87918473190451,69.63269136927059,18.557708924619416,12
60.285714285714285,161.01930803290432,37.59824041560667,93.33134248046284,32.99416306049051,12
60.35714285714285,175.01788753417242,41.51587874902294,97.95475995280489,32.53583790825891,12
60.42857142857142,176.48030107550326,48.77163841674444,103.59570910148845,38.55268617807225,12
60.5,196.15422841472918,41.50956552107186,108.90209470969029,32.7615543092471,12
60.57142857142857,212.44231461662184,44.48626058402121,106.05225534728409,22.503198976121944,12
60.64285714285714,212.26565022703272,43.672213446466394,102.04134158133485,19.680082152052623,12
60.71428571428571,199.36008935693943,43.40375911765974,83.32039432814696,15.364926874089107,12
60.785714285714285,202.41633622159216,50.25420147045718,83.62823491744012,18.61131852875247,12
60.85714285714285,190.60298171422878,49.88374652982507,76.69971252395084,19.375996038125443,12
60.92857142857142,183.11264515853227,49.400786627952925,72.52996446507336,18.47576508032043,12
61.0,157.7595293976599,44.36219420460414,61.130421790491596,11.918786732778301,12
61.07142857142857,153.08352658220258,43.40814364252913,56.77118611521255,12.130327443939008,12
61.14285714285714,193.4870618709284,41.3034988301279,78.71784798137222,16.30110519889797,12
61.21428571428571,189.26879851591536,47.9011335673752,80.6142689864947,21.57042146381998,12
61.285714285714285,225.05349806856628,61.71306157434733,104.4112261342811,27.325633308717666,12
61.35714285714285,175.28515214250672,53.69437450307692,80.7855089790447,22.979172331639198,12
61.42857142857142,152.7920718004943,49.02866420218598,71.43371049126408,21.95011342817189,12
61.5,179.4882344245746,49.313327901664586,81.98817525752455,20.323191312723196,12
61.57142857142857,151.57693122654126,37.96478262381593,70.07556912564151,15.461764831758703,12
61.64285714285714,109.3722411867344,37.15339861844497,54.774253107623665,16.050260995066644,12
61.71428571428571,136.53495296731847,30.003329278958027,56.79185426441955,11.969505526676587,12
61.785714285714285,127.9666839136652,32.32025237182172,53.09028514348723,13.842296819668755,12
61.85714285714285,163.8129038197041,49.54453240689579,70.91087675357761,21.88140113245488,12
61.92857142857142,200.2735737592393,60.83278103950405,86.42421722966616,25.988110603933464,12
62.0,226.36531121506383,68.31197956912361,97.73931647309762,29.195354741694203,12
62.07142857142857,203.86274186743165,62.28122819725769,89.10392560855425,26.406184716356147,12
62.14285714285714,190.71946808870612,51.419881315835504,83.18012169666237,22.0837059621119,12
62.21428571428571,154.40333668486224,36.933621770833355,68.2302894152928,15.488705970799993,12
62.285714285714285,147.44760357472754,33.58727564610948,64.89655866961014,14.142754283249895,12
62.35714285714285,153.80864949002628,36.00868625607633,70.42844681042185,16.86407560938667,12
62.42857142857142,136.63350020596945,36.58285685507182,60.52447870423307,15.557916115684527,12
62.5,187.02625951426685,45.57218975108473,85.85015300954501,20.201815999167337,12
62.57142857142857,177.61469451517289,43.8393790570593,89.63892535839481,17.255332036884333,12
62.64285714285714,140.98820030126544,28.61430600365546,71.45513098639123,8.299960118393283,12
62.71428571428571,119.12471729089296,31.428963884695488,50.20528808265951,8.460480588134677,12
62.785714285714285,157.42924629587486,38.419870612190635,87.92717199101953,26.499711610421457,12
62.85714285714285,121.41224191747779,29.614654062287794,59.57166769696477,12.005770501841896,12
62.92857142857142,168.10979367413537,35.73595251008572,85.1426931533679,17.80342587177332,12
63.0,159.26297263810872,35.13289109648187,77.54361089158728,12.985798666758763,12
63.07142857142857,149.840315562087,35.469676399339214,78.4073121159724,7.919015864915684,12
63.14285714285714,132.97435750620684,30.604688056214204,62.44878632202442,10.576647687409633,12
63.21428571428571,123.1023149302895,30.753969060833505,58.868003516959014,11.763043523896647,12
63.285714285714285,127.87103151266527,30.71862667875576,62.40218597893842,12.238865683645757,12
63.35714285714285,161.08194266336736,34.65249454662276,81.19727364644238,16.38505059831974,12
63.42857142857142,186.8151831949974,40.48614772532832,92.09040876243093,24.685662752029263,12
63.5,185.38110464762406,46.67948069253202,97.1265498029898,29.755613566815278,12
63.57142857142857,175.20604567051953,46.90354114513254,94.17897747816292,33.133392217580514,12
63.64285714285714,206.4315422122686,51.22483491958793,109.39718086223006,33.67857029377685,12
63.71428571428571,223.54374771108107,57.56596316274584,116.71289901792441,35.45547326466713,12
63.785714285714285,212.6696097171486,58.47881858721296,104.7113892210519,29.243816629275578,12
63.85714285714285,191.23509253028766,55.20357278183171,86.55126280558555,26.765490771122984,12
63.92857142857142,130.75775402524906,42.38421141914383,59.75726932787277,21.06955498865617,12
64.0,120.366494783003,35.84998300605076,54.3661186754473,17.336406818961095,12
64.07142857142857,136.15985223508102,32.19010961449558,59.5786801603661,14.700684072254266,12
64.14285714285714,178.03691129745388,44.31636393900303,72.0953227976232,16.233340017382766,12
64.21428571428571,161.28198093464184,50.784936679266686,62.059412071210495,16.38215420178003,12
64.28571428571428,156.33934451537604,40.66142136675875,82.78053273246425,19.19057217214945,12
64.35714285714285,166.24479315024536,43.76278406008071,85.36611488476089,18.29225878014396,12
64.42857142857143,153.31656744444902,39.09834132877017,73.20723235200307,18.898977061420265,12
64.5,173.72856646206398,44.92407062451528,73.09375265554374,18.166687886117526,12
64.57142857142857,122.43277389143476,38.73109796746066,55.845930512504275,14.73511360251118,12
64.64285714285714,140.98944701703365,28.83696455619526,57.75873255519509,12.116068828152999,12
64.71428571428571,145.7314882322783,44.7710256001969,61.1508377962848,19.657597518354034,12
64.78571428571428,133.73628395836352,43.16326747567782,54.61237981629779,19.199805025664702,12
64.85714285714285,137.41450655160062,32.78985108767062,54.7313447146127,12.55383793815481,12
64.92857142857143,83.8828495324178,36.924276214359814,38.868189620046905,15.67951138772335,12
65.0,124.9498333058062,32.769864347480016,65.64190926233671,25.50278824056239,12
65.07142857142857,108.14598525849857,29.09643481147988,57.15723509848919,21.190259725958,12
65.14285714285714,107.37175412250443,29.640144610399084,50.78653916416808,14.975352240101358,12
65.21428571428571,104.15162602192811,20.73614978657202,48.061550813833875,8.535876457106692,12
65.28571428571428,99.55179873288499,20.113135905967123,45.29876425392751,6.870704109564727,12
65.35714285714285,88.0891015188741,16.71835216806715,40.565017304082936,6.210538775710466,12
65.42857142857143,102.88942592848142,25.273958051640456,43.261936301135414,9.80560345252197,12
65.5,144.5647556218736,27.744115449408625,69.46564698447061,13.17120702514814,12
65.57142857142857,141.2118947626977,28.442146428143282,64.46899630961506,12.03332920130101,12
65.64285714285714,139.71721630254106,31.72246574550455,62.28341400337671,12.552295121647669,12
65.71428571428571,151.11511969100204,32.39648705000534,68.12149457203311,12.770096005441365,12
65.78571428571428,132.66576101297812,35.7196352117073,57.514575624617656,10.846395785598325,12
65.85714285714285,158.95944292699545,37.219246168624416,68.91642364653178,15.117865098100722,12
65.92857142857143,195.88863816378372,61.98125466341578,86.14989263390119,27.63282934879234,12
66.0,170.39211182981728,67.1877823774061,83.53454240406774,31.714808935659196,12
66.07142857142857,141.76358865926753,46.924570029725466,68.68179059625325,21.771749042708134,12
66.14285714285714,127.29412167280854,37.328298756637174,61.2371006296829,17.572744411428392,12
66.21428571428571,149.3335179498512,54.86742412026371,71.51713539165995,27.62337145146368,12
66.28571428571428,166.70234659523686,61.89190351124384,76.52988730163038,30.818099113592268,12
66.35714285714285,151.64925075677357,61.03085899957506,65.19891133054587,28.881302117061523,12
66.42857142857143,152.7671208765329,48.759440610562955,64.80229173947744,20.34674178420879,12
66.5,158.10709813941978,44.01326845197553,67.98034208573242,18.52488094573997,12
66.57142857142857,158.8065917712712,43.884277163837616,70.23011088155025,20.206506912216827,12
66.64285714285714,142.90608765764713,38.013525204079585,64.73755525470366,17.6290863501683,12
66.71428571428571,129.67163165134215,34.58412427057606,59.84475084619206,16.81464282998921,12
66.78571428571428,130.71693192956752,37.076249004157376,61.864994070346214,18.21813260311236,12
66.85714285714285,144.67090084238947,56.3165427579942,71.46457417341097,28.38992490048264,12
66.92857142857143,145.90234289917794,67.33258922368006,71.29268613692247,35.16173362776735,12
67.0,179.4415130194317,60.412404506471994,107.01784683398165,41.3831710819801,12
67.07142857142857,175.77924309284916,62.46585050970803,94.09696835530868,36.12757211835277,12
67.14285714285714,154.6945805103818,41.24663862164758,72.83866234532192,16.867777329067778,12
67.21428571428571,146.24738180359824,43.97449244367251,65.68152548937444,12.438197978687597,12
67.28571428571428,122.41860677017851,32.608177655849985,63.61565689821649,13.29344722543596,12
67.35714285714285,174.66484309319307,47.41412213947333,72.1737970831934,17.99619837540168,12
67.42857142857143,160.28299030616074,44.63910050257671,65.79169387032445,16.814854088090552,12
67.5,151.52132892176377,39.56026274922531,64.23047029468536,16.200133053451626,12
67.57142857142857,158.3166814557102,45.66355203197681,72.29070054504179,21.130425710891057,12
67.64285714285714,160.11396985353417,60.4226674778114,76.39414936747997,28.79375948717404,12
67.71428571428571,173.98205072301104,49.82947476631554,78.75283653311287,22.958980650157187,12
67.78571428571428,185.53685589816405,45.70938136794718,82.45482250049312,17.946666357532514,12
67.85714285714285,174.4269732133911,43.6270681015487,75.57826169118678,15.174134564439816,12
67.92857142857143,171.26926405544873,43.33579627422513,74.22121843813964,13.976273998647198,12
68.0,169.61506401363155,45.97477203340072,75.29537733411246,14.711682650000387,12
68.07142857142857,174.73991701667015,39.85703259511946,88.00467520395884,17.842016615872414,12
68.14285714285714,144.86545281521097,39.10127500181761,64.64513135365304,11.726950171814373,12
68.21428571428571,161.5052030733739,50.225704048383605,73.33139519538034,19.90472822936011,12
68.28571428571428,182.86336257181028,69.94161951512494,87.27066794639109,32.288019338678744,12
68.35714285714285,196.60158650711844,78.1292147655804,96.3526941063001,37.29658315462037,12
68.42857142857143,176.97932242029762,71.41256475734701,87.63459420828403,34.537381835245384,12
68.5,180.10262594522905,78.78407658431465,110.45174557618077,40.65275301467729,12
68.57142857142857,198.57964738849984,40.06505069830707,105.06555062648765,25.228882503032256,12
68.64285714285714,191.18536299542345,39.49257440858104,105.5519223400279,28.138734135235524,12
68.71428571428571,190.1921122747338,45.59695271692789,109.62755704521119,33.110055347765126,12
68.78571428571428,198.0564599702081,45.690224450579656,111.09693790040667,33.355277700436375,12
68.85714285714285,198.51721761866207,47.41307767114122,109.14665255451033,31.975765903246852,12
68.92857142857143,188.12269097614345,44.85611578862393,102.26885783431598,30.598407902207114,12
69.0,186.88010439935627,39.3139643041959,98.19484500081002,25.762392061071992,12
69.07142857142857,179.07189308353236,42.76847770377999,93.64407869634746,24.375419658185386,12
69.14285714285714,161.5913374231024,40.82173695350051,83.61834101739271,21.556755999616666,12
69.21428571428571,135.36930636650072,39.83564089488442,68.91017066135502,20.844215544881052,12
69.28571428571428,118.91058673227955,31.11545318595275,60.3638432908209,15.64053562433154,12
69.35714285714285,131.12450279967305,30.1832337273123,64.76486373584734,13.995412387564208,12
69.42857142857143,131.76183322276108,33.311214858084,64.22629127629399,15.663295419314938,12
69.5,146.35761511995887,41.37954945407709,66.68685913232864,18.617506690842966,12
69.57142857142857,168.74525634800773,44.06189488622736,81.18277298640685,19.984850817438055,12
69.64285714285714,190.35828246659528,43.78635621770119,93.36160650744085,20.098650966189254,12
69.71428571428571,183.01624371595398,38.63455844540808,89.47672517526368,18.505919303226612,12
69.78571428571428,169.60927453873978,36.06691455762088,81.88247717960382,17.09835189828884,12
69.85714285714285,148.9393072777232,31.79006517760172,73.09835831109447,16.816532742445123,12
69.92857142857143,152.64876209999417,25.735077212149157,76.32547754777104,15.512256448421512,12
70.0,158.46642035967304,26.303375906249187,80.85451539962534,17.61884145496224,12
70.07142857142857,146.96638750063914,27.522821358149628,75.12526281957697,17.46197052117678,12
70.14285714285714,147.8030277578724,39.67094826038731,72.53680134658512,20.45568171536683,12
70.21428571428571,154.67785691424612,38.373228446574345,71.96104910575154,18.480925646566362,12
70.28571428571428,137.9430189190827,33.35602383213265,64.88356926782527,17.141353336776373,12
70.35714285714285,160.91681377178298,37.212729147884204,81.0475133550603,21.232327142009574,12
70.42857142857143,101.7307932177437,23.197123707087286,53.16531219721179,17.56010686829326,12
70.5,78.17346741528719,24.099653393867747,42.93760342595201,17.968580819748045,12
70.57142857142857,87.44548452816605,21.911025149042633,44.48004739559358,14.94827913407003,12
70.64285714285714,100.00731514166098,18.794682335455178,47.06041256607222,11.560513477621916,12
70.71428571428571,108.04604458664926,24.82271647894348,47.50571941631497,10.636936773907642,12
70.78571428571428,127.08159528353639,31.76753854048854,53.56832530881337,10.598358644374443,12
70.85714285714285,143.02318110517956,47.08032163607637,58.01571150450708,15.761453450160339,12
70.92857142857143,171.11789126277694,48.8287898882864,71.10980298999581,15.641059302363715,12
71.0,176.34951553233716,53.085503189684694,75.3347594854974,18.647923175657127,12
71.07142857142857,116.44445450561636,47.78772780291288,53.84342035569483,21.34486514818974,12
71.14285714285714,79.04447485702795,25.068489098488936,39.43057124878088,12.525350537187142,12
71.21428571428571,74.56410635972676,23.43609252968344,36.834529626412184,10.795584497242219,12
71.28571428571428,107.85658682561521,34.403406908290314,50.29689551024546,16.469297548036742,12
71.35714285714285,130.83954506115035,47.92206724705782,60.09456320258687,23.344493818685073,12
71.42857142857143,133.79165608857443,43.44435784750565,58.53884949395341,19.133203438721935,12
71.5,141.35949067123647,48.50344224955731,57.520953011246945,19.75246746458988,12
71.57142857142857,147.21295728323176,52.48848435397509,57.250383566297046,16.220738801545195,12
71.64285714285714,122.69795184818327,56.28540245536924,64.10595271975781,22.762233742529,12
71.71428571428571,130.4789020387959,50.356555776800775,73.09498870489892,19.16892362386154,12
71.78571428571428,135.85928177887314,51.85470483241345,67.72133527555764,21.839729564379322,12
71.85714285714285,117.29211271204923,35.84962563409469,59.55466115244502,14.508246796903896,12
71.92857142857143,95.2422372902887,20.469122627194373,50.441584277326136,7.654883889052234,12
72.0,105.27723620528994,22.105723923395303,52.71262881563934,9.252782872482728,12
72.07142857142857,121.00641081121277,24.036572774588013,59.59134832525567,8.838629316455162,12
72.14285714285714,101.25985112302469,26.146067565077974,49.56260692421069,10.813062807096523,12
72.21428571428571,91.78089111677787,21.08571206998336,45.82190710458822,8.346903976690278,12
72.28571428571428,141.1924001604363,35.740887676898396,69.38393184568694,14.665939547969561,12
72.35714285714285,179.91365364321254,44.68375160454818,88.57441850700059,18.37946360851276,12
72.42857142857143,188.12618765460917,63.07689393669889,103.8708157886061,25.460650563117653,12
72.5,152.45221014929982,65.1882193739623,89.53460689469652,29.10372520701499,12
72.57142857142857,156.27548320177667,51.283872068618344,82.5784744843501,22.26473862231124,12
72.64285714285714,125.585461319512,47.32726451569058,64.50977995218143,22.316675720083374,12
72.71428571428571,174.96386519439142,50.91762024973113,86.93271743355498,22.092897460048786,12
72.78571428571428,153.17022302836273,54.882426295180245,80.24205732575544,24.320787883382142,12
72.85714285714285,145.78939135498374,54.87261721155475,76.70698157966844,25.087204661129025,12
72.92857142857143,148.233123808819,40.098957288871304,77.51170444929011,17.931102073449733,12
73.0,147.79519093136608,44.99854869492084,75.2369395910886,20.416791815048533,12
73.07142857142857,153.5747850752986,54.97310137914286,73.24311674547631,25.053397696962826,12
73.14285714285714,158.35810793172544,48.38303158158503,71.88859473852277,21.88100738888558,12
73.21428571428571,137.44788153774837,40.364772253879394,67.75792575262493,18.28404034147351,12
73.28571428571428,104.83213808758397,23.905187707390983,50.74171104501604,10.759291330768624,12
73.35714285714285,116.31647236116139,26.208088762974715,66.27366244095222,13.856038891791673,12
73.42857142857143,126.60942943973681,33.54065460100417,69.54228201085279,16.949736117431478,12
73.5,143.58930246407309,35.018338374997306,78.18179921164139,18.08380431803261,12
73.57142857142857,149.72479736843817,32.98194783012419,75.3970856867039,17.980097307607267,12
73.64285714285714,125.71806337772877,27.227004577237835,63.17194179919847,14.914419949097919,12
73.71428571428571,87.57173511623775,18.458739358042767,48.29697753102585,11.930587859477026,12
73.78571428571428,111.60116034157811,35.70620209310679,57.937854144304566,17.878336362501408,12
73.85714285714285,136.01235638612144,42.75217797731558,63.65999950218476,17.357034105534282,12
73.92857142857143,153.2818269782888,37.327442078129394,82.63269668855158,22.376801783092702,12
74.0,145.02009284158373,31.256069688138968,77.26886996019658,18.430375134897844,12
74.07142857142857,125.61301827255934,26.731820223351725,73.90702977578447,16.730062785689917,12
74.14285714285714,139.81886607801817,33.5880027849101,73.77139772534022,17.832924930341793,12
74.21428571428571,141.86646468256242,40.868574983011165,71.0215351814465,20.572564946213767,12
74.28571428571428,166.8225061704772,35.809415365566785,79.99367022519507,16.755854511486113,12
74.35714285714285,147.66445333244738,35.244455588218344,73.09457735361381,16.987876235113472,12
74.42857142857143,149.6938042379784,36.115278099848055,72.00360281184973,16.089983480929426,12
74.5,161.9009268479898,40.179763342549855,78.07516905905842,17.635262171052478,12
74.57142857142857,174.35644451956435,41.326593803948256,87.99765964298186,18.860678445034036,12
74.64285714285714,133.16133605527722,38.63817818527975,69.20153629396602,18.051246622931465,12
74.71428571428571,82.45647709746383,19.99643041447745,41.56830101552748,9.964346368225428,12
74.78571428571428,89.48010513561897,28.364416639314673,40.92907334057127,12.010961865114256,12
74.85714285714285,121.0666652263846,40.41083034305831,56.08936300191892,18.283138795125954,12
74.92857142857143,100.04616218929317,29.827261227960843,47.519813274125816,13.725343836663516,12
75.0,98.31443338233731,15.946138415500533,52.40694089136955,10.156694608347356,12
75.07142857142857,135.63513859045398,24.56109563016152,70.58196102529786,12.677414242352503,12
75.14285714285714,143.15863761692557,24.49026062844806,75.98060906259595,13.670219452198486,12
75.21428571428571,147.43937415300496,25.81131839649677,76.25145068668924,11.752966412444275,12
75.28571428571428,139.3422582867329,29.60870396636765,65.7220070190179,11.391437144553374,12
75.35714285714285,154.27918473493907,33.5614508785095,70.87978673904985,13.064376362815306,12
75.42857142857143,165.47649684249825,30.33732625340901,81.27748607303589,13.535276558672768,12
75.5,147.1945063195102,27.197312907455842,73.46271441614402,12.626365364014806,12
75.57142857142857,148.63843791877136,31.84991287448299,72.15075906449273,16.368613414704964,12
75.64285714285714,115.5500088823507,23.843092170248447,58.049730046890204,12.277991846649705,12
75.71428571428571,122.90218176939159,25.53482764298588,62.28263812610291,14.251797465862497,12
75.78571428571428,118.45364465638269,27.031517294555673,65.70249061309654,16.875550170699512,12
75.85714285714285,134.91883115206855,47.78483956925585,80.70760354919527,28.22875398166948,12
75.92857142857143,118.10486769731465,39.07258826962385,59.33138645482976,16.751891100291513,12
76.0,136.70097446238393,37.854895810675316,76.0490994312683,19.872147250364325,12
76.07142857142857,137.00759656883633,36.773478625442664,74.8086288002852,17.39151079950264,12
76.14285714285714,107.43053416031204,26.69036392766781,64.42131471613463,16.175729448891158,12
76.21428571428571,116.07347001913196,24.526166263920775,71.07034735489725,16.018832005888637,12
76.28571428571428,115.68633958350325,29.455395701215796,71.20586444928138,18.914923721175356,12
76.35714285714285,122.59094424762792,30.731183862253904,74.50325960363166,19.30823037334691,12
76.42857142857143,127.34365914453952,28.818463047386285,64.30854896939863,15.175894167592944,12
76.5,128.0318322018833,26.907293042126625,62.73472785597507,13.057508463410585,12
76.57142857142857,106.98127087075086,17.887005217593583,54.20915060535098,8.981335561494419,12
76.64285714285714,100.35574581971964,19.832308450028293,52.032230234541586,11.35090605267429,12
76.71428571428571,91.89786550901648,22.066842484762375,48.01982280981078,11.3748312812117,12
76.78571428571428,83.10896739438296,15.492429400115238,43.476870037959884,7.4696697638482235,12
76.85714285714285,115.99609744751075,28.044614369016852,55.71416868150351,12.268128535784124,12
76.92857142857143,158.60053730329014,47.607949265178945,75.22841848694607,20.1290324268516,12
77.0,174.52756907667248,53.54168626259369,86.75468990376947,23.231464694432955,12
77.07142857142857,175.43511914196435,47.593359234022316,90.75369131869017,21.78976015046503,12
77.14285714285714,134.30295977038944,33.138974094873944,69.58447217056914,17.07656952607003,12
77.21428571428571,120.11245357746404,33.54431171442296,67.76016771300367,20.33226971453105,12
77.28571428571428,120.86873305322221,27.875347094994567,65.73277393486154,17.73490813273095,12
77.35714285714285,129.97774788892184,22.911729984134812,71.11778336336552,17.21306641577637,12
77.42857142857143,132.02788278955398,32.066582684902045,68.6151234855724,16.74749093302749,12
77.5,133.27947481388603,37.65332547137643,68.98362687525002,18.77058669436629,12
77.57142857142857,157.3373433032636,68.38009070781104,77.91571267205843,32.19979641606091,12
77.64285714285714,84.43459435618585,33.12297902372127,53.56275967605555,26.234065611577673,12
77.71428571428571,117.88880582536854,39.69853169877357,53.76947247272473,18.677528176014206,12
77.78571428571428,130.78197098538237,33.03658044084452,58.35224644319323,13.694777902682898,12
77.85714285714285,105.9285697967415,22.88850542824722,48.286892620031985,8.50691202987906,12
77.92857142857143,70.88870303459258,17.00535487498413,36.47912730245324,10.308886642645076,12
78.0,96.85313866943966,28.773992184967025,39.3152565064074,10.082282172797258,12
78.07142857142857,116.83892990044576,39.305481025736874,49.69562953218373,17.369638761211842,12
78.14285714285714,127.63595461841572,37.97843695367938,66.42423496579498,19.41792457161485,12
78.21428571428571,113.45823757882371,36.342921657279845,59.849416502904184,19.443294591392238,12
78.28571428571428,107.31652366050562,33.331668881479686,50.82462135116645,16.50018964550859,12
78.35714285714285,123.78243155876665,33.046863088352175,61.48794987739415,18.441044451576285,12
78.42857142857143,103.87174059926102,22.108073057650774,45.24567002871176,6.731816858184352,12
78.5,106.789022393538,31.7154617038476,47.242296450505904,9.96868673674141,12
78.57142857142857,132.58600072188344,36.0958476398713,68.35772035341789,21.317675363869604,12
78.64285714285714,172.73237310651655,37.09653070286091,81.34480244577418,21.008079931437486,12
78.71428571428571,170.17822977301927,41.117604340087574,69.67917621180683,15.585821946149853,12
78.78571428571428,158.1611233321707,34.986971048646865,68.56346058838372,12.389498502054122,12
78.85714285714285,134.34183752578153,31.01421609590919,60.86732325607276,12.44757607187353,12
78.92857142857143,112.2054857353243,26.685328535928885,56.241154408976286,14.938342309837118,12
79.0,118.69911985392869,22.56918291570883,49.19961958554245,7.6944479424243,12
79.07142857142857,112.20464882430302,26.886321179818808,48.49734501620626,10.9778644102708,12
79.14285714285714,121.76031535069993,32.979238421770425,69.73894007028285,27.28230729662518,12
79.21428571428571,126.4238575046027,36.228781514004375,68.14291521606256,23.56544264914125,12
79.28571428571428,120.29863017794702,51.01974312026307,48.609090377343506,21.992057852686532,12
79.35714285714285,150.30204131946388,72.91312609231335,61.12483059949793,31.889115337574417,12
79.42857142857143,142.64633556286694,63.115590412495315,58.767381823171036,26.99512426414093,12
79.5,152.64115937929944,53.09354853110842,65.04757694213207,22.142673779211382,12
79.57142857142857,147.62605548482045,44.3432865850433,62.83528283537025,18.328862186246514,12
79.64285714285714,141.6833188963245,28.575548648881632,71.97765139951758,18.62841641912923,12
79.71428571428571,151.33887298987068,43.871616652048885,79.39281131257717,21.9508498213811,12
79.78571428571428,141.70206004993145,40.991047967424265,66.84453703659884,19.786979569101486,12
79.85714285714285,159.01456215280174,43.69511023304784,74.1924758004204,21.373007263327867,12
79.92857142857143,161.67913294382953,45.338839619295435,68.61071500309895,20.32468435297532,12
80.0,158.31282463927147,40.574233999551176,82.3921998403198,23.58179412895116,12
80.07142857142857,151.80303626184565,34.98884115376902,72.24438937827212,14.628652870067762,12
80.14285714285714,134.41009472489986,36.54839805639797,59.88280764159329,12.444952854536433,12
80.21428571428571,155.42076661718528,38.08038403405147,72.82747383759217,15.715819682071638,12
80.28571428571428,164.5668084264034,32.08326854318573,81.88467080270506,16.09419720767717,12
80.35714285714285,187.2476795295172,38.744199942004016,76.78932008198613,14.60153789209587,12
80.42857142857143,149.92797287905478,28.664899198704767,68.7322206069571,10.127865650549841,12
80.5,137.74148212357076,35.80511463851284,55.920451197167,12.773234783476736,12
80.57142857142857,146.03398660658343,32.52892143740023,63.249865332053346,13.166175380945967,12
80.64285714285714,132.16105504925855,33.758015135262944,67.28524635329573,17.07263268315858,12
80.71428571428571,116.87623698640091,31.400571221312717,63.179138212837366,19.250267056433184,12
80.78571428571428,137.2401317632965,29.539162292901473,70.5831188887061,19.96436831565517,12
80.85714285714285,190.24196695218365,58.15240122787115,95.42952789300286,28.581199479581734,12
80.92857142857143,195.2225203501871,55.167275103076854,97.61286260122215,26.969840858016507,12
81.0,162.07578543282398,47.579302847768226,78.99463804031811,25.115621184344526,12
81.07142857142857,205.53268666561107,60.526652220476876,99.11497169221808,29.267175208595567,12
81.14285714285714,207.1939333781008,71.21742759032011,86.55437506625084,32.22457555226321,12
81.21428571428571,200.81319609004908,63.95624363440637,102.30745259794061,28.739180411826815,12
81.28571428571428,186.77153947540364,53.23082260980921,85.85757165296029,22.14778815420691,12
81.35714285714285,155.8622429398442,51.54001670102776,71.00933331837797,19.16819135152333,12
81.42857142857143,156.98349192971716,63.14364354503199,66.35037048559684,25.24959826093845,12
81.5,146.9347236168649,51.81868440548277,66.62544145243139,19.79349279202933,12
81.57142857142857,137.22338541642057,39.28174188310535,75.69170088558867,20.468830273767523,12
81.64285714285714,165.66090821440406,34.22787174835354,81.3564771715448,14.585558927153183,12
81.71428571428571,165.83962473069653,33.63682075679552,71.35515183663354,12.986044975104802,12
81.78571428571428,139.40249528360442,27.762814014400394,59.524560405834144,11.744067055391852,12
81.85714285714285,109.88797990055933,28.7195958810362,52.384357130843576,12.009511223550454,12
81.92857142857143,123.79264175874896,24.99059527233564,62.26490237435236,15.141098659898635,12
82.0,144.1519400544924,32.00328852434034,75.69097968684312,17.547603968329696,12
82.07142857142857,131.53395664004378,33.89907065385411,67.95675830251494,15.533961573727252,12
82.14285714285714,127.75852088599488,33.69084718104961,60.00214704825742,15.010469333781652,12
82.21428571428571,162.260707762939,48.082582468910026,78.93590563585529,20.704915929059435,12
82.28571428571428,153.2626559213686,47.827867613166276,70.84227446952374,21.171507374909037,12
82.35714285714285,182.46047772565765,61.656088431171526,84.9613392360872,27.557859431564236,12
82.42857142857143,174.17407745012096,56.984756512631726,80.0839671096649,25.472636866533655,12
82.5,151.0796901401622,41.28777980200234,67.1386401541389,17.960676218761584,12
82.57142857142857,184.41927718724395,37.13695244491919,94.68933306867048,20.88708056448636,12
82.64285714285714,182.62198699667044,43.53898125394301,97.31673787106277,21.75990883534858,12
82.71428571428571,162.571779169406,42.924551617312865,89.16374036298224,25.226283682422977,12
82.78571428571428,144.56644279509914,54.92271512678448,86.5567756226276,36.17509472484755,12
82.85714285714285,111.52045441182868,42.396585023155374,66.68358222756892,31.31511430881775,12
82.92857142857143,131.10019092064599,47.45238049163611,75.34676717738539,31.402312316424776,12
83.0,174.59614490225067,59.50646618275543,105.03285520519803,35.425991928138366,12
83.07142857142857,184.9128018082722,69.85774246850326,106.38485335103196,40.42009441178069,12
83.14285714285714,137.76606445997598,61.35774486004589,82.72466695604464,38.643153708576136,12
83.21428571428571,130.14031352216998,54.05246823277468,83.27883748129656,29.289205633274257,12
83.28571428571428,117.9120109839624,36.434148436405195,66.75693228824629,21.825224437349473,12
83.35714285714285,121.09472271052142,40.800417927639586,72.47065782915678,24.540491874781793,12
83.42857142857143,147.09653141926367,41.787501638569935,81.61296952386436,26.42668158766783,12
83.5,140.5699445711566,47.09133088001325,63.42755164398592,22.81200064551687,12
83.57142857142857,128.20479220086787,44.4928991366559,59.112983630465784,22.2154492194203,12
83.64285714285714,135.4359201063663,42.164718183531356,64.67128656271233,18.847812560474555,12
83.71428571428571,149.62728962724879,35.36956972281696,76.19060273231953,14.577923059427917,12
83.78571428571428,136.81243828964807,43.499327929647144,66.19551595583124,19.485738731513898,12
83.85714285714285,123.54060458649256,40.79297601107908,60.13699958118743,18.091472285405562,12
83.92857142857143,132.71510782545676,41.39078119480607,61.109000753004416,19.016145930682484,12
84.0,151.95747919963574,35.571646185283626,66.20239148286906,15.572354064864033,12
84.07142857142857,143.07491543777823,33.60415971849132,59.73463741738429,13.582200145706041,12
84.14285714285714,120.97919214400007,34.04501747222775,51.425686258694036,14.983406408700011,12
84.21428571428571,111.09469640007858,35.11769564511593,45.502566547060205,14.566439433302117,12
84.28571428571428,125.12423357887795,33.71021425987731,53.22014028077642,14.434460528944383,12
84.35714285714285,156.0588189097348,41.085254064731785,63.12303296466539,15.635659263612364,12
84.42857142857143,88.46800196216839,41.431310454345144,37.06069099860202,15.822665353623268,12
84.5,126.83417466969233,40.77168751023192,52.91529772230396,16.857950285258745,12
84.57142857142857,137.7260100630585,38.91589833233078,59.87668870970338,16.465811471335822,12
84.64285714285714,148.7740170977204,39.747221726547956,65.69117859527405,16.967704841869796,12
84.71428571428571,162.99364394536607,42.39304573546763,69.9982558175757,17.9129839135431,12
84.78571428571428,143.89143294262684,46.428849671575094,60.945227186904255,20.106572200163406,12
84.85714285714285,121.05260958671866,42.52527199486849,73.52080748613663,24.399863269588057,12
84.92857142857143,70.24524275447908,21.915924394809956,50.39076343919228,20.833302182213426,12
85.0,124.33174402680298,42.54192944033602,67.40714417382074,19.152410523612875,12
85.07142857142857,152.7767757997962,46.37491775651711,73.2583109711754,20.473183281137064,12
85.14285714285714,140.3727950457156,46.681524462319075,63.293305947098624,21.719815529227247,12
85.21428571428571,128.96882298981035,45.5242148592744,59.293197458006134,21.28212999174312,12
85.28571428571428,102.62762715279082,34.27881432979759,46.61440044114436,15.33401977652507,12
85.35714285714285,106.49507732490198,29.150216499597022,48.48508678605382,13.671977951394943,12
85.42857142857143,85.17266926824765,22.074782426463752,43.57986805879006,11.139735284449191,12
85.5,68.22619789542182,21.39623346781411,33.723509059872114,9.673543762781907,12
85.57142857142857,103.43182402916969,33.32775285857233,46.82836650388961,14.794429156331892,12
85.64285714285714,85.66488107883465,29.905872239992085,39.006085097628116,13.569519027696172,12
85.71428571428571,79.74793682394798,25.15094777935016,35.79496779245334,11.350337715942072,12
85.78571428571428,89.21357843010848,22.427434522200418,45.85287387336547,9.918287626139689,12
85.85714285714285,93.2181762990492,23.11540537501873,47.10160206925007,10.155847092965807,12
85.92857142857143,122.81754065194916,35.87617827466872,64.4081208098536,16.569469495891205,12
86.0,99.51839683576074,37.91480502632073,74.27702335674633,30.42148399431505,12
86.07142857142857,82.98788291248982,51.12828133754549,48.40801359159541,23.786649235980775,12
86.14285714285714,94.66784860480605,26.22937569363109,63.10972925744604,19.245051082164625,12
86.21428571428571,88.00510313677518,31.509926400430807,43.36432012855649,12.832699946719153,12
86.28571428571428,92.0385184613512,23.65853232336183,43.35675814275548,10.735651800910366,12
86.35714285714285,72.699133988875,16.70530430810006,36.98337568770428,7.654348453790629,12
86.42857142857143,85.4228756311446,18.31452480676768,43.69370895682638,9.898707590789805,12
86.5,99.47228605697578,18.812282691682974,47.18197753505736,8.04895170177284,12
86.57142857142857,92.9052956999105,22.39079763589557,48.84105387618884,13.389523367055693,12
86.64285714285714,82.04262882086498,23.12268319940312,40.463895662219024,11.287714139743542,12
86.71428571428571,80.16580289938916,22.568624368345247,38.07436937969203,10.94168652137623,12
86.78571428571428,83.2313884478863,23.17859175187559,37.6051670209809,9.650674502957969,12
86.85714285714285,89.44981272238608,22.403639258523416,40.88582959080785,10.01326326395889,12
86.92857142857143,86.61583773122878,26.39301846057653,35.08180207685532,8.373508113131216,12
87.0,105.26386477162606,30.67015151062637,51.71074448423495,17.063219149922727,12
87.07142857142857,117.09799111065409,41.15340677829772,47.53338334281567,18.913734039146405,12
87.14285714285714,141.9756619510007,51.90556521364634,59.943362592514326,24.691804050188818,12
87.21428571428571,155.5557382050343,61.81634488883211,67.07740124228066,29.687080182956446,12
87.28571428571428,93.31801760169115,45.24941332208949,42.35763297216598,22.245657466625502,12
87.35714285714285,87.75032983162214,34.064677246716315,38.30457144975705,15.648330291828046,12
87.42857142857143,94.13380698143243,39.395722831630756,41.96423496761126,18.894701988943662,12
87.5,112.2226812258688,45.009880253161135,50.88557080512276,21.88460920313101,12
87.57142857142857,103.93495517934761,51.291178568963716,49.057627508905945,25.5329869491022,12
87.64285714285714,128.84234453727927,46.00156964895463,58.99940938904364,21.299316916966184,12
87.71428571428571,86.52754686715978,37.98292897749056,40.93041746289648,18.483032342545904,12
87.78571428571428,97.05160647397095,48.49911974896841,45.602372394095944,24.73919073500167,12
87.85714285714285,96.47766962414251,46.49106384628689,43.43365758395015,23.07969833186854,12
87.92857142857143,107.43567600308528,43.03292487622351,45.60250165335807,20.502022019133687,12
88.0,142.03135423017125,49.819799762885246,59.99920232180687,22.342822289820642,12
88.07142857142857,135.84098389002602,43.87959560721846,56.543925340710395,18.72703348666407,12
88.14285714285714,146.43044171395377,54.470766331881926,60.471712892707046,23.52673927944889,12
88.21428571428571,153.27266831405123,50.58502195801254,64.14291257464649,22.252861528532872,12
88.28571428571428,150.37427728240996,41.34551467570766,61.56804856912567,16.858032805187065,12
88.35714285714285,175.08679784087406,36.86227816745015,70.4183535107041,13.457350820892472,12
88.42857142857143,159.73128184474953,37.19195015450449,62.79318360278229,13.11446347951983,12
88.5,152.612581474511,39.81289537551539,68.58302896555186,14.204626862934827,12
88.57142857142857,166.7019849655097,48.3602074311014,69.39763138151754,19.35955747971651,12
88.64285714285714,154.11137246315238,43.77566295954363,66.71752573763916,17.889239918226913,12
88.71428571428571,147.86957139251757,45.28107611516005,65.3838273647152,17.759317170703305,12
88.78571428571428,186.8895425980078,61.53406844078569,78.58690544567311,26.124880255448286,12
88.85714285714285,138.27465489192335,46.36778042859849,60.04309477490897,19.96573369884931,12
88.92857142857143,122.79800807643142,37.56730653448614,51.29088635174626,16.366524595910704,12
89.0,133.22040762265442,35.51880888048123,53.609917421906864,13.321769954910403,12
89.07142857142857,105.97440133999909,44.59445370774293,48.0391575679989,18.553279846388932,12
89.14285714285714,92.16609008410931,39.100266414777224,42.63352917972078,15.583844458941341,12
89.21428571428571,138.8834628246059,39.22099523012744,61.91311630631949,18.87752081616993,12
89.28571428571428,141.51391232285584,42.09182210195772,55.93494025043545,16.72666369996973,12
89.35714285714285,179.00296062792293,42.24452050274511,81.9829607443873,20.83712251777038,12
89.42857142857143,151.63453238939968,34.522212631209584,71.24873737596151,18.670090015405204,12
89.5,109.77349637507615,33.35391294026977,48.23841554909205,14.264653599949305,12
89.57142857142857,97.92247773569245,36.5120683889219,42.94411525600624,16.52230752276539,12
89.64285714285714,114.44796090642765,39.46381173459329,51.393649017376895,18.10789958061476,12
89.71428571428571,152.86872612724719,50.68128959368607,72.97066805137732,23.509544085751223,12
89.78571428571428,96.64489815115597,33.57226100817799,45.745392189801,16.51109926931815,12
89.85714285714285,107.97313799130237,32.31699541065843,47.83124479453394,14.05147175518241,12
89.92857142857143,110.69563096095419,28.632726541333493,48.47496708401191,11.659129779937475,12
90.0,115.85052734218395,28.529355694102275,49.39216259303643,11.675237582136694,12
90.07142857142857,142.3365819205446,32.51604996426361,57.36906195298417,11.525925652358728,12
90.14285714285714,131.15940861629392,27.794896966325695,54.012908135409646,10.006943391810836,12
90.21428571428572,106.89450569953958,28.640368233007457,41.9865354869678,9.856440861265005,12
90.28571428571428,138.0752069871381,30.57250828655908,57.442626462767294,12.486143836729692,12
90.35714285714285,149.5802969420815,32.151319249108006,63.46097841499957,13.647747862777036,12
90.42857142857144,134.91328695458296,27.72560492066304,57.27548635559999,11.530994683428732,12
90.5,120.39772069770645,31.08811404155796,50.270690047358826,11.68645943025953,12
90.57142857142856,138.73779044532878,42.20197660639947,58.0457062824658,18.053946357835315,12
90.64285714285714,156.5166631248086,41.87855312489808,65.0691830784163,17.3344386620081,12
90.71428571428572,153.33761806645964,49.506412413526846,70.37808120681096,20.889131384759317,12
90.78571428571428,112.13203211994414,42.53568988188147,52.766851549891975,18.578890590188752,12
90.85714285714285,101.05993263337581,42.59119389315088,50.766424514955396,20.126532970342428,12
90.92857142857144,116.13304114047894,54.14167012754306,40.58738797141735,17.77250151412798,12
91.0,161.8038394535311,58.67767561898616,63.244460329730366,23.991926215537948,12
91.07142857142856,134.11742102610717,53.43991416151409,50.227349156235626,21.10277286469242,12
91.14285714285714,140.87084713570692,46.44254872416153,56.150579222429954,20.098667073770244,12
91.21428571428572,133.8414065128615,35.251912271870296,57.68124238623235,16.695236662044138,12
91.28571428571428,100.6679728103896,30.362712365133866,45.50617097472943,13.956036008557243,12
91.35714285714285,104.34450993221226,26.992857618832257,43.497621217144015,11.679100361651935,12
91.42857142857142,128.10807310876731,27.199353416549616,52.27524487039109,10.637704927517914,12
91.5,145.76433178349018,34.93707853648182,58.02688064689838,12.123735345841153,12
91.57142857142856,154.6254167881229,38.02052838749546,61.46030210193746,13.062204501785503,12
91.64285714285714,165.1401867252836,38.715812116697194,65.80452398574496,12.54588988799176,12
91.71428571428572,160.67558008232913,44.4842132086303,63.24337744507013,15.100187591882923,12
91.78571428571428,138.0764668238851,52.66145506792745,49.331921596870416,13.228249951684406,12
91.85714285714285,151.22338604460052,53.26126961618434,56.479164760231264,15.768787648853596,12
91.92857142857142,149.47298225640256,46.901204809581365,59.80929337209861,18.12015400166259,12
92.0,180.87961868108087,53.475103996247675,80.86661979503741,23.330575226647102,12
92.07142857142856,179.68054718783748,51.87198167937111,76.39369228609631,23.073737527095247,12
92.14285714285714,164.31524644614822,47.510586817846615,70.23954886977646,21.525993726932654,12
92.21428571428572,124.54266337453448,40.54328853016188,58.83171436627963,18.369749846337484,12
92.28571428571428,107.05508563609169,25.72256450466187,45.516781227882795,10.45908570736855,12
92.35714285714285,69.22961956734633,15.52149546972977,27.21346380845619,4.106973223957013,12
92.42857142857142,69.37574551746069,26.690743318020868,29.151604665228177,12.32669590827944,12
92.5,68.95467867800436,31.18413265827798,29.47505420874128,15.134023652122579,12
92.57142857142856,77.28037341542273,30.026856888023246,32.85343534942648,14.509063030836305,12
92.64285714285714,69.2275010875456,32.02783308221906,30.306265540210756,15.754573264144934,12
92.71428571428572,83.1477006758835,30.071709533243933,38.17178669467668,14.491310077618426,12
92.78571428571428,128.17831402162838,41.633523720480895,57.307265103848835,18.782630374623064,12
92.85714285714285,94.91206989250253,34.55172538878467,42.110251965609656,15.859269823735646,12
92.92857142857142,105.84610974572416,39.626043183100926,46.74459830319682,18.47143031154389,12
93.0,122.12495156907416,42.50060672402725,54.37023524205118,19.68961267424697,12
93.07142857142856,126.7769693689147,40.302994967588674,57.04788553730344,19.046553516799047,12
93.14285714285714,124.40150954644984,38.503046039710334,55.57455261696096,18.499389171189005,12
93.21428571428572,127.92424171896914,42.97076253495507,57.526793861163675,20.966546041749396,12
93.28571428571428,125.93641535522573,42.52520572145732,56.47722207651407,20.744275664119648,12
93.35714285714285,114.79403647738893,33.39465712445094,49.655745634998915,15.839830115032951,12
93.42857142857142,116.26597768776725,31.6390564901057,46.81081561011449,12.999477104278391,12
93.5,121.51436134679372,37.97126933664404,47.92846652940419,14.822513008369205,12
93.57142857142856,140.2393416722349,38.94384124172801,75.76796594854986,29.126018413537807,12
93.64285714285714,149.61965091697343,47.24550668596462,61.13079615671659,20.914650107586677,12
93.71428571428572,153.86945062114665,50.94366031165432,63.28465158692733,22.681615292284363,12
93.78571428571428,137.26329463664663,40.74355247288732,54.490686709881764,16.45462399313985,12
93.85714285714285,142.60595529110856,41.55225050590132,55.94633363836395,15.575850887516497,12
93.92857142857142,153.6059793983028,42.785296755247494,61.449889546429326,16.842671389201954,12
94.0,138.98421014602562,38.81313141905292,54.68805665245053,13.351723355982237,12
94.07142857142856,123.0358078215834,33.21861400407346,59.51950538741892,17.479200623225964,12
94.14285714285714,118.15146781472322,32.74870692530145,57.70166050030005,17.669278832851067,12
94.21428571428572,139.14230536611106,35.657127709389165,72.38475848533976,23.737744135657508,12
94.28571428571428,138.91266237456435,39.98121117324352,69.67548998412992,21.27941903021935,12
94.35714285714285,130.7131366385802,43.04437098278692,65.38943453121907,21.791896755321083,12
94.42857142857142,125.7040622194423,50.49409496439345,70.80600315204657,25.513089570512165,12
94.5,102.38825854711772,36.32905035358005,59.01353673016555,22.453421090168735,12
94.57142857142856,107.92542386205986,42.195240042845164,61.62242480612241,22.282622058993656,12
94.64285714285714,100.98960515136598,41.518264251067166,63.04515118198521,27.268340115996978,12
94.71428571428572,126.58018525394121,49.72009373775121,68.51251855348148,24.233969707449745,12
94.78571428571428,125.37978935421714,46.84873028460885,69.71444355520921,24.520859226302754,12
94.85714285714285,98.921727791611,34.772455573920695,54.43141891116418,20.16297982757211,12
94.92857142857142,98.99320556845666,27.407863001842962,52.36135698151293,16.87228991508293,12
95.0,90.20035601926136,24.506063091892855,45.07507812880315,13.198643117779381,12
95.07142857142856,88.07491962412638,22.951351636903606,39.97077127594311,9.104069716359852,12
95.14285714285714,108.98293488397049,23.59674591651754,49.43420721738562,10.36786056030136,12
95.21428571428572,94.84437028419919,26.381340554423584,40.41568604169305,9.773804561577307,12
95.28571428571428,95.50760241063051,32.00434075309057,42.54979895987128,13.803338920952443,12
95.35714285714285,95.87329404931592,25.65023826500036,43.427998144086914,11.384584872950056,12
95.42857142857142,88.85596928842922,24.647059078028082,38.00219716420687,9.900115367370537,12
95.5,95.44102543829177,26.40145795126629,41.1869979614302,10.326670166714145,12
95.57142857142856,110.71601199632808,28.23844961015345,46.50392228372812,10.680394575348075,12
95.64285714285714,118.18773481794692,30.855735342234528,48.78272831203318,11.988420057127234,12
95.71428571428572,105.72420177243075,23.070093063075543,43.70058433076299,8.406902537369676,12
95.78571428571428,103.19698481157893,29.015092731039026,44.00991177994262,11.392636917083703,12
95.85714285714285,99.19833539827073,23.152194630241933,43.653496695143005,9.00884425325753,12
95.92857142857142,89.81050263071982,22.270745185610117,41.84937775005567,9.857684522646723,12
96.0,88.72020769646213,21.907108180584846,42.291084792622435,10.323375820756246,12
96.07142857142856,84.14421590451386,20.328579149926657,41.91379045179617,11.198506860337277,12
96.14285714285714,82.46689945018477,19.97151735942751,43.73020266721589,13.091344543937623,12
96.21428571428572,107.2370008959114,32.91422868147106,54.045743811654546,16.105491113915857,12
96.28571428571428,104.68068414380232,27.424594714697786,55.496871504316836,14.590330182940638,12
96.35714285714285,66.8393308509298,13.32494870524243,38.34676507306852,15.159182267202665,12
96.42857142857142,58.02111835150382,12.517634210420727,34.04852847923797,14.43564996838962,12
96.5,77.80245264182345,16.38449283100485,42.562842761896434,12.89208774214827,12
96.57142857142856,67.84140541060025,14.518019299462576,34.679631934072724,8.317561770938692,12
96.64285714285714,72.38719048708077,12.042930983221297,34.92328460581551,5.905585526362811,12
96.71428571428572,81.87065379847141,16.380420732209597,38.104781319836114,7.716443772477159,12
96.78571428571428,104.8782030497336,20.399693190941964,50.703917845453816,11.073336284372424,12
96.85714285714285,107.76422538240016,27.757822248603983,51.59907306104395,14.218955089913074,12
96.92857142857142,115.43660184164875,26.678360429464743,56.35232204611182,14.252403959673561,12
97.0,93.83914189799606,23.95378472681761,43.426121558365196,10.825516715554192,12
97.07142857142856,88.98455190697334,24.599854432512657,34.26422085419814,7.754125893361242,12
97.14285714285714,76.47771923111124,21.25512214381574,30.12443491195137,8.243605526030107,12
97.21428571428572,66.0667153071512,20.239977821468035,30.752158602180568,9.313524911020426,12
97.28571428571428,72.37638821242982,21.99666159253703,30.661363233993253,9.981266393959155,12
97.35714285714285,124.81700454380723,47.34355917423026,54.87286714115175,21.01395912272071,12
97.42857142857142,95.20431983896395,29.081679731251644,40.39700643801075,12.011080912372588,12
97.5,105.4735414622857,33.714816668935576,46.67230314754042,13.748580500856718,12
97.57142857142856,113.36604581369978,35.29018009603529,52.79282017126608,15.019373421251018,12
97.64285714285714,109.69774405745065,29.408086321633146,51.21027454072772,13.49911465007693,12
97.71428571428572,120.89940623760917,28.782074650784637,61.231229251513355,18.57728589905425,12
97.78571428571428,96.85942852860383,28.9031129254081,52.65238529522261,22.366161830239733,12
97.85714285714285,94.83305861313531,29.53691505733045,56.79510736707294,29.201058785404804,12
97.92857142857142,91.376331195067,30.86074721437149,55.73389362138483,30.64930155239739,12
98.0,108.99298631057903,29.428124462999666,62.698954227896394,28.216450255539673,12
98.07142857142856,112.52167331426887,31.61414884735677,64.01096807783895,28.880263755418586,12
98.14285714285714,118.29214307077478,32.46084505056252,68.57424459162942,29.58137660619646,12
98.21428571428572,156.49754157137164,46.45218731944209,84.30659210495975,29.082563688241436,12
98.28571428571428,129.9812097520469,38.843782877967854,75.49830012597096,30.326794723628645,12
98.35714285714285,147.4979624786251,43.54037677221994,80.65315091971681,27.42206608366411,12
98.42857142857142,119.06546031344003,37.33319884192544,66.7696725200951,25.546542684354744,12
98.5,122.39229205034943,32.680411001515864,64.48988578348379,20.260077146893718,12
98.57142857142856,120.6561344820987,32.640337386222754,61.42280982216599,18.342106020734313,12
98.64285714285714,91.88855340554692,23.24456426731767,46.75398685749553,15.164138758125057,12
98.71428571428572,83.18311130314714,21.309831515690078,38.79631414667719,9.391431677990903,12
98.78571428571428,83.33901843854574,22.780375260868773,38.432094309276444,9.235761970628905,12
98.85714285714285,88.9379243422329,25.878878056991972,41.29684166556568,10.70091610944134,12
98.92857142857142,101.9818848702752,30.660297847458875,45.412296833090686,12.449693729541751,12
99.0,116.94555538369916,34.80761607191887,52.02533973352676,13.910626311378225,12
99.07142857142856,108.71822447895039,37.09152877379923,51.028331770126954,15.854667102252092,12
99.14285714285714,99.1673237034633,33.607819045133276,48.91767096219418,15.168676614602978,12
99.21428571428572,60.124886223824596,25.827245213638435,34.31430282331811,14.074507431744761,12
99.28571428571428,69.78644602488708,18.192161914320994,39.813254840529765,11.412366886326401,12
99.35714285714285,108.67003610463335,39.99743427508907,51.47468800865285,18.00701653788426,12
99.42857142857142,117.88316082074773,36.55408521834543,53.95272343418749,15.650643887470638,12
99.5,119.15248158699269,41.16690514830152,52.53508008226542,18.196767340180788,12
99.57142857142856,102.74234751493532,31.967227165768392,43.150734794979904,12.266694470134052,12
99.64285714285714,108.92433982527162,29.369904900658398,44.99248907846817,9.48223375378263,12
99.71428571428572,104.50967804085481,28.3780823574847,48.83258316361796,11.162229887235933,12
99.78571428571428,96.59129198623684,26.031787019049847,48.651355746758604,12.807695903910718,12
99.85714285714285,81.96390097085387,29.538461650124756,48.34366457144534,18.92092834744543,12
99.92857142857142,116.89263009142398,29.320037174779507,61.35557126071175,18.370779315798973,12
100.0,101.02506410156079,26.457452171640497,53.91180612268908,18.24358600014408,12
100.07142857142856,90.7744988599637,25.12643936757107,49.17841401266911,18.55246283909669,12
100.14285714285714,94.7692469499718,23.96965429144517,51.41931442865632,19.598817661656664,12
100.21428571428572,100.9249032784152,25.55484042909705,51.804610637982236,18.863849063301004,12
100.28571428571428,107.49458974053648,27.40058952314114,55.2160400089747,20.389328919705726,12
100.35714285714285,107.99834982688704,26.80265275052082,55.13749968432309,19.87050555119683,12
100.42857142857142,117.66142773281962,26.168219874980867,58.62630503895582,18.19212101619464,12
100.5,107.51624320159053,25.627338964741032,55.91863912497595,19.456252035502605,12
100.57142857142856,108.49911313574012,25.123059447844206,54.49930274127821,17.13507739246859,12
100.64285714285714,138.30348105805734,30.636610272031778,67.6998850279477,16.56584053968719,12
100.71428571428572,165.64842524991653,43.1978687999335,78.52107465025676,19.12109381290414,12
100.78571428571428,159.96642858325228,39.20001445690403,75.36041840263441,18.4450508659422,12
100.85714285714285,172.818604274133,45.02735570659824,78.60746559627361,20.015731946517576,12
100.92857142857142,165.89689463568376,45.378651705248416,71.25340487331194,17.63855110810002,12
101.0,111.56068190021647,35.28398663160561,44.6403926716256,8.73288313211167,12
101.07142857142856,92.25203230843827,35.229435659678614,35.73165947389988,8.035578699791843,12
101.14285714285714,99.63910236060022,36.900616024834676,38.825997143371346,9.175501941251163,12
101.21428571428572,123.52932684848952,40.10968751774696,52.16427966273813,14.006850937779639,12
101.28571428571428,130.883060002096,44.61890347273096,54.24308220282328,15.511855362237807,12
101.35714285714285,117.9965336909962,42.65765054606612,53.855606498446555,17.150195795361746,12
101.42857142857142,80.69547431707689,28.93445284023381,36.801246469109685,8.682891594786424,12
101.5,131.4694744565066,55.294262996530705,59.51810278592797,23.63222872691411,12
101.57142857142856,103.97291936117557,32.041175450971544,47.49378276730981,11.60121525005356,12
101.64285714285714,80.75293753004208,26.813931365582153,36.59465941382756,10.1783457912995,12
101.71428571428572,82.75019797880633,25.609083764161156,42.339511412183,11.86000820661344,12
101.78571428571428,87.57986124102295,30.368461564973863,45.25835109285631,12.730518239464942,12
101.85714285714285,142.703030371997,41.531338545635414,65.51411902196813,17.513460988368575,12
101.92857142857142,154.45917876639984,40.782002682692124,66.3401094072073,16.083037440818078,12
102.0,153.62255415958987,35.45951586105459,65.35148632298895,13.083009444139192,12
102.07142857142856,115.99236677133376,30.088336149095966,47.45378816125739,8.292206286960546,12
102.14285714285714,148.15325616369273,44.747906586654075,60.65787789761928,16.979388319872132,12
102.21428571428572,91.83796062208556,37.56401337656741,34.44352801460331,8.31432423247012,12
102.28571428571428,62.28716284569154,18.27406568270131,31.29947716376158,7.767422668531949,12
102.35714285714285,48.203926005322685,19.922099276123145,25.937796337913277,9.597194467708007,12
102.42857142857142,97.2002103722119,31.698508481206435,38.06341102744639,8.988819860383321,12
102.5,100.55542840316983,35.11976792226012,36.47836883006546,8.919645498735054,12
102.57142857142856,131.84983372205664,40.28034502788877,51.47201595278656,14.778421408336046,12
102.64285714285714,145.62041670815498,36.37864334764336,58.281351503687176,14.15405357314959,12
102.71428571428572,134.46739105075,40.14511831186099,55.54048157802085,15.939357451720626,12
102.78571428571428,101.50125547896009,32.966291807415075,40.82041153034127,11.467310576861646,12
102.85714285714285,118.42352248912607,35.06361172202962,55.400957780567516,12.744887786841193,12
102.92857142857142,132.26397794990095,34.244799603763504,60.0569629544545,11.838270355915935,12
103.0,109.7003524005809,29.870822315857815,45.96112766058385,10.613177548659257,12
103.07142857142856,97.55174746242952,30.682530549329172,45.353199208365616,10.673144205535017,12
103.14285714285714,80.9345951300759,31.90420624986323,38.04061049663392,11.832562787771957,12
103.21428571428572,65.36840518577192,28.416882631155243,29.63932663901674,11.366587331377346,12
103.28571428571428,58.77604903948013,24.732805857942306,27.248426751520363,9.902584594840592,12
103.35714285714285,73.41194842217764,24.532351022209063,34.18362530418836,9.937864210477189,12
103.42857142857142,82.13393466672764,24.376212332877003,40.92008170746556,12.906437179800259,12
103.5,85.93086668382989,28.351864380558844,45.48772340255231,14.370539911647077,12
103.57142857142856,79.55801195702688,31.26752668195259,36.71892713619155,11.368910009531422,12
103.64285714285714,70.98576106517224,36.467304174335354,31.662828332989047,16.477302940891754,12
103.71428571428572,74.98645604599982,28.894547507220835,33.55364370467634,13.061453975241818,12
103.78571428571428,75.31365245360148,35.42486413701923,36.883526280353614,16.88220500953602,12
103.85714285714285,74.60567661692689,49.092303174692894,38.35739943942869,24.775746776407583,12
103.92857142857142,99.96161007559641,36.44665889590864,49.49103774307563,16.901516794095272,12
104.0,87.63701087788633,31.23535586439057,41.39527909427142,14.704894403739766,12
104.07142857142856,74.8424084827382,30.172825761136032,36.53019117316593,14.161120370765719,12
104.14285714285714,69.79219344473333,32.23347214224795,32.08229220548528,15.614417510193542,12
104.21428571428572,92.0101718535952,35.700945185490845,44.251959542775026,16.1645541819306,12
104.28571428571428,100.60642051753143,34.790031118513944,49.87348581809573,16.68226589417164,12
104.35714285714285,99.53269925812859,38.79126361612272,49.772282054450315,18.64811619288736,12
104.42857142857142,82.9011656178746,37.54947754749434,41.12335910226618,18.1630112828018,12
104.5,107.53895774318396,38.598107829684075,51.04038347492218,17.612404022646455,12
104.57142857142856,118.01053447125769,38.826373253232845,57.17715388499788,17.650113789895553,12
104.64285714285714,106.17637152610276,37.74423652921171,48.64960111968602,17.0569547060389,12
104.71428571428572,69.29411331628812,20.15525905097936,33.85998825865519,9.802747000651236,12
104.78571428571428,65.92305586673555,19.06012973352329,29.62776555244689,8.273106113930522,12
104.85714285714285,77.49104639122257,19.670912798716206,36.40533937929212,8.399827835056126,12
104.92857142857142,90.61227592646684,24.048394993664758,42.77263802413818,9.80370929603228,12
105.0,91.66679401155602,23.95062537836391,40.8419078576979,8.420178175801714,12
105.07142857142856,100.25805850139386,30.01024787212413,41.48965791168342,11.027554009525808,12
105.14285714285714,112.81880144973704,33.67239243289808,45.76928983715367,11.582624951776507,12
105.21428571428572,110.20941081031367,43.09397966553863,41.87785058515139,13.054450865091738,12
105.28571428571428,105.52524916378744,47.6534890947429,37.658025432192964,16.340378969632063,12
105.35714285714285,119.92548766406115,50.16087209575984,43.639632376277525,17.094625086417125,12
105.42857142857142,130.90023047878492,44.49567586082052,48.66262309213596,14.279102226099962,12
105.5,124.03405964049944,43.788210062458646,44.961564460557845,13.021251849805063,12
105.57142857142856,118.67760177844912,44.42862568359975,42.18289022630021,12.261006052609236,12
105.64285714285714,127.74787015136378,40.40572177016135,57.127153253154624,16.24339534929511,12
105.71428571428572,126.79501480207664,39.32132138597551,52.301029186865975,12.101166822002579,12
105.78571428571428,118.69155543919581,40.33267657766617,41.455921862098826,9.383717567262643,12
105.85714285714285,121.37361372554749,38.70901966021458,42.23026671318352,9.303856052965228,12
105.92857142857142,87.61657251342706,32.0157992025683,37.89834142760979,11.518738691324593,12
106.0,110.80636129110313,30.063624274951103,41.67741883375173,8.698337753063875,12
106.07142857142856,123.77817226592043,36.197708371498976,49.16103565441328,13.825660944838017,12
106.14285714285714,93.15476226030707,39.822964343756965,44.9156586927544,18.61661545464448,12
106.21428571428572,92.46750423615565,64.58590227893217,47.99878222217528,33.95725102504128,12
106.28571428571428,101.17813056692766,44.315616264062655,54.4875331428581,27.23497301361358,12
106.35714285714285,61.64023804408828,47.85078814554302,32.57645200362471,25.68269895757055,12
106.42857142857142,49.34525393987631,38.85431281731998,25.921707075381704,20.987990819563464,12
106.5,53.0016170971003,25.94141949541312,25.607487733834148,12.15616725292043,12
106.57142857142856,78.274851800399,35.10909695317347,38.64144861867144,17.963409340843018,12
106.64285714285714,68.4957952729876,31.862737524515932,33.96572894041924,16.256250901457623,12
106.71428571428572,62.14566942389646,33.33510194566566,30.78289157177167,17.12531182018847,12
106.78571428571428,121.86887604888418,46.29285246378975,44.75977607811256,14.528982391328613,12
106.85714285714285,112.92764491309185,44.45758621389888,40.360284728893994,13.274485932363834,12
106.92857142857142,103.52758199535641,29.5542629156635,39.12689676042737,10.675719958462187,12
107.0,88.39553308280905,35.01851215454261,39.404906750916474,14.732521555551708,12
107.07142857142856,110.94985532352742,38.635742316181386,50.5142545633567,16.571223012101424,12
107.14285714285714,97.65393591452344,36.79303790840706,40.45180762560637,16.432439216254654,12
107.21428571428572,111.03848343408224,38.857592258685926,48.357855895543096,17.673020705513547,12
107.28571428571428,99.13616020573086,33.17247221682574,42.0671267073606,14.916888863674696,12
107.35714285714285,94.44388740068517,30.290759901132517,38.866770282357,13.13540566471121,12
107.42857142857142,97.81399192094557,31.87148304888602,39.41814789846553,13.685921129797565,12
107.5,111.37940942317755,35.50503951910351,42.835227398757645,13.937077952643982,12
107.57142857142856,88.97554326700825,31.43891362937785,31.618081219152188,8.802542324418116,12
107.64285714285714,104.9686764109016,31.703240585574616,39.186187892429196,10.329022099226853,12
107.71428571428572,96.09814692713556,32.94206324677967,35.45249116469981,11.015946411514957,12
107.78571428571428,65.66113280326557,25.72880671849659,24.67803191041196,8.122865186463423,12
107.85714285714285,77.80609948210974,32.84416823567351,29.938368438934187,12.360785793312363,12
107.92857142857142,111.31370608361586,34.39321586815322,55.246489083173586,17.404508431733074,12
108.0,62.499642789229654,16.107219481023346,35.97524540931962,14.341548501980514,12
108.07142857142856,91.84063804870055,33.28975946502298,42.35916878401112,13.556314549641236,12
108.14285714285714,95.61989786294633,27.160463506787234,39.313438439114265,10.240206862849556,12
108.21428571428572,103.52345001725067,26.01596359374273,48.810209406670864,10.562179304593933,12
108.28571428571428,89.81200597271389,19.520880869758642,41.32328399751339,7.877268885933596,12
108.35714285714285,99.51785348963216,22.043807386561593,44.49164258024625,9.21154269724585,12
108.42857142857142,99.02978220946588,26.4714982013262,42.96266862267272,11.841559189539673,12
108.5,98.32901518260765,33.76972003762219,43.020976435136156,15.725414340592941,12
108.57142857142856,115.8566218512747,38.21382677045506,64.59927344879792,24.635462929239083,12
108.64285714285714,126.33543176474808,40.67062194122786,68.82017476372657,25.041512017242056,12
108.71428571428572,106.79999306803072,40.05719185359387,46.36140694558257,19.55105463490074,12
108.78571428571428,98.3697044837421,36.725789615880224,44.40278613940835,17.836808434050656,12
108.85714285714285,106.99923940908019,36.157002082734444,48.36533322613784,16.99798337915049,12
108.92857142857142,126.17618597312796,39.6157788404343,65.54458961373045,20.447706161480838,12
109.0,109.8775353738634,36.465502582711906,47.39629597591471,16.023883993717234,12
109.07142857142856,91.80533733074317,26.58178832292791,43.076931945124684,11.443218997895979,12
109.14285714285714,88.97030714975631,23.958336572658315,50.614416191930374,21.152732461776814,12
109.21428571428572,104.56760046425059,32.09692284845531,54.985796139797486,17.793735075718953,12
109.28571428571428,98.36546560121282,29.93305185559165,49.78415298756194,15.60735913270892,12
109.35714285714285,109.6940160992468,29.97923553219726,57.45496004816631,16.790879743360218,12
109.42857142857142,107.4992924537944,33.675495348576284,49.87139234610126,15.602615360939886,12
109.5,107.4683116160034,36.23323242991258,49.82612600771619,17.139106221267035,12
109.57142857142856,93.11970514908221,29.224332693684758,43.60970648141122,13.230554928663055,12
109.64285714285714,71.21150352048363,30.24288565788592,30.280413550735666,12.908953153537931,12
109.71428571428572,77.64198472595297,28.17394189742406,39.60246355082643,16.257946157120948,12
109.78571428571428,82.4061196097361,21.202020595486143,41.0036193761787,11.348818368058039,12
109.85714285714285,81.06713892240974,21.330614449605964,42.75438927028206,12.526213179062534,12
109.92857142857142,85.38480568545452,30.35780626300353,38.80303478672876,13.7386584349894,12
110.0,83.18975511830075,27.570395805474213,40.51196119441178,13.69207121084537,12
110.07142857142856,80.70672970595915,26.75837772457837,38.25925214679022,12.665019288741009,12
110.14285714285714,61.72357088545285,18.80353435592824,26.60288037737094,5.70679196286658,12
110.21428571428572,70.55542683982382,21.800110048883084,31.97414291154274,8.267652864386813,12
110.28571428571428,76.5667092537407,24.729916632030317,35.07388209406919,9.97473431016135,12
110.35714285714285,99.01879162773851,27.70821009250944,44.87840388241821,11.27376598480261,12
110.42857142857142,98.15250298234861,30.041838793462144,42.81047544628843,10.616173933109849,12
110.5,110.19368201043007,36.86968911600036,47.82288738629921,13.729999896870599,12
110.57142857142856,120.50595051037534,43.070875078348166,52.192302616866165,15.942379319821155,12
110.64285714285714,70.34697454753397,37.885606831053934,37.54740118315021,16.03490617638313,12
110.71428571428572,41.87228768799157,17.365450035058934,32.31934821202434,18.082588466622457,12
110.78571428571428,142.4032496892312,49.10485605300378,58.43649128484299,16.676026502986602,12
110.85714285714285,137.9635008461588,46.25645665479772,56.95424381426824,16.075068713248395,12
110.92857142857142,141.2668815195502,43.52171330816925,59.01195132140104,15.516865653781078,12
111.0,126.4597675145414,35.483805473828376,52.52054217037814,11.688748426673534,12
111.07142857142856,137.2495797970197,45.27174167812408,61.879106911575384,20.977896209960843,12
111.14285714285714,103.48025344024197,35.739295128512126,51.65703187761019,17.74985073686476,12
111.21428571428572,85.31574443792962,25.07017718157933,41.10954802303622,12.594236902029374,12
111.28571428571428,71.2312564782155,20.195468130185766,32.86215731412349,8.709370104190514,12
111.35714285714285,66.4791017852386,21.168479974588955,28.448897500305744,6.640892225109316,12
111.42857142857142,82.15619568561007,28.174661412618985,37.33353841251918,12.074077265428265,12
111.5,77.39729957537273,28.697182745963904,35.71709719024873,12.693294661476411,12
111.57142857142856,137.4524441579013,45.42173883349268,62.90504687991553,21.199957802905086,12
111.64285714285714,136.91846588504978,43.08731407163137,63.27730809457868,20.29115612382372,12
111.71428571428572,93.89090872267509,23.685296135167,40.64169322791983,8.811924529899613,12
111.78571428571428,137.9766431895744,42.0945917304151,63.57049121814136,20.41235680665113,12
111.85714285714285,142.3150791901628,41.398089250075195,64.5301415901522,19.46653289011422,12
111.92857142857142,129.9623494354097,39.84046174794625,58.490434022863305,18.702341787706906,12
112.0,124.39869180205416,38.27050451679928,54.4450601369638,17.65130248687239,12
112.07142857142856,116.7559860967688,39.11205181894512,55.075059784581384,18.209212357956396,12
112.14285714285714,103.06623251902043,31.75052904293145,46.542146439284714,14.245490775279077,12
112.21428571428572,78.94379528211003,19.954283162433203,37.728352579967115,9.21711681782524,12
112.28571428571428,84.17667311679685,24.324879510129872,44.819608983243576,11.681156918582811,12
112.35714285714285,89.00633492432164,31.186877220742655,47.85668494935162,15.688888480665998,12
112.42857142857142,88.55515678669757,26.813927660883333,48.93592015782753,16.74934723934342,12
112.5,94.25308010591672,26.896368675619144,55.29032631004513,22.193047479048555,12
112.57142857142856,86.54640989903872,29.79086996994938,50.518007005420415,22.959594011471935,12
112.64285714285714,86.67648277475804,30.861354675636644,48.704670674433025,23.638534851403783,12
112.71428571428572,102.02129470052449,32.69314215501649,61.77254544465304,30.077105586803977,12
112.78571428571428,118.78055813539969,28.70322528721982,63.06740084317878,22.526065953937998,12
112.85714285714285,115.3727654740995,27.23001377013335,61.78244805772855,22.884666725629348,12
112.92857142857142,110.51143154294542,25.47947283610162,60.56848437870061,23.11381227595374,12
113.0,88.81285206470928,21.43393060575598,50.2479978457837,21.564605490375083,12
113.07142857142856,81.5645395422384,20.42768455148663,46.70470361230659,19.735409701676968,12
113.14285714285714,89.269080810239,21.2421149728602,50.256112542136464,17.287937456463414,12
113.21428571428572,96.31202128581765,24.074461627173157,51.94245930780472,15.468358416045673,12
113.28571428571428,102.58718629120376,27.2122975154436,53.719810532704294,15.930742512962963,12
113.35714285714285,138.3924128958749,42.477235026899436,73.56033666053712,23.225624840708363,12
113.42857142857142,120.9960969601469,29.708200070391356,61.188253847407154,16.73141415212508,12
113.5,122.82686367007813,26.14686501954888,60.56456339309123,14.232187063141064,12
113.57142857142856,118.65908172312689,27.317924400983834,57.47271569483299,14.235991206941312,12
113.64285714285714,115.1212331543873,32.53692416686492,53.61268111223656,14.737640125575131,12
113.71428571428572,116.308011458631,38.0958010880754,53.42030044248035,16.356645081565883,12
113.78571428571428,111.85608025129667,36.309761153141906,54.23021072914457,16.693271819266354,12
113.85714285714285,66.38975229938083,28.94289357039868,37.70497806483822,16.74208977186206,12
113.92857142857142,58.137375020720846,17.20114912228065,31.6539676892695,10.718585701444464,12
114.0,74.67845032660921,24.853884094984693,37.533887493920794,11.435245083235902,12
114.07142857142856,75.9087565053664,23.73100822380262,37.98246292241695,11.178836494651566,12
114.14285714285714,91.73071782813876,23.716796136432105,44.30048535667455,11.066484255558644,12
114.21428571428572,92.1783586076082,28.618897350706963,43.784539199037845,13.003366883587965,12
114.28571428571428,105.49207136918199,33.89622363165298,47.708520637323076,15.186144839465433,12
114.35714285714285,108.2807280937889,37.772148871548744,47.44369268624162,17.2916750059346,12
114.42857142857142,110.0644215593821,39.58799323364482,45.865840012579675,18.379624177266237,12
114.5,115.6789935452602,39.345964381229834,49.292170028170965,17.613710015395434,12
114.57142857142856,105.49137837829102,38.64505079136283,44.95063208160095,17.227742519015855,12
114.64285714285714,74.72090214450627,26.507022226578638,32.82809823342861,10.44813664461813,12
114.71428571428572,75.0969949692175,22.2420615298765,38.389632264880504,12.706554289480666,12
114.78571428571428,74.7765583920829,21.372013683133975,40.2234183779856,15.640689540539672,12
114.85714285714285,76.77338823159536,20.92673334281669,42.65050387471015,18.75603198379024,12
114.92857142857142,77.79227636958139,22.936771289275,43.61071636697191,21.21274060970715,12
115.0,75.33719321863981,25.876427119208696,43.604764685997814,23.77049133708717,12
115.07142857142856,85.37298378627042,33.02927642076204,51.05847469471253,29.09354837656123,12
115.14285714285714,115.65900583185625,46.042091968677596,71.55110902076116,41.2737542672037,12
115.21428571428572,111.50741635460759,36.9548296078403,61.136934465789224,28.806861084238076,12
115.28571428571428,116.58715298957655,40.677107377435554,61.68282707491687,28.56553234972551,12
115.35714285714285,118.68612730053005,43.77278858594477,60.933522539987145,28.26847591937831,12
115.42857142857142,125.07623353361748,48.025439142175216,64.4471805212839,28.7229055062803,12
115.5,125.99660732566758,44.85872206405989,62.465324271655895,24.676626382731847,12
115.57142857142856,129.3499377633111,42.80494767934019,64.38272541354813,24.833143491340614,12
115.64285714285714,133.30186393946687,38.94452281375054,62.42414638030992,20.65840778559891,12
115.71428571428572,119.79333052804441,39.86377944824554,55.75386749557678,19.116813432114007,12
115.78571428571428,116.18272568466563,29.932548441336223,51.53634670234449,13.143549440369004,12
115.85714285714285,117.09847022854774,28.9990889248076,53.84800360841627,13.507791449706893,12
115.92857142857142,116.77606327516042,23.7408662659725,55.18363589164413,12.699366537307846,12
116.0,108.96851173648398,25.362584017822112,53.08868577487543,14.151014596215532,12
116.07142857142856,103.67754755676151,24.127037925792358,54.217480895966375,15.54356980690378,12
116.14285714285714,94.29351472585361,27.688159887424998,53.86131982379511,19.391676029389988,12
116.21428571428572,78.9852764722429,21.309443729504025,44.27526683215535,16.54192893985782,12
116.28571428571428,89.36757471053005,19.05883740821807,45.59834328180587,13.394222546842764,12
116.35714285714285,100.59000580375984,30.069536769907,48.1410712381016,16.566997259534954,12
116.42857142857142,126.60464075265722,41.26085082449187,58.15797920691003,18.50191316412864,12
116.5,125.92971032526012,38.49185723677946,54.7322472764752,15.068688092425798,12
116.57142857142856,134.54515820137206,38.2425966726808,58.92142727939199,15.21046347818178,12
116.64285714285714,140.84874951130084,38.65367598223279,61.00637568379606,14.887967736007752,12
116.71428571428572,145.86641973779004,39.72492796416806,63.1476665858929,15.146699939312162,12
116.78571428571428,125.39153220487954,40.89881454149771,54.19280541829865,15.443652892410368,12
116.85714285714285,123.25666836980508,38.97153185079207,53.20531007230839,14.361195551778493,12
116.92857142857142,124.90959776378186,36.537089267880546,55.42826853440709,14.528746826352362,12
117.0,124.09202410407889,33.1684555719347,54.28421590421388,11.748695065237552,12
117.07142857142856,107.41049860533558,31.6878986282134,47.22974107107106,12.128289510395465,12
117.14285714285714,98.54005219804317,29.812288546242335,39.2644243910028,8.732610742775613,12
117.21428571428572,94.91610043670175,29.55305577743347,37.53947298193556,11.012360574865948,12
117.28571428571428,94.80195641036961,28.382688344011463,42.92396918486535,12.404852150767704,12
117.35714285714285,92.18688372984802,30.537877799371227,42.88991849059406,13.794181264809458,12
117.42857142857142,92.32801146301942,27.999618780662683,41.12767533555251,12.473527402511733,12
117.5,99.24176575812702,27.72914041163183,44.07401298692741,12.081965594856586,12
117.57142857142856,80.44977802004017,26.42610364588613,33.325022901914025,10.683333956730285,12
117.64285714285714,92.92842721195812,25.762453220306362,40.04631889494617,11.125654314478295,12
117.71428571428572,96.25317214200419,26.555376862802262,41.63704318572768,11.798904796859949,12
117.78571428571428,104.32241801962928,31.894047607226177,43.37288764324464,14.613001336932088,12
117.85714285714285,104.1713741718731,30.73689203974468,42.27358809959649,13.422436496367272,12
117.92857142857142,76.1843171976822,28.56598099923864,36.27297584502622,13.517434979337926,12
118.0,101.12666244297645,20.501496153865357,46.26256646262832,9.089632695452629,12
118.07142857142856,71.0210242280636,19.0807611143355,29.440896111672544,6.522450771516894,12
118.14285714285714,86.80796841647786,21.03236502912737,40.66208945700378,12.598806776944194,12
118.21428571428572,95.18558011904128,22.938678469662854,46.07280186862281,14.37230538978611,12
118.28571428571428,102.9348879664713,26.69031223890884,50.51482133683656,14.480937568988505,12
118.35714285714285,97.69473356302366,34.29548504800137,46.81199790258627,16.476688573999905,12
118.42857142857142,72.47617097225921,23.922034714252543,28.817939772956436,8.555434575007153,12
118.5,68.39946829346721,27.92881058667481,30.432199570862203,12.485621383047267,12
118.57142857142856,71.48927262281327,30.514402464332417,34.294743493547145,14.868198411416726,12
118.64285714285714,73.93739482272295,33.18494872510673,36.37032625128529,15.941951713963116,12
118.71428571428572,75.81008261854953,34.82402881277008,37.88456683080603,17.684248334928895,12
118.78571428571428,82.69033951227985,30.363633890061696,41.24692757172167,15.333068648954962,12
118.85714285714285,78.73821860391568,25.747208841014977,37.56134471415825,12.008122859496744,12
118.92857142857142,71.35435237734721,18.978007645840222,31.849391756075317,8.634965521407354,12
119.0,75.11226785683351,19.2981458118638,33.79585861249312,8.929759400757355,12
119.07142857142856,91.6204299449565,25.5640368935333,40.42773965446876,11.913507934986356,12
119.14285714285714,94.14371764947056,29.46429844656996,43.34704670653033,13.897607938490118,12
119.21428571428572,95.64169839117676,30.79471576740388,43.908582658343406,14.627721873785072,12
119.28571428571428,86.20372872027147,28.90063858476547,42.9035945881961,14.754898185864658,12
119.35714285714285,67.45896775825513,18.425080576232794,32.000657404803434,8.57479519413284,12
119.42857142857142,56.57228354072443,18.947944398162317,27.674289487558738,8.98486494601474,12
119.5,60.946323472694836,25.751545329898647,28.21436942699591,11.758868548421315,12
119.57142857142856,54.93207300545464,27.410051213094654,23.722924476465113,12.974201635643437,12
119.64285714285714,54.12970584057437,23.430727627289873,22.723975314907236,10.840970900269994,12
119.71428571428572,58.3744483578245,23.356390995108892,24.449881395044642,10.637961639159533,12
119.78571428571428,60.027020715167865,23.306186295661814,25.44423965891391,10.26777314606268,12
119.85714285714285,76.92648994661975,25.86325554262912,38.996350960919976,12.199379511920302,12
119.92857142857142,101.33402067734121,36.70172282109737,47.283172293596344,16.955076818150566,12
120.0,94.51838522910424,35.09715447620802,41.091477760367795,14.856855680023635,12
120.07142857142856,94.04554923543465,38.56839572340652,39.228573385961695,14.950560996731697,12
120.14285714285714,130.59979153368522,41.73698321010768,58.11309646810229,17.02548386402471,12
120.21428571428572,140.21292545358006,51.20950070192368,60.909358935812186,21.498141442325416,12
120.28571428571428,142.50276015953705,45.643003557606086,63.39811249119339,18.855246605638353,12
120.35714285714285,119.14159759721277,38.73301802414437,50.10999001710387,15.40367508334953,12
120.42857142857142,120.11711141772963,36.20652698051885,51.742751021338464,13.813644724954962,12
120.5,103.90854986853,32.75806849318068,42.372660058056276,10.760888151687324,12
120.57142857142856,96.83182241928996,28.750660483508213,41.837647760806846,10.416568003010534,12
120.64285714285714,84.95247658729632,25.665234715701366,37.73163084000779,10.518402634509169,12
120.71428571428572,99.35254574059257,29.205389231292,41.943895157344215,13.477093450789663,12
120.78571428571428,61.11543816638834,20.753935098710897,27.890176302073932,8.895014846295584,12
120.85714285714285,89.38961784565386,33.33903740515815,41.80954274853028,16.043022459358365,12
120.92857142857142,90.08518027308132,30.542615660662573,46.72339302912647,15.084797181224227,12
121.0,73.13582655365599,23.12050949072311,35.18340389019958,10.735488861153092,12
121.07142857142856,59.616670098869164,19.353446169300206,24.651178574592354,7.890323800441529,12
121.14285714285714,70.48058390594532,23.010237256441723,30.302398656902525,9.305927241438871,12
121.21428571428572,83.25622596594644,23.717794085105016,38.45571824467973,10.441477577868723,12
121.28571428571428,91.64850208223444,26.41630183572926,41.59260356033286,11.580181228230767,12
121.35714285714285,90.47594109815358,28.132079796082635,40.901856691491744,12.769667757035494,12
121.42857142857142,72.94918021504571,26.315208443435704,31.849053186642013,11.47053321657502,12
121.5,88.43660860110602,29.050688337229513,40.7659103402925,15.393180307868105,12
121.57142857142856,90.99377437219586,32.817010747133985,43.3349674037951,17.95160162317332,12
121.64285714285714,98.63373008438695,34.93590844183174,50.3966255418989,23.924101498948712,12
121.71428571428572,140.12507794835955,40.770962071501856,73.59483088441594,30.261621993402045,12
121.78571428571428,137.2559198028881,39.95493305397356,72.60657954050902,30.258140863568716,12
121.85714285714285,134.18733322524898,46.06496973236084,76.65807189947986,37.478640274247816,12
121.92857142857142,118.97811486389396,36.47649072345474,63.566843481750794,27.17040401630843,12
122.0,110.54438286631718,29.90587320724774,61.441218806582164,26.4071788551594,12
122.07142857142856,99.10868446041628,30.429840776962482,60.49102835653923,32.13864212471472,12
122.14285714285714,79.71761220404998,26.993183806503698,48.42957448625537,27.522335522688486,12
122.21428571428572,83.33216891456416,25.309235561328453,51.28549280986217,26.349253288007272,12
122.28571428571428,90.02764126429096,23.590347019033953,54.23528907535094,23.949399838492603,12
122.35714285714285,71.72987637724182,26.028475041058897,50.01360212899107,30.40072148039665,12
122.42857142857142,76.61691645145177,24.69493373820694,50.87181402242081,29.820090684851824,12
122.5,75.19138278196516,25.781337726704727,47.09871913401212,27.555406798057714,12
122.57142857142856,86.05933550676303,29.18802512229972,48.41750205712639,25.57820292190758,12
122.64285714285714,94.22923087038492,37.29875576661835,49.97537968953106,25.29641306242776,12
122.71428571428572,104.25657003233496,36.76523097057874,49.976256546241444,19.95577570653013,12
122.78571428571428,108.83334252656965,39.05288562418978,49.59281822943748,17.949668675688887,12
122.85714285714285,119.72410114896294,38.914977966666235,53.7808099630572,17.4438920796107,12
122.92857142857142,121.2759699401894,38.229645434375975,54.57176094432638,15.818077677818005,12
123.0,111.88148743530178,34.119417265313565,49.17949478474756,12.881799375556707,12
123.07142857142856,91.93404738276321,29.773438381385603,38.60728473711218,9.082109198574129,12
123.14285714285714,81.3908605134018,26.883410259269805,33.45835625428947,8.202211786434718,12
123.21428571428572,80.83041501020986,24.90689298472418,34.520435996928825,8.405791548199701,12
123.28571428571428,79.57499459949699,27.75471385279481,33.703775089988326,11.236195089567323,12
123.35714285714285,86.59575520697159,32.24153707822301,37.54360217917728,14.925290635423504,12
123.42857142857142,86.65960935379736,37.58134339819723,39.498965113448115,18.58646106283069,12
123.5,77.05679965031896,34.502856698308676,35.48280185011985,17.285097449980714,12
123.57142857142856,38.52824859695704,11.447748768281715,17.515159829785794,4.419717774221636,12
123.64285714285714,31.516083318852093,11.73015114968759,17.405481579266926,5.780106372687255,12
123.71428571428572,70.41173959130673,28.864015520384733,33.95712431654269,13.927290862131004,12
123.78571428571428,63.61098979294885,27.186512535757974,31.427422870283383,12.989911442922367,12
123.85714285714285,77.23886502504385,31.711958974509013,38.49918560634929,14.858567222423096,12
123.92857142857142,94.25111971314254,34.03330574638448,45.49568939612447,15.442277320750463,12
124.0,95.03914426830337,35.247644509592575,45.66253054437522,16.060699306481325,12
124.07142857142856,102.25463839681814,36.83382909908343,48.97253610481148,16.751293452897734,12
124.14285714285714,105.35771182885803,36.42165857680511,50.65455523650151,16.445678006149745,12
124.21428571428572,110.92144026316453,37.86936433585084,55.79883968535996,18.16383218746498,12
124.28571428571428,107.5334617785594,36.394789091010026,53.800539687716906,18.512002556756975,12
124.35714285714285,114.0513534271833,38.633185052043,58.62070701123408,20.557805783107387,12
124.42857142857142,83.17414703562847,27.430847913506806,45.04380638981509,18.61369705470037,12
124.5,119.94625598273439,31.210222972571195,60.49043684302217,16.88159130657462,12
124.57142857142856,113.00078748334604,29.35067894272753,58.10437996458969,16.811065033814298,12
124.64285714285714,81.44081125796545,18.8086124078063,42.06520100235471,13.679105823894968,12
124.71428571428572,92.52269823736955,20.068198388449566,46.9024697226249,14.008198120217445,12
124.78571428571428,100.25882613572016,26.28020328364789,50.165556085527335,16.362541600916487,12
124.85714285714285,120.74382689875904,35.11833763124519,57.60596865694242,17.650006827093282,12
124.92857142857142,136.086013351158,42.09699778005934,62.884262015262756,18.772358289656612,12
125.0,148.26293113314108,46.913163075255014,68.848465593538,21.247088473183798,12
125.07142857142856,143.18538406688802,56.40038704918599,65.61672980423856,25.405546965020292,12
125.14285714285714,148.97952067023053,57.259244487217366,67.82009522262715,25.376367170494316,12
125.21428571428572,144.6820325766375,55.574459822234324,65.35543855658386,24.224271509424415,12
125.28571428571428,111.81865868198598,44.71004188609984,49.7452430720504,17.850261819413557,12
125.35714285714285,107.82325697673508,37.857714146050704,46.718349595966345,14.665342230545686,12
125.42857142857142,130.09060043645584,41.58251479086199,56.38732009018074,16.46404620442189,12
125.5,138.14045295065094,37.751168131463366,61.559428238183116,15.681089124769052,12
125.57142857142856,115.59904421504349,31.72473237192394,50.94450227024954,12.665508572966607,12
125.64285714285714,118.53566704861751,32.760342005037195,52.73811786218194,14.081631563499084,12
125.71428571428572,125.19282615610392,40.47548905895698,56.61314395886145,18.417698033004545,12
125.78571428571428,135.55288827401586,51.469863557645915,58.12424436538569,24.240555659624913,12
125.85714285714285,130.2325573542737,54.79929302569965,65.09405378400437,26.602160916343884,12
125.92857142857142,122.5534977996086,47.78558983382026,60.50959821861112,23.171733862093106,12
126.0,112.41666794836158,39.480412309286244,54.04025012117053,18.966549761314084,12
126.07142857142856,111.70876047434085,41.65363205485417,55.73520393313716,21.11489996588212,12
126.14285714285714,112.08396188879941,52.43438401588964,48.63887055839856,25.69265484749057,12
126.21428571428572,113.19338655497216,46.10071174977374,59.86527944976334,25.14998584075215,12
126.28571428571428,138.8448315964523,48.106813625177764,71.87995949928398,24.50877683424467,12
126.35714285714285,105.6726860321665,40.58384939706985,54.385512746739415,21.53354523579357,12
126.42857142857142,102.77998490410825,37.47523528791458,52.45278447775697,20.08398274297349,12
126.5,87.75748821909085,35.009844231689954,44.05701527516517,17.788271398640823,12
126.57142857142856,89.27393026848411,33.47133691494247,46.107263347175824,17.23592648636973,12
126.64285714285714,79.29106351528381,32.82234234429689,43.99965418609389,16.98589064925717,12
126.71428571428572,72.2548414271238,34.783450787033104,43.62239313183823,18.65075053074799,12
126.78571428571428,50.21211110923127,35.021130624911756,32.571765296007094,18.750266065329416,12
126.85714285714285,117.01094849861765,34.352028912182895,57.30293669908148,14.572340759973983,12
126.92857142857142,120.89459353423713,36.138549678626724,59.02065873970475,15.366925357218479,12
127.0,112.67903819911297,40.401537874458306,57.73562810165137,18.494878700831347,12
127.07142857142856,128.132274447978,48.72991267792109,48.965376421778224,17.804567346288334,12
127.14285714285714,125.1021573290189,44.580329728112986,47.89829839066937,16.784493230604284,12
127.21428571428572,108.08872025521583,44.680941035327486,39.940680070622314,15.125560943345741,12
127.28571428571428,89.71729982682963,36.04450320946915,32.05252427804086,8.443762832197129,12
127.35714285714285,67.82048245535354,29.000421583046737,23.57193314264936,5.830443296563929,12
127.42857142857142,46.58789698993058,13.395339481936295,24.897947835201506,6.654423065186,12
127.5,90.3892660190782,37.96185924092098,32.02302114936238,8.3194425479095,12
127.57142857142856,108.2539421200094,44.17409756459466,39.72841326805178,12.749813800783897,12
127.64285714285714,68.55865014427516,39.4280696579722,34.70732553690006,19.325477823322544,12
127.71428571428572,96.94938876881415,45.96452015874945,33.833212209212675,14.52867092669767,12
127.78571428571428,102.3480544740415,44.132583200604834,34.34838486549529,10.880387363903248,12
127.85714285714285,79.77741840732716,28.129262674115004,37.72482594699839,12.546464023657922,12
127.92857142857142,65.65342818036754,24.967332616331724,29.860564970487353,10.601333935300095,12
128.0,61.26649438417649,23.578402338731568,27.163959159417832,9.08069549792363,12
128.07142857142856,57.69690574698522,27.05020082565456,25.541293111461933,9.997913754812283,12
128.14285714285714,65.50068665122186,25.24059856338667,29.107342819816992,9.438348211293674,12
128.2142857142857,64.83565881092044,26.19803735784048,27.81277109241074,10.791867582223682,12
128.28571428571428,95.91159564538007,27.65522286519214,42.60232406982914,11.67670159554389,12
128.35714285714286,118.87385518052974,33.87548361257024,52.69660978917985,14.897846922418875,12
128.42857142857142,134.36289134411354,38.134825391286874,63.25743427046013,16.741150623360888,12
128.5,133.94070589197446,50.22617353996724,65.64716422397807,22.318718474338976,12
128.57142857142856,134.66893467692213,50.95947801580879,66.11233719504942,22.941686566569157,12
128.64285714285714,102.70423041972279,47.16427459651351,49.93759942397145,20.858336003053257,12
128.7142857142857,83.09360777244345,37.578195105947195,40.54966193252941,16.062823522700036,12
128.78571428571428,69.35885315448544,26.684277641542224,26.817283175030674,10.501527475221415,12
128.85714285714286,48.162825749172505,20.730828153440335,17.32007038826651,6.9302163251619255,12
128.92857142857142,53.638407557558885,23.52209411182335,24.45358414243164,10.112024546029124,12
129.0,72.76338867706038,41.59901558390335,37.345484504985926,19.986911079491385,12
129.07142857142856,84.14110460419938,58.423094069826924,43.61544367624983,29.102547564289935,12
129.14285714285714,102.61304489418406,58.956693775267965,42.81560864027911,28.20189010308685,12
129.2142857142857,105.02759415406092,60.98141410623732,42.4331034200132,28.632648925554285,12
129.28571428571428,111.0960328030292,51.589287390619454,44.614054179468326,23.371535891315414,12
129.35714285714286,89.65872030287079,47.27368412527398,42.291568245239624,22.66839447339997,12
129.42857142857142,90.37511411772422,34.65030912472846,41.00470203053481,15.614006768848155,12
129.5,80.43105682884196,29.092965973937485,36.23837582347008,12.205940626079023,12
129.57142857142856,100.43948667825104,29.303127916526932,39.69780419919515,11.144134672765746,12
129.64285714285714,90.89552799115474,29.42452466261725,36.746549416597496,11.425693624259566,12
129.7142857142857,99.41379965770254,29.86419117599322,42.941231273637555,11.887220691187489,12
129.78571428571428,100.81651884915826,32.34516843353397,42.076522396600105,13.401420056217225,12
129.85714285714286,108.75984070813021,35.14114703026646,49.211626501383165,14.66699378099796,12
129.92857142857142,91.3740506978444,32.30488841344389,37.44412984665051,12.312595757448907,12
130.0,101.90095131352754,31.416476657817086,42.72468162273262,12.902543915375238,12
130.07142857142856,93.89268638081182,33.60402614526958,38.520520721398924,13.031630516209548,12
130.14285714285714,107.85745469497589,37.989941383911635,43.16290249146117,15.125108031636891,12
130.2142857142857,112.55871938319119,40.462372896608215,46.17030931067627,16.107564621767963,12
130.28571428571428,110.60342201886283,50.49785293795202,45.570676643594446,20.388882478959356,12
130.35714285714286,108.56029727940907,52.332475633810546,52.40008966912342,22.468067774355156,12
130.42857142857142,128.23258647149555,49.640977663155184,53.33049766253593,20.106331724610843,12
130.5,131.51050759415102,42.127221113525,60.65939724297298,18.122513439238727,12
130.57142857142856,125.95387688563535,50.8068431562883,54.67074666251769,21.390028365544254,12
130.64285714285714,122.68256704149802,43.638359909722105,59.35131901454044,20.125300661167685,12
130.7142857142857,107.31631165948562,46.885134655316314,47.58590073577085,19.913809011322897,12
130.78571428571428,123.03416275933287,46.81924373438705,54.23482617495777,19.961901195078962,12
130.85714285714286,123.51163319400663,45.53419479059793,56.15428150418118,19.62950011308742,12
130.92857142857142,95.7643426757851,36.03778157439665,43.61253479813924,15.28609263065522,12
131.0,94.72002649021672,32.70835767597595,43.629952212213624,14.242022592589848,12
131.07142857142856,84.98008702903118,34.241869365703174,40.10151291426549,15.502227687999918,12
131.14285714285714,73.39235809325585,26.41678007717398,37.108660993013146,12.28014999720796,12
131.2142857142857,58.903984335310874,24.439981615045962,25.65403028441926,10.52784394114759,12
131.28571428571428,51.004322670624916,20.351051112149722,22.1516662176551,8.474942063775162,12
131.35714285714286,57.02692307434748,21.911410496882965,24.72471191885592,9.459881270273812,12
131.42857142857142,67.54829134017957,36.5320259358408,36.72864326105692,16.73234062166248,12
131.5,85.70082604791739,34.576650891059074,40.34445791373357,15.650628590483322,12
131.57142857142856,75.1311585588248,33.20875775407235,37.13010472359463,15.149929682827162,12
131.64285714285714,67.67495339206519,38.948121500517864,32.896750128431705,18.591773342491027,12
131.7142857142857,81.95035277265583,46.239384035611224,41.05146788783979,22.147372000807366,12
131.78571428571428,90.4209041910089,51.91676881174158,44.402334767012725,25.086970314586434,12
131.85714285714286,102.77615602949749,51.38195448272726,53.19565902394975,24.49266591107576,12
131.92857142857142,110.80194107527493,45.73064134088535,48.82898184752886,21.606866545250952,12
132.0,105.25742299016734,45.15099224551726,46.38191547363502,21.140710306815,12
132.07142857142856,72.60008348448835,36.23323857686938,34.55420200399179,17.513987141918715,12
132.14285714285714,52.49457796256629,23.71395141637767,27.445357696761903,12.147407724705767,12
132.2142857142857,64.42962361304461,25.05863314992448,34.72153441371201,12.76422604255926,12
132.28571428571428,70.56629757387455,22.824404000804194,36.09174704223522,11.562984973783452,12
132.35714285714286,77.12991474290854,24.71580825836349,32.71062182110942,11.138456654363509,12
132.42857142857142,102.83842846922738,36.68165061935185,40.44994276301105,14.664387111719124,12
132.5,90.76672493668985,37.60518850023556,33.99484180452412,11.175955725992301,12
132.57142857142856,144.08632032280502,47.72220639374462,55.94350510276631,18.558670166819063,12
132.64285714285714,136.0778688714945,50.503459127206256,50.52034915023217,18.43075551863226,12
132.7142857142857,127.70331980982002,44.01199724644767,46.7263384944372,13.854617454699621,12
132.78571428571428,108.16054039543467,41.626956683946084,39.3785303808582,12.396233237249453,12
132.85714285714286,97.49770644992476,38.68730767080906,35.32028156386774,8.87505581886032,12
132.92857142857142,115.83979441478542,41.385268531563916,44.610619619517834,9.929674587148263,12
133.0,86.31191596962314,25.10891669137246,44.37804119226493,11.45741381127906,12
133.07142857142856,151.051435801703,43.72597314775854,60.64931843443529,14.1810842689309,12
133.14285714285714,137.94186115245623,41.71987946504002,65.67797316285947,17.26807547408342,12
133.2142857142857,151.21068115096574,46.8906976768188,71.47842496815285,17.688716964640363,12
133.28571428571428,171.4591487977419,48.10826680124911,72.07070117908327,17.516725981866745,12
133.35714285714286,169.0218801151587,48.00097693496317,72.5363303695141,17.81475168889069,12
133.42857142857142,169.29990269207926,48.44130167035166,73.78259557285845,18.71855807031823,12
133.5,158.50127522506918,52.41303480503939,64.06350290831888,20.98477999619034,12
133.57142857142856,149.69815431381866,52.81567262706625,66.03990099112576,20.7864733070271,12
133.64285714285714,136.0206985529167,50.84478341721916,61.437753902383356,20.04407842362192,12
133.7142857142857,121.28667192505165,48.53709269859264,54.483992026764746,19.049597968769564,12
133.78571428571428,114.73596876430179,43.98751393499417,51.42282959114213,17.19884978620882,12
133.85714285714286,109.12726080390794,44.618884110066986,50.892403577545245,18.260275083003787,12
133.92857142857142,108.89162961689603,32.24871510450624,49.97548014791421,13.422147893530745,12
134.0,96.84794507687693,32.213087401743806,44.02163048547858,13.499971877985736,12
134.07142857142856,91.35660536276887,26.05289409462552,41.73227052217263,11.535129948289828,12
134.14285714285714,101.76669943545234,23.377169446997,47.12000385900773,10.983339722701263,12
134.2142857142857,92.64475383379948,20.039550088907745,43.522980145157675,9.185459891146964,12
134.28571428571428,96.21585171585548,24.68478417891737,47.19466552284905,11.693174377744308,12
134.35714285714286,97.82196540640797,22.83281594273891,48.67941037896925,11.103360015544094,12
134.42857142857142,98.05697305110972,23.979972150608052,48.276322300628934,11.183300005234797,12
134.5,99.99434659298058,25.22197420038102,50.30209762521965,12.915577582644506,12
134.57142857142856,111.45761874314252,30.00213616576181,55.504406403296585,14.336583298425134,12
134.64285714285714,124.66882512207863,32.56745900919205,63.761317030007206,17.320138583132113,12
134.7142857142857,116.28872769256816,34.82162305250847,61.03482840879687,19.741755173972052,12
134.78571428571428,119.14228845458543,36.773989620086724,63.63173756242897,22.21421366828357,12
134.85714285714286,109.35867960549866,40.50980764992028,62.02948202522801,26.16421384660384,12
134.92857142857142,120.13745767485418,41.01337299234929,66.03033334924098,26.07447170449818,12
135.0,124.6323876811379,41.479271102955956,68.34738609836026,26.251117528541585,12
135.07142857142856,133.2034578783942,38.95153850793918,77.48959750054536,25.268182908479172,12
135.14285714285714,126.40707801829386,47.52781829372636,75.39328066795478,30.448783086405683,12
135.2142857142857,127.0161343893616,40.51230718731117,69.32344847947874,28.528937292191078,12
135.28571428571428,123.67445940260737,31.61945839837154,62.89937582674675,21.166803304931506,12
135.35714285714286,100.81339580462515,30.484426695518675,53.52299436460523,21.854191072606927,12
135.42857142857142,105.28103838230527,34.0670530112531,52.873473044070785,20.30211945241033,12
135.5,112.32535271727924,37.782338521614825,54.64714761806446,20.209262905796226,12
135.57142857142856,115.27752570970127,38.62292480771637,52.95961731043223,16.639651497132654,12
135.64285714285714,114.75287154990619,42.145428332723974,49.820356555564985,14.616821527799653,12
135.7142857142857,117.07407811455764,45.11116482196038,49.07210935913778,14.516661854871366,12
135.78571428571428,128.11259135500853,46.26116988579538,52.93521635417545,13.767742025034146,12
135.85714285714286,143.00058899441606,50.609195038628805,60.07511728574216,15.17171637274052,12
135.92857142857142,133.02670805007384,46.9986667416343,51.33194899772877,10.425444468880382,12
136.0,127.42614050157746,53.70050975053224,50.922053659296694,13.61824161454891,12
136.07142857142856,135.82633603117793,45.76010412912963,54.0125311048791,12.124879421527883,12
136.14285714285714,122.40519229719189,46.551049316123866,49.94927752664347,12.897552585017676,12
136.2142857142857,111.0967167682829,40.95962189918069,44.85425165598223,10.576782315397999,12
136.28571428571428,105.0952026141339,34.33727004795708,42.50577914519162,10.807586139595962,12
136.35714285714286,96.76357845891089,30.564055334585326,40.28343465107216,11.28205031718731,12
136.42857142857142,78.15129562577499,27.942118906195965,33.469526629687756,11.15618974732776,12
136.5,54.09373511575894,22.424806625105862,21.931599860755593,9.235909092252397,12
136.57142857142856,49.728687856433496,19.778618029794906,23.057946233212352,8.632463640940035,12
136.64285714285714,42.676076867779216,17.69516018927614,18.86374261667408,7.586539872108227,12
136.7142857142857,40.753545273823946,14.028395807846703,17.70617156154879,5.913112658403393,12
136.78571428571428,41.53630097206373,11.737435164240061,18.18339670984796,4.730505261395216,12
136.85714285714286,42.44226789831408,11.964204320397121,17.072103832674316,3.310271695904925,12
136.92857142857142,70.79147074618831,31.094017724924512,33.30098318341725,15.47817840723971,12
137.0,79.02576274346539,24.279841556684524,35.346873966009156,11.1418685628618,12
137.07142857142856,78.93767587249921,19.925340511445068,34.396877583846695,8.258288281674577,12
137.14285714285714,66.78400991566062,21.493546799512686,28.845596339278668,9.192341583522069,12
137.2142857142857,73.14208539756164,18.974839691825835,34.27511420293459,7.58678035662932,12
137.28571428571428,88.56169787705916,22.316524417719364,43.035368041917394,9.569146497585955,12
137.35714285714286,90.21705476340816,23.199874532219436,43.362564414572354,9.859684395250982,12
137.42857142857142,93.2936859800576,36.795132102669974,45.51667775686794,16.971250528160912,12
137.5,102.96397710790515,31.903102689934272,49.31690571132593,13.792676332909123,12
137.57142857142856,100.43033816377624,29.433090416477008,46.071238231889716,11.239918692123046,12
137.64285714285714,139.34190299332735,38.90004626534609,54.658371280112824,12.446042704467926,12
137.7142857142857,137.55947908122027,38.8206932352521,53.112436599255574,10.903238011658242,12
137.78571428571428,127.9620668260095,39.27823286633892,47.91167807372265,10.14488128051083,12
137.85714285714286,128.86744546245126,42.334074722635044,47.85488390686206,10.619029966804675,12
137.92857142857142,137.34617794760908,42.4585985592404,51.82325834443287,12.25429742345418,12
138.0,132.89696167133533,41.02419973487138,51.784460369382515,13.535619113815407,12
138.07142857142856,135.11544063973045,39.96227781164035,53.38440270006421,13.813182902521653,12
138.14285714285714,144.22285419125274,46.27568228407636,58.38507794042999,17.08451898960379,12
138.2142857142857,134.6622453436996,43.90043056149727,53.449993760982295,15.68829778546591,12
138.28571428571428,137.07365630669713,47.61726818814462,54.23771754561509,18.880714024111267,12
138.35714285714286,118.34182004103059,46.8184857035992,43.83858866604525,16.49190029385064,12
138.42857142857142,117.19974701976106,49.75020589152215,44.66273629302498,17.754033365656145,12
138.5,152.95563754835325,44.178808019471624,71.56487614856962,21.909109629958767,12
138.57142857142856,101.64322265104268,38.188965545504956,38.740355141647605,13.586383886332028,12
138.64285714285714,99.93422320181804,32.53681633732439,40.246865901369915,11.873538314841523,12
138.7142857142857,94.49040339989931,29.55771761022338,37.837034075485015,10.94431077629831,12
138.78571428571428,90.0055545383573,26.978472830108068,36.90538844389281,10.530067493767733,12
138.85714285714286,81.26130965709541,24.468271597834224,33.57839187763759,9.772789954923548,12
138.92857142857142,69.2634686858404,20.91506475061886,28.906763412326153,8.366483330836497,12
139.0,74.82617002724307,19.56595579031476,32.89830376491137,7.635462717480562,12
139.07142857142856,91.77746931555673,22.143008237775224,40.15322246641276,9.208222399824402,12
139.14285714285714,108.72119920580401,29.409594137078845,47.668330888295834,12.91208106833917,12
139.2142857142857,115.04329662725004,31.991822841714228,50.05589096568313,13.693786821805748,12
139.28571428571428,109.17162172198243,36.21867542381229,46.90902497059678,14.898371980488532,12
139.35714285714286,109.11281534975936,37.41854145201227,45.94105625570749,14.65409318377143,12
139.42857142857142,110.67874034818135,34.78587722327748,46.92351968133764,13.410259994652872,12
139.5,103.48928751047023,33.77152069053866,43.819873972311875,12.542821788616068,12
139.57142857142856,102.65525207115994,32.95469297891745,45.04789061732817,12.858217444647371,12
139.64285714285714,105.8410667662985,32.390254929268295,47.379270523630574,12.853981501756078,12
139.7142857142857,110.24036938324488,35.52792364890112,50.85444959904535,14.470530088631714,12
139.78571428571428,110.05552062865551,37.968786398328795,52.75937380499127,16.167947107696477,12
139.85714285714286,113.05895426154419,40.633227280138854,55.36284361710178,17.867205817948644,12
139.92857142857142,99.34726590879212,37.468698169422616,49.66002602221796,18.026146633014985,12
140.0,128.54719916411258,40.76089935328277,62.2425296520298,19.562529698796563,12
140.07142857142856,134.51204083520503,39.47515229922387,65.24279925423394,19.425798810692143,12
140.14285714285714,134.08406760800608,39.63530920665087,64.99423651737531,20.24728848079207,12
140.2142857142857,135.42172166266155,38.90003548862399,65.02477403342914,19.888434238818583,12
140.28571428571428,135.64173595531088,39.07507565655366,64.64416435191545,20.311716246314397,12
140.35714285714286,125.6614044442219,38.284881904007975,59.71097209764365,19.953062061810108,12
140.42857142857142,115.13476613661783,36.79018473260171,55.09325542932706,19.77625059261698,12
140.5,118.1155127353248,40.832902961202564,60.587108799634166,25.611388691697783,12
140.57142857142856,108.55886627214849,37.54757104301837,57.43339590607663,25.484082994917035,12
140.64285714285714,101.14816883588257,30.61588720887191,53.304358831203785,21.84530454190574,12
140.7142857142857,93.9970015111115,28.922251528893362,52.36522806714983,23.44766188311142,12
140.78571428571428,85.56736898217396,25.561192397780186,46.85913962773875,19.46315348258264,12
140.85714285714286,84.38536098519965,25.380645253203372,48.27471293228768,21.174542650225394,12
140.92857142857142,76.78702844467543,22.664210712981216,45.220388483113936,19.997132341287575,12
141.0,77.09183368887541,21.71987035419704,46.04222854615739,20.70293109976055,12
141.07142857142856,74.17020793412087,18.832273212329838,44.99601736016288,19.94004965428128,12
141.14285714285714,73.14243716537608,16.212207658637862,42.116436012872505,17.511335470820086,12
141.2142857142857,66.29299515665748,18.119969388805856,38.33987267899329,18.129233224945093,12
141.28571428571428,78.81357508024405,20.09427276866519,39.91493786371066,14.016405530578835,12
141.35714285714286,107.65546057765451,30.77225792065204,54.45870256708074,18.023834607733725,12
141.42857142857142,109.55178018899865,27.260772664717102,51.7627971557616,13.854733492214667,12
141.5,114.53819309621959,27.689103711502813,52.879913705328946,12.987852172768903,12
141.57142857142856,93.56804662745793,26.541105758140947,43.73370289748337,12.642626617788396,12
141.64285714285714,74.5006869344633,23.292000950623578,34.47818416410923,11.172862414996775,12
141.7142857142857,99.33934426196622,39.7271541732112,44.170802162821296,17.109726168064363,12
141.78571428571428,76.6871988800698,24.88941892865439,36.12904600026307,12.241421139453594,12
141.85714285714286,76.24187456420047,24.231025712138614,34.6164958566934,10.223227481844473,12
141.92857142857142,67.7864081104808,27.503694699160228,30.52193065391337,11.314758870453065,12
142.0,66.65196199985476,24.666765951931655,28.097206791141215,9.482046314559446,12
142.07142857142856,66.13145902717424,23.717851659981626,30.496776555658567,10.803860732660604,12
142.14285714285714,93.75942473241864,34.288528014633556,45.06061232926143,16.804899006059394,12
142.2142857142857,86.14293739298307,35.85112958211236,43.284394086037565,18.020355288451302,12
142.28571428571428,83.23420611387117,33.036812475779946,41.45852970069753,16.446919347856607,12
142.35714285714286,79.66677260894572,28.506605268561255,39.24218951721874,13.941385039265326,12
142.42857142857142,72.91305966572783,20.777352013082876,38.919146185143646,10.409376940091938,12
142.5,57.85391163868766,17.619083395072092,29.279427287475368,8.241982555330818,12
142.57142857142856,54.17551501014606,18.160423891829616,25.904004574061204,8.188103596504558,12
142.64285714285714,56.530260815966656,16.844180218592623,26.1810004271883,7.292845435183699,12
142.7142857142857,68.17616800798439,19.011491369358623,31.780116552607044,8.70961248946611,12
142.78571428571428,85.9604847401066,28.151383841519184,39.4695681230325,13.303112526961264,12
142.85714285714286,72.55721244819559,24.179496013998936,32.01349499333496,10.418574218004245,12
142.92857142857142,75.83161192346866,24.263097878649493,34.70445318322671,11.133283754986499,12
143.0,75.50473772508806,22.941161851309086,32.92530748168859,9.510305088441068,12
143.07142857142856,69.92872794761209,20.818784721055735,29.591543429584213,8.027522640721635,12
143.14285714285714,61.70429301062495,18.387374572024616,24.601097547656664,6.027467140139122,12
143.2142857142857,51.78094938924824,18.127885956782038,20.239872653835107,5.937359201275662,12
143.28571428571428,59.174815130936395,18.84939954270589,23.246192968444184,6.8420773411293405,12
143.35714285714286,65.65190823098193,21.576562592680016,26.610958704939595,9.03830786663478,12
143.42857142857142,68.5326284734211,28.989953815634067,28.70987903394034,13.30596061938947,12
143.5,62.29823578599644,28.424682414069043,26.47485546179692,13.272314306737853,12
143.57142857142856,64.64059062289326,30.869246000941367,28.51722683914662,14.636626300765666,12
143.64285714285714,61.01051820808466,30.83878558039004,29.03386902133465,14.694568539564104,12
143.7142857142857,56.68878841470923,34.662142405621076,25.675917965939544,16.787775175752316,12
143.78571428571428,25.41869281565596,10.881865955066326,9.80439605190397,3.615413888492784,12
143.85714285714286,67.96525086102332,41.405497266127256,29.251813495817846,19.768008009817073,12
143.92857142857142,69.21390801768474,38.10531588954066,28.92212995869148,17.70981057197853,12
144.0,63.549924218092485,32.69007979066092,25.898150715521712,14.574340554552329,12
144.07142857142856,54.39190750925971,19.96942291721339,23.40821636769809,8.194276322898348,12
144.14285714285714,43.32969619594226,14.461623021626881,18.07990018982606,4.854827543013264,12
144.2142857142857,40.82319983045105,15.401482562716959,18.759894827175387,7.529734083112477,12
144.28571428571428,49.08825924989385,14.965730574316355,23.0455482090453,7.696052054644276,12
144.35714285714286,60.00131622218188,17.134085672307016,26.490009120684828,7.182360074958729,12
144.42857142857142,64.36918369814902,18.215323377522427,28.653734980135756,7.944183506291877,12
144.5,62.27963519244205,20.19201732752433,27.520621957794564,8.793296295906298,12
144.57142857142856,67.25192650162266,24.376981573584672,28.879589270091703,10.796381278535762,12
144.64285714285714,73.1075842397292,28.653476923555676,31.68873091366585,13.01578861369122,12
144.7142857142857,63.43111002494249,25.83724936395837,31.892515733473836,13.11267821500153,12
144.78571428571428,56.79730470280992,26.10777070068055,27.463843616696526,12.514790190046526,12
144.85714285714286,94.25003313127905,31.61049652357395,44.69511390145866,14.794107140043895,12
144.92857142857142,91.83050919644114,29.877340570179808,42.825941817613334,13.930520228290822,12
145.0,76.8537689180937,28.932455237558326,34.67758951030216,13.041225757215205,12
145.07142857142856,69.08622653638767,24.908698049384792,30.620530862893432,11.018513678573536,12
145.14285714285714,57.97742163127559,23.46003325390151,24.031802894909315,10.159344785170825,12
145.2142857142857,49.760947599593855,15.100314758329546,21.84504946614719,6.281545424637126,12
145.28571428571428,63.37904984022287,18.722681040913795,28.104132207194734,7.8865412896496485,12
145.35714285714286,70.63628616339165,24.99248273466982,29.331110000035522,10.926016071530931,12
145.42857142857142,80.63656018268343,30.323146036708437,33.586894206594174,13.681084687925667,12
145.5,86.93873819922833,34.90371062405489,35.74498888714077,15.887230114612876,12
145.57142857142856,96.13082115608884,36.00265048392562,43.02513663461211,16.364089714529158,12
145.64285714285714,99.13315803680268,35.782818135248114,40.63363414995831,15.48307809885206,12
145.7142857142857,127.92161805613276,43.690479327371456,54.65309519214421,20.048286222223965,12
145.78571428571428,101.6927521455824,39.4549842327942,43.189400054900524,16.884568865882073,12
145.85714285714286,125.58451209970505,42.958077414740764,54.57049563758166,18.80646712628512,12
145.92857142857142,123.79051323529707,41.51010506885467,53.43509799044218,17.76395885734575,12
146.0,112.0929900902874,33.4910169140236,45.48911124593285,13.046173339951755,12
146.07142857142856,104.76014333983453,30.721373080727798,42.11623292939962,11.561930433214508,12
146.14285714285714,93.8617728802516,27.987090317049724,36.729012799691795,10.046580995056306,12
146.2142857142857,93.74030211299991,29.73572719303585,38.46662671970893,11.344717890652294,12
146.28571428571428,88.83238149127999,30.729603665842642,36.11768022419721,13.334764673637418,12
146.35714285714286,82.47617053837254,32.73988109098725,34.29557604650136,15.383583888149548,12
146.42857142857142,60.38813692607865,19.782955454579046,23.696846208274287,6.890621877234223,12
146.5,63.59458121357235,20.403377728102633,27.747776669450175,8.569651254597177,12
146.57142857142856,64.14290871661115,22.348076330656937,28.30785954957396,9.91894858023457,12
146.64285714285714,62.15978275033423,24.571333950775344,26.864335086489266,11.062885352222086,12
146.7142857142857,63.87656116869519,25.32937596520855,27.38703187980499,11.424698658819318,12
146.78571428571428,64.6852580532876,27.433074529929012,26.715220803769462,12.706735961416207,12
146.85714285714286,68.72673662427435,26.526122354339122,28.049195452117758,12.211621921102882,12
146.92857142857142,74.4052495669899,27.73523174048007,32.84217859133495,12.808317665402052,12
147.0,84.25332742444952,26.965646742221093,37.79270038857864,12.634640698492063,12
147.07142857142856,76.0477135913842,22.478107481544637,33.49041364463395,10.038742122558952,12
147.14285714285714,66.37999957602621,19.564909501140612,28.896039968769912,8.401335478114035,12
147.2142857142857,56.01829763086939,15.091675370005692,24.138279150706047,5.9340617630938475,12
147.28571428571428,52.33712906529503,18.534668015895743,21.795071505837363,8.154557948052183,12
147.35714285714286,66.15031106103682,17.850278825442626,29.313216955409985,7.456577338830534,12
147.42857142857142,70.44153692017235,20.61601047390701,32.939872549032515,9.462595667139157,12
147.5,75.91914651684091,23.180705398491405,33.662237371177696,10.707300305914094,12
147.57142857142856,68.66690746335416,32.232675479551304,29.33111153569845,15.08918020589324,12
147.64285714285714,107.89895697815766,39.221430010819184,47.53862341824713,19.147006199655422,12
147.7142857142857,100.89540465027999,39.478884915838556,44.16267738858288,18.650473488073843,12
147.78571428571428,82.89082242392536,38.78050295578615,32.019518539261014,16.004721447279564,12
147.85714285714286,120.94278032547622,41.39190208298116,49.14413511919993,17.05866588120348,12
147.92857142857142,114.02982041481602,42.61004755238097,44.723661615227385,16.731289215122338,12
148.0,112.44178926142654,41.60434262110746,43.73646460546958,15.343515417965804,12
148.07142857142856,70.2693824001986,42.52647246157443,21.536769712846414,8.425674471750954,12
148.14285714285714,62.02845377730268,44.79470718943273,16.913750766002345,7.996005475682407,12
148.2142857142857,71.38150937149827,46.70886506512382,21.183194325333055,9.441882252927496,12
148.28571428571428,102.9302042616434,47.574900056525536,36.98428480819738,14.3934729704982,12
148.35714285714286,102.10463744049781,47.64684401936649,36.793086288050695,12.525195362832616,12
148.42857142857142,85.009469080653,42.18486576381776,30.85687134153308,9.082410977686003,12
148.5,78.9301364085847,44.5165279829892,24.990769048149126,7.7811110021431125,12
148.57142857142856,69.22071260894859,42.386680222354634,20.92412675514327,7.6573703999788885,12
148.64285714285714,73.20396956404782,39.49588261238838,21.7564804906716,7.847060100767296,12
148.7142857142857,71.05720913285079,35.266741922251214,22.528445429192633,8.458276299623718,12
148.78571428571428,67.00217462753213,29.26159245827003,22.302969034737167,8.009529680998511,12
148.85714285714286,68.5021454897803,25.087938412904684,25.694415802184093,9.379733698663737,12
148.92857142857142,69.4034086284888,26.927281951848034,27.655541003945444,11.849851077178295,12
149.0,71.1874869363667,24.356782717137218,30.486032550839592,10.677367001715762,12
149.07142857142856,73.50742891869221,27.57252910258291,32.11246632914894,12.64986409834325,12
149.14285714285714,79.5964660439942,27.189560667259755,34.993620717787,12.417530769339459,12
149.2142857142857,73.24603755460305,28.833343460303904,32.67596306306589,13.46206307626681,12
149.28571428571428,85.9536466583709,26.677651692039614,38.84488457525353,12.411667409313896,12
149.35714285714286,77.37569717481986,27.669777721943042,34.40262958680835,13.22647866485624,12
149.42857142857142,77.54435295377417,26.166403736783035,34.115486456034404,12.705587062061307,12
149.5,67.54086582809845,19.182238430805462,29.309328049188508,9.447555835398012,12
149.57142857142856,55.73765403468801,18.168698054808928,25.76248150449942,8.67266808435407,12
149.64285714285714,48.63066389453529,19.62728703727015,22.86464138071807,9.532213929538633,12
149.7142857142857,40.4049382293823,15.235817003929213,17.18662471986166,7.129325216276259,12
149.78571428571428,66.8514436099054,27.914162802647333,32.06007851855408,13.663587866668315,12
149.85714285714286,51.034983027880244,27.889317594019168,24.168609258481656,13.351054278878614,12
149.92857142857142,59.595405108926734,32.76728018786884,28.17952651799111,15.813772252933395,12
150.0,53.15545316073175,31.753662025152195,23.79340187380147,15.36313259434451,12
150.07142857142856,56.164638223848655,32.87395369792577,24.80155473858427,15.890179367736723,12
150.14285714285714,64.43956126309004,36.44000943232922,27.829946228512828,17.627128950430517,12
150.2142857142857,66.42186445660897,36.67796762905686,28.267902911180084,17.54842101554332,12
150.28571428571428,68.55062325206819,37.37973541788561,28.54944029231872,17.64469044464765,12
150.35714285714286,73.87426457232765,36.81332252184067,31.472873310978766,16.822849894835503,12
150.42857142857142,85.98993294584632,34.22302826435196,37.21736247011745,15.192888220979192,12
150.5,79.03363884928817,31.48925085585472,32.529644469970066,12.896692547518775,12
150.57142857142856,72.02938122033896,27.390485556853605,27.20200773304728,10.175272243563033,12
150.64285714285714,79.57342798986093,27.66625606071777,29.894059063392255,9.825217154000832,12
150.7142857142857,82.7864101373955,27.012152684728708,32.30654220971695,8.19068066154196,12
150.78571428571428,80.97994645578069,27.36235556627731,29.715865358321263,7.96921681442832,12
150.85714285714286,81.72226146657303,33.18427362077581,27.72104470238655,8.352075678191843,12
150.92857142857142,79.53318692585664,31.023494247561985,32.236055123171894,9.826457981693316,12
151.0,82.793798038917,30.310703397947865,33.25088209478676,9.088780226124523,12
151.07142857142856,82.62669527013796,31.33413424619162,33.378594631655105,9.711410263290118,12
151.14285714285714,82.65392883962105,28.683633611838204,31.70444435092434,7.291035142048743,12
151.2142857142857,84.47799526128028,27.198401960028608,35.4638165949003,9.326065193199826,12
151.28571428571428,79.07878588418609,23.99444163897315,31.943005577277695,7.208551163243543,12
151.35714285714286,71.99285940508972,20.744734725042306,29.82688533509749,6.778483984002559,12
151.42857142857142,68.65596679956488,20.012592651880865,29.388689023150317,7.564808500835205,12
151.5,72.2966470795477,21.05612239507594,31.935187358076398,8.975617083718468,12
151.57142857142856,73.20572829750438,21.14469464076412,32.86673716699597,9.338832948184358,12
151.64285714285714,76.61038558553525,25.029186461866182,34.98347008896844,11.384947345421434,12
151.7142857142857,76.37287575042878,25.495472075051953,35.192921634819015,11.833943580220549,12
151.78571428571428,76.31157043553742,25.595572007441973,37.3594760542238,12.77434803161968,12
151.85714285714286,70.63436801160023,23.28679171002433,31.909281161844763,10.760969449706531,12
151.92857142857142,66.22850116499296,22.663609306051878,31.566626894684433,10.645110811937208,12
152.0,64.65356798147687,19.366160195848067,30.73766354108397,9.048587799367004,12
152.07142857142856,61.992539246954614,16.831061754000128,29.59453599185888,7.974692112280336,12
152.14285714285714,53.310073598796066,17.67297216793565,24.977983121988252,8.59520061650991,12
152.2142857142857,50.297585708028095,18.530649455615006,23.458195562580876,9.116700923018321,12
152.28571428571428,37.36229223216193,10.411083568445697,17.313794274764643,5.012558003767878,12
152.35714285714286,45.1931982412291,15.869495271631624,21.137541716873052,7.126564201825134,12
152.42857142857142,65.14791670492556,21.61785415410208,28.691864143430855,9.353095373680658,12
152.5,65.1495717029924,22.632699102616133,28.54202246044592,9.28133730009043,12
152.57142857142856,76.71950966059465,28.740604527258355,33.552350168511666,12.251726117506616,12
152.64285714285714,84.58005481779622,33.69039739318823,37.18158009195376,14.970369373941,12
152.7142857142857,93.97421934284836,42.40296729168351,42.09085239470392,19.782314832636963,12
152.78571428571428,37.63170188030133,17.864896234087578,14.132914989920268,3.791786076982455,12
152.85714285714286,74.27658368994908,29.657429083134147,31.95257422628437,13.55445277797757,12
152.92857142857142,62.29603887192786,32.987271782993844,28.84794846507855,15.901132237973647,12
153.0,56.530203929102036,27.087086089812427,25.90223596245835,12.896527128181317,12
153.07142857142856,56.19721381665593,25.103229959815465,28.00231168419009,12.793593948789713,12
153.14285714285714,71.27931304603051,23.517336321637377,34.754739074044195,11.126676748485071,12
153.2142857142857,51.18081154792301,21.134339496133983,24.043240852299217,9.924935626569098,12
153.28571428571428,54.395529619654646,18.215736299163737,24.016991780638612,8.291051248229177,12
153.35714285714286,67.27257023411022,18.761074861988043,29.51520113503336,8.03724339749958,12
153.42857142857142,65.65002068883997,21.688652825903695,28.941436222256833,9.550330983095925,12
153.5,63.83616193599835,21.819987286320355,29.009920742994595,10.014234733011268,12
153.57142857142856,57.23900709089992,19.52240540560158,23.46389269441932,7.599395777978187,12
153.64285714285714,56.57192405355541,17.438545808376254,26.77882101991981,8.868766571367196,12
153.7142857142857,60.17124634370418,18.18050814868136,28.975182523681827,9.585132880202924,12
153.78571428571428,64.75248212963903,18.64534370479761,30.06526445549712,8.920472147795136,12
153.85714285714286,39.04273770790902,10.157062395167062,18.16665543521521,5.287875616678494,12
153.92857142857142,29.2790790150977,8.795377614509132,14.725023684155584,5.583087686949354,12
154.0,25.01717949578962,7.892711431787722,13.489146028611307,5.9617026087615885,12
154.07142857142856,15.114053515571051,5.6525416437974005,7.177731427946064,2.7170784423660144,12
154.14285714285714,28.32608841036191,10.519122068418685,12.348836602119144,4.731469403011533,12
154.2142857142857,27.17165689923751,10.501094916230938,13.007965794680858,5.2259529953955965,12
154.28571428571428,34.086094646834525,13.50455267052557,14.777731433653628,5.475200781948509,12
154.35714285714286,46.04992093873757,16.6666474234512,17.50244696409611,6.212245813662513,12
154.42857142857142,54.51105333144119,19.27051860741515,22.24733217046123,7.086290474459624,12
154.5,56.41992275120709,24.99196087569985,21.98065336517733,10.060757883567707,12
154.57142857142856,64.26782204590606,25.742440603286894,27.09969570583521,11.07748682447419,12
154.64285714285714,62.96817560732575,28.10028836062164,27.89655157277416,12.579419301330725,12
154.7142857142857,66.38852654253397,26.580362985107467,31.842206829792886,12.828087722761424,12
154.78571428571428,64.98830516674957,20.40330988112834,29.67604024608577,9.241887249316308,12
154.85714285714286,61.54041077325187,19.020625897654032,30.341997092593612,9.289100032241604,12
154.92857142857142,63.411765592966326,23.499285340926324,32.97573225118005,11.343092070592883,12
155.0,58.7983649449945,21.57120898597584,28.214512761675255,9.743324332542976,12
155.07142857142856,64.75513382532216,25.296341651585422,27.64608938892516,11.59234924493922,12
155.14285714285714,71.10680787359189,25.69064401535548,29.952648742600566,10.939027913314828,12
155.2142857142857,66.7588992108933,29.314010879111724,25.73191797569627,11.328208522949701,12
155.28571428571428,64.94526245329912,24.447537217089412,24.287739845800647,7.936900492844835,12
155.35714285714286,66.72482614472585,24.22659001554897,25.49424961059401,8.0703397006211,12
155.42857142857142,65.05317756956195,23.90383360243391,26.37075118173732,8.353553355521088,12
155.5,73.60813613215154,28.536983854639086,28.82751577980251,10.995178833231341,12
155.57142857142856,75.45125634348409,34.1851260502101,28.585434575272174,14.433451144767398,12
155.64285714285714,76.45613820428088,32.508788389655,31.69524164077004,14.199891927110631,12
155.7142857142857,82.21301133717347,34.769283675123475,36.02912559969871,16.273553462491385,12
155.78571428571428,82.55769908852245,31.32007580618185,40.48368824980118,15.537987881180872,12
155.85714285714286,94.73913351953526,32.996041775572515,49.81899252444632,18.877619059718974,12
155.92857142857142,86.10805743992788,37.27527143207558,34.84130845906935,17.306005693198845,12
156.0,106.02821996666893,32.56622892839672,60.37103906246298,21.5160909171238,12
156.07142857142856,78.01414807200081,32.02085452453879,41.3165824912964,18.52196870521849,12
156.14285714285714,69.17145373053286,27.32949296240026,42.88447055130004,21.78042669786165,12
156.2142857142857,68.74653995625698,25.629264129258637,39.082103798515334,16.66167794154296,12
156.28571428571428,64.18719349485322,27.119179805401792,43.375410468719444,22.038318962599014,12
156.35714285714286,61.49687042272012,16.7334722603699,34.77511322437721,12.857489902683026,12
156.42857142857142,65.10298429491179,19.78417482630613,38.723825266252,16.36156698584832,12
156.5,57.55318008921967,21.346063375470287,34.405027998522385,15.439896012889365,12
156.57142857142856,43.11348686902285,15.814169383603398,29.25894578901923,17.241249693051177,12
156.64285714285714,48.35188846493871,20.926993704461374,36.15538804261327,22.247122781028466,12
156.7142857142857,46.06402440800183,16.206232327670183,30.59807751636413,15.95640836334168,12
156.78571428571428,45.99274744061087,15.19644217230302,30.078691034572646,16.09130204103843,12
156.85714285714286,49.62431585159716,15.641162742168856,31.452937622635748,17.145919867512106,12
156.92857142857142,45.95458955601209,16.609207346754587,29.32396963284213,17.908913548024337,12
157.0,39.245357948294455,13.110174094156685,20.440195835830426,9.275713530717615,12
157.07142857142856,41.5659357384836,15.424413489836267,21.652965512146977,10.69661876686854,12
157.14285714285714,59.587871066070406,20.170353974151215,31.03978991440133,13.161084431854611,12
157.2142857142857,57.73264289107622,20.319237891853565,28.249500036656244,10.903182373570901,12
157.28571428571428,59.87822058969391,19.899950709152186,29.593484053613604,11.263525528094776,12
157.35714285714286,50.29808462744866,16.240519013217163,24.956083797482286,9.63667601052126,12
157.42857142857142,52.490571866468734,16.446195991841435,26.662592647366886,10.417399462233659,12
157.5,47.593623118150084,17.1155664146802,19.150834483577245,7.6217676945565875,12
157.57142857142856,43.01870325762937,12.323989457814413,23.027467296303385,9.071560260778798,12
157.64285714285714,47.22379698153767,18.530906225321964,27.617509185891493,11.17528080169263,12
157.7142857142857,52.48983181028737,18.361416288813295,29.03420224268706,11.55498410830827,12
157.78571428571428,54.33352212547184,19.21772833902025,28.65989653982715,10.459609594002334,12
157.85714285714286,64.59693956913374,20.527464353099763,33.122072788721695,11.021151431058975,12
157.92857142857142,66.68464451512945,22.73381359996356,33.83120757629249,12.125441983810221,12
158.0,69.14482560602693,26.919789223139738,34.203490573382616,13.682880626565142,12
158.07142857142856,49.83977993075858,19.257217641958054,23.359906026101875,9.275865679705362,12
158.14285714285714,42.10352817716574,17.25194252377905,26.179959054643767,11.644946909680428,12
158.2142857142857,42.75269172424552,15.610202130852919,26.40524116656868,11.32355614195231,12
158.28571428571428,54.375125238030094,19.47992479029921,25.994143663562422,10.067667084379561,12
158.35714285714286,57.17855985924741,19.595002879415446,27.05631362253513,9.631977985923598,12
158.42857142857142,49.81623615237771,21.13393538327082,23.789983505781255,10.187158335741458,12
158.5,33.54959704942985,12.884346484555392,21.40101005386777,10.145979652828297,12
158.57142857142856,49.89407222620181,19.840969498683332,22.960990448981327,8.98127918095478,12
158.64285714285714,62.17212231302578,19.60357162862479,31.627522335216053,10.32391039974056,12
158.7142857142857,74.84342130882791,21.695133845669144,39.53514877285995,13.160717128063261,12
158.78571428571428,71.60953555661717,26.319389877401427,34.73373539642637,13.034857505897723,12
158.85714285714286,69.69277861423807,26.664104333960797,32.848801660464666,12.765201773909672,12
158.92857142857142,76.13439623189974,30.198528275317237,35.66184441219946,14.350617526558267,12
159.0,85.74503383769984,28.068929844162977,45.584669358524124,16.28625026428345,12
159.07142857142856,72.99384832784676,29.92246001440579,34.89728867194755,14.680992334071027,12
159.14285714285714,87.05578669206251,31.31349505138465,41.998060334740444,15.265252235658059,12
159.2142857142857,42.3768822269764,13.824892845972093,21.23236722513038,9.147937705363484,12
159.28571428571428,85.91930669967671,29.38041282449364,41.988921311209374,14.59532898584213,12
159.35714285714286,75.14686978420094,34.953690490824506,40.95029339872234,17.746908303655484,12
159.42857142857142,111.04924147498595,40.5016017618168,65.123785177001,27.59801658278354,12
159.5,103.17556546954195,33.286557865418345,59.41381561639471,22.842994223566315,12
159.57142857142856,71.736401604595,30.84263189852397,47.71551545556593,24.773807834173397,12
159.64285714285714,87.91518842823805,33.44664137862761,56.23335186889995,25.182992436797687,12
159.7142857142857,81.49478924983455,30.103910311565443,51.99777864039431,23.190688763755375,12
159.78571428571428,66.83112643752625,30.89932894385887,46.491855077890726,25.314273480781527,12
159.85714285714286,67.5900081582261,28.61384536211869,46.32022745288174,24.011903194520325,12
159.92857142857142,65.06673771501171,24.503566313222695,43.109858714421705,19.765738728622004,12
160.0,64.22363251742189,21.762820555721923,40.70818682976653,16.640128124228777,12
160.07142857142856,65.90631371830631,20.069549961626684,41.47592225934304,16.399706287999194,12
160.14285714285714,54.51039698945801,15.388273741196258,34.70597946308546,13.988074949201401,12
160.2142857142857,60.65763952295873,18.784799917678903,41.132255774323056,17.915203830781714,12
160.28571428571428,64.70930370661678,15.437553400233313,39.226875610439784,12.931703379969768,12
160.35714285714286,57.73965585165438,13.659317652422182,35.01570526282455,11.711459107221444,12
160.42857142857142,57.67715891595136,13.58202579866785,35.45852630628656,12.847341079287693,12
160.5,49.86830010236583,14.056232506999736,33.72579461255746,14.456420645364865,12
160.57142857142856,58.070154316357595,17.344746067785128,39.531054442072744,17.456589357532625,12
160.64285714285714,58.698705247857696,16.733989675177313,38.61093043032867,16.515857892582478,12
160.7142857142857,54.234763717175404,16.376313966455665,32.52757810153312,17.011023611821987,12
160.78571428571428,60.76252269269487,19.559373103500143,37.07264383667456,19.705737019526723,12
160.85714285714286,57.91238819705572,17.988578707451282,34.28147284647885,17.598159164321398,12
160.92857142857142,59.9480726102433,18.961516575741456,36.301797970965076,19.384745756123905,12
161.0,35.145770800287146,13.466094601056303,12.096338058390183,3.7105802415563605,12
161.07142857142856,38.98130586317173,11.427962038064999,14.890451375418245,4.042673842028639,12
161.14285714285714,44.45633878985535,12.489454583887156,18.31272910944491,5.397661271180096,12
161.2142857142857,47.72599801309303,13.50957451104872,20.23829304479785,6.234477432387189,12
161.28571428571428,47.609626394353626,19.044542883205946,21.450838376847567,9.473301921649481,12
161.35714285714286,58.60556046174859,19.855060748455983,26.09692202881054,9.528471870388344,12
161.42857142857142,61.20995152373182,21.685064829821073,27.250267552212815,10.347555437621397,12
161.5,49.58139104891695,22.022079478595955,22.487421785960603,10.855931196389895,12
161.57142857142856,67.9793465137256,24.8737572490265,30.005189424051146,11.828848011031182,12
161.64285714285714,72.20438147833559,23.965384450521782,30.97077299133237,11.055890817108196,12
161.7142857142857,67.76322603626431,23.414460327437176,28.39163135216606,10.730064359378835,12
161.78571428571428,61.229188446670456,23.26446992657417,24.761880091164738,10.245085213338738,12
161.85714285714286,57.813044143472766,20.08426531507092,22.87146912265592,8.49864436716348,12
161.92857142857142,55.16111848547627,19.023169921274626,21.812536899866636,8.141483733910878,12
162.0,55.72416567866221,16.517671159451442,22.303725629144928,6.804329985831642,12
162.07142857142856,40.227710827255905,12.024433428511653,15.210507517090385,3.645171453756677,12
162.14285714285714,39.70202417048628,11.659725273713164,15.225645307789868,4.359806079462892,12
162.2142857142857,46.33345733417141,10.773279657893477,21.160622912132023,5.664202174029212,12
162.28571428571428,51.62466628658653,12.258130560750146,24.618668581650393,7.257920911435311,12
162.35714285714286,52.55131351273031,12.906620819406772,25.088291750672635,7.071678097350223,12
162.42857142857142,61.28542861208184,15.658460613728096,29.82937119664471,8.233071447242382,12
162.5,62.74736911447554,17.35851474681356,30.987234630924707,9.392070039609061,12
162.57142857142856,64.27343008928923,22.977320736786545,32.84215917524354,12.85007027195887,12
162.64285714285714,77.82754884417527,24.582542314731135,38.62343929624153,13.942757694039047,12
162.7142857142857,75.26731817386492,24.752780730302216,39.574031725622554,14.68984801210625,12
162.78571428571428,83.92092078918417,27.871767685302856,42.382302706130005,17.235500840678363,12
162.85714285714286,81.95381132599914,26.522344477086143,43.19078200692816,17.264592042847706,12
162.92857142857142,90.2405090976797,28.125337760309712,46.6864595329832,19.110334927682835,12
163.0,69.17359410913937,27.62056577950778,37.177920792448404,20.383922558855776,12
163.07142857142856,74.76869323860224,25.042398191173707,40.03565339368685,17.560243361743606,12
163.14285714285714,73.10241088549698,26.602593379666725,39.77943825807639,18.92791701986813,12
163.2142857142857,71.30616788354398,24.19682216418851,37.97943212917792,16.739485981847704,12
163.28571428571428,52.05580226531046,19.31348613830922,20.066252424835625,8.019652816753272,12
163.35714285714286,77.48342751895001,28.07812824062539,40.94239364662558,20.115978007626747,12
163.42857142857142,73.44496923875535,25.052839735108037,39.39708780848184,16.722887194479682,12
163.5,56.43741307488726,22.54106931309715,31.370041456241122,15.814000405811305,12
163.57142857142856,53.56264077906292,20.2819901932986,26.893211302517155,14.045741275871872,12
163.64285714285714,40.778115562565795,12.106962547992127,21.487734985531397,8.039430883787011,12
163.7142857142857,31.617343493769237,9.683330621059985,13.928244871920432,4.915360433500937,12
163.78571428571428,28.848041141737543,7.813001376104124,14.156541815216451,4.20476698524068,12
163.85714285714286,30.601937571781242,8.43238094247941,16.820621161405672,6.130391877438761,12
163.92857142857142,40.89604654235286,12.712109132201235,20.582052243245695,8.313689898185224,12
164.0,46.423030203336126,14.151579330416887,26.463957869120463,9.701773229524228,12
164.07142857142856,51.999144245195595,16.994663081875995,28.349066300828962,11.223779307383374,12
164.14285714285714,56.47818261045387,19.988049273519202,30.013077056770644,13.300440391130941,12
164.2142857142857,43.552167957289555,16.48080966791783,21.155959011668543,8.011758445631102,12
164.28571428571428,46.86355591031353,17.995012558365875,20.31292337974488,8.768166267449642,12
164.35714285714286,47.36907300716933,17.608092169207396,22.037785379741702,8.105241369450383,12
164.42857142857142,67.7307225562316,25.53706059614482,31.090399771287917,11.784840088830649,12
164.5,66.15230741775041,24.936930607066987,30.047820300429322,11.477480223186902,12
164.57142857142856,54.66445610847311,20.390520373372055,24.61850767627748,9.381126402210864,12
164.64285714285714,52.61530107327838,19.379345989634718,24.25496479468119,9.02124820801096,12
164.7142857142857,22.73487663525406,8.866704558707555,10.484755691500315,4.064344215736354,12
164.78571428571428,34.68480406988041,11.649679033244258,13.909600950073873,4.911504000681339,12
164.85714285714286,28.1297127158548,9.981687745971499,11.071115447564372,4.237235635981267,12
164.92857142857142,27.09191068089036,8.15512748478482,10.909933148950998,3.393438129620717,12
165.0,30.523071883256677,9.278810080489157,12.420787680112499,4.1208205287078625,12
165.07142857142856,28.514918801752664,10.283182009231412,11.75884282413198,4.754504667032448,12
165.14285714285714,34.59220008159357,11.87607409377237,14.467806423578724,5.68634604162655,12
165.2142857142857,37.54841272614146,13.097657488847036,16.058939196887806,6.294103567701704,12
165.28571428571428,41.52450876462439,14.719133811565541,17.930034236119745,7.189292307690276,12
165.35714285714286,47.2641058024267,17.75932527642423,20.994747362701432,8.574190569625728,12
165.42857142857142,43.399335400834545,16.83209387689473,19.450353677455386,8.177123936641122,12
165.5,34.5187623430476,12.532624109203335,17.43268491584327,6.3567929702800585,12
165.57142857142856,44.14352615316543,15.179778421210795,21.61155741388375,7.810464824632275,12
165.64285714285714,42.81922172453061,14.231950407674914,20.865920551067557,7.198078713878798,12
165.7142857142857,47.05029453550307,16.495450511152892,24.5426501679033,8.271818599499793,12
165.78571428571428,37.9333316018516,13.74808433367804,18.445608379860893,7.13958755140512,12
165.85714285714286,38.24040169412469,11.951222951179949,18.054469134669006,5.711519864422238,12
165.92857142857142,37.43855664622073,12.421861793796676,20.3715910442527,6.629238674202662,12
166.0,41.108201893865726,15.530275043704245,20.70282427711355,8.344955672802428,12
166.07142857142856,39.008945670885176,13.963289888263747,19.695018801902734,7.886521277479924,12
166.14285714285714,39.12632741178041,13.721166578727969,20.50059009614754,8.71157589920224,12
166.2142857142857,47.25899384193456,15.069943321493739,24.737257066370706,9.514299977297714,12
166.28571428571428,49.28410119295026,16.37118852112958,26.78673494582484,11.13022199599005,12
166.35714285714286,52.1368837638591,17.46187553911105,27.396624207591003,10.787427151380864,12
166.42857142857142,59.48543594536934,19.07111207536443,31.054713107003483,11.623968600826464,12
166.5,67.16745864757249,21.694244510160978,35.973110310265646,13.820970386949787,12
166.57142857142856,60.22114009225511,19.726770119402897,32.16177146367029,13.454398319028178,12
166.64285714285714,71.16219993644312,21.10145052953799,37.15119566567289,13.242599817867152,12
166.7142857142857,58.53689310074125,24.225315072805582,32.61271990432601,16.43104292060915,12
166.78571428571428,73.60666351395454,21.268680419974434,38.28347787374322,13.334981874869815,12
166.85714285714286,68.66713541994757,21.231318298018085,36.17536221129381,13.713286987488571,12
166.92857142857142,67.7549426251287,20.9563479216513,35.03948365138591,13.224829589520269,12
167.0,67.94198304060964,21.50397635360579,35.24384088860706,13.111130008359105,12
167.07142857142856,65.35212942844902,20.224052627092927,35.06365455967577,11.86157252952547,12
167.14285714285714,66.86103508811317,19.738713619230573,35.46184360527575,11.397209578780608,12
167.2142857142857,69.98233133250272,23.21743551761088,35.845457525270646,12.790265093439315,12
167.28571428571428,77.00096140678264,25.37512961811405,39.31359863556773,14.02737899995979,12
167.35714285714286,77.82004072636497,26.650920793053437,39.563550191625865,14.253465588885689,12
167.42857142857142,80.84207593209518,28.61551697081639,40.90225573205587,14.815272615208361,12
167.5,71.16285218018032,26.839561579060657,35.94523082474941,13.991456169385005,12
167.57142857142856,63.7599548381663,29.17246624871668,32.97747932237334,15.191746138027199,12
167.64285714285714,57.36157555143994,26.72234924105419,29.298574217995263,13.671105926826739,12
167.7142857142857,54.12410437730891,18.64133533524827,26.125018819004204,9.258118294004476,12
167.78571428571428,45.74653745008469,16.4962212334921,21.983567110101056,8.009494603969584,12
167.85714285714286,38.90753856941605,11.828664752111774,18.486083353329295,5.549043670798746,12
167.92857142857142,29.575263946282284,9.089690894373161,14.403628447333684,4.415072789575032,12
168.0,32.55731212903932,11.495803987481596,17.49658458355899,7.5036323862869345,12
168.07142857142856,47.461528887267896,16.244448195777583,23.987273637441223,8.99207202153184,12
168.14285714285714,37.055694297699524,18.008385510190397,15.728450726011111,7.980419595732194,12
168.2142857142857,52.21904530314552,18.296366192674544,29.6261448680654,11.444774386079327,12
168.28571428571428,41.00873030575287,15.973478106479682,19.974503711426564,7.810602296656162,12
168.35714285714286,30.932874287096695,11.45751514618435,15.01558894357072,6.441656809168476,12
168.42857142857142,47.653093079860966,15.178944260504199,22.279373839110796,7.498441713065457,12
168.5,51.199932840056434,14.334853349421408,24.816901404430173,8.020772641822779,12
168.57142857142856,52.19274213572053,13.811023606410197,25.05382480497349,7.379637203587877,12
168.64285714285714,55.42208345644555,13.860406198532218,26.309883823985512,7.213824760863797,12
168.7142857142857,54.74630415396621,15.315860335694289,24.5533646805994,6.857119265798834,12
168.78571428571428,55.98632104169396,18.973797013507475,25.721148703210876,8.924768693356322,12
168.85714285714286,58.21674250259338,22.772872406089657,25.8151462922059,10.528509963950258,12
168.92857142857142,60.60141650647469,22.848555554284555,26.6209320904091,10.484894192134597,12
169.0,62.578257317577126,28.312372831923657,25.746782355885742,13.51884692084244,12
169.07142857142856,56.02207092535228,26.663591841511835,24.312957380736833,12.398388130869288,12
169.14285714285714,72.52893287360894,32.03637653864374,33.08399578225619,15.40914903960503,12
169.2142857142857,86.85905932285523,33.394929486576025,42.141630030763125,16.137754760775625,12
169.28571428571428,76.63105152512861,34.89887037159113,35.24732093763657,16.85858769254114,12
169.35714285714286,77.29741033758668,31.665278103777897,35.67047557580194,15.064286278290242,12
169.42857142857142,79.13539506370566,38.19048840733595,37.13167717264204,18.73535444407931,12
169.5,85.69311941381852,33.77460771600559,39.512692958966355,16.396516163902188,12
169.57142857142856,58.66634574066969,23.234999478324937,25.536632618346843,10.898333529613431,12
169.64285714285714,43.48026250334249,18.23390273634413,18.43915395661141,8.467909355328779,12
169.7142857142857,64.58857716707055,31.202657125788665,29.39839065711952,15.647601519966459,12
169.78571428571428,43.215426015187546,12.238238369147103,19.194918529622186,5.188730945753744,12
169.85714285714286,53.98277295720375,14.118535596950073,27.281311574853294,7.347850217003842,12
169.92857142857142,44.75086483567917,15.265539566478465,20.409043945893984,6.042142491117538,12
170.0,66.91443015458616,20.915448846004107,31.2712166212986,9.272893806444527,12
170.07142857142856,75.42324673409581,25.339193577125418,33.90381861266083,11.054056851097378,12
170.14285714285714,77.48701649805513,29.46723154518808,34.061432928302715,12.549805454254875,12
170.2142857142857,84.13029256483274,32.704340171054845,35.91574564615992,13.967940026090911,12
170.28571428571428,93.6250337910088,34.91773683852452,39.44584038374296,14.810537069768738,12
170.35714285714286,105.01739954830065,35.76846038636006,46.88609456502292,15.022302327387816,12
170.42857142857142,113.38540579689085,35.75790438529436,51.174891915908354,15.143713115688309,12
170.5,111.12949953066776,35.67714341237819,49.1016325829872,15.022548972852148,12
170.57142857142856,104.40497579671897,34.976300413964296,45.53544312717871,14.546540358183625,12
170.64285714285714,89.07009389401084,33.47074238846196,41.489394818062095,15.824075991345232,12
170.7142857142857,93.93725456985648,28.810065587496837,44.007094878421434,13.8682341023395,12
170.78571428571428,85.26716427209266,27.20208591014745,40.05805722101058,14.070283699289405,12
170.85714285714286,86.09058220835466,26.389472084029066,42.21316904829561,13.99059628662423,12
170.92857142857142,84.39788340577324,26.87362560310672,40.21603600369586,14.655023405101979,12
171.0,82.83112072442958,26.561572333254787,40.218716387526975,15.216566081633367,12
171.07142857142856,83.91268328981515,25.56715138959089,42.125532643311644,14.963796412858192,12
171.14285714285714,84.48988973574868,25.375208871671656,43.837691285052905,15.84286991236467,12
171.2142857142857,72.37438870672922,23.66491245046094,37.19565730765102,14.14519425916955,12
171.28571428571428,56.37733950103702,20.938757967043507,29.674904992018323,13.532517966363576,12
171.35714285714286,56.42517262105325,19.31443341386489,31.05514657647527,12.624130932449708,12
171.42857142857142,55.71878008454549,19.34930468357897,30.749216460658538,12.918899426211675,12
171.5,58.644808938496986,19.2586247886665,29.28216128567737,11.362467577750396,12
171.57142857142856,46.26601932141179,15.230491437668292,22.962552493230103,9.29380924242858,12
171.64285714285714,47.43940594829981,14.783412461889322,23.184981703771896,8.92819704974233,12
171.7142857142857,49.90277178723709,17.594889385529164,24.474332289976754,10.489535516054415,12
171.78571428571428,42.85391288350702,14.995770759499086,22.438036518110145,8.137535493497785,12
171.85714285714286,54.18025185555274,19.073465437895454,27.614342248246395,9.43029167786611,12
171.92857142857142,48.85527909647908,18.866812107804282,24.121855489984384,8.870564833863325,12
172.0,41.611396525407486,19.143275520729407,21.097235916258658,8.75667099078716,12
172.07142857142856,44.467093200280495,23.069285715122653,20.668218534151798,10.582405373812039,12
172.14285714285714,29.206320235947203,14.790660781522973,12.80924268957189,5.8679661971131285,12
172.2142857142857,51.128727180350666,24.77302372370881,22.45517168828749,11.236190254648928,12
172.28571428571428,48.076425437006634,22.34959319653315,22.834416450618612,10.532326545495643,12
172.35714285714286,62.30214817787288,25.545057334671906,27.26907463147496,11.187119211112087,12
172.42857142857142,65.16291085280977,30.77237125522679,25.320050153955478,13.124857366214554,12
172.5,68.79511073905333,31.549687376698824,26.792195576953286,13.02317552157169,12
172.57142857142856,70.14275400378307,32.25085184070355,27.362793686567674,13.076259101541327,12
172.64285714285714,71.76268002099216,32.32230327440341,27.724624507623602,12.868628865359822,12
172.7142857142857,67.70943238706694,32.333597929679655,25.761632696642916,12.584588857066063,12
172.78571428571428,66.7652261162196,30.643567365844618,27.444349708973405,11.789674678660857,12
172.85714285714286,65.0962816689937,29.17961398934829,26.645338656306937,11.11353990322188,12
172.92857142857142,62.26599481379339,30.41824223836352,22.89601468424869,11.560004955022357,12
173.0,27.865312288424857,13.501918941285188,10.404198831717148,3.595304756202625,12
173.07142857142856,42.25349112341145,21.1310791650709,15.967049992553301,7.6562442755924645,12
173.14285714285714,43.66059221580699,21.08134568442319,17.97992885572195,8.112953772180951,12
173.2142857142857,39.32013175185647,17.681789813178476,17.085869580547378,7.194604675449753,12
173.28571428571428,41.580342482247445,14.06380383800816,19.771184507602506,6.57055391081187,12
173.35714285714286,37.99656930409287,15.263344685924707,16.660103509923616,6.916757648883694,12
173.42857142857142,36.27683309882216,16.489176866054866,15.217740589295817,7.722733886142827,12
173.5,48.68307276497164,20.005718160882,20.49178241502021,9.168996357505604,12
173.57142857142856,47.11336272809672,21.942143458297533,19.028984516606798,9.971009889795187,12
173.64285714285714,51.57969236514367,24.734445310181005,20.53705460486848,10.948746143557486,12
173.7142857142857,57.93448666176221,27.32546872018096,22.891351014574,11.811295103138779,12
173.78571428571428,73.63664334776227,31.231578772817013,31.347287117892826,13.501713521784438,12
173.85714285714286,73.67014201188815,33.948341547374206,28.062661480762234,14.535191023855887,12
173.92857142857142,80.2364894541814,31.435377598525697,32.252176644122414,12.873522586837101,12
174.0,74.71316411804598,30.406597536353054,33.36825479552865,13.321836958201349,12
174.07142857142856,71.66416531863189,29.93313131186765,29.974179250687378,12.125503341136831,12
174.14285714285714,71.66580362579968,29.692348294499144,30.247561167687074,11.904827915801057,12
174.2142857142857,68.32747231045906,29.487603120726117,26.45926129046233,12.029356031386245,12
174.28571428571428,50.22441381696412,15.203611226523002,24.242737579503054,7.3441193768085755,12
174.35714285714286,51.142466914038735,14.080826965968356,25.1778328825475,7.301407039720898,12
174.42857142857142,57.77312989790482,16.02991825613463,28.25281188252943,7.549546822289686,12
174.5,48.18437838311204,16.871363850225748,25.19282731015966,9.85288915140663,12
174.57142857142856,57.116747448407786,22.148442537836917,28.64463614387024,11.034361727443974,12
174.64285714285714,46.722452791453065,20.720197812577233,23.643051525998356,11.478232717208458,12
174.7142857142857,57.532711318586436,24.356527537167278,32.470539735799605,14.686390580425094,12
174.78571428571428,65.84910411918692,27.36428182027688,36.78470034168925,16.766988242799417,12
174.85714285714286,68.6565593004084,27.748531252075928,38.61576238598327,17.76366231440339,12
174.92857142857142,84.91626387828896,31.652753668178683,45.78450406654192,20.73532475880202,12
175.0,68.7777395186566,27.166057799922743,43.26722958391096,21.06308097794054,12
175.07142857142856,69.28115334176327,28.82833735567444,41.59111328627112,21.351985579521646,12
175.14285714285714,74.63506237694986,28.200553163807804,43.13788572997029,20.621614984331046,12
175.2142857142857,74.28319254156791,28.1622434963372,41.89639760788721,19.93606084402096,12
175.28571428571428,70.65805652396769,27.455019861886118,40.26173198949058,19.149354347100413,12
175.35714285714286,49.638624792150836,21.172924398414853,22.69370203437942,9.715031075793597,12
175.42857142857142,51.54760256766805,21.8996754066861,25.202615715770385,10.691902532074415,12
175.5,65.55040317132142,26.106511559423375,36.03227182362823,16.106485328914058,12
175.57142857142856,65.66834821554968,26.531130801060886,35.96351858863838,15.935143013407833,12
175.64285714285714,63.93702707538774,26.17975868646196,35.05923353489209,14.533426296612472,12
175.7142857142857,60.59859240172568,26.32548439461278,31.857072820147664,13.131656859580294,12
175.78571428571428,65.25815378608405,25.280099282428996,32.34358858616885,11.461269814181723,12
175.85714285714286,76.32444716067509,26.411647113351496,36.49636322754478,11.47878704378284,12
175.92857142857142,86.57384796796839,33.7199793851081,38.954683792012816,14.913785018020603,12
176.0,88.3809809278344,31.61770400977546,40.51115988196005,13.34337626820173,12
176.07142857142856,99.09324526649156,36.42699597631392,45.38774335251643,15.51372107788336,12
176.14285714285714,101.7144497723021,31.710325542791573,45.878606805164544,13.274255007198805,12
176.2142857142857,90.82420124611102,32.105057799736386,42.67131666408882,15.071025457107032,12
176.28571428571428,89.13121450535151,29.940836742486862,41.67333229723605,14.09039015163184,12
176.35714285714286,81.89926842176303,34.55476045542788,39.22921565585655,16.79193914140679,12
176.42857142857142,55.10943551069773,23.780011519833394,26.209336313133385,10.93077520810437,12
176.5,54.46709339752318,22.89845921781883,26.293335787314522,10.893786977274504,12
176.57142857142856,59.835570103172174,22.600201601916027,28.112306582756226,10.391701846789099,12
176.64285714285714,53.90613761829195,23.013369579785465,26.408097829768792,11.907958657793559,12
176.7142857142857,48.198128781058614,21.59143783770953,24.05551213660854,11.494875726859298,12
176.78571428571428,45.03781240128411,19.81685029280408,23.431402638855708,12.126087365230205,12
176.85714285714286,40.31656266110587,15.25949222854224,20.662396744390854,9.167016806272988,12
176.92857142857142,31.557377489101327,9.892417846487817,14.455081314392784,5.000493543627067,12
177.0,34.84887463270754,10.51488256586132,18.830622004716506,8.044082847029209,12
177.07142857142856,30.442823926819592,10.489084267353519,16.36404729109141,6.525711417308941,12
177.14285714285714,32.808429949941896,14.923167797708082,17.924240213343428,8.058976829655139,12
177.2142857142857,41.092624043003475,19.188413055053278,20.630705289681444,9.278368548429377,12
177.28571428571428,42.25209985347057,21.438611846843244,21.709876797464652,10.484845685546086,12
177.35714285714286,47.37055702506054,25.70360480214016,24.36645286165895,12.171922807504677,12
177.42857142857142,49.853402841231635,24.18439657404416,23.344634270930158,11.417245980634139,12
177.5,51.256781491751326,25.442962334101132,23.67989862616472,12.00732694504941,12
177.57142857142856,55.17950772870428,25.464869245486533,25.073778120062574,11.954322476222428,12
177.64285714285714,41.96100859338087,25.459999023934472,19.236352963066565,12.246795151835217,12
177.7142857142857,51.07968919049529,23.923215228691607,22.479914064816047,11.191651614551665,12
177.78571428571428,42.92160971117162,24.671907112935425,18.88660284528546,11.744771029317702,12
177.85714285714286,56.08329244653015,20.49519565951723,28.583385571099477,10.623059794613328,12
177.92857142857142,50.80265387604069,19.733939005382098,24.33677047179915,9.376920221109982,12
178.0,65.64290442593862,20.81403333207439,31.94129990995429,9.796764085730082,12
178.07142857142856,53.3931007044975,20.31975259179342,26.89180220608192,10.158843670634418,12
178.14285714285714,54.49664235738455,20.974037995839566,27.5131347519045,10.386991811764478,12
178.2142857142857,62.15028910517661,24.84441313569583,29.260988778640964,12.361215124904716,12
178.28571428571428,60.832840054003704,25.07325268145131,32.445625978830556,13.113543811350292,12
178.35714285714286,62.756787619790806,29.48515607596259,31.661788572341926,15.458101381221725,12
178.42857142857142,66.86030724554375,29.08086047597545,34.66217313826749,15.99346139679369,12
178.5,72.1091079814855,27.720218569975525,37.231389554835786,15.422668051715085,12
178.57142857142856,62.28579432253045,30.522997570123714,34.97255527277137,18.34845175390905,12
178.64285714285714,58.74937030574328,28.075020760585556,33.42609239923467,17.655553533709067,12
178.7142857142857,63.79232965928425,33.05470329894373,38.101765337396124,19.76115449748754,12
178.78571428571428,37.961972364722456,22.88547303408332,26.14081529860566,18.12886695620112,12
178.85714285714286,68.48405439436368,28.03646318631561,38.86496349362951,17.098459832196696,12
178.92857142857142,64.35166966197562,24.92324073492785,36.08644130349044,15.730176189238296,12
179.0,54.02360470240002,24.254518710316223,30.30955976765942,17.55351572952398,12
179.07142857142856,53.16408846974429,23.293345025231087,29.88629846991588,16.80622296891335,12
179.14285714285714,62.95975339094314,23.57770866766534,33.80234223567105,16.496196609469777,12
179.2142857142857,66.39805754110112,25.81422900953611,37.53469423501221,17.82234088620666,12
179.28571428571428,71.58769561894219,23.48271604046833,41.164117852348696,16.305896504060467,12
179.35714285714286,73.06116033760154,25.37184118139582,40.949257311099046,15.935803786269863,12
179.42857142857142,77.54118736625398,23.48465631797157,41.991294675403324,13.198573327281697,12
179.5,72.01887744251553,26.605306290978778,39.486431917521855,14.18962512304928,12
179.57142857142856,68.74154506827287,25.817371476485683,37.79609278425796,13.390915154438641,12
179.64285714285714,63.782197878904945,26.818593136775146,35.335907911935045,13.46322513649962,12
179.7142857142857,60.52831372027005,29.39370702808903,29.972500159752315,13.528657943198544,12
179.78571428571428,64.92573625664856,29.046158387933797,32.69276759894082,12.986663742653368,12
179.85714285714286,53.22578341961516,23.43288477957019,27.470702003015898,11.111922256472667,12
179.92857142857142,53.33091234787901,21.573212763118434,26.51551875404455,10.034664656576059,12
180.0,47.31103959898569,19.98197745077621,21.44461592246302,9.458084231344737,12
180.07142857142856,44.91155910431175,19.4743681081353,19.053858006496554,8.679436482050486,12
180.14285714285714,66.88905119296592,28.225707783163813,28.847980529752498,13.499253075166063,12
180.2142857142857,63.304435602973214,23.865943212462373,26.22075374955416,10.912734543571753,12
180.28571428571428,68.72662140692017,25.70455636831856,28.422030050094275,11.57785329136654,12
180.3571428571429,55.8890908051938,20.899591745944164,22.045028180884145,7.47504572250239,12
180.42857142857144,58.931319565118756,22.020619341141828,23.701858680373313,7.956146787912321,12
180.5,58.30797941970455,22.183309515132684,23.628175533133586,8.108844008836376,12
180.57142857142856,56.99060175944618,21.416288772639042,23.19970114441443,7.7558109131871324,12
180.64285714285717,53.45578984685527,22.837290834339814,21.71439604030978,8.522497692125858,12
180.7142857142857,52.21037369719645,22.56266843525836,21.69191517698685,8.846792780880937,12
180.78571428571428,55.58421510268785,20.75472848723577,24.69713753516167,8.61879217033223,12
180.8571428571429,62.223596214379114,17.89294070204706,28.316288798949454,8.000845921541213,12
180.92857142857144,54.78625026346883,19.06434698884103,25.370455134334534,9.064167907228729,12
181.0,62.56569668256387,18.79601627235598,29.380510031007226,9.156182317061141,12
181.07142857142856,54.315313273955915,18.294161010036788,24.351137691539257,9.084585552856058,12
181.14285714285717,61.645173393130065,19.13006213516347,28.92882854354324,9.227046511917022,12
181.2142857142857,54.57622812248176,21.06200423456796,25.22656069367937,10.686367326250524,12
181.28571428571428,58.01926845872805,20.71247263004968,27.47047851773487,10.147993820886256,12
181.3571428571429,59.05651071157617,21.122265476700445,27.397136003747605,9.702511908064364,12
181.42857142857144,56.045493772748486,22.598545373219377,24.38084150671386,9.93895890015381,12
181.5,56.70503126367176,23.519795972028078,24.58213364214764,10.102288485052863,12
181.57142857142856,59.29547219433424,25.156420647389563,25.993024699774267,10.856616729868307,12
181.64285714285717,65.66981414202048,23.61739175672628,30.029792011957703,9.671436763266037,12
181.7142857142857,64.87833253901961,24.66404361335993,28.271470081799293,10.10583122066154,12
181.78571428571428,64.7369600746469,24.365524391671755,27.830263585654045,9.862634442002138,12
181.8571428571429,63.983900945396435,24.23826239172981,27.18930180659661,9.834645645279009,12
181.92857142857144,60.897332042492174,22.481472511414466,25.93801945253136,9.180074117159458,12
182.0,65.84012988484697,24.332391865503197,27.77757212754063,9.894045702273967,12
182.07142857142856,66.84171518326464,24.515007008943314,29.372514740805123,9.808973818127486,12
182.14285714285717,76.44834918399015,24.57540606885589,32.56511939875364,10.473636104089808,12
182.2142857142857,69.3754558807717,24.497270271004467,31.52717503626328,10.970657434811658,12
182.28571428571428,68.15873100846818,21.92274596653047,31.756766536552707,10.355117067617794,12
182.3571428571429,62.40235136960521,23.486175690023565,30.22947525969281,11.801379271880021,12
182.42857142857144,62.881286289515224,21.87318681670742,28.813919595757156,11.018951319459289,12
182.5,71.4376396750046,25.986215516604872,33.40440874064391,13.22559139388305,12
182.57142857142856,75.8493663073929,24.78304103222243,35.208401402076014,12.540525538088863,12
182.64285714285717,80.35850451425362,27.412764956144112,37.53935352056475,13.44656670283061,12
182.7142857142857,85.3933186620294,27.92549391536059,41.39070180494949,13.224538704148737,12
182.78571428571428,88.30826240096135,30.586380590576933,43.41612818422032,14.279102950965402,12
182.85714285714283,74.87109685932968,25.981722509462255,36.033061657021726,11.447130211471016,12
182.92857142857144,76.6941033215386,28.628428526271446,36.54787427402605,12.27667386962587,12
183.0,80.22844435127098,33.230225585762774,36.953190403893714,14.587407705860343,12
183.07142857142856,57.524901541569854,28.313321297558947,26.56130669637791,12.389550121834485,12
183.14285714285717,60.150120742197636,32.26159052643225,27.347444125121392,14.52100123421348,12
183.2142857142857,59.995563983807756,27.640605374332253,27.878209541467974,12.48569911594793,12
183.28571428571428,61.27694972641881,25.281556359866645,29.63813623327122,11.815080303419448,12
183.35714285714283,61.705614332470034,23.331927059822014,30.55337674022017,11.539287125671704,12
183.42857142857144,67.5908294198602,22.834045663819346,33.12585715535031,11.142592951358063,12
183.5,56.525698894838406,20.7304081631803,28.645330427455548,10.977108546730525,12
183.57142857142856,64.34844707095914,22.20086191083061,32.07427555281366,11.513511767255887,12
183.64285714285717,69.04964468121646,23.80761568676696,34.065574411195676,11.695142183762359,12
183.7142857142857,72.37374709791726,23.88526359908357,36.74832290919075,11.184948861672881,12
183.78571428571428,73.48836981930684,24.578001294717346,37.00365451419681,11.201226309490027,12
183.85714285714283,71.21969099882935,25.31209261482031,34.81732538178959,11.006920285615017,12
183.92857142857144,69.95800099856594,23.867343242383235,33.99250354050901,10.296980189257944,12
184.0,62.83811717359194,23.83704300437484,30.262675563256366,10.268662863415123,12
184.07142857142856,68.10750862566518,25.926793947545157,31.270586909079967,11.395603986995827,12
184.14285714285717,63.73639640695661,25.455822014022594,29.206024276399443,11.24635556793153,12
184.2142857142857,58.03944330134491,24.690632722084032,28.164876132155733,10.942830029979714,12
184.28571428571428,41.5306926940507,19.67733687426942,18.300699017893805,7.955352225009512,12
184.35714285714283,28.656870341505726,13.286402331191356,12.046293755261525,5.168612410471821,12
184.42857142857144,32.217157586145724,10.860716508605233,15.291756218907953,4.790161515412863,12
184.5,26.45301436220071,9.39793783232157,11.587411350641283,4.0654307688771505,12
184.57142857142856,26.524640519306633,11.475739605891293,12.020307393192445,5.096600137085346,12
184.64285714285717,25.016910707550657,10.033173832512983,11.714528202730923,4.533967691102814,12
184.7142857142857,43.05096967001137,14.919411540002091,19.184878536703106,6.30102514186259,12
184.78571428571428,64.90737760427669,21.418981178099475,28.80776239074941,9.391535373451475,12
184.85714285714283,69.79174669595594,22.561862305475593,32.216866124121886,9.532722540782057,12
184.92857142857144,74.01521220124773,25.08052756645814,32.552663126619265,10.904964525534483,12
185.0,84.65619176660157,26.332815591321005,39.53182731422627,11.171123901593347,12
185.07142857142856,83.54268354447755,26.919958201043247,37.42353335682639,11.357062773809526,12
185.14285714285717,82.10046507595365,28.887827759247674,35.70200890138969,12.6474769421383,12
185.2142857142857,87.85015249481313,26.220045271542975,41.534078654342764,11.423478256677255,12
185.28571428571428,81.50244234256863,26.74815934707752,36.20255847207532,12.557726025795635,12
185.35714285714283,81.34881618543977,22.821446620535394,39.47469673555971,10.997675765386212,12
185.42857142857144,66.88907520929169,20.45201783850125,32.500505857227125,10.474805881523427,12
185.5,61.50810535346228,17.593585264561458,30.151093002143305,9.668656857656744,12
185.57142857142856,55.782187756760216,16.411995425304642,27.579231575330084,9.502130524634122,12
185.64285714285717,54.56286230957885,16.30767544350198,26.71020377457022,10.078590644757488,12
185.7142857142857,53.332162160985035,14.858357139488836,25.94450592999411,9.96435522896889,12
185.78571428571428,45.6929281393911,14.181555295802076,23.14684521815851,9.526183308382885,12
185.85714285714283,42.971849021124015,14.110817578639677,26.804656581825014,10.489141289121667,12
185.92857142857144,47.09429765907509,15.449952704615267,23.560468320308004,7.893774959884937,12
186.0,49.22725418984812,16.336779230963533,23.299551912725523,7.8954343024895435,12
186.07142857142856,48.5562407130662,16.29404454043069,22.56165723296055,7.523631773302054,12
186.14285714285717,51.39611916837781,18.341208449761098,22.884995724872695,7.587072246542844,12
186.2142857142857,51.99626474743419,20.00398752630584,23.445874315179704,8.553225514641865,12
186.28571428571428,51.982534268348516,20.744177358205082,22.923573671257937,8.87300047749984,12
186.35714285714283,52.41402614297316,20.32638470111248,23.23148152714353,8.729915034810722,12
186.42857142857144,59.78339243892748,20.127009013171556,27.764901107405578,9.142608459472346,12
186.5,67.0391308228489,21.97860103591715,31.7113960429884,10.573254200862914,12
186.57142857142856,66.13555660148123,23.997651847593836,32.2418752428336,12.41545741197253,12
186.64285714285717,69.65102541953091,22.863735799809604,34.18744508700993,11.850516405639159,12
186.7142857142857,69.3097730832157,23.657866119660067,34.19892684474503,12.701591162377273,12
186.78571428571428,76.73600844416312,26.36764938981748,37.84306104125487,13.84710552264304,12
186.85714285714283,51.7850075607471,17.301729027560462,28.403976507668553,10.150117003418409,12
186.92857142857144,48.21913155907101,17.82718699936768,28.742086709831636,11.2981754783409,12
187.0,44.547606675366566,17.4823681528406,25.414792261078368,10.295999051175388,12
187.07142857142856,49.2836919571793,18.98241813935106,24.88231848122703,10.676798503694679,12
187.14285714285717,50.12870277094111,17.048024979529377,27.93739376831897,9.6728127297858,12
187.2142857142857,47.80611124691246,16.988089319284615,25.51423348470322,8.809759244451923,12
187.28571428571428,52.62823982552986,18.93166880955655,24.994062849245083,9.253588259138914,12
187.35714285714283,53.21813402453444,16.545730759117543,26.98745876390965,7.601422861630603,12
187.42857142857144,39.073610623840246,13.039098974598955,18.493573302636364,6.127656895889569,12
187.5,43.21630966890513,12.678954079846788,22.595396609720062,6.408614037713049,12
187.57142857142856,39.069645941982216,14.165212356261316,17.632507516803912,6.139916714030688,12
187.64285714285717,43.7906835961174,15.565338319358514,22.60133490822367,7.112799936985839,12
187.7142857142857,43.14102581377289,16.461575235006165,22.199404885655852,7.481375274441076,12
187.78571428571428,44.80268238311565,17.135962473541834,24.69055892401916,9.270072176722396,12
187.85714285714283,44.92919410954325,18.523572697749625,26.10205807014427,10.094188739272367,12
187.92857142857144,53.086159174433845,17.031654647766562,30.656121823476006,9.616835185679676,12
188.0,62.740265315238815,20.848532261523555,30.86939842430961,10.401545901394591,12
188.07142857142856,50.017595119198795,17.236979523002645,28.082303704667012,9.899975346045665,12
188.14285714285717,49.61587625515862,17.824365393722182,28.770041887021037,10.361628978096626,12
188.2142857142857,50.15662607884501,18.161429005599377,27.57802605648622,11.51903594898943,12
188.28571428571428,48.71286520060364,19.33854345336277,27.28551971208948,12.716025455821706,12
188.35714285714283,58.96362506173173,21.150369763075446,33.04731025471734,12.83452192710781,12
188.42857142857144,66.05179805525157,23.69283372567056,37.33266835141634,14.84614038438354,12
188.5,52.577568007818556,23.856268532743048,32.87603181201747,16.879922677421177,12
188.57142857142856,60.02903777696732,21.43480303462867,35.38968094176027,15.00314723541267,12
188.64285714285717,49.21258551007829,18.77930580910919,29.608859311948788,13.734943122106598,12
188.7142857142857,46.18026175547597,18.843464935778382,29.460342432585833,14.300670868190503,12
188.78571428571428,46.26414133805994,18.83725756839655,29.364931564270375,14.430593570527583,12
188.85714285714283,44.36382552716933,13.8943202911746,25.810443650735824,10.182262969998632,12
188.92857142857144,42.617854960945955,14.04951651021999,25.86790675936835,9.689034067618707,12
189.0,34.894680713975696,11.165349110613393,21.08448755954442,7.66410692343211,12
189.07142857142856,36.267844756334505,10.35841210150957,20.51457371022654,5.816612221251792,12
189.14285714285717,34.056531032803086,10.339506686115085,19.19681350449666,5.62787343329013,12
189.2142857142857,34.910134712670725,11.206960095137322,19.49120451378992,6.590924389215101,12
189.28571428571428,37.90411031402988,13.878352494804147,21.04136359392784,8.625189277782452,12
189.35714285714283,44.47996839537238,15.49654833631468,25.786330446901626,10.269429842875667,12
189.42857142857144,48.48319373178485,17.689046205676963,26.466834383978632,11.813684535627248,12
189.5,49.446812195223266,17.226984726060216,26.408199470711725,11.702995630818094,12
189.57142857142856,58.7926069981217,19.89936692531688,30.87961489972127,13.73482658751914,12
189.64285714285717,57.87846408805649,23.166632655719784,31.20771436753028,16.11616570527978,12
189.7142857142857,63.52924346805135,21.556281965445624,32.835840164161034,14.338043692697266,12
189.78571428571428,65.79520732323087,21.078407482376978,34.82841391045367,13.759761823029725,12
189.85714285714283,60.76033300509452,19.78503726638204,29.833207247966772,11.913901286793639,12
189.92857142857144,60.24922741582249,22.23180891769757,29.48693048893825,12.379363219987573,12
190.0,60.45306377159541,21.164210372164135,29.053258014394462,10.410575999535743,12
190.07142857142856,54.15876692048873,19.91969279738548,24.513129536574855,8.768083433287357,12
190.14285714285717,56.42958985977284,21.964330451100953,24.64479664472627,8.844717287243675,12
190.2142857142857,50.923888783431416,18.99073150576786,21.70546246231645,7.340830047493284,12
190.28571428571428,46.92501198238171,22.19345762293896,18.846429312707052,8.822489735512473,12
190.35714285714283,47.91512203157641,22.55813514964197,19.46675498487699,9.086812677604975,12
190.42857142857144,48.867924168305336,22.687681926592976,20.447881146849376,9.279584033564882,12
190.5,54.285820648526965,21.772765307858496,24.073565369960352,9.291559059382065,12
190.57142857142856,53.29930528414322,21.82374843040786,24.531750602203047,9.657417173288943,12
190.64285714285717,56.086795562023646,21.377847940799544,26.47739094496008,9.767734529792634,12
190.7142857142857,52.27737869731331,20.11606145899868,25.410933231233674,9.619975148857902,12
190.78571428571428,59.3795992051336,21.639541192320877,29.82880106573628,10.749059906840845,12
190.85714285714283,55.08202031210444,20.172130472724543,28.052874865962526,10.541464354219336,12
190.92857142857144,61.32187120387479,19.158584562212976,30.9124763483466,10.193947723965142,12
191.0,68.97701577578633,23.378248516885414,33.854832718765984,12.04645934613315,12
191.07142857142856,66.10204821711007,20.284996491466888,34.85042827765022,10.684960638085963,12
191.14285714285717,65.92422185546486,19.7578072092183,36.66204532671273,11.178898280760066,12
191.2142857142857,67.7417470335332,18.89788684443604,37.22577985029552,10.737097005209407,12
191.28571428571428,65.69652677636982,21.364960523131163,37.41920424572005,11.259772029907575,12
191.35714285714283,63.53303973763105,17.635321916166113,33.95354722428553,9.639190554184875,12
191.42857142857144,65.68771943045458,19.359644575074675,32.09768188955209,10.231762105694141,12
191.5,68.39108759186273,18.888413529074782,34.33977061733212,9.558761740209246,12
191.57142857142856,63.93586970267464,17.970881701887624,34.765718803243196,10.162985371929693,12
191.64285714285717,61.880497792842185,17.837745773183457,32.750806405642635,9.632148024187755,12
191.7142857142857,59.44464543452752,16.892431975991794,31.632797934155167,9.240751892594712,12
191.78571428571428,54.11068348408693,12.595906103591721,30.941938785040808,9.255385792999302,12
191.85714285714283,44.62749656949607,10.520829915629236,23.811874989890313,6.6418360834321195,12
191.92857142857144,41.927574419847396,9.27527449480912,21.984184743603464,5.801166149291457,12
192.0,38.54162372457674,9.253731912374949,19.913566664036413,5.3716610950578145,12
192.07142857142856,43.178474685642634,10.796158812604405,23.792540266421017,6.688348543551874,12
192.14285714285717,45.08113367621754,12.275460409345447,24.32724906481767,6.997922562797171,12
192.2142857142857,45.704212578398995,14.871070549446193,26.270913646034124,9.163716835898686,12
192.28571428571428,47.24624667303032,16.102699421875386,24.67595714037137,8.46895516748093,12
192.35714285714283,47.88339564564342,17.86926772870898,26.600818412275597,10.129737703380401,12
192.42857142857144,51.30748116798742,18.42909990369873,28.697931934542638,10.21794428486101,12
192.5,62.34709676047808,18.885657768581403,32.15281060597998,9.082635168763481,12
192.57142857142856,55.45203313885481,16.536014310021137,29.62010349588775,8.752771275984966,12
192.64285714285717,51.55832384727878,15.32586357933514,26.583682706398328,7.7534274360831255,12
192.7142857142857,49.86804164748539,14.573826755929575,25.638253588394058,7.617352767303603,12
192.78571428571428,45.0196814336055,15.313336074639578,24.72166938930221,9.011123476233077,12
192.85714285714283,50.144912298439046,16.005355495267604,25.3588393593302,8.565260354168487,12
192.92857142857144,58.46379207246276,17.729745181911174,29.381101523040055,9.492862898724024,12
193.0,65.33806201089361,18.644295223709268,33.37923026111136,9.995620237924955,12
193.07142857142856,63.65564498851654,19.067734004049882,32.24902315603775,10.069058926941967,12
193.14285714285717,65.65787086243206,20.267909497514275,33.151039018608245,10.295268521208627,12
193.2142857142857,59.95918624992327,21.550825857098094,30.95751036593728,11.125103481161059,12
193.28571428571428,63.72899767416567,19.580529891582838,31.70347400368738,9.80900788973314,12
193.35714285714283,59.3414001138133,19.316081229023755,30.123357959392433,9.71339170965495,12
193.42857142857144,54.57410252920199,17.78625053437481,27.458267297403538,8.832808899333312,12
193.5,54.16706674279803,16.620793894722784,26.67512664379306,7.895161882938998,12
193.57142857142856,48.14813523934071,12.733828579636096,23.490245542448417,6.456049823431799,12
193.64285714285717,43.06421988304229,12.553082899004682,20.025227264079817,5.34267136277681,12
193.7142857142857,43.813925497525226,11.364341422252215,20.067264827023788,4.6877927472256795,12
193.78571428571428,40.735853960322366,11.781754896850183,18.950217494613216,5.327684488528348,12
193.85714285714283,45.14812802317928,14.691973759300792,20.89311499924241,6.768593312348782,12
193.92857142857144,47.24917214778427,15.89910289825882,22.820756555237413,7.791492013507782,12
194.0,45.959557310254034,15.146644437570844,22.35296765422213,7.604001163633644,12
194.07142857142856,48.91465006137478,15.167150999996972,23.897972021536244,7.698083441906356,12
194.14285714285717,50.14661019984354,15.854031702131936,25.604452233958877,8.491943463146823,12
194.2142857142857,50.42775395628852,16.12828153792395,26.29964548650908,8.875890568318338,12
194.28571428571428,46.80195036682148,17.62288298371266,25.718542137301178,9.900090167250358,12
194.35714285714283,46.48143747484182,16.567294861231684,26.418428075358644,9.774774564499802,12
194.42857142857144,47.744923763189156,13.808273432853111,26.239529505320743,8.008094908747037,12
194.5,40.51257199340917,12.333361715273115,23.77971295402142,8.148304049422961,12
194.57142857142856,41.810784658434734,11.061777716077732,25.115205448655015,8.539247327442549,12
194.64285714285717,36.873616241702706,9.811678829448175,22.255543189473848,8.463107626682667,12
194.7142857142857,36.3432025181931,10.581062525318858,21.74764106587427,8.718217051406077,12
194.78571428571428,45.03029215956855,12.347886591652424,24.762146923897365,8.706734837156064,12
194.85714285714283,47.54507022312726,12.939376308199167,25.790367591937652,8.967395402435555,12
194.92857142857144,49.084582325155544,13.321730088511346,26.084661969935052,9.113180287239766,12
195.0,48.94448309836316,13.540619041850812,25.33086777417485,8.91521344940087,12
195.07142857142856,49.382863862572464,14.06709225981883,26.051701001217143,9.03558049789533,12
195.14285714285717,50.28283138204375,14.127870644012061,25.871912577670113,8.500770526149724,12
195.2142857142857,49.847158470092545,14.128102802700518,25.61062712636871,8.170919936568996,12
195.28571428571428,49.35367253873111,14.830565732731863,25.42448224511085,8.112125807454207,12
195.35714285714283,49.86717144357164,16.60636689343666,25.99678947876605,8.818981762555024,12
195.42857142857144,49.12024695766689,15.80318337650205,25.48926091688565,8.240513395226811,12
195.5,49.843211694882235,17.62781652194751,25.378008302594345,8.812678643645668,12
195.57142857142856,42.22924239428112,16.324692958605038,20.67062610089347,8.047790293548843,12
195.64285714285717,46.190594925604415,16.28913995506346,21.611027084369958,7.71908929638882,12
195.7142857142857,45.090682690366116,15.33112105544554,21.9095035559352,7.377597159231223,12
195.78571428571428,43.1537572944398,12.51644831152082,21.723136320619744,6.338079061986241,12
195.85714285714283,40.59520414631964,11.201567723196526,21.314345901120642,5.900019318537806,12
195.92857142857144,40.7667038413885,10.42331511348364,21.850391273509768,5.987134553483007,12
196.0,40.985477959255036,10.34158515959167,21.87583255350277,6.16313338688008,12
196.07142857142856,39.743530583758755,10.16301308737516,21.910074707698524,6.81929989949907,12
196.14285714285717,33.91494902983354,10.338051948101992,19.819842324561023,7.421360670724295,12
196.2142857142857,31.16079505758919,8.873836935684658,17.796149562494303,6.506326332862717,12
196.28571428571428,26.57556500730521,8.764350241904566,15.334841281419994,6.506458166155395,12
196.35714285714283,33.9099080034,10.633076807934032,21.643069827058056,9.136289681581156,12
196.42857142857144,29.463579929905066,10.532290509713187,17.580828379788205,8.000232238724308,12
196.5,31.159216800719925,12.469880356294299,18.22759375161561,8.98923510617473,12
196.57142857142856,34.120305860385926,15.11800777079554,20.4722404952751,10.733171569933353,12
196.64285714285717,36.11747665789846,14.53832969128193,20.90441057931448,10.04883058106156,12
196.7142857142857,37.033818570125014,16.057618088696195,21.12610472202287,10.672717157598418,12
196.78571428571428,38.20131801010036,16.726556116029766,21.780944129027333,11.145621457331632,12
196.85714285714283,47.353108312639506,16.763615979008968,24.782188221404866,10.296743435227459,12
196.92857142857144,50.88329374670522,17.91255568085532,25.772714901221583,10.141295103036764,12
197.0,53.368173974089395,18.281167295078177,26.56148261054724,9.968144375919485,12
197.07142857142856,49.856747953390716,17.2174553532338,24.70752060697363,9.47329816478945,12
197.14285714285717,44.19464585827261,16.85412896181614,22.94420479056322,9.63081796540755,12
197.2142857142857,42.12994069887575,16.569614652247548,22.109985513620426,9.339987058923096,12
197.28571428571428,37.874419256730626,14.587999504534169,19.781800478547854,8.261660167086609,12
197.35714285714283,33.04763693007706,11.144034322951834,17.706989336438184,6.524493675289768,12
197.42857142857144,19.3688953891765,7.681751792054995,11.879055291012213,5.560750299483719,12
197.5,31.00948127548123,13.54180434058191,15.81801942577692,6.035259862811422,12
197.57142857142856,38.83051463728367,14.003315557972062,18.5762877690169,5.989523166520541,12
197.64285714285717,28.697975380371094,14.855464899980856,13.328688082578358,5.955745433396827,12
197.7142857142857,43.824639748137606,16.09265532103935,19.89152214084144,7.037706671320963,12
197.78571428571428,39.5715782358631,14.464097302833014,18.139576003573445,6.734599557779596,12
197.85714285714283,41.99852822507457,14.67691063904133,19.23274761554559,6.7713129512476256,12
197.92857142857144,44.63198011011021,16.438618425176315,19.899888813414396,7.423344073727043,12
198.0,48.09739276157731,17.284979512889628,21.692817328317616,7.843719726687393,12
198.07142857142856,45.022258782891804,17.652573617539456,20.331663486307637,8.36033532528092,12
198.14285714285717,43.36629632453184,18.279676635883053,19.54221922896825,8.701736389822491,12
198.2142857142857,48.49947478590184,18.710835160822498,21.43587335160461,8.732140331087512,12
198.28571428571428,50.44702255032732,19.812092893331553,22.098605918345847,9.299744725822714,12
198.35714285714283,48.66867669223444,18.40246918919814,20.97002070300698,8.366691648403629,12
198.42857142857144,42.01599888653757,18.260146042758933,18.34291489391646,8.60244639893552,12
198.5,43.80431446939997,16.950738274783106,19.089232351584563,7.916971371073658,12
198.57142857142856,46.22716021822068,17.403390714298794,20.05808966804749,8.109504542178417,12
198.64285714285717,41.354231399156276,17.379211136594066,17.86436042346143,8.208048954928978,12
198.7142857142857,46.755754027013516,17.022667709897995,20.313845282773652,7.921975985458312,12
198.78571428571428,31.46525567068729,10.574227416179928,13.162745612491912,4.297798536562388,12
198.85714285714283,30.944910319784142,8.645539676265566,12.769799257331103,2.987789991896691,12
198.92857142857144,28.273135225640058,8.47256895287313,11.532315238804106,2.66670033247244,12
199.0,34.37888715774679,10.433771677683659,14.715729084233033,4.364337402894332,12
199.07142857142856,39.011718354825746,15.385926655692653,17.19442538802426,7.293720843256675,12
199.14285714285717,41.81147429257225,16.818845505061937,18.603709810553212,8.096929324591256,12
199.2142857142857,41.2591819423821,16.03762046128577,18.519030768656776,7.7299817001796916,12
199.28571428571428,39.415344228482205,17.17557932268677,18.14234820146535,8.49126138174467,12
199.35714285714283,40.72017444472885,18.694532510279387,18.992147134526423,9.302393908656082,12
199.42857142857144,22.625579058195047,5.947508665148562,10.401321501071331,3.0096936831546737,12
199.5,24.052310588881813,6.505907953983153,11.393178772106062,3.260912719695636,12
199.57142857142856,23.17503536274358,6.845824063704851,11.181357355986892,3.537951536013628,12
199.64285714285717,23.951537452451472,7.572158841512452,11.697900593514358,3.8370601243094256,12
199.7142857142857,40.62877979806655,17.658933342238512,20.187075079422762,8.662363999767138,12
199.78571428571428,39.02830900091982,16.680070773490005,19.340473622518388,7.93267594657288,12
199.85714285714283,19.657270145538696,8.178956467750286,10.514237972980766,4.032030481220827,12
199.92857142857144,34.175066944734034,12.66382030425692,16.499449979856717,5.969805713772061,12
200.0,29.337540132151698,10.870688534660509,13.761156906013829,4.915639662782638,12
200.07142857142856,29.00925820311282,11.711645582554173,13.420289300087727,5.283840166632638,12
200.14285714285717,29.7301196850423,13.006754973913418,13.829077711009836,5.887410762109884,12
200.2142857142857,33.43985365901516,14.508175883917179,15.112970366798706,6.542086103053345,12
200.28571428571428,26.485582514243653,10.262811118517785,11.966887793948818,4.660534798586593,12
200.35714285714283,18.954856980791227,8.138829734003115,8.485357279470641,3.726260672277779,12
200.42857142857144,18.24179503586415,8.078650349096947,7.788632080836866,3.4474563477035898,12
200.5,27.93777379970883,10.807283306024157,11.914174110684014,4.607015915684037,12
200.57142857142856,29.46169638365012,10.783640844956613,12.306810207565835,4.458746554854288,12
200.64285714285717,29.080059530593292,11.981754818327031,12.450492724124487,4.9068591938288595,12
200.7142857142857,28.85428405190297,11.729108859364457,12.389917836587447,4.746429102962509,12
200.78571428571428,18.645254853925433,7.648710016184536,7.974127330666126,2.3644734656327513,12
200.85714285714283,27.428632285115672,10.879842369691122,12.356315983741794,4.414846513065296,12
200.92857142857144,30.095599644393737,9.905364608807073,13.556550282410162,4.161774827120685,12
201.0,29.850816787856946,7.382061554644115,13.587734558814285,2.7314904252403482,12
201.07142857142856,35.59051324169275,8.519441829345348,16.555275035823435,3.6703277250270374,12
201.14285714285717,33.30544727337873,8.244502703963851,15.608497303111465,3.719592118373234,12
201.2142857142857,30.175878685774613,10.585013903797423,14.503362880686444,5.198436645108523,12
201.28571428571428,34.923785424232854,12.289010748245303,16.365314988721252,6.139658667582878,12
201.35714285714283,35.01533513511193,11.21647007989411,16.821291934864153,5.734509977276974,12
201.42857142857144,38.77800122461034,15.073128887219024,19.01258502545924,7.678224552375526,12
201.5,36.994909407424906,15.25085666089733,18.448383672601896,7.676902164283149,12
201.57142857142856,27.511716444725383,6.168153982776425,13.879715085544195,3.4256837511641893,12
201.64285714285717,25.22754794882005,6.742502017067319,11.922963752713853,3.6882306705123615,12
201.7142857142857,18.74219147480469,5.687290290154,9.208077263871317,3.5254408494622242,12
201.78571428571428,30.43295836328847,11.054956400838131,14.113231487708143,5.048996459903182,12
201.85714285714283,24.688538166585435,7.380396743753344,11.403590803149992,3.457721857254331,12
201.92857142857144,34.899639631010956,16.65625173731719,17.355735111512292,8.283454009641535,12
202.0,35.191843699634795,14.226427897079011,16.534574573687383,6.83414735553399,12
202.07142857142856,24.774964019412327,8.348636071753754,10.944055538681834,3.582943360549677,12
202.14285714285717,14.2955016576064,3.8671635115803564,6.1483952396219,1.1114900520468494,12
202.2142857142857,13.406903203547353,3.737977764234178,5.630758253146748,0.9401961209947032,12
202.28571428571428,23.786521148384406,10.978582080125934,10.849387818559899,5.326703365375728,12
202.35714285714283,22.95207159789418,10.44505763474511,10.472544535674501,5.053748181210939,12
202.42857142857144,25.74285816494821,13.45775643769054,11.426130176590643,6.613103897190135,12
202.5,37.129690487153354,16.702436553584004,17.04047771293877,8.066992809453826,12
202.57142857142856,36.55853678589947,19.31076317625676,17.020931848107633,9.72732944807398,12
202.64285714285717,37.29866954365279,18.55534812302247,17.715659789351736,9.124358140659169,12
202.7142857142857,32.57733531233197,14.702430740928817,15.769020990041163,7.246178335608657,12
202.78571428571428,17.513888204843646,4.296961547141737,8.230440481937277,2.2474523575232266,12
202.85714285714283,20.673489481344337,7.178062050076262,9.616480486432778,3.4757774450716834,12
202.92857142857144,17.15501079206836,4.923541880429212,8.410171232631301,2.8256241146120713,12
203.0,22.46144436901901,7.469469686047832,10.938111781438522,3.585927868461251,12
203.07142857142856,22.531942392250034,8.098444212210971,10.712170253416323,3.8280474650494143,12
203.14285714285717,21.834222692901605,8.140735539670388,10.979312370109056,3.7437745105966966,12
203.2142857142857,18.651290537655903,7.601055296015766,9.351479175429294,3.7373373307876627,12
203.28571428571428,16.22652325312871,7.738419824081455,8.41512568060644,3.7730517027426336,12
203.35714285714283,18.82996692235946,7.855267782127436,9.372702233485999,3.8217981313292806,12
203.42857142857144,22.01056132103931,7.771614780102249,10.238030812678181,3.6425638908660027,12
203.5,28.119004062503862,9.28107654619097,12.798681072818841,4.271787467125871,12
203.57142857142856,22.98700721369868,7.852228392458368,10.118542726102465,3.5163931159839064,12
203.64285714285717,22.714888897910622,8.818698327039394,9.657320287978786,3.813004558897728,12
203.7142857142857,26.551170182648352,9.233829960130157,11.302587356742446,3.7159346354423257,12
203.78571428571428,22.330898108623778,9.15644569478697,8.734119665776438,3.090536162916409,12
203.85714285714283,22.30059465787567,9.658743199736756,8.668804983128757,3.3225510340854667,12
203.92857142857144,23.928293656644765,9.243426076909643,10.160918699020137,3.1503476232129457,12
204.0,20.40055557860015,9.515137480332722,8.386664361424458,3.176810008897218,12
204.07142857142856,29.434570749236865,11.994705642351583,13.492962056565062,5.276657117354468,12
204.14285714285717,28.732428929831073,9.42183396128086,12.706308022174078,4.022802819491013,12
204.2142857142857,28.070119586992504,10.481261384232498,12.798812341901579,4.87411022251127,12
204.28571428571428,30.967225603398692,11.58714370981733,14.361300994344994,5.576892413568313,12
204.35714285714283,36.50173881087903,12.226870491977238,17.220637970441,5.848648983292998,12
204.42857142857144,41.11233586628447,15.55363191853033,19.885897972370064,7.957688191223153,12
204.5,43.88111861014769,17.14759896041,21.011432473925048,8.544883469233321,12
204.57142857142856,46.081070819246996,20.180350944636114,22.138182699397415,10.159681923029021,12
204.64285714285717,46.73551509373175,19.947758844882053,22.40661678407172,9.976163896191196,12
204.7142857142857,28.447628048854895,8.9004855589784,13.481061061037238,4.625160684362937,12
204.78571428571428,25.58119905593219,7.730776485595908,12.329774757819688,4.102617097959451,12
204.85714285714283,23.97227448175988,7.890790828589987,11.319506780306366,3.6848426261095066,12
204.92857142857144,25.29207650354604,8.535302001808038,11.791300975178306,3.657060238701314,12
205.0,23.104046698305602,8.229837368854692,10.497237295870349,3.391308085471295,12
205.07142857142856,18.173481349186712,6.059765475885448,8.736163117328008,2.6787287905660224,12
205.14285714285717,20.34818515435,5.6431677500911395,10.021464425515347,3.166332184377612,12
205.2142857142857,20.81919900604943,6.3638650972343465,10.91974561705119,4.366487802513677,12
205.28571428571428,20.30500439666495,6.9206356172667824,11.561952602343164,5.087010162362284,12
205.35714285714283,28.766296717633992,12.101247668034054,15.632997382217205,6.876696438774997,12
205.42857142857144,28.58669715673328,9.961989762837346,15.5427591064534,6.565703751758939,12
205.5,23.815981409570014,8.024420543701652,13.197459569068247,5.383187543124406,12
205.57142857142856,28.166167663736434,9.75776708300745,15.13207149614196,6.34070046250692,12
205.64285714285717,28.944888564787785,10.034435377537458,16.0447989922647,6.42010319250187,12
205.7142857142857,30.33054315143482,10.539127801659113,15.80539159229462,6.0625284546389135,12
205.78571428571428,31.416816434904216,10.232674218352082,16.983805829986075,5.755180314905953,12
205.85714285714283,40.692379676786416,18.262108527225262,21.66371164388147,9.350927446991117,12
205.92857142857144,37.540460063211476,15.334635600598181,19.8458908478712,7.786770493409351,12
206.0,25.089271493673245,4.282764284480474,13.588478401905714,3.1564392211177372,12
206.07142857142856,22.73953620110054,4.44319705547078,12.418923273366085,3.282486434904776,12
206.14285714285717,24.521507680676493,3.858104002482898,13.592520694091249,3.6640077874369035,12
206.2142857142857,22.83788670678883,3.9372381892277164,12.69902679227831,3.244427685836393,12
206.28571428571428,22.316384091878646,4.51539293567274,12.803454701029247,3.9950386688230406,12
206.35714285714283,24.97638726635649,4.624350135209124,14.905758516201843,4.604839637735217,12
206.42857142857144,24.634587094421146,5.654508917460887,14.656141441432656,4.85365080208026,12
206.5,21.68244266509027,5.659298993486071,12.741037007970975,4.837048332318511,12
206.57142857142856,24.910663314097334,5.471107487989697,14.975867318961292,5.186487148712667,12
206.64285714285717,24.762218049811125,5.65581072691464,14.60901720152196,5.181760615562286,12
206.7142857142857,23.403472925913977,4.149279854355323,13.406935127619894,4.226478186188581,12
206.78571428571428,18.333663696993515,4.078855808608104,10.6258764528624,3.982803096972154,12
206.85714285714283,17.465035665925583,3.43646779207474,10.15327358074055,3.500812831180995,12
206.92857142857144,16.849969050590538,3.68068553261994,9.56116327405839,3.7093659095301788,12
207.0,19.319066008833463,3.6905433220334904,10.929160490725428,3.538490392896632,12
207.07142857142856,14.833951038209783,3.6399924767225333,9.19440616593109,4.034723037825287,12
207.14285714285717,17.969669543587173,3.229596420704674,10.017620004356518,2.8965220938027416,12
207.2142857142857,15.74454340393419,3.502945384683773,9.55198695855525,3.5762964533007313,12
207.28571428571428,14.281908758551578,3.4286416272197675,9.5872104514299,4.30967934452184,12
207.35714285714283,14.081929818929199,2.7059777749360103,8.831610129319294,3.5124275857327403,12
207.42857142857144,13.707414104219914,2.815441263340723,8.88541370716921,3.4300193557600474,12
207.5,10.575647067695913,3.3070538349888725,7.42620753337966,3.585817247440663,12
207.57142857142856,13.898586790011693,3.124913780217815,8.906000423367257,3.34161801102173,12
207.64285714285717,15.37717265173901,3.763181921727164,9.178708002959151,3.4277458378837684,12
207.7142857142857,16.893096370233998,4.7437005527185185,10.528745450621031,4.166672978806154,12
207.78571428571428,16.55365261401907,5.787913790004591,11.097794031785272,4.8835082983293665,12
207.85714285714283,18.240312745898574,5.671962275880336,11.364658919620972,4.510817338610452,12
207.92857142857144,20.28030664934678,5.638635339516315,11.152559954169892,4.022894619937093,12
208.0,20.499018414887523,4.618724342688584,10.756575571479004,3.3666341209003448,12
208.07142857142856,18.107863622131305,5.209064631453807,9.507450033586185,3.0828938207269445,12
208.14285714285717,18.73045309853667,6.097057884244383,10.136021423086428,3.438059515034062,12
208.2142857142857,20.628185156602544,5.835770513406016,10.619431237164468,3.045198488299096,12
208.28571428571428,22.622812970769267,5.718338561562188,11.65113528328419,3.004571685044753,12
208.35714285714283,20.619775405754996,5.523790527461452,10.583484619581581,2.8484285427519254,12
208.42857142857144,21.90315079528239,5.633437427704239,11.463981063394643,2.900625575736607,12
208.5,21.239872281108294,5.516138204430221,10.859973009553855,2.7009460468893853,12
208.57142857142856,32.17953612063961,11.778548227642325,15.861079011008242,5.745320178283656,12
208.64285714285717,26.825700425849533,10.069938365866738,12.997760367434603,4.856754212916028,12
208.7142857142857,23.3843555851665,9.515303748137061,11.244757187839987,4.5415550490092365,12
208.78571428571428,22.14489734135124,9.278025193800593,10.337969308755248,4.447592189773379,12
208.85714285714283,20.995061005079524,7.665122210890267,9.706712361927975,3.583996393024122,12
208.92857142857144,21.51730927542189,7.504848305148238,10.08267317738846,3.5142067564750183,12
209.0,25.113001805541185,9.2067408302674,11.41450058714773,4.4856726941641885,12
209.07142857142856,20.131756132078603,4.558800910721715,9.976196764376656,2.3111914554320614,12
209.14285714285717,20.129107058994077,4.260826172197161,9.549268766012831,2.171543580742474,12
209.2142857142857,24.323893720634945,5.436862763878426,11.632276585000616,2.751009077654789,12
209.28571428571428,23.101272396282237,6.69906522299968,10.401388009121254,3.1837388175188313,12
209.35714285714283,23.97459308272109,7.554067739090808,11.671190032043807,3.7711634521252013,12
209.42857142857144,20.937801498006518,6.374534488736876,9.695860498803324,2.8864644021411836,12
209.5,18.72694281587928,5.557571323454142,8.76057516651364,2.4575208531842554,12
209.57142857142856,14.098251971392424,3.9920410821112253,6.588434405067993,1.5603761792678037,12
209.64285714285717,16.595119129123674,4.030333727269938,7.857181510155739,1.5265140252527958,12
209.7142857142857,17.91218010834413,3.8143667652526276,8.073641527488993,1.3244453154229834,12
209.78571428571428,16.939042659832705,5.39980950135361,7.10408463265342,1.7840148148169457,12
209.85714285714283,20.026934567202687,6.0662318599398555,8.65867336817526,2.030285038244124,12
209.92857142857144,17.993312463363136,5.430826085367553,7.3326240457062,1.63569457178051,12
210.0,19.191132302939337,6.376188936396819,7.902766914081417,1.90630915759504,12
210.07142857142856,18.79566098874384,6.457849161164958,7.889802324484277,1.982706258868011,12
210.14285714285717,19.331621257531605,6.4284741873873985,7.9160925608733725,2.227243554440807,12
210.2142857142857,22.27667472063548,7.818989479510183,9.345623733355414,2.7951811281400256,12
210.28571428571428,26.37998790003836,9.825473233609355,10.919027885486113,3.7485299150624893,12
210.35714285714283,25.595634187445356,10.617679648634008,10.871144169703527,4.567980425795599,12
210.42857142857144,25.380706578445555,10.822190569079739,11.096626575880666,4.736254635533141,12
210.5,29.53507564489452,12.436723256660766,12.518848656903502,5.55527570706512,12
210.57142857142856,32.159331282828475,14.012148886972081,13.51950319943253,6.304534830167594,12
210.64285714285717,32.81922181230491,17.860801062247784,14.575633531133999,8.549019684751844,12
210.7142857142857,34.43962689741799,17.331988739132587,15.731051178721398,8.436998018246362,12
210.78571428571428,39.569826272916934,17.13364058868484,18.187006303908042,8.162359954614594,12
210.85714285714283,35.384319327531266,14.166332315043473,16.69397717808849,6.769269771459558,12
210.92857142857144,35.51373100999323,14.469649003112552,16.52340364256952,6.94211443033461,12
211.0,40.11465701423531,18.177888516015404,18.965857506211393,8.830268138618713,12
211.07142857142856,38.006887153613654,15.277516357822952,18.09020282316695,7.383542206634085,12
211.14285714285717,31.967120561451086,16.10615773175321,16.21538528626841,8.03410223523901,12
211.2142857142857,18.708959426080614,6.356256470438565,9.505220001384831,3.007125903675817,12
211.28571428571428,18.83953085492385,6.011534365317233,10.204792036807298,3.2798846873927796,12
211.35714285714283,12.746752611183949,3.164184425308602,7.390601991911666,3.318766117781985,12
211.42857142857144,13.07567145160526,3.349932926088652,7.761086916639089,3.14893824399976,12
211.5,13.407408713693929,3.065269625845378,8.184625304743475,2.9837457487685652,12
211.57142857142856,11.07035355701118,3.915318552474503,7.880842648514317,3.9441304098736403,12
211.64285714285717,10.731521877657817,3.610622441772888,7.6599392527551355,3.74188837293654,12
211.7142857142857,15.079947109040482,5.225051906287515,8.920081513385599,3.6142044819641743,12
211.78571428571428,14.953806285427829,4.325225346398294,9.715837497352437,3.670125755029639,12
211.85714285714283,15.094187095799036,4.5753695918319215,9.599599469156296,3.428643899063679,12
211.92857142857144,13.509553361912227,4.409261036154627,8.374268984875297,3.319932853809802,12
212.0,10.104384683174404,3.5609005483578904,7.059710955466759,3.5790084223345886,12
212.07142857142856,11.995688072562414,3.3267000948264047,7.863833214338619,2.998361783601172,12
212.14285714285717,11.143685160793384,3.623201512957341,7.3602928548733715,3.1458040172947737,12
212.2142857142857,10.872413131475138,3.810167168626498,7.496183523435748,3.604391830153312,12
212.28571428571428,11.183724756144967,3.4209579149265816,7.232083911202682,3.1503335153578917,12
212.35714285714283,12.991611270768807,3.7740703462635157,7.977540879781583,3.1783475424164114,12
212.42857142857144,14.062190914499219,3.3352401136752095,8.670511872292916,3.0684552080527605,12
212.5,12.470477767984834,3.5368465367573068,7.977848870536562,3.2027960095268555,12
212.57142857142856,12.255070797764073,3.3015662457381665,7.654660841478496,2.7330406882053984,12
212.64285714285717,12.3176891924877,3.141725011507462,7.613776780448068,2.8339738796097707,12
212.7142857142857,12.069953718439809,3.7698105132980406,7.144714622695956,2.61227578164727,12
212.78571428571428,10.635945228582434,2.9207259159696837,6.929761204656022,2.4776773725066685,12
212.85714285714283,12.130208201337705,3.000555686460271,7.001864990906119,1.967303803601954,12
212.92857142857144,10.97600289238343,3.7968788902515214,6.311633175084783,2.463951626582217,12
213.0,12.694752144310161,4.1867736045813055,6.744271433343838,2.4651455672994924,12
213.07142857142856,10.762539440770936,3.4832682672203954,6.028161788108649,2.142473479353179,12
213.14285714285717,8.353920264116315,2.7933007551885556,5.497993360580597,2.4668779369937623,12
213.2142857142857,10.677725095804472,3.655619249102312,7.001298558870982,3.1311270679493433,12
213.28571428571428,9.563144003882297,3.154000790563618,6.324820121537997,2.926362267229209,12
213.35714285714283,12.271282561905446,3.705565850231089,7.464359748088597,2.880436366356354,12
213.42857142857144,16.609186185078816,7.570084525739807,9.7002691898307,4.360772037953288,12
213.5,16.328690822163306,7.441877385400993,9.663436534241653,4.100220413806989,12
213.57142857142856,16.317839466371968,7.0089498880875745,9.256235317059211,3.8953193268046515,12
213.64285714285717,17.522558737770908,4.641176730936415,8.889105082045036,2.6164553387783376,12
213.7142857142857,13.055222787068777,4.284191886876683,7.185075246944592,2.6523799008732976,12
213.78571428571428,13.517226731722428,4.6154144729617235,7.456652957148371,2.890961088520167,12
213.85714285714283,14.071962084034459,5.634254114418441,7.955736227286832,3.189042406504669,12
213.92857142857144,13.700702906698622,6.7722562693185075,7.074811953186443,3.6439367242195253,12
214.0,16.41249586862211,7.653736248153981,8.308674168359369,3.9627815718927195,12
214.07142857142856,16.626950457285908,8.430258205483275,8.438759866315678,4.348595311909196,12
214.14285714285717,24.80079689952282,10.616060144510426,12.073405339502564,5.110011957002193,12
214.2142857142857,23.616187440750238,10.756382266717567,12.09833136917743,5.401551433281959,12
214.28571428571428,25.741202270119174,10.429121815195552,13.602345713681531,5.360175541682818,12
214.35714285714283,26.69438809567418,10.757937047327125,13.894036021239229,5.641379718093354,12
214.42857142857144,32.07977836492675,15.405183530910262,17.060895978011953,7.961019162340257,12
214.5,33.004975648426495,16.477845638167967,17.780568949504115,8.661087400045584,12
214.57142857142856,32.268922474878956,15.939780939890078,17.833440301709885,8.594172443921511,12
214.64285714285717,33.650290619105185,14.689859425879229,17.975213501616977,7.997090663422272,12
214.7142857142857,35.0694891525261,16.29342916417765,19.45498562793623,8.963453151722643,12
214.78571428571428,22.00139357679682,9.708556139971009,13.236936067191271,7.102288420761294,12
214.85714285714283,20.40091100813024,9.927451962544922,13.264140887019977,7.711713807660976,12
214.92857142857144,21.782953119171584,11.25910446984056,13.98237794410451,8.414022880038381,12
215.0,20.247753177115904,12.777435158486137,13.557155990556986,9.823755226549403,12
215.07142857142856,19.624549282728445,13.21823950965282,13.122784215081932,10.159109487731014,12
215.14285714285717,22.162131346706204,12.532352990616689,14.864675748369471,9.871547398823251,12
215.2142857142857,21.02905011873793,12.755632318198122,13.882043598967423,9.8124589684406,12
215.28571428571428,23.93886573770754,11.129067638769177,14.531636958808908,8.490585175795426,12
215.35714285714283,23.266565560237893,11.102422773224744,14.939368117901441,8.743090410457484,12
215.42857142857144,20.660432042999975,9.28289798063502,12.646915197569609,7.153156961485049,12
215.5,20.684844661196895,8.478215841497775,12.810000153799006,6.5870318204721965,12
215.57142857142856,19.112364031890834,7.988751996666272,11.72181309120606,6.176010717802977,12
215.64285714285717,15.589869715961246,8.901524309058875,10.378961959680927,6.9479635001571785,12
215.7142857142857,16.16474249098625,7.0245419750986215,10.01942392361516,5.485855279284776,12
215.78571428571428,14.524112283206644,6.293157370968124,9.181012039710996,4.981558466807757,12
215.85714285714283,15.102388701256794,5.038360576400218,8.734642863570771,3.6710367835671027,12
215.92857142857144,20.618437935820015,7.546510571470953,11.549458530366383,4.335372992414566,12
216.0,21.142522437604164,8.280431680698928,11.815617580071791,4.5741686726190744,12
216.07142857142856,20.794837435714246,8.513588270723368,11.45372299248124,4.816448086022049,12
216.14285714285717,19.225719920103742,7.951194098766834,10.524585549294915,4.860803280278336,12
216.2142857142857,20.088643490047122,7.715960843373921,11.54506641901,4.6191186863941995,12
216.28571428571428,16.687869621554427,7.519576439120969,9.970882514612317,4.935521493510315,12
216.35714285714283,17.57714016536676,7.6341624206904815,10.279826179370705,4.839768163364526,12
216.42857142857144,11.379685874632049,5.517458586824054,6.945333933253564,4.342004491697564,12
216.5,11.02433762393209,5.302521394826955,6.584864606369416,4.16110595414867,12
216.57142857142856,12.910634070138805,5.714333688628265,7.577143277353512,4.6409044654845655,12
216.64285714285717,12.981904814816524,6.0885116999203825,7.495699260152272,4.256359772004339,12
216.7142857142857,8.971166288908753,4.440814700718931,5.32223964570246,3.561240145266577,12
216.78571428571428,7.924739932591834,3.472278272862067,4.6743412450852,2.772003135524834,12
216.85714285714283,6.800449424162381,1.9814880800446841,4.149259161202745,1.4011238563148352,12
216.92857142857144,7.612576366725956,1.8305637644031552,4.41024069400376,1.1746780562612371,12
217.0,7.86868843879294,1.8344328581938816,3.9350866612357223,0.9925603556838382,12
217.07142857142856,11.892265215996751,3.066670982957635,6.892427630665198,2.21363984031164,12
217.14285714285717,16.15956568478507,7.691838439928479,8.452887242800404,4.162840302434908,12
217.2142857142857,13.619540428206541,6.4415737984233195,7.171945519705991,3.483315190379985,12
217.28571428571428,14.353267384050671,5.947936243801117,8.126455421196006,3.9963355409767347,12
217.35714285714283,14.558999769690942,5.547188584588406,8.56038122761232,4.137765800311886,12
217.42857142857144,12.95460234084893,5.419837357947093,7.84294075822647,4.110933380995311,12
217.5,15.491472810602959,5.234536805166599,8.405815713700102,3.7321768788513996,12
217.57142857142856,14.522197220197619,5.610691768907492,8.216780291862502,4.0768686605341475,12
217.64285714285717,12.628316159062754,6.353728079997766,7.750854021755064,4.754419538456236,12
217.7142857142857,8.240727931428125,1.9041250952147941,3.8750290803037553,0.9003016777036434,12
217.78571428571428,10.423280931282237,4.682704763397911,6.406208495851264,3.4952361548455606,12
217.85714285714283,17.911307562966176,7.432496650087595,9.112086499522276,3.8884408189616573,12
217.92857142857144,15.557784470465526,5.247774721573379,8.285773630226332,3.220077860813132,12
218.0,17.18723790709291,4.554572292973571,8.79940301060618,2.8602631222774892,12
218.07142857142856,13.510597993068016,4.067806776749847,7.53339821443997,2.761019796392074,12
218.14285714285717,11.100800313710106,3.815810778441352,6.690949719390048,2.9068404620354373,12
218.2142857142857,11.277576833278873,3.567956944119435,6.473320558649822,2.3974618091172077,12
218.28571428571428,13.309428779821621,3.3599429990131946,7.56662486679982,2.1037633364914856,12
218.35714285714283,10.171729558745437,2.732246493011586,5.89751579999413,1.9399555670400175,12
218.42857142857144,11.755733468517263,2.9249606649975197,6.442900677548362,1.99394738972358,12
218.5,14.134829367042558,3.9351746580716735,7.4876285735176875,1.9001117000448977,12
218.57142857142856,16.844422064345224,8.401456974673414,8.136738135283208,3.299579419785627,12
218.64285714285717,22.021071089165254,9.864091094023012,10.139718386907086,3.909622638314111,12
218.7142857142857,15.622786863530347,6.6730312746760605,7.63499766341551,2.801534665791786,12
218.78571428571428,17.503679014407115,9.396748506339916,8.1852678277357,3.584217310548089,12
218.85714285714283,9.477201651101364,3.1557388994616997,4.587118038309727,1.4264024898459822,12
218.92857142857144,8.501042929203795,3.5059057505502618,3.934193372425281,1.4133876172959494,12
219.0,8.45139723009866,1.6936653244082212,4.437488110811298,1.2390805126926903,12
219.07142857142856,7.351121898326208,1.9100508450192304,3.8781213652894997,1.2048600018788398,12
219.14285714285717,12.394917749834937,6.793270996339287,5.687811396855883,2.6862982334461534,12
219.2142857142857,11.826883375853546,5.104692693089074,5.588459630320122,2.3190806386119562,12
219.28571428571428,6.795324879585765,1.8242965871530956,3.4868610919110994,1.1186028672853412,12
219.35714285714283,14.168883390999138,5.761433481171217,6.859826150147889,2.5950779193581175,12
219.42857142857144,12.618050778695093,5.7137113923037735,5.9299308503838954,2.420468603773089,12
219.5,13.735136734547643,5.69335376692864,6.0093412067878536,2.272898543405168,12
219.57142857142856,22.592419527521425,9.238188645649842,10.444656006687765,3.7707725672116306,12
219.64285714285717,15.123594337909974,7.316737452506879,6.9751804219207285,3.421155582573492,12
219.7142857142857,11.617335337139803,4.833327820151982,5.295920455290217,2.0258029785072456,12
219.78571428571428,15.204248833597166,6.812889743884547,6.439704819149693,2.7331034544638615,12
219.85714285714283,14.251772951307716,4.654095367306396,6.40554024642776,1.955984802105679,12
219.92857142857144,13.7079744807014,5.985475575973748,5.6430844736337855,2.272627717642936,12
220.0,13.35520853231324,4.118900657271628,5.808167813611138,1.5758400932767984,12
220.07142857142856,8.061047230845274,2.893798813548986,3.323236949645764,0.7891266843810898,12
220.14285714285717,15.035931576048513,3.83651702183594,6.54898502599323,1.4650850671103044,12
220.2142857142857,13.20266207597959,3.074556158563538,6.286237963788177,1.3614165987670535,12
220.28571428571428,16.996297566668378,9.17806136433106,6.943639921707032,3.5312104553891355,12
220.35714285714283,21.78750712723168,9.415805740685462,10.488287994937975,4.08257011007142,12
220.42857142857144,15.914947108874081,3.917143485007998,7.959228010039729,2.064500341637229,12
220.5,16.92168847703326,4.653030957843332,9.267917936102547,2.9170293417872553,12
220.57142857142856,21.064756426518745,10.165549862069128,10.796344085292601,4.680557239326679,12
220.64285714285717,17.96276807889947,6.813265569297222,9.435452861224912,3.364417703182613,12
220.7142857142857,20.061608764083783,8.237542602426826,10.586729796572648,3.7983247106786138,12
220.78571428571428,14.740750275604682,5.216154126350219,8.895467721724295,3.9293480149576743,12
220.85714285714283,10.927404396958616,3.716196861183343,6.398474294878439,2.923524859166009,12
220.92857142857144,11.48203866701423,4.433310915555054,6.974401243823059,3.441016691639218,12
221.0,13.136162186862608,4.872802357432074,8.027059599565675,3.553161684440304,12
221.07142857142856,19.6120290235936,8.930723270026425,10.650854257297588,4.93378163596587,12
221.14285714285717,12.882397425206658,5.006446198998985,7.4163297130247745,3.807105280369225,12
221.2142857142857,12.020201938667332,3.3610141675030065,6.868595276986408,2.506595233014034,12
221.28571428571428,10.747892860181004,3.960607341126693,6.487364254043818,3.127497403506599,12
221.35714285714283,8.435111582990107,2.432026136146936,4.565007233257851,1.6453263110659992,12
221.42857142857144,11.46143840495647,3.035489164979235,5.987734859162459,1.7830844707683513,12
221.5,12.76213587924398,3.3560954986436227,6.004584231993922,1.9066197331549717,12
221.57142857142856,10.410173751095884,3.380882559203836,5.095796144061753,1.598576585288383,12
221.64285714285717,12.566563559885338,4.0619037521743255,5.241606048974142,1.560667201426135,12
221.7142857142857,12.901874431550247,4.143386998162187,5.208934157015686,1.4364794514329429,12
221.78571428571428,13.019537789421449,4.299082530947254,5.624234488708233,1.3652250522691416,12
221.85714285714283,12.214007823492485,4.579976599403555,4.715725289556878,1.1228863554449724,12
221.92857142857144,12.210714185722361,5.294688087122842,4.584201725076344,1.416118115508368,12
222.0,12.06752149076893,5.333372122054926,4.768486568479219,1.3748112364847982,12
222.07142857142856,13.525343951121528,6.510404280488503,5.389891509351093,1.9500345436427142,12
222.14285714285717,14.935495943085101,6.039641604858694,5.994339165386796,1.8683859198104844,12
222.2142857142857,16.917136014670426,6.165491677832736,7.386149055824854,2.2208052789980544,12
222.28571428571428,11.295421600743254,5.615198235241994,5.921172695818099,2.834569774058125,12
222.35714285714283,12.085834311968163,5.967721856626637,6.401299022114628,2.998519091863446,12
222.42857142857144,15.461577080355857,7.488746009978184,7.55500213201609,3.5902585427540514,12
222.5,17.790863797667715,7.2598354773409675,8.151117824170038,3.516817362448766,12
222.57142857142856,16.42836916281176,7.3784622750207935,8.3096649066895,3.679695395116257,12
222.64285714285717,8.03362751775253,2.657473138543765,3.6520170814856616,1.5411858016769677,12
222.7142857142857,8.286219928324961,2.4375530116361017,4.282647386215889,1.6189229517112247,12
222.78571428571428,12.496486084177919,5.435178759812559,6.319267712887775,2.697808620639219,12
222.85714285714283,12.88568039389885,5.8042003739051236,6.270841819253968,2.718371398535162,12
222.92857142857144,12.182295960966941,6.332328095264028,5.6953763825295,2.9071308659911823,12
223.0,15.747201425696923,7.745154004561238,6.839026713550414,3.4003373412222597,12
223.07142857142856,16.14025404805355,7.935254263015998,7.166729616727295,3.4162513244665234,12
223.14285714285717,18.918797899067695,8.353709421437916,8.255712608542009,3.471825167027264,12
223.2142857142857,20.067916413741532,9.316469969683483,8.441262484829121,3.789513889479205,12
223.28571428571428,32.794249662794456,12.609289833818929,15.286629819110262,5.86064858091814,12
223.35714285714283,36.03445487685999,13.850634725264008,15.831326053346924,6.49111468367922,12
223.42857142857144,35.11808568910734,12.894412664863648,16.284324015162206,5.933646388992576,12
223.5,34.553530513953085,14.590623834473861,15.401764767617937,6.8183869881635015,12
223.57142857142856,36.83456643715843,15.966435048761253,16.539220290389952,7.504769569739971,12
223.64285714285717,33.48567268909241,15.358467833128394,14.894845781870497,7.153921747140166,12
223.7142857142857,31.55434534740533,13.277804098140312,13.436822023610096,6.02404161050361,12
223.78571428571428,29.376644345624985,11.746277409083097,12.308317196180154,5.088662281176538,12
223.85714285714283,29.97595732441142,12.834797543368003,12.591871968038218,5.740310679487018,12
223.92857142857144,28.046460447380458,10.745331076851674,11.347036389998898,4.543487840130935,12
224.0,27.209298680643098,10.396154814483877,11.122531751517682,4.360074684401432,12
224.07142857142856,25.21971545357655,9.896989822398387,10.322389421051529,4.026272440459091,12
224.14285714285717,24.82435512268825,8.6002436955654,10.516517123876033,3.3263647245825574,12
224.2142857142857,17.218129254931046,7.661533055303258,6.459026708876442,2.279973597972198,12
224.28571428571428,17.801675081504357,6.848196215186733,7.33612675690701,2.3531205281836898,12
224.35714285714283,14.987231342806924,6.324220233582563,6.286211298506895,2.0113729585215796,12
224.42857142857144,16.294509863028406,5.883104246427855,6.956303153702586,2.011114511354123,12
224.5,16.307923373958115,5.721038509881925,7.409680503814459,2.270047273816269,12
224.57142857142856,18.23691035466694,5.429464556835206,8.178409789848992,2.15714421110765,12
224.64285714285717,12.865870827343208,5.08006259662247,5.933759196433822,2.263024129088914,12
224.7142857142857,12.406070778624246,4.448979095003871,5.634006759186925,2.146799849763623,12
224.78571428571428,12.659423419170283,3.368347098200069,5.518141286787338,1.6495352987885519,12
224.85714285714283,12.82862739545016,3.0305037046132606,5.755026149976635,1.4518531855975827,12
224.92857142857144,13.016130649402102,2.841501999551037,6.247118095715104,1.417563557554893,12
225.0,8.869030722832564,2.533859343400714,3.9467512009274777,1.1583777592890705,12
225.07142857142856,12.21689872361766,3.146906084015724,5.811831891548119,1.6369592651676081,12
225.14285714285717,13.314677667070907,3.1003319175782407,7.111069533496371,1.870484948692917,12
225.2142857142857,13.814599738476097,3.6625994105580375,7.155038393877379,1.859118322725152,12
225.28571428571428,13.726778647169086,4.279204584482508,6.604879087472208,2.0292263790932568,12
225.35714285714283,16.8320073709436,4.864365394121289,8.042060996251765,2.522438529942306,12
225.42857142857144,17.626616862468314,5.639752841799584,8.294610378720876,2.9249593753404945,12
225.5,14.275738383539807,4.661339934055513,6.829148388032489,2.6976911130856602,12
225.57142857142856,19.22341656239231,5.484247361998189,8.571135739497313,2.6324097718364072,12
225.64285714285717,15.088310766982318,4.657553712549328,7.464228125733977,2.3265007819105428,12
225.7142857142857,19.605784300876206,5.688879747147032,9.289730380621913,2.310428277619834,12
225.78571428571428,21.910532637138967,7.351057985925695,10.500366686112903,3.181108337522863,12
225.85714285714283,17.465137958436234,7.368388005953051,8.754771949878087,3.398945859537999,12
225.92857142857144,23.68505973813883,8.056665146906756,11.17358069400524,3.243251165940222,12
226.0,16.265014446106502,6.262296461382968,7.5507211994054115,2.650389845217727,12
226.07142857142856,22.737632909835707,8.97224988837141,10.232581183739,3.68071535134076,12
226.14285714285717,18.018375043900907,6.30374143024319,8.141393891733195,2.586071718233559,12
226.2142857142857,19.015748287924808,7.061857508249787,8.647465476631536,2.9874094166656273,12
226.28571428571428,20.499701986818042,6.681978523763288,9.841124955740984,2.905890963908914,12
226.35714285714283,19.30354911049555,5.859427848459993,9.350700167975587,2.701479669103771,12
226.42857142857144,21.113669874475047,5.59551602341063,10.60788207724602,2.8119599542423517,12
226.5,18.59830236849525,5.761906861105379,9.438229302933154,2.986207031062501,12
226.57142857142856,16.590738712224212,5.7811957484327205,8.578562505286492,3.047613086906531,12
226.64285714285717,22.075988460234935,5.960737144377981,10.806749277773362,3.0328284384479014,12
226.7142857142857,21.88484904254211,5.747937054244455,10.24068948816638,2.8398720920471225,12
226.78571428571428,19.904849282790213,5.830716293841312,9.354406635108289,3.042078965980922,12
226.85714285714283,18.652122200220763,5.443368606206633,8.882551833663904,2.70084142604889,12
226.92857142857144,15.050605055834152,6.1216949731105474,5.6718842706105095,2.3221024270128754,12
227.0,18.885052510010254,8.4067020740631,7.4128341299643346,3.1537335008207714,12
227.07142857142856,25.503140809537328,7.793477110391928,11.784117332337326,3.471549134602589,12
227.14285714285717,24.17532339854338,7.650979618400805,10.474180552115484,3.257567052616026,12
227.2142857142857,23.415330448054718,8.014274397391484,10.3509013503009,3.08634043182701,12
227.28571428571428,24.056982656076176,9.233381950045965,9.504314569501501,3.2935994297234483,12
227.35714285714283,23.609987203278376,8.793244318354395,10.298808866062354,3.4717161366544094,12
227.42857142857144,23.41743700320502,7.524579839068955,10.14687648257802,3.0024282178633017,12
227.5,21.53255244892874,7.785994413228348,9.171138508604606,3.0860644126228363,12
227.57142857142856,21.908152395254604,8.374577668102582,9.45874549094321,3.1854772112464778,12
227.64285714285717,18.448336849580866,9.200287258547503,7.042295272364437,3.3945023847842957,12
227.7142857142857,23.486936455547625,6.531762228791305,10.64689078599553,2.7771012231741947,12
227.78571428571428,21.472202811243438,6.3625405955399374,9.823623433075234,2.5374077428267854,12
227.85714285714283,18.97913427785417,6.844315671107942,8.579506578433216,2.5985926014222516,12
227.92857142857144,15.024532669220742,6.0413461375373325,6.511325993530906,2.3643477012257494,12
228.0,17.11293989275758,5.60202474088767,8.241861884413513,2.4820995007314988,12
228.07142857142856,14.611053151018714,5.077680305917398,6.697729367295722,2.209054557842064,12
228.14285714285717,16.274330127115515,6.818937856195217,8.479140288122723,3.223168793807885,12
228.2142857142857,16.53523017592959,7.763267035065697,8.914825110699304,3.7857997379333117,12
228.28571428571428,17.157660045921723,8.813659164322715,8.333568050000693,3.770636307707069,12
228.35714285714283,16.501388444972672,9.195276131638083,8.527050730257706,4.051264507949144,12
228.42857142857144,17.33121004704189,9.6670601645054,9.121154626022657,4.400345659507705,12
228.5,19.23623365001311,10.504507560314886,10.061489317512832,4.629261366862286,12
228.57142857142856,22.299570225842107,11.111559476281206,11.563903918332946,4.972059710610112,12
228.64285714285717,24.847614157786115,11.140748601568307,12.969356990515779,4.967614712889464,12
228.7142857142857,23.656480632543076,11.776622798131424,11.54973568389286,5.1661163358513535,12
228.78571428571428,24.82751253619954,11.520745491136513,11.963931743892722,4.833999489165075,12
228.85714285714283,26.416732197682975,10.743293356838599,12.58968599356791,4.360915286184169,12
228.92857142857144,24.423608435907784,11.952563955084091,11.519392740042043,4.85655647329732,12
229.0,26.74924005281898,13.648871153078606,12.322875896745082,5.494333839774758,12
229.07142857142856,27.613382991925125,12.30932848238905,12.394271460482754,4.742306762841046,12
229.14285714285717,25.773325595343803,11.731306308503143,11.645920981776584,4.618176851458675,12
229.2142857142857,25.362137348897487,11.126932952896764,11.080846361415379,4.356341341409812,12
229.28571428571428,23.009310220965883,8.782809798659653,10.245409769850253,3.6443978150585217,12
229.35714285714283,23.710547506062117,10.628714273971228,9.629511009285796,4.079104743531784,12
229.42857142857144,27.66509445763124,10.104986707149862,11.873521453122835,3.925305526482912,12
229.5,26.24044775209399,8.625898300788258,12.097268783183512,3.563265978302164,12
229.57142857142856,23.51431042904738,9.350528938449468,10.853968356485673,3.8355505269176895,12
229.64285714285717,24.75269146619189,10.089686065542566,11.7541824643185,4.298754216196541,12
229.7142857142857,26.40799840668713,8.399710148311545,12.766481229833454,3.599753670567973,12
229.78571428571428,24.006946509721104,7.983017014005929,11.119228456194252,3.412280811207936,12
229.85714285714283,23.910136446527446,7.644997854746274,11.302290849813105,3.3160095898777655,12
229.92857142857144,25.67958972325883,7.822210632924218,12.35499708652336,3.4681972645950805,12
230.0,24.830127555438917,7.72814875648092,11.721291659963754,3.447426620398753,12
230.07142857142856,21.863054771905713,8.645953052630524,10.285675149541257,4.008101353261768,12
230.14285714285717,23.82491752095123,9.752565473907326,10.818259630314166,4.386260479997836,12
230.2142857142857,24.19184383678777,10.076280228297568,10.810301369360264,4.490122477017159,12
230.28571428571428,27.454165041198138,10.815515133706953,12.369847773017296,4.736828720764723,12
230.35714285714283,27.69255946935642,11.360491907750797,12.073526024381227,4.9897149250296575,12
230.42857142857144,32.598081416853745,11.937837166461597,15.211661501128988,5.0915482736108855,12
230.5,28.689691923300966,13.009946082756674,12.587158488374076,5.5400572412306675,12
230.57142857142856,29.069622105916846,13.862408933515713,13.06370473742452,5.883047276828641,12
230.64285714285717,30.20243961101104,14.292393891940694,13.738964997603903,5.938388104769452,12
230.7142857142857,30.983606669190024,14.729976109623426,13.651012215532779,6.076020523187213,12
230.78571428571428,26.873473586851006,15.128407198444824,12.010101973963618,6.17879888378782,12
230.85714285714283,28.151182279697768,14.957739854590153,12.571260576212943,6.051690273397234,12
230.92857142857144,26.271212066612605,14.718794019797736,11.473848526290608,5.8630806968853655,12
231.0,25.926602700500514,13.501064869993932,11.587792198296192,5.39513148507463,12
231.07142857142856,25.275294037477966,13.71317046076015,11.636233585661198,5.3750639053081475,12
231.14285714285717,23.438032309035957,13.077434435652506,10.606283984609606,5.120167089670845,12
231.2142857142857,22.228919319684906,13.349688398224432,9.56434591305006,5.18559852971631,12
231.28571428571428,20.79798250902618,12.448714706181597,8.726634256459759,4.86005610216737,12
231.35714285714283,20.358851967268887,12.411443716185856,8.781310723129613,4.8406339787421775,12
231.42857142857144,21.14960589298977,11.970105766422844,9.384880731912723,4.687428719768333,12
231.5,21.61589700066654,11.518977623196523,9.466314516879883,4.48890068951834,12
231.57142857142856,20.756839045558973,11.462343940045438,9.101324717954007,4.5051285082651,12
231.64285714285717,21.40126560077474,10.292617717328627,9.765960454689035,4.047342496878181,12
231.7142857142857,19.919519110984837,8.857505033517652,9.212809246434079,3.564010362046856,12
231.78571428571428,15.381610888813952,7.334045952658317,7.0370714154627185,2.9466298493294176,12
231.85714285714283,8.736135188599626,3.5255901839903694,4.848885537178119,1.9492069748448517,12
231.92857142857144,8.204762032726183,2.274813657275939,3.972063958644464,1.2186111193956555,12
232.0,11.760944691305134,3.4504483373847505,5.638078862539133,1.7125608192241706,12
232.07142857142856,11.04908934914286,2.995758753518114,5.840490006330688,1.604664785140998,12
232.14285714285717,11.733103589038778,4.157846281486511,5.156588203201001,1.6389914676173778,12
232.2142857142857,6.575017099486027,2.3792034708012193,2.8538337388386505,0.7804818542769686,12
232.28571428571428,8.832445559946404,2.310395766450179,4.509145887525543,1.1294160490178413,12
232.35714285714283,8.995741818500708,2.334601785567743,4.398759473359109,0.99994994217288,12
232.42857142857144,10.780513007928407,3.2345633910675176,5.505269599856758,2.0788968142030573,12
232.5,12.515191471364124,3.0961148852667333,6.427599358092715,1.9445299639556253,12
232.57142857142856,11.267269686727225,3.1832476754514483,5.478840167110629,2.0267725925943036,12
232.64285714285717,11.200059028528612,3.101314637718738,4.587654605967675,1.204097372222836,12
232.7142857142857,14.972339775135376,6.231822050097661,5.929568419732518,2.4344300370190517,12
232.78571428571428,17.035783421480637,6.941345558076643,7.179198690907441,2.745076968717042,12
232.85714285714283,17.966906610303496,7.747771803759972,7.25159896759698,3.046550767504849,12
232.92857142857144,16.76306483379986,5.908112609133595,7.225980273956846,2.3699984792750675,12
233.0,14.846592179106752,6.160038924650125,6.20660443148949,2.314867551064236,12
233.07142857142856,17.2338231795791,8.468917077591307,7.187342525639884,3.2544512778788537,12
233.14285714285717,18.315343740292526,8.652917387540697,7.94379649778507,3.3625655396086986,12
233.2142857142857,18.08227606687992,8.77498641635123,7.528278234644787,3.3727268693448225,12
233.28571428571428,17.245825973404568,7.6238407433209145,7.426638044729781,2.8968080665475533,12
233.35714285714283,18.663070382356874,7.719590609789115,8.422427605575672,2.995441321551095,12
233.42857142857144,15.517202807949433,6.818087648592257,6.58708041440563,2.787270604703336,12
233.5,15.951065170023535,7.379551733982733,6.869632568043303,2.9438259795640294,12
233.57142857142856,18.000917485328817,9.310475094060436,7.492364221779181,3.6426119570841444,12
233.64285714285717,16.951327646036663,8.914704287566499,7.403123311187554,3.4915647443961686,12
233.7142857142857,15.449777508807712,9.311485649615529,6.6440826694235025,3.707984148525474,12
233.78571428571428,16.923736425464284,9.820977135110756,7.4400787314194154,3.8219496209388675,12
233.85714285714283,17.491001329368682,10.918329202063358,7.330338448553186,4.253922141420053,12
233.92857142857144,17.844798229597743,12.419500428117354,7.506564647269982,4.803017636606683,12
234.0,21.62556380135474,12.93436801445013,9.730652510811675,5.022364144225225,12
234.07142857142856,22.000782669182353,14.158619002716605,9.654343213844713,5.512944957293167,12
234.14285714285717,22.99722762082838,15.369680145995266,9.315134588248092,5.972569834558846,12
234.2142857142857,23.563309128535625,15.971405392367693,10.47602268262372,6.2609339279010365,12
234.28571428571428,24.364571255542206,16.933551085586146,10.761278801396323,6.606183785328968,12
234.35714285714283,26.114536639843735,17.75694627084144,11.008174957877387,6.877922377312377,12
234.42857142857144,26.807552706927364,18.275651433490616,11.649777498687525,7.065268882459422,12
234.5,27.299098408791835,19.014063122815728,11.57296105920045,7.360916611613742,12
234.57142857142856,27.46271620506894,18.91400082872703,11.48884561145634,7.321105165359952,12
234.64285714285717,27.744837317757987,18.532408075753835,11.890937147453668,7.149129048602666,12
234.7142857142857,25.55513117460922,18.021729861848833,10.90012598332473,6.965326404165542,12
234.78571428571428,22.834913366472566,17.28023721174264,9.521349088684957,6.697939958038151,12
234.85714285714283,22.09654139677002,15.749213757938124,9.129628439133782,6.115783835275291,12
234.92857142857144,22.779446438044072,13.750681006607225,9.866491326961325,5.282805531260938,12
235.0,21.206614223248177,12.729244745871167,9.023014460201567,4.953286567171616,12
235.07142857142856,19.780904997658045,10.775399465984618,8.284809110677653,4.167329763383057,12
235.14285714285717,17.736938047435856,9.019739321825886,7.7492050983332375,3.474688219929407,12
235.2142857142857,15.184742059195129,7.691721462288054,6.591337472066877,2.936123559787779,12
235.28571428571428,15.184329361554232,6.449444173831351,6.519452239809363,2.442256076370502,12
235.35714285714283,15.733018343820094,6.021718549091276,7.377409126034377,2.3844334586993035,12
235.42857142857144,14.124860289960946,7.137978182679858,6.665119827943293,2.816181999380788,12
235.5,13.575603714396152,8.390988296651658,6.1208557435477555,3.309195685694007,12
235.57142857142856,17.765330041062704,8.938032514871795,8.215217254060962,3.5129749749397936,12
235.64285714285717,19.920834034529836,10.146923030463595,9.20594284149327,3.9827146752232245,12
235.7142857142857,18.817960887124016,11.607208654767275,8.578217318776236,4.5654198094716385,12
235.78571428571428,24.358177506347563,11.647357952516659,10.927125970359956,4.576508229882293,12
235.85714285714283,19.78041754068519,13.629819081612432,9.07334631364836,5.35880175823144,12
235.92857142857144,27.618586859473655,13.089143300572843,12.750716616754518,5.081605552146678,12
236.0,23.681100768277304,13.55202503058578,11.25468459168397,5.312657323453379,12
236.07142857142856,22.209322447113387,14.366213545031515,9.916860925275495,5.706466177548607,12
236.14285714285717,22.332687346998803,14.726271513445361,10.230031540927225,5.821233463466913,12
236.2142857142857,21.79616966234455,12.419588601657939,10.094585731423006,4.8789627991396385,12
236.28571428571428,31.07481699805379,13.884243669377902,14.649675633572413,5.839488066478155,12
236.35714285714283,28.27762253834554,13.68517022644701,12.676331650442574,5.783080096793288,12
236.42857142857144,28.1321502947559,13.26394066195938,13.262832990520883,5.529343455974549,12
236.5,24.27129650597938,11.897741584807532,11.212337792255958,4.853787190644512,12
236.57142857142856,18.30803494407692,11.318844555866578,8.944943028401143,4.664447966226257,12
236.64285714285717,20.48694902180343,7.856994359657526,10.36395099716578,3.3581083965547394,12
236.7142857142857,9.455511015631652,3.979824704407031,4.689097957332331,1.8468851944034683,12
236.78571428571428,8.229211546045386,3.170928723595163,3.8632379114761317,1.4695774043521832,12
236.85714285714283,6.642187569252485,2.839358080956739,3.0436817961799183,1.2829171112924889,12
236.92857142857144,11.817533085588785,6.727692961619791,5.130293474983441,2.614432147156815,12
237.0,6.383515190510068,1.854707789956002,3.5123908544617883,1.0294685212564267,12
237.07142857142856,6.023645771669922,1.7736468562051324,3.0352960535452476,0.8399234605264101,12
237.14285714285717,6.761486323070914,1.945469204134096,3.4051146549193705,0.9487077779981702,12
237.2142857142857,10.406454792000224,2.5742453627194757,5.283298483378006,1.3170722481868653,12
237.28571428571428,15.009963332284137,5.406111127384739,6.662454281629082,2.2174429793193187,12
237.35714285714283,12.169206480588858,4.5891625077213565,5.615818276946383,2.195923440342117,12
237.42857142857144,8.839032831223456,4.369147852315228,4.057454629492884,1.9940423334721726,12
237.5,6.509014918233001,2.3154017701186005,3.4223190680281883,1.2145314587672897,12
237.57142857142856,8.297164795819533,2.6196782081393626,4.474012410603533,1.352632474636979,12
237.64285714285717,7.157410993426618,2.3680981480890653,3.619024118982759,1.2196021041523821,12
237.7142857142857,10.634607010590557,3.9292730315852653,4.802034386961172,1.5887264155448,12
237.78571428571428,13.390976738521438,7.474062990636735,6.144706386019586,2.9457518600155512,12
237.85714285714283,16.519737989315647,8.26685759364388,7.930669114781159,3.6205300705510646,12
237.92857142857144,15.077251242229286,7.922223224673303,6.782983539353261,3.074208817012241,12
238.0,13.428067475340406,6.863612452113149,6.242809033998407,2.65000654020602,12
238.07142857142856,15.075289547280804,7.161018917543934,6.874323265747005,2.7711075788782322,12
238.14285714285717,14.533979540675238,7.394392190021405,6.278016317522829,2.8888315602234482,12
238.2142857142857,14.805176527547118,8.008624952347054,6.508037463077261,3.1072311332513824,12
238.28571428571428,15.852812231596225,10.420300232620768,6.718275370325297,4.051885961236331,12
238.35714285714283,16.89306067475413,8.544375946939972,7.767694434624648,3.344636421124394,12
238.42857142857144,18.93235810237564,9.86932190683103,8.518500590298261,3.8464114473970707,12
238.5,18.918458958290817,10.313076950032793,8.120584730496994,4.087281946451456,12
238.57142857142856,21.60063329740277,10.421615980485925,9.481437238855058,4.131123059118788,12
238.64285714285717,22.26076833016616,10.789463862273927,9.662543851817276,4.318087236164107,12
238.7142857142857,20.109628723277797,13.029210847659574,8.982537015769132,5.08952126056515,12
238.78571428571428,22.60438674999132,12.021207475531344,9.960949664210254,4.755446646230843,12
238.85714285714283,23.652420224624937,12.518906196177008,10.508866277427035,4.916590430577956,12
238.92857142857144,25.97424451107324,13.336770138695313,11.727974505776633,5.169820068081026,12
239.0,25.1250089489246,13.062165457714487,11.023840627650998,5.1333362953603086,12
239.07142857142856,26.94687900272326,13.193174685536365,12.192021996977225,5.119711789460557,12
239.14285714285717,27.094500032982513,13.009920531482965,12.116663498449167,5.061830823025424,12
239.2142857142857,25.922508247048686,13.686707914406375,11.667621402763746,5.289913971981481,12
239.28571428571428,28.53427162999522,14.00601725909592,12.660676606428389,5.4143166264783344,12
239.35714285714283,27.24345157981215,14.002307162714356,12.103388117484421,5.434085243926103,12
239.42857142857144,23.468863019935828,13.59151103488528,10.318381887816704,5.273622627856884,12
239.5,23.42612606468161,13.832083888172022,10.462150571558299,5.3578669456100885,12
239.57142857142856,21.266907698627097,13.424157935692863,9.508411228924881,5.1914136663897095,12
239.64285714285717,20.388347220346432,13.957481684474423,9.110302938348736,5.4268048939987485,12
239.7142857142857,18.239520646442845,11.897766013965732,8.32379684609745,4.585244773885059,12
239.78571428571428,18.81780826125917,11.087798206417393,8.902287639048852,4.4504062779809574,12
239.85714285714283,15.556768217567944,10.59429213292645,6.911338417564972,4.10404532058518,12
239.92857142857144,15.470771725355199,9.786001602315052,7.091098356973844,3.7991460655556457,12
240.0,17.457509234734093,10.190228205192625,7.620625049824527,3.962033147740699,12
240.07142857142856,14.86597450577385,9.214696687553708,6.880885188526056,3.7481202166597223,12
240.14285714285717,16.24655702870176,8.371044375023756,7.777760603056689,3.3506190302542733,12
240.2142857142857,15.423186388921199,7.262050902245858,7.335892316282096,3.1182747553544696,12
240.28571428571428,13.44723870115517,5.708160331401751,6.345824397061026,2.267588764666108,12
240.35714285714283,11.588620933477019,5.448987885608959,5.532820885171275,2.1556256236407365,12
240.42857142857144,13.448870329806281,7.921672712961754,6.407668784673908,3.1178779036547057,12
240.5,12.643031342130598,5.365007762091059,6.2870253057568615,2.267710323450163,12
240.57142857142856,14.438627634662112,6.900490111676656,6.785777561700733,2.783625477806002,12
240.64285714285717,16.43653991170721,8.94205310254117,7.6039038604763025,3.4840310772427703,12
240.7142857142857,16.370449224347993,10.144284105943205,7.602741855745285,3.947529954162164,12
240.78571428571428,17.23046382124292,8.98117180289425,8.374458099543013,3.687025652676955,12
240.85714285714283,18.539120172070444,11.525590125667094,8.555168304061672,4.452953039164342,12
240.92857142857144,20.675304822320715,12.105008878995116,9.431296491514624,4.6217406444710605,12
241.0,20.71874752169013,13.662984960343497,8.89750123964901,5.287707860024793,12
241.07142857142856,14.941487448427532,8.877774945654211,6.618592528513532,3.4663756983529965,12
241.14285714285717,18.490186063791562,11.287741618606818,8.071353315973761,4.3971568879837815,12
241.2142857142857,19.33474773287242,10.922067044838803,8.7707093455022,4.19068270312623,12
241.28571428571428,19.621100818839746,11.295901913754387,8.46783089129515,4.335010663178897,12
241.35714285714283,20.729552993177354,12.425865812828974,8.81901350147045,4.810078035294399,12
241.42857142857144,18.337761027743554,9.589621343101028,8.51459913924415,3.736229115573614,12
241.5,23.18665022771468,16.050090299874732,10.120355052142786,6.19807922311241,12
241.57142857142856,24.11611029455908,16.462117686342765,10.006188256292402,6.419919610945218,12
241.64285714285717,26.38300942280032,19.608956028244645,11.050056518244638,7.745396388845532,12
241.7142857142857,28.11347042843764,17.13449016816349,12.574905121068433,6.589826954938108,12
241.78571428571428,28.387838380628683,19.133417840213326,12.19944424529112,7.422613462466325,12
241.85714285714283,29.24255077837162,18.492429314377112,12.48521784980913,7.154785169631141,12
241.92857142857144,27.89337357692121,19.747448950815716,11.683044818423669,7.644076853892684,12
242.0,29.38324075441447,18.770316094545425,12.451642851958837,7.24143352447424,12
242.07142857142856,20.078365543181167,10.85469690193768,8.52119783820473,4.242755039313064,12
242.14285714285717,17.86336864415122,10.042257295287431,7.874568776924426,3.8886703480526075,12
242.2142857142857,20.620479694944603,9.780153930895894,9.607394986405168,3.777672980982396,12
242.28571428571428,20.031762141581304,10.486573498202986,8.760709767329006,4.097943106121648,12
242.35714285714283,17.75226687680142,10.192245452469383,7.675303492942418,3.97458025442261,12
242.42857142857144,19.759226027421885,9.875207933672115,8.929659208819517,3.829860238856314,12
242.5,20.398951532459552,9.73217648134341,9.48836226337402,3.762309100751958,12
242.57142857142856,19.530467482804962,9.995718349781107,8.934050412310764,3.8666766909712704,12
242.64285714285717,18.476535979482794,9.856557249602508,8.425381176687049,3.886596676649014,12
242.7142857142857,17.991521556270094,8.932823015148848,8.040279550928433,3.584953838659427,12
242.78571428571428,19.193306470104428,10.06480743460465,8.809989554793857,3.9482969416261158,12
242.85714285714283,18.690213436546898,10.689636164710857,8.187311603190574,4.266322723769121,12
242.92857142857144,16.602082644786737,8.728820568931466,7.450083604488237,3.493557080991317,12
243.0,21.851213266854614,13.445775956605143,9.600343449861947,5.241653303957901,12
243.07142857142856,20.900011564956213,13.192763211948748,9.071264081281642,5.175759460917209,12
243.14285714285717,23.431715749053538,12.963660744212433,10.884881155119054,5.1357284602431985,12
243.2142857142857,20.516372778477695,12.316327771328094,9.341846690246218,4.825957283233999,12
243.28571428571428,21.046058623259142,12.352002372403614,9.387259805245119,4.843804976721579,12
243.35714285714283,21.425517598647854,11.805510770358358,10.09765579112016,4.725995865441734,12
243.42857142857144,21.8074339592859,11.610648452585542,10.109371555958582,4.527907029205431,12
243.5,19.277521834124027,10.430563233570302,8.962080611740468,4.059202681388397,12
243.57142857142856,18.384633433365565,11.021360403928675,8.458924453111846,4.431723271287319,12
243.64285714285717,17.994179655932594,10.425902603549291,8.253735441929566,4.081825751334727,12
243.7142857142857,18.649327830015874,10.214981262404544,8.103286855354373,4.0640345717364665,12
243.78571428571428,16.940641461869934,8.67429491431337,7.406828874650307,3.463364940545981,12
243.85714285714283,15.56359828001034,7.673510093206307,7.085607721063064,3.0929535608530294,12
243.92857142857144,12.471967983423044,5.159467420466843,5.593060781895854,2.147058051017296,12
244.0,17.16728315815953,8.559042056796505,7.306774683466378,3.392645308916424,12
244.07142857142856,17.70723832697005,8.599279734236191,8.07656945449186,3.4322269563516383,12
244.14285714285717,18.52409288554563,10.328494939771563,8.152759129819671,4.021396035282376,12
244.2142857142857,15.85894261854123,8.344006162217545,7.157595915036413,3.2932077958738,12
244.28571428571428,17.09050352334871,10.004643694961459,7.712968091403144,3.8819566760613435,12
244.35714285714283,12.01673277396609,7.163430371750764,5.35190344324128,2.799770497061398,12
244.42857142857144,12.539858474484875,6.63907329147306,5.4819131295925425,2.598093598290201,12
244.5,10.891101919346832,4.378129642448252,5.22502486400072,1.7894123643608075,12
244.57142857142856,10.141293899988622,3.734630956730492,4.819875138527514,1.5534865317101723,12
244.64285714285717,11.600390853548973,3.6569863239608775,5.666364635372414,1.7614957695786193,12
244.7142857142857,8.353242636198638,3.669315571700449,3.8006086112512905,1.4960454064992408,12
244.78571428571428,8.60015291134406,4.089766118891229,4.017106190929507,1.6650894883085419,12
244.85714285714283,11.277339251131444,5.130679410170165,5.0862663312839835,2.1249107455762335,12
244.92857142857144,15.915539230171632,8.950376210154309,6.987438685757792,3.5099153752373886,12
245.0,20.90131970262621,9.453067627318061,9.343157279220325,3.671091551157997,12
245.07142857142856,21.213957217567508,9.982642118542561,9.298897055263305,3.9179985975246177,12
245.14285714285717,22.579081897549443,10.524085543720258,10.374012440352171,4.061991695577831,12
245.2142857142857,23.183363234383382,10.738507401029914,10.424917124933575,4.135777424632264,12
245.28571428571428,24.850503380023323,12.321865837491652,11.212790882379238,4.762897600259703,12
245.35714285714283,23.053755291951045,11.795430358565055,10.543602897543533,4.639060101938889,12
245.42857142857144,23.74382399395861,12.636456839233828,10.383166266426922,4.91370692634324,12
245.5,23.244936747510128,14.038332713617818,10.14265672891642,5.427436652157706,12
245.57142857142856,23.808485768436416,14.063224373133977,10.390309117263769,5.441836295567726,12
245.64285714285717,25.166423675168545,14.696968962619744,11.170508273676218,5.661256725549295,12
245.7142857142857,25.691762023914546,14.650625142028177,11.629591754707274,5.660068875828195,12
245.78571428571428,24.95575855220936,14.36207246401774,11.469785568618645,5.6296969438127995,12
245.85714285714283,24.851573686067336,14.810878769729802,10.899192039047426,5.744338824880903,12
245.92857142857144,24.685943898260238,14.19610738772427,10.97362669403871,5.447658164215633,12
246.0,23.45232852268236,14.199525042671242,10.565876556828776,5.522243847196333,12
246.07142857142856,25.689803284797406,14.121673046323744,11.436646913397873,5.39768541484781,12
246.14285714285717,22.232481166996124,14.238294466532034,9.317753091034108,5.493006864356703,12
246.2142857142857,22.116261004493133,15.496642378185754,9.402100578564143,6.057336226532502,12
246.28571428571428,23.090952928578123,13.599831083517401,10.271036813223978,5.307548296856733,12
246.35714285714283,21.583223344207774,14.217334687181134,9.35775165285027,5.51063248130554,12
246.42857142857144,20.061125249000202,13.283460769559863,8.882607695956981,5.196846867012244,12
246.5,19.879389779301892,10.824084918665964,8.699614770687655,4.220126551836603,12
246.57142857142856,16.713405011450103,11.276893078207056,7.197380773964849,4.467946096924482,12
246.64285714285717,18.283688105416136,9.18078089486128,8.080340150224147,3.54728338338878,12
246.7142857142857,14.675509822227573,8.588799170102575,6.653012606480274,3.3356613551095533,12
246.78571428571428,13.828020059492381,7.898127630387818,5.704591940653361,3.077911981811699,12
246.85714285714283,14.921377116770442,7.913566621249725,6.753317492990391,3.134961302383334,12
246.92857142857144,14.540820781696679,7.6159936614035555,6.634947538819237,2.9547953863641423,12
247.0,18.156052283369956,9.806292041069941,7.950569001065582,3.7501010044562544,12
247.07142857142856,17.56927178978837,9.788315162490546,7.637192026534214,3.761265967932167,12
247.14285714285717,19.861235198506822,12.041747353790232,9.02132517039734,4.714636920816543,12
247.2142857142857,8.615506363565329,2.496290098956851,4.698236129055358,1.4840519388335194,12
247.28571428571428,23.654832087970863,15.370205467185437,10.026964715407392,5.931054303506667,12
247.35714285714283,10.149577821723213,2.336642946092232,4.660297470494223,1.1430130811258241,12
247.42857142857144,21.326679689327317,14.131899829172783,9.032395112514896,5.491582924293348,12
247.5,8.676543253750992,2.1383291999604284,4.115570917368794,0.947422400521871,12
247.57142857142856,26.541100224579655,19.298182396289793,11.454345171411182,7.513419944108803,12
247.64285714285717,9.716800537837539,1.9216215545255642,4.880781539019891,1.0325508599330566,12
247.7142857142857,24.068126299960365,17.2290114640839,10.103995096173245,6.695908695457907,12
247.78571428571428,6.639221391502722,1.4243399655646223,2.863299141275325,0.6646549408653999,12
247.85714285714283,5.359703177505275,1.6151103846865618,2.5765146749786885,0.7842593655419147,12
247.92857142857144,19.997161060682174,15.488047777083164,8.02537608103384,6.019395811752071,12
248.0,9.129396029906262,2.459458802278841,4.331009377413201,1.2029680132835965,12
248.07142857142856,17.358668774567008,8.844652277857978,7.642838540155204,3.4138841993735025,12
248.14285714285717,5.550803209128808,1.8988711886359577,2.4021561274735057,0.7961895183698635,12
248.2142857142857,6.704590921592675,2.093464595134894,3.2726873349772574,0.9783188498795383,12
248.28571428571428,8.075199449971876,2.026084424169062,3.7603318918703543,0.9162980850279995,12
248.35714285714283,8.371965253215352,2.2655820315203155,3.641577189084342,1.10470380319627,12
248.42857142857144,6.327258763849537,2.0833241486052905,2.697979431981208,0.9262822107203044,12
248.5,7.847226272838919,1.7389796054762707,3.654179306351768,0.8278860624828333,12
248.57142857142856,9.060048113634668,1.9807583784200706,4.2149118784601844,1.0531733165821262,12
248.64285714285717,7.144044880127621,1.852110401449812,3.5929070046087426,0.9081975989752321,12
248.7142857142857,9.546190493795123,1.8471344960238978,4.803987529314544,0.9432079603984499,12
248.78571428571428,7.991862943171449,1.9129010690731347,4.121102691793182,1.0329920433858804,12
248.85714285714283,7.520064157040787,2.2659066069047245,4.046956337277748,1.1352357715201569,12
248.92857142857144,9.65614835720987,2.549613503256967,4.927618271709373,1.3881109385563348,12
249.0,5.704330346868234,1.6728319223112524,2.8328297031186933,0.8169147964776355,12
249.07142857142856,8.392072883633983,2.778186697996193,4.151404215009548,1.3712707143473675,12
249.14285714285717,7.071134599083118,3.6171371863933017,3.3849900017890717,1.8081874010406231,12
249.2142857142857,3.914416713370754,1.1598610878194848,1.9297518476925595,0.5261646016201678,12
249.28571428571428,3.8340579035612405,1.7340063480604517,1.6117392793599101,0.6317948956323719,12
249.35714285714283,6.28135451797759,1.629781458645029,2.720843287597108,0.7950315053807142,12
249.42857142857144,9.610390422729473,4.186333641229604,5.09687613025127,2.120128032816727,12
249.5,5.768832372572062,1.6582204002241656,2.7650460780797324,0.9610803964058638,12
249.57142857142856,8.621623100593832,2.6325020023081565,4.864049042062294,1.8067092041091997,12
249.64285714285717,9.58661579650363,4.247038110784727,4.892189344280415,2.154849896490478,12
249.7142857142857,10.955406145205593,3.942289509413818,5.052217487276344,1.9282936132286534,12
249.78571428571428,11.153415799279115,4.375454681680816,6.06520854789377,2.1979240003747074,12
249.85714285714283,7.674486544247358,3.358519169115272,3.7821033504711066,1.598363463730164,12
249.92857142857144,34.1276099490209,26.756572193418872,13.93303699686136,10.39411244071196,12
250.0,40.199614994836445,27.57188354577176,17.290991304155174,10.736994920010034,12
250.07142857142856,38.55176406983535,28.204513247655587,16.526970256574856,10.963583778967337,12
250.14285714285717,34.40622598091807,26.48124707623831,14.780327406081694,10.41302009009298,12
250.2142857142857,37.39307181474533,28.278741620438637,16.136860838394423,11.192706331098844,12
250.28571428571428,28.26488793059815,21.637284994902974,11.899809841393358,8.425160471518591,12
250.35714285714283,29.406303092794314,21.26500381976426,13.053049361228013,8.439925200880245,12
250.42857142857144,28.024608926238695,18.634253920503436,12.590925731948875,7.419021191483333,12
250.5,24.955992737657898,12.932821949228256,11.588966648965517,5.311187411516883,12
250.57142857142856,20.277314466377344,11.71183348004845,8.846270987403924,4.617848378035042,12
250.64285714285717,20.030752711566354,8.016016257191469,9.375095936243229,3.456519553281165,12
250.7142857142857,16.209954726322323,7.375412654160366,7.7878622743560095,3.384229163299508,12
250.78571428571428,21.596645561821056,10.600727793872501,10.533297423262653,4.426130889934626,12
250.85714285714283,17.1898263867462,7.500495401911602,8.3340780511377,3.334335038240535,12
250.92857142857144,9.137039174242899,4.2900869293615305,5.366015314410676,2.5239202361492934,12
251.0,25.206764395655068,14.208653264849321,11.268749000363101,5.484054461353273,12
251.07142857142856,23.71274297336333,15.286773784875827,10.175682339510876,5.952137353667013,12
251.14285714285717,24.4925616454598,15.954452048036195,10.126868955714802,6.210414278815206,12
251.2142857142857,24.495187556528425,16.016923188268795,9.97718361479354,6.2348569215153375,12
251.28571428571428,25.035436412219294,15.747881546170172,10.512247616942902,6.1162762921484966,12
251.35714285714283,23.88491892813595,14.618609446400285,10.41995067785241,5.65330894081234,12
251.42857142857144,22.745170511416262,13.771523118663278,9.46431335458679,5.361297368933124,12
251.5,21.44560052603178,12.956621870008867,9.039451860139229,5.079925569380226,12
251.57142857142856,22.905432225543645,12.330628856342194,9.582990543730514,4.900351674230363,12
251.64285714285717,19.32236576745228,10.424906009862863,8.26865371411186,4.14089156353509,12
251.7142857142857,14.864119045059075,7.668345156467025,6.652736558820735,3.067614094894933,12
251.78571428571428,13.483890559836508,6.662879729975497,5.759916709460436,2.7210071257649773,12
251.85714285714283,11.022194046015052,4.64061823546463,4.998190603427164,1.9564949269594487,12
251.92857142857144,8.880356957718305,3.0935309637093495,3.8716196135122387,1.5115125261532236,12
252.0,7.62725024506976,2.772299352700381,3.6960890987158335,1.4236660803754226,12
252.07142857142856,5.678944622096875,2.3350279917157635,2.912803293116589,1.1671419810550838,12
252.14285714285717,6.97370252466565,2.2875671460674023,3.3613994510238854,1.1419512946532282,12
252.2142857142857,7.077788998371069,2.036761496650931,3.468900630471417,1.0828447610703307,12
252.28571428571428,8.090490710924088,3.1019231066123583,3.7483621354420276,1.5072777269852473,12
252.35714285714283,7.149383052230714,2.1847085352271596,3.3602472732992257,1.0062657431042976,12
252.42857142857144,8.310639111791048,2.8475522246906775,3.817578563477635,1.2397780335455872,12
252.5,7.195510027513493,2.39116843996125,3.637047987901511,1.1093180212652498,12
252.57142857142856,6.6961106597133835,1.879000137772539,3.713383924713165,1.1761016571476306,12
252.64285714285717,8.044310578516187,2.2214072656369455,4.70801175916165,1.4302690032353147,12
252.7142857142857,7.2659187743694424,2.9071695441388843,4.165711080616132,1.7033599760245588,12
252.78571428571428,9.461936474779945,2.958797786439213,4.829484051106403,1.5780598914358541,12
252.85714285714283,6.187894607854453,2.0616723607616776,3.0914292915316106,1.1065261789999232,12
252.92857142857144,6.086715302467481,1.4232438839424086,2.796362871583388,0.7684471286244737,12
253.0,6.082986472034118,1.6526284738881318,2.9975414485376315,1.1907994051073354,12
253.07142857142856,5.464261704130673,1.3249934806337935,2.808318082400631,0.777348228317671,12
253.14285714285717,10.077267878495352,2.4743147458670482,4.799222329081507,1.3206968796361434,12
253.2142857142857,7.400114589753276,2.1755106409311393,3.2965837046725777,1.0411166407465926,12
253.28571428571428,7.967667845925457,2.632627712016133,3.53007298127289,1.2103381927942267,12
253.35714285714283,7.773636326222756,3.3026900518334745,3.470961074023239,1.4376828876243608,12
253.42857142857144,8.827905095397824,2.6463377106545236,4.199210307937637,1.3919636211442459,12
253.5,10.26327293608569,2.9352481663184413,5.364025740470815,1.6080321358770178,12
253.57142857142856,10.159561652757874,2.281323239377055,5.271887420951809,1.3467950490015028,12
253.64285714285717,9.978341055054248,2.626445361671695,5.10459016968099,1.6371408821319438,12
253.7142857142857,8.926197834842796,2.297507914973504,4.755298696204419,1.4902056227885676,12
253.78571428571428,13.43449482618338,3.1181736432466716,6.465763121629425,1.677117169067548,12
253.85714285714283,14.72715115106566,4.287860663733096,7.127310707782221,2.0507896432151327,12
253.92857142857144,10.756579824507865,3.958126555001673,5.762758772841396,2.2652964907110222,12
254.0,15.785972624823465,4.573678557082966,8.531528358211435,2.6778443167846264,12
254.07142857142856,13.538795462831187,4.773275904967972,7.2906107201577015,2.5622609111661347,12
254.14285714285717,14.935255707759929,4.806205379727754,8.104285423928067,2.745434080243836,12
254.2142857142857,18.44490518546979,6.982035195943545,9.114782392479219,3.0190904264699987,12
254.28571428571428,21.00109517442792,7.916441586952053,9.966362719026586,3.3058503456699233,12
254.35714285714283,18.172230968133352,7.363633595735613,8.850909919042506,3.2221749871660377,12
254.42857142857144,22.174433466511477,7.565674709958468,10.650051431782686,3.0786333009417084,12
254.5,17.105273986532566,9.260725812096616,8.038049749595002,3.8160418740769395,12
254.57142857142856,20.509661029546205,9.127056670886088,9.648704099231743,3.829067242768577,12
254.64285714285717,18.681017576991902,8.961793005304056,8.74918461378956,3.7404249140097385,12
254.7142857142857,19.291191302167956,9.255382897464232,8.82185468763673,3.810363248252867,12
254.78571428571428,20.48983721810868,7.863768586681171,9.576818963155995,3.1026425742685975,12
254.85714285714283,18.10107683857897,7.51442396214356,8.2805342121776,2.995044825452447,12
254.92857142857144,17.268510844027244,8.105958122503237,7.831948611920597,3.210779978121294,12
255.0,19.583904649214087,7.278357596624924,9.288841148660119,2.8371851505390535,12
255.07142857142856,17.25535754238854,7.220455452345789,7.852461562297112,2.835577229782202,12
255.14285714285717,17.878779441573798,7.151433449638828,8.11005744669255,2.80878989702143,12
255.2142857142857,17.752932017942396,6.808320927304448,8.31228599175359,2.6848010469766646,12
255.28571428571428,15.404968736096917,5.686903677195424,7.203959559194995,2.3168021122909406,12
255.35714285714283,17.833514263523927,6.160123622551222,8.212365758087158,2.368325865433591,12
255.42857142857144,17.620542578514073,6.1188122486637955,8.233766139333522,2.404032281927903,12
255.5,16.326461429468043,5.526124047626389,7.363239335600573,2.1848568645152775,12
255.57142857142856,14.374187104864175,5.289735108806371,6.4223940772129735,2.133623673590392,12
255.64285714285717,15.462259105177793,4.718818666667952,6.880787329326146,1.9290742010779143,12
255.7142857142857,13.340889930890363,3.981627564881862,6.138530666035292,1.5490408592436822,12
255.78571428571428,11.649593963258981,3.4931905285273483,5.102868659330171,1.3186533676341885,12
255.85714285714283,10.984772490814443,3.4773338252395103,5.046411631030313,1.6007015273783294,12
255.92857142857144,11.113183251058748,3.1194115607179405,5.342034551510351,1.824665721311492,12
256.0,11.170497033233142,3.2717320797433245,5.94374835639306,2.248943175346407,12
256.07142857142856,9.989538827920361,2.6078286970421654,4.252015404141143,1.183841761921893,12
256.1428571428571,10.248062370987459,2.6512250021865955,4.953851255560923,1.2953206794304897,12
256.2142857142857,13.506858063026078,3.137770276681223,6.676560979698487,1.4012124372306571,12
256.2857142857143,13.800166015884777,3.454674961772511,6.357523900680139,1.5051606317962836,12
256.35714285714283,14.50626210599348,4.052582140791078,6.999394818741151,1.6892804842824136,12
256.4285714285714,14.750794151246327,4.700327065449787,7.0141716604671975,1.9374507222042494,12
256.5,14.163107622502892,5.1932312028970005,6.6755938299721,2.11351566422679,12
256.57142857142856,12.908702675633846,5.515617184674348,5.852150130633376,2.2521834616785377,12
256.6428571428571,13.013773099683773,6.062364616481817,5.925415115246117,2.4329086704451095,12
256.7142857142857,14.935827955727119,6.322146599865805,6.5527416050079275,2.476253520688222,12
256.7857142857143,17.642999834257587,6.65480246001314,8.351572682100796,2.5493781995190785,12
256.85714285714283,15.608819898307217,6.471153631102886,7.34755673714536,2.4456825148247243,12
256.9285714285714,10.96837274784198,2.9008633944853917,5.874529565203068,1.7163932822096597,12
257.0,12.985930224661228,3.104414566590012,7.594998780049342,2.0478929504509233,12
257.07142857142856,13.234095087950571,5.957840747382024,6.1438861146528385,2.4008859737160706,12
257.1428571428571,14.608513995964323,5.193219061975147,6.677344946621374,2.0718290065966607,12
257.2142857142857,12.84768773541625,4.9120500171684975,6.011375081484086,1.9727697158394937,12
257.2857142857143,15.703845880420316,4.2179410087660365,7.434618412859961,1.7259570127595176,12
257.35714285714283,14.232455727178817,4.084153565084305,6.77792940194422,1.8078447861643352,12
257.4285714285714,13.33349787572926,3.6132857489001493,6.294838592817132,1.5984758696139172,12
257.5,12.958392571309298,4.123530561274615,6.190689041843277,1.7943466607212162,12
257.57142857142856,12.030559041475186,3.6465512656565195,5.803980024476595,1.5492012071605525,12
257.6428571428571,12.581746554651112,3.9217168852989377,6.110714156071603,2.0119562322505495,12
257.7142857142857,14.30294869566928,3.5682626802587425,6.650885272839196,1.4797413526682077,12
257.7857142857143,12.948118268780602,3.0054777699672366,6.3208423413682535,1.2424922162674712,12
257.85714285714283,13.550448015978596,3.9684199547158316,6.398327838999902,1.8090926686429671,12
257.9285714285714,11.98916018315303,3.4400193993278614,5.854308332768141,1.5185959947982823,12
258.0,14.488011419563845,4.353890370066604,6.539940594079161,1.814879938756859,12
258.07142857142856,11.857538868838787,4.0483687201348,4.901580439647423,1.585941392304714,12
258.1428571428571,15.445451716306215,3.890707209443593,7.413564832486472,1.4553592959162176,12
258.2142857142857,13.051098203767664,3.99005642353492,5.745454966801158,1.637800677807297,12
258.2857142857143,14.235409072468304,4.231370447556975,6.6053718457529085,1.6582167517697215,12
258.35714285714283,13.199555090458647,4.243557132729766,6.095619410695132,1.6863458778172165,12
258.4285714285714,15.279991388817583,4.608658379324158,6.9757468572607415,1.8766941311976897,12
258.5,13.29953490216108,4.771116882895066,6.190195540304611,1.9311122124024496,12
258.57142857142856,15.216203266978546,4.278463114823527,7.1110203041919995,1.7473554155947113,12
258.6428571428571,13.859022862881437,4.216224059121317,6.431958366205896,1.8202615100672883,12
258.7142857142857,15.052151436707248,4.1393799448510515,7.037201870833339,1.7458561637714531,12
258.7857142857143,13.581045017769569,3.9828466995035896,6.16157803832681,1.7310904833449636,12
258.85714285714283,15.034175085415605,3.8311840097112557,7.031616586591104,1.6099569370572342,12
258.9285714285714,15.14893377985363,4.08982689643824,7.528648683790032,1.8299651622933437,12
259.0,13.66565663067741,3.5564174143028895,6.534146163140691,1.891022412108926,12
259.07142857142856,11.537951449430574,4.057713642489575,5.411358710789339,1.8317101772558224,12
259.1428571428571,12.745807136486954,4.253777027668961,6.194775025892121,1.8987098821805781,12
259.2142857142857,11.613889459875415,3.9077538777379033,5.837896279062755,1.8227208585917998,12
259.2857142857143,12.432802961698561,4.547959441793097,5.641974426810505,2.1297907277129955,12
259.35714285714283,13.109224536716082,4.397511662128846,5.8736476362720245,2.0286192135691063,12
259.4285714285714,13.101402836099991,3.747774338969056,6.085319331627421,1.57623554680947,12
259.5,12.422086716684124,4.656390888158557,5.5986114129999525,1.958381966931289,12
259.57142857142856,12.575115939128267,4.413440464302913,5.800793623230342,1.8443501521567731,12
259.6428571428571,13.48553097583735,5.025788784286375,5.796328560846374,1.98721610824172,12
259.7142857142857,12.74218409111525,5.364905433843879,5.71105539651851,2.113302707504923,12
259.7857142857143,14.113312684200018,5.86971418845746,6.666380318967176,2.242689313551152,12
259.85714285714283,13.369534730066844,6.239005035781062,5.720867012498358,2.438395711680714,12
259.9285714285714,13.768175710098811,6.197650449140549,6.202671394015146,2.402985086224962,12
260.0,17.83789056719539,7.121209032541088,8.01681271486063,2.7124375344870564,12
260.07142857142856,15.91005302564738,6.478294483513058,6.821208112248692,2.4650820119570778,12
260.1428571428571,17.962001473508387,6.5944997956277955,8.100361022222268,2.650186208651491,12
260.2142857142857,19.592778930718485,6.62622207898668,8.539557319368093,2.6641530219415293,12
260.2857142857143,20.25230561607241,6.824618421338207,9.24504802710441,2.705509486449777,12
260.35714285714283,19.299113510658643,6.656807952227588,8.752227960995329,2.686423525371926,12
260.4285714285714,19.019059187371337,5.750371604704548,8.606008369018433,2.3876173077062575,12
260.5,22.22410885015488,7.144798620637561,9.972579277628098,2.879223358419515,12
260.57142857142856,20.284648276668722,7.1111071481377826,8.814421691928995,3.0141751441622517,12
260.6428571428571,20.585458868972275,6.55067612965414,9.13038773413191,2.6688619363822204,12
260.7142857142857,21.96037210960735,7.454805160997807,9.95272576972314,2.983876465021593,12
260.7857142857143,18.473775644443972,8.443199263187715,7.811452387977192,3.3424012141634534,12
260.85714285714283,18.185687191623927,7.378675188820051,7.872066942382096,3.0104081490346624,12
260.9285714285714,19.538128339151424,7.742976930216002,8.386022611415472,3.0744225065515485,12
261.0,19.086253765748484,6.8077508582683155,8.900748700882344,2.841629902514373,12
261.07142857142856,21.194120478414366,7.708348878954388,9.64695347512165,2.9800485692592504,12
261.1428571428571,14.214590041887762,7.656668965117232,6.094977469900127,2.7421964472979776,12
261.2142857142857,15.313370960202166,6.078017279773008,6.723535458852866,2.525268330855919,12
261.2857142857143,16.481038648057048,5.991125649546975,7.5177969913153655,2.382357771068037,12
261.35714285714283,20.624764225553488,6.984325181899327,9.370610394694351,2.695390422040223,12
261.4285714285714,18.930910002104394,6.118640932366191,8.610314831827166,2.3656310281270203,12
261.5,21.015020266943896,7.040451092467459,9.515166591833555,2.8441497654268755,12
261.57142857142856,18.215692379689653,6.202112793397008,8.068387782127685,2.4338324347656584,12
261.6428571428571,17.052365056801545,6.25999583613365,7.540777152099374,2.4131279932430956,12
261.7142857142857,16.71769563683983,5.626834032729375,7.424923335043894,2.1429697814424435,12
261.7857142857143,17.952759173022905,5.686585930557458,8.0470371284397,2.214271919262724,12
261.85714285714283,19.924950292180025,4.905743196265439,9.513305306564643,1.8185053452904716,12
261.9285714285714,20.55934879857072,5.2541830917256185,9.80801358850634,1.9301861016485484,12
262.0,17.404791238390203,5.779466420533394,7.945565517468282,2.0467137826825677,12
262.07142857142856,18.49725657388495,5.179861939051803,8.602459718905566,1.8468251584069406,12
262.1428571428571,15.895480017897569,5.841770428832224,7.181437699320273,2.2249069214559087,12
262.2142857142857,17.620015782161293,6.664874593971655,7.760057306795216,2.4709623513363708,12
262.2857142857143,16.501325404408366,5.804395975030824,7.450625875251441,2.23444958804122,12
262.35714285714283,15.73318146018399,5.815671819994035,7.108457078123259,2.1459176725776254,12
262.4285714285714,15.694917458830782,5.955538657016038,7.024553571735812,2.2172336097585315,12
262.5,15.017194424685691,5.222818088979882,7.0296231721522355,2.1350102262029598,12
262.57142857142856,16.369014390428138,5.612411764328079,7.478544930911727,2.0692892657223814,12
262.6428571428571,13.73868936750583,5.56408416379613,6.196830759572731,2.064277216879538,12
262.7142857142857,13.11750437574056,6.378013379008124,5.28639519276246,2.3533852243113778,12
262.7857142857143,11.532005144625904,5.457847582992611,4.725000080676312,2.0405458229581734,12
262.85714285714283,13.960974181693471,5.852551966768838,6.326720424238576,2.1683193664790936,12
262.9285714285714,13.965568806731092,4.942286003293311,6.558156026197853,1.8574333454218581,12
263.0,13.625857150827185,5.239305478575748,5.827806831394219,1.9474529695579064,12
263.07142857142856,11.711478893367525,5.473036676588378,5.004816616933062,2.0224512952480347,12
263.1428571428571,10.518833054342076,4.561090627092358,4.292617085004102,1.675852813154962,12
263.2142857142857,10.815734672207043,4.174519654731527,4.790186885181961,1.5793179739898353,12
263.2857142857143,11.632032960000338,4.122715863325781,5.153261707991908,1.4968306168128596,12
263.35714285714283,8.70273586994593,3.2184204594605803,3.923248187702313,1.1768539339461492,12
263.4285714285714,11.10888040541692,3.78033160816448,4.846680185530641,1.4327729340566073,12
263.5,9.799094858251273,3.318738103558741,4.4615097776245785,1.3281812052344188,12
263.57142857142856,11.203176423180706,3.8405868809390213,4.934831878824577,1.5814921279413547,12
263.6428571428571,9.531888069984497,3.4228359656249445,4.372061576331882,1.397133388392215,12
263.7142857142857,13.533772305294002,3.7209274241259975,6.226664398669069,1.5775042761322366,12
263.7857142857143,14.136583069892303,4.024710995613992,6.601092384823492,1.5025082361972033,12
263.85714285714283,15.165514668055408,5.2077681282704225,7.000868035974478,2.203292451522194,12
263.9285714285714,17.3343419052436,6.732382129464565,7.608919101497028,2.739393862821906,12
264.0,19.752437303367383,6.963900371827212,8.97031930084093,2.7834646389135367,12
264.07142857142856,18.161892853671013,8.172923616539624,8.166030437256422,3.395887939568846,12
264.1428571428571,19.436799414539355,8.747615609212685,8.680000816935816,3.597648400713135,12
264.2142857142857,20.362997400826814,9.333495613340242,8.750535128201967,3.7649823063058645,12
264.2857142857143,21.436342133973003,9.657899748787155,9.058268914869451,3.9309998585392694,12
264.35714285714283,19.82567568129423,9.888072779436174,8.398940429594786,4.046682059901465,12
264.4285714285714,19.888292053184102,9.11214322183832,8.542295226250719,3.578939155494787,12
264.5,18.940371855267042,9.394511063929565,7.92570452877711,3.753250231585515,12
264.57142857142856,18.988439118996777,8.374988724236506,8.586804960341416,3.2851191371444455,12
264.6428571428571,21.277113280878844,8.71077061081114,9.540710582353526,3.3942435906686614,12
264.7142857142857,17.91625705077345,8.408423067789398,7.387548274787173,3.2977224121140156,12
264.7857142857143,18.255663712976933,8.196489448733812,7.876143408602255,3.224988576322817,12
264.85714285714283,16.594974459032258,7.552286360799506,7.285830058862239,2.8735604866648625,12
264.9285714285714,14.832389140756495,6.52805105421076,6.608309415540395,2.524109682583031,12
265.0,16.627988596494315,6.864151958179581,7.180461172909215,2.620792284703902,12
265.07142857142856,13.389274938717373,6.7983121737108245,5.4945595944064385,2.595900779134286,12
265.1428571428571,11.79886090762548,5.563382291926931,5.06014857232955,2.1095512737351485,12
265.2142857142857,11.38449403238935,4.862539889263468,4.658385456833231,1.8611674065548474,12
265.2857142857143,9.86475855089949,4.379949942278702,4.247624058036508,1.7024062465873129,12
265.35714285714283,11.09417783401011,4.303503922461418,5.138245566433357,1.645269891405371,12
265.4285714285714,12.620067999812578,4.459916596395515,5.354057222173621,1.6900388847555616,12
265.5,11.3248780200122,4.505495416405587,5.013451021686499,1.6770999227835306,12
265.57142857142856,15.360796296405496,4.761065882411735,7.176168290652282,1.908893207248126,12
265.6428571428571,15.78169250206958,4.864848968415503,7.411921270794491,1.9142099490272522,12
265.7142857142857,14.573034634973508,5.442918182566797,6.082694955651886,2.185965635130645,12
265.7857142857143,13.452765742351298,5.003006073739818,5.9033450820692845,2.1192767985828294,12
265.85714285714283,15.062468369532093,5.495997732425082,6.991984568876927,2.421358280873447,12
265.9285714285714,17.454572311016452,6.814410822722866,7.95119044684431,2.9541116071815323,12
266.0,17.810781693229263,7.534709522157295,8.201092184931706,3.2705459839665556,12
266.07142857142856,14.343701169072892,7.234972413755375,6.246058560115949,3.1398475755754043,12
266.1428571428571,16.09826484500345,8.041852390653457,6.975019864265871,3.4627600327721875,12
266.2142857142857,17.442259095132695,8.794120051718814,7.340857328109891,3.62269660762225,12
266.2857142857143,16.72078232383982,8.465081589615448,7.435527351480338,3.4759415966180556,12
266.35714285714283,18.69623062857584,9.442701121386971,8.482613125840494,3.881833410244738,12
266.4285714285714,18.425320644498935,9.293609504363907,8.169511069207942,3.790607675617744,12
266.5,19.485590092412004,8.953730656885977,8.836352202095219,3.618565307898849,12
266.57142857142856,19.495050725893016,8.507635749443756,8.719077672391784,3.3940287245975087,12
266.6428571428571,17.850976922232345,7.8671459976574765,7.875974229997954,3.0324404451012312,12
266.7142857142857,16.93361896236027,7.44942222686797,7.551292911970733,2.8652743452379985,12
266.7857142857143,18.196009204175155,8.509119903572604,7.840536775481268,3.250377618577208,12
266.85714285714283,17.877444584811453,7.9736820308404415,7.586606849296231,2.867409603769516,12
266.9285714285714,16.247405268578277,7.654524611216715,6.745812629639852,2.7907445903493673,12
267.0,17.669880100404843,7.164386079174106,7.435135945865496,2.532524166134721,12
267.07142857142856,21.0565565939714,8.187326545775216,9.114453569542944,2.926728980161604,12
267.1428571428571,18.5899938296379,8.03523328127774,8.059664982206007,2.9107542334622125,12
267.2142857142857,17.206428870094175,7.138758812172061,7.194426243817542,2.635527612737048,12
267.2857142857143,18.353666189443786,7.970432658082788,7.923971460252505,2.9009073025687835,12
267.35714285714283,16.23696268706265,6.253853622993002,6.991880623865907,2.330638364867169,12
267.4285714285714,16.960856954691355,6.569221894163147,7.690944914759881,2.3930590047678555,12
267.5,18.346078249049402,6.345292563448364,8.19197689512837,2.2899346412489843,12
267.57142857142856,18.18181459085698,6.044115402505845,7.973510900316369,2.235916932394156,12
267.6428571428571,15.511906410138062,6.150167904722046,6.95195264330718,2.32515398072026,12
267.7142857142857,14.784972596667716,6.621813653824251,6.38157162899987,2.4418009855066365,12
267.7857142857143,13.59580703826388,6.252023311068004,5.730759249612548,2.284015199931259,12
267.85714285714283,16.05797836226271,6.519680363208807,7.034039269232798,2.3241235189760765,12
267.9285714285714,12.213099367746459,5.719227140364064,4.912486376680203,2.0997737526295355,12
268.0,13.162242050698481,5.626440134311142,5.4913050012908835,2.0450524684001,12
268.07142857142856,15.017307094073104,5.2846869582778515,6.641317984344273,1.892855205581272,12
268.1428571428571,13.649494723653639,5.356952800157329,6.242460630445809,1.9696352771778043,12
268.2142857142857,13.632737753176691,5.167555627517472,6.319541675930106,1.912367367802891,12
268.2857142857143,15.141382541614698,4.985326316244975,6.766376228442306,1.8593281429721702,12
268.35714285714283,16.13899879521119,5.321301449515129,7.157894274207399,1.9751612205352786,12
268.4285714285714,15.118427267701877,5.169880687501842,6.705348623803218,2.0626777817163364,12
268.5,14.628595146898611,4.826221815776103,6.554618299560542,1.8958924250854605,12
268.57142857142856,17.157893113847962,5.452556624427882,7.882390712869957,2.245161007426047,12
268.6428571428571,14.30880120160294,5.152102691132359,6.800699211419357,2.1865158934140205,12
268.7142857142857,14.152535904181727,5.050583157420899,6.458333465841105,2.1502952698173803,12
268.7857142857143,18.86981677455993,6.4921726053111035,8.249791463386114,2.7334345708290866,12
268.85714285714283,15.237906600695935,6.619087063261504,7.047509355938954,3.094931162084288,12
268.9285714285714,18.581600850056585,6.896326929742483,8.660599012053881,3.2930488612500715,12
269.0,16.434024814521432,7.2318907774008,7.81083736031761,3.432645602229521,12
269.07142857142856,16.245556526785325,6.76417279178327,7.755168301970738,3.2621384004753864,12
269.1428571428571,15.959836417589129,6.972491002105823,7.899870336808609,3.353681587767945,12
269.2142857142857,16.133246147080293,6.3379781365854395,7.8506532815312715,3.052822110233911,12
269.2857142857143,15.021015945099684,6.190736454664393,7.29244922073099,2.916279689461434,12
269.35714285714283,14.761919797509094,6.127262061384814,6.941164704522728,2.9179504862350623,12
269.4285714285714,13.134769621853428,4.7908728992116,6.642609221092832,2.248915578884346,12
269.5,12.008134473050815,4.738669228924045,5.861185562520228,2.3022142467946782,12
269.57142857142856,13.920729657601578,3.9175219264103016,6.938161412207702,1.9367752198622579,12
269.6428571428571,11.362917534418743,3.7635649570437635,5.486444023083806,1.8299429726296064,12
269.7142857142857,9.946967178299898,3.768622268703716,4.752592087767382,1.793777937170733,12
269.7857142857143,15.002423576715636,4.633152585086318,7.3434382763346235,2.105649297290727,12
269.85714285714283,14.328114798958675,5.194726065457348,6.870312602376736,2.4290748800996056,12
269.9285714285714,17.70213885937869,6.080128034041016,8.370442918356476,2.800433628764621,12
270.0,18.066482355048848,7.04399404381488,8.4423800185228,3.1684078729654273,12
270.07142857142856,19.093800748963186,8.02852280948129,9.265534678974236,3.7243375905564777,12
270.1428571428571,19.29253253343467,8.58103052862139,9.269883670942827,3.9941384693995583,12
270.2142857142857,20.810045620018244,8.951530617908737,9.936875905650645,4.17886960758395,12
270.2857142857143,23.197245036673962,9.404540098143132,10.861222208529629,4.390926181916405,12
270.35714285714283,23.532726317664977,9.887240735820246,10.868361224797995,4.679767785360251,12
270.4285714285714,13.873125835948379,6.667450924600302,6.720806456247473,2.787668394129731,12
270.5,21.71705225532865,9.92553286179886,10.209968141219186,4.5349066256464265,12
270.57142857142856,23.647017899437063,9.092506822624543,11.695294581102637,4.27132956527934,12
270.6428571428571,20.11354999093742,9.10942294630456,9.708037953554934,4.252554937493078,12
270.7142857142857,17.718003564003528,8.1640489123167,8.460541656875666,3.6693299071181436,12
270.7857142857143,15.135091800399886,7.006477851533057,7.038248927050861,3.0993987595147114,12
270.85714285714283,15.703961391367514,6.8314801633321744,7.017756991790889,3.020976947405633,12
270.9285714285714,16.653197269051933,6.115253394713371,7.582549142634989,2.7084096319484883,12
271.0,14.159725977511657,5.696931295717961,6.444106312306346,2.537248405538397,12
271.07142857142856,13.999007544312825,5.257121229583948,5.94246911152857,2.2185756776038574,12
271.1428571428571,13.745753160336816,5.193915791973749,6.454827899536858,2.350300703809355,12
271.2142857142857,12.644873930097987,4.782749316608924,5.622387095905721,1.9894557337743635,12
271.2857142857143,12.217265317566605,4.137166860460403,5.59391385089154,1.7935257053496476,12
271.35714285714283,12.675864917352632,4.1102546571441945,5.99165145496353,2.1341121078441665,12
271.4285714285714,12.5021547184963,4.223273578343719,6.200408458296289,2.1513609677181798,12
271.5,11.917133349495195,3.5514255816931897,5.230881657411715,1.5275661592130159,12
271.57142857142856,9.778832206210817,3.2747875428589333,4.071656720546383,1.4717889692199444,12
271.6428571428571,9.880666755157408,3.1769301167762953,4.52333929711387,1.4665198308844973,12
271.7142857142857,9.41660566369824,3.173515601841275,4.443915216131722,1.436901541514837,12
271.7857142857143,8.550111772807123,3.1939574329671725,3.952518693767353,1.4668601363368017,12
271.85714285714283,10.496281926005544,3.183367023643221,4.791981635329439,1.5692501342144007,12
271.9285714285714,9.050734939297675,3.6106012600701516,4.197407913735483,1.7217585945121752,12
272.0,11.426117263128189,4.190964155221435,5.598523091625186,2.046982296123016,12
272.07142857142856,12.530380854922512,5.033194717343812,5.915762668096358,2.4254001124973605,12
272.1428571428571,11.876302670740293,6.620815026244141,5.873065887302095,3.270387991362251,12
272.2142857142857,14.476357664976426,6.6711515612031205,7.121893031914485,3.3237731261763614,12
272.2857142857143,13.790091177881969,6.553907415019059,6.912115688035084,3.297297012720856,12
272.35714285714283,13.27779832840338,7.04899957670252,6.454840000984913,3.442642143587688,12
272.4285714285714,14.863954018131714,7.0475118722704435,7.109261961567512,3.4296444298207924,12
272.5,15.821214129347807,7.685712862801372,7.930840104246767,3.929422554604143,12
272.57142857142856,16.52520884343438,7.954966934423984,8.117801695801566,4.022837399698903,12
272.6428571428571,18.629735067549277,8.147816789243885,8.96725301262925,4.121216796971362,12
272.7142857142857,18.717615197231556,8.361672659922508,8.7768950251235,4.055430399823279,12
272.7857142857143,19.147348154766828,8.733451195787401,8.999211959423102,4.198345731519633,12
272.85714285714283,24.143564111590294,9.074073193595924,11.73439673107224,4.368927247166379,12
272.9285714285714,15.273929942581258,5.711794005173296,7.1283845216733654,2.415588754528379,12
273.0,15.53337601930245,5.94328689855356,7.472458217711465,2.358577115530256,12
273.07142857142856,20.955332835315414,9.557109336433761,9.555982715386925,4.273078272275195,12
273.1428571428571,19.46908234432673,8.293782668629575,9.173925855384086,3.6273017859946264,12
273.2142857142857,14.545613395448736,7.437617593062553,6.237497615464223,2.756106063413196,12
273.2857142857143,19.041759011236184,8.69211387237364,8.725683736867891,3.5558040751444646,12
273.35714285714283,16.412806694560857,7.184909662995378,7.700249036131283,2.888325228209657,12
273.4285714285714,15.723277321272192,6.533826392086008,7.087793897160284,2.6585445126641996,12
273.5,15.284002418385775,6.052753569664328,6.724552461176365,2.4493202140927837,12
273.57142857142856,11.256298483788727,6.05708391761905,4.497525558354157,2.288902800193229,12
273.6428571428571,10.879028915398377,5.522880646738961,4.855403860507509,2.149542261295661,12
273.7142857142857,11.351776965929552,5.460472295480932,4.964120733566244,2.014261451895025,12
273.7857142857143,11.10879152952329,5.615219076299697,4.758211426333334,2.113865502845168,12
273.85714285714283,13.374819026990885,5.25880857196846,5.938856034711671,2.1862581890643713,12
273.9285714285714,13.393188801108757,4.927582646658064,6.3785740956071155,2.093727377748961,12
274.0,15.30195000133395,6.34320650687304,7.171585916273963,2.78902296258339,12
274.07142857142856,16.301131113452396,7.529334444333118,7.511490044638759,3.398020751764328,12
274.1428571428571,17.92782233695447,8.094649741848276,8.488840950879295,3.8208587174054474,12
274.2142857142857,17.951586719029795,8.562576041837227,8.791052757641017,4.046251739230393,12
274.2857142857143,17.906923861351583,8.983232194898555,8.47478769222435,4.16336664399923,12
274.35714285714283,17.741739114658994,8.43718383519053,8.025704739787749,3.80182625182043,12
274.4285714285714,18.424368215499534,8.77353696536471,8.412569750559738,3.985626980529384,12
274.5,16.847410394197784,8.83147988750505,7.618333861989057,4.027375402560084,12
274.57142857142856,16.889577555464406,8.389013392102779,7.734625478586173,3.873921688025339,12
274.6428571428571,15.538848087609447,8.046815364133172,6.975942860646814,3.7395220877861433,12
274.7142857142857,16.203368977490523,8.485289393635403,7.228461541155507,3.8745441441242376,12
274.7857142857143,16.053360022821607,7.7771475731727895,7.3250419220348055,3.5550946438647806,12
274.85714285714283,15.078235017956438,7.529739521898454,6.859106310558067,3.406037645481503,12
274.9285714285714,14.998515328765082,7.420929126782285,7.003953148201214,3.3212457190646427,12
275.0,15.777014851292913,7.124968481690087,7.752948949085941,3.1400154670060125,12
275.07142857142856,14.910241798065462,7.051348991996088,6.7452516361925,2.858691257632482,12
275.1428571428571,13.032738678328839,5.772711041682771,5.724177851574195,2.2815703614032867,12
275.2142857142857,13.457557297982008,5.206778748879811,5.839212163623031,2.176263472312192,12
275.2857142857143,13.216749961328695,5.072563560055838,6.248011662981889,2.1504987430937006,12
275.35714285714283,13.118777472341714,4.646872822484417,6.23796825796426,2.02858483946641,12
275.4285714285714,14.696628038964114,4.131796138135304,7.280125599953927,1.9835240565845222,12
275.5,14.569616032133787,5.261714745891529,6.930966137331641,2.217381570229381,12
275.57142857142856,14.903264790225364,5.2825032000027345,7.1948008227792775,2.214459860788761,12
275.6428571428571,14.6261020433643,5.261464101458953,6.888558127357652,2.2860600109857403,12
275.7142857142857,12.959582257620758,3.653853023332493,6.393480418658928,1.684632294565999,12
275.7857142857143,11.26262897640521,3.6172084071464505,5.126739057649024,1.4840330721972894,12
275.85714285714283,12.182596719430357,3.318378586988741,5.748590529629265,1.3868163294176625,12
275.9285714285714,10.766692670850956,3.4963995414013405,4.993418247809002,1.4192137973081471,12
276.0,8.701241886219366,3.321736808029222,3.9296666543320042,1.2672392245197526,12
276.07142857142856,9.162037592691425,3.447569415133916,3.6649472626827584,1.3864386056050737,12
276.1428571428571,9.184152311336181,3.239285197409638,3.702091813593542,1.3110317484624836,12
276.2142857142857,10.945864910946659,4.361338358799805,4.635426809371278,1.8995518485345906,12
276.2857142857143,11.372553183797182,5.073416843997931,4.906643667173412,2.1090473758790766,12
276.35714285714283,13.22983939336247,6.177940367366426,5.78827332047565,2.6533420198561934,12
276.4285714285714,13.246871983256623,5.543171487887849,6.1076807345921305,2.4878867499453436,12
276.5,13.622768544005957,5.802321010573247,6.31703884938679,2.6765512535083995,12
276.57142857142856,12.134872818455586,5.514250044416578,5.781130468411832,2.664455691082577,12
276.6428571428571,12.53368079652679,6.194030604239063,5.772207550443113,2.8595956496674715,12
276.7142857142857,15.282545385050502,6.427000998596519,7.276027674735497,2.8675438749988946,12
276.7857142857143,14.887012660124155,7.137815247058756,6.6864950125461755,3.2437533428264316,12
276.85714285714283,14.959310566285907,7.111099327222687,7.156818113409986,3.398758298176988,12
276.9285714285714,14.544604254649164,8.014844396610325,6.759967487497963,3.8129787141195655,12
277.0,15.854825005977025,8.21607338644205,7.324053402545576,3.8799246780689867,12
277.07142857142856,5.746561098637459,1.8159233352239808,2.630711375387265,0.7262365443184808,12
277.1428571428571,16.030718642627352,8.650500692661316,7.497718764257332,4.158545159414235,12
277.2142857142857,16.174834119067935,7.329140551685629,7.3741980840888,3.4483824991652097,12
277.2857142857143,11.874114372426853,6.7880157035560815,5.6868589607746145,3.365351919440559,12
277.35714285714283,13.862186915886577,6.741326966914814,6.602902243266231,3.240418617488257,12
277.4285714285714,12.779094092918536,6.662907491228641,6.23039581646433,3.203280947821234,12
277.5,12.924080200070366,6.358622983972821,6.279244438756572,3.0972426025846507,12
277.57142857142856,12.989051837774602,6.680998069487006,6.120375109834604,3.093040965448457,12
277.6428571428571,9.747273302054701,5.860531053822086,4.558892437148912,2.8801746010339526,12
277.7142857142857,9.882379719549409,5.497109756592714,4.6324286045946,2.639319496004132,12
277.7857142857143,8.780246180910575,4.026986706788472,4.077384162874902,1.9968336207080892,12
277.85714285714283,8.503429254756332,3.7660965063293284,3.8238789125731643,1.5361717092044325,12
277.9285714285714,6.195832810940927,2.117600714917036,2.9110069675483827,0.9584837565109094,12
278.0,5.343325801161977,1.5013925482747512,2.2791319174419256,0.5771116336323737,12
278.07142857142856,5.186695694147937,2.7125385115267386,2.254808713870362,1.012335743362681,12
278.1428571428571,7.860240068374836,3.888379877593561,3.8922111911989647,1.9182076157182737,12
278.2142857142857,11.135441354899578,5.580029551702837,5.322773568830142,2.7024623558250322,12
278.2857142857143,11.620525340327772,6.008828813449727,5.497538108359222,2.8690473505040988,12
278.35714285714283,13.252290833030308,8.318369944689042,6.500477481368139,4.125607462332825,12
278.4285714285714,14.008216364037496,9.156531292319864,6.773911815093371,4.538971189259334,12
278.5,14.453268656414656,9.290820806471135,6.987094580427874,4.606341908225315,12
278.57142857142856,13.951946752940616,10.0684768172724,6.8493302604941455,4.994093166831672,12
278.6428571428571,15.45652290221694,9.873307511056751,7.267216719854074,4.899604673695733,12
278.7142857142857,14.971144569348857,9.916472918354279,7.220870196290801,4.9267019395821645,12
278.7857142857143,15.818430783248742,9.791209204393361,7.65527217501151,4.870784003112902,12
278.85714285714283,15.51799237957342,9.749586606359548,7.686338252662028,4.8457902000783974,12
278.9285714285714,15.311368081546737,9.41241482410166,7.32292755750089,4.684452130156426,12
279.0,15.26531456301207,8.781189964906808,7.12164410566017,4.318407044096252,12
279.07142857142856,14.674455486224026,8.201316722336463,6.931193280473281,4.0265641223708295,12
279.1428571428571,14.182311673745778,7.797079550778532,6.345147629797614,3.829592213784814,12
279.2142857142857,13.741591438685807,6.189125033612598,6.086798463114058,3.0234060633094018,12
279.2857142857143,11.78897192980223,6.252472468104069,5.661802757631832,3.0431093111999092,12
279.35714285714283,10.029555851305549,4.442335729122092,4.751580613294618,2.0648927870456486,12
279.4285714285714,10.085006713197844,3.4621567265782307,4.668303360887673,1.5659177301636749,12
279.5,9.536653268719105,3.6865505239450087,4.860749597919242,1.8770308094868315,12
279.57142857142856,6.361930520824508,2.0721221141862594,2.9987198007694658,0.9715922531745584,12
279.6428571428571,9.457184713839256,2.914960127245438,4.36705019426071,1.28061280352409,12
279.7142857142857,9.119503374963994,3.6086856883055947,3.8287451309445717,1.3517638757455486,12
279.7857142857143,5.995567574154049,2.122500569920428,2.582113686503151,0.8068186051237283,12
279.85714285714283,8.820714911299921,3.4021268029958844,3.9408191861242297,1.4576331075076798,12
279.9285714285714,10.471214983066544,3.6196548858709696,5.053739746837704,1.6037000243853776,12
280.0,12.17710788275064,4.530366546471574,5.839547484153095,2.2185086613716067,12
280.07142857142856,10.30630943516167,4.152121457609715,4.637855486773765,1.6807940532677086,12
280.1428571428571,13.185654872905019,5.853077517839983,5.899100888787607,2.539094963234201,12
280.2142857142857,12.945083981975031,5.9287742388157785,5.998023060147053,2.685393793044837,12
280.2857142857143,14.493938268635466,6.9938477423513605,6.3989435948328355,3.0658919392284822,12
280.35714285714283,14.853807173549994,7.8115204985166695,6.662948957947776,3.4501772611066497,12
280.4285714285714,14.497422732639832,7.575519567956706,6.365348797602049,3.302215402558294,12
280.5,17.79553083656204,9.061384106684887,8.133440630907684,4.045952798246914,12
280.57142857142856,18.630848808120422,9.894876096131616,8.26206905816695,4.386423042467087,12
280.6428571428571,20.00632115874855,9.390521009741699,9.268136292627457,4.196485560482605,12
280.7142857142857,10.015976974374114,6.461941968141894,4.066071600331975,2.344403818800896,12
280.7857142857143,18.294711933010397,10.202663879397349,8.203183992040273,4.520035750195666,12
280.85714285714283,17.601479612086653,9.183384427842036,7.879279162662815,4.0100126880259115,12
280.9285714285714,17.957669945832404,9.857210065268749,7.958448355326248,4.26201282806442,12
281.0,19.929124628914924,9.526207431711272,9.533855728112238,4.177370373320537,12
281.07142857142856,19.104528933904103,10.107587458317907,8.865990019609768,4.422037480358442,12
281.1428571428571,17.16288808315072,8.632540229858881,8.09830153371697,3.6980825491617115,12
281.2142857142857,17.39735959398124,9.033406678642647,8.078893622549712,3.7405918557520734,12
281.2857142857143,16.088342337549843,8.181231576822766,7.23923169312646,3.4491089688575216,12
281.35714285714283,14.985783727979026,8.04129960736448,6.957910208789096,3.280063772514273,12
281.4285714285714,14.125391275034247,7.184830013861289,6.262171693041564,2.815219077942083,12
281.5,12.560262841878597,6.674587451016993,5.057321447715316,2.4813922641568906,12
281.57142857142856,11.023798337463326,6.663234274484373,4.374645439071935,2.4434502673315346,12
281.6428571428571,13.059007672222792,6.372359819959389,5.763327314127957,2.3456896695154943,12
281.7142857142857,12.395031510915123,6.589795896851775,5.570368259937225,2.5871263657604873,12
281.7857142857143,13.352543002136185,6.7783792686450255,6.286804125154722,2.7705631808609548,12
281.85714285714283,15.289460758379775,7.814094638099805,6.6169758215384356,3.353085504388209,12
281.9285714285714,15.828261347544377,8.388809730115696,7.303067853974738,3.7407290222316107,12
282.0,17.400248625558977,8.873309460596698,8.290479051989779,4.087325197542202,12
282.07142857142856,18.137946573498613,9.558360781158976,8.346321325665343,4.468069136414348,12
282.1428571428571,20.05302464108237,10.355834836038794,9.460689599108575,4.8445660422875445,12
282.2142857142857,20.677827415113416,11.042586797802457,9.684398658185454,5.185527792271723,12
282.2857142857143,22.662753265542406,10.63936611410927,10.58777199567816,4.881373723187238,12
282.35714285714283,22.608773569605997,11.240246847360291,10.643664443256732,5.266186541758265,12
282.4285714285714,24.58402301332228,11.55932000356951,11.614598401473813,5.192691763451651,12
282.5,19.82241739865944,10.796301474972877,9.92674104322442,5.2871738474132615,12
282.57142857142856,18.092373463650667,11.234169469605472,8.752423058101826,5.442373247620716,12
282.6428571428571,18.548121387594875,10.113610792197017,9.075793053635064,4.852769489371098,12
282.7142857142857,15.920874173682186,9.112469759036728,7.559208261417192,4.287937891466816,12
282.7857142857143,15.700866891831812,8.399896867433991,7.372472782861782,3.9219067883338865,12
282.85714285714283,14.324178115862486,7.287852887494306,6.8341530664041725,3.253740621140251,12
282.9285714285714,13.905744350786902,6.446875254673369,6.848641856562054,2.816181793708151,12
283.0,11.761215110644208,6.108293543757355,5.5284402139079445,2.5749530997834733,12
283.07142857142856,9.786152320408029,5.252986745569045,4.655490225313756,2.14894876045985,12
283.1428571428571,9.320237744221348,5.018474206951645,4.2956582163057355,2.031758677158699,12
283.2142857142857,9.237048019502346,5.252647904076401,3.8060256606969274,2.066138774206198,12
283.2857142857143,14.731905052003954,6.427966243373924,6.295453368809991,2.3754010178057876,12
283.35714285714283,9.838346982620333,5.314875214392161,4.451761437815689,2.212916694907853,12
283.4285714285714,11.214509760449785,4.749994157188087,5.135754227581853,1.977845587482663,12
283.5,14.86653233998578,6.142627440023373,7.041489593144931,2.816037684057453,12
283.57142857142856,12.266425414692078,6.14649469175028,5.640999814088327,2.856383632809889,12
283.6428571428571,12.803817118437268,6.247909635230234,6.178367051412372,2.936695280237284,12
283.7142857142857,15.760693490899614,6.413000933205173,7.254023275905152,2.9228323729158956,12
283.7857142857143,12.563097990705979,6.973686028176481,6.036641761471578,3.385722429756233,12
283.85714285714283,16.594560724726872,7.415075334608474,7.645323245836074,3.330463355575679,12
283.9285714285714,14.159464443019685,7.652702800073974,7.202360670607085,3.7443048722236676,12
284.0,13.240953112906595,8.857070180274826,6.116947137296427,4.003008477172673,12
284.07142857142856,12.887197829162409,8.288021911417813,6.78096097124436,4.124043373461208,12
284.1428571428571,12.657416051762509,8.953578622920483,6.490229792025987,4.462212390514522,12
284.2142857142857,14.0921371096148,9.96233311667373,7.028145575843031,4.988523807452664,12
284.2857142857143,13.498720451338166,9.288148960574286,7.013893727703518,4.654298545515689,12
284.35714285714283,12.156010173169914,8.950140112416042,6.251966024400937,4.477941845428769,12
284.4285714285714,13.357447440042277,9.89574721494778,6.774210503447018,4.960176934175715,12
284.5,12.652915645758126,7.544539826945321,6.541874272164539,3.768127690886222,12
284.57142857142856,12.436887869625288,8.62384822403551,6.3652024623521095,4.315152304847539,12
284.6428571428571,11.943984420859543,8.213549862561937,6.257933067908799,4.10328811660437,12
284.7142857142857,12.737160934943034,7.780392641194783,6.826828445591374,3.8846703857257006,12
284.7857142857143,11.439617939371404,7.481064380701175,5.439010475126844,3.765821389805137,12
284.85714285714283,11.884567665086449,6.508457331879378,6.111676295016123,3.3098372737064823,12
284.9285714285714,12.364778879590723,5.950079226650388,5.905092549926592,2.8495302569017342,12
285.0,11.62393157864616,5.681191991826719,5.313602455369044,2.6533118261740256,12
285.07142857142856,8.024869453644218,4.649110840646876,3.993345417320272,2.3226280875340883,12
285.1428571428571,8.557934982912235,3.6350557487839614,3.9180818482570583,1.6619291233079627,12
285.2142857142857,7.2738420118007605,2.492004142715263,3.8064178959490866,1.3052430494089178,12
285.2857142857143,7.5296989501212,2.804012932884849,3.4078784495507435,1.235098770959985,12
285.35714285714283,5.668490779231541,2.6344592391324735,2.679501817172596,1.1827711812547956,12
285.4285714285714,9.05346187681155,3.186548410502442,4.755051698165673,1.517662113440868,12
285.5,9.718058188048518,4.13148024136922,5.053614352702548,1.9867553547205015,12
285.57142857142856,11.305128534125403,4.8681935256604145,5.671886356772999,2.403609330305959,12
285.6428571428571,11.982786088952851,5.542246220628403,6.438871397582082,2.730084717647061,12
285.7142857142857,12.90894231213423,7.1211029242634725,6.32532559608801,3.5181944070507964,12
285.7857142857143,12.115059570255442,7.723527044867452,5.943069891288367,3.821175634018176,12
285.85714285714283,13.140070595839036,8.381450827385052,6.282529530786894,4.140126942184989,12
285.9285714285714,13.646861423069835,8.508723156925267,6.575246466952794,4.281280904744872,12
286.0,11.858270930993898,8.757398169274058,5.925473340685617,4.377555070064013,12
286.07142857142856,12.287350551413182,8.398016710622386,6.1503619727889385,4.192030726653902,12
286.1428571428571,12.863680821516363,8.054818233870682,6.134888099407794,3.99973067885548,12
286.2142857142857,13.166399427407919,7.718316650064428,6.5916201926746085,3.795230759083961,12
286.2857142857143,14.630677632849897,7.0636061150523535,7.490664113657926,3.4937702747906423,12
286.35714285714283,11.434994146718541,6.041375691314141,6.034002283055446,3.0654678158252278,12
286.4285714285714,11.325694013824442,5.33756070955254,5.636600040037162,2.655757125313365,12
286.5,10.095978213969895,4.610247400431062,5.28630384168172,2.2827150555003004,12
286.57142857142856,9.28036742254194,4.111032099253955,4.815752279254415,2.0388915778600123,12
286.6428571428571,8.933657549032903,3.545505585189442,4.408784593387267,1.6468198954915616,12
286.7142857142857,4.863550198204811,1.2945115067352024,2.162189552821343,0.6350202540613793,12
286.7857142857143,4.763770902495326,1.6297830422164163,2.4345361762144693,0.7849971348169131,12
286.85714285714283,5.534980555179777,1.606785325662443,2.983994204790221,0.9257815048427863,12
286.9285714285714,5.744168631155549,2.5413472774658135,2.747186949192666,1.2493950544993546,12
287.0,9.434662859745552,4.441673554470494,4.992709055369721,2.232681378142262,12
287.07142857142856,9.188248068588784,4.28105565075298,4.845916469801485,2.106411935260303,12
287.1428571428571,9.15106457874603,5.376694814145046,4.540519452027777,2.701332885309511,12
287.2142857142857,11.17752641908814,6.673451162265321,5.934694976038784,3.357709065049407,12
287.2857142857143,10.735698482173248,6.027127438377445,5.573355325651409,3.0416458799231463,12
287.35714285714283,13.532830578874046,8.217100702611479,6.842631879559167,4.104280676329989,12
287.4285714285714,11.896126056593705,8.16070715681305,5.9169123018736265,4.086961305800597,12
287.5,11.957487194781795,8.832581709100307,5.907042575952979,4.41681347990156,12
287.57142857142856,12.546187734046281,8.554747236868216,6.721114157937459,4.308133559708071,12
287.6428571428571,13.046256923667453,9.57659852427031,6.42880240356539,4.8614656221072,12
287.7142857142857,12.678211511276261,9.257048730533082,6.23887838132668,4.643444113582343,12
287.7857142857143,14.376077546195924,8.724254210315637,7.1910752482286,4.298791519012013,12
287.85714285714283,12.716144864748266,10.337261492955859,6.159299386698567,5.2594040019785355,12
287.9285714285714,12.79977399896468,8.529448407559261,6.157268051883933,4.267873922202514,12
288.0,11.703579913833723,7.99392275149265,5.96237932640222,4.033395701153112,12
288.07142857142856,12.004176622242014,7.262747704825683,5.895382172402072,3.6265277489372894,12
288.1428571428571,11.018291030173657,6.487514944839227,5.280960615838324,3.216976589244984,12
288.2142857142857,11.31522591017462,6.348530663313929,5.680188361930302,3.1345471263941715,12
288.2857142857143,11.92069424111736,6.922034989814362,6.426048581263913,3.4721374580373223,12
288.35714285714283,4.698865934521853,1.9740063121124156,2.146741831910411,0.7383459066743719,12
288.4285714285714,10.639125732647692,6.001116017142623,5.0813213631397405,2.925926043362476,12
288.5,9.304121118452143,5.182426432894289,4.263565434786617,2.4955447812453726,12
288.57142857142856,10.108439396654644,4.879448851565816,4.5915243326691195,2.333665916668828,12
288.6428571428571,8.02815169066712,3.9001960846073858,3.671616564982752,1.8409918337940123,12
288.7142857142857,7.499148705247148,2.5694099804759514,3.5527316079447946,1.2107875781628,12
288.7857142857143,7.473819368828207,1.9470178474665034,3.4487459087797037,0.927471788141371,12
288.85714285714283,5.066372760674605,2.2377905677117407,2.1148021042565364,0.8152474335367706,12
288.9285714285714,5.285724935208724,1.867043642586246,2.3700035218037927,0.7949527530663201,12
289.0,7.920612762724065,3.0742043066416986,3.607405327850368,1.5066341901206606,12
289.07142857142856,11.90349031482455,4.978816052262057,5.207891435249747,2.061265930033718,12
289.1428571428571,9.471893374908973,5.679338723345327,4.655466859713973,2.8381401540908584,12
289.2142857142857,12.829289325005126,6.385256879674754,6.217149312855425,3.046606565129652,12
289.2857142857143,12.817498329412425,6.178198598553176,6.392638528735147,3.020972662862789,12
289.35714285714283,12.840934994915244,7.848517766178037,6.015369586472702,3.862742872748835,12
289.4285714285714,16.751338234991362,11.518118138184148,7.819336008172809,5.721640303456967,12
289.5,6.217855206173841,2.8235470783487107,2.5391431514745655,1.0377490130822296,12
289.57142857142856,11.70741900261708,9.226833519631061,6.018181551390954,4.621301987721358,12
289.6428571428571,15.628674428696698,8.907243963372386,7.026082698639939,4.330131160350686,12
289.7142857142857,14.778407948295419,8.483439655641245,6.981845012717699,4.07828244710071,12
289.7857142857143,17.739326978698703,8.832429612814227,8.02514817895992,4.065204916077404,12
289.85714285714283,16.024816321054868,8.048881963225982,7.483570059560784,3.7180948617388916,12
289.9285714285714,17.2194044312956,8.049194698429154,7.774150421325396,3.580920279020352,12
290.0,15.848488817016856,7.039402052978041,7.0290208202655835,3.0855655414294088,12
290.07142857142856,15.644312492667565,6.74720815772033,7.177415838005075,2.8629890351056826,12
290.1428571428571,13.918616689916819,6.437564023436384,5.868433459769221,2.546930486436065,12
290.2142857142857,13.879427538601023,6.63866615700706,6.143802683839818,2.5168300488777127,12
290.2857142857143,15.273557811661183,7.302899653785391,6.670548185261831,2.7174522519326905,12
290.35714285714283,12.658447575361635,5.9132002973056945,5.534460764252222,2.1774607805361104,12
290.4285714285714,13.556180030197766,6.565954449899943,5.755279978706429,2.47283888439617,12
290.5,3.377290635304508,1.4521062667600861,1.4922193119497318,0.6660567022811447,12
290.57142857142856,12.769511410550926,7.194227282211462,5.1727929147930585,2.612730419566914,12
290.6428571428571,12.93186120002966,6.783333077658268,5.157144613427431,2.4669576841679324,12
290.7142857142857,14.317160892460166,7.666281866673034,6.019976288793384,2.862928943515192,12
290.7857142857143,11.261452408338743,6.2633766273817715,4.608899203378462,2.313476171259743,12
290.85714285714283,14.88809620085294,7.304887767107791,6.443425897320551,2.7942384974193324,12
290.9285714285714,14.253237604465701,7.644838352426884,6.113823376373157,2.8884839525529515,12
291.0,16.021858946082325,8.062841873685061,6.994920114348473,3.1348633316239196,12
291.07142857142856,14.486605268761478,7.67522148500126,6.0338741104794815,3.1122158593636713,12
291.1428571428571,14.100397166666099,7.896762112334533,5.827649007070323,3.1065925006701445,12
291.2142857142857,15.659159805423895,8.040586250592296,6.820047401986653,3.099972558246253,12
291.2857142857143,15.378546600496884,7.963156527886739,6.737651516587144,3.2677930864326603,12
291.35714285714283,16.720711684142934,8.706088836656228,7.586694303433773,3.6128172891319954,12
291.4285714285714,16.425221695812535,9.204521287470213,7.35785156105533,3.763113584806881,12
291.5,16.13662455696982,9.310334823883354,7.047413486518323,3.893199623469794,12
291.57142857142856,16.35756558079746,9.165868360188284,7.038107270136843,3.8800677440834788,12
291.6428571428571,17.07496176421977,9.338882528669176,7.602434881091447,3.8745957765033174,12
291.7142857142857,16.346751938498322,8.999901286336907,7.3951595696917165,3.768356865215662,12
291.7857142857143,18.808731875477662,10.004861350934865,7.999638351586774,4.299907365293083,12
291.85714285714283,17.73761499414837,10.207174175115423,7.802575897734141,4.494365023686343,12
291.9285714285714,17.061108086976134,10.313724715393255,7.550072427594054,4.650264115369215,12
292.0,15.541883907499157,9.279255784576144,7.015904149072461,4.126722310871038,12
292.07142857142856,16.91806295080752,9.145519864587394,7.2688103640613,3.9919892497620615,12
292.1428571428571,16.019703977057606,8.884893396517143,7.0455590688334215,3.9566396187483304,12
292.2142857142857,16.126200717758227,9.16482134567992,7.208831495179831,4.064798596444592,12
292.2857142857143,14.701314442656384,8.147801038901049,6.620923339382367,3.620185401491216,12
292.35714285714283,15.260682186098945,8.688782499951547,6.645785724982818,3.748221610499392,12
292.4285714285714,15.324652565652976,8.181710226858161,6.559059059590895,3.4881338484540256,12
292.5,12.010992638802456,6.256983277645163,5.35737804086577,2.7240116352456805,12
292.57142857142856,11.694195002687003,6.273530520688533,5.079027719719596,2.5425606770963354,12
292.6428571428571,11.742859411476564,5.514921307252131,5.213481087261613,2.3445947924439836,12
292.7142857142857,10.816170448549919,4.402552412886132,4.688317240374477,1.831676509312275,12
292.7857142857143,10.50039740372376,3.798285235951704,4.680171435231627,1.497541704618868,12
292.85714285714283,9.65985808124492,4.236914607287635,4.5269789910800675,1.590652912691845,12
292.9285714285714,10.088558963427532,4.1561476473631345,4.45760470101128,1.5787525627120198,12
293.0,8.91055631035683,3.405957664855841,4.212010084032295,1.3418109805405616,12
293.07142857142856,10.070695947848568,3.003181861158271,4.672852769984069,1.2244507587044962,12
293.1428571428571,10.853830323656297,4.174345623769863,5.018422602217577,1.7628533262403798,12
293.2142857142857,10.910584063051497,4.4279957988984995,5.1993999479750475,2.0828828972965456,12
293.2857142857143,12.02232050665985,5.244766872550419,5.79466434032907,2.46265753204713,12
293.35714285714283,12.972918429822434,5.5222114466443335,6.010020193155968,2.6341500223334844,12
293.4285714285714,15.152352480650569,7.381152830641967,7.089335567489309,3.6146958129229048,12
293.5,16.20412059905075,8.19054252877974,7.55849156645208,3.9711828670686202,12
293.57142857142856,18.014190937682276,9.45895410008249,8.68904295552845,4.610323064575127,12
293.6428571428571,18.733199170208618,10.042216367592044,9.25913797746454,4.888067634976071,12
293.7142857142857,17.447712465839043,10.494804335920398,8.316079804912574,5.146813487034493,12
293.7857142857143,18.529286955633495,11.010982461931139,8.6810502746786,5.330998299628794,12
293.85714285714283,18.833787379225242,10.326723186663061,9.072173321033636,5.057930826148917,12
293.9285714285714,20.564702590029956,10.762480837096506,9.839430135086255,5.271345983890824,12
294.0,19.74974602593795,10.596211537633705,9.474921965666953,5.126109090553714,12
294.07142857142856,20.091610530809653,10.589858859950915,9.136361304078546,5.165755881274476,12
294.1428571428571,18.025599527757898,9.369710333446095,8.415713272264346,4.557818928072988,12
294.2142857142857,17.857677483304826,8.667637519442799,8.3669525502621,4.134101025849222,12
294.2857142857143,16.934589548613623,8.333882523051276,7.953128617958663,3.9798545880538754,12
294.35714285714283,16.068407657085217,8.498222052040957,7.599345638057359,4.151581178886369,12
294.4285714285714,11.067241037840397,5.729126091998161,5.560066172707199,2.8169292031051447,12
294.5,13.214456741099864,5.3358083030555346,6.0576830122225145,2.434246824727549,12
294.57142857142856,9.44835963610437,2.7867275983045046,4.320241745322746,1.1586227614234446,12
294.6428571428571,9.890099113988937,2.936222566530605,4.6961971446014426,1.3398580542616239,12
294.7142857142857,10.502173373796223,3.707521233654974,4.313056135807341,1.463696872883865,12
294.7857142857143,6.88014484514819,2.34722337606651,3.0990305364843476,1.006155116696599,12
294.85714285714283,8.468375265437627,2.634797014959801,4.028448288590718,1.195717255576539,12
294.9285714285714,6.82351812651212,2.794039500632384,3.013446043503628,1.306870898215867,12
295.0,7.324247745119902,3.5287114883382977,3.547902218986922,1.7301373161237383,12
295.07142857142856,6.517962997266176,3.8722582191221555,2.942092660769499,1.952494925679863,12
295.1428571428571,6.562956564317349,3.9036583872033934,3.120292027411092,1.9500770136108407,12
295.2142857142857,5.463960176347352,4.0430406854692835,2.6696063010732476,2.014499739665835,12
295.2857142857143,7.8725349003378975,4.880290622584388,3.8474677669156594,2.414522178373495,12
295.35714285714283,7.422942169267761,5.198567306190407,3.4617446562798473,2.5938436467106762,12
295.4285714285714,9.599363898186441,5.84566427832457,4.386167570660992,2.8842747327691516,12
295.5,9.543697058187643,5.742991274940923,4.777020714514337,2.8262757833471928,12
295.57142857142856,9.291991827368474,5.131840362825825,4.4507131656924,2.5341676444972747,12
295.6428571428571,10.682736803467817,5.717010533842619,4.996192257411095,2.769005317474279,12
295.7142857142857,11.194868527901532,6.324692928490264,5.105440310346332,3.1435753346061537,12
295.7857142857143,10.553036272958726,5.784690251089761,4.9713429677493375,2.8255504560558764,12
295.85714285714283,11.54295656778752,5.000032962608922,5.760837631689019,2.4182340011703185,12
295.9285714285714,8.768486717219343,5.175451877516485,4.270777040643378,2.527041819295763,12
296.0,11.286581589915917,5.1314534824266875,5.322792154364331,2.4619563989555227,12
296.07142857142856,8.788804741006539,4.744616145985986,4.1157855920359925,2.341743201709149,12
296.1428571428571,9.527641883191594,4.420175815060466,4.37084412185508,2.116432267737378,12
296.2142857142857,9.287476031047857,4.822165686121797,4.446638706715694,2.328223046417955,12
296.2857142857143,8.22498806972346,3.4989949397626647,3.6348593052297455,1.64154956939023,12
296.35714285714283,4.5003614472329865,2.2288583007322,1.9121501046075853,0.8496022816601732,12
296.4285714285714,6.881791554007549,2.788239758855085,3.0630285771645998,1.2108081522670922,12
296.5,9.273373060018605,3.2665192209272598,4.326794193941939,1.360053550891669,12
296.57142857142856,7.876862857128461,2.9967943233480967,3.9153077264103997,1.4054626075774739,12
296.6428571428571,8.098549793172273,2.9880229818851336,3.5630216481784087,1.2657350962575726,12
296.7142857142857,5.4202065825656875,2.1517377699091833,2.337569877564252,0.9079215165830523,12
296.7857142857143,8.462615987600365,2.839209565744155,3.465173174842537,1.272143455723995,12
296.85714285714283,10.630711048169083,5.026482829918954,4.779547254937372,2.4426113179008215,12
296.9285714285714,13.271074833589383,5.605868702095215,6.125001917800644,2.7666333250221204,12
297.0,10.797834596693308,5.199485056159784,5.454978947118993,2.579547004096611,12
297.07142857142856,9.715382054745687,5.585812591394792,4.547493527332554,2.751394920595875,12
297.1428571428571,11.471394269141925,6.005171263911515,5.60684482094056,2.961152269055203,12
297.2142857142857,10.29453109054089,6.026396065538514,4.719295207012957,3.0069643971924838,12
297.2857142857143,9.349705784874555,5.684943984334053,4.332881873340235,2.797032891946392,12
297.35714285714283,13.072623739302799,6.089681481861556,5.97694837975105,2.9882657156616323,12
297.4285714285714,14.441769086785653,6.001875770752157,6.739877540943595,2.8709432178656487,12
297.5,11.196896172577295,6.024732405140071,5.043869953424416,2.9448194039966915,12
297.57142857142856,12.194744783632144,6.680099530184552,5.598735842383923,3.2588717255109367,12
297.6428571428571,11.921211677447111,7.019942028605087,5.638419811617685,3.4518819172145228,12
297.7142857142857,14.28684631936917,6.9288936790183255,6.760410757350056,3.452173531790273,12
297.7857142857143,11.921422067607713,6.527692392044284,5.330313906322275,3.2276793925814244,12
297.85714285714283,13.006417073943647,6.3319307234774245,5.827358240618116,3.0645565454718633,12
297.9285714285714,13.771501436077207,6.317890268630894,6.237724478535779,3.1084526313689063,12
298.0,13.877861475698085,6.24904264107492,6.7141723443204135,3.0055024661141156,12
298.07142857142856,11.324787369924552,5.661284344927797,5.163771033195956,2.6910885676742526,12
298.1428571428571,10.092521774055568,4.892221818104664,4.734590041738749,2.3301100947730395,12
298.2142857142857,10.174952407365824,4.908666372514284,4.803137137409762,2.344175969992967,12
298.2857142857143,10.579070384870674,4.613371108962676,4.767436226160821,2.159369512564535,12
298.35714285714283,11.363490134259804,4.4042978559556785,5.237696866026015,2.029530009704591,12
298.4285714285714,8.965159705648228,4.192283502658506,4.18509859050473,2.016217145484546,12
298.5,8.451546099365904,3.6700597975399254,3.9760452862710123,1.7091389217351984,12
298.57142857142856,10.900619524741082,3.754934190830593,5.077070484988406,1.7608253761320105,12
298.6428571428571,7.828599472574084,3.389585763608131,3.5421990896403046,1.3458179216376236,12
298.7142857142857,10.394522119510933,3.9599177237598826,4.996683520449256,1.671249262250125,12
298.7857142857143,12.658367269893924,7.09645357783312,5.548572728598255,3.2050678456259427,12
298.85714285714283,13.253618533053974,6.965449084622813,5.723633240805201,3.019178814096169,12
298.9285714285714,9.075197447209872,5.156364158964574,3.9928078266487934,2.042962751422046,12
299.0,8.850717117983363,4.5278629871414795,4.002624872074841,1.9698794148839545,12
299.07142857142856,10.079005680988747,5.4512224802015234,4.441609810912031,2.222670527100533,12
299.1428571428571,13.172307272540468,7.3799039040252055,6.014146084767415,3.2562418032113527,12
299.2142857142857,11.621495908083501,6.601080030601794,5.354649927386312,2.9227581409288503,12
299.2857142857143,12.081448444901502,6.428984444084731,5.150561349447529,2.8387649115423366,12
299.35714285714283,11.753447488831673,6.286893490723665,5.254675863415746,2.8143365834613334,12
299.4285714285714,12.254295811203773,6.212441777366948,5.684215637011987,2.747465849939834,12
299.5,13.635636008954073,6.320979348746908,6.229387264923591,2.763960701934233,12
299.57142857142856,13.040153254259016,6.864288180801026,5.683652049319874,3.007708312546994,12
299.6428571428571,11.360288230484416,6.954809412691864,4.969277161701957,3.0492774470596777,12
299.7142857142857,12.522895388863605,6.507311156436249,5.590488064779019,2.8417361014170113,12
299.7857142857143,13.936700500546943,7.860312170583251,6.153916277764434,3.5962282916363955,12
299.85714285714283,12.35579067506223,6.860394470058677,5.41464609543662,3.009118903293072,12
299.9285714285714,13.382662780564422,6.92066474034502,5.831780418929839,2.9442184146917274,12
300.0,13.847557712721274,7.209464831691221,5.904290666614731,3.093519588771894,12
300.07142857142856,2.73379232867868,1.6322231170837154,1.31088363303764,0.7436602135913197,12
300.1428571428571,14.176755020568988,7.123047108958882,6.133390634344135,3.1060060348778906,12
300.2142857142857,16.772607210864354,8.31987139511369,7.350654871578087,3.6333710574836955,12
300.2857142857143,16.717887238464815,8.187749921577003,7.41120750169655,3.5644084634657256,12
300.35714285714283,5.47746125538232,3.400848347499078,2.6133987921711435,1.5581301176424658,12
300.4285714285714,12.996056080433139,7.690680346290959,6.208111139903668,3.8452430870620513,12
300.5,13.302290366938854,7.581326345868063,6.376271159974354,3.763501473613401,12
300.57142857142856,13.787035376360866,7.539644872734082,6.847443669621729,3.696839263593096,12
300.6428571428571,17.38014444035085,8.221090233169045,7.665298762662338,3.504509383857432,12
300.7142857142857,19.12752312599131,8.459707342692512,8.420102278791168,3.6445123743693952,12
300.7857142857143,19.050226207035703,8.553651024924198,8.212874502300751,3.698364348992761,12
300.85714285714283,14.294453150924504,8.057226760766715,6.677263254311546,3.918935298105282,12
300.9285714285714,19.580280237714007,8.774288857850589,8.531416211853905,3.871394406446371,12
301.0,20.717549385718346,8.873208727113205,9.270554751661582,3.8717017816939503,12
301.07142857142856,19.028765187035827,8.925990977913784,8.481538497616539,4.047928169847331,12
301.1428571428571,14.62463709628796,8.5092218680875,6.900031239728186,4.16182974644937,12
301.2142857142857,19.46932956835546,8.84459420465168,8.655636493020419,3.8728805462958067,12
301.2857142857143,17.70934269987654,7.7568585883940875,7.943776167594877,3.460918355335323,12
301.35714285714283,17.196694807704148,7.0488536516629265,7.481741408102925,3.1820765169594534,12
301.4285714285714,13.097230430491049,6.434506911976935,6.110184068278885,3.0645187332987067,12
301.5,13.15563117177711,6.0939849075374655,6.139466077745087,2.829764745117053,12
301.57142857142856,13.034662297465381,5.305789732458282,6.004071942772482,2.3452416148562363,12
301.6428571428571,11.118996745742125,4.975679992261091,5.136197595288944,2.1640238948536172,12
301.7142857142857,9.466904866346505,4.2964734362028185,4.268970622792155,1.8173202867085765,12
301.7857142857143,13.211206119790399,5.072612710462557,5.809748842998334,2.307662345196765,12
301.85714285714283,11.598091861013787,5.180556035190079,5.064815643719452,2.2440169048700307,12
301.9285714285714,11.618239725594684,5.2039975798201095,5.232769807575227,2.275393750889867,12
302.0,11.96685071239534,5.661034454207509,5.626304648881538,2.5044151048914802,12
302.07142857142856,12.314994331210606,6.020397376649147,5.7357716257416005,2.705083734412803,12
302.1428571428571,12.343232076909606,6.416266254753177,5.575727005805958,2.9692141314495872,12
302.2142857142857,16.28340945086681,8.189697383984873,7.311674996771728,3.8811535157435557,12
302.2857142857143,16.90335410240307,8.49386369526888,7.562046920434611,4.029808206827199,12
302.35714285714283,15.865621517691476,9.250019926356188,7.337421188331329,4.521309116173831,12
302.4285714285714,15.774287701472147,8.559418354098987,7.117069750682765,4.13546490981967,12
302.5,16.986599050307493,10.120829793288006,8.141921520934067,4.994823212566363,12
302.57142857142856,18.35118541973315,12.84938328867325,8.816654553014716,6.433681334970257,12
302.6428571428571,16.861394240509163,10.336725481039036,8.22011121261363,5.156228527895488,12
302.7142857142857,15.685754800152443,7.95012215749834,7.304617910507845,3.9111608262317774,12
302.7857142857143,16.256756696026045,6.763728666918648,8.371263320166717,3.3660147286673197,12
302.85714285714283,13.009754748058459,6.960866416623494,6.271022505992322,3.4548942695640354,12
302.9285714285714,12.6116723522128,7.989870200891693,6.328641921193319,3.9781369483046847,12
303.0,13.049566799105392,8.507254714145425,6.985973873061614,4.281067119686685,12
303.07142857142856,13.660544883678977,7.6036532184045384,6.96230810438252,3.8732166424089804,12
303.1428571428571,11.400466978199763,8.111963102176668,6.245686677775384,4.19871085557057,12
303.2142857142857,7.630505038314662,4.981802757815176,4.012001552424244,2.526087689702729,12
303.2857142857143,7.714035606483387,4.658526875734775,4.012570083408229,2.3834428225460234,12
303.35714285714283,7.429212680522717,4.523496863326638,3.8241509428822105,2.3244686298937824,12
303.4285714285714,8.349893530738155,4.571097731696481,4.577021462191707,2.3613442885131373,12
303.5,2.019728951383365,0.9486087262970108,1.138834355121015,0.7503280886162197,12
303.57142857142856,6.576790214746017,3.2076894424106763,3.2647665117900337,1.6185806803690774,12
303.6428571428571,5.548772299888338,3.646178899577525,2.6137544875567755,1.8582734134686167,12
303.7142857142857,8.31125528506045,3.8513487402097466,4.059905459019577,1.992774267281228,12
303.7857142857143,11.955030744883627,4.960836483983135,5.87751343937691,2.4133028372606877,12
303.85714285714283,11.365131267379693,5.099471813536367,5.306053661935627,2.3991553090123996,12
303.9285714285714,9.62953705259918,5.130479113879072,4.596406640284711,2.4705377186214212,12
304.0,12.564979058566092,6.243496059865462,6.328711896324741,3.066002470627588,12
304.07142857142856,13.753581422985224,7.445354761416455,6.575452880170023,3.6945735209245143,12
304.1428571428571,11.184053384700656,7.203142181475559,5.460830457165093,3.693461505622186,12
304.2142857142857,12.195312739479437,8.44894943768069,5.86451148017242,4.222811213074703,12
304.2857142857143,14.88071003357818,8.917092197507586,7.504934960261371,4.406847055588825,12
304.35714285714283,13.731968091743983,10.14894973046522,6.959814376770513,5.154013133728218,12
304.4285714285714,16.282496498222994,10.996111913409276,8.22342900682906,5.525837638188885,12
304.5,17.39335341812026,11.28842030108769,8.75826374450495,5.670468644365492,12
304.57142857142856,14.976643227351714,11.789776649341047,7.550074703030477,6.038219669231983,12
304.6428571428571,18.4407162095519,12.317012285693947,9.904138348797979,6.25164493257664,12
304.7142857142857,17.446834286801597,13.08381313839104,9.038198991117145,6.6535846270866035,12
304.7857142857143,21.69434607431078,14.350230040313935,10.608357976767982,7.189720689477773,12
304.85714285714283,16.36611055281027,12.631787424654188,8.298690706265095,6.320655074182036,12
304.9285714285714,21.3924034314951,13.505158750693473,10.72118683717074,6.596482909176174,12
305.0,16.141311744906574,11.541292544304673,8.125513281523535,5.7485895071899895,12
305.07142857142856,17.70207952479136,11.12900409686834,8.620150297843885,5.539370353744155,12
305.1428571428571,8.35625121018918,4.084891279915878,4.166910126849965,1.9312855264521498,12
305.2142857142857,15.740326008790724,8.913164027433789,7.834915212464653,4.386115459712676,12
305.2857142857143,15.814989278974526,8.722974646480369,7.3557919474853435,4.246886038349832,12
305.35714285714283,16.159768273137704,8.852440654634222,8.041454972317016,4.199507531717151,12
305.4285714285714,16.57814447869649,9.38043726045549,8.002765938599905,4.304343838970242,12
305.5,16.42999421773919,8.822386531702874,7.854083893021285,4.049021082721526,12
305.57142857142856,16.970613844950165,9.971717146257829,8.141507499689473,4.6221800427399184,12
305.6428571428571,16.44715553122138,9.020942370965964,7.9971541170780585,4.100176626599884,12
305.7142857142857,16.021692460747932,8.938157467456415,7.687703266800053,4.007757647781934,12
305.7857142857143,15.715132206110558,9.363495442082069,6.966297373534877,4.191663768845945,12
305.85714285714283,19.210395192366192,10.551462403863638,8.927443028607092,4.769061147305404,12
305.9285714285714,22.628080927493762,13.870938119680668,10.544979913855544,6.304294428265325,12
306.0,18.853140745639838,10.473579092975212,8.623549336204304,4.758387015477158,12
306.07142857142856,21.797026759505425,11.811957578285217,10.058210251772332,5.391112304891813,12
306.1428571428571,25.56865350368589,13.285805122500443,11.869923041962192,6.150303240528529,12
306.2142857142857,23.354373791797286,10.737225814988529,10.736774530699178,4.897992854500727,12
306.2857142857143,23.919937615741475,11.210069722766624,10.95411481578129,5.245457532449058,12
306.35714285714283,26.772444912692077,13.162488859248922,12.355436888785796,6.097838383396497,12
306.4285714285714,25.17367552949783,12.192216436526358,11.51905546704178,5.727777240378028,12
306.5,26.013192055288716,13.096138590954856,11.91603781790858,6.187483600438065,12
306.57142857142856,28.70437404603236,13.893211928776585,13.056618174908152,6.57434233946412,12
306.6428571428571,29.612215269151818,14.292289073404369,13.44974477119378,6.759082991104501,12
306.7142857142857,28.01471187959793,13.973140149756892,13.016965122322008,6.592239904531006,12
306.7857142857143,26.880250934455105,13.54941469296907,12.433162450855916,6.385282615327027,12
306.85714285714283,26.339629648779148,12.700076104526666,12.05833218045296,5.914329476936243,12
306.9285714285714,26.986654316363076,11.84788694922645,12.180002565073965,5.4795184382801825,12
307.0,25.098576194731617,11.88729886254652,11.265467357739524,5.5089619845122195,12
307.07142857142856,24.483240258834865,10.664777497501246,10.870928913733175,4.82215381950356,12
307.1428571428571,23.155996809790192,10.171976501337152,10.357189218657913,4.529976484555773,12
307.2142857142857,23.73416238458229,10.286005542229555,10.615054037306347,4.689839128178581,12
307.2857142857143,21.831652262171488,11.160242304552316,9.91724084166647,4.996490703197165,12
307.35714285714283,19.351337581990396,8.564746529264161,8.629793694692431,3.807043039711766,12
307.4285714285714,17.114682061797385,8.282326040695727,7.60735268393278,3.733953195161859,12
307.5,16.987926606459997,8.207836309021241,7.642947280177765,3.659726444344501,12
307.57142857142856,15.77348692821596,7.516499090441663,6.899123930926669,3.389163745614939,12
307.6428571428571,6.445437183687735,2.296492318031504,2.8243104875204885,1.0191240719452763,12
307.7142857142857,11.706855707137969,7.706264627516308,5.416404196043603,3.4749176969376423,12
307.7857142857143,10.903702008074404,6.036923038855845,4.866218660439405,2.693995081288307,12
307.85714285714283,8.919945303685457,5.526522304725438,3.944334456692215,2.4574811826991554,12
307.9285714285714,14.40667709204993,6.949074071174144,6.35388736769149,3.1258623810003883,12
308.0,12.635125118237816,5.928869258079398,5.6133440024325685,2.6887385274608238,12
308.07142857142856,12.448618555788315,5.939280012792389,5.823412019132115,2.6767654631270577,12
308.1428571428571,11.320287766073351,5.144162320355007,5.091697068866811,2.338371503990452,12
308.2142857142857,11.996794877018557,5.38086414282138,5.624824553311523,2.3574376892963635,12
308.2857142857143,13.996821823837147,5.897204361613104,6.294105695676074,2.6822787007126756,12
308.35714285714283,14.731709590066119,6.003999865914761,6.57999276586799,2.8038913711637528,12
308.4285714285714,15.371872462909144,6.627560670444967,7.067733569079437,3.097241672537089,12
308.5,14.24535156295759,6.6466920412988735,6.624891637305388,3.1713014241401805,12
308.57142857142856,15.75921428852274,6.830224882846101,7.223706025553944,3.3300838846049525,12
308.6428571428571,14.146916005551518,7.107185701343193,6.5718508089915835,3.435882089343329,12
308.7142857142857,16.250842211296987,7.773827413843592,7.640735710953113,3.773969419593247,12
308.7857142857143,16.810104514020995,8.962393658174218,8.174954234536752,4.380606062051924,12
308.85714285714283,17.76026701075133,9.013097095526861,8.447638973114621,4.419729728149082,12
308.9285714285714,16.06873930075215,10.108009477489125,7.625279923883063,5.011913393861488,12
309.0,19.899362822471787,9.740727843914655,8.775620435745653,4.668342289250637,12
309.07142857142856,20.079057948422726,10.374201862703222,9.154121374756718,5.020939267667772,12
309.1428571428571,21.599248063732997,9.993627563139574,9.77030676842649,4.836821194638239,12
309.2142857142857,19.855623912231266,11.398593137985534,9.428530058283288,5.563815804399796,12
309.2857142857143,22.311224192875475,10.31906654188059,10.099493106648895,4.868122760237499,12
309.35714285714283,23.626399063140656,10.35829989995269,10.68629601244644,4.850101973984088,12
309.4285714285714,20.162778368116427,10.249135843814576,9.477413001893563,4.823049310371659,12
309.5,19.607290539028668,10.02352511785104,9.363301287051176,4.652511916101153,12
309.57142857142856,23.640263933575138,9.511437415664503,10.668145316951389,4.281781817114988,12
309.6428571428571,24.28442157858036,9.641231699932268,10.62844971133702,4.127612639613535,12
309.7142857142857,21.92004512358172,9.275986654146545,9.525097894149845,3.9625492519487038,12
309.7857142857143,20.014681991364803,9.081691144335547,8.682194602156947,3.9770596946191397,12
309.85714285714283,17.001262585610778,8.789349109216312,7.677065624961933,3.856139966485882,12
309.9285714285714,17.99022381592663,9.09619457475213,7.982480205966638,4.013736775120202,12
310.0,20.811174579141934,9.586518872871395,9.478922250902544,4.211591547891071,12
310.07142857142856,21.919732487413423,10.847815537727447,9.849488468290282,4.793287129963309,12
310.1428571428571,25.93255953444851,12.572819449935027,12.015538133091507,5.769762806660116,12
310.2142857142857,27.08597392731865,12.866016856596943,12.110914907288889,5.976107189842022,12
310.2857142857143,23.999791390573122,11.780132642230834,10.902772064429055,5.451477944057532,12
310.35714285714283,26.975743938899516,12.1318910875129,12.2131822303339,5.593440459903999,12
310.4285714285714,23.588919056735907,11.20051315618179,10.700953877553262,5.0199101588398936,12
310.5,21.778404432166013,11.293665605464685,9.83491503483561,5.148764935564471,12
310.57142857142856,23.20645331222943,11.324745972329021,10.30803177739123,5.133676122610716,12
310.6428571428571,20.380287710362786,10.711109588798912,9.30340906074161,4.901629405074797,12
310.7142857142857,21.087160349956136,10.202875091498418,9.529718009399945,4.581038444818412,12
310.7857142857143,9.683567246323296,4.659534733257678,4.363773404903349,2.161368986043694,12
310.85714285714283,20.703384857108038,10.464088740612494,9.353500070548776,4.670720177744257,12
310.9285714285714,19.775349580603873,10.179211754932748,8.674640689678627,4.48377812077074,12
311.0,12.43998161460446,4.9154035259765925,5.9281719333468645,1.8946283025789734,12
311.07142857142856,18.490554589502846,9.666175713941978,8.126942148424924,4.19759687649558,12
311.1428571428571,18.633842529431213,9.363291774800675,8.26364997716469,3.993607500488048,12
311.2142857142857,19.350916135311667,8.505949213328421,8.555529650842189,3.688527739374239,12
311.2857142857143,18.651899679162224,8.084249716712625,8.313403805437735,3.4224241710012606,12
311.35714285714283,15.967662425039125,7.516067773796664,7.16989190087472,3.2277122066449064,12
311.4285714285714,16.867935055783704,7.209077380314091,7.666090158250532,3.13676238720678,12
311.5,16.77016705779354,6.846277349451533,7.3331682151408195,3.008628619038068,12
311.57142857142856,10.880742387712308,4.576144652792872,4.868963267290972,1.924749968261373,12
311.6428571428571,17.23743223532666,7.1955050675613546,7.755762764529754,3.2244752869154065,12
311.7142857142857,17.61550050346459,6.633052647072256,7.684541038443348,2.97272858421834,12
311.7857142857143,10.91398569116486,4.5798804859135345,4.695215903118299,2.019493097289283,12
311.85714285714283,14.15784172362333,5.692702548730073,6.1678958380583655,2.51606748783169,12
311.9285714285714,12.614478541892426,4.825103188634851,5.57052326041315,1.991965559381728,12
312.0,16.01524855661793,5.795381608400074,7.420808600512594,2.5740207302169953,12
312.07142857142856,11.423461815368078,4.299761527732088,5.332858203430022,1.9199727976676642,12
312.1428571428571,13.819708469014138,5.787268564885165,6.045523719047148,2.5568144222375087,12
312.2142857142857,13.700962223021193,5.389941531786871,6.361581431468777,2.415890657983095,12
312.2857142857143,10.616291817811629,4.255865361211446,4.6256397277047565,1.7877110076104887,12
312.35714285714283,11.239606886453894,5.133563780601224,5.218553881556616,2.4484251236821395,12
312.4285714285714,16.478890870317603,6.929487554672351,7.246893459781187,3.039391549614928,12
312.5,16.440724385699756,6.605194124064991,7.07503708166938,2.9017271333865815,12
312.57142857142856,17.04604638373385,7.01158799749946,7.4134974921455665,3.12138854701542,12
312.6428571428571,13.803945274913987,6.862765986257246,5.9633677771818405,3.1526681157667977,12
312.7142857142857,13.929694468140887,6.693218901228242,6.326073840875332,3.2018980183685826,12
312.7857142857143,13.28973124623305,6.418969739383268,6.506843102187924,3.074152650778661,12
312.85714285714283,17.424455816732472,6.5534735727254,8.475013489631992,3.0386810594598086,12
312.9285714285714,9.888462190914092,4.662149828060125,4.3414933769779855,1.8139356696594815,12
313.0,8.241831285990283,4.246603345420074,4.112821208204861,1.713450744482521,12
313.07142857142856,15.67196047679532,6.989874804420229,7.322450706683244,3.239594858329509,12
313.1428571428571,13.366719925612381,6.517705226997306,6.65083397839384,3.120672232424452,12
313.2142857142857,13.341642395908574,6.728767245572625,6.2218345572162095,3.197908377481695,12
313.2857142857143,13.340714589647234,7.449543703555948,6.3266212297986755,3.6131879102407414,12
313.35714285714283,12.652970594460612,6.64270681168163,6.180787718647968,3.2095538488694486,12
313.4285714285714,12.988814819039238,7.389211693014209,6.289129123936122,3.6341675105829494,12
313.5,14.194879867176276,7.382177442228393,6.755763449655451,3.6077880805642257,12
313.57142857142856,14.231867437853763,7.3489172713298,6.735444020167671,3.573812145920198,12
313.6428571428571,14.716205254656998,8.13730885687112,6.990611866338383,3.9864654560436916,12
313.7142857142857,14.85139949719134,8.316725605791765,6.8717824833394525,4.068006377452188,12
313.7857142857143,15.941652994774046,8.237633744442684,7.891769209769555,4.001617754361944,12
313.85714285714283,16.77725628310161,7.548775873931353,8.323677311869227,3.628032757541004,12
313.9285714285714,15.270056750557151,7.416583626897822,7.212081915174915,3.53471999735883,12
314.0,15.099782852718091,7.327714461373823,7.185261658760674,3.5046223719566942,12
314.07142857142856,14.225249930941075,6.871687131405193,6.897381940160685,3.2253090253816525,12
314.1428571428571,12.396313562161014,5.81911632630802,6.034351348480297,2.714724260068169,12
314.2142857142857,12.04788811608711,5.505338039979185,5.713811528025662,2.534075904062875,12
314.2857142857143,9.523157118401363,4.790299097996965,4.182073750096381,2.111349731906722,12
314.35714285714283,8.582410546278037,4.717806070718708,3.6526513866678956,2.1118710423722553,12
314.4285714285714,11.41437121396676,5.060516668598792,5.503412949472314,2.3691330289140513,12
314.5,11.424172643833634,5.459210235278813,5.144165702178256,2.4811367575532226,12
314.57142857142856,13.79923239230964,7.0862910244915716,6.436596877703005,3.3817534600281585,12
314.6428571428571,12.947917428253804,7.023976771894939,6.076496454609863,3.365351960789948,12
314.7142857142857,16.30689852063311,9.287380920918203,7.600188081565893,4.514713552718918,12
314.7857142857143,17.8004147495834,9.935103070235636,8.556919850069276,4.838256866283599,12
314.85714285714283,18.499165682290975,10.485993553088347,8.914407224263988,5.113859122153172,12
314.9285714285714,20.133898500304323,10.630759133997149,10.059882079716703,5.189618248786197,12
315.0,22.048769309934567,12.340872657071012,10.935110031922738,6.0430829859381285,12
315.07142857142856,21.864520897865855,12.631148200587573,10.68138139017828,6.225720104809548,12
315.1428571428571,20.608078331154935,11.463991601253895,10.098348032744624,5.644729725589905,12
315.2142857142857,20.909897925272674,12.272698808214301,10.18419456735946,6.077817324391827,12
315.2857142857143,18.71483496985628,11.932875568939593,8.834894797896006,5.908340393866533,12
315.35714285714283,19.04852108502796,11.319448496648466,8.951255798228786,5.605154583652192,12
315.4285714285714,16.671876117915435,10.557415230380581,7.855760654928688,5.237302783231069,12
315.5,18.18256001442037,9.95483551852745,8.882552997971535,4.93558853733604,12
315.57142857142856,14.955744309559789,8.366573911656635,7.195592261485235,4.172905746847231,12
315.6428571428571,14.179157856495458,9.173483398911513,6.519691065502427,4.576497607004709,12
315.7142857142857,10.586710746790986,5.696709535799101,4.740181574899823,2.8037820446169555,12
315.7857142857143,13.530369138648835,6.168536969850168,6.501391431044019,3.02454445946553,12
315.85714285714283,9.532000473750267,5.5703540500769195,4.274407724295211,2.7487976743714846,12
315.9285714285714,10.355211242693931,5.48571776666313,5.168379174872151,2.756959288034402,12
316.0,8.091596530604635,3.2712265183908658,3.466996017143125,1.5503122426754672,12
316.07142857142856,7.647597184031941,3.362214416194106,3.2936717821385004,1.5873291874123445,12
316.1428571428571,10.008436512879628,5.174469643525867,4.629931163069205,2.494265826089773,12
316.2142857142857,9.802488899521633,3.332960144179255,4.563996042336585,1.5660675147492724,12
316.2857142857143,11.790765184926116,3.8934799072963484,5.504831105593784,1.64133260762099,12
316.35714285714283,9.929527471188754,4.238432736671572,4.450913026896258,1.774248362998237,12
316.4285714285714,10.055703752411603,3.870522065056913,4.725840814955305,1.748274476125345,12
316.5,12.061936658071112,4.39879248153266,5.807616990139831,2.0705904342042607,12
316.57142857142856,9.873223878427707,4.359014533268188,4.707888269616124,1.9299167514336475,12
316.6428571428571,10.900745421234632,4.3958487159540605,4.616306732181527,1.7013924017948496,12
316.7142857142857,10.87632657920333,4.264826040024759,4.7751095726020045,1.7301916568272782,12
316.7857142857143,13.804555270855763,3.955767784113153,6.535384152840101,1.5278182062905727,12
316.85714285714283,9.871437975971459,3.9059670572650713,4.322083232380719,1.6418860550189434,12
316.9285714285714,9.851562560863284,3.925190274039156,4.607906563381176,1.583760845379144,12
317.0,14.071834034483574,4.204256150570269,6.60182032776087,1.8935907640698235,12
317.07142857142856,16.66650488747997,4.735648829231801,8.177665032835534,2.0762983950892844,12
317.1428571428571,15.013247118588653,4.99854810962434,7.263291617737911,2.1838094656746474,12
317.2142857142857,14.703657911881626,4.718779659075248,6.742166456787905,2.100421085518334,12
317.2857142857143,15.24846001626769,4.926131360004584,6.976281687346182,2.1638796457617104,12
317.35714285714283,14.707043683877217,4.821933248637925,6.947550913477645,2.188394973638274,12
317.4285714285714,14.507129384692005,5.481094673891824,6.669048465573931,2.526406719059401,12
317.5,17.028900100752853,5.764220474206685,7.848371037005902,2.729572570813638,12
317.57142857142856,14.511164840378,6.382128345032973,7.0456149166462945,3.1151620740644055,12
317.6428571428571,14.6751410364366,6.1878323377203355,6.9238737445143785,3.0167910467270307,12
317.7142857142857,14.651342043682918,7.000273190051006,6.81841880262557,3.415431418247625,12
317.7857142857143,13.579007890095015,7.01111576258487,6.201835294471217,3.4045657887254355,12
317.85714285714283,15.861937031491708,7.136360623831107,7.851486505054374,3.5609511278064048,12
317.9285714285714,16.3071428138588,8.389280670280396,8.303437766226287,4.193465271129247,12
318.0,17.501241028051407,7.1278854454650284,8.31489912859246,3.465744397504497,12
318.07142857142856,18.9061134658099,7.711384911379921,9.168032206369714,3.688998191613195,12
318.1428571428571,16.43001669257704,7.380279946838758,7.789249058037329,3.6013063620170014,12
318.2142857142857,17.54647651366145,8.640057235161445,8.354055498973342,4.221399821501566,12
318.2857142857143,16.806429841108557,7.9820656586963565,7.721372845338001,3.873230289481098,12
318.35714285714283,18.63524252549638,8.39358282587616,8.887780328305034,4.077634839836555,12
318.4285714285714,13.83090973791581,7.616556464565497,6.682344311670056,3.746587038511923,12
318.5,17.52494434597298,6.836807646877432,8.25443987508136,3.2377892461056943,12
318.57142857142856,16.14398190626966,7.240575767199323,7.819026131452609,3.49152305222755,12
318.6428571428571,14.081214852240109,5.568414574674519,6.7862421847236165,2.60405043426972,12
318.7142857142857,9.079948045487363,3.5750074850563367,3.9241980047160943,1.5663737824135526,12
318.7857142857143,7.940013561818833,3.227327004351165,4.0197667411660545,1.5132000522881597,12
318.85714285714283,8.859773100499512,3.4600599552619538,4.5245189212354955,1.8024734636206394,12
318.9285714285714,10.387752930598399,3.9275329188994643,5.127488940589118,1.853304003381526,12
319.0,11.511050688305401,4.469451698411225,5.379169999839892,2.1064789397017503,12
319.07142857142856,11.9073649151984,4.403963277649062,6.080438163533565,2.1090780833828573,12
319.1428571428571,14.67070501129628,6.012279238174348,7.253689707287967,2.859810800548692,12
319.2142857142857,17.539882032342405,6.3423760410991825,8.47937494497539,3.006605745649827,12
319.2857142857143,12.79212757608663,5.766765989177454,6.090243720185518,2.8916027146982155,12
319.35714285714283,15.459584665442947,6.3049243957420975,7.828772278627876,3.0802078001598083,12
319.4285714285714,13.778013856010965,7.0077999364550685,7.197801602888092,3.4417414971396565,12
319.5,13.043461397482211,7.658576319066152,6.757151027111698,3.789814810385735,12
319.57142857142856,15.139148273516277,8.178966440453227,7.361586005958097,4.062783348409382,12
319.6428571428571,17.15550134978426,9.84549116078724,8.845618131386047,4.892549772041088,12
319.7142857142857,15.561852369017332,8.696638387685159,7.4862442640056255,4.2948119057902,12
319.7857142857143,12.661142624542508,6.542854313917815,6.166931000121071,3.2272692515383277,12
319.85714285714283,19.44128794810247,9.873243425673175,9.294290355003591,4.472599496101217,12
319.9285714285714,12.502293330441391,5.320585722978555,6.146837640091527,2.5708212633310046,12
320.0,13.009908974844285,4.825134831408776,6.292495337866786,2.2648874477740164,12
320.07142857142856,16.85863994145257,7.3724330177918675,8.125298404011286,3.3057273865571055,12
320.1428571428571,8.335487201814841,3.6429745221838323,3.7793634660632387,1.7681876050632126,12
320.2142857142857,26.01550567238447,14.901462994341033,11.161547360869498,6.15608486098944,12
320.2857142857143,13.001741313170733,7.841766204302356,6.534728064201732,3.9423267317043815,12
320.35714285714283,15.368622800847211,5.313326804213425,7.649261883185748,2.5598050849413263,12
320.4285714285714,10.605600633965846,5.326085295878771,5.545364457238733,2.6422265189138288,12
320.5,14.418101174344718,5.847924308810084,7.593275843509022,2.8743973398790077,12
320.57142857142856,9.958245700400665,3.9603843565238277,4.746776837220548,1.8527783016246473,12
320.6428571428571,11.313076828528052,3.026516902573914,5.4404406947267345,1.427245895964404,12
320.7142857142857,10.541998609902572,4.877610545397441,5.011664492334294,2.4013887652650947,12
320.7857142857143,10.556990773816421,4.815714719583216,5.39582193082281,2.386548300138755,12
320.85714285714283,8.615230474243116,4.655909872703609,4.4946068391783625,2.349091373581029,12
320.9285714285714,8.912806263261539,2.952066557596991,4.311543701871797,1.4398669041808967,12
321.0,7.395705100723455,2.406963306496847,3.6026683187383917,1.2335299497654257,12
321.07142857142856,12.923443690617956,5.016401902297999,6.190695484136588,2.3401279307900786,12
321.1428571428571,8.652345413371366,4.556323285250774,3.91144491280876,2.2172864968667176,12
321.2142857142857,5.659715584510093,2.2983171353949268,2.5700961906882047,1.0687326782031943,12
321.2857142857143,8.85114952162772,4.649116918705451,4.0892223100776715,2.266690735168496,12
321.35714285714283,6.654180068027907,3.6475690086883654,3.136629715075064,1.7583523599117232,12
321.4285714285714,19.758412410411193,9.883201005607184,9.43614481455114,4.414151381526032,12
321.5,18.62613323684916,10.843791386888027,8.688702602857886,4.89632510588341,12
321.57142857142856,17.917876864154056,8.567148297069204,8.37657901535562,3.953824359800463,12
321.6428571428571,17.73883640631905,9.310862897551784,8.385672465383609,4.256422630973072,12
321.7142857142857,9.187231100528662,6.565458473319385,4.561722064106619,3.2741370568244292,12
321.7857142857143,11.134145388084859,6.5607198148084525,5.437130158398711,3.2525208947579785,12
321.85714285714283,17.735379305506182,8.940779212671565,8.270800277570785,4.201693348410891,12
321.9285714285714,20.134173782826633,9.932292317779567,9.576745493170058,4.651769408044054,12
322.0,17.51214514968354,9.965395571905773,8.312470273419912,4.720757746421135,12
322.07142857142856,17.98881677565529,10.777283217442138,8.672620023131593,5.092544098055453,12
322.1428571428571,12.111738506671209,9.903320573084642,6.299674420554061,5.017358846025476,12
322.2142857142857,15.554069335606437,10.700817725985488,7.72000648048459,5.337242007534432,12
322.2857142857143,16.658248801421927,10.153102444766507,8.516103371982396,5.000071006130741,12
322.35714285714283,15.1173213830416,9.416255351018586,7.507403103748735,4.655440902357977,12
322.4285714285714,16.816238174261112,10.412682556285388,7.975965653319639,5.151725005049595,12
322.5,16.53008629122759,11.056654601763402,8.674094218862878,5.530718324187759,12
322.57142857142856,19.642605207337823,10.634170226940052,9.896419449509104,5.195257559209471,12
322.6428571428571,14.056165940880907,9.35318175622003,7.169764408583606,4.639208444954779,12
322.7142857142857,14.25938716758548,9.500679146989071,6.995806224584817,4.722820264060904,12
322.7857142857143,12.056471469558693,10.124433486985653,5.96932386957795,5.085930528464708,12
322.85714285714283,12.528125002833532,9.245775134120137,6.43808641566356,4.66680574782555,12
322.9285714285714,10.76562977818191,8.793741110640795,5.46673635432442,4.4160212525580915,12
323.0,12.201597713894234,8.481475445625492,6.484162859300528,4.269174558247954,12
323.07142857142856,10.111420668153777,7.213777810022052,5.380997897121554,3.656771761225669,12
323.1428571428571,10.036451890735139,6.53890270435772,5.200445615651621,3.315493239398383,12
323.2142857142857,15.934532882799433,5.935425367037421,7.6977319187714395,2.801869434228084,12
323.2857142857143,11.760257021260806,4.6815149009345784,5.699220239859513,2.2598157651100914,12
323.35714285714283,6.460511627263335,2.6269502446741275,3.3466541095098643,1.258060318237607,12
323.4285714285714,10.102384384804616,3.8423561088825733,4.947416757761205,1.8287637249242679,12
323.5,13.452525459515522,6.075262358197842,6.44734914467791,2.7428057412683917,12
323.57142857142856,6.274268525951585,2.2102043226846213,3.238858027173439,1.1844127300363,12
323.6428571428571,10.398932555662862,3.156038076650416,4.877502577680919,1.463489581162808,12
323.7142857142857,9.9384635160323,3.1495480682304025,4.950247039331263,1.4977040211535135,12
323.7857142857143,15.27696612676035,6.896294768287589,7.316038725761112,3.070061501341249,12
323.85714285714283,17.85107664071221,7.581614857701083,8.639266986403838,3.467280914829565,12
323.9285714285714,14.162146706940886,6.247446943433172,6.86601384707613,2.9884617443482573,12
324.0,16.779500086980576,6.695225205130351,8.33871752575776,3.170455051433659,12
324.07142857142856,17.69729898691322,7.563832567301334,8.40578904042018,3.6111884454670338,12
324.1428571428571,19.61871801554697,8.161579754575847,9.580771587008128,3.8897394396061955,12
324.2142857142857,23.895807266642226,10.909924248586401,11.497939967226838,5.148332149271336,12
324.2857142857143,19.262131453661073,10.894677217425883,9.147196667975656,5.330700924933457,12
324.35714285714283,19.75127078936261,11.633607087407418,9.52657702217349,5.6775663460683665,12
324.4285714285714,20.88949587824994,12.455103381664456,10.031649852337692,6.079374639660103,12
324.5,22.299312765381405,12.637586001199162,10.516081009143758,6.181667139644493,12
324.57142857142856,22.334443556627118,12.839201396751957,10.53118250589198,6.283286455867213,12
324.6428571428571,25.762597409363945,14.695975133473295,12.879912688153476,7.2633729131305875,12
324.7142857142857,24.576990306424864,13.33589876343362,12.280457106319691,6.5689819828181175,12
324.7857142857143,26.89918716665673,12.320160724817889,13.097540452401207,5.931075517801674,12
324.85714285714283,25.66650930322635,12.657190265159,12.425314632661696,6.089531922281733,12
324.9285714285714,28.462440701602063,13.702898348597412,14.129993752572421,6.5988093440967095,12
325.0,25.34049598731899,11.616564940643267,12.176486525187205,5.55956092113126,12
325.07142857142856,25.820484126592408,13.016052415584646,12.24459041000484,6.2462683393482035,12
325.1428571428571,27.08922106897793,12.464487049179247,12.909538917344166,5.945800887923214,12
325.2142857142857,24.053010617350044,12.438080515446508,11.525371630057897,5.933850436013943,12
325.2857142857143,23.243369278123993,11.455004751422482,11.359237885151394,5.370032842890606,12
325.35714285714283,22.2302936588959,11.901938852001974,10.607372990764809,5.680890559625848,12
325.4285714285714,23.033071657821335,11.318097335821562,11.071350125165514,5.367000980947207,12
325.5,23.105769010785988,10.882872608902984,11.030967770868113,5.1546675023804776,12
325.57142857142856,18.25498405202125,9.213780051536997,8.761615634171385,4.372470144175912,12
325.6428571428571,19.307387959490516,8.777961949266192,9.133255469483286,4.106790089597936,12
325.7142857142857,22.7675326957245,10.351611419524822,10.625188732365432,4.784204356535963,12
325.7857142857143,11.44239777637461,5.484266791926298,5.415972750897781,2.4983616494762737,12
325.85714285714283,15.060126136282548,7.396552167086859,6.985459385601964,3.521284347671625,12
325.9285714285714,14.18246098679886,5.971627263657475,6.98158718957257,2.766757456057105,12
326.0,12.13715179890005,5.17474470288153,5.976860907652927,2.4188101625551766,12
326.07142857142856,14.116515102202008,4.666582781754251,7.012160870277359,2.0446433372744983,12
326.1428571428571,12.574063781584101,4.990134632342069,5.832655417139653,2.2952338709705615,12
326.2142857142857,13.835484724980871,5.217939023516807,6.477204230662553,2.400307000566365,12
326.2857142857143,11.517542116939426,4.889298502706228,5.500962993517764,2.19611986720451,12
326.35714285714283,8.441215110581227,4.46670457163497,3.9037414674395445,1.995855718129662,12
326.4285714285714,10.404474379929285,4.498136867735245,5.065390828146608,2.06337691930934,12
326.5,11.502491500357365,3.9414401834751382,5.7700251827382,1.762700065536218,12
326.57142857142856,11.360104285963665,4.563146931639639,5.4451480241950545,2.105441299963619,12
326.6428571428571,13.272850682118309,5.548593820632296,6.197917738365686,2.615863647158624,12
326.7142857142857,15.155342540963709,5.667339541331177,7.337925797293559,2.5301101760975415,12
326.7857142857143,16.3727815019359,5.250455119167609,8.10163983262058,2.3981532319739407,12
326.85714285714283,17.704801573825872,6.988920710644414,8.314172972575982,3.2292328349851642,12
326.9285714285714,17.409129813070518,7.1207828699298945,8.108988982977069,3.295400393469343,12
327.0,15.962647476390423,7.0123199542428445,7.39845548878547,3.2702578151141832,12
327.07142857142856,17.542881845500474,9.43161721378002,8.193178469211164,4.500917963821087,12
327.1428571428571,17.74081305503739,7.355658042495548,8.460510834341937,3.4426560990283583,12
327.2142857142857,15.840828320336106,7.626691254451814,7.641735062979415,3.5581878850488042,12
327.2857142857143,17.355363553112053,7.472808149902635,8.423179532631474,3.470999631798664,12
327.35714285714283,15.612522102323423,7.977594558122866,7.5014841739115985,3.7251188542009004,12
327.4285714285714,15.98513626684847,8.328065204355497,7.722216635808172,3.898307509354883,12
327.5,15.636287461657274,8.442273885158258,7.263949299142265,4.011906114419476,12
327.57142857142856,17.200050005645604,7.86867371194058,8.480938212206054,3.687165944238487,12
327.6428571428571,18.144960013769392,9.183273016009691,8.82118060906825,4.348226427965525,12
327.7142857142857,17.505464520379892,9.076930116066533,8.764606160540021,4.427200675356053,12
327.7857142857143,18.276718358956884,8.853046590203643,8.525330414648304,4.300172408227371,12
327.85714285714283,17.106453910037207,8.852154579505465,7.9706491999384115,4.346660223728124,12
327.9285714285714,16.68966181380512,8.288940872904709,8.365512759884718,4.051711247446554,12
328.0,16.880542534856925,8.471855547251419,8.169043798611328,4.148569216952166,12
328.07142857142856,17.852192081135282,8.768438360629276,8.756670995182652,4.266014763450191,12
328.1428571428571,19.765880155339364,8.605754396846596,9.830193241940943,4.211452204748846,12
328.2142857142857,18.296335125465646,9.563984347384938,8.785609596931769,4.688232599820132,12
328.2857142857143,20.283422194552156,9.763373496653077,9.77871915708278,4.782273461715069,12
328.35714285714283,18.117295342497,9.687768487748654,8.761574977497121,4.730054975461961,12
328.4285714285714,16.83363074970196,9.005384122012359,8.215098745158109,4.384895088993392,12
328.5,15.931602683144398,8.508074070177459,8.042988732077502,4.16238794830514,12
328.57142857142856,19.814302379693483,9.224679059013924,9.573599212671756,4.55353773468107,12
328.6428571428571,14.247204423227979,7.995362209169541,6.855111643856082,3.9175581233039294,12
328.7142857142857,15.608547310100347,7.249178550229442,7.8601790321500085,3.536516876405363,12
328.7857142857143,13.002541221090246,7.006331757491477,6.734160765647972,3.4557454854870073,12
328.85714285714283,10.584244729999407,6.076173452658731,5.154787527833524,2.962444488643545,12
328.9285714285714,8.998621702451166,4.4479453470251995,4.235984439771392,2.1435260054989906,12
329.0,8.037654321456435,3.668043551328915,3.827260698542155,1.7335545268733017,12
329.07142857142856,7.296042177848265,2.6587099591649,3.5718700732958393,1.2257536611904989,12
329.1428571428571,5.593166061857423,2.150765136585638,2.7289023809352777,0.9504773539943765,12
329.2142857142857,9.605228942229454,2.643058304578811,4.774579259440248,1.2722380089033976,12
329.2857142857143,8.602828809565844,2.5410177288630584,4.425921776597919,1.283807902123446,12
329.35714285714283,9.360505649140787,2.9093403457885363,4.487503048173509,1.404713866806077,12
329.4285714285714,9.376337951232635,3.999417593169745,4.341224064262707,1.9118681645507858,12
329.5,12.925757557621942,5.141045009286428,6.370005883214952,2.4901027630395682,12
329.57142857142856,10.65735346234826,5.342798170509013,5.200763503314733,2.668329220327946,12
329.6428571428571,9.92437556096172,6.337541891455014,4.699892660277627,3.1405878597944414,12
329.7142857142857,10.87681009624118,5.488300819232348,5.90462178939137,2.758505994454597,12
329.7857142857143,13.930672007591157,6.986396817710393,7.157001065909569,3.4657680609728527,12
329.85714285714283,10.283889399588817,7.7520050648147585,5.344534464779028,3.8539746176056364,12
329.9285714285714,9.377012672775829,6.119896069811851,4.61965118793658,3.013353128313304,12
330.0,9.325162002283264,6.948502541659728,4.830049171391454,3.471286383933968,12
330.07142857142856,10.044314145269595,6.057213369371071,4.739260760964749,2.9948705979901566,12
330.1428571428571,9.196539057605863,5.51182473934153,4.473547298526793,2.7279698246709034,12
330.2142857142857,8.66054526902238,5.928769259064304,4.362361586592553,2.961432868527717,12
330.2857142857143,10.724625930759274,5.196569459795714,5.083178218715921,2.5389450669136493,12
330.35714285714283,11.514363263304592,6.353999261794269,5.501330246849613,3.1135461670534736,12
330.4285714285714,11.72745239386055,5.9116590128730415,5.54442095878331,2.8733971419235123,12
330.5,6.084625591534505,2.839838299848424,2.709317059957597,1.2506192599018107,12
330.57142857142856,8.745081293252767,5.594043047129327,4.2525407617446565,2.7919758959535135,12
330.6428571428571,9.004820038336144,4.815354647090254,4.231400159047082,2.395444848674522,12
330.7142857142857,10.437095776362504,5.030158429453677,4.955260202809029,2.566008551006749,12
330.7857142857143,8.730179322900453,4.1676052251313065,4.204129627054302,2.0557326710805004,12
330.85714285714283,9.10987100453363,4.420720161628547,4.1103697940728505,2.111742185457437,12
330.9285714285714,10.533762406400935,5.1952221640450995,4.971655516224302,2.491420427697962,12
331.0,11.330447567291152,5.191262383419795,5.220712534872441,2.5183802916030325,12
331.07142857142856,10.531393130085762,5.474813180297792,4.96930082391315,2.647370194525918,12
331.1428571428571,10.255568789471916,4.903181885609366,4.78348278597859,2.357436089223163,12
331.2142857142857,10.980651851716972,4.615822588621368,5.104834637226503,2.223818514786681,12
331.2857142857143,10.278396361647923,3.730054317547861,4.7354123478327015,1.7960417377916524,12
331.35714285714283,12.39931446895942,5.433458114048551,6.182525240980345,2.507474145648499,12
331.4285714285714,8.372064586614814,3.6947140815091273,4.128699047632568,1.8365263771803533,12
331.5,10.032205490915599,4.056680637424211,4.968548398981439,1.891318987810987,12
331.57142857142856,6.108557828549913,1.7875085584364423,3.078823935174481,0.8851656789997532,12
331.6428571428571,8.966446433825114,3.0999674424298846,4.606018772391697,1.4818610875889244,12
331.7142857142857,8.792695815160869,3.362709425046237,4.13536452642697,1.5215402003832936,12
331.7857142857143,5.922963749008053,2.401047486852481,2.9222373858933013,1.2189999518522288,12
331.85714285714283,6.639529804301056,2.570606872281732,3.239655211378473,1.2541052100053707,12
331.9285714285714,6.680014395063137,2.776738521869419,3.121948771005081,1.3746405288446173,12
332.0,6.897398699098223,3.047352175245431,2.9632978724390013,1.540081112830557,12
332.07142857142856,9.105812189655488,4.813503804124404,4.186539137393433,2.443213273886313,12
332.1428571428571,10.924697466301412,4.762892671316754,5.483324929864465,2.3930754050057357,12
332.2142857142857,9.165389724517626,2.7802083506234996,4.5122955438839565,1.421619231115077,12
332.2857142857143,9.49224553759213,3.0093963999413234,4.476703023690814,1.4969486264237615,12
332.35714285714283,21.925800754778617,10.190884529941352,10.564823189420881,4.544509172413824,12
332.4285714285714,12.040233116416688,5.991365784540452,5.693106950444776,2.9273325473074783,12
332.5,10.102024113120308,3.7355933346466763,5.094179826856918,1.809399560172852,12
332.57142857142856,14.14387303601739,7.252824062288845,7.343983016909727,3.585187111407694,12
332.6428571428571,15.902315495522013,7.084459865794677,7.806659136125671,3.4561417307833704,12
332.7142857142857,13.482951816882698,5.800100996754447,6.653324084410309,2.7860126226755386,12
332.7857142857143,15.695695093234178,7.7428485158876335,7.682741771610239,3.6377742081670044,12
332.85714285714283,12.967604088070024,6.0213251220258694,6.419321185061498,2.9835698627701617,12
332.9285714285714,14.900480471678755,6.848212128397354,7.186878109100771,3.2442985469917085,12
333.0,17.046262260884216,7.846773864150895,7.755036445605376,3.6777994078744425,12
333.07142857142856,11.519563545244791,6.392909444778773,5.410481581147792,3.1466927080607943,12
333.1428571428571,15.426073222839472,5.980592119932331,7.463806676330568,2.9143024575880077,12
333.2142857142857,14.538424735568059,6.590176781986634,6.921837811559397,3.193637821266062,12
333.2857142857143,11.701141371026312,6.937003290729368,5.729361168034302,3.4450144467698944,12
333.35714285714283,15.311205741495641,7.703201248969264,7.274776880711164,3.5882415021218197,12
333.4285714285714,12.94109828993417,7.066879359952663,6.520546998328336,3.551929836945088,12
333.5,14.624952256688811,6.718351257622542,7.710769505094163,3.35109654519141,12
333.57142857142856,13.011254920797638,5.729378463604133,6.456935678813947,2.7815677519558895,12
333.6428571428571,14.786996967706175,6.597708027463274,7.2314359307829665,3.28421882437573,12
333.7142857142857,15.483411391582734,7.544482289868887,7.43128456140124,3.7682412915157024,12
333.7857142857143,17.893472057855856,6.689695737931983,8.831736913116016,3.168491379865528,12
333.85714285714283,14.306813619651948,6.852107330582702,6.599958884453939,3.317712453722942,12
333.9285714285714,14.47642171793394,5.78693570250131,6.892681614354772,2.7418400899732207,12
334.0,14.822431858582,6.248055471070202,6.610748782617124,2.974849818096884,12
334.07142857142856,11.282033271346767,6.435411452076303,5.198170867417946,3.049989784263365,12
334.1428571428571,11.120863710402471,6.1233304368488355,4.828462311550752,2.9100190641939174,12
334.2142857142857,12.390542985543686,5.156755253929142,5.688667426948231,2.4030644331682267,12
334.2857142857143,14.564659636942615,5.153750559432272,6.831947528243805,2.29678188608766,12
334.35714285714283,13.80780757219535,4.899141796218876,7.007041200204413,2.282161297568043,12
334.4285714285714,19.801311037538508,7.576508005546218,8.920773935981652,3.327626489955916,12
334.5,8.956764632324774,3.877555944046465,3.8193070372369715,1.5400730494175463,12
334.57142857142856,12.787704980796859,3.722059194696534,5.964094269691669,1.713262550507153,12
334.6428571428571,8.143688712488634,3.731193603828011,3.736781842242795,1.7258092872165811,12
334.7142857142857,9.710810149187768,3.3559404650995885,4.474452679123669,1.5106364682031947,12
334.7857142857143,11.293653249243881,3.3841493952115207,5.175548675150963,1.5123627003195608,12
334.85714285714283,9.852091897492421,3.117967290678859,4.2265449767421766,1.3708505557398734,12
334.9285714285714,9.063607764719197,3.437158407831964,3.9378662400473785,1.5833867884631432,12
335.0,9.097910552870072,3.806157136312213,4.054300992913783,1.7273032946835496,12
335.07142857142856,14.35595718954847,6.484639562349481,6.474907991548216,3.1448037879058,12
335.1428571428571,14.930162043445316,6.98119553948315,6.686077800501949,3.258076737060806,12
335.2142857142857,8.202760588357215,5.340289381387221,3.772338364762155,2.6818800113874754,12
335.2857142857143,11.760720394197694,7.1537462237801765,5.5987677392514685,3.6078428807775342,12
335.35714285714283,10.634633099177154,7.6620565202229995,5.166990000207233,3.87179120476735,12
335.4285714285714,12.862539023045418,7.696180804214577,6.608710574463005,3.8872563058345766,12
335.5,9.785522047531318,7.052718959758628,4.823564432630186,3.533103522500696,12
335.57142857142856,12.265218963606234,7.715564042930427,6.236391641437108,3.920783924033172,12
335.6428571428571,2.5256711868956487,0.7739231161845507,1.2974138245867866,0.409620145011377,12
335.7142857142857,10.609021842564983,5.405668359461479,5.070658667513354,2.759495717409377,12
335.7857142857143,11.025321218403024,5.600929661751894,5.370320529868188,2.754385647683822,12
335.85714285714283,10.294001666177147,5.527632002173889,4.6789840522975705,2.7794807368968724,12
335.9285714285714,10.84956150324616,4.917893425218189,5.2866704781969975,2.476460790818482,12
336.0,12.001164687586378,5.016871627679869,5.6982112153955145,2.5547328272973844,12
336.07142857142856,10.071801422937453,4.973272171555781,4.862899945368556,2.4934512712302532,12
336.1428571428571,8.656320304040884,3.096051618436186,4.057559076846288,1.621099479846329,12
336.2142857142857,7.415724157600204,3.5394604534209946,3.6724234761815397,1.8075878211587326,12
336.2857142857143,5.458998783665735,2.2119383880969075,2.5070023265486543,1.0332613348898938,12
336.35714285714283,5.023883883719524,2.52158313004333,2.2245892395730804,1.175555753805815,12
336.4285714285714,9.277474619508736,2.245042396964463,4.303449782664456,1.0573705905934656,12
336.5,5.889898586186653,2.187948363611108,2.581764520992687,0.9529263528677855,12
336.57142857142856,5.841815121552978,2.399712979079166,2.8254040127230096,1.1104506258496991,12
336.6428571428571,11.858990254004501,4.795744547909057,5.367442199456527,2.1238527168730665,12
336.7142857142857,12.130661251026536,4.374772603025751,5.593720675057176,1.9778753762209862,12
336.7857142857143,10.786602924453979,4.468128915181227,4.916105057228768,1.922007393817374,12
336.85714285714283,9.536410281064684,4.542158347223875,4.074762572741473,1.9839991221694402,12
336.9285714285714,15.249058151850749,6.93192966721303,7.049219651110195,3.039592240464778,12
337.0,11.056653506052873,3.2672812245588787,4.906943596767076,1.4305821612371827,12
337.07142857142856,7.9438675616886165,2.89711202247893,3.9424177549826673,1.2741984608414032,12
337.1428571428571,9.035136398080542,3.032667713786204,4.237785415375413,1.4256636578660238,12
337.2142857142857,9.030071073988678,3.793274408365334,4.134087505884722,1.704764382304592,12
337.2857142857143,9.412017009541767,3.768039538748021,4.019934562078304,1.6364557624569718,12
337.35714285714283,13.248490267704126,6.013167916530418,5.879122524723366,2.6611558765073093,12
337.4285714285714,8.243270998646041,2.867396855120442,3.639797516852409,1.2949951848231387,12
337.5,7.236054515979783,2.9159186151369183,3.1349596981843004,1.2895184731693337,12
337.57142857142856,11.382627344683657,3.595398332225192,4.929403837913836,1.6563140018443927,12
337.6428571428571,11.909801129833724,4.415981548512442,5.617112242420031,2.0179628157989495,12
337.7142857142857,9.684923571477524,4.223151804586837,4.521065569070116,2.040922284796571,12
337.7857142857143,12.191746481640251,4.478356073085173,5.603859305513912,2.09419832302439,12
337.85714285714283,12.168130079006003,5.223080274927602,5.405170645672837,2.5185207668113923,12
337.9285714285714,14.103217107137757,5.5793038670557875,6.475620042208357,2.6184389201531575,12
338.0,13.461125453900705,6.17518861191044,6.108830857877868,2.9559801940144528,12
338.07142857142856,14.841728181097785,5.98240131353361,7.0188753548541944,2.8156215086078635,12
338.1428571428571,12.75595495190595,6.418999196306814,5.888252794136741,3.108540349725275,12
338.2142857142857,14.37395183664461,6.143942121154822,6.482821319185715,2.948128917671597,12
338.2857142857143,11.444890623004467,5.3101725157856885,5.367560652100791,2.5604980299559705,12
338.35714285714283,14.984342591454677,6.434176141069149,7.012334729886723,3.103471427073029,12
338.4285714285714,12.815211320332764,6.159482899750281,6.135903634917541,2.9574699243356615,12
338.5,22.88301512637859,11.495647071156922,10.883190802249436,5.233963610339607,12
338.57142857142856,26.312932748157458,12.45464339013381,12.394640430111298,5.739582682906353,12
338.6428571428571,12.777223840874575,6.784474257807216,5.946887997681993,3.315128703787498,12
338.7142857142857,20.98016654315106,9.740670357466682,9.61210969647463,4.455783002060467,12
338.7857142857143,12.371525498589884,6.198835037119378,5.500936721136375,3.0503879811181798,12
338.85714285714283,10.22157096012346,5.126717429030044,4.852103009365586,2.4741893313568237,12
338.9285714285714,10.101401172426757,5.0001033955271845,4.642389398705108,2.417694785765421,12
339.0,9.37223256952034,4.5087043717922315,4.102227487169188,2.1423205721801666,12
339.07142857142856,9.395275213661755,4.647984930843522,4.324922663284727,2.231413467265796,12
339.1428571428571,12.085182771317626,4.026236020744321,5.5160691429371225,1.861282957460784,12
339.2142857142857,10.394425737140333,3.255776385863076,4.612425598611534,1.4361560089969607,12
339.2857142857143,8.578535791399958,3.0850406187209765,3.9654879277645576,1.4397709389382183,12
339.35714285714283,8.147708038590261,2.9449618318117134,3.6333330759207003,1.3584190588837055,12
339.4285714285714,7.638484153992673,2.5634043839172196,3.391699890141589,1.0710866242581116,12
339.5,7.285300885284393,2.3304741434633365,3.181178513699614,0.9604482925871115,12
339.57142857142856,11.936240925054129,3.3045007730140235,5.569668633980748,1.4383497061932764,12
339.6428571428571,11.964083312553038,5.183100010425186,5.486608438899738,2.4853794655084576,12
339.7142857142857,12.40668460997531,5.443232114582138,5.706898709815064,2.6449799439772814,12
339.7857142857143,12.99718599880275,5.672493234973839,6.063634757305599,2.712516033920297,12
339.85714285714283,14.253274493708302,7.243378130291864,6.932172774560828,3.5928386659144405,12
339.9285714285714,13.545450935131385,8.397708602203137,6.7079872841471415,4.207214742151406,12
340.0,11.329210431139966,6.118828391266912,5.2704147057267985,3.0033436538654263,12
340.07142857142856,11.368910336146952,6.9252915347754875,5.546221652507077,3.40728466935197,12
340.1428571428571,12.698742052124489,6.95553668726881,5.83105175418545,3.424841874840838,12
340.2142857142857,14.394077355687346,6.503749492565412,6.50900705585606,3.1537122043694725,12
340.2857142857143,13.100223952511065,7.053602104375232,6.000804871874519,3.4396017482229655,12
340.35714285714283,17.135416354944674,7.423662453116024,7.941291046015746,3.623511532148768,12
340.4285714285714,18.494228337089684,7.4104679198759245,8.511173681645728,3.548762136216227,12
340.5,15.403806249943083,8.138294622808548,7.145062278364919,3.8973835027204964,12
340.57142857142856,20.173119977354666,7.806783394609285,9.567018918940178,3.661711785448882,12
340.6428571428571,15.757908352134082,6.576420914531214,7.5967553477200935,3.0442691139197082,12
340.7142857142857,16.086615708152156,7.152145895699018,7.493756589074436,3.3021045230635533,12
340.7857142857143,19.58931101105296,6.99329853945151,9.167658164070632,3.198844202406379,12
340.85714285714283,14.282606985501138,6.1771368656613355,6.723311646656653,2.8227348471870726,12
340.9285714285714,16.063842550116235,6.630236642609077,7.51343454530266,3.033399690510646,12
341.0,18.972354612198103,7.721300042058833,8.731762063585347,3.6995264128244143,12
341.07142857142856,16.159851804772995,7.078389629887066,7.669215163219452,3.39209473842194,12
341.1428571428571,13.96537671461625,7.036137612587775,6.605535521568343,3.40636389097064,12
341.2142857142857,15.172510325540175,6.755063766685944,7.111929301078945,3.2171600445210595,12
341.2857142857143,13.424506610294927,6.468263619454873,6.41369399504667,3.050432223996035,12
341.35714285714283,14.574980248553095,6.30850085621135,6.956543095632781,2.94327445736227,12
341.4285714285714,13.399403722055478,5.94206741323097,6.246530664264354,2.814177244621092,12
341.5,11.016511673553461,4.740317740859313,4.914752232823165,2.1441314800048836,12
341.57142857142856,11.306647759910966,4.313286681171245,5.229081304078149,1.9797816932497834,12
341.6428571428571,9.350435345926181,4.000598794718321,4.478694928305088,1.759042198017204,12
341.7142857142857,7.926495937068172,3.1927226183149435,3.676677934549305,1.4489737055661698,12
341.7857142857143,9.99785821782467,2.8305299730366484,4.563240409824555,1.2556239630663901,12
341.85714285714283,7.5900054822382605,2.6406045994809766,3.249275624314001,1.0808913560574709,12
341.9285714285714,6.252296481704949,2.458724486537465,2.82358448659999,0.996908042576759,12
342.0,6.7665320335916865,2.9711762899637417,2.968592608469866,1.1437106321483679,12
342.07142857142856,10.985109206609685,3.5566875792745174,5.133809873923603,1.430065557496853,12
342.1428571428571,11.120763186961407,3.424124215357753,4.996015460595867,1.372252718347094,12
342.2142857142857,10.830348376297279,2.9240955611772255,4.9951966657834825,1.1758068949178226,12
342.2857142857143,6.75449709049822,2.5992928231316155,3.002181631580899,0.9967010749744144,12
342.35714285714283,7.888640733794313,2.673192968748837,3.6596899354689247,1.0972996505541204,12
342.4285714285714,6.135159577669085,2.5063072453811457,3.0820520759910632,1.1442846176426684,12
342.5,5.7038985193794876,2.4259729638254397,2.8352827665389544,1.2018619056205397,12
342.57142857142856,7.704925728962519,3.0114752252504005,3.6951128360919583,1.416922190742829,12
342.6428571428571,6.786060859651849,3.067167807279797,3.4129542256326006,1.491646624143486,12
342.7142857142857,8.521131991449037,4.192390271706662,4.168971520432106,2.0303832667135455,12
342.7857142857143,9.51473235376801,4.649866211630212,4.397914722415959,2.283423955758458,12
342.85714285714283,10.470358825993245,6.113247350299289,4.9793103942596195,3.08108021284724,12
342.9285714285714,13.819109913464212,6.771974894873152,6.7113408200624765,3.406189251134051,12
343.0,12.210989269670494,7.5626740534091175,5.99473661698075,3.7733598802923383,12
343.07142857142856,18.083615010545138,7.702140106055479,8.600084790476393,3.786104433095782,12
343.1428571428571,15.200517788869023,8.408106217189635,7.728360333465128,4.175281617972532,12
343.2142857142857,14.063381340465668,9.378753001261323,7.1415319955969085,4.6678838898234165,12
343.2857142857143,14.743515080101622,10.25477797287965,7.195560810839494,5.1141907961383,12
343.35714285714283,16.754911467716408,10.830358224400426,8.621260644539028,5.373336346576164,12
343.4285714285714,17.256784506334824,10.940366052528141,8.578223913977634,5.455304864693252,12
343.5,15.98664362538324,10.785910607691525,7.8786278561963226,5.361184810765851,12
343.57142857142856,16.73950658883121,10.248973528956244,8.415746465795397,5.0774116357229735,12
343.6428571428571,16.283603724787408,9.96855987391302,8.040664832458729,4.956019523561992,12
343.7142857142857,14.107288182597342,9.39088066219157,7.161349388749467,4.658325174942272,12
343.7857142857143,13.476252329829087,8.999293012439379,6.355351310156356,4.470355339594025,12
343.85714285714283,13.621724327630009,9.107005255337638,6.490096567294114,4.551236342306257,12
343.9285714285714,13.73349465262113,7.160045774308676,6.7093664964929545,3.5112310377436105,12
344.0,10.975539132658637,6.379810793590329,5.342748306738046,3.1051918182725657,12
344.07142857142856,11.220445545886404,6.216437277110563,5.124390714334224,3.0164824620640154,12
344.1428571428571,16.72895945592053,5.5179576074176975,7.775977219919361,2.5146753331178493,12
344.2142857142857,11.104084975018653,4.563892460362447,5.321232897878763,2.116972303372493,12
344.2857142857143,12.366419984346981,4.312645167328242,5.7207812590218685,1.9405949865030747,12
344.35714285714283,10.348612659547758,3.8343183079691125,4.685626941828149,1.6892218033721853,12
344.4285714285714,9.009537465645504,3.40692461475317,4.241481640155393,1.4294393749658638,12
344.5,10.421446540229995,3.75948313582692,4.470492857009723,1.5860368574966592,12
344.57142857142856,11.095845327008481,3.7400902846884336,4.642428477064576,1.5527762601937554,12
344.6428571428571,12.568114573435286,4.260148421469953,5.474247735467411,1.7525545817425734,12
344.7142857142857,14.53798187370367,5.775829848711839,6.295784193584809,2.514570838716062,12
344.7857142857143,10.787423368917175,4.079927770379258,5.026222600790678,1.8151160466416432,12
344.85714285714283,12.657424562759509,5.999424524595566,5.717530913443353,2.6996092657006745,12
344.9285714285714,14.341094377370995,5.372166388017992,6.26641925127796,2.475632722449267,12
345.0,12.869687997679096,4.660019668431252,5.923047705934263,2.1816834367605518,12
345.07142857142856,14.218053752927132,5.041599605794664,6.51344090253209,2.453254304527068,12
345.1428571428571,12.266478343028643,5.5840931777461575,5.604591974772813,2.6718130961169506,12
345.2142857142857,11.07310456099957,5.775242820621315,5.03754076616521,2.8342012434518464,12
345.2857142857143,11.931982730839882,5.5223246834756665,5.532128067795896,2.681374047878319,12
345.35714285714283,11.81547289932714,5.466343566017117,5.357771775048462,2.668490801326022,12
345.4285714285714,6.829917799219967,3.0191598828012767,2.873366122620488,1.3357019839206326,12
345.5,9.418110012986103,4.870909243542799,4.413079511169795,2.4847297087877984,12
345.57142857142856,10.195170736460204,2.9371556075439313,4.6506552221435005,1.3791881299890043,12
345.6428571428571,10.83394823284718,4.411873800556158,5.495244376266848,2.164940661478178,12
345.7142857142857,5.435697534469482,1.6929811535846766,2.9806742399842943,0.9588826000498618,12
345.7857142857143,9.511571652062358,3.946268497181992,4.73934408811125,1.9835149678279598,12
345.85714285714283,8.510717281592285,3.6773295855538968,4.003814402369339,1.765796630554112,12
345.9285714285714,7.862359570654812,3.141237144386528,3.9641777882994305,1.609895746246317,12
346.0,8.621297077147908,3.804089970108985,4.212682813660406,1.8098710541540528,12
346.07142857142856,8.085505383993302,2.8985925225097677,3.8626726440112646,1.4631576863050386,12
346.1428571428571,4.756068532277838,2.1409491880846265,2.4098164149622106,1.044628617955607,12
346.2142857142857,7.402620269282099,2.153256069034759,3.4838848778098828,1.0712384314886851,12
346.2857142857143,7.279810358204301,2.038373380771752,3.5237248104568364,1.007972888174111,12
346.35714285714283,4.410370884331405,0.9621882434743577,1.780481503004878,0.4385734626469043,12
346.4285714285714,8.06039232456412,2.626282290901743,4.035685549837563,1.2485791486748528,12
346.5,6.515072110435153,2.066857666279597,2.8255001329951592,1.0611482094163966,12
346.57142857142856,7.27018344342014,1.8715973298827553,3.4875748643378417,0.9840044108340243,12
346.6428571428571,6.576211728872591,1.695480935771312,3.4538022397641064,1.0146028303619057,12
346.7142857142857,6.2972129961755945,1.7654980954595187,3.4914507402267736,0.95805198808766,12
346.7857142857143,5.010110639959071,1.6892078134337243,2.8174328800218054,1.0498268123304977,12
346.85714285714283,7.45586289549902,2.412179000190419,3.2877285974259505,1.1344508116829757,12
346.9285714285714,6.033717054907981,2.174467443089247,2.6752175843123585,0.9997634261057402,12
347.0,4.351326422052709,1.5926862749606696,1.848549045481108,0.744421083909634,12
347.07142857142856,5.90108766353491,2.868684697450325,2.7566641873267725,1.3551927706193774,12
347.1428571428571,8.134414757260222,3.4430484163209814,4.051384797470719,1.7124041645377261,12
347.2142857142857,7.41269326478648,3.4151571074215514,3.396599503777685,1.6236988467294127,12
347.2857142857143,8.598226534056016,4.162188327245349,3.9513677155702616,1.9936323888213887,12
347.35714285714283,10.213745436604258,4.034017647855024,4.7489650208921415,2.0310458535778113,12
347.4285714285714,9.721488773962509,4.000594697713526,4.35605136033867,1.9679417532164083,12
347.5,10.355634104000483,4.365829534933479,5.163133486310337,2.1514936954417174,12
347.57142857142856,11.199199872819852,4.597573065241173,5.535370633126634,2.2726136765637808,12
347.6428571428571,11.320250574370872,4.614818885827623,5.644338656137377,2.257559809256879,12
347.7142857142857,11.428949515935287,5.57845020815316,6.052960272107059,2.776968686249405,12
347.7857142857143,12.945972966886108,5.656086223140904,6.337334776827731,2.8390359799534926,12
347.85714285714283,11.346899137742973,5.451809938497884,5.636645396946347,2.7033868466953455,12
347.9285714285714,9.979064733198358,5.769118316048216,5.147490223353925,2.899745476151221,12
348.0,9.641647503258524,5.5281581241363495,4.642372078260349,2.75036756842733,12
348.07142857142856,10.232785932984173,6.574990535172839,4.8460829370129765,3.2676615878518507,12
348.1428571428571,13.531844294600342,6.410568141099889,6.589270370876707,3.1439451097397537,12
348.2142857142857,10.826824622869486,6.056313912217359,5.547844481776995,3.0509252444393016,12
348.2857142857143,12.47661450443083,5.5040023797883935,5.977243984700391,2.7307436419758133,12
348.35714285714283,12.081628251645629,5.779995568316326,5.8596833468654665,2.9018863909081185,12
348.4285714285714,13.472747120597292,5.351874797540567,6.557010709557934,2.653859607945099,12
348.5,9.422078851621826,5.211396732578444,4.615180223248124,2.574385848025509,12
348.57142857142856,10.334489978679153,4.702797009558609,4.978598396638138,2.2799093104365435,12
348.6428571428571,8.581138907845398,4.0037582154629,4.059948278621846,2.0119888369742873,12
348.7142857142857,7.1163137925539015,3.230031358469657,3.6424486169181285,1.5863261033686342,12
348.7857142857143,8.24107403385939,3.0531849545896623,3.5449448478562475,1.4621331039710874,12
348.85714285714283,6.3608021709777836,2.069334841130595,2.8300079049305853,0.9782639615679894,12
348.9285714285714,10.611590881238055,4.863558564418301,4.691542927025469,2.157432422154335,12
349.0,7.151851634545398,2.0732650967855193,3.4803362743273984,0.9921061787369453,12
349.07142857142856,7.931092148492669,1.7466033144114441,3.63594255896921,0.8406711317299541,12
349.1428571428571,10.301662170300895,2.3685694261877894,4.991342631801412,1.07592433621492,12
349.2142857142857,15.242998172272658,8.41608518958446,6.855149698849619,3.7532965388934,12
349.2857142857143,8.93575278847938,3.086297697561396,4.086049378370491,1.381868120948574,12
349.35714285714283,7.4790070940765805,2.621090148006653,3.4727723394479333,1.0708239137387325,12
349.4285714285714,11.409215409040348,4.211887869280454,5.407544976843223,1.9374616780286467,12
349.5,9.117629308167109,4.830251838593499,4.3259013890527624,2.348045702490834,12
349.57142857142856,8.653317028567923,4.525797905590855,4.20308553804469,2.218464104092086,12
349.6428571428571,10.793737258502155,5.2237991226216325,5.091582863652266,2.602847584631477,12
349.7142857142857,11.061382756414096,5.96379997457677,5.352926967332209,2.929786580720257,12
349.7857142857143,11.38970264377459,6.298566766897798,5.387233161403328,3.129785179558868,12
349.85714285714283,12.66223078579978,6.582480192836791,5.97538446572001,3.271021819185448,12
349.9285714285714,13.558600795077432,6.721868564710409,6.408516022178622,3.340719165289167,12
350.0,11.352453893572957,6.792664478182949,5.539061059297317,3.3803128296351983,12
350.07142857142856,12.060211131182582,6.958357790176329,5.698357961668988,3.4883463698299373,12
350.1428571428571,12.72168094820759,7.0750313254294035,6.025418341094058,3.512279684193487,12
350.2142857142857,15.912817689954853,6.986729590731625,7.798653978981906,3.4130161266865784,12
350.2857142857143,15.263408578034749,7.3734452325520135,7.081036710530843,3.7123960068516,12
350.35714285714283,14.914926820008064,6.690062940459882,7.109764673366973,3.3500731162089177,12
350.4285714285714,13.26289171835922,7.021617642402004,6.3279506282679225,3.4893074834708915,12
350.5,15.568298113829508,6.60361399506902,7.235446472885869,3.213212166392754,12
350.57142857142856,16.098633782601492,8.282002700410569,7.8510714167813775,4.088149732869974,12
350.6428571428571,15.489464631257318,7.977474998197169,7.582854701022827,3.9311165683075817,12
350.7142857142857,15.112198900623572,8.145169362654071,7.306866214353974,4.025735571618155,12
350.7857142857143,14.865878918070344,7.588259983379181,7.266361588353489,3.713495630128087,12
350.85714285714283,15.488794980207748,7.383812418976446,7.413466380236588,3.6246368487819365,12
350.9285714285714,15.970862665830017,7.551789998909579,7.697697277880573,3.669058029478755,12
351.0,16.097313195010795,7.365396751572294,7.273664153827666,3.6247577314814934,12
351.07142857142856,15.488808310729203,7.4255906494330155,7.049996619141115,3.6527546855405957,12
351.1428571428571,14.88870795294573,7.8139148515944346,7.131371690669477,3.75563423465987,12
351.2142857142857,20.659024134337454,9.25928972524861,10.014310812702876,4.281670045687794,12
351.2857142857143,13.419290737278079,6.693608214153133,6.403876313795888,3.340362447836195,12
351.35714285714283,12.941582139028696,6.201114825956713,6.08761927140279,3.0715700232390493,12
351.4285714285714,12.664798618280638,6.1525704907067995,5.950053652123553,3.0460943963327485,12
351.5,10.245695004814339,5.351031969136687,5.052812714681389,2.637425945251146,12
351.57142857142856,12.403169088121862,4.90727468098741,5.755435292026187,2.3490987275434985,12
351.6428571428571,10.68181665288688,4.0636035232103165,5.355422300800302,2.023652069795256,12
351.7142857142857,12.07747712830819,4.076515268199467,5.864771019605824,1.8860732093578407,12
351.7857142857143,8.6469696984569,3.226423147864249,4.226240307485962,1.4665383846818998,12
351.85714285714283,8.865522278256604,2.9690647907133805,4.25564114797346,1.396106165126917,12
351.9285714285714,4.665735906018295,1.5983672165509362,2.4878326070265357,0.8553792613946509,12
352.0,7.579682088081859,1.9623176890191871,3.6422212492205532,0.950320009974408,12
352.07142857142856,5.072171730225919,1.7838263633937277,2.888606609122797,1.0701211069377188,12
352.1428571428571,7.452398680852284,2.535698208314859,3.6383073096683036,1.2603439775521206,12
352.2142857142857,12.259637692534007,3.1900394960437564,5.8483815509530785,1.4516809809343294,12
352.2857142857143,9.665829764265752,3.060767445355216,4.423008681339225,1.3924184689786836,12
352.35714285714283,8.716367972150838,3.395112768975828,4.03567706395258,1.636016153623074,12
352.4285714285714,10.831970551725425,4.34285799251561,4.932170661502371,2.0572133983487673,12
352.5,12.613565798537275,5.335744571760284,5.81952394851743,2.5389193863712913,12
352.57142857142856,13.906814650512642,5.754340123776704,6.585674436965631,2.7559188380771023,12
352.6428571428571,13.488257581429979,6.551765029439917,6.771031809183208,3.240606428899779,12
352.7142857142857,17.49495767754976,6.774185100847713,8.201464664227101,3.319989476449642,12
352.7857142857143,16.62616571668966,7.149810306758087,7.9308409992522995,3.5238202578725173,12
352.85714285714283,17.6256938616461,7.708726946650484,7.913782896838046,3.7986470894714874,12
352.9285714285714,13.97024066183183,7.457982909864633,6.93954255433182,3.6936507700095564,12
353.0,19.440234210518636,8.526904350073318,8.909837042770913,4.227092094117486,12
353.07142857142856,15.307172193137662,8.08358578512602,7.281863508529097,3.9442227730672035,12
353.1428571428571,17.662357725348524,9.206638303907273,8.537324344866132,4.545045273968243,12
353.2142857142857,18.344033004189935,8.213922269951759,8.599344545149059,4.0460772122083855,12
353.2857142857143,17.912459200043713,9.74710550338157,8.54902499163014,4.848351229400669,12
353.35714285714283,14.853582159452408,8.607159596874855,7.150319288138616,4.271289109469468,12
353.4285714285714,13.920569691581777,8.907134974715783,6.4144994390427765,4.433313280502213,12
353.5,14.863251079919175,7.536405853058981,7.232164977186224,3.6828181193256544,12
353.57142857142856,15.133601196048618,7.552078474923005,6.993528130117827,3.7366683202397177,12
353.6428571428571,13.231182127147,6.733266795972982,6.4646880699506175,3.303616107434888,12
353.7142857142857,12.675496686579187,6.438167211661407,6.336699770406967,3.1737222108460483,12
353.7857142857143,10.865240523896892,5.966619427847991,5.0621623763147365,2.9208492550712797,12
353.85714285714283,11.912732273286492,5.184880178508866,5.986977113572056,2.5235412257885588,12
353.9285714285714,12.029404614400562,5.035097630519701,5.94363917419556,2.411744523401845,12
354.0,13.70829571477274,4.367274252684751,6.072876791958304,1.9994558716533486,12
354.07142857142856,11.41059682035372,4.065545143320841,5.467016258881797,1.892482556729549,12
354.1428571428571,10.528295476344168,3.4858320822558015,4.892014877469892,1.5603571667973595,12
354.2142857142857,10.98648444483033,3.291691279076939,4.915406137047966,1.4164876984564436,12
354.2857142857143,9.38737074709781,3.025854766971283,4.486110854659457,1.3271942866336122,12
354.35714285714283,9.814947745254711,3.261981052143296,4.505945380842915,1.4440137770125479,12
354.4285714285714,11.613040298205854,3.525558251940574,5.205919148215007,1.4939018142931997,12
354.5,11.667248417902805,4.748298841766349,5.116702173057953,2.122177772451254,12
354.57142857142856,11.800951123981278,4.446744802154609,5.18267850312845,1.815123003474789,12
354.6428571428571,11.579240721740387,4.522987072132437,5.075472464335921,1.912394275995995,12
354.7142857142857,14.011955197152037,4.589888764341045,6.369954127603609,1.9349717100772341,12
354.7857142857143,14.124214857624262,4.237036489130612,6.359227723492155,1.864249647151591,12
354.85714285714283,13.431321812324008,3.8711583924165565,6.073026809927788,1.6988108796792627,12
354.9285714285714,14.122178973181164,4.116625229004004,6.538019481499972,1.8083601636986175,12
355.0,14.099808260322627,3.7983531401210335,6.307880801735859,1.6838883747047506,12
355.07142857142856,13.160130074955442,4.019069887736663,6.068948041964156,1.7802713724029966,12
355.1428571428571,11.12965745143841,3.7101019136996145,5.061624513584757,1.6925645250811086,12
355.2142857142857,9.61655344470731,3.3710952293640766,4.323269543847134,1.4059814387466723,12
355.2857142857143,6.7241178085708295,2.5880449010046527,3.06449421940042,1.1628886388947923,12
355.35714285714283,7.932502891844354,3.42371007401579,3.6178294072168127,1.7125557447166022,12
355.4285714285714,10.486624127707412,3.854656487624092,4.709482799360114,1.780320294625611,12
355.5,5.648089518657279,2.715899516710506,2.4110181061548244,1.205997797305265,12
355.57142857142856,7.4480574329737,3.1162059135392464,3.439599987239772,1.3687287033458977,12
355.6428571428571,5.7486275820057875,3.2525324397105537,2.750169523076521,1.6264710376068943,12
355.7142857142857,9.519502532877473,3.9252127434698987,4.343271675479641,1.8880071069217177,12
355.7857142857143,7.9906577593084105,2.7934685381098308,3.5548648652574197,1.1406042369305056,12
355.85714285714283,6.78344176181484,2.590993652982493,3.105121400447583,1.085667414039683,12
355.9285714285714,12.42036037468326,3.829795273595304,5.227558598686242,1.8343067175978824,12
356.0,8.635080004003159,3.027305951924327,4.137663186331315,1.4386601044511889,12
356.07142857142856,8.849822858150121,3.2979912307738037,4.30169341856711,1.5029230228916064,12
356.1428571428571,13.742324432493552,5.01035746190809,6.358330485019269,2.1427785019266485,12
356.2142857142857,9.01164959427714,3.6607568806600965,3.9500726070882815,1.4113547144122758,12
356.2857142857143,10.126265306202699,3.99945396105482,4.308439854424557,1.6823573948658181,12
356.35714285714283,9.3882764512681,4.118188795333776,4.087358481340377,1.7217551728858138,12
356.4285714285714,8.216859998779514,4.0395605175056595,3.4667888642856326,1.614875544092678,12
356.5,14.824485349551443,5.754496531274709,6.364680002743379,2.4530068100693487,12
356.57142857142856,15.66595081189651,5.5275772874324565,8.179789295869176,3.140570470604566,12
356.6428571428571,10.634178112532698,4.526278666660886,4.723199661455307,1.811923119769106,12
356.7142857142857,8.255493740066498,3.467983512168589,3.6517282363600705,1.3237459496024018,12
356.7857142857143,7.845964859636233,3.3466362010162247,3.452470077867912,1.32053757020578,12
356.85714285714283,12.090890910524745,5.031422680012255,5.516493091259131,2.1722983997372354,12
356.9285714285714,10.598037527826662,3.620872204821812,4.429186784793148,1.674418508368331,12
357.0,10.207696635777124,3.491197955778514,4.817765015020188,1.4866190720944372,12
357.07142857142856,10.583217127995619,4.271121086369267,5.068093618752827,1.9300369361807488,12
357.1428571428571,13.358289099510843,5.030460480656404,5.838354872483203,2.2269760129491822,12
357.2142857142857,15.273782407257068,5.272286651001925,7.061676163177361,2.325956116747922,12
357.2857142857143,15.042346936906556,5.389125233729846,7.185444875316085,2.4003095134009493,12
357.35714285714283,13.7479924376536,4.946079522178906,6.268230057088861,2.2413498437754846,12
357.4285714285714,12.135021787104805,4.562601143013414,5.715794758739746,2.168694258069512,12
357.5,13.548375716124077,5.629611644943159,6.043273821862544,2.587901035509064,12
357.57142857142856,14.38986932420321,5.469450411093381,7.875746046741749,3.129070648243881,12
357.6428571428571,13.484204215630179,4.899223998778641,6.282749371397037,2.3869608861894025,12
357.7142857142857,13.774465762923795,5.3272072999775055,6.3704077838108875,2.5585436957178262,12
357.7857142857143,12.182446334617211,5.676994573671346,5.754379933099283,2.7017531490708775,12
357.85714285714283,14.106158407925482,6.217551562849289,6.8831973657557155,2.9618837491686567,12
357.9285714285714,13.515058716260647,5.4718410438303335,6.245211608163978,2.701495962452055,12
358.0,13.345726201984014,6.2377816126101475,6.725496939324873,3.035860819432826,12
358.07142857142856,13.146426801914352,6.010491530752229,6.216199101361661,2.8358912454002234,12
358.1428571428571,13.749221168594312,5.515611914030312,6.62339781401422,2.6967773996090703,12
358.2142857142857,11.0406724793756,5.821830097509386,5.3765742250631945,2.8497516916096295,12
358.2857142857143,10.835971443613555,6.199371062043957,5.298727376362595,3.110383002951717,12
358.35714285714283,11.992801466094589,5.787071510041978,5.874907562826715,2.892308773684404,12
358.4285714285714,10.076057867003096,5.772345708092608,4.82462994756958,2.8788476832351058,12
358.5,12.837035871135912,5.251813435365179,6.043878106814822,2.595205224470685,12
358.57142857142856,11.835655452868709,4.871478029494786,5.5623120339756795,2.3910062287374134,12
358.6428571428571,10.291474314407802,4.207115610777021,4.529240040768184,2.0510120974259594,12
358.7142857142857,8.805528874773001,3.644974013352508,3.892482193397449,1.8028657903870677,12
358.7857142857143,7.970197445900904,3.1169067053641646,3.833241387108953,1.530490774522996,12
358.85714285714283,7.78769484492346,3.0801902603253426,3.377228225010509,1.4724286961485802,12
358.9285714285714,6.709896829488275,2.428953746387805,3.1988444561574143,1.1644762555073231,12
359.0,5.137200329839214,1.9388225641974177,2.4379611066063798,0.926498255184093,12
359.07142857142856,6.349817317410995,2.0741203560425636,2.8052665143924274,0.9128325882264526,12
359.1428571428571,4.23365549371628,0.8701072624696201,1.8784369962828622,0.3711759601203324,12
359.2142857142857,4.2386002229788105,1.3396471279005817,1.9009021620514956,0.5343802751503318,12
359.2857142857143,5.931630042446693,1.9102326651368247,2.559203559235438,0.7683941866349203,12
359.35714285714283,8.84744905457102,2.825465547880269,3.968705516123359,1.1580049740762957,12
359.4285714285714,7.16015522432289,2.458725534179561,3.0894072212390884,1.1403190915142019,12
359.5,8.645576812807358,3.2896631013326982,3.847782012194409,1.5448871798223187,12
359.57142857142856,9.355142041754414,3.7716785075949266,4.352621574489121,1.785366075757234,12
359.6428571428571,8.412222892978276,3.6728783806851304,3.7891705681846974,1.757901533426242,12
359.7142857142857,4.96431082906148,2.0556399696788867,2.025112098413268,0.8010793267613655,12
359.7857142857143,7.500095246440724,3.130443089208709,3.1907851060063743,1.4150355338463174,12
359.85714285714283,12.67064488111012,5.7346047500762305,5.861737500648661,2.7579172002469785,12
359.9285714285714,13.483509013958034,6.323243800879463,6.31705638887515,3.054129953433181,12
360.0,12.440181395388434,6.454093089352126,5.98118092816774,3.1427978890289903,12
360.07142857142856,12.579465822505048,6.808173628821956,5.805528232502396,3.2713607540326426,12
360.1428571428571,11.726022527341314,6.849230879652959,5.457349569083249,3.330092519720573,12
360.2142857142857,5.786853020751942,2.4177297390549604,2.4278541977437196,0.9289002731656097,12
360.2857142857143,12.485875893565956,6.42001023559285,5.902510967668669,3.08394801729437,12
360.3571428571428,7.002393292284757,3.378755631411386,2.980737828155539,1.386160960211355,12
360.4285714285714,5.631501451549403,2.351580317589251,2.2608283676122634,0.8999846199623556,12
360.5,8.33866086085716,3.9892668640468285,3.6366927775352758,1.622701417311735,12
360.57142857142856,7.693386470698481,3.54986038967296,3.1819606585241935,1.5103655015104274,12
360.6428571428571,12.319743241417122,6.001261932310002,5.813118939721538,2.866878214611059,12
360.7142857142857,11.326847649290414,5.540091682353596,5.268533378913787,2.6880246665712715,12
360.7857142857143,9.825803477303497,5.368110735647997,4.505531529361446,2.6264345197920167,12
360.8571428571428,9.684708412281836,4.996233582061698,4.423576874575269,2.477080157641822,12
360.9285714285714,8.103556119466145,3.080982219051425,4.014537848890324,1.3393116552818969,12
361.0,12.838209688942179,5.2346551337235265,5.93368570448851,2.5016475107521816,12
361.07142857142856,12.070551897414594,4.959623892373398,5.639679939855923,2.3487265980756558,12
361.1428571428571,11.649932045481682,4.612959486135518,5.5741268859215065,2.1733770734241795,12
361.2142857142857,10.58405786352059,4.271506286771385,4.786095669821107,2.064830127991161,12
361.2857142857143,12.91445593220596,4.931126085582138,5.961169560944873,2.267950715424142,12
361.3571428571428,12.431304686085838,4.1270117237966195,5.982228000920716,1.9580636412507169,12
361.4285714285714,10.705357575905474,3.8835791203777026,5.12317203502161,1.8518139792348602,12
361.5,5.453187898891174,1.645294782607588,3.1937227787598963,1.037082488940921,12
361.57142857142856,10.556983953388123,3.5202175920293586,5.078290216066667,1.6900658651298393,12
361.6428571428571,8.806090991700282,3.6041823607296513,4.325945099240027,1.795817818750464,12
361.7142857142857,10.268287355251529,3.0035700641722256,5.243912715689419,1.5341351827598437,12
361.7857142857143,6.8176788727371616,2.868728272728539,3.4897543887373246,1.4502520171178714,12
361.8571428571428,10.49035773597201,3.0814225704239067,5.1788664578490575,1.478972389267615,12
361.9285714285714,7.197330585356826,2.521759010946186,3.7252971431712436,1.270490435456109,12
362.0,6.922629421941843,2.402791465688836,3.4329276422689334,1.2230417488021814,12
362.07142857142856,6.953028374333787,2.3274058006595495,3.491226512382605,1.172820337590766,12
362.1428571428571,6.573299390374969,2.155874406003116,3.071318853446593,0.959171121639538,12
362.2142857142857,7.658365029794703,2.457838969472451,3.5130229414863123,1.225060006304738,12
362.2857142857143,6.751976071812989,2.3902598014552625,3.211931970540682,1.0637891735645408,12
362.3571428571428,5.640069058236118,2.1496948602567185,2.9927490665930345,1.1462913656329499,12
362.4285714285714,6.128758275845095,2.0801684816194417,2.960518937479964,1.0398044578236418,12
362.5,6.078718940138533,2.1763309160753033,3.02887220370455,0.9834164845247974,12
362.57142857142856,5.946768956721126,2.3003817199873255,2.7359006774938464,1.0197969521888666,12
362.6428571428571,5.170890407203556,1.902354259304401,2.2295294939929122,0.6929961289515206,12
362.7142857142857,7.242596259806156,2.571308018943667,3.559509867300908,1.1729353550028137,12
362.7857142857143,6.285208802806999,2.4178840919230313,2.861053860581484,1.095863637537061,12
362.8571428571428,4.276579030520987,1.3234423878547839,1.934279331295157,0.5994281225764454,12
362.9285714285714,6.179906016843884,2.05196979011519,2.7573584383919956,0.8935656184494195,12
363.0,6.76480501554781,2.584596130780741,3.0377570606483064,1.1546517188548462,12
363.07142857142856,10.395414391730927,3.604755145235139,4.661184947765862,1.5948119069920563,12
363.1428571428571,9.069123291219265,4.22593087542367,4.365207753045017,2.0886272088101943,12
363.2142857142857,14.782223513545215,5.262797395168657,7.519163240497456,2.588005555644436,12
363.2857142857143,10.273026936118862,4.766676799829072,5.018741869175974,2.3174674762463177,12
363.3571428571428,9.407305627040387,6.499522997449948,4.620423606321703,3.2558550762310907,12
363.4285714285714,10.913503523788565,6.510547825004297,5.190498791721306,3.251408180468458,12
363.5,11.501436995330188,5.786090675740503,5.679538038881951,2.883343909644678,12
363.57142857142856,14.430717623070564,6.416458577528115,7.052863735157208,3.125078946732911,12
363.6428571428571,12.172316455956567,6.346567229078888,6.057474306410072,3.14844213787406,12
363.7142857142857,13.470936233693626,7.202891008011109,6.664461507949383,3.564435694053883,12
363.7857142857143,13.22305155351993,7.0972626740136056,6.501556272432606,3.515938691079231,12
363.8571428571428,14.37959439226544,7.286420311422275,7.201135644088044,3.6028069819578503,12
363.9285714285714,21.38176688907788,11.245796405014627,10.703778257445663,5.173195241621319,12
364.0,12.718961880612662,6.922647387394113,6.348804111041278,3.468841506878496,12
364.07142857142856,14.986653970865163,7.126936472333831,7.479561099027503,3.465676008663504,12
364.1428571428571,20.085893741073008,10.252993797274529,9.487600611609441,4.71134788579764,12
364.2142857142857,10.643781010680724,5.0863090186645,5.161029481808554,2.524230820070248,12
364.2857142857143,10.929947164042234,4.958238550485474,5.130877959566183,2.4401774400266194,12
364.3571428571428,18.684701302677077,9.77393073287147,8.648349493935955,4.43460499731226,12
364.4285714285714,10.037171377232154,4.224409363322384,4.312563580901965,2.0761358604281286,12
364.5,9.114583633730929,3.7743688354587723,4.306125157336357,1.8713397086297217,12
364.57142857142856,12.806991748786954,4.287707885748096,5.982638454884329,2.0383797446482714,12
364.6428571428571,6.586916063297514,2.933194575908584,3.046793259782365,1.4131212046767858,12
364.7142857142857,10.345871311832257,3.0861819895026126,4.709528827445775,1.4686607949602686,12
364.7857142857143,6.839127291591729,2.276676028182764,3.3611951675580527,1.1366487875993863,12
364.8571428571428,5.001547924379717,1.7257939489230218,2.7658661744941444,1.017236667072344,12
364.9285714285714,9.698346587956161,3.073810931995526,4.5480771447266894,1.35763840363268,12
365.0,8.419527288459772,2.8733730559660895,3.785285732939053,1.2895748513465146,12
365.07142857142856,11.211358867784064,2.977072304298546,5.725810855819933,1.381309238021137,12
365.1428571428571,10.10149531099728,3.1562535797254045,4.833739059565506,1.4896784074172786,12
365.2142857142857,7.742353886298955,3.3580754991998396,3.46304772048736,1.5609344370251523,12
365.2857142857143,8.469018154091215,3.508886757155719,3.9641979523964057,1.6271822312864692,12
365.3571428571428,11.307659734777245,4.187780157593551,5.134096127932346,1.9311430128840412,12
365.4285714285714,10.36407589102584,3.825956111862346,4.783076756150606,1.7764834675939145,12
365.5,9.419088675771585,3.8292637686981914,4.3488297668738785,1.80843154179731,12
365.57142857142856,10.360653076529035,4.189314131651429,4.650614581744337,1.9483013246058665,12
365.6428571428571,11.236810864725003,3.8970896975153906,5.326027666661017,1.8526486061224754,12
365.71428571428567,9.157097828102987,3.8531590796248953,4.055314769076754,1.8360893704365724,12
365.7857142857143,13.78354758265551,6.438484899563116,6.615278668845094,2.9198968743796168,12
365.8571428571428,10.83673002222663,3.450616159359653,4.869190637428658,1.7031115936600307,12
365.9285714285714,7.150984147150276,3.257698367801736,3.3275644500488393,1.5576079302939998,12
366.0,6.194715502643753,3.3629631740873362,2.9341815188695493,1.6561955046864476,12
366.07142857142856,9.059497006286401,3.7502153544119956,4.207082313235377,1.746026500890917,12
366.1428571428571,6.490119822684123,3.3797729744346054,3.104453652545935,1.6458641364809792,12
366.21428571428567,7.32503122424352,3.6183874749288023,3.4785279938738554,1.7877317542782223,12
366.2857142857143,6.278199453087385,3.508703382346543,2.8917883803338507,1.7083403280358702,12
366.3571428571428,8.64465417016286,3.8438762865986598,3.902174041137448,1.8678323187071981,12
366.4285714285714,4.313403303410957,1.3837053809074753,1.7704621788500348,0.6644447846098483,12
366.5,9.579992454478964,4.544650250036772,4.704552159938223,2.2789459887088634,12
366.57142857142856,9.397759837163719,4.814889132302952,4.279360739230484,2.374040047858885,12
366.6428571428571,5.144542553516688,2.3379887505045436,2.5099674779653816,1.1710242230117507,12
366.71428571428567,9.3118302331192,4.712335393301414,4.80268459652119,2.358747857603398,12
366.7857142857143,8.119613093434591,4.318743333807731,3.6231580461477226,2.1189019956125645,12
366.8571428571428,4.257504269043483,1.413475994162988,1.77460748105579,0.5695265294576436,12
366.9285714285714,2.7303642960504697,1.114141715859181,1.1318827461410674,0.47998138384048994,12
367.0,6.434424966620273,3.8045201786667726,3.0800531137508353,1.8677501972290644,12
367.07142857142856,7.338668560326216,3.9495348663069327,3.5090580232557476,1.9227480442675882,12
367.1428571428571,5.241394139591876,3.371984058534155,2.3341794040230552,1.6911195801775414,12
367.21428571428567,6.287384871459717,3.309068590592056,3.052355541107035,1.6679590157184994,12
367.2857142857143,8.101850174014528,3.5794058151659525,3.8362310882008632,1.7346962168670044,12
367.3571428571428,8.269055005707996,3.235104091858911,3.9815230510196127,1.6261478420836972,12
367.4285714285714,7.549373084401559,2.622521556144747,3.8059146116925118,1.3780690540022051,12
367.5,8.676784267190834,2.4540894116768563,4.020632484431601,1.23547881580003,12
367.57142857142856,5.196809232805342,1.9364228416986775,2.699883781969354,1.034940069855623,12
367.6428571428571,5.450642514261403,2.344662394470493,2.5932188619495857,1.096468704465631,12
367.71428571428567,5.323530960357015,2.125334295371944,2.238564039534701,1.0422659810603674,12
367.7857142857143,6.290877649594535,2.180873002178736,2.7901993202203546,1.0705578884292422,12
367.8571428571428,8.585252764907422,2.8539078782843688,4.048171863142871,1.3932323624146665,12
367.9285714285714,5.7862656021410315,3.0741380796867124,2.7476357812908083,1.526525514839874,12
368.0,7.638648465756869,2.031694301413642,3.493208496794582,1.0172056903122753,12
368.07142857142856,6.387817099115736,2.5935420366173316,3.196780993185701,1.356434876284586,12
368.1428571428571,5.739566909098432,2.2690700392622527,2.436042230523266,1.1297918116893981,12
368.21428571428567,5.8054602345065325,2.0391817098824987,2.596979161333581,0.9567907417100373,12
368.2857142857143,9.23267841163618,3.641721689826144,4.32410533193522,1.6116063050079485,12
368.3571428571428,3.776309681097813,1.065807027602804,1.7572648927769547,0.6051661194178397,12
368.4285714285714,7.235464128463991,1.7624334919419422,3.82556823445251,1.0488168074345394,12
368.5,7.340068796648975,2.1513330811931466,3.404582046009358,0.9375260756264754,12
368.57142857142856,6.049031830822448,2.5222193718749484,2.4852855286088267,1.1132759431621966,12
368.6428571428571,12.110954121977619,7.936022726874807,5.288743160071693,3.5571136375326033,12
368.71428571428567,9.036417802713835,4.731525001285847,4.055543347658234,2.1088852415460977,12
368.7857142857143,14.46810005422195,7.947696740610246,6.853035324633215,3.5396608410293005,12
368.8571428571428,9.24454663582945,4.216276624776362,4.293436999271918,1.9433672747244388,12
368.9285714285714,11.120741158574464,6.863698888077425,4.887538790452996,3.094326157439269,12
369.0,6.993029114389473,2.9340183404712428,3.0640516597566707,1.2608275463313259,12
369.07142857142856,6.787211760843738,2.066331674510145,3.3402969941539933,1.0835892990396632,12
369.1428571428571,11.522911441698966,6.510513210600084,5.2630556036306775,2.9737326736142387,12
369.21428571428567,10.138676147411806,3.83062750040198,4.435053838098221,1.7864180100800018,12
369.2857142857143,15.679987771802182,6.683697530611332,7.296486359950177,3.051641502168718,12
369.3571428571428,13.10127584114216,5.331858840431899,6.360815940975862,2.579547604918034,12
369.4285714285714,10.512647622027101,5.5010471862049375,4.915457242955908,2.721735388303503,12
369.5,19.102062390800175,7.250001993479044,9.084074943834644,3.40732134907072,12
369.57142857142856,15.714780784065569,6.938173479793846,7.37398911608744,3.4347056130758715,12
369.6428571428571,12.121463317866592,7.101177164593577,6.137057473223672,3.526609534075571,12
369.71428571428567,6.36096922613566,2.0138375180442507,2.6667882698826437,1.0572497184914926,12
369.7857142857143,13.354278115300088,9.462211074843907,6.49174635542018,4.7329279688375765,12
369.8571428571428,17.828015877958876,9.846134808928865,8.407465473536183,4.959184247221353,12
369.9285714285714,21.176658626598932,10.841868909326715,10.047762507856513,5.2383655922686065,12
370.0,20.785895206181078,11.22333797464431,9.742056086775666,5.412530986431191,12
370.07142857142856,16.035663730442682,10.830124123120596,7.6686738181544225,5.410469341432538,12
370.1428571428571,16.342585664976454,10.367190957084357,7.699649583733712,5.176149413875562,12
370.21428571428567,17.63571979682827,9.865552832643049,8.356606909547018,4.949233353385745,12
370.2857142857143,13.50979581249994,8.267977206138363,6.599056582564329,4.11672720997003,12
370.3571428571428,14.889497222045115,8.675241445644685,7.319000278372391,4.339099201413742,12
370.4285714285714,14.452588805686519,7.689097406466333,6.6344013346383015,3.795637259408608,12
370.5,11.975324082009381,7.4110384265944615,5.794601413354763,3.6989818665813714,12
370.57142857142856,12.29713755090797,6.392011972729891,5.818157479827078,3.2467149902900534,12
370.6428571428571,10.512901288863576,5.819129614172134,4.709848611566214,2.9311970458536374,12
370.71428571428567,15.982979669462964,8.89179313460295,7.139011586556813,4.077287346231493,12
370.7857142857143,4.797298363965386,1.700429346230954,2.2456907978824256,0.7629724532748307,12
370.8571428571428,8.509766144192868,4.424360717611498,4.0449428565067995,2.0242664997510422,12
370.9285714285714,10.245134038185684,6.06749016307966,4.697965997248834,2.710969316142709,12
371.0,11.027980368823833,6.4687279740956445,4.872197397088123,2.9287615833235665,12
371.07142857142856,12.840124353432854,8.59281887964682,5.589587860680617,3.8913252601798347,12
371.1428571428571,5.992707153603741,1.7360957423062233,2.6510866424398896,0.9413518633747966,12
371.21428571428567,4.719475745440174,1.464353418661858,2.3227049934437423,0.895796033949726,12
371.2857142857143,12.847178327756675,3.9688857570958964,5.859485886743073,1.837036708952361,12
371.3571428571428,7.534882849793685,2.5854987232658737,3.4017888437491592,1.236118574145211,12
371.4285714285714,6.047086715340847,2.5404475902785295,2.8684816040132763,1.2873549164777705,12
371.5,6.130876940710522,1.9472233721227417,2.8513290084084835,1.045911116677731,12
371.57142857142856,5.031969450879033,1.809356645351177,2.2913818739780107,0.8359070182731887,12
371.6428571428571,8.128861437310992,3.3319056612897944,4.059805416329208,1.7464419785768268,12
371.71428571428567,7.8540599441371,3.1073018275192528,3.906752960469807,1.5952524432779696,12
371.7857142857143,8.951025478744508,2.8769485078038683,4.45978066204445,1.4328869789585459,12
371.8571428571428,11.593253850587296,3.435704840216182,5.633088714291925,1.5891777848489241,12
371.9285714285714,14.97553856053404,4.477704214279145,7.004385086449176,2.02212729942624,12
372.0,10.653848649821555,3.753033540555557,5.2423808257446085,1.879544448399091,12
372.07142857142856,10.010244004804257,3.612115747845539,4.868072992346518,1.8415752331620858,12
372.1428571428571,8.136332804555588,3.7163271142102987,3.933978030034345,1.8229360798822245,12
372.21428571428567,9.10339182689445,4.207740469779414,3.977625215238747,2.1066990619116703,12
372.2857142857143,12.184560479786276,4.957779691337191,5.880164155042729,2.414991925870535,12
372.3571428571428,6.352330586994774,2.302764339662988,2.7679743193220405,0.9872130697405833,12
372.4285714285714,11.898824918529401,4.819902894700525,5.661637018855259,2.390684177468154,12
372.5,7.650226195108942,1.9876476348318068,3.435207650247816,1.0039845196956048,12
372.57142857142856,5.389841308520179,1.8556040932879418,2.4359896303774393,0.9733435407403391,12
372.6428571428571,6.1572434885907645,1.9144928796886824,2.8738201813506206,1.0273620694149586,12
372.71428571428567,6.704860994344215,1.9523356186371503,3.3353555621660753,1.0678874326726377,12
372.7857142857143,5.486027457565782,1.418596864500112,2.775330290265206,0.8910475104407153,12
372.8571428571428,7.617543433543418,2.1245714645047675,3.7862382042451714,1.1039222948896705,12
372.9285714285714,10.580903160615689,4.7729431460569725,5.186123064326963,2.409677597902707,12
373.0,6.411235943116628,4.593203715756682,3.201891226314062,2.3010578235264654,12
373.07142857142856,9.626464179153134,5.045854676776166,4.61051996059904,2.477297027586065,12
373.1428571428571,6.9972940400128,3.952118997327791,3.5907396470935637,2.001509405917288,12
373.21428571428567,8.784811436173976,3.8050404651979712,3.9407498170671724,1.8295006326326895,12
373.2857142857143,13.103075949924275,4.39367957096288,6.413432052039936,1.983096953022333,12
373.3571428571428,7.464627155181679,2.293068803247186,3.795542257682444,1.2205606801049442,12
373.4285714285714,8.521115079901703,2.203473777325818,4.174729493297264,1.1446183543605095,12
373.5,7.8978979270102885,2.19442667579444,4.145787428916102,1.1082720255551242,12
373.57142857142856,5.7518863166811975,1.5858009316637276,2.853512804273284,0.8036243751825888,12
373.6428571428571,11.723348090932825,5.441719497307432,5.475970619723831,2.4241074100285283,12
373.71428571428567,6.808689439451271,1.882287610491689,3.1789831906663655,0.8088193950417596,12
373.7857142857143,7.330850061926097,1.7180333240891235,3.4270502471326467,0.9162014770710557,12
373.8571428571428,7.188789873562013,2.0628000504104875,3.3601799568270523,1.111530048438459,12
373.9285714285714,7.578973622089444,2.2481561401289647,3.788601582399559,1.1440778508854137,12
374.0,10.160030463152566,4.519453565146949,4.688500403442003,2.019204492877303,12
374.07142857142856,4.339254518357185,1.4133748830887582,2.148019475365464,0.6867193621887172,12
374.1428571428571,6.54407914941533,1.7821270493250885,3.3586663299998554,0.9895560703934153,12
374.21428571428567,6.8052310832135445,1.8062884006875988,3.6146138431620294,0.9745231076010739,12
374.2857142857143,7.713272921837436,2.1711639136807186,3.7985683360242697,1.0695423041415737,12
374.3571428571428,4.2272049122371325,1.257363024267772,2.1800971885496065,0.8345177678023437,12
374.4285714285714,6.180772683591375,1.3883332901635352,3.2475503048723624,0.8397051056705425,12
374.5,2.583790055647458,0.7131053693343677,1.1237973871238855,0.304128118733045,12
374.57142857142856,8.489149633413586,2.114604677456911,4.065369576996441,1.0644947591119076,12
374.6428571428571,4.122459364855089,1.2346758071056307,2.166293691257642,0.6256105960585298,12
374.71428571428567,5.621613514862568,1.7344004149048486,2.7913286755194178,0.9703541553962716,12
374.7857142857143,6.582386401605845,2.5846181522008522,2.943947608493596,1.2018361175221548,12
374.8571428571428,6.84669749379183,2.701166388033004,3.198396133867425,1.2268016065491054,12
374.9285714285714,7.553191787623777,2.801643421236085,3.4203067820502837,1.2818797312265506,12
375.0,5.536651745050634,2.679720220905671,2.514127815172518,1.3148428077253056,12
375.07142857142856,7.866981726027169,3.0051385968461943,3.608242989739177,1.4780022313661534,12
375.1428571428571,18.38131355864579,10.340190487165575,8.439107324008846,4.650516460577891,12
375.21428571428567,9.86428588789636,3.4776299311491834,4.504988484970299,1.6560909317006887,12
375.2857142857143,20.589512672014415,10.44991795947323,9.59345940463286,4.663111512934865,12
375.3571428571428,8.760238159155847,3.2061435990378095,4.442201318721162,1.5896903539785103,12
375.4285714285714,10.886656087430323,3.9898787030839795,5.271178616504526,1.9171885980984578,12
375.5,9.603044104695789,3.7971997192179803,4.609195683464237,1.8062871126794524,12
375.57142857142856,13.328759902188903,7.209821327689171,5.83157944322661,3.213302657709781,12
375.6428571428571,8.925626102564655,3.584115239064576,4.41231520155128,1.782551619721222,12
375.71428571428567,9.817772011699779,3.664651269006031,4.4830806984498,1.7822698468308034,12
375.7857142857143,8.547675676329757,3.707398013026847,3.758533541767227,1.8453960527058364,12
375.8571428571428,8.055523067610043,3.6045624823860134,3.8518178639908176,1.7971464050291304,12
375.9285714285714,7.230570452106895,3.7386841670015847,3.4490417319226037,1.8298368242429488,12
376.0,10.918116480744866,4.908559559223213,5.029538501028582,2.2934655612415855,12
376.07142857142856,8.462462776269781,3.573773382484791,3.85563150906758,1.6924272793961055,12
376.1428571428571,6.4679678576790245,3.2582329589659573,3.1907209378006125,1.6672754029990917,12
376.21428571428567,7.430526237387195,3.4872473789818406,3.6165476381136537,1.8187599572709037,12
376.2857142857143,9.470338854873374,3.0661747781183872,4.4357702642395065,1.4998878995315927,12
376.3571428571428,5.826395792444665,3.245351706331426,2.9221345031526087,1.6673609121918689,12
376.4285714285714,6.01610417869619,3.0878127571904903,2.7161798459260096,1.5526426372740783,12
376.5,7.354650778121262,2.7012620800599656,3.4201252064461767,1.2914196122773889,12
376.57142857142856,11.325203351825943,4.493528964712657,5.135881493693841,1.9924355487339613,12
376.6428571428571,7.512665302092029,2.304235708958105,3.3835438757780274,1.1527476669072976,12
376.71428571428567,5.060059696770759,2.2637330496458583,2.2924889546695253,1.1089586092674846,12
376.7857142857143,6.02628063463363,2.4632701957114245,2.6042691166447622,1.2185609166821791,12
376.8571428571428,4.163627907708542,2.2100802738888685,2.0256599391366783,1.0830571188874423,12
376.9285714285714,5.147588786853418,2.2035884035213855,2.3192250853519907,1.0054788181783245,12
377.0,5.437544562173561,2.4392038837628247,2.365231571534304,1.1372980607913976,12
377.07142857142856,6.765125304760784,2.1822669154362724,2.808631226103921,0.9995613745764226,12
377.1428571428571,10.576331220543603,5.208795480053199,4.77024793128103,2.336526113324622,12
377.21428571428567,12.201705806570756,7.7500102336665835,5.455131427515865,3.473052007569504,12
377.2857142857143,8.973467632208548,2.8887661272581093,4.139127930666135,1.256702458410249,12
377.3571428571428,11.335832808645682,5.993601330104159,5.177628619460133,2.6349350407506447,12
377.4285714285714,5.454604190265056,2.5292003678173227,2.379270242121491,1.1074735150774273,12
377.5,9.71700630744255,4.245286101272449,4.148341727437435,1.8567723464295884,12
377.57142857142856,9.302848425052781,4.0993029380693375,4.06515728764588,1.816926690226542,12
377.6428571428571,9.90340431483405,5.266467385182086,4.333721135522993,2.364334662296059,12
377.71428571428567,9.691551078253537,5.380646252977862,4.259333449946101,2.4117409940308883,12
377.7857142857143,6.046694259966805,2.428306464129472,2.5711385483133125,1.1209363964590713,12
377.8571428571428,11.536879405645722,5.741849998889315,5.392733595112594,2.5563960680610522,12
377.9285714285714,5.754499035488807,2.2405012850185297,2.770927200041244,1.0185343723631797,12
378.0,7.004204106014118,2.3084904330738873,2.9727761889303106,1.0623064087593672,12
378.07142857142856,5.375740145990123,2.193816421410267,2.493648348237522,1.0256195226793663,12
378.1428571428571,5.476416691131246,2.2538751085779523,2.484698826222846,1.0316407370826983,12
378.21428571428567,5.936278321288398,2.045829479273792,2.5055743516021467,0.928487748401745,12
378.2857142857143,7.070446779422155,2.0967534328040074,3.036258130664069,0.9058535568569603,12
378.3571428571428,8.998212295777769,3.9012566737153334,3.751944674733564,1.6053673287014456,12
378.4285714285714,5.831878525582411,2.0204988297815625,2.7192268932046195,0.9496534744768268,12
378.5,7.0756688983362865,2.7206762887476876,3.0501024063469915,1.1354108666025013,12
378.57142857142856,7.477044141491433,1.6230974065065897,3.178396041475172,0.7113276014579398,12
378.6428571428571,6.6760666755637175,1.827131870006446,2.9585103598311533,0.7715648679433493,12
378.71428571428567,10.796965784878147,5.024426913528031,4.807058938615986,2.209584059830921,12
378.7857142857143,10.671481217943397,5.140239680918705,4.538460490262433,2.2741358315425133,12
378.8571428571428,9.712770651036417,3.1911906256733418,4.253348260449876,1.3230321059455667,12
378.9285714285714,14.986357308544093,8.444099419248943,6.684445368289921,3.727890595787948,12
379.0,12.953159015011861,5.51823501187804,5.5250896307756845,2.3631818659485946,12
379.07142857142856,12.405589720617991,5.827358134685861,5.745711008612752,2.5457768666127314,12
379.1428571428571,9.761622479456788,3.8532337036868674,4.212279535037077,1.5707075600664844,12
379.21428571428567,15.475747554977827,6.264887303769047,7.0566886905466815,2.668758848287243,12
379.2857142857143,13.01170427040092,5.7781609989159755,6.08626308866784,2.4883417803238213,12
379.3571428571428,15.470918782547782,8.244692854230616,6.638704906023762,3.5892887157781157,12
379.4285714285714,15.814315547457147,8.108069535607852,7.3078600873186215,3.5503484401966006,12
379.5,6.94857228141789,3.1672807308047566,3.240463079002436,1.2458197198712297,12
379.57142857142856,8.440790082998152,3.1618785268919285,3.443552460092789,1.2710595859195717,12
379.6428571428571,7.2121338713799625,2.6484283365941046,2.9655371176831333,1.0161061326576084,12
379.71428571428567,10.500000938504002,4.837273876221198,4.731975201530556,2.1477150951319945,12
379.7857142857143,5.504705356424244,1.9649128146525792,2.714001795497349,0.9042587293562941,12
379.8571428571428,8.319382540968816,3.2771686976961147,3.7002068488314968,1.3977495782797424,12
379.9285714285714,9.202855759994922,3.231496534422445,4.110604823937843,1.3162878443327188,12
380.0,6.559920023677011,1.8792617352811252,2.999671790624133,0.8485316321690733,12
380.07142857142856,4.705082489932221,1.5006721971324042,2.102441100855889,0.6952256157043768,12
380.1428571428571,3.5525504844616154,1.2352214260728744,1.7665539449961494,0.651157895797738,12
380.21428571428567,6.7892879988212504,1.9393400110864938,3.154697140320518,1.062756925643298,12
380.2857142857143,9.319053416026923,2.358384057632386,4.082484988965359,1.1875070282807285,12
380.3571428571428,6.980162485728425,2.4396859676797784,3.132036497744038,1.0853349106903971,12
380.4285714285714,7.54736653840454,2.1454060450133863,3.4564683902735505,1.042804584621622,12
380.5,5.810439250708672,2.005916306766642,2.4859204184466033,1.026713440616951,12
380.57142857142856,6.221596655370829,1.9607860490669147,2.697562826021544,0.9655976805099069,12
380.6428571428571,5.891683878512637,2.0997765873894694,2.7063881529822247,0.9372593596894939,12
380.71428571428567,6.207029242557826,2.184289810816546,2.572450092498743,1.0102468098915138,12
380.7857142857143,6.057546043077146,2.079207550400693,2.7562044872256055,0.9347448015541823,12
380.8571428571428,6.700364941737684,2.2622101026587536,2.7646368763846736,1.0384067493400695,12
380.9285714285714,5.438983705685725,2.1750257216636486,2.3598477879270567,1.0067577734153286,12
381.0,7.155741668600395,1.7669173257273627,3.5037466354470808,0.9819190863753726,12
381.07142857142856,4.91357797137819,1.6480199534538085,2.2365242564943575,0.7948145990929492,12
381.1428571428571,5.781881453738993,1.460348189597215,2.5726423062132024,0.69877092897623,12
381.21428571428567,12.23277358263141,7.277715143951808,5.548879616694095,3.2361162912016623,12
381.2857142857143,5.464178847442854,1.4805097943154466,2.4591272167200358,0.6084310637429287,12
381.3571428571428,6.643459142552985,2.103432253318698,3.1345363581353443,0.7583550697978809,12
381.4285714285714,5.547136331269249,1.68428874308632,2.7334302073806436,0.7923476068372943,12
381.5,4.758432100707216,1.453139625951564,2.507793775337422,0.7912315845848967,12
381.57142857142856,12.56941370993868,4.678239748882617,5.96976737874104,2.145736970874253,12
381.6428571428571,9.119739185027994,2.041239817910364,4.271770409553707,0.8987667285474255,12
381.71428571428567,8.210220297194608,2.415622933659563,3.961331819770678,1.0953093991410616,12
381.7857142857143,7.567755061587099,2.583080804618463,3.5593961400723315,1.0350781746142568,12
381.8571428571428,6.651784799711667,3.074669967914389,2.951900348404507,1.319962373261967,12
381.9285714285714,9.1545465395607,3.304651595736988,4.519652178165852,1.5088355176699957,12
382.0,7.921255519671447,2.901087564921119,3.8329560042539073,1.3039339002151946,12
382.07142857142856,8.774692972158446,2.558536111338291,4.080906771661055,1.1263926025676765,12
382.1428571428571,6.815104398765297,2.4291767470029946,3.125412174214783,1.0259698055787736,12
382.21428571428567,6.6423931222514145,2.341718529584997,3.251073995019433,0.9923602477635132,12
382.2857142857143,5.972466163337046,2.1382797042541055,2.6010009275721764,0.9288425493369558,12
382.3571428571428,13.977778887535182,5.463091159980385,6.5488045419012275,2.368060152161225,12
382.4285714285714,12.406606378424955,5.598411036646655,5.8049729412988835,2.480117842300859,12
382.5,10.651557459835278,5.928787670646044,4.735979503777211,2.6477220267307935,12
382.57142857142856,6.770953147753915,1.8528455840824258,3.540669716266737,1.0302912273348388,12
382.6428571428571,10.315944738018402,2.7376149230585654,4.7345103023856145,1.2244355059855765,12
382.71428571428567,7.197336212775276,2.325036548395428,3.6034792740287602,1.2564039127846818,12
382.7857142857143,6.895327831581929,1.7949201949716087,3.2167081878270642,0.9624665629679033,12
382.8571428571428,14.548502209849936,7.75700245571655,6.426871820700958,3.4671942309681563,12
382.9285714285714,8.733652884035376,3.1578199055918206,4.284443563055678,1.535979374211483,12
383.0,4.551987987094369,1.9169748099917612,2.0257960144094085,0.96557872603254,12
383.07142857142856,6.657501425905752,2.9094789692400203,2.977368722800465,1.32744700662151,12
383.1428571428571,6.291946278379426,2.329617649428049,3.2241556021141977,1.2622422812059946,12
383.21428571428567,7.381589347665917,2.3445587724407604,3.8371095729989606,1.24192229389174,12
383.2857142857143,5.36407227951535,2.034236678657256,2.465233567261746,1.0805006678014655,12
383.3571428571428,5.98647788652741,2.4994695963518807,2.892875555604578,1.237168339255601,12
383.4285714285714,5.591643832519572,2.8920368509363534,2.6614761479613183,1.4063814160396584,12
383.5,7.852940799038845,3.4620343921684933,3.9475273785586276,1.6299449595553879,12
383.57142857142856,8.97012579868838,3.5934469507918,4.586032992132637,1.8047710490129811,12
383.6428571428571,9.582110097455613,3.5178518538375307,4.560966739603503,1.6258935131364496,12
383.71428571428567,8.78728646273835,4.225931666178959,4.106576352269231,2.103289167221905,12
383.7857142857143,7.1235411777988356,3.3507348003663124,3.0717567235654917,1.53401658275566,12
383.8571428571428,11.790430352397884,4.57568066838471,5.632412508661424,2.1901331852341483,12
383.9285714285714,15.87213971939349,5.977381092689411,7.482581053645053,2.5155309734842,12
384.0,19.96394132255318,8.185784593851293,9.188150655900722,3.5905561970885627,12
384.07142857142856,13.769289045519013,5.556130533476801,6.114311456554125,2.4218481946496406,12
384.1428571428571,15.908318368765997,6.55309747259099,6.958316891729869,2.8399229309415404,12
384.21428571428567,9.732759813069011,4.436201641947326,4.257769231978198,2.09811779999374,12
384.2857142857143,8.67214612452222,4.1260755444626565,3.938388474756854,1.9187741827336195,12
384.3571428571428,7.767058293647427,4.289530880649874,3.62752016639743,2.058222177542577,12
384.4285714285714,9.60023375659682,4.57724209496959,4.5471577229184295,2.2425910803230042,12
384.5,12.709370357032002,4.0536945913602604,6.137743227699589,1.935238032074164,12
384.57142857142856,12.799821111639034,3.5489261177690232,5.948925411875822,1.7225096031579572,12
384.6428571428571,10.553418525233532,3.736769629385049,5.473299492321782,1.87410676951387,12
384.71428571428567,8.419488354790921,2.443729779787243,4.119554267756321,1.0531814544559222,12
384.7857142857143,5.2397538242057955,2.9653188724245196,2.2928008304470806,1.5020089906030927,12
384.8571428571428,4.604803977486499,2.100712685312265,2.208219081969546,1.0226326357396198,12
384.9285714285714,2.620821769847311,0.9277590269684458,1.2874670771442256,0.44049407905279153,12
385.0,10.363686209549028,4.588015335940694,4.73505312087029,1.8152876328314622,12
385.07142857142856,8.087553829287385,5.205478128855417,3.4413931576663686,2.0289975387444676,12
385.1428571428571,6.837274424268583,4.770384835410217,3.122525190082105,1.8943032101947936,12
385.21428571428567,10.963827616345101,4.069380106532933,4.572544942974607,1.5909358585520885,12
385.2857142857143,8.837922175351007,4.700114373988836,3.8781756857202803,1.9794063106703748,12
385.3571428571428,10.455084896767229,5.221503288199971,4.63126719462307,2.191168001652791,12
385.4285714285714,12.415399783917403,4.74361912862428,5.463441258794895,1.8940738078148731,12
385.5,9.106976407223973,4.627732880120397,3.72727250074018,1.7806992967555904,12
385.57142857142856,15.65343071511822,4.820299433869075,6.692298991991093,1.8919057714168925,12
385.6428571428571,18.49091288777265,6.974402562761867,8.207837933883955,2.9307427134087565,12
385.71428571428567,10.270993250535042,5.2795147859959,4.328285334355252,2.055575928240226,12
385.7857142857143,15.762849222917701,6.83540614980453,7.146009974055332,2.8727371691110752,12
385.8571428571428,15.926156694770917,6.559532520088624,7.077770130446305,2.7700033167711235,12
385.9285714285714,12.95999869571852,4.646004727913384,5.7846330040994856,1.888962245746178,12
386.0,8.745585087680555,3.8576751940511587,3.91570595672163,1.4903966624979996,12
386.07142857142856,14.957858449685107,6.150065399640262,6.877481742917273,2.6720501204449443,12
386.1428571428571,7.5439866537583145,3.132194132014938,3.493876946794139,1.3078231254377601,12
386.21428571428567,9.141106159128913,2.5141759721375134,4.085053356983454,1.0516457716128262,12
386.2857142857143,8.73263282378519,2.7627590202593635,4.025693984807753,1.2479805419203223,12
386.3571428571428,14.969336258300912,5.2533154582504205,7.030185299967157,2.280375949017989,12
386.4285714285714,7.004432609186967,1.7679171037839043,3.0555478038291457,0.6694098972430498,12
386.5,8.211558711843141,2.204207409884809,4.188063002777117,1.0167662285308638,12
386.57142857142856,7.374750400901931,2.4640594141455328,3.4296056184348602,1.0151486615644085,12
386.6428571428571,9.845226871731192,2.5377064852386733,4.986369763046255,1.078379793097122,12
386.71428571428567,15.942144925199372,9.292099471222077,7.784522907800811,4.145177004074068,12
386.7857142857143,7.738755259077131,2.2708854895464303,3.4111217680082686,1.0027292073220269,12
386.8571428571428,7.3960400288146735,2.5004953248795863,3.1946512163370917,1.0897392677619686,12
386.9285714285714,7.933427235490598,2.892489178720468,3.527475111973371,1.1912908737111334,12
387.0,8.072080364612189,2.756628581462133,3.776085745073646,1.2144138784665393,12
387.07142857142856,8.661881951656953,2.2642514457981506,4.044807912157382,1.0544144835895848,12
387.1428571428571,8.32430258718225,2.193062446729566,3.4566582532069288,0.9710892598168549,12
387.21428571428567,9.706373024258326,3.245403719949628,4.452528388386193,1.3824129322630656,12
387.2857142857143,8.260707497363338,2.3929159516836287,3.652023343484882,1.0719163361782102,12
387.3571428571428,9.001079619895332,2.9894343506916274,3.9532812127107957,1.3229029684038405,12
387.4285714285714,10.583022027722864,2.8290775041051095,4.867331681167399,1.298212805578948,12
387.5,12.587243758882233,5.173352147228629,5.580807788532651,2.2551027426765295,12
387.57142857142856,13.246086350214687,5.6402250999885295,6.631193264723304,2.480745207839324,12
387.6428571428571,10.917132510697472,2.7519974285322837,5.666837194217867,1.2276155769281303,12
387.71428571428567,13.330378940062703,4.646965659114639,6.330079179348856,2.0553271979366383,12
387.7857142857143,8.475497767456906,2.2947600789657447,3.985783738676197,0.9829255385494019,12
387.8571428571428,14.191677402360325,6.226861523669908,6.327880583285217,2.7850963733421237,12
387.9285714285714,9.815532956646935,2.372695693975888,4.726289171642172,1.069198103046377,12
388.0,8.038751929896309,1.8135504354569225,3.818450682918034,0.9166648143631685,12
388.07142857142856,11.510949684968905,2.447880663604019,5.25452340294773,1.0872061913160298,12
388.1428571428571,9.90313547349742,2.0258708312819973,4.396118202096023,0.9791560643622873,12
388.21428571428567,8.250323811572589,2.2834827355104594,4.07785776482116,1.1382754731916644,12
388.2857142857143,8.992201804693483,2.2999280065876846,4.065437613221179,1.033566063129909,12
388.3571428571428,7.236847456548659,2.3465272369304087,3.0044912007073314,0.9656086389090132,12
388.4285714285714,7.155257729234656,2.3675978996353995,2.940004813266318,0.9342913285928868,12
388.5,6.2420623417715655,2.35066097164339,2.8902127231916275,0.9442886466963697,12
388.57142857142856,6.8990090867935265,2.540952974303244,2.9989483268468247,0.9960880548718541,12
388.6428571428571,8.09137614465084,3.239700637225521,3.8762606519901963,1.4263243143381978,12
388.71428571428567,10.423435074295648,3.3997633890287484,4.793800824232525,1.4437858062579567,12
388.7857142857143,8.592722706127143,3.036204525489992,3.8436235557640734,1.353184705356743,12
388.8571428571428,8.10282712332701,2.671254571862221,3.8578994064253394,1.1661707284884373,12
388.9285714285714,4.541024920235128,1.315452409039759,2.3809049392843225,0.6519290658947281,12
389.0,4.9005983071943175,1.070048360334978,2.0581212739144097,0.5449911059203256,12
389.07142857142856,7.203319952564112,2.5911173254882405,3.549563180916832,1.1522967650277196,12
389.1428571428571,6.85035303240276,1.9567117115822872,3.0161107799454556,0.8716177047391463,12
389.21428571428567,8.300986746091692,2.9965492697790124,3.4255245303502724,1.3282469801829095,12
389.2857142857143,8.763967040381218,2.020972740449211,4.647237536620803,1.0703130393064517,12
389.3571428571428,10.009046642275052,3.133081599253818,4.411989761756265,1.2155177228152414,12
389.4285714285714,9.103935907505027,3.1314914916915875,4.183539457656408,1.1824303338627398,12
389.5,11.46750612203484,5.768672830254664,5.585489806198306,2.5710222463460357,12
389.57142857142856,9.004475655449696,3.4575882565999496,4.107510087021983,1.544269818206112,12
389.6428571428571,11.54583197417255,7.510471336767148,5.055645278441645,2.9233285487356295,12
389.71428571428567,16.158532522573033,8.19599481703972,6.564215227178408,3.242798911196048,12
389.7857142857143,15.727214700773226,7.599622055492275,7.015841532454213,2.9493140123494546,12
389.8571428571428,14.04670847671163,7.303506340993017,5.942900797076768,2.8513238746631266,12
389.9285714285714,15.751246250741405,7.447994342548327,7.196074446611378,2.8667491484928473,12
390.0,14.314425929579997,7.495659615110241,6.178669582207094,2.99634066743968,12
390.07142857142856,9.949686509690682,4.032888610256575,4.542967972660319,1.6717469818282724,12
390.1428571428571,8.768028827997338,3.2684857640866984,3.9551013688466767,1.3993151348756292,12
390.21428571428567,8.479052811689513,2.733845209681296,3.8362516188234324,1.1963779580244764,12
390.2857142857143,6.6929235315941185,2.1176502490721716,2.930030055051703,0.8272468310740407,12
390.3571428571428,7.103389854876525,2.600620328597959,3.1523271841604514,1.024264087881773,12
390.4285714285714,6.764959961431845,2.4962322316042322,3.0080461872299393,1.007648121042172,12
390.5,6.871536300513645,2.264773182094418,3.0732844215061297,0.9902836322263335,12
390.57142857142856,5.005805824969546,1.8180871033606236,2.20260609079012,0.8577054627201074,12
390.6428571428571,7.90691167355531,2.8614392125588366,3.986732659074954,1.283707699116463,12
390.71428571428567,12.40218893305964,5.652590790680619,5.579327477510997,2.467079121358568,12
390.7857142857143,10.091516308976898,3.521623390015355,4.986927191424129,1.6310607704752635,12
390.8571428571428,11.245703403959007,4.352149234734706,5.100078949146263,1.987261831190825,12
390.9285714285714,16.8490649525563,8.197886731824736,7.788906834142505,3.685989408473318,12
391.0,16.615777422113496,8.17658179106616,7.635044546056187,3.6997901810656253,12
391.07142857142856,12.838294334216313,5.767475439290261,8.548146886258362,4.758812901288762,12
391.1428571428571,5.709091072312238,2.622643469587307,2.30180286233477,1.0679317070227734,12
391.21428571428567,8.917412256574979,4.8463922922896385,4.028227537587393,2.3677453164121953,12
391.2857142857143,6.262262915513855,2.2454163795262114,2.4980619067261265,0.858842436714264,12
391.3571428571428,9.710887095512732,4.733835590368284,4.297971325133117,2.359011909014483,12
391.4285714285714,19.031033879165243,10.735780591742044,8.686900888397126,4.810664237950568,12
391.5,12.153922979440908,4.750139824372083,5.577237145851633,2.1667421519023624,12
391.57142857142856,9.893212256029464,4.40209887340401,4.612294823611428,2.0337942481110702,12
391.6428571428571,13.621311911432452,4.69818242676345,6.429696386362923,2.0983993112817423,12
391.71428571428567,10.550441546226528,3.961457532618623,4.508153788783035,1.8411344476604432,12
391.7857142857143,10.535277816963081,3.109952959890646,4.86824032204219,1.4102569129898765,12
391.8571428571428,9.559310783840504,3.78674933159373,4.1787859302053985,1.6980773366325754,12
391.9285714285714,7.372958146799681,3.2917865718948587,3.1273058915621967,1.4739410352221192,12
392.0,9.972728776286003,3.654955266124718,4.208090331956325,1.6392237621839418,12
392.07142857142856,11.582044164892636,3.9716181309302283,5.324483157725457,1.6412118243549518,12
392.1428571428571,13.550029303539654,5.613648143071177,5.961660047269891,2.4527335023205907,12
392.21428571428567,12.934411086513334,6.0241643069909685,5.583124038015272,2.5987973226100243,12
392.2857142857143,17.361192743688544,7.2235973602512855,7.267554314511673,3.162710033162215,12
392.3571428571428,10.740472599680155,5.170896338155882,4.416011259722952,2.0589037303749635,12
392.4285714285714,16.970510650710374,7.404912473437531,7.072765488565322,3.1276542040272046,12
392.5,17.23389125874972,7.552924361221212,7.38180755493642,3.220786408356877,12
392.57142857142856,14.400332697204988,5.572850793903848,6.169583872654698,2.256125888206792,12
392.6428571428571,10.421156412499071,5.526376823653514,4.246524255277055,2.233457843412142,12
392.71428571428567,11.383903553671637,4.896233844964995,4.676988887253222,1.9344554681796358,12
392.7857142857143,9.064315225232605,4.858840027330139,3.8918350869508735,1.8876066835854688,12
392.8571428571428,16.978501768101424,7.309203359095146,7.6528366118752755,3.103364760145472,12
392.9285714285714,14.321124570089475,5.734687634204136,6.187061886107843,2.409234200984257,12
393.0,11.323045297790514,4.8191838443143595,4.898260251866136,1.995121905406187,12
393.07142857142856,10.034787499194604,4.444558348608633,4.085809092730134,1.7490113856262364,12
393.1428571428571,4.005198169755214,0.8917001672660358,1.8974796369032323,0.5382164204080294,12
393.21428571428567,8.578995355945528,3.707046429584216,3.6579262493309157,1.4640817817756342,12
393.2857142857143,4.907477333853993,1.238608494332093,2.0760435192905016,0.5915779707879943,12
393.3571428571428,7.474803479859889,3.1870531866872644,3.1935891628539603,1.296799674918572,12
393.4285714285714,6.053877823654869,2.0601498877704256,3.8608730135683293,2.2085682597329,12
393.5,2.1299548211136567,0.5719491595787914,0.8006002783209949,0.213858211960765,12
393.57142857142856,7.387624688024043,2.784905018707419,3.1703697037924323,1.2375356297050424,12
393.6428571428571,10.53991427308128,4.338945773738299,6.966533079863136,3.7528321039393213,12
393.71428571428567,7.655838334877071,2.9479156603488126,3.779148424363972,1.4955957294496272,12
393.7857142857143,6.008105879302326,2.5050088673391007,3.1120855136707126,1.3192175670527537,12
393.8571428571428,8.278059244048425,2.643913186011313,4.285385404114224,1.3373115986483357,12
393.9285714285714,11.47436951644663,3.418698815340257,5.464880461448491,1.5709686801907758,12
394.0,10.749515862590757,2.780137302057957,4.857980767814932,1.2844491215717837,12
394.07142857142856,7.007223343468298,2.5041789582935436,4.188112911888192,1.9141687244428074,12
394.1428571428571,7.730669375751716,2.238254857560741,3.4727898596669435,1.0305190675022524,12
394.21428571428567,11.7682816153373,2.92168839094043,5.3228139807229375,1.293455776387293,12
394.2857142857143,11.05698638454921,2.8910718623778355,5.200695673806744,1.329074259458708,12
394.3571428571428,8.599985089661297,3.2222900268467707,4.136802486688764,1.4672971381069169,12
394.4285714285714,14.67563861216668,5.983249873350126,6.72774486869007,2.694984251464531,12
394.5,17.774873766435494,8.314023859323768,7.882309275457119,3.6871638652638765,12
394.57142857142856,11.35413239097599,3.6751861506671264,5.081798067475582,1.5962232322599053,12
394.6428571428571,13.63200035877536,3.70484140254348,7.135803251430122,2.2291802783926546,12
394.71428571428567,18.310081041300425,7.32260455183132,8.102194679022135,3.207006061020045,12
394.7857142857143,11.072386833780318,3.9500871109143816,4.89995341662119,1.705733499141459,12
394.8571428571428,10.697613562865813,3.7588328488017906,4.650574854848886,1.6224481473572874,12
394.9285714285714,12.444645735645421,4.137322997559842,5.460043980708744,1.686685710172128,12
395.0,6.670501300953976,2.409583563106941,2.942033563989732,1.0205316824527764,12
395.07142857142856,7.179611409574981,3.685619680892687,3.1526387667592877,1.5047438021877508,12
395.1428571428571,7.621024392407974,3.0936209858582666,3.3918268766769004,1.317765417685556,12
395.21428571428567,8.23900711960606,2.7812669640386374,3.893545976745333,1.3711478377296262,12
395.2857142857143,7.449560466422969,2.285580573062833,4.773304201486885,1.9671599220397828,12
395.3571428571428,10.340227322929195,2.6287114611942632,5.758168256571931,1.7881368049942001,12
395.4285714285714,8.412453415669654,2.3567480270792385,5.128911628484341,1.806571640776979,12
395.5,7.442865297957469,1.9053883184216478,3.7332830542841697,0.9295807711863054,12
395.57142857142856,4.279027842219554,2.3193953821943505,1.9565357469479419,1.0392554083102512,12
395.6428571428571,7.469503164270298,2.678382688633593,3.6152762765678883,1.30798383619747,12
395.71428571428567,5.76844572038432,2.422541577633033,2.570329481978978,1.0995818872546448,12
395.7857142857143,7.283309479792187,2.4492882374195233,3.5244258310509986,1.2190328932018566,12
395.8571428571428,7.684581872897209,2.5342445025689533,3.5167783437182663,1.1817736007364197,12
395.9285714285714,4.199269198189284,1.6986913020704728,2.1397507905546567,1.0216499841802258,12
396.0,3.5786442965811367,1.0175416822085945,1.4856343716252882,0.4581313043469487,12
396.07142857142856,6.172948081169652,1.51849536430713,2.9615316973726182,0.7475762972333986,12
396.1428571428571,6.223256773960234,2.229811214288224,2.7844090445079477,0.9206924867132107,12
396.21428571428567,3.894535708712065,1.2040328652070946,2.099394404148888,0.7152911186124956,12
396.2857142857143,5.826299772784871,1.990966443810667,2.4326701504517287,0.8744248461746111,12
396.3571428571428,6.87396280247574,2.1098940972977864,4.735451392365745,2.1927777317765953,12
396.4285714285714,6.641188388321055,2.1150472400977978,4.7025763243226955,2.26492311789755,12
396.5,12.05601885171591,5.595054278836179,5.634795901705782,2.5098292394493824,12
396.57142857142856,8.628100193066851,2.7194435201903473,4.115409339713073,1.2454244523732911,12
396.6428571428571,4.285498925016842,0.8247402383564106,1.8194062204013035,0.40548143727665076,12
396.71428571428567,5.7075295024402175,1.6227440356260605,2.8033470114877894,1.0148043310954724,12
396.7857142857143,3.5077327990624396,0.7994569158482883,1.3786529757859176,0.3429186747491197,12
396.8571428571428,12.166969887116268,7.670713009143693,5.336722584517762,3.438002541360366,12
396.9285714285714,16.20097018897872,11.818213431024862,6.957594502902522,5.366509383908742,12
397.0,14.657306227446169,11.753298279314658,6.620107741479991,5.301890624730613,12
397.07142857142856,9.334433647275851,3.5546601305443235,4.087666325507609,1.5023091620872953,12
397.1428571428571,17.176696320341062,10.089076416817731,7.383558945236652,4.492339736240218,12
397.21428571428567,5.69785405165407,1.772195861222903,2.7377404657657527,0.7722695740216092,12
397.2857142857143,8.094285413528736,4.889509467702598,4.188146123158178,2.2236384656308568,12
397.3571428571428,16.95606350892717,9.788654631532046,7.830956660558741,4.34383769424717,12
397.4285714285714,5.876575255638418,1.6903855920702806,2.7871894019085937,0.7380275027141991,12
397.5,5.493983787596392,1.5822171894800616,2.4001006783396637,0.7673025131790727,12
397.57142857142856,5.178323923345609,2.3046808935987886,2.6583721811802614,1.1708022473401265,12
397.6428571428571,5.285078544330743,1.537145551279801,2.377255769124856,0.7300935377190639,12
397.71428571428567,3.4316567544974093,1.8640902565983999,1.691258236854642,0.932114394403451,12
397.7857142857143,6.018804439762972,2.0132713545201066,2.992628211646049,1.0148867847016199,12
397.8571428571428,8.835159223670315,3.3579258695734095,3.864104713101772,1.6161620811815678,12
397.9285714285714,6.52294941151508,2.504049107819431,2.7580338461276988,1.2401668086100062,12
398.0,9.906269398771311,3.4761670885244884,4.163689589548443,1.6702996189064365,12
398.07142857142856,10.219887975256064,3.6174287401768375,4.470588445165151,1.7872709998902474,12
398.1428571428571,7.387366507173826,2.253769519762803,4.972606472100064,2.305302027671977,12
398.21428571428567,10.817661662500146,3.0427224612522505,5.010942924390608,1.49822248825299,12
398.2857142857143,14.663190314889109,5.857911632748014,6.764913271626781,2.65086530426402,12
398.3571428571428,15.133652301726828,5.548800367292978,6.951107123056811,2.511005929597225,12
398.4285714285714,7.807936055656532,3.135885234150058,4.031989685046251,1.6643435098654036,12
398.5,9.41091317250331,3.5667522295398815,4.512078151773356,1.7830937841135175,12
398.57142857142856,7.215130778083287,2.909483760195063,3.4462357855053156,1.5403224149453159,12
398.6428571428571,7.605102857399097,3.9882954107207915,3.5431963369050954,2.013701650138469,12
398.71428571428567,7.824551261775838,3.458789592960521,3.7724522817833472,1.7727905895852782,12
398.7857142857143,15.347977792899762,6.958047422803841,7.252842162275664,3.2185436412937345,12
398.8571428571428,8.978947028933286,3.50138189948174,4.36992208025582,1.7578044234695955,12
398.9285714285714,8.687569397442802,3.148368237301138,4.413174331696615,1.6467691274308536,12
399.0,7.222765585632714,3.3889004801961797,4.03637216909903,1.7905620309771837,12
399.07142857142856,8.947681725119581,3.0639061115242985,5.083589853964068,1.9735810636623428,12
399.1428571428571,8.168924402526256,3.200212666820763,5.178227116553532,2.5870798413762706,12
399.21428571428567,7.478264106447846,3.3148648068772486,3.5170444604375155,1.552976224919526,12
399.2857142857143,5.598104320558917,2.3726867760997337,2.6919570475703756,1.1228874667604285,12
399.3571428571428,7.044819502126265,3.0352297701259094,3.339672658364754,1.427576294455268,12
399.4285714285714,6.665631012900317,2.669275759950832,3.285569423784139,1.2762697203720774,12
399.5,5.777746489408825,2.1043856030881942,2.7195040753799486,0.9919742149574963,12
399.57142857142856,9.471308043923976,3.1410502716503754,4.157455959941996,1.328027388755877,12
399.6428571428571,7.164096238630328,1.7658766411286781,3.4465615968119105,0.9549320067230053,12
399.71428571428567,3.28591606591435,1.3685699301426988,1.7311659819283758,0.697111473727841,12
399.7857142857143,4.31065992446782,1.4083313543141205,2.403621446654924,1.06214434716926,12
399.8571428571428,13.357301734125505,8.709603572741555,6.163367119416517,3.865534544992992,12
399.9285714285714,15.230086430075437,8.59353826886236,7.093455481846167,3.8334053751091828,12
400.0,13.212196628371409,8.909220921535422,5.795843849741369,3.9979694558465795,12
400.07142857142856,10.25859116185279,6.137281949443683,4.208746791317212,2.805256295184811,12
400.1428571428571,3.9465382223527006,0.9430678918131319,1.7705395822548446,0.5038788484604139,12
400.21428571428567,5.759380019043101,2.106922438559569,3.5698091858069665,2.0736933894522935,12
400.2857142857143,3.8548487942103318,1.5431502281267757,2.088169058337657,0.9858586880793677,12
400.3571428571428,5.294109099681755,1.851155024846051,2.4460392918911555,1.0394441655382407,12
400.4285714285714,4.9581898383274945,1.8279086650899126,2.2770275272621263,1.0139398785811529,12
400.5,5.2133585123865585,1.9791280039129187,2.3666745095892465,1.1314247672860722,12
400.57142857142856,5.319900479595637,2.1621681246714863,2.568115667785587,1.17136126599843,12
400.6428571428571,6.792751373124996,2.0099519868483178,3.0072870344622626,1.0790762420950621,12
400.71428571428567,6.879901207051569,2.0309862508178362,2.9635692228056283,1.1605622193230605,12
400.7857142857143,6.7008137128474585,2.0411963227349643,3.1172426109695515,1.12718388170749,12
400.8571428571428,8.42140940525641,3.3453025460740218,4.039970365968364,1.5827912905898929,12
400.9285714285714,10.281949443153438,3.3597760844948366,4.733354153963458,1.5382553479472398,12
401.0,6.371812870039202,2.0817566422238394,3.0788743089330337,1.077947591468734,12
401.07142857142856,6.7218361441204975,1.900680895217986,2.9800798549526477,1.1301880773825408,12
401.1428571428571,6.113712642324555,2.1238276377165004,2.8982293114522486,1.2533646615232503,12
401.21428571428567,7.984513917720287,2.155240988624197,4.380534661685962,1.9146465306059317,12
401.2857142857143,5.346630482617127,1.5653465692778759,2.3614790856237944,0.7734063942688927,12
401.3571428571428,13.786045434348331,6.575778967335087,6.421037162326325,2.9566248961463506,12
401.4285714285714,11.201759587096214,4.478733981405262,5.224925447091291,2.047946400096076,12
401.5,13.962693560434628,8.082454050872265,7.4969766410271435,3.942784947063239,12
401.57142857142856,12.194878857286726,3.6602284259044806,6.912595784191114,2.34714292270758,12
401.6428571428571,9.597230335387286,3.192128158050874,4.951834228193056,1.6378483787208848,12
401.71428571428567,7.124824136903752,2.5589684193565714,3.12448007874826,1.2482724794011835,12
401.7857142857143,6.402182957667139,3.275714743612774,3.9068842396874683,2.2051279981034675,12
401.8571428571428,9.627708249000323,3.60817353614142,4.403192568887378,1.784213760646745,12
401.9285714285714,8.615040022577292,3.750406996833008,4.085517970668581,1.920502359721711,12
402.0,11.804477341466994,4.23405483910099,5.528094388660178,2.017192516968247,12
402.07142857142856,14.049748807895002,7.2093815476555445,6.997647320015071,3.2904795218790057,12
402.1428571428571,17.29377917615295,10.314661589599888,8.278151642939521,4.622593244274758,12
402.21428571428567,10.369195999688293,3.853545004808595,4.945399357395065,1.8798318964898073,12
402.2857142857143,6.015800461895925,3.300989505991634,2.586980318324073,1.6401161106192068,12
402.3571428571428,7.791362534986411,3.2846093375239094,3.5894969180994396,1.6538292359510138,12
402.4285714285714,12.069043294068946,3.394821669989939,5.5189982496231345,1.5565577271115405,12
402.5,8.533524705230793,3.0053832610566493,4.070397343314291,1.444157788225464,12
402.57142857142856,10.858346025975415,3.1027933484725154,6.110492701359188,2.286164119365806,12
402.6428571428571,5.784508801616495,1.6828010633512847,2.697545517312014,0.9023702364083502,12
402.71428571428567,7.752885509232144,2.1054998061162378,4.315552486925112,1.2014634501980779,12
402.7857142857143,6.151660002999498,1.7875081846020713,3.400241691992501,1.0045477690170193,12
402.8571428571428,6.262274844888225,2.0666602234609295,2.839231916883091,0.844330578356097,12
402.9285714285714,4.884726792717628,1.184036209710936,2.50001059160707,0.6285028498833277,12
403.0,6.502106795315209,2.3864062408727533,2.9379224630272436,0.8758184353653499,12
403.07142857142856,5.607687249931731,2.000637617094939,2.7096542483455863,0.8897735411365785,12
403.1428571428571,4.854630019024669,1.9536761144489592,2.0428637408389507,0.7857759636998751,12
403.21428571428567,5.597287028516854,2.0471956857374276,2.4883054357313585,0.7528406899819895,12
403.2857142857143,5.362359620592238,2.7350282679619076,2.253299134921633,1.0345106996705065,12
403.3571428571428,5.947271924146311,2.3488995562094086,2.3941774305363728,0.9192278270696395,12
403.4285714285714,8.182540471451132,2.689724007829659,3.466113420459632,1.052913782693832,12
403.5,13.049366701693328,4.577288702781523,5.375998819414943,1.7896938049465598,12
403.57142857142856,11.570076517624612,5.850353353038033,5.162810082171942,2.5833907262901303,12
403.6428571428571,9.818779097130609,3.652412017255115,4.357866041466895,1.533130147222576,12
403.71428571428567,9.369482942497209,2.3657528815781426,4.900462713123682,1.13645611129437,12
403.7857142857143,12.629874911901856,6.622091352238088,5.984262217052697,2.8965676524691326,12
403.8571428571428,7.691566409679191,1.8648812441585418,3.6457605516141935,0.9003056374161369,12
403.9285714285714,14.914880856047658,5.961643684298077,6.728315365304764,2.600724816464472,12
404.0,8.07731141611744,2.0284795146434615,3.9624305549159473,0.9698671955465773,12
404.07142857142856,8.242304237070302,2.7452590840749864,3.99838666555659,1.2142195778500147,12
404.1428571428571,7.05580111485929,2.85826619482687,3.2465736081273278,1.2613609769466447,12
404.21428571428567,8.490447461161004,3.2395577483867335,3.648285251452416,1.3228513725809177,12
404.2857142857143,5.8538122923859754,1.8398424621286196,2.577231042802396,0.7006802920552047,12
404.3571428571428,3.614333843118643,1.3012079606615063,1.594137986519208,0.5474176028349474,12
404.4285714285714,5.472805184993364,2.728093262370485,2.647875834173404,1.1067304873280408,12
404.5,5.745460975809827,2.204129071236231,2.598284724227489,0.8966967703734541,12
404.57142857142856,9.70803179896975,2.341950707933473,4.649707885023012,1.0444293992053881,12
404.6428571428571,8.342417856781976,2.556376815568755,4.299143103161477,1.2181857089002444,12
404.71428571428567,8.02457682740113,3.3718628020904764,3.3553273478903045,1.2926770331894866,12
404.7857142857143,9.148887416197514,2.617951285966832,4.4567860728506545,1.1638072903566072,12
404.8571428571428,8.450201807289249,3.5339633370404555,3.450536423709617,1.346323792957799,12
404.9285714285714,9.640460015087989,3.4984489800541847,4.041162055902571,1.4204790652718062,12
405.0,16.179311235761386,8.565685057369302,7.456961528486559,3.7998798310840454,12
405.07142857142856,6.571138764512143,3.3358536810694432,2.8428784688043107,1.2962495903911144,12
405.1428571428571,6.318633950296026,2.742556750766817,2.6463859893153634,1.0711593152277492,12
405.21428571428567,7.3683275458424085,3.175130401683495,3.0984399604638013,1.2526672055029981,12
405.2857142857143,7.422294867588303,2.948914589120571,3.2949676932294056,1.251186640088698,12
405.3571428571428,7.387290940626649,2.8481727082637636,3.093828342504621,1.163715250364514,12
405.4285714285714,5.47475134205183,2.1635906262669695,2.8329869956037266,0.9186305356406691,12
405.5,9.531183259881006,4.0016493717799895,4.1441425152846705,1.7592391383668877,12
405.57142857142856,7.4803458862485686,2.409863238900573,4.003182552947291,1.1483198884841486,12
405.6428571428571,7.966676364476261,2.5525581334202556,3.6451789026431274,1.1682892942397847,12
405.71428571428567,6.552315491886362,2.059097461981033,3.2745399836726654,1.08908178916485,12
405.7857142857143,7.861342152435446,2.664047022693474,3.599156975259777,1.1977667119009792,12
405.8571428571428,7.233634232861095,2.3385919766582854,3.4937591702623667,1.1247121704166498,12
405.9285714285714,8.441247289984654,2.520661660500344,4.305522122921987,1.1901858746371543,12
406.0,13.40133802258988,3.953535495216781,7.348288560520217,2.490290148045504,12
406.07142857142856,6.629977678338372,2.70111648581028,4.476811250116299,2.6159709496992547,12
406.1428571428571,4.188393291571237,2.5697225398082697,1.8696415758426776,0.9972376502349959,12
406.21428571428567,4.956732755318126,2.771727939729144,2.5178983733257243,1.1327952471587899,12
406.2857142857143,6.479094443922215,3.8824665039975987,3.3680491614584,1.6642512148657473,12
406.3571428571428,7.667540505991087,3.600712960669492,3.5634261891619823,1.4736518157847145,12
406.4285714285714,8.83055003265773,4.275313418725908,4.166465883058288,1.6520984226493296,12
406.5,7.7820576132096795,3.490635172408767,3.6531269409098615,1.4331276728290858,12
406.57142857142856,9.735115769996291,3.6022014701623606,4.711271169421221,1.4620757387916732,12
406.6428571428571,20.554911096997035,9.24023568402288,9.489507685283723,3.993517660467782,12
406.71428571428567,17.970972867388785,9.249338533214896,8.320906122052111,4.0863129364801845,12
406.7857142857143,10.3804906849998,3.4198211864006582,5.220536304028538,1.457997179680124,12
406.8571428571428,17.9642533607976,9.936204458290664,8.525639226582701,4.407113653710815,12
406.9285714285714,12.139311648391152,4.008394084238432,5.690076142865201,1.6326102519096504,12
407.0,9.039900997353683,3.279182354493407,5.016340310833319,2.180057613519986,12
407.07142857142856,9.75159370688928,3.2962837216611263,5.145024944862056,1.9824781857025526,12
407.1428571428571,7.656783354610454,2.584413878491231,3.8742593571994024,1.2716362402339387,12
407.21428571428567,8.082032256232562,2.62157246010882,3.1156444849375986,1.1024122620062546,12
407.2857142857143,8.791390130517993,2.981779114893678,4.16812555244011,1.377742947481202,12
407.3571428571428,12.237457827398368,5.871533107181269,5.871426662663626,2.57326616125667,12
407.4285714285714,7.054289237757762,2.25074800147063,3.407849437583238,1.1585619646792913,12
407.5,5.989195019311117,1.9579041056579471,2.7731998067245764,1.1050599687083904,12
407.57142857142856,9.652265469276335,3.7676059597219362,4.585841284939252,1.6248084699060148,12
407.6428571428571,9.445567651343234,3.03570259692244,4.520689542001356,1.4561073741972301,12
407.71428571428567,11.56327447101147,3.4167446422927905,5.142454983999802,1.5058680206479367,12
407.7857142857143,6.740724482720744,2.450444917599641,3.3144844122482935,1.1692825922779528,12
407.8571428571428,4.503043532380682,2.2014442132854324,2.291073649386011,0.9637235578111655,12
407.9285714285714,6.616862254098771,2.8098438688081977,2.9370377172664317,1.1038414112094557,12
408.0,13.33389237365688,8.154836776519758,5.858179918133047,3.612353680435868,12
408.07142857142856,13.240480304294714,4.11384771092906,6.369406132719478,1.8166528241874589,12
408.1428571428571,11.779877524796467,5.225277371583656,5.1985586062440445,2.0744498898100114,12
408.21428571428567,10.136924400636813,3.801056791181341,4.89020716270606,1.653744616717645,12
408.2857142857143,8.593017034031467,4.736816332073948,3.8301089200776746,1.8357008543348041,12
408.3571428571428,10.789843823149601,4.481452092944538,4.8012283378433445,1.7433399950870114,12
408.4285714285714,10.05490032241267,4.576798327874904,4.546168242046536,1.8397562913238608,12
408.5,10.605981275758158,4.533288979906809,5.765537997562421,2.5889828463226032,12
408.57142857142856,13.616037560000347,5.0049047351091405,6.445535379419766,1.968134327112694,12
408.6428571428571,8.89855588798058,5.156216156547635,4.083338932096274,2.1275214180323188,12
408.71428571428567,11.530161823066612,5.338643461919107,5.469102585248743,2.200425459879797,12
408.7857142857143,13.642201024433032,6.05299363374004,6.594148580977754,2.3480112820568673,12
408.8571428571428,10.875737728386087,6.290942042765687,5.197181663976837,2.501874799740597,12
408.9285714285714,10.64822092087306,6.154934052347222,4.90280714559904,2.481549782524867,12
409.0,9.84928963686762,5.803643472278702,4.604506605802533,2.329941373824081,12
409.07142857142856,12.695497854151174,5.21294506583958,6.09260588621235,2.146591042946751,12
409.1428571428571,11.099518052580656,4.211872475964818,5.605497185248611,1.7347424225686014,12
409.21428571428567,11.8478007856727,4.246114768071489,5.975454816097444,1.8188752230685916,12
409.2857142857143,12.16904640941014,3.784777243635999,5.539474757077841,1.5268344767828879,12
409.3571428571428,9.152235292383427,2.741515727916803,4.073712190750019,1.1549183915484191,12
409.4285714285714,8.376488482482028,3.2775288855217206,3.72258249689867,1.4136012952107317,12
409.5,7.065731936253215,2.995000280982578,2.917877168265215,1.1521124312236302,12
409.57142857142856,5.718453342066823,2.1249594775882445,2.2472610081613342,0.8219074773879701,12
409.6428571428571,10.395318584710605,2.8405158180572356,4.7434359942991255,1.1591470965695179,12
409.71428571428567,12.830951372153883,5.960146751756242,5.955535597031358,2.604893629883177,12
409.7857142857143,5.841851518926583,1.523437687033538,2.6067797368219234,0.6289925395408779,12
409.8571428571428,8.304586177684246,3.2292755093772727,3.6668848521534456,1.3485887181392462,12
409.9285714285714,13.156707276839791,6.250765138306141,6.158585045177609,2.7553340648116533,12
410.0,5.160034152553587,1.6645547197656734,2.612703959610572,1.0570984945195805,12
410.07142857142856,6.075097951549525,1.623201010312548,2.802178058063822,0.9789959935593475,12
410.1428571428571,6.661297270359938,1.769163846883158,3.391646835097839,1.0380527177927865,12
410.21428571428567,6.619111249144313,1.8244396823492293,3.223728087257367,1.0560568746459618,12
410.2857142857143,9.086029497040428,2.652530287979209,5.848873560260282,2.905677217078408,12
410.3571428571428,8.303175066357444,1.8603062500244028,4.585675590925055,1.1076036707993346,12
410.4285714285714,6.0746996279540815,1.5088753519007476,3.1212648671760954,1.0328100636768316,12
410.5,4.07244217788488,1.7739765481545966,2.395392598143491,1.0782573417561596,12
410.57142857142856,7.313283745537264,2.080456757643095,3.8924614083479887,1.2141891370073947,12
410.6428571428571,3.9362165907333324,1.0333677073298384,2.0422096311692,0.4795254294167898,12
410.71428571428567,5.6353005135443235,1.5440056465567467,3.0905059858972477,1.0472284011656434,12
410.7857142857143,5.6626778899683865,1.8075674992282282,3.0220156409693475,0.8984315543687358,12
410.8571428571428,7.242908241350852,2.8979588114883685,3.3455975762521257,1.2268626408866088,12
410.9285714285714,11.543531007626095,4.604988280459359,4.769939456473042,1.987687282077696,12
411.0,16.585306129016857,10.747626465575124,7.571216736638649,4.847318871383584,12
411.07142857142856,16.742368058373433,10.135821780909383,7.987638577630506,4.493511009602181,12
411.1428571428571,16.07244902223192,10.256262625922647,7.831030880795907,4.568001952088341,12
411.21428571428567,11.362062722289657,5.4476986488318255,5.576527408787925,2.4235645850137586,12
411.2857142857143,7.925551663549649,2.6549561463354703,5.221721910376237,2.7320881840643993,12
411.3571428571428,10.115942289301701,5.831481997989597,4.942463809959113,2.6158151266619556,12
411.4285714285714,9.923508788802453,3.70210807570514,4.507608314389632,1.567536584482968,12
411.5,18.223000607800003,12.494173614592565,8.400410393495415,5.590116712765581,12
411.57142857142856,9.463022611093544,3.116562913127277,4.434041990395767,1.4046474137270437,12
411.6428571428571,9.028731099554076,3.639660973705425,4.08176351859919,1.4809029588254734,12
411.71428571428567,4.67003338769713,1.883592880548669,2.5741085317908285,1.0631290976868415,12
411.7857142857143,6.167257590351395,2.3678137296156736,3.132726587721907,1.1345272777592024,12
411.8571428571428,5.914283465491812,2.3434321600441876,2.7708458020331337,0.9631209346496352,12
411.9285714285714,11.02045486307449,3.6369688605629995,5.345590124434055,1.5811424861867538,12
412.0,6.150230821336402,2.1298181290035676,3.024912811364366,0.9554241903432641,12
412.07142857142856,7.074089190923994,2.342305070417402,3.2784707335669188,1.1613909122700363,12
412.1428571428571,8.286235325882583,2.0947426419757473,5.253676119657719,2.378771791820242,12
412.21428571428567,9.754803658033625,2.196677258527703,5.974536264764764,2.3459686721500117,12
412.2857142857143,8.872653769065646,3.218753522373024,4.126054127051327,1.4061966589461872,12
412.3571428571428,7.827710471445479,3.172190031106995,3.2768618265654936,1.4272406522514427,12
412.4285714285714,9.16573268874321,3.223331932433954,4.2838938950850896,1.4564696649065367,12
412.5,8.982788326726467,5.940544432696361,4.157239989726948,2.667084663459651,12
412.57142857142856,5.32676142998613,1.7405105095222733,2.237708288863082,0.6621410754584461,12
412.6428571428571,5.652303329920451,1.4242113287689286,2.6097607718129843,0.8909923688610413,12
412.71428571428567,5.678020821217506,2.0387872259750397,2.7739215273035263,1.0430593019979673,12
412.7857142857143,5.190035450542531,1.8896457430446747,2.2251224227020465,0.7647973473205233,12
412.8571428571428,5.755764033291422,1.8631309772254674,3.088356312732597,1.0935237262873971,12
412.9285714285714,5.265019292348469,1.5101078707775397,2.508504467782419,0.6391682410641152,12
413.0,17.359183695076627,8.919434933814715,8.228873264746298,3.946307978635451,12
413.07142857142856,6.8547755563231725,2.4442300173914258,3.6168840304191887,1.1654882737159438,12
413.1428571428571,7.219967347720115,2.9348480178606358,4.507036784925435,2.141025677611153,12
413.21428571428567,10.00304623665653,3.2243933444251063,5.6277677679056834,2.0904655834803134,12
413.2857142857143,7.814630051853407,2.2339130922897255,3.4832993737876903,0.9743388926068193,12
413.3571428571428,10.359161873541414,3.1350430579496615,4.589063280874362,1.3913776186736446,12
413.4285714285714,9.662406169917306,2.975919767370066,4.331224234613045,1.1699595358223986,12
413.5,6.626202126595277,2.766155162216354,2.9235756591940567,1.231365856959744,12
413.57142857142856,6.501144433534995,2.888035282822947,2.72924031660317,1.1095776646483133,12
413.6428571428571,14.05671662072803,6.17699729838442,6.1366154303799245,2.743241077134853,12
413.71428571428567,16.23208730221577,8.026064766922385,7.327931095881187,3.5341971360807554,12
413.7857142857143,16.475036915065115,9.293150015394389,7.261044150599287,4.139873492384357,12
413.8571428571428,9.497305142102723,2.7272588297061553,4.313434134624194,1.1701591527375348,12
413.9285714285714,11.526702709352792,3.534507455261328,5.215267895199717,1.427606907134828,12
414.0,9.716211904137129,2.7091467232663384,4.564583286377124,1.117439514671541,12
414.07142857142856,15.208158680044454,8.02360222695003,6.881777742154492,3.5266421197862905,12
414.1428571428571,9.903287848522977,2.329264505490984,4.570673083871064,0.9817621250262657,12
414.21428571428567,7.5271300330493895,2.0322033452744104,3.4407320564134376,0.879676148970098,12
414.2857142857143,9.493181493972804,3.1312792313003417,4.573017070237868,1.42647158098252,12
414.3571428571428,9.589007568282462,3.0069181792640984,4.350265831218415,1.3809959682647568,12
414.4285714285714,8.54718690662081,2.515893093041544,4.3599793960421165,1.2859713588996016,12
414.5,9.519822451599007,2.322226198883643,4.634730824348477,0.9644518132483182,12
414.57142857142856,5.150271413829159,1.7308425493298418,2.6813099415730717,0.8380861249300152,12
414.6428571428571,4.698781024042481,2.439901376833533,2.314456797094177,1.1717780151461812,12
414.71428571428567,5.625787925343811,2.1832930213735393,2.481556573781464,0.8658969997806899,12
414.7857142857143,5.225475919933657,1.9738041874406276,2.3233280849070157,0.9502061304534669,12
414.8571428571428,7.84792864288806,2.5488034701740174,3.2856432655846763,1.0011527312735706,12
414.9285714285714,8.597425728566526,2.5094424389729135,4.0811001090620165,1.2784504571481496,12
415.0,6.636753161275465,2.646645695612806,3.0354982706714075,1.2722845582493831,12
415.07142857142856,5.532160492187426,2.240548298832173,2.590028068997378,1.1528074561628747,12
415.1428571428571,8.095438511706634,3.1314499205102106,3.834963999179063,1.4894488636166414,12
415.21428571428567,4.2675085644327595,0.9882473070818147,1.8740475175539526,0.4864881729460786,12
415.2857142857143,4.9560109018219105,2.186079192113285,2.3009061134066076,0.9340739472032933,12
415.3571428571428,6.8044673774420605,4.192113270550161,3.015861849526269,1.8096242557856106,12
415.4285714285714,6.95719206554116,4.113541989118623,3.241896876792753,1.7747909760546208,12
415.5,7.453471200155238,2.5431392373800423,3.2348518740450123,1.0812394283012905,12
415.57142857142856,8.044523974724303,3.052827054606905,3.580280023232786,1.4212878774500246,12
415.6428571428571,4.185090805490677,1.9895390674433227,2.2249665273448143,1.0220118338538693,12
415.71428571428567,2.433169799867029,0.7443141348470957,1.3463962925492121,0.43738132309358635,12
415.7857142857143,6.243220258522913,2.7728424309761777,2.8963305232044574,1.263786496110343,12
415.8571428571428,12.778210118432119,5.678944951430461,5.982323758910937,2.54403872782322,12
415.9285714285714,9.496833866765249,2.677240617456637,4.481673021252964,1.1469429002956828,12
416.0,13.68193414874865,4.784034437767724,6.458638307746977,2.0505137794301134,12
416.07142857142856,11.04155366178866,5.380114061413189,5.109191607730886,2.3587822986760605,12
416.1428571428571,10.760706331188086,5.918638766566328,5.029162603409378,2.621612544844006,12
416.21428571428567,6.631362703542854,2.83883883662249,3.2064815399723927,1.200618900213629,12
416.2857142857143,7.512730010968852,3.2415739768326643,3.6139410685785998,1.4558049219322546,12
416.3571428571428,7.083800007965409,3.370987931140859,3.3068296771584684,1.3539049571762625,12
416.4285714285714,7.530747459425436,3.1077101518433072,3.341102432986323,1.263206526926919,12
416.5,11.207489607704414,3.8836764404839426,4.861549938894022,1.5320712917017194,12
416.57142857142856,7.963842636214948,3.156721506630251,3.4994194345595595,1.360471220000637,12
416.6428571428571,17.037886067647218,8.317812708409006,7.57255287257172,3.6767684924599853,12
416.71428571428567,9.089598592346706,3.0800095747797935,4.239508558058952,1.2922393854452594,12
416.7857142857143,8.484171813160005,2.947171921792802,4.1240216450859055,1.2681131747814225,12
416.8571428571428,10.769128941119375,4.082409631407357,4.675609994578282,1.7279578822545696,12
416.9285714285714,11.378254079756532,4.155095700518689,4.9445478816045725,1.717017497080379,12
417.0,11.663982418465128,3.8504744020411272,5.189172762667609,1.5695548997088749,12
417.07142857142856,10.662639893034752,3.9699487164419383,4.9894293287921965,1.6766383532107787,12
417.1428571428571,7.936267838944665,3.1881279674573912,3.6235769849963573,1.3168728179519138,12
417.21428571428567,7.655253574324126,3.1761764265624914,3.5484238547024107,1.3369758384430632,12
417.2857142857143,8.119007682434564,3.0486702995101287,3.6712911615167885,1.3364943797590763,12
417.3571428571428,6.860349379231295,2.80062531717387,3.115420592127802,1.1616999750435857,12
417.4285714285714,6.456298611351067,2.758550530387356,2.5897758167383698,1.08903715781527,12
417.5,7.803429798105203,2.869274477145527,3.707707021688016,1.2347370370735473,12
417.57142857142856,7.212307953292321,3.299489333779326,2.9918111574706705,1.2549777356186058,12
417.6428571428571,10.727701654432606,3.944900737314753,5.9066673926685365,2.652307477226205,12
417.71428571428567,7.58454282628983,2.9539331634710475,3.341002025473256,1.168992844574166,12
417.7857142857143,9.234545816983788,4.362012328563022,4.34328411374479,1.891368620076946,12
417.8571428571428,13.195841744309886,3.8605240616031438,6.361161519508252,1.5921624127751994,12
417.9285714285714,12.024521084946679,3.9593633706972904,5.2845776171031416,1.7616139318666624,12
418.0,14.960015450715282,6.916436492663615,6.655784322620907,3.06933556183561,12
418.07142857142856,8.270317757302884,2.8248594370067046,3.6653862212534207,1.146295700725335,12
418.1428571428571,5.839926889197084,2.6995605482352354,2.2962456361957204,1.038274203971996,12
418.21428571428567,6.68613574523208,2.823005856898461,2.812215849192224,1.1024568851148004,12
418.2857142857143,6.507705108912756,2.5394913755718846,2.641403631753037,0.9756189832877492,12
418.3571428571428,8.969791474277251,3.0312470884145486,3.999720407217191,1.3076698103867115,12
418.4285714285714,8.49200210303387,4.34055935015893,3.664926724071713,1.699526993732035,12
418.5,8.11392018403796,4.147611752524053,4.088592521090318,1.7472087650760373,12
418.57142857142856,11.911176083816983,3.389795832770674,6.709245813667783,2.3729089469028546,12
418.6428571428571,10.892910239482516,3.0366073195133025,6.225497392365551,2.103359304889802,12
418.71428571428567,6.567178693504403,3.0544146888348362,3.143869402477274,1.3592421315838052,12
418.7857142857143,8.84510616203774,3.1215315687126624,3.954697407663428,1.3355894645171884,12
418.8571428571428,11.894035737048371,6.125235854739758,5.106651940345428,2.597643658689475,12
418.9285714285714,5.3483699150871855,2.4315010130481394,2.554748011952656,1.0041257782353221,12
419.0,5.979951791958808,2.064749280392674,2.8889120210774784,0.8542176986190383,12
419.07142857142856,12.789975110476513,6.338279744147472,6.1762714205770415,2.7997514808518877,12
419.1428571428571,6.012720579813367,2.6360816854680125,2.7337408174280027,1.0656607677973897,12
419.21428571428567,6.023480053897307,2.5860960029631888,2.527604292961739,1.0445011613480535,12
419.2857142857143,4.869250300837073,2.2132697236181644,1.970103827847564,0.9090372902683244,12
419.3571428571428,7.899705438169139,2.7992704350816284,3.3886450033063915,1.1102907604822898,12
419.4285714285714,6.179506582620008,2.0898056795818354,2.693120024521007,0.9019714807557235,12
419.5,7.067534078446062,2.35371614011529,3.1080485182837068,1.110772521309587,12
419.57142857142856,9.887112925645352,3.0105461458957024,5.765750851819556,2.45728942093285,12
419.6428571428571,8.23567661884501,2.13442442357366,4.180161368910064,1.1273468135208498,12
419.71428571428567,5.425259560613745,2.2604541351635525,2.6105868336941636,1.0940053481439445,12
419.7857142857143,10.355964157633089,3.0798133198856923,5.833503333661664,2.216000472245362,12
419.8571428571428,16.496328866039295,5.234246798751183,9.003419300174649,3.079578142389664,12
419.9285714285714,8.78012993366042,2.59057260257716,4.379696137870744,1.3339644754296376,12
420.0,8.431110419161307,3.1913882388196577,4.317884487266778,1.562443633475808,12
420.07142857142856,8.974829213011892,2.8439218017628822,4.599272602474999,1.4500306626870816,12
420.1428571428571,8.943175882439137,4.090172941169963,3.823737234992808,1.6595162293362533,12
420.21428571428567,6.055225275013753,2.1618760951398057,2.7778954084421223,0.9013782642862194,12
420.2857142857143,7.65329647519537,3.341781885967891,3.4708614735823757,1.2938555795027238,12
420.3571428571428,9.98837515500086,3.62368300262399,5.833909823592821,2.743575502055307,12
420.4285714285714,7.6077083580176295,2.4668750201186316,5.123935523804901,2.968445957135654,12
420.5,8.369061613268762,3.2829445529787518,4.173746358437395,1.4213271718919929,12
420.57142857142856,8.822146432507866,2.5892135320769647,5.691675415728778,3.067060725006214,12
420.6428571428571,11.072352186942382,4.288779488170403,4.93694234042981,1.9208899952971474,12
420.71428571428567,5.473915961061284,1.9354685642793503,2.170920556850625,0.9134344258744017,12
420.7857142857143,12.183976407887082,4.983580657145737,5.197487041048869,2.154687983702239,12
420.8571428571428,17.04283749075486,7.222932178152097,10.964954083695094,5.5645338107050355,12
420.9285714285714,10.674193589778964,4.05867778494743,4.963395072668236,1.8293627573028488,12
421.0,20.244428133649475,10.707678051728735,9.686463200304349,4.807037904126022,12
421.07142857142856,20.323671493029526,9.811179595475714,9.578813012028876,4.411968024191484,12
421.1428571428571,19.441580685277476,8.269876700383165,9.255310999558974,3.696113303812618,12
421.21428571428567,18.477231957937924,10.008502590210771,8.393175183596366,4.440249361055539,12
421.2857142857143,14.258178487481535,7.78073433356629,6.649477821611506,3.4466453264049353,12
421.3571428571428,11.000489762388636,3.7077153249297874,6.6000202817952385,3.0623047883001386,12
421.4285714285714,13.10092807223942,3.5929412345915064,7.23760452035967,2.692986921429584,12
421.5,7.662232209660335,1.9523692132271309,3.750750534562485,0.8639808820304883,12
421.57142857142856,9.600611767191767,2.6211583695884526,5.743856592156777,2.5422217583608595,12
421.6428571428571,5.461310677572913,1.6147832013786674,2.473611306498461,0.6820725428236595,12
421.71428571428567,5.868874484788106,2.0444914662008973,2.3988603817166227,0.8949165725143192,12
421.7857142857143,6.206936803040826,2.007358042042228,2.4969267114506137,0.8390135814090316,12
421.8571428571428,6.579150649349358,2.256266215395666,4.183347863215415,2.35908004453318,12
421.9285714285714,5.922550503171295,2.3790579020111897,2.2708477725848812,0.9821209005773681,12
422.0,6.942943556057026,2.409517060929495,3.991392507822712,1.7081610376580691,12
422.07142857142856,5.305031345482686,1.5089065792211007,2.580083828317033,1.0406934970644246,12
422.1428571428571,10.639390298359523,3.164296998351728,4.671476376101666,1.4434832310346035,12
422.21428571428567,12.216808281931215,5.171864417245567,5.627741917993824,2.2953661434440398,12
422.2857142857143,5.97668723926677,2.535863775223774,2.557201922244506,1.0210196641961855,12
422.3571428571428,5.340220756715623,2.14136442780906,2.2817551357711277,0.8412684568933101,12
422.4285714285714,6.207885553691025,1.8726429429435412,2.722788523854729,0.7464345975139096,12
422.5,3.8323545778917407,1.1296920307376495,1.6366512856316806,0.49140964180523805,12
422.57142857142856,4.3952956826501755,1.5136446408608442,1.8500195443575396,0.700472599490324,12
422.6428571428571,4.775968176865735,2.204718801867468,2.0262731801191505,0.9565136820335645,12
422.71428571428567,11.722461655171273,8.65715378119773,5.244720595527036,3.8925786981572963,12
422.7857142857143,6.186151104383047,2.028946607949428,2.6618830871326655,0.9623474541806152,12
422.8571428571428,8.829429076480258,3.2274051649320605,4.062377633339493,1.41183368954224,12
422.9285714285714,14.113956560839826,8.336102328606087,6.332565752375951,3.7429245631682533,12
423.0,6.860918171201451,2.5514665504455682,3.085737822952717,1.2068145401439445,12
423.07142857142856,7.80653541726722,2.653604120307403,3.777298816330939,1.2634981897934876,12
423.1428571428571,8.46175426519044,3.2953038980538523,3.973189627735281,1.5700436063349075,12
423.21428571428567,8.408704357012043,3.450877879930315,3.7782904876986967,1.71476084154018,12
423.2857142857143,4.908612675617562,2.851592004622574,2.4455030966910276,1.4493203891448148,12
423.3571428571428,5.248740399939084,2.824056343778371,2.3928127231247944,1.4251724203387035,12
423.4285714285714,9.046862505557774,3.3123419577533775,3.840227704619867,1.5709634337755571,12
423.5,6.695832203971009,3.0583563846725403,3.010609798567637,1.4852007593777374,12
423.57142857142856,6.798033436898876,2.7520123685632902,3.0745019089028114,1.3274864495328085,12
423.6428571428571,7.874890285586985,2.7019076499391517,3.394728999611816,1.2440846557822909,12
423.71428571428567,7.753252869374823,3.263137676734885,3.5993024955934527,1.4806940672298097,12
423.7857142857143,5.879537407094777,2.652435102549296,2.704123942433259,1.1872411117160895,12
423.8571428571428,7.84207207404866,2.3206728764336213,3.8288572710184354,0.9955207060654236,12
423.9285714285714,8.16973612884344,2.7347091122814975,3.8297368101151656,1.1936490705270042,12
424.0,9.819662529025107,4.117992079418225,4.523879557490938,1.8419252194935656,12
424.07142857142856,8.07910960226017,2.3381012119857583,4.031372734756031,1.120986722033041,12
424.1428571428571,5.221035876290904,1.760058226566759,2.473972142652546,0.7794207905877701,12
424.21428571428567,6.925395037935602,2.6567353585293545,2.8924069828963224,1.102351837651478,12
424.2857142857143,7.62729008690474,2.7614238410459246,3.461801962079573,1.0916050521627805,12
424.3571428571428,6.983106755184821,2.2083854770423086,3.147978537819065,0.9145168235770166,12
424.4285714285714,9.242347289918605,2.6826113904466586,4.032180537853388,1.2143514301937475,12
424.5,9.924709718871512,3.992705547755494,4.222292327645241,1.7238518658698703,12
424.57142857142856,6.396828632983691,2.4897155038660808,2.8597042580511984,0.9896815513779407,12
424.6428571428571,6.294390814637818,2.5444258417652086,2.7955756854962974,1.0119443233949146,12
424.71428571428567,5.802992578072553,3.227265551927924,2.5539049853078093,1.2836234590009254,12
424.7857142857143,13.707658052733722,6.334715174392567,6.120899246806046,2.772448746025927,12
424.8571428571428,12.172643541164339,4.777819565307155,5.31334047524362,2.0096106028215135,12
424.9285714285714,9.036407080818586,3.807654012497495,3.8959980493760527,1.5360160486471415,12
425.0,7.5156973907281746,3.4236142680919324,3.235769846143772,1.4007111721577865,12
425.07142857142856,10.299196756986655,3.441072991793467,6.095225892425961,2.780987085803719,12
425.1428571428571,9.628662115154743,5.271204028627301,4.162728696359749,2.2796958193450774,12
425.21428571428567,11.668153714001532,5.466091292923633,4.950547459106966,2.3142019179304913,12
425.2857142857143,13.339666475652345,6.079374748445555,5.827644345530832,2.607673147597305,12
425.3571428571428,9.175589281705458,3.7559174463917038,4.34068423539013,1.50260503834454,12
425.4285714285714,10.013123609928073,3.4681550675630417,4.423708650367849,1.425953012620384,12
425.5,7.3571705616386796,2.9992211229146672,3.278499691954344,1.183052873620441,12
425.57142857142856,11.259067544871074,3.5516015143360873,5.046238821944713,1.4348271109744917,12
425.6428571428571,6.881972988703658,2.892622380002065,2.969392061986562,1.1053116768527618,12
425.71428571428567,11.035698462054214,4.498855397679416,4.688017042006755,1.8501948807376118,12
425.7857142857143,9.392774495513523,2.9276755385412723,4.321175084814816,1.2290839975403416,12
425.8571428571428,8.943212103185676,3.7968147487766726,3.859246885344121,1.5813950649452564,12
425.9285714285714,5.993121253160527,2.735317746233871,2.5174465030884687,1.0714596659443452,12
426.0,6.7316260227167755,2.980509775171075,2.8395554936663787,1.1497335616781084,12
426.07142857142856,7.787414365529712,3.3327664290953405,4.99929484005782,2.6863018329033306,12
426.1428571428571,7.171413303912334,3.1722154007871537,3.1677003163895465,1.2368425382480743,12
426.21428571428567,4.670540420711224,2.634097677182411,1.9708748489921686,1.0124463924855749,12
426.2857142857143,5.796880739839672,2.8674999052906047,2.3846296411314327,1.1090288328199127,12
426.3571428571428,8.371297837696785,3.0308756907614303,3.8126407390637467,1.1714667435617703,12
426.4285714285714,6.297200942490072,2.304080472408621,2.6590606897072067,0.9568716441182501,12
426.5,5.882385681243335,2.3265705805373,2.748424283138168,0.9380405273393208,12
426.57142857142856,5.906840620062857,2.4328207515579265,3.1331522107476055,1.2297241872886633,12
426.6428571428571,5.921233352182963,2.335475697656997,2.2955542766249204,0.9865025065964673,12
426.71428571428567,6.175560738634997,2.222110734349,2.7311158863677454,0.8647720657746095,12
426.7857142857143,6.687910159009572,2.3196681248160256,2.948978499702833,0.8905082885612182,12
426.8571428571428,8.982779215125683,3.984261713443512,3.7542508574502387,1.6636880216409413,12
426.9285714285714,5.259777926285135,1.990659366092231,2.0622586077610245,0.8521586296000437,12
427.0,4.74665471280349,1.9905879171968477,2.2810992649693813,0.8413389249517096,12
427.07142857142856,5.133594354138819,1.993464301005434,2.314672240668693,0.8643299203329871,12
427.1428571428571,7.9969142637848565,2.425364989423688,3.9592686251067093,1.1481480323243778,12
427.21428571428567,5.224790287943097,1.5682554377054463,2.6708591546589666,0.9390838202241006,12
427.2857142857143,7.538520378739014,2.205215002285967,3.249970257476447,1.1365980475084074,12
427.3571428571428,6.376401173702393,1.8441724914664035,3.1244783757839487,1.0307162633866311,12
427.4285714285714,7.123667102486823,2.2961205974604075,3.3720484525578676,1.1751022481295854,12
427.5,10.749629711829463,3.8154097620239154,5.205649019945179,1.7096855254793821,12
427.57142857142856,8.922452571355082,2.4574496972890576,4.5062191698415734,1.1268895111364665,12
427.6428571428571,13.188748578121471,5.568205941956498,6.132767232642857,2.3974248391874764,12
427.71428571428567,9.272231339636697,2.8439770021718775,4.330626442520782,1.1750953676147604,12
427.7857142857143,7.945469653230192,2.7273120924769754,3.906393541736519,1.2454437906396487,12
427.8571428571428,11.198922607222693,4.3296032127954325,5.018543014822912,1.8273156809726507,12
427.9285714285714,7.111176269038524,2.687714600948127,3.473258481868993,1.2882956004658679,12
428.0,4.4873220431731875,1.988235911739768,1.988744731722613,0.9749522424063543,12
428.07142857142856,8.608473329939317,2.6760286011109704,4.278803975425178,1.3207597763444356,12
428.1428571428571,6.7468602948078065,2.097628987850834,3.2627168218886644,0.9997084736283076,12
428.21428571428567,6.047121666797377,2.0362632599221997,2.965043257493166,0.9201679823297727,12
428.2857142857143,7.514965486873189,1.8934245248932655,3.6981933844779755,0.9970459532686664,12
428.3571428571428,6.231578685694345,2.058172060313224,2.571370554541784,0.9193152639588803,12
428.4285714285714,5.570506315189486,2.30422873198557,2.730882466356257,1.026263888120241,12
428.5,9.56413336634871,3.7174416949854456,4.223018913263276,1.608431728270125,12
428.57142857142856,11.626202130543447,5.070038126427021,5.737804777409951,2.2503190467725758,12
428.6428571428571,10.970326179223571,3.33770621865482,5.5906363805375285,1.5394371021215416,12
428.71428571428567,7.523255070651317,2.129216042764591,3.1110386786965085,0.8451509335970157,12
428.7857142857143,7.6789050144709226,1.947354965283266,3.6978672304656057,1.0975751782964103,12
428.8571428571428,7.33426794595889,2.278172098544877,3.4629308500705713,0.9196343981321481,12
428.9285714285714,6.809857463069867,1.7817356260880606,3.399082893920498,1.065280969168965,12
429.0,7.128977736420822,3.2780221886006267,3.2244969528967196,1.422827290198852,12
429.07142857142856,8.780743444141978,3.3696649792634634,4.268461359859676,1.5398855742836708,12
429.1428571428571,15.046837744687373,8.002671315651407,7.148198619003449,3.5458206571780666,12
429.21428571428567,6.769050394199194,2.4974069288441076,3.4979836735741756,1.2263351230853339,12
429.2857142857143,10.86740834433486,3.120272706274072,5.577677765062596,1.4730427755928386,12
429.3571428571428,6.997394812054274,1.9657244032611458,3.7603577802565797,1.188758002322386,12
429.4285714285714,13.378368755444122,5.7702166857311745,6.13116459846488,2.58678814794594,12
429.5,10.008621924392868,3.1113813249862017,4.802353565011089,1.4512354930935425,12
429.57142857142856,7.006141139069217,1.733841535412125,3.0420269174629273,0.6835903959074819,12
429.6428571428571,7.121749946344405,2.82515010472485,3.426418676470876,1.2483151372518166,12
429.71428571428567,6.667874394361902,2.2751654173605775,2.9015111630340766,0.9964845635571363,12
429.7857142857143,6.264135205511229,1.59158218395225,2.7859481567031135,0.8386120524790648,12
429.8571428571428,6.207907108862595,1.70397558950735,2.4356665873670735,0.7017601258420476,12
429.9285714285714,8.621205528016073,3.529710519335382,3.7670699463160178,1.5272929275925435,12
430.0,10.478125392999866,4.524803727929057,4.306324960425633,1.9301264750508063,12
430.07142857142856,7.818399473194005,3.206247819562721,3.1128492545687925,1.3700026117495723,12
430.1428571428571,7.250153849147846,3.5966139153993506,3.387416795271167,1.5727597028686557,12
430.21428571428567,10.823261974489077,3.63028924576509,4.9334986137339385,1.6250656063001447,12
430.2857142857143,11.672381505561654,3.1239948738887513,5.39730157646493,1.4152571211515452,12
430.3571428571428,8.957005762882945,2.793677520793098,4.242162216468811,1.4106185948147227,12
430.4285714285714,9.40481647185857,2.870497155707946,4.389525250174509,1.2778494459907552,12
430.5,9.669710211541608,3.0048842801194278,4.531605382506625,1.2669936844049574,12
430.57142857142856,8.246812795892925,2.645307591514737,3.786414881420222,1.2901847230306696,12
430.6428571428571,7.741211745430198,2.834078342084095,3.724143741239302,1.3278172442232143,12
430.71428571428567,7.696788258351881,2.675242610192633,3.5026653327395647,1.1645073810547402,12
430.7857142857143,9.788775579613395,2.1835295713603458,4.520330559790672,1.2159965358493636,12
430.8571428571428,9.23398509556045,2.8504264148067584,3.7360401822088307,1.2639307561439392,12
430.9285714285714,8.74544542385708,2.9627115178249066,3.6535991300107584,1.2404742637708936,12
431.0,11.063679559935204,3.0556839682775774,5.192168786143361,1.3854229357512857,12
431.07142857142856,10.259117082860786,2.7542999986188614,4.495738857504132,1.290137587954551,12
431.1428571428571,8.933323791431311,2.808118811129134,3.9622334393913214,1.4158399540986428,12
431.21428571428567,6.7340907259713765,2.1344489618161706,2.8585472862167634,0.9749074928912848,12
431.2857142857143,6.227490564432264,2.336767557442356,2.897347564652296,1.002526556244016,12
431.3571428571428,4.664191641024947,1.7772762573209568,2.575897629306871,0.9403172337294381,12
431.4285714285714,7.410819625033902,2.3687008996734766,3.5843869269442314,1.0944546846053962,12
431.5,7.048740269694868,2.261975679447776,3.6175089849579742,1.2532400358890605,12
431.57142857142856,9.35335875649996,2.5234249104025066,4.580792811132798,1.2237289735315695,12
431.6428571428571,9.830452394035216,2.9511495601640823,6.52792039562787,3.011027625784621,12
431.71428571428567,6.761713648169251,2.7086049931184157,3.2826619519532763,1.3228075414662424,12
431.7857142857143,5.846908356378734,2.075270037779474,2.805000530416767,1.1615468021981499,12
431.8571428571428,6.330364288785339,1.748607055837625,2.6551297642032208,0.7799111104124247,12
431.9285714285714,7.227851907150528,1.96432704288238,2.957755125159008,0.8281937206414098,12
432.0,9.943402298943854,3.8119133653768604,4.20586203171411,1.4731083658342559,12
432.07142857142856,15.95106582773393,8.374329221712603,7.015891450898446,3.7084809968781385,12
432.1428571428571,10.09898500530788,4.320081878682303,4.847988039106767,1.8943539378798457,12
432.21428571428567,7.961200462884776,3.1163012854211742,3.768660616497704,1.4969348161607032,12
432.2857142857143,9.670803709913667,3.1292284503695385,4.743139118805445,1.430312595183699,12
432.3571428571428,4.578017565921854,1.7399563628146457,2.015646481481623,0.7780416724712846,12
432.4285714285714,6.6397759832887155,3.1824866137990315,2.9530811931703473,1.2575397470052119,12
432.5,7.669744142485765,2.9633444487205187,3.231771399527474,1.149622990652128,12
432.57142857142856,7.782411824659715,3.2935335510147348,3.5361728777224783,1.3775712986564561,12
432.6428571428571,5.637577338425773,2.11720438767992,3.88125272076689,2.503932240445167,12
432.71428571428567,5.474184788812068,1.6728929105679085,3.207246055445192,1.0167092204621035,12
432.7857142857143,9.827300177202815,3.4134053794544124,4.321937228571033,1.4506171893256885,12
432.8571428571428,6.177195100922888,1.595841810608429,2.8049346602672363,0.7912996794683236,12
432.9285714285714,6.210873118506657,1.18073533549795,2.9645828772209595,0.5750127477567293,12
433.0,6.3781267254801195,1.721687491493344,2.788164806452828,0.6735915637771015,12
433.07142857142856,7.329031532145964,1.7646807167460896,3.2930690652997963,0.8277523160371075,12
433.1428571428571,9.883722759464195,4.374640751660236,4.552319847237254,1.9713395200803783,12
433.21428571428567,9.862765850308758,3.412803523414943,4.468954136883051,1.5441827455593393,12
433.2857142857143,6.207901465661766,1.5805079026360631,2.4929366637266095,0.646184462333409,12
433.3571428571428,7.1477524442685265,1.872242986034346,3.061316010247421,0.9340232142411187,12
433.4285714285714,5.861194342440818,2.0852146994126377,2.3705338507947453,0.8241085463852782,12
433.5,4.007348358804642,2.259375030927557,1.7333946018577493,0.8782508260434265,12
433.57142857142856,4.466382409488585,1.0348409064347277,2.1256446152441684,0.5634042897430824,12
433.6428571428571,6.340912285849563,1.8658510393633856,3.7879723927782423,2.1529873931687793,12
433.71428571428567,5.82928516538592,2.146459801981454,4.07920801671341,2.5185593909655846,12
433.7857142857143,4.822327499244441,1.175582250316186,1.832649092978648,0.4223518318004815,12
433.8571428571428,5.820948294471558,1.5410020356010266,3.0416100683458693,0.9661582758566738,12
433.9285714285714,8.453468289781766,3.772251301596922,3.952948393000727,1.6403273238609621,12
434.0,6.84562552292494,1.8065256870046271,3.1392724678655273,0.8895712335551761,12
434.07142857142856,6.856091088371545,1.8526296228144192,3.333065288094319,0.9538273126037367,12
434.1428571428571,5.478401755234208,1.578757077032207,2.8928461691688607,0.8998603543493224,12
434.21428571428567,6.127694721743211,1.7706788373223266,3.2496026542911296,0.9754021028082134,12
434.2857142857143,4.7903718490359966,1.5030225717875387,2.572646737102742,0.8704862498481449,12
434.3571428571428,5.759028158794416,1.8714779811729507,2.740999971366117,0.8548751624746592,12
434.4285714285714,7.672215681292966,2.3324208579691836,3.243929502018033,0.9964135963611908,12
434.5,8.199069657465259,4.0547218706098445,3.8897387608343363,1.8498641480511693,12
434.57142857142856,9.815317496760459,4.80230750777454,4.206674371933478,2.1774101595594533,12
434.6428571428571,13.212145167562978,6.718351768044441,7.13198899795336,3.435634913589993,12
434.71428571428567,12.969319991897779,4.849505714596087,7.210963502100335,3.0123969112567504,12
434.7857142857143,10.025724759339843,4.622865490085554,4.502931931448828,2.0355858285636224,12
434.8571428571428,7.348628532777294,1.848418326207053,3.3975236634825507,0.9598929969333226,12
434.9285714285714,9.116103177933114,3.4577271554255935,4.339309600517903,1.5992853716188058,12
435.0,6.537307151344835,1.6765531916578473,2.8318690617645914,0.8878413814982891,12
435.07142857142856,7.885830675807573,2.0997328231076557,3.326931587304509,0.9225580469046489,12
435.1428571428571,7.320464213697563,2.327988837987791,3.5376147665597784,1.0100028652451738,12
435.21428571428567,4.768044419337482,1.3897088416422427,2.2349658423628354,0.5508457365139364,12
435.2857142857143,6.038404874650471,1.2205146520125203,2.5821850859649045,0.5640849789272572,12
435.3571428571428,6.604054798016917,1.6252304695810234,3.148895828488997,0.9120053929357176,12
435.4285714285714,5.907118459663199,1.1771673505503197,2.8827622405504565,0.7619184554186113,12
435.5,8.793570382090449,3.6765447212909823,4.299397673921131,1.6477903922741033,12
435.57142857142856,5.082369852479347,1.4409127774780937,2.0636133643313705,0.6075675939970314,12
435.6428571428571,5.866850983059519,1.3755563112338143,2.876393886629363,0.7310772200140746,12
435.71428571428567,7.603969069137407,1.8828589394379156,3.8753488454112097,1.004656410458553,12
435.7857142857143,6.457407754989609,1.691170823481413,3.109438299508707,0.919633449774534,12
435.8571428571428,6.574050984036071,1.5689766434785744,2.9730397166006215,0.9123217916526501,12
435.9285714285714,7.794614217097287,2.3582619975899175,3.5912373218429368,1.1837152329884224,12
436.0,5.769888119597005,1.427834825884048,2.583393889571378,0.8322557158873292,12
436.07142857142856,4.197758233476734,1.3431136249585673,1.8294668874475737,0.5878696528259529,12
436.1428571428571,4.511567941289762,1.248286516339621,1.8841968923968373,0.5669107219801885,12
436.21428571428567,11.744843158763624,7.841398851795384,5.291815114274242,3.5064548433796734,12
436.2857142857143,14.687072835346838,7.703155860607711,7.01513453863972,3.4465554708712887,12
436.3571428571428,5.0315690506207424,1.5632420319478246,2.3596801646074614,0.8047922186563099,12
436.4285714285714,10.840166651217265,3.8808809811016056,5.1655233153102325,1.8103030782352043,12
436.5,6.114346561425586,2.0389972935910103,3.383808620469486,1.10279976112762,12
436.57142857142856,5.927392435392159,1.7248222588233795,3.1047041936868323,1.0991868599115004,12
436.6428571428571,7.945999767237404,2.147628898559969,4.044760297658,1.1542435559068303,12
436.71428571428567,8.162469355502047,1.992801161753728,3.9775173728140842,1.198007950877708,12
436.7857142857143,6.266860744604314,1.9483601082222732,2.5702808419987786,0.8733890399345242,12
436.8571428571428,7.4999619295590465,1.7908776278751561,3.614764510398748,0.9580852041129613,12
436.9285714285714,5.09249681447619,1.75081153278302,2.2540240757380117,0.8588089405567604,12
437.0,5.353499742083009,1.831086609010676,2.273460433450849,0.9190105963060021,12
437.07142857142856,5.4656602197854065,2.4471614551443905,2.478680423261276,1.2617584373713169,12
437.1428571428571,4.757354484387326,1.8464570957683344,2.819189560968955,1.272145591150701,12
437.21428571428567,5.489364125313217,1.7088155920004955,2.7274445202009248,1.1006686501003,12
437.2857142857143,6.150448536433648,1.867344685546624,3.270927264077896,1.173197486715115,12
437.3571428571428,4.794349423297696,1.7899014715510666,2.356575996986103,1.0602777063141027,12
437.4285714285714,8.64978720335206,2.698848947309902,5.3598860398285035,2.1591891368075586,12
437.5,5.794966844127153,2.0081504420284118,2.9708607861380685,1.1029434445823239,12
437.57142857142856,7.926980507254441,2.612621313354914,3.974390192471197,1.242461078751021,12
437.6428571428571,5.725298011698334,2.42034243647098,3.123732930888113,1.3329778165085044,12
437.71428571428567,8.086258542688647,2.724769514187558,4.786436994577538,2.353041081608564,12
437.7857142857143,8.235897176778213,2.703926530821355,3.7254946478777717,1.4081741221848219,12
437.8571428571428,8.398303690156954,2.8461139848613537,3.491116354105797,1.2877021093929202,12
437.9285714285714,6.040013994673045,2.4737986031715753,2.558127220518231,1.136822706887707,12
438.0,7.225900826183689,2.293516931792218,3.19073616582654,1.007095137068425,12
438.07142857142856,5.800859506707388,1.758746072866356,2.706719059062802,0.7902739709448562,12
438.1428571428571,6.2909020187039255,2.208940390891179,3.242784142551225,1.2751934548057535,12
438.21428571428567,5.052668137790902,1.6047595784382258,2.6672782560363593,1.0362609483830012,12
438.2857142857143,7.317839620592495,2.150193306809146,3.541944058527682,1.1862312810735642,12
438.3571428571428,5.587815771831956,1.9584084028918227,2.562383733409199,1.1461806140804582,12
438.4285714285714,7.07107146779361,2.4467703418597235,2.7231004323685335,1.1126949234787387,12
438.5,3.5906680378444764,1.0987336132132295,1.6973303416931624,0.5301349518473307,12
438.57142857142856,7.644105732737319,2.0675477318517452,3.6021212512038168,1.1527702860081288,12
438.6428571428571,6.216584813033858,1.851269708843442,3.6298005220268803,1.3914743789121669,12
438.71428571428567,4.118240896824579,1.4953691386727923,2.806805530878935,1.7202912812071092,12
438.7857142857143,3.134804636947173,1.534264364703367,1.425504511916232,0.6234313008505907,12
438.8571428571428,12.648096396409146,5.54714289065401,5.371199124416574,2.359565201377891,12
438.9285714285714,18.9145769201598,10.041309623329727,8.298781975949296,4.431870702850213,12
439.0,7.479924795706084,3.232762858997283,3.1416025960806016,1.2672905040714024,12
439.07142857142856,9.156275408097759,3.471219125671208,3.906094917257602,1.3398631249467112,12
439.1428571428571,10.560094816076857,4.966750977665199,4.560248459852072,2.0169303127792393,12
439.21428571428567,10.409728866165008,4.170775463329863,6.038565996555488,2.896359619208286,12
439.2857142857143,10.320106659126525,4.042896067820991,4.759741145758002,1.6320797478006368,12
439.3571428571428,20.553684082636813,8.397907239120117,9.277183413345064,3.618236777258492,12
439.4285714285714,15.152849256573182,5.4512575306187925,6.58009079581098,2.2014339691636846,12
439.5,11.383586037645196,4.584518708572963,4.720646894210436,1.7915242363205879,12
439.57142857142856,12.132198632690933,5.86741891604446,5.294065768554406,2.3201205818126134,12
439.6428571428571,11.754382477921276,5.846342274131785,5.341268814548081,2.380805750015433,12
439.71428571428567,13.444841553150379,6.871746234345562,5.332183657607583,2.809130261845846,12
439.7857142857143,6.041058019144795,2.413574202256929,3.012643312259432,1.165516528787413,12
439.8571428571428,9.38821124671278,4.413779652040108,3.9232687046299,1.9062052467348145,12
439.9285714285714,5.995546729633639,2.1952066141339306,3.050406722304829,1.0631733560073293,12
440.0,12.121692307027566,6.137470587459041,5.868026424347549,2.7512798754173557,12
440.07142857142856,15.460607189243035,9.742629518736944,7.168622367100544,4.393394338505118,12
440.1428571428571,14.50751382768687,7.986779558465745,6.389822557985629,3.5602820228415526,12
440.21428571428567,9.168983587406112,2.3271570008146436,5.102257116707738,2.252425455057369,12
440.2857142857143,8.432606090298949,4.190509578006416,3.848557932412839,1.8076114167967208,12
440.3571428571428,7.4988005717990465,4.149508927714815,3.389027777895339,1.8040394198831406,12
440.4285714285714,8.87260903438345,6.32464243905891,3.951564426721651,2.7543818995418055,12
440.5,7.548269389072967,2.595267818828365,4.608509607987512,2.268677694507871,12
440.57142857142856,10.309960801869643,4.163624049394557,5.809394965363416,2.7507300066822262,12
440.6428571428571,11.80829896359935,6.059854512607364,4.873161210643125,2.4443453405878963,12
440.71428571428567,8.557028257374991,5.75236779647997,3.9383242571019714,2.475942632104698,12
440.7857142857143,6.538107605898723,4.148270089044988,3.2842666254138244,1.8029395353963185,12
440.8571428571428,8.180021982650086,2.746723758548617,5.747985476312978,3.207969509851343,12
440.9285714285714,5.346976795626616,1.5558475254667945,2.5073837704677366,0.8156042855846093,12
441.0,7.123664304297469,3.5159686083034885,3.696835518392449,1.6865387780331451,12
441.07142857142856,8.116542562767206,3.874397613576011,3.9593372078247975,1.8793666042338169,12
441.1428571428571,8.496736537271033,3.49705418373382,3.4408660570140115,1.5109601659305147,12
441.21428571428567,5.644016290788318,1.5100126188272687,2.4920944217653913,0.7051320517844784,12
441.2857142857143,4.461452253109916,1.9599004856514688,2.125071791623451,0.8386987575023763,12
441.3571428571428,3.365318292545241,0.7627301513806725,1.4629980382955725,0.39807326412999045,12
441.4285714285714,6.209407028031638,2.109788115090007,2.8632248131115525,0.9550988018882139,12
441.5,5.115504406026175,2.146190880224552,3.7940070728549733,2.352991277685429,12
441.57142857142856,6.2321879379527045,2.053824641152562,3.96929442997219,2.081972462899586,12
441.6428571428571,6.3303125417777375,2.9301035955805936,2.9569630034030268,1.2850520499108933,12
441.71428571428567,10.41072083550401,3.1413804592283743,4.774781005627797,1.4364079934516047,12
441.7857142857143,14.46216644466664,6.508604359535443,7.127794070604662,2.8916219633036664,12
441.8571428571428,17.18835374312149,8.65325086128102,9.348625756846138,4.226475360346719,12
441.9285714285714,12.440078157052652,7.677406655046173,5.143416784591011,2.9835915104729938,12
442.0,14.66256482112104,8.00278668532991,6.303601746357441,3.571551322418794,12
442.07142857142856,8.524197925126336,2.784679760243306,3.74507277637106,1.1485391562482505,12
442.1428571428571,6.78700160680325,2.3499023381534254,2.7867917046821735,0.9153579235941774,12
442.21428571428567,13.054840230148068,7.707384818186408,5.594651487280657,2.988574336657907,12
442.2857142857143,9.448898971212568,3.4711721296241804,4.2548358741948435,1.5077660019165404,12
442.3571428571428,7.201343352217345,2.576150608724233,3.4343376850509424,1.0789069653782675,12
442.4285714285714,7.068513332231192,2.3927105305704774,3.183783408555496,0.9782608783288586,12
442.5,8.925352867697072,3.1879468661892143,4.000747565000321,1.265771362603445,12
442.57142857142856,9.755815583898668,3.6018950317014897,4.062632285856694,1.4077702488790862,12
442.6428571428571,15.329424343062167,7.4968629007645715,6.483345946430109,2.898108789032083,12
442.71428571428567,11.504768021305663,3.821155370343742,6.6857566898438225,2.640184479294525,12
442.7857142857143,10.35044545223998,3.43786796055667,4.97946849448576,1.366039584765099,12
442.8571428571428,11.246827519830859,4.100200533794781,4.810613763825807,1.6420539763358732,12
442.9285714285714,10.213872571799582,4.137665548895286,4.460985148743868,1.67375836646355,12
443.0,11.291287108812737,3.750104827357069,6.178636992150249,2.5261100794580846,12
443.07142857142856,11.318397425923377,4.708514528422098,4.948385984930047,1.9483184996030047,12
443.1428571428571,10.23062938062598,3.612159982587811,5.669402762330129,2.3112571452306567,12
443.21428571428567,11.216395957097804,4.873712302312852,4.824377773365021,1.9105534352159415,12
443.2857142857143,10.480192757011856,3.8848299828019166,4.647942687959302,1.6240016938116977,12
443.3571428571428,6.479596621384089,2.8717771699476327,3.12318471536991,1.221404729561022,12
443.4285714285714,7.270879928617387,3.1230906044534863,3.059183796323363,1.2324945965919907,12
443.5,9.282483266763938,3.025758670724391,4.364839766534072,1.2366966661202994,12
443.57142857142856,10.174072572222308,2.638787612271341,4.5576751181020185,1.1738084203844807,12
443.6428571428571,9.382439167979674,2.845335830799471,4.377996648990948,1.2504635369977357,12
443.71428571428567,11.889740396820498,5.576860733900653,6.311685947017292,2.944566593971311,12
443.7857142857143,11.728314223709212,5.074622886936161,5.466686769211332,2.2268557677870704,12
443.8571428571428,9.887684472967193,5.3311807627234105,4.2817427039944835,2.145121745854873,12
443.9285714285714,9.5109562873025,4.819690880540565,4.24242592738405,1.9028249938151658,12
444.0,14.133004068419266,5.5810712190650085,7.461285523636731,3.02672500783159,12
444.07142857142856,6.839193317471853,1.980746518225723,3.608153184648107,1.0445781093580215,12
444.1428571428571,8.05242770197513,2.758004491824697,4.967337876064731,2.2195453059075003,12
444.21428571428567,4.142706113601435,1.2741954097193422,2.053675375772475,0.5584624507814796,12
444.2857142857143,11.208160782241253,5.129594261422133,4.8664218062233155,1.9877293740938986,12
444.3571428571428,11.17137189508122,5.167773091679906,4.870173983958648,2.0270477839181082,12
444.4285714285714,4.681108695972102,1.4314151532404422,2.057801648562977,0.5614546895247949,12
444.5,6.0644164515855925,1.6448425446826371,2.9939499958240083,0.8708834141728735,12
444.57142857142856,11.268370029979081,5.50259601693005,5.101053890890698,2.2069910235534493,12
444.6428571428571,4.198258448166695,1.0136723733203248,1.6663440647534602,0.4262782217906263,12
444.71428571428567,8.191650494095448,2.6984905249555906,4.37641699384195,1.8031673289432062,12
444.7857142857143,11.20297082974745,5.557141050574322,5.001523412454106,2.235491707538296,12
444.8571428571428,6.4978129362051575,3.108236273813085,3.013708374576365,1.3802436883450497,12
444.9285714285714,8.861331180023594,3.299872880198814,4.5153852087702555,1.9024033147511215,12
445.0,7.641109095857097,3.766999950414387,3.3831118938145477,1.5388720845542534,12
445.07142857142856,6.481134460780772,2.3927600233538673,3.866871052464411,1.7914539071402302,12
445.1428571428571,8.019183101932702,2.8902944151476624,3.390470124592163,1.2180118846782044,12
445.21428571428567,8.929989874276727,6.068631821378538,3.9578786363924308,2.3456237601004646,12
445.2857142857143,5.612274834194765,3.2032487962572502,2.332446308575345,1.2712348476277204,12
445.3571428571428,5.922513401783275,3.2586823912326417,2.5051037342661004,1.2646532854174688,12
445.4285714285714,9.527552991757476,2.8705649645601223,4.488020741359981,1.254189551553503,12
445.5,10.47539803411642,3.144410953280282,6.158190534833824,2.6030940741798445,12
445.57142857142856,12.341113434438503,3.7000110569279903,5.6906042956526015,1.6801202640711732,12
445.6428571428571,8.775603578489465,3.96026216254001,3.9044476631044467,1.659385717330342,12
445.71428571428567,16.820538609420755,7.759283856930232,8.28966094224033,3.602628805577559,12
445.7857142857143,12.542651518628212,4.492034973910118,5.764775561982943,1.8898784770275454,12
445.8571428571428,10.528387453961546,3.317945428485302,6.403688333366414,2.7790820469179045,12
445.9285714285714,7.008143354232541,1.7919344665789232,3.9227504102645825,1.3843900871600154,12
446.0,9.35220631070298,2.8212508150503304,4.63773227411836,1.3029341928622014,12
446.07142857142856,9.938621869227822,2.6489869479791213,5.269159512667782,1.7227586520237546,12
446.1428571428571,5.442020281689694,1.6184491670744294,2.4609298081850315,0.6212979272189558,12
446.21428571428567,16.08147503893458,8.96680395194997,7.175233206795233,3.8859052811189727,12
446.2857142857143,5.648046623649329,2.3198915729053287,2.551465026977065,1.0418819791760519,12
446.3571428571428,7.329304270797945,2.709338403606119,3.3174561513644605,1.1316654872080372,12
446.4285714285714,5.830706229692722,1.7097196949405826,2.6966915006811996,0.6891858022806615,12
446.5,5.865449696449211,1.9457088520991046,2.2374788805020263,0.7841909621423873,12
446.57142857142856,4.486065247998871,1.2463914281682709,2.024525632319696,0.6092262154365728,12
446.6428571428571,5.693313727910695,1.6838356245951855,2.358573616599909,0.6969293273147593,12
446.71428571428567,6.455911876514992,2.4375597948829375,2.914015111120113,1.041016533732133,12
446.7857142857143,4.324884389370328,1.4735413764097491,1.709603640633525,0.5677696739836626,12
446.8571428571428,5.973766119127538,2.323248313198624,3.698042886002037,2.0421665099937383,12
446.9285714285714,5.741294716686547,2.1389578769210518,2.46949830938599,0.9216867526583212,12
447.0,4.913745084386583,1.5277233351927852,1.9193963582236397,0.5734123164577228,12
447.07142857142856,5.872393222743974,2.2980312051258727,3.9061213105472405,2.4120672039462363,12
447.1428571428571,5.305581582850101,1.763168785466688,2.0641747312409557,0.6789694609731347,12
447.21428571428567,5.223592323705986,1.878183917051691,2.1928573388585457,0.7489625109739817,12
447.2857142857143,4.231462131025565,1.6464937431655393,1.7194498662432196,0.626673663486376,12
447.3571428571428,6.725649710690635,1.974465890077301,2.8139665875591513,0.7543433965075729,12
447.4285714285714,10.394127677863638,3.4211723411028716,4.301568182937846,1.3998944922335725,12
447.5,7.890981474273013,2.8895239149350638,3.6672818801893143,1.2214638959593598,12
447.57142857142856,7.561726644269527,2.766430774892042,3.10166403902528,1.1320366804017201,12
447.6428571428571,7.478824519871097,2.0674816300449943,2.964096137250769,0.7958074051917705,12
447.71428571428567,8.647416229386751,2.818567562104777,3.6729815590343553,1.164370817629251,12
447.7857142857143,5.216059244305868,1.8474681208005037,2.1356271637815127,0.779285032202016,12
447.8571428571428,6.789977633350469,2.4402793970590397,3.097699047900886,1.0104445152079267,12
447.9285714285714,5.839599318802337,1.8402422460928485,2.441241730005474,0.7494657057941329,12
448.0,6.891326079339915,2.3368757219187923,2.65231154739926,0.9525653308966812,12
448.07142857142856,9.671893847891548,3.982613879110561,5.535048191461535,2.6857749215161717,12
448.1428571428571,7.017132208581723,2.1811434718324003,3.299374417462648,1.0374408387467517,12
448.21428571428567,7.926515101019388,3.079095341461451,3.4151054047863796,1.2979915966684228,12
448.2857142857143,7.7929835034633665,3.2553679208025446,3.4848039799064603,1.2720249440608933,12
448.3571428571428,8.357515500001787,2.662138671165533,3.55230615309213,1.1353793350666048,12
448.4285714285714,9.707972920749048,3.931384313471108,4.054799655110072,1.6266541624392479,12
448.5,7.38829991406999,2.400097440069504,3.2248969194403436,1.1171596360824867,12
448.57142857142856,8.818992074859567,3.0664873238867028,3.8552597452334627,1.240797930278416,12
448.6428571428571,7.857592701504541,3.307526314391388,3.579333471016049,1.3516647364612095,12
448.71428571428567,8.794388480014728,3.5614542590993072,3.929318299493404,1.4808037725385779,12
448.7857142857143,13.777537973837164,8.15044853959771,6.0272288141108,3.6015910125701316,12
448.8571428571428,14.46275251866315,7.938856824587689,6.3213663558670365,3.495059372021183,12
448.9285714285714,14.3548382690494,7.574005421457086,6.097656287509483,3.354768253903802,12
449.0,8.037392796965227,3.3419515628867305,3.3348073310003827,1.341876175889521,12
449.07142857142856,8.481256076172142,2.7670697847786325,4.626155528943123,2.1625956357099905,12
449.1428571428571,9.185138276873749,3.1732365819451687,4.2484790204011915,1.3765058368223075,12
449.21428571428567,11.729404383055323,3.7856232284402647,6.3955869121704385,2.6754676254638685,12
449.2857142857143,9.1932479023752,3.447902301987368,4.239676217104529,1.4120071403968606,12
449.3571428571428,7.988761049673726,3.066637508782961,3.165747312253913,1.2408212635553235,12
449.4285714285714,13.362815910617769,5.950843093824989,5.784344624475911,2.5940139250471286,12
449.5,14.652300602154002,7.997214668914971,6.686042278107497,3.5043072081286315,12
449.57142857142856,7.885028298809327,2.367592597481331,3.1619040339267213,0.9370927422960119,12
449.6428571428571,6.720810833882763,2.2552348347333027,2.977976061011144,0.9364104706284081,12
449.71428571428567,7.899034029992905,2.432758873556224,3.5454436783933416,1.0556076171410977,12
449.7857142857143,9.90713540510992,4.26607690307393,3.9409523654226937,1.703502948234108,12
449.8571428571428,10.076294500979893,3.2225496063948347,4.741973491597357,1.266428106698128,12
449.9285714285714,6.998945131838114,2.1257198987154737,2.911815121434022,0.9405226811769387,12
450.0,7.428085394360326,3.556956502718442,2.8696545583437976,1.3866902362853868,12
450.07142857142856,9.13296283962525,2.4759561583198644,5.417980793766717,2.1976327367289485,12
450.1428571428571,5.75077338549808,2.0040308255536488,2.8032471367964624,1.0130627836468369,12
450.21428571428567,8.807963479829834,3.139483685681378,5.322440673382047,2.5220157727073933,12
450.2857142857143,5.587382049574427,1.7087414523663937,2.486287547751227,0.7050106586023033,12
450.3571428571428,6.623355167755651,1.9118785208411961,3.12588101780108,0.876246135203469,12
450.4285714285714,5.917090648449681,2.049844916388287,2.3922660510468874,0.7814169495919142,12
450.5,6.221705201948618,2.004536731009911,2.867066846379814,0.8488644871825285,12
450.57142857142856,5.774201405579664,1.961030895228249,2.4194650034932286,0.7843379605830184,12
450.6428571428571,8.561290109700613,3.782483826949504,3.644291230179033,1.4760071392088658,12
450.71428571428567,12.29332121085146,4.269189121136632,5.803525130816701,1.8476393788029413,12
450.7857142857143,12.155151212493875,4.2405965611024135,5.36727165679192,1.6542874297252428,12
450.8571428571428,6.415746840124895,3.366729281237632,2.8494600067909768,1.3150023484553652,12
450.9285714285714,7.510908406046474,1.9919336957225988,3.3338342911253895,0.8803266695360409,12
451.0,7.716401236244744,3.805229346678733,3.6141657668664804,1.554903288120017,12
451.07142857142856,8.07394522773974,2.2841738225994894,3.9163053819556684,1.0699874206082811,12
451.1428571428571,6.109392601895467,1.9728758746604236,3.041313883094164,0.9573701731181014,12
451.21428571428567,6.712112973469623,2.2978440989304856,3.076212068843792,1.0125025891379003,12
451.2857142857143,4.241601408425097,1.5318454483719386,2.0566111704829635,0.7249645470004669,12
451.3571428571428,4.1054124933254235,1.3846683302540264,1.9186127725810593,0.5475961629083266,12
451.4285714285714,9.929536841858885,4.916398741634943,4.60469101281556,2.1639222572555266,12
451.5,9.853330584626415,4.8932338928927175,4.322954372791398,2.175993759107983,12
451.57142857142856,7.62943130015567,2.933177020935843,3.5301883093259665,1.293627510457581,12
451.6428571428571,9.207117071812355,4.847410532605796,4.052836335174417,2.1549792578319464,12
451.71428571428567,9.234016502347819,4.85432082929599,4.006481387758318,2.16033147970042,12
451.7857142857143,7.149912005977452,2.8581982034852236,3.065297387773484,1.2241605472776556,12
451.8571428571428,10.273955671512924,5.924760518357019,4.417711541339565,2.650846938218109,12
451.9285714285714,7.267240822750696,2.4111913842273762,3.297565589728808,1.0575679861901017,12
452.0,4.026205743989446,0.7456795838271955,2.0395729048746736,0.47119158809814504,12
452.07142857142856,5.502222138107199,2.0335833244438777,2.5381081450614946,0.9195988694378742,12
452.1428571428571,12.334537321002095,8.311398997433454,5.612132780667118,3.7273555656517825,12
452.21428571428567,17.052653469659578,8.51395755629998,7.477014871429555,3.7351535584970406,12
452.2857142857143,8.033354381655917,2.0978452579651137,3.401524155716358,0.7914942425472791,12
452.3571428571428,9.055010015818885,3.4556616271427396,3.8912898760455565,1.4796126320206655,12
452.4285714285714,12.804428152331782,6.673020218575107,5.415835410795715,2.949097068381832,12
452.5,8.184154540264444,2.631755225993061,3.2480157109310626,1.0366810802077593,12
452.57142857142856,9.51248188321258,2.892179808750507,4.537693036743698,1.2714109065057098,12
452.6428571428571,7.340889504951818,3.090700723150151,3.4009134446722533,1.1934309908143055,12
452.71428571428567,10.346260387601193,3.242144032299152,6.16287416931726,2.726850855770746,12
452.7857142857143,9.607734240492842,3.004187916150569,4.147297937049119,1.2309290019872836,12
452.8571428571428,8.080270748347987,3.1176389244143055,3.6396177234209044,1.2110976109031701,12
452.9285714285714,8.554643769608496,2.799822382990781,4.984276310997057,2.382467791206301,12
453.0,7.929740231574882,2.4303075377223533,3.477351896985222,0.9893985742340037,12
453.07142857142856,9.49657558002035,3.2762300431553752,3.7899119614807137,1.295401932096527,12
453.1428571428571,8.422866747650204,3.0606985298873473,3.7080340120757103,1.1912167626556849,12
453.21428571428567,10.976769421606553,4.54806235974828,4.487520129308727,1.7536990424709897,12
453.2857142857143,10.527080184324438,5.388057900663223,4.421900693305266,2.1275002077248657,12
453.3571428571428,7.661406235081518,2.38087327849825,3.5050622884593707,1.032219174942473,12
453.4285714285714,10.272073438202954,4.668357335127512,4.465456592594895,2.0511949499644495,12
453.5,7.660417958920014,2.8002934966298794,3.218985776509338,1.2408340422589772,12
453.57142857142856,7.1114511350166545,2.355634090542567,3.578247704175321,1.1380323908965404,12
453.6428571428571,4.162956615039456,1.2284126138321199,1.964871783961037,0.580403524364689,12
453.71428571428567,6.629282460116273,2.3399528457805445,4.213608556907768,2.0661166523222287,12
453.7857142857143,6.027510232279834,3.0598899717884347,2.4968738172191123,1.3233052780217398,12
453.8571428571428,7.092685742174003,1.922755559127574,3.9618659948091817,1.793242076109665,12
453.9285714285714,8.450475727933211,2.9500255083229994,3.7155107283733013,1.2157878458859863,12
454.0,7.84901201173651,2.21209528858069,3.323187277222088,0.8871889283816162,12
454.07142857142856,12.435276228065758,3.4339045894247677,6.116133943527196,2.1193465767969446,12
454.1428571428571,4.680982908557488,1.5547730002008178,1.969574889150988,0.5764549528294463,12
454.21428571428567,7.473312429983221,2.9019361338800502,3.2750162290689677,1.228519788867219,12
454.2857142857143,6.271831457251898,3.1752528605338237,2.5474313148530823,1.3822568109171702,12
454.3571428571428,6.990140872484495,2.891604971243448,2.7985822497578456,1.1677414810035838,12
454.4285714285714,9.0700358806876,3.1196812036214507,3.811348410209921,1.2298245952128946,12
454.5,8.21371450341194,3.387435316683554,3.2354041356261836,1.321303457708806,12
454.57142857142856,6.152330769937126,2.248572151861863,2.650460590677245,0.8665228360680035,12
454.6428571428571,8.056629952992248,2.41737153008554,3.9725963079329953,1.0210539792943405,12
454.71428571428567,8.386098300497709,2.6669719105925003,4.143705617518258,1.184159835202881,12
454.7857142857143,6.013393492799707,2.2930019903478285,2.6717196353799286,0.9636758281744708,12
454.8571428571428,7.212853911493703,2.578441049046846,4.271779502390856,1.9968758458009563,12
454.9285714285714,10.792999788982199,2.653743057381399,5.985131387653379,1.9572604012633956,12
455.0,4.895141536307186,1.1798785034861656,2.2172496800278094,0.5534706969439566,12
455.07142857142856,8.065439631269037,2.272864876332462,4.761863486131046,2.2255843106537148,12
455.1428571428571,6.660973297395686,2.3827320144921234,2.9646385540905467,1.0231497337600615,12
455.21428571428567,6.981271790740945,2.0132398514485486,3.1927180886456608,0.9149778344394228,12
455.2857142857143,6.542365900090237,2.0010335074616874,2.8504330397678275,0.8301938392740279,12
455.3571428571428,6.727730010327835,1.8690093951525097,2.9491070624063345,0.8281929623361867,12
455.4285714285714,8.828647179358496,3.831113115574228,6.519056404376874,4.1829496230029255,12
455.5,6.525182754013568,1.9899660563494808,2.8493780195689564,0.7889654705076407,12
455.57142857142856,8.08228069015121,2.5921641858322273,3.6074519782994363,1.0855161248262422,12
455.6428571428571,9.207939593978132,2.25925373163497,4.025229538330411,0.9549723456613181,12
455.71428571428567,6.132765803804594,1.8136905288637857,2.5032178515495542,0.6895734718168626,12
455.7857142857143,7.304179768083756,3.207090782811449,3.102458089843668,1.4317484200643942,12
455.8571428571428,5.429790011646819,1.3531580936085499,2.47463309935069,0.5693577328823451,12
455.9285714285714,9.9281048512915,3.164151431254802,4.7542426386499335,1.3489710347667798,12
456.0,6.397851809386847,1.796819986904397,3.9983795767282895,1.816257275633756,12
456.07142857142856,9.633878224788642,5.732136670592527,4.443130318229062,2.535374505502989,12
456.1428571428571,13.62011693020976,7.353977799774007,6.285377809969545,3.2505397498154247,12
456.21428571428567,13.070709496460088,5.110820928531406,7.579511868162856,3.1743818538842166,12
456.2857142857143,12.878112642150404,6.048210947361498,5.896467405808156,2.639051145033554,12
456.3571428571428,5.041400861516963,1.52058371453409,2.401027963927114,0.6844774730824372,12
456.4285714285714,15.573805622890944,5.497768737481725,8.344285186947477,2.8165149914277006,12
456.5,7.6244022786003525,2.430454909167478,3.247143420272252,0.9917918499015581,12
456.57142857142856,7.02901662007262,2.450402435207682,3.2237965916564737,1.047453495456405,12
456.6428571428571,4.739919055164902,1.971776543462949,2.2282317123516986,0.7851813552281661,12
456.71428571428567,13.110779986810336,7.541364609562757,5.804370018132703,3.364502219542432,12
456.7857142857143,6.407238628978387,2.849639598389864,2.9367797699738434,1.1968297861866624,12
456.8571428571428,4.414376445918502,1.9727467241288086,1.908063510897304,0.7670710142149215,12
456.9285714285714,5.7646077275491585,1.9654783861757807,2.4719450632276097,0.7939325209625179,12
457.0,5.068958112145603,1.6215484288248627,3.366078893922756,1.8918508648346104,12
457.07142857142856,4.7751448059077175,1.7226250589993841,1.9435784600081905,0.6853540879940154,12
457.1428571428571,7.731029219564305,2.570993893291691,3.4423794294294585,1.2041776964232604,12
457.21428571428567,9.230217067304846,2.2349912614380627,5.6507147509788265,2.510740736213435,12
457.2857142857143,8.159687012329334,2.2896791121815125,4.633380308126409,1.8571324040781731,12
457.3571428571428,7.915006473923181,1.8696649206433025,3.763417521159811,0.8417417888302803,12
457.4285714285714,8.63695596458006,2.305465331375792,4.285784516829123,1.0479505112246292,12
457.5,5.080838215028754,1.3081249821501202,2.445083985779136,0.5978425952680946,12
457.57142857142856,4.279322615077686,1.0708533980657964,1.9840830103425233,0.45460588982643474,12
457.6428571428571,4.289008494976333,0.9711244418224881,2.0807298453731042,0.6120510786983123,12
457.71428571428567,9.511533126891226,3.1592338269619358,4.00051464516158,1.3668640522243112,12
457.7857142857143,5.124486141245156,1.6085771695238842,2.5328298623177536,0.8383357424577358,12
457.8571428571428,5.650732360471912,1.5232446859657203,2.547393498735544,0.5977205238134053,12
457.9285714285714,8.506405114550581,2.8157395651736126,3.900384286884709,1.2266112126590796,12
458.0,6.976993880201313,2.1064876533926373,3.2210389487111954,0.9414726883676006,12
458.07142857142856,5.490877730734946,1.2209488043115788,2.5292345008659916,0.6442966391850277,12
458.1428571428571,7.659655346466852,2.1656874052658015,3.1229071056943116,0.982824386771896,12
458.21428571428567,7.561182192139243,2.589092621684921,4.70565113990238,2.3804159307843094,12
458.2857142857143,6.125623507036427,1.9508501566384095,3.8255858276041916,1.8525747697317947,12
458.3571428571428,5.128445123866217,1.7602050520517591,2.356119025123712,0.7015825892108645,12
458.4285714285714,4.918548137023794,1.4769319285347224,2.356731208214361,0.6492057130692049,12
458.5,4.950420734981771,1.7419184712997389,2.477701482831228,0.778576858440892,12
458.57142857142856,8.430486132702548,1.8688056016324082,3.7534379273332603,0.9004925637152796,12
458.6428571428571,6.565390581631573,1.67615928876885,3.022871407311329,0.7745315811443553,12
458.71428571428567,4.493981864099144,1.0168034562839168,2.411192845804471,0.57968321455962,12
458.7857142857143,4.621823398273093,0.9810767026209366,2.408986316401262,0.47576476185877836,12
458.8571428571428,8.815951283625886,2.529816635088735,3.9715625569399764,1.1059485688078419,12
458.9285714285714,8.41159975167619,2.786433388766251,3.8965769474464342,1.2049608815839727,12
459.0,12.67493096473649,3.6128591854128986,6.485027985012684,1.9754653228746109,12
459.07142857142856,20.789825735630117,13.21381010347139,9.397422510228393,5.8901463403475764,12
459.1428571428571,12.305192038871944,6.678443247786972,5.449735090128943,2.985877696184964,12
459.21428571428567,15.849102743214269,8.435675846638775,8.45450253229488,4.2495414032782195,12
459.2857142857143,14.582304714314402,8.475653165166742,6.46387639804552,3.794525731714382,12
459.3571428571428,20.354834366124457,12.456632015031655,10.146963720313805,5.719457992390806,12
459.4285714285714,6.161983998681265,2.5960496337386925,3.2107423136347415,1.3517495990514188,12
459.5,5.704512662253088,2.2615168488685535,2.963843761927829,1.1965530430682076,12
459.57142857142856,6.421444080443764,1.6281364026922973,2.8204980913257782,0.662331726183052,12
459.6428571428571,7.486903722817874,2.157362773312697,3.5393622350925242,0.9732366709413547,12
459.71428571428567,11.5375348238582,5.0196269586276046,5.088068131567521,2.1984287894703503,12
459.7857142857143,5.122949473541191,1.8221658766662399,3.473888256470106,2.0953504413667527,12
459.8571428571428,5.059114583543599,1.4111127113748718,2.5389288231979443,0.6783600251190669,12
459.9285714285714,7.324482142021978,2.601401536249008,3.511954900418424,1.2515715990292342,12
460.0,5.591819320104222,1.8663408709236204,3.59958041067785,1.7469759380602319,12
460.07142857142856,10.240729182838141,5.014408808348644,4.858426392713462,2.2212009147915963,12
460.1428571428571,8.567009854417602,3.820921552685169,3.795349534915555,1.67640440156872,12
460.21428571428567,11.679687844300497,6.02851650803682,5.594611482123965,2.728198188215604,12
460.2857142857143,9.99391814335768,5.3442598489326,5.097014109885889,2.627773169488989,12
460.3571428571428,10.689453036999481,4.271741852921311,6.339054743677796,3.0997507853977573,12
460.4285714285714,3.036822655903144,0.6762904788703016,1.5151006668716542,0.6064189298494358,12
460.5,4.430663233582947,1.0990298773128744,2.1833788030409735,0.642142606276935,12
460.57142857142856,7.822593769370351,2.9531093547075917,3.91963281207325,1.3499915845648685,12
460.6428571428571,8.414956698948867,3.7675980041024233,5.116718271281368,2.5669321494840434,12
460.71428571428567,6.995614411906038,2.4589280548415995,3.16817075889223,0.9919133083271688,12
460.7857142857143,6.445866362382329,1.9704250519175712,3.9806397133061155,2.005676179453358,12
460.8571428571428,4.1048815167539505,1.1091058557837423,2.041821701168624,0.6598915248947318,12
460.9285714285714,6.6916651360199895,2.5270331183053196,2.9482772998402016,1.095645950158129,12
461.0,8.256743553820138,2.137154740435218,4.655536101361249,1.8096631749626069,12
461.07142857142856,8.017853366537693,2.43671788880774,3.6353748455498742,1.0638242748537692,12
461.1428571428571,6.194614933387975,2.126586842712193,2.8928176761608677,0.9918643995792508,12
461.21428571428567,6.064949810609956,1.5396036428008122,2.962459847756675,0.7540928274767688,12
461.2857142857143,8.134755964483752,2.0053462004986335,4.354326039226324,1.4943669154858967,12
461.3571428571428,7.792769244195161,2.8849842516649367,3.8806905080221155,1.3306521000670692,12
461.4285714285714,6.4586758194859035,2.1028212352731055,3.1184306210474095,0.9440207553286223,12
461.5,6.524002499465992,1.7095462938061012,2.969120939028919,0.7205925155417012,12
461.57142857142856,10.182846629747385,3.9383308826538816,4.673519695021296,1.7720078286876868,12
461.6428571428571,9.715474028073414,3.5059724313066636,5.522376066999295,2.376235916115609,12
461.71428571428567,5.311926627189204,1.7686149145234655,2.4821930793208904,0.7482863960368179,12
461.7857142857143,6.782730480379453,1.9546711459080781,3.4064432646528684,0.986650832060588,12
461.8571428571428,6.3680135804969815,1.669525077408391,3.0622878944464214,0.7385292592575932,12
461.9285714285714,4.802307854486727,1.8739132146344168,2.1200541655560787,0.8922380574747251,12
462.0,6.99577033834965,1.9023304377593564,4.161203831947036,1.9821127527906728,12
462.07142857142856,4.420979610434991,1.1204579364445417,1.7699978122335709,0.47022537821932864,12
462.1428571428571,5.773159714017049,1.3899373095436096,2.6972991077019755,0.5893411234659987,12
462.21428571428567,6.579030011406379,2.1046156636160243,2.9786804928256387,0.9224390503321853,12
462.2857142857143,4.510980625767418,1.8394884933893028,2.0737400748773185,0.9171333298416444,12
462.3571428571428,5.772069456146048,1.7830267004551212,2.5297334834077363,0.7947201155493069,12
462.4285714285714,6.809650950590995,1.797329265213247,2.8949853386233197,0.8167972661823253,12
462.5,6.701740757242561,2.2187466663869295,3.138022259357262,0.9668961605634285,12
462.57142857142856,10.337078681272736,3.4035741360168457,4.684714559249638,1.467940084952391,12
462.6428571428571,5.9329146114290054,1.265419470766296,2.558753115557187,0.5373300640238767,12
462.71428571428567,5.1434902589577725,1.0362017989067869,2.213762880909694,0.48977777495390623,12
462.7857142857143,6.671219805888774,1.6189306464878985,3.069653196782396,0.8671294262444639,12
462.8571428571428,5.583578128818171,1.5427833832045674,2.8155485918107965,0.7276266744741583,12
462.9285714285714,6.330045437104771,2.2895690113326714,2.898301328159741,1.0180831585299333,12
463.0,7.803014120793189,3.2371037696025993,3.27855042566007,1.433571229051021,12
463.07142857142856,7.719637911462388,2.9815848277764423,3.385383842395241,1.3383689723444734,12
463.1428571428571,4.395598260083631,1.46221539647235,2.0152974608238865,0.690014969236783,12
463.21428571428567,7.632045207925028,4.414786764628652,3.600751681872876,1.9606452983320384,12
463.2857142857143,5.637629265078478,2.227928483133075,2.7622902416537123,1.0184757084563631,12
463.3571428571428,3.5715857749517563,0.8202429576428981,1.3401422336272801,0.3104386586459586,12
463.4285714285714,4.5440503186380585,1.2419427657045805,1.7156951750665606,0.44117372614709655,12
463.5,7.0106970739730885,2.8342868024844448,3.0809827740865474,1.3052035925978573,12
463.57142857142856,8.331763062551229,2.9113618818468914,3.2936660350411127,1.2822531918228741,12
463.6428571428571,5.077448740893094,1.9858708831233576,1.986077724350209,1.0084222071390174,12
463.71428571428567,6.733709422909249,3.333142664537822,3.2314593100422484,1.6989748951191954,12
463.7857142857143,6.58776875481501,2.325708583126921,2.8398078385076664,1.005200363467893,12
463.8571428571428,10.002405859208285,3.1502582402118735,4.439167448836143,1.396582135567072,12
463.9285714285714,6.117221437272847,2.017432621882874,2.804064372959256,1.0323333474627991,12
464.0,3.131152776319927,0.8756843634998218,1.6048494167619232,0.46207796285505975,12
464.07142857142856,5.062785520514351,1.905191320721195,2.520816148032113,0.9750625931460786,12
464.1428571428571,7.305254643075649,2.0436213669878573,4.479281645752698,2.1075704480092408,12
464.21428571428567,10.830672816227716,4.721189276101636,4.812795593032852,2.101542963416866,12
464.2857142857143,9.952950400104509,2.9005481169445777,5.633314752865154,2.3908039176496683,12
464.3571428571428,5.6841171588847885,1.5285596025138268,2.422664219361705,0.641564150051157,12
464.4285714285714,5.604481695810626,1.3904741441894646,2.4044994543580436,0.5404045594488928,12
464.5,11.897146007796822,3.6874330668793847,6.628768542977877,2.4804253493379047,12
464.57142857142856,4.855182523574405,1.2137977565910711,2.2200347117700647,0.5331920834251549,12
464.6428571428571,6.016474744449368,1.6895332468710431,2.7053214839518613,0.6924119795443752,12
464.71428571428567,7.034104437139445,1.9024625117451692,2.9659179430335105,0.7332179559073397,12
464.7857142857143,8.623035147418259,2.6147837508650746,3.8091401943172,1.1573529080239067,12
464.8571428571428,6.643473618847936,2.0753173207191367,2.8526699433597256,0.8939363257604187,12
464.9285714285714,6.295384904614849,1.7718407274745172,2.9182995221496246,0.8318035353303614,12
465.0,6.736744300765483,1.7156465470962894,3.061512316428372,0.7181261068866998,12
465.07142857142856,9.066355411376735,3.347913658732768,4.174526620080699,1.4650906117234566,12
465.1428571428571,10.325094172282725,3.424042809896131,5.989648995112538,2.3591750807502616,12
465.21428571428567,7.442016901467264,3.0139498897173036,3.2738138095071654,1.2805913829185576,12
465.2857142857143,11.22200379765358,3.310871186812765,6.220450307071619,2.1687516798188033,12
465.3571428571428,8.734854571986945,2.67408564843942,4.047266293327209,1.0874004255749294,12
465.4285714285714,10.738348455977055,2.9417510869820873,5.749199217889434,2.1150886147828913,12
465.5,11.586929143900639,4.304859434201357,4.8306186382070555,1.8479202619484816,12
465.57142857142856,7.4348608150538675,2.717221278667819,3.3180853674008235,1.2228823607177055,12
465.6428571428571,6.102912762226382,1.9257976903305056,2.750066541128282,0.85580053133273,12
465.71428571428567,6.64962473048037,1.920096772217839,3.198451478231075,0.9322361321208075,12
465.7857142857143,8.41486293098481,2.419903594111801,3.9092074580030105,1.0891624069079926,12
465.8571428571428,10.300355354765598,4.460072333286007,4.4834991073694,1.926403809786903,12
465.9285714285714,7.130861024001987,2.2239937609208518,3.4318268011469466,1.0255422168699384,12
466.0,10.116970240860555,3.05312708908394,5.1767656607348735,1.9287794114613788,12
466.07142857142856,6.653847037358233,2.225730812117279,2.9849324453596724,0.9887107755441888,12
466.1428571428571,12.251868076435267,4.294527898330868,5.021299865131883,1.7743384767817354,12
466.21428571428567,8.986640413394277,3.3777390052351013,5.197908244001059,2.3923538058261613,12
466.2857142857143,8.092141388116039,2.2747101096386797,3.5241860952892186,1.0326597929830157,12
466.3571428571428,7.3717811741817085,2.424571448895195,3.3579540211294185,1.1094155685019715,12
466.4285714285714,9.878752528521336,3.261748310412702,5.59043740635058,2.5546695361932166,12
466.5,9.570684693286884,2.831190698595739,5.9178196492207835,2.6653172256866338,12
466.57142857142856,8.28535619573381,2.051646585383941,3.807119382344854,0.9087632768187641,12
466.6428571428571,7.146664238656204,2.4482660957809355,3.2896715753116097,0.9835865891503098,12
466.71428571428567,5.269418830854144,1.9631528044591597,2.5367352663826512,0.8197923706786738,12
466.7857142857143,6.116387426194735,2.3959587098897,3.0042435694301863,1.0498252946051454,12
466.8571428571428,7.792315736134806,2.8653424100869365,3.4321530722488585,1.2644399427516266,12
466.9285714285714,4.636830314163787,1.9465267010547118,2.0828199069884112,0.8323765221896167,12
467.0,6.312650879722802,2.0115625687592513,3.9279101067036124,2.101534830118218,12
467.07142857142856,9.836903322325545,6.3297030224803175,4.477799514718953,2.8275844953464517,12
467.1428571428571,11.472433042455947,6.347783209675259,5.120329335511114,2.818884103434845,12
467.21428571428567,12.55103148737755,6.344938559962224,6.942669374002412,3.322892220688998,12
467.2857142857143,9.267429637510881,3.4967692039243783,4.048929151499615,1.7194415000304892,12
467.3571428571428,5.1455913819703945,1.4946193436592567,2.5369969760338678,0.6915776363769814,12
467.4285714285714,7.521465632292102,2.6347535636101043,3.600868947151159,1.2230699434523833,12
467.5,9.051199119472198,2.170653595274426,4.425832059997837,1.006697792165462,12
467.57142857142856,8.38872468658883,2.3083288988690476,4.36361607958978,1.1540328344992352,12
467.6428571428571,6.59518611300941,2.2983085573422244,3.196852006453651,1.0927262573193968,12
467.71428571428567,5.6784518612726185,2.810658593346382,2.893076206902859,1.4134171879276605,12
467.7857142857143,7.8397948404672455,3.391705320545911,3.803337148917431,1.6108072500926622,12
467.8571428571428,6.28205058329719,3.804080184023278,3.7551730168072712,2.0262281589802917,12
467.9285714285714,10.523162616636286,6.413380466860249,5.261356730981249,2.9000576127562994,12
468.0,10.341714318753802,5.64849578801562,5.265724497125179,2.557726469101903,12
468.07142857142856,11.489547996312716,6.281347915283463,5.174839409669495,2.8319900464292367,12
468.1428571428571,11.022423087647857,4.051926346006709,4.984017013564575,1.8352679029400458,12
468.21428571428567,3.394624434099901,1.033420417473687,1.690836254636788,0.7040027637474523,12
468.2857142857143,7.125357044576851,2.2024026354416057,3.5275559637167646,1.1045416440102473,12
468.3571428571428,6.286694980616176,2.4455712130582365,2.8069452518223423,1.1268996142881504,12
468.4285714285714,8.46616334331536,2.616217087284858,3.9336242318697283,1.1975487804172904,12
468.5,5.512974777057221,1.6981528609404102,2.442343853579842,0.763925570386684,12
468.57142857142856,6.740786809273616,2.465583350429571,2.932669020828967,1.0969103694688016,12
468.6428571428571,14.496854519038576,7.273963850867856,6.551241797540186,3.207572454058404,12
468.71428571428567,11.453533480429456,7.461944092026306,5.06120928807784,3.3321041046788142,12
468.7857142857143,7.827336443779964,3.336889960554513,3.659804042680978,1.5089555414612037,12
468.8571428571428,5.1873553590585955,2.7181553668200693,2.1555455890463535,1.0717316225339704,12
468.9285714285714,6.115384930889289,2.342469628348363,2.6816688409256133,0.948576278242009,12
469.0,6.002003398566033,2.5231279761958403,2.748401797928538,1.0128839858859453,12
469.07142857142856,5.151714226016327,2.5454171504048504,1.943711888473063,1.008447124732406,12
469.1428571428571,7.042796620484791,2.2056309375838583,3.2782188084694,1.069126780812713,12
469.21428571428567,15.074486219832593,9.747301637939879,6.882688468727506,4.360290279151547,12
469.2857142857143,16.70530923611166,5.811206768113802,7.812811878458382,2.505390761448123,12
469.3571428571428,5.4535626711973,2.7230205865375665,2.946590826506351,1.2834212676069885,12
469.4285714285714,10.7044844282958,4.2122751746742,5.403500975979457,1.8513017142231918,12
469.5,6.215602313045832,2.6878417346100485,3.2611445728360877,1.31085275902586,12
469.57142857142856,9.232779946838962,3.3341772670022602,4.637619596640347,1.6113196497290911,12
469.6428571428571,8.091726671368965,2.9536835611116046,4.229298910476462,1.534289467323081,12
469.71428571428567,8.909538443447042,3.092559036781688,4.417830420672538,1.530991467301733,12
469.7857142857143,8.421808100814477,3.0330887729808604,4.307599516156869,1.3655578263011856,12
469.8571428571428,9.03691232791107,2.923251565148951,4.448691160333652,1.4221054799063388,12
469.9285714285714,13.92367082935133,6.450841288896272,6.566881600393546,2.875871757113627,12
470.0,7.792858912861082,3.063397872099367,3.842379127057188,1.3368317569613106,12
470.07142857142856,7.167799797097256,3.837827084380324,3.544008773005423,1.804175118008284,12
470.1428571428571,14.116442360260685,4.825924228032335,6.500359002731989,2.015112497554046,12
470.21428571428567,12.666345810023591,4.938985320294753,5.897366555975594,2.0593508763445194,12
470.2857142857143,11.817612912885009,3.7483989892732406,5.575415029132271,1.5415452091275699,12
470.3571428571428,8.270446093128633,3.653227545499922,3.6326337281799175,1.4625438184214261,12
470.4285714285714,6.328053705128808,2.6690498085398593,2.7839645400741575,1.0795370117681788,12
470.5,7.932390692581017,3.088907388019061,3.487755220835396,1.2551110718207552,12
470.57142857142856,10.315427594939367,4.306832724291477,4.665912257575402,1.960242688690417,12
470.6428571428571,11.663009427172854,3.204266098715723,5.642256812305936,1.326834356155404,12
470.71428571428567,10.322418302740756,3.5823151610065374,4.854785696439101,1.5250180661961639,12
470.7857142857143,7.547075800466029,2.8963112108008886,3.4104261505305593,1.2052375342039525,12
470.8571428571428,8.119302022112457,2.6026545868201865,3.7482798623501687,1.1295113550262852,12
470.9285714285714,5.546199737855477,2.4014950294360338,2.45792653815019,0.9668997713006479,12
471.0,8.497947163127074,2.9141343831550155,3.7810851450774225,1.300092533619129,12
471.07142857142856,7.3613592138046124,2.462161918074456,3.3256999217106182,1.0911442619174978,12
471.1428571428571,6.379325751899405,1.9153709572693707,3.1804525081363613,0.9877003064789294,12
471.21428571428567,9.096409378039645,2.6968838638144477,4.571554273381619,1.3037059920361396,12
471.2857142857143,6.546322014444536,1.9557971178330227,3.5229913823071657,1.011562081402012,12
471.3571428571428,5.4191397218886905,2.334060891858233,2.33823087377228,0.8740846800253067,12
471.4285714285714,10.016672008809966,5.741007240839634,4.592366636258101,2.6058989974002342,12
471.5,10.237775344821287,5.558038570032099,4.648691784811206,2.4421249294444713,12
471.57142857142856,12.391248412237088,5.362509049827734,5.531774695151478,2.38092490956952,12
471.6428571428571,12.405415299523396,4.222483559226181,5.857128152944015,1.8361208068766772,12
471.71428571428567,7.480446385535887,2.0559879479434993,3.172255439009494,0.9727378404426108,12
471.7857142857143,11.619593406137275,5.649532642852607,5.276096954736334,2.5311987551756734,12
471.8571428571428,14.131803170571693,5.70833032121061,6.605910577951343,2.5312133397103116,12
471.9285714285714,3.557051071387217,1.0094498299427241,1.7329209277651525,0.41052903116674094,12
472.0,7.656353258941183,1.9859799140014829,3.716659927795912,1.049353358953531,12
472.07142857142856,6.331729474008497,2.417137988696405,3.0934720367495956,1.1009433225681806,12
472.1428571428571,6.94286690007364,2.5229528452717993,3.0980189967360032,1.129160832841423,12
472.21428571428567,7.142102965855604,2.8020876460336757,3.535342256736037,1.2778274171974144,12
472.2857142857143,8.954993657453816,4.258773066983524,3.9550591139603863,1.8679272692095166,12
472.3571428571428,9.522762520771126,2.9321203779312985,4.62712881378165,1.4360191567186154,12
472.4285714285714,3.5390652218961036,1.5591560203011885,1.3936448806588186,0.6365678188814953,12
472.5,8.778925186078474,2.991638291661145,4.204548067697316,1.4641664567785282,12
472.57142857142856,8.318684363384696,2.211843491596027,3.993769914481568,1.062423648427099,12
472.6428571428571,10.378827357645426,3.2749778583835782,6.036810745657081,2.2615829667883927,12
472.71428571428567,5.355301224954393,1.8759834132843178,2.4218068980075946,0.9701583360139883,12
472.7857142857143,7.6804713295318185,2.3486742291993856,3.7283730805458495,1.2201908180091343,12
472.8571428571428,11.578680219555372,4.640809450979626,5.332991377617888,2.119941902386487,12
472.9285714285714,7.134021582623998,2.9946469465560237,3.2197955520242227,1.4110202597566375,12
473.0,6.779974439632688,2.7987854521966677,2.9819786432581634,1.3675054148834027,12
473.07142857142856,12.030623459787288,5.1216924282636045,5.95548207266219,2.3369881786971494,12
473.1428571428571,10.518334860488915,3.190186050452131,5.269034216946576,1.4546298780757816,12
473.21428571428567,10.975040952025205,3.2003778980026536,5.427057967835936,1.4150306199231608,12
473.2857142857143,9.214371604661396,2.941845137901344,4.586813704079522,1.3871014447701953,12
473.3571428571428,14.742115831282524,7.810780229512474,6.837232231611108,3.4698408899468256,12
473.4285714285714,8.564075946132247,3.003573969038514,4.234189774890226,1.284104863419259,12
473.5,9.157667486252898,3.1041956220903044,4.417367034430099,1.356518059951055,12
473.57142857142856,10.258105925896556,3.078942123609249,4.670085868575361,1.3592330700259347,12
473.6428571428571,10.051913588696705,3.0455556568612105,5.704986749050215,2.31866512057713,12
473.71428571428567,17.470814042439994,8.136295025091085,8.129288809747749,3.5731831480401928,12
473.7857142857143,10.704858534359802,3.3752725900442075,4.943067140002825,1.4304913462992477,12
473.8571428571428,9.849734148968338,2.899242041286856,4.5529601906195225,1.2903293722434337,12
473.9285714285714,8.160772351611158,2.436104042697281,4.130668820333494,1.1176220535774735,12
474.0,9.70369748571476,2.6910695455115103,4.747493302969368,1.2146467487955137,12
474.07142857142856,10.275178615721279,2.9694119123602074,5.005637027901129,1.2292126796613343,12
474.1428571428571,6.776615696849284,2.2562332614939873,3.291678942957299,1.018464982948505,12
474.21428571428567,9.594000624541088,3.088607437481854,4.648658112284326,1.3937755932495126,12
474.2857142857143,9.820500727416153,2.7979492403054054,4.709533159023618,1.2223092210214392,12
474.3571428571428,6.967152056517381,2.0542769116675617,3.5207915446237665,0.9804775257165387,12
474.4285714285714,9.750052668230403,3.1315186839567524,4.431972383287623,1.346241614284089,12
474.5,8.682561205576418,2.8298082105704787,4.206980721324982,1.3039456269854501,12
474.57142857142856,9.804204916185878,2.8527377342426736,4.710151330051541,1.2659696215668659,12
474.6428571428571,9.157443315705121,3.035408833970041,4.484615548568132,1.2741246156915589,12
474.71428571428567,10.353878419610215,3.9871708333701497,4.842357506349171,1.6220994789871845,12
474.7857142857143,5.802754354383485,1.398198791486535,3.199348736719611,0.9231609393046745,12
474.8571428571428,13.605509743210797,6.045283823635543,6.653612013702535,2.66826248344631,12
474.9285714285714,7.775186826023931,2.1282189321024205,3.7972724040723325,1.0740288244883567,12
475.0,8.12568808151477,2.355526614068264,3.498714160139113,0.9474585973498625,12
475.07142857142856,12.547530277129162,4.637632339167077,5.340943961360729,1.826652215890983,12
475.1428571428571,8.493552992628528,2.3124859380077014,4.017422912566305,1.0625218793371358,12
475.21428571428567,5.743664362812642,1.9921647932886888,2.569331226970504,0.7981191458151214,12
475.2857142857143,4.860318570684419,1.6436800443333568,2.1650810508052776,0.7275486223566318,12
475.3571428571428,6.345184616278896,2.4506769682707743,2.6793919979093435,0.9424635420887902,12
475.4285714285714,4.357355834031941,1.2920318550177117,1.9971760139946224,0.503190586198734,12
475.5,5.791797493256378,1.4169583852337115,2.629634862360597,0.6020735378058043,12
475.57142857142856,6.455953392861357,1.8913401617785128,2.7646662555314454,0.7816210965218352,12
475.6428571428571,6.405443918595964,1.5870075405618398,2.9719587442037634,0.7315785254148502,12
475.71428571428567,6.71674809414093,1.826138453441826,3.026904414968624,0.7819092113188062,12
475.7857142857143,6.949085107849128,2.337281489222844,3.420164114546677,1.0535808074121644,12
475.8571428571428,8.279038507183252,3.1231027553055495,4.112306594282437,1.333449418367047,12
475.9285714285714,6.819648001441696,2.381944470671768,3.154119049227975,1.149875338814861,12
476.0,6.666505288277469,1.8902236240254693,3.1416138568811323,0.9000044905670805,12
476.07142857142856,6.37751476998967,2.1775836600206313,2.8879892026568585,1.0188274953711267,12
476.1428571428571,8.532629549668739,2.4511496944971958,3.8771955440807093,1.055821388656691,12
476.21428571428567,7.6380822187499975,2.922869531555445,3.432568620133173,1.2650251472741714,12
476.2857142857143,8.213631246805404,3.1062501740012407,3.9321213997508853,1.3263487494084367,12
476.3571428571428,9.115313026416606,3.706840208617033,3.997710999065347,1.4765445925254386,12
476.4285714285714,8.945327099518451,3.8295184767547163,3.600349747961646,1.491000301625887,12
476.5,15.171476937270471,7.639834715689355,6.581221714692338,3.307952778205841,12
476.57142857142856,16.20635551871694,9.383555061073103,7.13347414121585,4.097303760448647,12
476.6428571428571,14.176218436727984,7.240466379797287,6.286377907421973,3.083064997589186,12
476.71428571428567,14.488378513252423,7.550174990551397,6.407135646724873,3.1914208659639867,12
476.7857142857143,17.699655958973615,9.284323438332255,7.640413079622116,4.0315513758423664,12
476.8571428571428,23.830417844918944,14.094766811464178,10.314917385167778,6.229242080277006,12
476.9285714285714,23.548906839256997,14.172561423675734,10.303142545030267,6.248513957189378,12
477.0,17.49068566494217,9.659706138393437,7.621679892103072,4.218528102920104,12
477.07142857142856,16.972816037372723,8.030473188672248,7.280073286623294,3.459493114138152,12
477.1428571428571,17.723850273685073,9.136149132117785,7.933852324673308,3.9748852509169663,12
477.21428571428567,20.450372742941088,8.679278579678849,10.335437621911343,4.133652351461459,12
477.2857142857143,14.912712685183537,8.11372480005906,6.462496339766503,3.5643604816139707,12
477.3571428571428,15.830791080976303,8.094259371204293,6.811502394359636,3.537020691748056,12
477.4285714285714,13.527065032074255,8.063979359928643,5.957249641047152,3.5526617824244253,12
477.5,6.189670949743353,2.7381947726252807,2.7428526442974817,1.0893929839544572,12
477.57142857142856,7.303636113214194,2.9898155037041216,3.78006300812593,1.5631104730163055,12
477.6428571428571,15.356907431914161,7.919910696055532,7.051548809183705,3.6359625062326026,12
477.71428571428567,12.372804466937959,6.213947015731147,7.119159581394081,3.2390433403665337,12
477.7857142857143,5.433392467110786,1.7054505837033815,2.778898014427766,0.7990160990694308,12
477.8571428571428,8.415991973761146,3.848172691195676,3.3157973193704158,1.5314259992342525,12
477.9285714285714,8.390154769929683,3.150447500469882,3.5509495011731076,1.2558814937087779,12
478.0,6.057190139583514,1.5536857582633137,2.67325418198602,0.639458163281481,12
478.07142857142856,7.751883521332374,2.663986873971007,3.040631376305953,1.1017220800045497,12
478.1428571428571,9.0914609992671,2.693613974613591,5.52671025409382,2.546680252365671,12
478.21428571428567,8.74662840344174,2.6653355497950932,4.953341338184006,1.9418940390831363,12
478.2857142857143,4.970445804980368,1.2130651344188212,2.4623219008919732,0.7380198539955041,12
478.3571428571428,10.758166136263474,6.709205484304812,5.236539333440107,3.008290513503364,12
478.4285714285714,14.775241444902418,8.828973741578379,6.913862268312759,3.916601444041192,12
478.5,12.104780491881764,6.454413626448805,5.63278350466262,2.89871072011539,12
478.57142857142856,9.271889055549073,2.133073189197418,4.909920665383007,1.3911844513468434,12
478.6428571428571,8.982624107546883,2.069356267424472,4.554703189927471,1.2968054574504593,12
478.71428571428567,8.349933999079278,2.901742882735272,4.566825077249455,1.6574197125413113,12
478.7857142857143,10.664341763714374,5.602323553617761,5.230775108281031,2.523900598382274,12
478.8571428571428,9.670797073439243,2.616672537816407,5.7557586996431,2.3560528807981904,12
478.9285714285714,10.4914481564781,5.186563644897524,4.750072936866395,2.297488175949654,12
479.0,6.346773040224299,1.4824825557367365,2.8545670052236485,0.6289302012220654,12
479.07142857142856,14.99262623824041,8.426482461910327,6.547076611550033,3.724290893155318,12
479.1428571428571,9.144598590488586,2.672410733387967,5.571681548617191,2.4830632554317136,12
479.21428571428567,8.010067308114644,2.5257806200349373,3.8539817157741867,1.0745789603745792,12
479.2857142857143,4.975074599668942,1.2911191295929705,1.9854132522165138,0.5168311091464878,12
479.3571428571428,4.812056442309937,1.3748428899810021,2.0550176307264425,0.5985967608242161,12
479.4285714285714,5.219838136740659,1.4227292787365118,2.229002505950735,0.5957600434634882,12
479.5,4.412990291889412,1.0595232923878846,2.0180974303672636,0.5608209802572535,12
479.57142857142856,6.903011206036914,2.02362939880178,3.195980918655755,0.8443204005696886,12
479.6428571428571,7.02342022961457,1.9868707312872278,3.4335705777811394,1.0402168109529555,12
479.71428571428567,5.48931352425534,1.6586746800042598,2.8191875770611237,0.9997734309601858,12
479.7857142857143,5.4116384891071005,1.1302130960196393,3.0890645924387097,1.2156943528873532,12
479.8571428571428,7.602380314611192,2.662316571865169,5.12504484840993,2.6209365535741007,12
479.9285714285714,8.139919944146733,2.059630082886383,3.616191852092534,0.8991601409676863,12
480.0,8.990137765281604,2.236191337327624,4.018304765504934,0.9391342432490638,12
480.07142857142856,6.685020142903337,1.6660522936558972,3.0585780645845633,0.737282101766117,12
480.1428571428571,12.607057187519699,5.6028064045201,6.107329377005508,2.7070708955150575,12
480.21428571428567,6.937195074209334,1.8269208421761796,3.3096907546050733,0.8660459576997754,12
480.2857142857143,7.385994926467927,2.8433206678847496,3.0823989933929026,1.0910632066077837,12
480.3571428571428,9.01365348488915,3.650580485380974,4.02235255748954,1.4892808042046486,12
480.4285714285714,5.0498218507929264,1.3209692882173936,2.2800771678749445,0.5932959154283155,12
480.5,6.7063607186654375,1.7807870322868609,3.3597598589618016,1.2007148422041953,12
480.57142857142856,6.654307427173923,1.7465329869842798,3.1710171039324866,0.8696014226853543,12
480.6428571428571,9.969093192964824,2.516836195410377,4.73062136338358,1.2312196730178075,12
480.71428571428567,7.702517247624079,2.8482466352583824,4.124063261091454,1.4483471874884033,12
480.7857142857143,6.937176212804431,2.2690145445343535,4.536978766825771,2.0807714540459954,12
480.8571428571428,9.958143660343362,2.7751770459240763,5.134594758191703,1.4695701668462435,12
480.9285714285714,8.061369205410584,2.1493257938001284,3.9217938296873105,0.9426173029464784,12
481.0,8.17739080876676,2.361341411287274,3.9948444326056434,1.04326880905237,12
481.07142857142856,7.210974005000343,2.019021870413433,3.173141797712429,0.8720116112647588,12
481.1428571428571,7.958630992864423,2.527939141799484,4.886730423795352,2.2759396441163715,12
481.21428571428567,6.93356960606386,2.295615025170543,3.2376663729116344,0.9721136227734418,12
481.2857142857143,8.128417870895321,2.850926221271614,3.655994665838577,1.4781537507879645,12
481.3571428571428,12.486179057869377,5.135037952735058,5.936227503589941,2.5451373275726583,12
481.4285714285714,11.707970213533265,3.717741493673892,5.582486879015803,2.075205937018906,12
481.5,9.503900387398037,2.46427341575065,4.145926244652352,1.1044716733197673,12
481.57142857142856,8.762692760186496,3.4005637367236585,4.78534893828901,2.0908570822210986,12
481.6428571428571,10.272809871737442,3.0343792132622824,5.959839727856674,2.2194674022860106,12
481.71428571428567,8.994368973749753,3.6034027894715135,4.196705123251789,1.4761451167763595,12
481.7857142857143,9.255573738627518,3.261002498440562,4.63780474631739,2.0475832926862436,12
481.8571428571428,9.843960449203594,3.28719516422489,4.539415302091143,1.4630595365960148,12
481.9285714285714,10.983816805198288,3.582253602388839,5.345217212858131,1.9877617512346344,12
482.0,13.097195668317205,3.469143685717877,6.505182388369248,2.140645736664437,12
482.07142857142856,13.977683279894284,4.510114810496486,7.693311843595367,3.1879432034304194,12
482.1428571428571,14.441609124641781,4.8330887014311035,8.783304755029409,3.6193037660218246,12
482.21428571428567,9.777335818069488,4.5266242943197135,5.539240431289958,3.314532168194279,12
482.2857142857143,11.75650354735452,3.64155806079966,6.097900936282258,2.2042975607702213,12
482.3571428571428,9.248135051809314,2.8400583823660055,4.497713196455411,1.3065741493875058,12
482.4285714285714,6.013072617218472,1.3603538581099497,3.1159714278218145,0.7390953718342802,12
482.5,7.988247266038971,3.015105059427162,3.9377163700097553,1.386544161020632,12
482.57142857142856,6.116830593435412,2.2470915687361046,3.272267676426853,1.5734513100374652,12
482.6428571428571,8.003827038938224,2.1219673285782608,5.004376371477104,2.139288862831502,12
482.71428571428567,3.9959488203115985,1.3211882178301406,2.1354545588686102,0.9735201237113964,12
482.7857142857143,5.7128338387918625,1.5447811365032864,2.9383432170362425,1.0670750071089194,12
482.8571428571428,6.248937615515032,2.8358985312109475,3.361449474250208,1.4763878778993882,12
482.9285714285714,4.28453715231901,1.4919576822732614,2.443930296671401,1.105938222712883,12
483.0,12.098537790908745,3.037745720760421,7.449837370652281,2.3160010669634827,12
483.07142857142856,13.023857556946696,2.7225823477660924,7.4032296288172965,1.9564968385753192,12
483.1428571428571,9.346165117212673,3.128154788889397,4.865584983025991,1.8028168491316714,12
483.21428571428567,11.665585356044913,4.157075909792883,6.260619837198643,2.8130407048007435,12
483.2857142857143,12.47209279658478,4.248188773162586,6.652997042570838,2.798859373831601,12
483.3571428571428,10.983331517666054,3.6130640510076324,5.0399381078243914,1.6048812037268663,12
483.4285714285714,12.484930845957784,4.3497882384165365,5.9522668116629385,1.836464034573224,12
483.5,11.028836613829041,3.835077827530247,5.305489673644633,1.692501109808006,12
483.57142857142856,10.924959568546173,3.5224134989939677,6.262244925909261,2.524830916226032,12
483.6428571428571,9.112628648714809,2.46361172996704,4.466147934384808,1.5146589474274699,12
483.71428571428567,7.359454720804913,3.005978760682315,3.6332322974381754,1.6217524744676848,12
483.7857142857143,8.402187462565346,3.1970329073104384,5.541087043890716,2.5308543739781024,12
483.8571428571428,9.61080095948297,3.960547040465948,4.963840140275149,1.8259368789430352,12
483.9285714285714,12.000724477441883,3.9692085835434407,5.8936755770828375,1.7684779531958226,12
484.0,12.794052089244559,5.116732154525644,7.978847498833746,3.4051519285041003,12
484.07142857142856,11.603627964806307,3.6943560545077108,7.1890005759241875,2.9282647148282237,12
484.1428571428571,6.095664922573921,1.8443318566701756,4.1919770428181256,2.0142686294744454,12
484.21428571428567,10.729830718837375,4.792153150114745,4.36676232861336,1.9902280223613877,12
484.2857142857143,8.44638850493415,2.448535308834144,4.2609401353048515,1.6132188068150768,12
484.3571428571428,6.70673136043089,2.10219489041464,3.2956368373103127,1.0103237010105552,12
484.4285714285714,8.684130492665371,4.262223729857428,3.7791095198223132,1.71426561112616,12
484.5,8.683852233186862,3.8926570204464483,3.8240061798146354,1.5744435498473945,12
484.57142857142856,10.844074532690938,3.7332726856192053,4.865233664164223,1.755609689093449,12
484.6428571428571,8.208238316629634,2.3406519403543644,4.155033568015581,1.6789487124578315,12
484.71428571428567,10.617400749988901,3.8762472094997005,5.427152311167331,2.0784991131671613,12
484.7857142857143,11.877781511906596,3.3782776486424937,6.5992410562902215,2.2003047237796856,12
484.8571428571428,10.330655003337673,3.1111013740831135,6.036713145685636,2.102254904870896,12
484.9285714285714,10.532348950954493,3.387481715131433,5.4848367178067,2.056808621826016,12
485.0,12.593554916075071,5.702680730866083,5.351110688101987,2.4601813701166373,12
485.07142857142856,10.017180315621378,3.3292894290328845,5.9976952190182224,2.5043059974025614,12
485.1428571428571,11.927886738532338,3.1891008334974185,6.601675896756961,2.1858678514710266,12
485.21428571428567,13.442329986126202,4.189478656327772,5.880888285738913,1.7390205973181143,12
485.2857142857143,10.256869876369427,3.072487910013034,4.596457566118563,1.285818731935864,12
485.3571428571428,13.43179694141594,3.7629785358264938,6.386243153941848,1.6813592618313704,12
485.4285714285714,15.703762937577062,5.046352149952487,8.518004568419402,2.6914435244208517,12
485.5,11.703323562240605,3.455924167653646,5.272857503077855,1.4779405050785561,12
485.57142857142856,16.26730723424785,4.035221844361686,8.799148946902704,2.402635707964702,12
485.6428571428571,13.672277034222892,4.989662968166894,5.93600661203134,2.1667064489993257,12
485.71428571428567,8.455939047623145,3.224971086924595,3.9126081731947933,1.2039378016098359,12
485.7857142857143,8.882032057920593,2.8072892489705064,5.156455625704566,2.2333729400131617,12
485.8571428571428,11.80910419268403,3.807949692771562,7.344853586485266,2.773920714064295,12
485.9285714285714,12.907583740730063,3.4096895673568812,7.3483257131839,2.2793671908901225,12
486.0,7.90849585236758,2.4409701829549535,3.6919113894151776,1.2275936603909243,12
486.07142857142856,9.388837536422644,2.6100754953406766,5.059874283781427,2.05730332810445,12
486.1428571428571,10.50757136773441,3.1144527415067107,5.244043646223533,1.5150152543579274,12
486.21428571428567,9.724506563955904,2.395951372796153,4.6741442721471405,1.2057702590285486,12
486.2857142857143,8.403020519612278,2.616955480557181,3.7360902933225533,0.9242638924876065,12
486.3571428571428,7.828631184848761,2.2704721331237097,3.6372688577623054,1.0340238893865592,12
486.4285714285714,10.734187046783473,2.835060225620332,6.417783589830535,2.363453019201759,12
486.5,9.367555602275532,2.5143490697815922,4.879901400119228,1.3269844233863568,12
486.57142857142856,8.748178306611885,2.6046897658544585,4.384550099368059,1.3619667882103346,12
486.6428571428571,7.3312390694917395,2.48954558469494,2.67198628830114,0.9637878602404052,12
486.71428571428567,8.882394692884855,2.9918407918652514,4.418386757847452,1.4609252909605754,12
486.7857142857143,8.937995247979817,3.6814455109367032,5.070370945866079,2.3849884758373974,12
486.8571428571428,7.546924691949119,2.4640243567444324,3.3264258750233147,1.1458466018175608,12
486.9285714285714,7.607199236216282,2.3008159575146174,3.433439650328116,0.9571583185081798,12
487.0,6.429231264308228,2.0296814350284507,3.1633648987516207,1.0925425913391196,12
487.07142857142856,12.409195391252194,5.221090740564429,5.653517809644688,2.2272712247109037,12
487.1428571428571,8.138209700386106,3.054103771339976,3.6226516843108474,1.1641318792507473,12
487.21428571428567,9.313421247731263,2.5272392916066564,5.64624941326295,2.1032602143439574,12
487.2857142857143,7.346121115365546,2.437173111377503,4.917673098402168,2.2494746071606255,12
487.3571428571428,18.95843690790771,8.002199271360537,10.247890334038892,3.7671508086785197,12
487.4285714285714,11.569463686489598,3.7445860935627056,5.305113169816775,1.5830959674591079,12
487.5,13.956717435344588,8.111881106662434,6.266222392771889,3.5599421796656068,12
487.57142857142856,9.249607453895463,3.435884621197086,4.245354641188057,1.6933939486990797,12
487.6428571428571,11.553760943833312,4.533759702855387,5.270854569738003,1.9445173042044355,12
487.71428571428567,10.515893736111147,3.0250141843010367,5.210056398857799,1.5818888330197889,12
487.7857142857143,9.72699975362504,3.552792529147382,4.436127969120025,1.4257756101179069,12
487.8571428571428,6.209676564063439,2.5516575947016076,2.839401789764145,1.125905435122021,12
487.9285714285714,9.708503946659667,3.6321584154425106,4.290927146203874,1.4374063299514983,12
488.0,10.34453100274464,3.1152312354502207,5.146903654714311,1.5473194367737244,12
488.07142857142856,7.599104438833362,2.469061410931897,3.303795770774217,1.0676727249946152,12
488.1428571428571,10.642135607305587,3.5228509465726336,4.522828960324606,1.3910154621229187,12
488.21428571428567,10.883144756399616,3.4241099938014874,6.368213652518275,2.3777877911486893,12
488.2857142857143,7.250541715112497,2.617499265435,3.505484752820128,1.4519116250516004,12
488.3571428571428,9.197674356144956,2.41661817685885,5.969764217509459,2.2974060554341955,12
488.4285714285714,6.488890014390861,1.6051704551762604,3.129034783563914,0.8869739572531942,12
488.5,4.89542259713167,1.4493781653237208,2.1901998440021226,0.6005910499545793,12
488.57142857142856,7.016134330715867,2.082189102848472,3.804816322864214,1.283469345479807,12
488.6428571428571,6.324171968165579,1.7717586736092141,2.698836745695879,0.6739566488041475,12
488.71428571428567,7.107617829275454,2.2486931824515684,3.615121547779349,1.3224129633055393,12
488.7857142857143,5.218485395833425,1.6784433714048372,2.317004168502267,0.7124291621359734,12
488.8571428571428,6.388545658166406,1.959984941486554,3.7682751574592968,1.8536297021328567,12
488.9285714285714,8.676860834633208,2.8170964665112708,4.107873474612395,1.5227277258457834,12
489.0,9.305637815403081,2.592572541572008,5.597529772220906,2.119568802526369,12
489.07142857142856,6.38012285813726,2.0339767082257896,3.2816949105513755,1.302814678839769,12
489.1428571428571,7.756091757500364,2.511578158679018,3.9972884138682634,1.3984208774604336,12
489.21428571428567,5.839565680578252,2.121407794974925,3.189333717952588,1.4094840953389294,12
489.2857142857143,10.83403256689319,2.5185495898493833,6.217886304741101,1.9901373367406616,12
489.3571428571428,10.309233863675137,2.448807779761281,4.910633257881541,1.354901243263669,12
489.4285714285714,8.12783245641124,2.698892856135539,3.540304520027227,1.1439833604328162,12
489.5,6.749393433683386,2.012181783109972,2.911628730502688,0.8401667595246715,12
489.57142857142856,4.905566447552498,1.5282214977482687,2.0756955848748158,0.6620098546677843,12
489.6428571428571,8.117254450542786,2.7142945076924976,3.2986868433260628,1.1606179993418357,12
489.71428571428567,5.687262282344151,2.0434075159430374,2.571024289912295,0.7892898097280001,12
489.7857142857143,6.637409414743452,2.2958832499310033,2.9854311614854625,0.9631421183684911,12
489.8571428571428,7.683021472344303,2.840511542167784,4.285176452968951,1.8435265799221767,12
489.9285714285714,7.593515775046971,2.6165786011838374,3.404693286713231,1.1510646950881547,12
490.0,5.709780782546046,1.993435433964421,3.5192047518867136,1.7367617864676128,12
490.07142857142856,5.59018505334299,1.8794280020545406,2.317220966213022,0.7694063182931341,12
490.1428571428571,7.123722057881083,2.2128374464290577,3.792526489641012,1.4044361612673475,12
490.21428571428567,5.923185807602295,1.8471679044639064,2.321053898527726,0.8039086655024498,12
490.2857142857143,5.662055469253653,2.040832701117485,2.5087956233371083,0.812843833636478,12
490.3571428571428,9.049967089833215,3.9771281482732324,3.9892258650499404,1.7379968722971542,12
490.4285714285714,5.8472147996834085,2.560357449721826,2.2755584500644384,1.0023927928436698,12
490.5,7.849792594986269,2.843824430313545,3.259278947623817,1.082402907006967,12
490.57142857142856,5.674770644343997,1.8078218233999612,2.542663034709375,0.7641439286356743,12
490.6428571428571,5.19910948374138,1.5390040797989128,2.1675571803347897,0.6303813201877899,12
490.71428571428567,6.489775124014358,2.082383756322465,3.151784732809628,1.3332801175037068,12
490.7857142857143,8.136682174048708,2.439727071221187,4.03588565534589,1.4507165768801666,12
490.8571428571428,7.019117048400557,2.1639124412011643,3.7170874567004937,1.406149710402255,12
490.9285714285714,12.321348955849807,6.855738446921781,5.4461051870633606,3.0065008592586295,12
491.0,10.17558696677807,4.992555826518155,4.489092739354368,2.168317346541308,12
491.07142857142856,5.695583524384415,1.8724654619393084,2.719731419805484,0.9163958501083546,12
491.1428571428571,7.706359532755349,2.43975600308561,3.764625144685102,1.499025359786951,12
491.21428571428567,4.865275313792846,1.7353360199100338,2.193519565452884,0.6979868797869079,12
491.2857142857143,5.559515068287115,1.786438288171536,2.129158155394962,0.6836879538945103,12
491.3571428571428,9.224953521985737,4.130822340916131,4.225211167244738,1.7561827390600657,12
491.4285714285714,6.289445362038953,2.9755616772748157,2.8893665505510397,1.13351806559107,12
491.5,7.441051092006332,3.4547587310883037,3.1675471760897724,1.2945021810422428,12
491.57142857142856,5.529819472264436,1.6541079587382113,2.3508802172377194,0.6485814164089178,12
491.6428571428571,5.004192931454313,1.6932694910698778,2.391013310052537,0.7395792284526582,12
491.71428571428567,7.130764555247109,2.4463357694004553,3.7129099474991696,1.4879558030543527,12
491.7857142857143,7.328873090988659,2.7015576844171907,3.7383571317808695,1.5444023974950183,12
491.8571428571428,6.033332579486713,2.6473556677003254,3.2069846142426264,1.5678968788649208,12
491.9285714285714,5.878722508013552,2.5842730873070585,2.4239080854102117,0.9731901030791882,12
492.0,6.000688823069456,2.426459215994696,2.5836851186788223,0.9162443351715036,12
492.07142857142856,8.783347493586398,2.3278443986939905,4.315572021464442,1.0258339323478833,12
492.1428571428571,10.017763790628008,2.9220496853740685,4.663194771826391,1.3170667117467978,12
492.21428571428567,7.738996067185952,2.698286238641166,3.473646015387165,1.1428285021221258,12
492.2857142857143,9.098176997627109,2.8719174376817493,3.790646365690844,1.1855319290089912,12
492.3571428571428,12.388094530882112,2.667412801188687,6.073573390925748,1.499452024737238,12
492.4285714285714,8.237240685085697,2.8347200097391787,3.635469454218225,1.256498894956534,12
492.5,6.959626291885243,2.577721327714462,3.1250042904207205,1.16102816481494,12
492.57142857142856,8.508789307803621,3.046346472988575,4.2408276395395745,1.4486723987210768,12
492.6428571428571,6.9351426615483875,2.8863774734631518,3.1965910902752728,1.3551377941091192,12
492.71428571428567,10.345046941677943,4.650068044751354,5.032895126703654,2.138832796527371,12
492.7857142857143,8.315200788877437,2.612578885844572,4.160040003833731,1.2875806614629848,12
492.8571428571428,8.59520992604999,3.2524389538086433,4.589687466845863,1.7768059567360404,12
492.9285714285714,10.466688655574371,3.0977353623956376,4.745771975005078,1.3358657811848764,12
493.0,9.986564779666306,4.650643188103215,4.603322729654994,2.107751087074115,12
493.07142857142856,9.300105463060598,2.37110926892506,4.987816396187767,1.488522636584949,12
493.1428571428571,6.551127526531232,1.349897553699424,3.142427831317079,0.8832002225766865,12
493.21428571428567,6.242806332291706,1.965680359461036,2.8462622365649386,0.8424352460424263,12
493.2857142857143,8.521924392414254,2.432705225956742,4.043813855343638,1.1727078234316017,12
493.3571428571428,12.277058718494084,2.654818098745947,6.133410665421338,1.5097008984181945,12
493.4285714285714,8.777831413182398,2.949245233029393,3.9020080505441315,1.2285432443912125,12
493.5,7.39519594246831,2.521157817568295,3.4313164626343635,1.093122517127625,12
493.57142857142856,7.2249738434673185,2.4305102805737473,3.5777233493183216,1.1764358676031685,12
493.6428571428571,7.722595103429036,2.639125645423363,3.930272222172032,1.5313230744508648,12
493.71428571428567,5.408290246926822,1.5888990342170728,2.6673976156578982,0.8894748230352817,12
493.7857142857143,5.673105563085274,1.924634879920325,2.650944148350287,0.9960584409763792,12
493.8571428571428,6.067483534740043,1.9603666009264733,3.294381714539303,1.492164467397032,12
493.9285714285714,5.409989060858934,1.95058668645596,2.6598261062837922,0.8096106335311544,12
494.0,5.736810414354718,1.508472785204982,3.051421220715871,0.8386098959412437,12
494.07142857142856,13.703486715685578,5.216165793747291,6.465814684082972,2.22012112860583,12
494.1428571428571,6.766273477508528,1.977266186655999,3.4316557073736305,0.9760602296572843,12
494.21428571428567,6.116265814891418,1.8118991356546432,2.7516287759550973,0.8327635237386374,12
494.2857142857143,5.629756516854012,1.4007307729772784,2.801927988905042,0.8702484018718166,12
494.3571428571428,5.150048680224704,1.0232046920347426,2.2442449578346264,0.5365075750816536,12
494.4285714285714,8.788402768106147,3.3250981511067357,3.730469369742221,1.2942726045330797,12
494.5,7.8194974258516945,3.1389891711265983,4.1468139556339265,1.5568014035364175,12
494.57142857142856,8.213042876686291,4.175482943529028,4.164242759280104,1.7809501920319808,12
494.6428571428571,12.552267847684853,4.308177204021071,6.478419122627349,2.1136692067071996,12
494.71428571428567,8.561882781071027,3.526580511933554,4.494290509954647,1.6275068051314197,12
494.7857142857143,7.665307178545491,3.30031637946516,4.089616110101031,1.5415414112538284,12
494.8571428571428,6.963026350106021,3.511673400141831,3.69085858360084,1.5800876968892077,12
494.9285714285714,7.559597394187684,3.4623941702080634,3.7132997378686907,1.576235629210079,12
495.0,10.804853225395105,3.0099010557669454,5.471188615924098,1.3786292334867112,12
495.07142857142856,8.27518009637208,3.3791775654812652,4.1125434467299655,1.665391948983954,12
495.1428571428571,10.234537209199127,3.3951518213057774,5.093761390659632,1.5202112380778803,12
495.21428571428567,7.5586775139155735,3.3431949607288027,3.507550539342235,1.4564201467246585,12
495.2857142857143,7.98532572101821,2.922258972940576,3.829248387793854,1.2909447971334405,12
495.3571428571428,7.848207760052962,3.0528529872321233,3.7345545783278795,1.378917551575867,12
495.4285714285714,10.255312698570267,3.5307007745556356,4.594634541791712,1.4552750080683374,12
495.5,7.724818184447147,3.002886653519159,3.372512444461387,1.2124769611088366,12
495.57142857142856,7.570425004532907,3.1958223954292455,3.3356028344110524,1.2154531506684285,12
495.6428571428571,7.556361218918755,3.242906496213804,3.2938716662674485,1.3209866923666682,12
495.71428571428567,7.513328027115,2.963263370774688,3.765418252846188,1.2512403068402689,12
495.7857142857143,5.906199577566043,2.9981995297259076,2.8103083855859383,1.18064305253013,12
495.8571428571428,5.530825678459897,2.5100453815834567,2.6186092801226732,0.9757736632806302,12
495.9285714285714,7.647237214072575,2.893165160741067,3.882183577786056,1.2483449761420125,12
496.0,12.337080908494912,5.119681491820187,5.558368743582511,2.2010230088023066,12
496.07142857142856,4.753318947977099,0.9764316512000375,2.2645383527978247,0.666401650101107,12
496.1428571428571,8.646186289206177,3.6575230523793922,3.995844218014862,1.5197024792055167,12
496.21428571428567,5.079914107990269,2.842586640878263,2.1475636779127685,1.1089489826176484,12
496.2857142857143,8.450938873352184,2.9748804794326396,3.8496756021592446,1.1760274660900565,12
496.3571428571428,6.851980880862478,2.7208240722121873,2.952301725416373,1.0744268615860146,12
496.4285714285714,4.7421145386568355,0.9926092058611014,2.028045821288508,0.4806584696555933,12
496.5,6.151458162107371,2.476373484792487,2.5112251144973317,1.0898143320553957,12
496.57142857142856,4.098820174650062,1.2008392258463214,1.7140669894442433,0.45163569065476417,12
496.6428571428571,7.503407686918496,4.074523642190181,3.2561215941811286,1.7714489507635494,12
496.71428571428567,7.177387967020852,2.306903269725533,3.3707642875342727,1.1084936193953216,12
496.7857142857143,5.788416449494119,2.1762425452918337,2.438697183049526,0.9118008441630386,12
496.8571428571428,4.289070228361979,0.9112924595400563,1.7165780353687599,0.3387221033844703,12
496.9285714285714,7.664770561515611,2.424784198830389,3.5466353285195398,1.1575302066961213,12
497.0,5.9248438253960165,2.2419435040667177,2.491050506762347,0.9657761758644691,12
497.07142857142856,12.360619571973524,5.166572959042114,5.087166145526856,2.2553809819302315,12
497.1428571428571,7.158996198193455,1.2981901302473584,3.8250552705436265,1.0196144437115855,12
497.21428571428567,7.719357755049558,2.380109246172551,4.126338992400613,1.5103943391657122,12
497.2857142857143,3.4253945420911847,0.9975543467642907,1.7581031756460785,0.6095397527589417,12
497.3571428571428,4.116088104031456,1.1387002376734354,2.0882464620874424,0.6935885830953359,12
497.4285714285714,4.243008143096912,1.4276249296906458,1.7187249477258184,0.6038447587639935,12
497.5,6.10167213400104,2.088966973441305,2.8806571159864967,0.9385678073988182,12
497.57142857142856,4.6024541785483075,1.035876852652211,2.303289828306659,0.6269062374287213,12
497.6428571428571,9.25615283748218,3.9158964807234087,4.350957191236988,1.6385123967601283,12
497.71428571428567,6.7027493529147355,2.4058080382341527,3.6087371307881733,1.4633295099991708,12
497.7857142857143,5.045577361768823,1.4131375127833465,2.3394556778977846,0.7605741897803717,12
497.8571428571428,7.309772897125859,2.377501505872234,3.3668647880817963,1.0520570228539272,12
497.9285714285714,5.803047165233687,2.1638584763459456,2.5617186614231793,0.884736984500653,12
498.0,9.307115894240086,2.901838710052655,4.2323098453471495,1.2957499659487035,12
498.07142857142856,8.572484615336688,3.133055035235821,3.5608323823849557,1.320036425731257,12
498.1428571428571,8.876256204697482,2.4719560972831904,4.0115921369269065,0.9944029095370119,12
498.21428571428567,10.778955210166068,3.727657131998682,4.7070579542851885,1.5879535772120699,12
498.2857142857143,8.642487819885817,2.9207470809156493,3.9313599009727147,1.2068138848988754,12
498.3571428571428,9.772201514671938,3.0212101578577935,4.091324274258125,1.2464654167111235,12
498.4285714285714,10.858410359563914,3.80592921628527,4.5000832669127915,1.6650415114044184,12
498.5,11.984550285730101,4.332114543611165,5.295092395003047,1.8538897036324318,12
498.57142857142856,10.119163210605127,4.201727949656388,4.614648763865595,1.8140114231919788,12
498.6428571428571,10.800617576591556,6.311898633051924,5.021754972094444,2.8212338574692053,12
498.71428571428567,10.779819128646608,4.166084946099295,4.814088231479751,1.7760420699782637,12
498.7857142857143,9.475147622467599,3.999020905473907,4.145702224327559,1.7605330196217135,12
498.8571428571428,10.460471290505643,4.836853145135373,4.517218383811059,2.1647625016718535,12
498.9285714285714,6.857779853127644,2.4752987617174727,2.8887835955216046,1.0564284053298565,12
499.0,7.970104362775694,2.9902737668429618,3.397205752135507,1.1940766366812523,12
499.07142857142856,4.7437796004005435,1.4424927374538317,2.0229200884559235,0.5718767431124039,12
499.1428571428571,4.694699226129739,1.396366040413137,2.040280990536405,0.6324868553344198,12
499.21428571428567,5.163155309787231,1.8263452952776713,2.3399175819528493,0.7472358558748606,12
499.2857142857143,5.956264280689624,1.6591596075211412,2.843450113219945,0.814765938355121,12
499.3571428571428,7.86039862832306,3.2288976306496213,4.401429731145216,2.3136981271736774,12
499.4285714285714,5.2066936156460155,1.691056187583192,2.262303989997187,0.668741534546502,12
499.5,7.860422534972769,3.6054480269927836,4.7181081419765984,2.8097557008173317,12
499.57142857142856,6.719271115136075,2.235193511033154,3.3937727359293435,1.3811327000046332,12
499.6428571428571,5.140076012053848,1.2382869495785906,2.4093829863384753,0.5044491716835193,12
499.71428571428567,4.732655085260826,1.0312803243606474,2.0264682706457195,0.6277642834319801,12
499.7857142857143,4.7166856730293345,1.413962047927277,2.6066558065800747,1.045764864278239,12
499.8571428571428,8.255344713342366,2.4007460057376577,3.931431554500335,1.0142538366385165,12
499.9285714285714,6.788730008582287,2.0295496946206373,2.9990194776531767,0.9140186398462806,12
500.0,7.942269095862173,2.256191312271986,3.844213580293449,1.1214752847510974,12
500.07142857142856,7.536696027118526,1.5796502708486508,3.8361374733472187,0.9351461258965412,12
500.1428571428571,5.88797469409059,1.5237647909524865,3.0746645242884245,0.934852722958665,12
500.21428571428567,4.43296574401281,0.7271511699766446,2.2153491114815442,0.5307409008869061,12
500.2857142857143,5.699442910575372,1.4869547027475964,2.7707724993304543,0.6500073285137316,12
500.3571428571428,3.781645097091196,0.8377719532981204,2.1635579050898563,0.6758224605953878,12
500.4285714285714,3.5064926581034284,0.8243510682401335,1.8345166358761378,0.6310457180254598,12
500.5,8.705419971200904,3.263113339520639,5.20285503867507,2.6036288185463214,12
500.57142857142856,4.4504440493669595,1.46242445693219,2.787546157684209,1.198534602330067,12
500.6428571428571,6.210558786421166,1.5356279806195132,3.067437549198975,0.8190978195531241,12
500.71428571428567,7.479703838615983,2.9203939737619105,3.6132994911404226,1.324172582430122,12
500.7857142857143,5.350913969612701,1.5798021849723936,2.5390039113175757,0.7272166425359603,12
500.8571428571428,4.483764996634219,1.2309012169649236,2.105130727376022,0.5510895540168577,12
500.9285714285714,9.378598924151559,2.3209493263289724,4.108267354755845,0.9985763554138928,12
501.0,7.926228098532154,2.4677547773459247,3.8604927398651254,1.1132881590253303,12
501.07142857142856,7.636800020845247,1.989915756137147,3.445797963399093,0.9406127067155278,12
501.1428571428571,7.827858790095311,2.22227361765607,3.5143342454587283,1.0023609083142724,12
501.21428571428567,6.183509511796248,1.9386428057871932,2.545759559828506,0.7620609456913853,12
501.2857142857143,5.488845825607168,1.5359698124316643,2.4226808707862486,0.6497285630840732,12
501.3571428571428,6.763938033904778,2.482218322574152,3.4359382676057257,1.5592684795349654,12
501.4285714285714,8.41640798684168,4.45731386557523,3.790053276760116,1.9445596917818642,12
501.5,8.640248210242598,4.001632105382869,3.9791996372036276,1.7478090305742031,12
501.57142857142856,9.475473007075125,3.1875743971867725,4.045028269047249,1.3109942761349769,12
501.6428571428571,7.853896674977157,3.0069121701008554,3.32853826545722,1.2594230707747116,12
501.71428571428567,4.89713820650613,1.3278144280483206,1.9766507912337266,0.52879874541788,12
501.7857142857143,7.917255124246346,2.96987953109244,3.3300207565669897,1.2923353515909188,12
501.8571428571428,5.121802046476914,2.011040778427333,2.3134552426001918,0.837337738880685,12
501.9285714285714,5.410111217957868,1.9872377465465794,2.21003584774005,0.8367396331111402,12
502.0,7.06943242079506,2.331065373198857,2.944023798815594,0.9927202453086766,12
502.07142857142856,5.922291200398752,1.7912797086267984,2.678327754140625,0.7871999026250617,12
502.1428571428571,6.7593946781833205,2.0956100043867756,3.177832292513712,1.029895362891276,12
502.21428571428567,5.753737822977986,2.692882246555732,2.542878770450949,1.148014425283109,12
502.2857142857143,4.372645911218149,1.6560464165403956,1.8367503850137212,0.6745694620328196,12
502.3571428571428,3.738411600772784,1.980140139751802,1.7047345661810778,0.7814029877557754,12
502.4285714285714,3.6024043216116635,2.0105060603890528,1.536680001499126,0.785351941507993,12
502.5,9.106349305076796,4.9485867355620785,4.084335539662617,2.1675177913945416,12
502.57142857142856,12.479389060615881,4.950054927241285,6.775968074616429,2.695674903688744,12
502.6428571428571,9.610397565472018,3.1590568897398654,4.0498832270222955,1.3536285130157755,12
502.71428571428567,8.699176511948194,3.4540194012876873,4.966274542855714,2.2215990288100587,12
502.7857142857143,9.715896317901196,3.5264202658131394,4.2419585235965975,1.4666065997181923,12
502.8571428571428,7.258315441612509,3.1672890761913526,3.0642893209250612,1.2607582333062424,12
502.9285714285714,5.779664213016392,2.8844675751179385,2.469328039081787,1.1244725020700204,12
503.0,4.4905721200005395,2.5628403010015006,1.9451576225530904,1.0179559525950275,12
503.07142857142856,5.24822019614106,2.709220350733175,2.206556094161916,1.0645653984721462,12
503.1428571428571,4.444166746518749,2.2238446072886813,1.8929460461795085,0.8491070161823435,12
503.21428571428567,5.199059505541068,1.9619721594787853,2.1357923053228487,0.7526528794466439,12
503.2857142857143,6.72828271508477,2.082014215965317,2.8711224710976677,0.8375505611017803,12
503.3571428571428,6.405677724796033,3.1690393827647356,2.700281119511219,1.380709359993954,12
503.4285714285714,5.8899168317348405,2.6363941982068915,2.4191292169588845,1.058907038022914,12
503.5,9.973833599726985,3.0801154396192976,5.579693634746726,1.9988227954664,12
503.57142857142856,9.167221993427434,2.623750794172054,5.5273701346832,2.482839090225916,12
503.6428571428571,6.06321579040466,1.9695282713678857,4.052344212931314,1.997796209489641,12
503.71428571428567,8.597747783102596,4.051030885295177,4.42844845982401,2.0058798717152904,12
503.7857142857143,10.021940690494981,4.189407697827129,5.110881580792707,1.958487296896592,12
503.8571428571428,7.775342005431008,3.9788699729028596,3.836115604824373,1.9257529321858213,12
503.9285714285714,7.560765209220146,3.846724226953841,3.855121402567655,1.9484626947609138,12
504.0,6.060814487840208,1.9976490822236381,3.007547570499994,1.3075841838950075,12
504.07142857142856,10.417058501282698,3.9672411421790703,5.0450830621363405,1.9228119005783506,12
504.1428571428571,7.847162698154328,2.2914973321394974,4.001648136444927,1.4305745404047918,12
504.21428571428567,10.15004918988097,4.772011909604531,5.232728809674208,2.2992400194420806,12
504.2857142857143,4.28396486700036,1.1380644242035105,2.6102009347626054,1.1301417873273045,12
504.3571428571428,4.525092662798766,1.1843708266984876,2.5203679926468854,1.209085949973386,12
504.4285714285714,9.166254479670087,3.0316657445246062,4.596465847291249,1.5217388307767516,12
504.5,7.452684555188899,2.3493901799376906,3.6825171933969822,1.296287184059786,12
504.57142857142856,9.664776827432936,3.0702439162806825,4.484337310714386,1.4226538158364104,12
504.6428571428571,9.724788450508699,2.721073878430657,5.051976643458767,1.4477392065638954,12
504.71428571428567,8.726115367585448,2.5717118760841524,3.8256744698738463,1.094970760768524,12
504.7857142857143,10.022899577000528,2.793363184451787,5.137692360729686,1.8279519465865275,12
504.8571428571428,8.549219786488958,2.5270869329231767,4.592387804422758,1.7840048713396828,12
504.9285714285714,8.018480340615893,2.8170078011068513,3.496089276700238,1.1525459817427437,12
505.0,6.504987815883165,1.8267807427403133,2.944652554894428,0.7983072877972944,12
505.07142857142856,10.907575248985317,4.219986526708618,4.852920713368814,1.8256773637044488,12
505.1428571428571,9.519912491980836,4.251206247725419,4.201082824743556,1.8774146091435062,12
505.21428571428567,7.5559186972801395,2.7202874161578374,3.473504353608635,1.06595612380719,12
505.2857142857143,5.852431632400377,1.5875635051464396,2.659325449271191,0.6124081790704086,12
505.3571428571428,8.329945899185196,2.482369432654227,3.6226553975465645,0.994066112792863,12
505.4285714285714,8.484506684994296,3.5646356301853763,3.801318662001799,1.5836208195223638,12
505.5,9.955347146899852,4.229268299676833,4.326499114214103,1.8876804535031573,12
505.57142857142856,5.2245622421914515,2.098712655329023,2.3797683379581307,0.9632984909968607,12
505.6428571428571,6.743460506703287,2.3297104760316665,2.780392709911575,1.0278532670309688,12
505.71428571428567,6.594514658249193,2.346689404121205,2.889306705305673,1.003822367048068,12
505.7857142857143,7.817600138841634,2.3511842802801244,3.4501213436654954,0.9936326809550335,12
505.8571428571428,7.004522663672799,2.0202872319033087,3.087019520870861,0.817211583705815,12
505.9285714285714,4.8491828685753955,2.0026489028386782,2.2278490901694603,0.9139094764101259,12
506.0,9.913997799117366,4.093825255101231,4.342524995334617,1.758197939493526,12
506.07142857142856,8.652295453936821,3.878656610803659,3.9909018757587402,1.723124691090739,12
506.1428571428571,9.290975254811864,4.125229391663264,4.267681561281156,1.8041731470863611,12
506.21428571428567,11.645355041964635,4.65811269049638,5.637429231327524,2.063329586167413,12
506.2857142857143,3.542509053434548,0.9987132343490609,1.7404333857051,0.47393763732868177,12
506.3571428571428,7.242382060933788,2.361845074502143,3.221679922236714,0.9409213923429587,12
506.4285714285714,12.030418133101163,3.933539832742,5.312825155968601,1.6693929543534698,12
506.5,5.462354728122813,1.6369374681778242,2.71797788421847,0.7295548559539301,12
506.57142857142856,9.568776415772952,2.165053438746203,4.575246982283908,1.0144752465905615,12
506.6428571428571,10.15548540841018,2.262762398028613,4.79110000915643,0.996926770294146,12
506.71428571428567,7.416648855565778,1.6493951265422389,3.356840428282479,0.7108129204505682,12
506.7857142857143,7.36971273959056,1.6828112259066481,3.3321296591606924,0.6452224091471321,12
506.8571428571428,7.383764012974804,2.9879676806659585,3.3689706435794395,1.272619416076162,12
506.9285714285714,6.489856333123839,2.0908240576707398,2.7025567452612456,0.8296164655591244,12
507.0,6.093394114499077,1.8222235637263715,2.745746172757118,0.763040959975383,12
507.07142857142856,7.265725852433466,2.5180815366857265,3.1733227426359507,1.0254308964655323,12
507.1428571428571,12.202302201626807,4.720452770686209,5.258267238230605,2.0832221377409446,12
507.21428571428567,11.426973787559765,3.0226011473579275,5.262048687201955,1.2896758631340048,12
507.2857142857143,7.514974446293704,2.5817281876502696,3.4155682795104547,1.0376634469117483,12
507.3571428571428,7.3898009640301465,2.6891942315505215,3.283497355082319,1.0320286865856942,12
507.4285714285714,9.594167697515056,3.7829466176555058,4.238322364182337,1.530455829525947,12
507.5,7.659625322783736,3.095220260723074,3.1507266236317153,1.1931263308903528,12
507.57142857142856,10.47356859831324,3.5503243497116714,4.620647242306344,1.4648116854442024,12
507.6428571428571,10.354421335345393,3.008907178654757,4.503406272073796,1.234601893050672,12
507.71428571428567,8.994233726400605,3.0055898024684673,3.747073184180309,1.146317481254003,12
507.7857142857143,8.258306664971181,2.8288460017111405,3.456127512432408,1.096422905504518,12
507.8571428571428,9.39130635325554,2.8465401880573022,3.791133042297193,1.09794828230144,12
507.9285714285714,8.300941193583897,3.1095373516331803,3.529710665404508,1.1675523698177972,12
508.0,7.5005653431991,2.6554058871703705,2.9668186542003054,1.0504234756883102,12
508.07142857142856,8.004670804335653,3.5835323796639096,3.358895075351209,1.4105409896588652,12
508.1428571428571,9.3204816944402,3.308898182054677,3.59396756834225,1.311836308338184,12
508.21428571428567,7.139867368050691,2.410658112072627,2.851525508615226,0.9614026832585398,12
508.2857142857143,11.507090869341612,3.9011700371582316,4.756613023408134,1.5464879036585781,12
508.3571428571428,8.050765308770485,2.867604814948228,3.2970339919274663,1.1498626145853723,12
508.4285714285714,8.497574044960055,3.219227911382307,4.1155230641908584,1.891207721351264,12
508.5,9.722005500034008,4.03025856572168,4.079791896496603,1.7319842134220245,12
508.57142857142856,7.857890709579571,2.832688067013988,3.1164263994461607,1.1390119569087256,12
508.6428571428571,9.24472506131223,2.7665266339068957,3.940163613444127,1.0820505901197044,12
508.71428571428567,7.718146797626127,2.6548125530816384,3.1525577132631217,1.0506436200961904,12
508.7857142857143,11.566932083901444,3.810410337315202,4.837851260912946,1.457917255800274,12
508.8571428571428,8.287244924121762,2.894791813578429,3.3737563872235823,1.086277542922907,12
508.9285714285714,8.612906252171108,3.224996579998738,3.6116617031506224,1.2156998139253803,12
509.0,10.03790244753931,3.5944909256876953,4.271474694533081,1.4281304983292855,12
509.07142857142856,13.517229948949085,4.307464747451383,5.471800572319901,1.6584299020265576,12
509.1428571428571,8.345292078035248,3.124159822931639,3.4956687386579812,1.1889326711578045,12
509.21428571428567,7.009986948109205,3.003301202382083,2.863250520178065,1.1448355380089694,12
509.2857142857143,9.708211335462945,3.380868722503824,3.9882148818073886,1.3171876510487415,12
509.3571428571428,9.064640752791544,3.9320149264452953,3.651535367587835,1.4691645428567368,12
509.4285714285714,11.595541712921893,3.361721482511276,5.3532385482060665,1.4689270544305202,12
509.5,9.075452687168704,3.3111361028802273,3.856557820359327,1.2442702655039561,12
509.57142857142856,10.166837377013254,2.920988352305771,4.491868748640062,1.1376821138882869,12
509.6428571428571,7.720417363970075,2.765556651382294,3.326369783651544,1.0525027084519722,12
509.71428571428567,9.69434077305974,3.3649063178752594,4.139780220827671,1.3625276817541743,12
509.7857142857143,6.88564856205659,2.8090690302064627,2.829053403576615,1.1306839298547475,12
509.8571428571428,7.107659985499695,3.0381695521181027,3.107191212171141,1.217575418578665,12
509.9285714285714,8.915292833429186,2.9112529411369206,3.7483579151798283,1.212254186080934,12
510.0,8.967667192501242,2.7837184408722404,3.6380352074017406,1.1193555425267427,12
510.07142857142856,6.821900739279019,2.450306021736191,2.869527924701496,0.9599666946970238,12
510.1428571428571,5.567036037537402,1.9823284108861892,2.2622102298998614,0.7758342728088472,12
510.21428571428567,6.196327518662777,2.2962249607601932,2.5888235905718155,0.9237605854302237,12
510.2857142857143,5.796046466155414,2.209693726942124,2.732899437485729,0.9783287819260493,12
510.3571428571428,5.042071939970508,1.825554183005242,2.2930078742792364,0.7568086262825224,12
510.4285714285714,5.159721608597782,1.736892419884891,2.269750591985078,0.7711702772662903,12
510.5,4.741036260118481,1.3731468197589853,2.010740523677425,0.5847612550023278,12
510.57142857142856,5.172623573351355,1.462588458445045,2.1067926001935504,0.593861527688206,12
510.6428571428571,6.4135663416131115,2.039932785994439,2.818541283174977,0.8732308412106532,12
510.71428571428567,4.192719573182856,1.5747469923743145,1.931317931027874,0.6745016389328574,12
510.7857142857143,6.160520213809658,1.8298758212690744,2.7517609417928224,0.8304912006304225,12
510.8571428571428,6.361919336007632,2.465536376389867,2.716841861642599,1.1122648383053153,12
510.9285714285714,4.172536517377898,1.6016417327710797,2.000849247939062,0.7336355743866763,12
511.0,3.9226059471340426,0.9251867100537116,1.8311302862903664,0.44939899632911684,12
511.07142857142856,6.217280295921641,1.619476270818605,3.3099578084866432,1.0976280574554798,12
511.1428571428571,5.615933829168427,1.5937619327450134,3.014293173578838,0.8710873184736105,12
511.21428571428567,4.889110465901992,1.3557739386637215,2.4657746537963376,0.7287861791212377,12
511.2857142857143,6.5559734549810065,2.040483483444258,3.2005133183616703,0.9167404361536138,12
511.3571428571428,6.722753313732966,2.2970370620442546,2.9767263255604983,0.997601927969677,12
511.4285714285714,6.418342940098312,2.6896434744008273,3.1120869398837057,1.1148725601924687,12
511.5,8.143767293059648,2.6460526864496794,4.141626180413618,1.2907227167760649,12
511.57142857142856,8.173059380481986,3.1610233656613245,4.445672267959402,1.7208106327918036,12
511.6428571428571,10.186349939013683,3.0118977653509904,4.733111459917088,1.3162540476961901,12
511.71428571428567,11.961722065483146,3.58672824942298,5.52440382552625,1.5009891526839827,12
511.7857142857143,10.964351539135913,3.840639123873041,5.164745077998676,1.6332686478426104,12
511.8571428571428,11.200173583653827,3.327640382473378,5.614228586897846,1.5296544323278234,12
511.9285714285714,13.390147976223654,4.780307533166608,6.342621553742381,2.043913025565365,12
512.0,12.145318323609347,4.230280241198281,5.838003949799181,1.7705584219849273,12
512.0714285714286,11.611786048855393,4.159032265659809,5.172340633232745,1.651410685935464,12
512.1428571428571,7.930043456458214,3.4232845868307065,3.6679590884988333,1.3224743061265416,12
512.2142857142857,11.525870946146016,3.981772471405639,5.202235411789952,1.5649363618724215,12
512.2857142857142,13.035953961274865,5.488358050328591,5.986675243418007,2.3381913153721343,12
512.3571428571428,14.419041330288417,4.39267091250399,7.886074658342826,2.526453657960146,12
512.4285714285714,14.067295562110752,4.779651983052768,6.8926546094242305,2.3449945068566436,12
512.5,10.348839896182245,4.276304612190142,5.896764088879093,2.937637138771154,12
512.5714285714286,9.097156871924442,3.6874508881891863,5.720568732950556,2.7887260678152357,12
512.6428571428571,5.524739589141196,1.4921309157754565,2.314002158650789,0.6218991521691302,12
512.7142857142857,7.509660319002755,2.861811556597308,4.182391920326456,2.0747276897798463,12
512.7857142857142,9.829051886582889,4.242604407084537,4.114477458911884,1.6279618258978406,12
512.8571428571428,13.58002033932543,5.357883796699912,5.849654254361655,2.2301177277677398,12
512.9285714285714,3.5026054053252977,1.249019631408873,2.0329797429044194,0.7125857359189871,12
513.0,4.42254964443786,1.874004955416144,1.9526146958437556,0.7884717955201137,12
513.0714285714286,8.576353800092166,3.757480839566557,3.686269530133445,1.4709483103246208,12
513.1428571428571,9.506565852153377,2.8693067825633887,5.386680095947951,2.0908126441159016,12
513.2142857142857,9.443713537365031,4.523736286471449,4.065596952761434,1.7346597051284214,12
513.2857142857142,4.996680521022258,1.7559872254651363,2.182120769336326,0.884821049668734,12
513.3571428571428,11.50181045711321,3.7814315724507503,7.105706577812393,2.801186320604464,12
513.4285714285714,13.32936594902351,3.788143652472266,6.690046695410328,2.2279923849009204,12
513.5,15.46202495709562,5.198865143476657,8.031708467112423,2.6800887726536735,12
513.5714285714286,7.232935446084869,2.0987265539571567,3.306047342575567,0.9047206940849174,12
513.6428571428571,5.433867315221292,1.740754479407135,2.2391317952400134,0.708354334692863,12
513.7142857142857,13.51098033778584,6.760204847306665,5.579266379898713,2.7748994534655878,12
513.7857142857142,9.422340073340006,4.456001431006778,4.202408880756163,1.9618994798772256,12
513.8571428571428,7.666746295058735,3.52018545309585,3.4270009270036357,1.4608543421652858,12
513.9285714285714,10.457131066773808,4.649207555950678,4.41898238569885,1.8531321343922416,12
514.0,7.574808368789483,2.975868771210995,3.459074937256141,1.217660648352364,12
514.0714285714286,5.479090229126211,1.9107525742548133,2.421867133146896,0.7782372515678027,12
514.1428571428571,6.295782312356026,2.2369103760686024,4.119364269920665,2.2401802482528104,12
514.2142857142857,10.638932845794354,5.252728231577525,6.201558459248416,3.142475807632051,12
514.2857142857142,9.178086229382945,4.018151960625019,4.155862252249523,1.786391823832337,12
514.3571428571428,8.5167560614619,3.3564867152999374,4.513882184777353,2.1855811531127936,12
514.4285714285714,4.566244941197377,2.3106628216680765,2.2419753822100827,1.0794072159591586,12
514.5,7.182310504533017,2.798594445552248,4.631165327645494,2.3862373158517167,12
514.5714285714286,5.782338746697513,2.227900588914529,3.015863815334373,1.6999293629088852,12
514.6428571428571,7.275269859239132,2.6407179159457566,3.411330790598721,1.222264216849545,12
514.7142857142857,6.619379133851504,2.7449147473351454,3.503258290173048,1.4724876089245365,12
514.7857142857142,4.538658887638425,2.5192675252519092,1.8413874258643266,0.978128263683671,12
514.8571428571428,8.39889526489021,3.5457343144143376,5.145297196626361,2.647622761436183,12
514.9285714285714,9.31824768343274,4.86831025691215,5.288266101289879,2.949967381281765,12
515.0,5.585006419136705,2.3376427647471463,2.2797867792205766,0.9913343549992244,12
515.0714285714286,5.517883530620247,1.7615623879089777,2.7084655274225704,1.0390700380945135,12
515.1428571428571,4.300907310127178,1.2351832946565078,2.3079200526848602,0.8122682357854645,12
515.2142857142857,7.94277923286236,4.345949724382923,3.4391079372671935,1.95535404050115,12
515.2857142857142,3.862155206992388,1.755310748534597,1.7555813243283827,0.7524013466237828,12
515.3571428571428,4.450922268066729,1.8613448957727068,2.5402631158363227,1.3834257658006721,12
515.4285714285714,5.590791953213542,2.3216479397535066,2.6745223426342366,1.0656280668998235,12
515.5,5.636365170980191,2.2603780993726033,3.892991843529673,2.151650370703416,12
515.5714285714286,5.893306297457193,2.4572286293592516,2.467131938044613,1.0681591975162494,12
515.6428571428571,5.430161952763408,2.040714956288965,2.616788278987073,1.0727682413140727,12
515.7142857142857,4.827967746586828,1.6094627549090785,2.290718159439679,0.7178414478446835,12
515.7857142857142,5.6442992779471295,1.5396638399089817,2.7066304803277967,0.7413205118285086,12
515.8571428571428,13.601154840560723,4.254201467050715,7.172568625795032,2.478846720058684,12
515.9285714285714,10.864129882265637,3.386504951759967,6.4654484095606914,2.5386766051136376,12
516.0,4.76427340073709,2.5769085695836296,2.0728329762123323,1.0839550248548906,12
516.0714285714286,4.319757910836687,1.0692480804065063,1.7094652676608413,0.40324951735016573,12
516.1428571428571,3.6272508284435734,1.2519552158573886,1.4174735630691244,0.4556004085214877,12
516.2142857142857,5.9681856154971396,2.0310556023016626,3.7603044957824556,2.2123167390052987,12
516.2857142857142,3.5809908414662037,1.3236150902569284,1.418212808440972,0.5104397217485555,12
516.3571428571428,2.8352209861058686,0.6768024228097229,1.0819062986501626,0.2892505671227238,12
516.4285714285714,5.087943448272816,2.1137118585582764,2.4138202288428543,0.8866208491296363,12
516.5,2.4066457425385193,0.8120115668197836,1.0529200036326507,0.35716975968800585,12
516.5714285714286,8.831840506892123,4.607229233291132,4.612725955375715,2.2431794544407295,12
516.6428571428571,6.93831442062127,2.280476597750966,3.6395940054432576,1.338110264083981,12
516.7142857142857,5.596246262228128,2.478590229031764,2.359664281948292,0.9497115440310419,12
516.7857142857142,4.5515654969048915,1.9782704453397064,2.2709271237105906,1.0041012332509978,12
516.8571428571428,4.879874425016179,2.7837581725293212,2.3352460809720923,1.0433495438754223,12
516.9285714285714,5.388041832231387,1.9212362958588693,2.6451877210214483,0.8292381358393794,12
517.0,2.3052464901495493,0.4419997151970934,1.0277970879482203,0.22907810105971205,12
517.0714285714286,4.672313253959975,1.137070349296193,2.1768955676958823,0.5704625122537382,12
517.1428571428571,4.692425640160679,1.585426433566145,2.2780571443300306,0.7439780101961505,12
517.2142857142857,5.842254652277032,2.4186103788371702,3.741476878672096,1.8805884970871642,12
517.2857142857142,4.108213569557684,1.3741461972232876,1.9391499207141019,0.6501547845104931,12
517.3571428571428,9.561311998270574,5.056055126286176,5.217772096125004,2.6670017286805967,12
517.4285714285714,6.322363048642566,1.8193287166234293,3.0125507491940526,0.7897630423880594,12
517.5,6.100480502712153,3.3614894720069484,2.9423739535136106,1.5001824223190392,12
517.5714285714286,11.289483532703157,5.669798266188743,6.028027524014965,2.894898891278449,12
517.6428571428571,3.0066654685440475,0.6819024484401531,1.4901045222202323,0.43749786070995683,12
517.7142857142857,7.315497874237868,2.5089983980909807,3.3657952743270996,1.0404435713613926,12
517.7857142857142,8.191872556339678,4.64358731794452,3.8234353387174975,2.0364628508808793,12
517.8571428571428,7.325561852167518,3.2744204061146736,3.3285242471079504,1.4525950502650353,12
517.9285714285714,5.519900791331917,1.1406024869457931,2.464870976062986,0.5246824745167857,12
518.0,6.351900258413618,2.1457060057096147,4.172001919853532,2.2364434660375085,12
518.0714285714286,5.683785927423922,2.1083984396200197,3.9660386597960726,2.32973645530889,12
518.1428571428571,4.615579516426018,1.8457884560059954,2.2632323700453956,0.7739408246910923,12
518.2142857142857,4.056646287552782,1.5755731269364643,2.876307657255741,1.710056818794564,12
518.2857142857142,4.880644424360571,1.40660585605104,2.333622067756423,0.6809505499785878,12
518.3571428571428,5.849588422842438,2.120429809118827,3.4477090538079778,1.6601304514891537,12
518.4285714285714,5.643209485091121,1.8599419948822769,2.6568563116299133,0.7160113960645549,12
518.5,5.248869276944988,1.9969168330782787,2.4727762205972432,0.8202876819319453,12
518.5714285714286,8.193386180045271,2.5362323053473905,4.600404569315943,1.9457859333912537,12
518.6428571428571,6.1930920584983715,2.0881193313597852,2.732701488380751,0.8293836665692369,12
518.7142857142857,4.941717832544891,2.340554402391028,2.2046825901782983,0.9089711019229875,12
518.7857142857142,5.923406006268684,2.361462063040264,2.722309726580094,0.9689998456383598,12
518.8571428571428,4.519273378054811,1.9617531764361271,1.8203075730159735,0.7629771417558648,12
518.9285714285714,5.443256042823343,2.254698943614978,2.3102038730505496,0.9190529759189192,12
519.0,7.719642357714773,2.6011340843495976,4.590854043383767,2.5384925956601934,12
519.0714285714286,8.24114217886016,3.30145881727244,4.671390038967615,2.4535868049315472,12
519.1428571428571,6.855580734366573,2.516425846966844,2.978252035833319,1.0164745943356608,12
519.2142857142857,6.332973877966992,2.4967935085549358,2.637009538380765,1.0052471219504422,12
519.2857142857142,5.597789230244188,2.0951565720852794,3.467915449856203,1.6670581400270261,12
519.3571428571428,5.513464122685819,2.151982005407905,2.5107613603085617,0.8776920547763727,12
519.4285714285714,6.655015213438904,2.207260887614165,2.892749891092837,0.8870050843677291,12
519.5,5.355409413740797,1.7763179728789853,2.5286331131509034,0.7398366708029853,12
519.5714285714286,4.781487345158283,1.6424892198071337,2.261014196135262,0.7505058276346268,12
519.6428571428571,7.339762903433942,2.5492919626496624,5.081855568971741,2.3630971139094354,12
519.7142857142857,10.660120579930014,2.8096281236405303,6.140464792406519,2.2027240922152216,12
519.7857142857142,6.9195458500183795,2.3470015234701807,3.7045667985791657,1.417869959826415,12
519.8571428571428,5.51580040775702,1.796043917278032,2.1291722552434558,0.6747881781334226,12
519.9285714285714,4.404748798661136,1.0599360709444103,1.8574001759966072,0.4840459264944885,12
520.0,5.3464886782437056,1.4844646148396403,2.4759229656613018,0.5999912262244829,12
520.0714285714286,4.6870845982506815,2.002650782295218,2.0287963920176186,0.8438940745041034,12
520.1428571428571,6.905249361103139,2.9493398588570203,2.837516317721776,1.155790880000445,12
520.2142857142857,4.846901193395886,1.7836794951589965,1.9525135506593259,0.7504298283311819,12
520.2857142857142,4.939484248565627,2.126586367200121,3.4345553425230926,2.2712165753806945,12
520.3571428571428,7.816627363063862,3.309042590338726,4.613037691056836,2.406616564266448,12
520.4285714285714,5.180825002888937,1.6531907902552896,2.0297070688058416,0.6391369881386246,12
520.5,3.6013888723241525,1.45060414559458,1.3644555352011358,0.5552258471536025,12
520.5714285714286,5.798753678227634,2.5358678091813993,2.402398161852252,1.026734598011883,12
520.6428571428571,5.703219203703902,2.386771430193567,3.771367463212784,2.058853641712714,12
520.7142857142857,8.470553298423033,2.837219471157684,4.69472390771358,2.0998779487015318,12
520.7857142857142,7.180048338540917,2.276191898366134,3.1584023886865187,1.0768677699353024,12
520.8571428571428,4.591100952341829,1.7483617243348841,1.6640638126485772,0.6646942592885172,12
520.9285714285714,7.481312211918297,2.523949494142326,3.3094574618031958,1.1713713255417033,12
521.0,6.624692717254418,2.272301484946877,4.300945287959117,2.127157359392971,12
521.0714285714286,6.220098685802046,2.592457270520188,2.5374044738738997,1.0864485748873707,12
521.1428571428571,4.895023192465486,1.464798314407051,2.546247408349029,0.8233003492896476,12
521.2142857142857,6.309098263789752,2.307117291935153,2.7590759360625503,0.9168600227216737,12
521.2857142857142,8.511905993766979,2.522257318703725,3.5042017320214875,1.02259326914523,12
521.3571428571428,5.8696513844166125,2.278395433142826,3.6650295100081367,2.205035791372974,12
521.4285714285714,3.6430474102833643,1.5923673717543994,1.4266982059040443,0.6180109410292475,12
521.5,4.107337142425848,1.594837567373724,2.3039928483619074,1.1781067794443787,12
521.5714285714286,5.25365522976789,2.005161587445304,2.3049822526196886,0.8152198832310781,12
521.6428571428571,3.1052335282318144,0.731441533188907,1.331341305587872,0.33361100717826697,12
521.7142857142857,4.715842914633268,1.4182348762852754,2.0227063914010652,0.5755595552220927,12
521.7857142857142,5.477977468018344,1.7955505955526843,2.5729288173528935,0.9789679388200253,12
521.8571428571428,4.986108973273212,1.5319209526815134,2.3989272348017314,0.7855404769565093,12
521.9285714285714,4.7837419068418745,1.6747897757417767,2.042242266338643,0.7518686404997207,12
522.0,5.222811549574486,1.886723334515134,3.1673121607020063,1.7233534372263064,12
522.0714285714286,6.165859721910217,1.7155376401527445,2.9851605969791772,1.0550556141097593,12
522.1428571428571,2.4800295775922456,0.5928281849602304,1.2985237133520717,0.39004812811913625,12
522.2142857142857,5.745336037080281,1.9982494516412959,2.9215425422112036,1.172648444591603,12
522.2857142857142,5.303288387688542,1.846932274411953,2.719393355477344,1.0609978934420918,12
522.3571428571428,6.027090549043066,2.6157579787495977,3.4876778021294608,1.973775628660373,12
522.4285714285714,3.800786578537779,1.1563571840162374,1.8450207710676358,0.6637273956392175,12
522.5,2.730787916794712,0.8044844812390062,1.177158850097443,0.32682227497146826,12
522.5714285714286,5.548501649031972,2.009725519580563,2.2941894282287083,0.7413904183896005,12
522.6428571428571,4.248415207058403,1.014680677602154,2.0097461345678918,0.4278782059208073,12
522.7142857142857,3.16159189979405,1.1424120902468529,1.4680647007348429,0.4396940950002125,12
522.7857142857142,4.178532253195729,1.1575232454064,1.7775599197857523,0.4262843011137404,12
522.8571428571428,4.7743513240264255,1.711303375645758,1.994907083486811,0.6164042420630742,12
522.9285714285714,4.8078898712165925,0.8258149974546554,1.961263548580491,0.32393832123962574,12
523.0,5.618074057164033,1.7941369928850115,2.4376872142783204,0.6781398698741806,12
523.0714285714286,7.496452081362939,2.0485678338400066,3.4315305771568263,0.9926703165257499,12
523.1428571428571,5.268977592794853,1.8460874815016075,2.2534201375290426,0.7596248909146797,12
523.2142857142857,5.204624575019171,1.8397640374835131,2.2478132197517002,0.7619262483241841,12
523.2857142857142,3.9258974643644255,1.61739743169605,1.5903090291237227,0.634439834139091,12
523.3571428571428,3.7396234996294733,1.5415943746098484,1.7916111320970967,0.6400883804674232,12
523.4285714285714,6.065409545698052,2.2459153969242927,2.7398192894887328,0.9437495085203743,12
523.5,2.909973743511103,0.6135987471723748,1.4370809636632136,0.5387077799233211,12
523.5714285714286,2.903837419219652,0.7304935597754675,1.6312458445417939,0.6615542460450289,12
523.6428571428571,4.358786491912087,1.3910182066874706,2.1143462711010277,0.7727019266502363,12
523.7142857142857,5.144340967445577,1.3788157164441768,2.8635040414417294,1.4216041771435453,12
523.7857142857142,6.779704385329233,2.15532290008548,3.0662200392282317,0.9956647159458691,12
523.8571428571428,5.511668736349391,1.6513089682587225,3.164854367579879,1.5750202961449395,12
523.9285714285714,3.7482058893226813,1.118460784661122,1.922768420024804,0.6579263599135645,12
524.0,3.7591797556986886,0.9142296143266444,1.971093162847716,0.6547541349123225,12
524.0714285714286,6.924979268135768,2.015458416702771,3.604110906658912,1.036145747765708,12
524.1428571428571,4.996186970400106,1.703035834379856,2.506195111385256,0.7929352993522274,12
524.2142857142857,5.798661771791711,2.010735766806985,3.519434270375352,1.5908724877323503,12
524.2857142857142,3.3286661658847287,1.317575823134424,1.7594322371691182,0.6745132356891416,12
524.3571428571428,3.819539614835345,1.523915157341724,2.669297234544183,1.6119299185717162,12
524.4285714285714,4.248979228340766,1.2862088893618535,2.2623312948673346,0.7780875249481681,12
524.5,5.653572126911441,1.7280954351517561,2.7799687690953285,0.8336437446375534,12
524.5714285714286,4.299076752129528,1.2656666277675013,2.169622306517544,0.6108571592763627,12
524.6428571428571,4.417659975397796,1.2826466964249297,2.1776922029327794,0.5359315395822372,12
524.7142857142857,6.498001880769003,1.8296055679119176,4.1228627956324795,1.7893833091609763,12
524.7857142857142,4.581430061018823,1.6849715773526401,2.1179048827325246,0.7161347005145039,12
524.8571428571428,5.345264898855561,1.9776683300322222,3.8142983772737056,1.9348299652427445,12
524.9285714285714,6.31334393460471,1.5676231365821818,3.189278028615048,1.0060197161011057,12
525.0,4.751304917421296,1.3295774358719545,2.095209316849952,0.5748823846849305,12
525.0714285714286,6.085541559145308,2.0939049603032833,3.226178996602127,1.4140292506487104,12
525.1428571428571,5.22766798066105,1.7964147705094524,2.7022399521347835,1.1495262037935638,12
525.2142857142857,5.155070977351989,1.5679649236728512,3.479312180138138,1.810043974621993,12
525.2857142857142,4.724401398076981,1.1392393137138561,2.2009374747495967,0.5642742898874862,12
525.3571428571428,5.737081276474239,1.8976785941260457,3.65876960935229,2.158960766852355,12
525.4285714285714,3.6565364871946002,0.7556307226171013,1.7648474866748047,0.4788282716577912,12
525.5,4.162044746601366,1.1911859868159314,1.84483766671842,0.4614125194665291,12
525.5714285714286,5.09040969057048,1.6495663249019814,2.268721313117112,0.733007618584327,12
525.6428571428571,7.787067976451926,3.4750788452160952,3.557177048872289,1.5141304162784481,12
525.7142857142857,6.82652043651164,2.2606391781536272,4.880254769050912,2.3135938254494657,12
525.7857142857142,4.504478451056958,1.6009188810400736,2.135652305028074,0.6029437872313099,12
525.8571428571428,5.3229607766616365,1.9848235023945746,3.1379997673031426,1.4584853377263904,12
525.9285714285714,6.482805429416265,2.3092021407878436,3.5894177353762773,1.8016020603281402,12
526.0,2.721584547464829,0.7333444694778936,1.3051915920037656,0.3790595227747654,12
526.0714285714286,6.103637601331961,2.0162987957326846,3.158782853993266,1.3719114418605385,12
526.1428571428571,6.178881766353187,2.2234530615459716,3.218966924310265,1.6712272138297815,12
526.2142857142857,4.056728056510399,0.9749757135902797,1.679982350487223,0.38419805197699747,12
526.2857142857142,4.561553704829225,1.280730497047704,2.1222768099232705,0.5627135594937394,12
526.3571428571428,9.031526125320854,3.8997108870079735,4.07377902332301,1.7289873543365966,12
526.4285714285714,3.698931598243332,1.626536093703715,1.5993194401246684,0.6298386777230688,12
526.5,4.349061575054849,1.492004463147361,1.9306297547205702,0.5861995982351165,12
526.5714285714286,4.612759365133466,1.4094544860107254,1.8532508057410255,0.5418565160713097,12
526.6428571428571,5.059539030107746,1.6381959778841106,2.183926467859935,0.6761652841700896,12
526.7142857142857,7.014072743930137,2.0908607095128136,4.141613369300414,1.966042868421891,12
526.7857142857142,4.165992103791873,1.2907062399998617,1.8866970251879123,0.5709314436457953,12
526.8571428571428,3.8271553503726152,1.2405876023102858,1.7648994043359372,0.4910213354762834,12
526.9285714285714,7.010665089915489,1.689575524416108,3.3931712137056578,0.8448056758698688,12
527.0,7.571713109776836,1.8107222589604173,3.5980582050327543,0.8939854846112527,12
527.0714285714286,7.403286921772454,1.941768908528195,3.434431886696599,0.9683315156793253,12
527.1428571428571,5.558519084429915,1.6192426451211563,2.5534855756929904,0.630140384964431,12
527.2142857142857,4.078570802915701,1.5447200829238636,1.881078375418017,0.65054007355769,12
527.2857142857142,5.874521801766773,1.8158968025378028,2.5035411734043573,0.679866350719694,12
527.3571428571428,8.040951968698694,3.228928827642058,3.5060056519916576,1.3089819837718588,12
527.4285714285714,5.300767026870502,1.3733129148231418,2.2800240715857054,0.5748452381053095,12
527.5,6.048080658173588,1.8951649326404572,3.4371212955334753,1.2607222738790982,12
527.5714285714286,3.5627976038449884,1.3462946135958669,1.6193171471921772,0.5390908991764435,12
527.6428571428571,4.283029316789592,1.1774087871388959,2.0492363213019575,0.6099604874606626,12
527.7142857142857,5.0304689818699675,1.5625022324593343,2.1184886730960155,0.5984087046468181,12
527.7857142857142,3.812517493414763,1.2535153758231203,1.6029885490432854,0.5530159924372949,12
527.8571428571428,5.487660319352952,1.86450460461064,2.477878797317643,0.7527309063058792,12
527.9285714285714,8.265079363314022,1.5979295971734804,3.8038916435610295,0.8243588187605129,12
528.0,6.255372866886329,2.031393626686051,3.2573055297947726,1.017401271139455,12
528.0714285714286,8.431458911974156,1.8698459402556566,3.845428979791544,0.9206741125224206,12
528.1428571428571,5.769216493241146,1.8519743321868338,2.586831957550087,0.7273992228274938,12
528.2142857142857,9.081578515230973,2.6176826785821143,4.542713642046764,1.6339889458414472,12
528.2857142857142,4.9784007945112,1.5884159091579644,2.1478997972060854,0.6923966726833334,12
528.3571428571428,5.554955707945865,1.8569783361251082,2.6475461971029164,0.7827564066891523,12
528.4285714285714,8.191993002009319,2.4193688939006157,3.6438561492668082,0.9345789204844493,12
528.5,6.872484558129018,2.917383190775103,3.1802372326798105,1.3249301822297115,12
528.5714285714286,4.084798224853736,1.3665725738723085,1.9071295457088246,0.5761170938801744,12
528.6428571428571,7.016436526737529,3.3749929989163796,3.0080444150672494,1.312805952414323,12
528.7142857142857,9.09072328462522,3.2636319936915275,5.082156383038585,2.1553993044583772,12
528.7857142857142,6.25276995662858,1.9150310629530263,3.782624409059703,1.9568170789950574,12
528.8571428571428,5.320972892376097,2.2848625096671964,2.3227617974544197,0.9193537897867506,12
528.9285714285714,6.675762871962316,1.7930844728797326,2.8248967947031285,0.7142704192447051,12
529.0,2.9899238916788415,0.7721830310322105,1.4959154204553633,0.3709424535813913,12
529.0714285714286,4.587967555793653,1.8847265184270225,3.3610919962823456,2.221494789407723,12
529.1428571428571,3.138612219760402,0.7002258001694291,1.1702373456228887,0.23884191959455175,12
529.2142857142857,4.59474524284455,1.7602696616053024,2.622260986733001,1.2904988957043713,12
529.2857142857142,3.8098949151195325,0.5463067316079471,1.7107246381267613,0.2695965089833929,12
529.3571428571428,3.9260298756438257,1.492580798967928,1.6349173311575946,0.5864164823790788,12
529.4285714285714,6.780356250478323,2.1903038827063823,4.0055489727045375,1.9179923002872143,12
529.5,9.110207766866301,3.3134860527318106,4.019818394517492,1.285562701171245,12
529.5714285714286,4.0191134458581805,1.2624346099414137,2.1226975540327917,0.5985481514296122,12
529.6428571428571,6.40315372723287,1.89690365727443,3.2769373614768993,0.8313131726945212,12
529.7142857142857,5.864537890412831,1.644613966124098,3.8137668399976903,1.6711074311536092,12
529.7857142857142,5.290536846085109,1.6373616985191952,3.830859386731979,1.886878954847665,12
529.8571428571428,6.484809726975375,2.6731540252816,3.6670082371948114,1.847696287474231,12
529.9285714285714,5.425005073082466,2.1950430197104396,3.6142825639435174,2.267337344888762,12
530.0,5.189516160056305,2.2147264331734613,2.9405659278363525,1.5016242811400204,12
530.0714285714286,9.82210254703709,2.8613799852434707,5.137470330351179,1.9833455123270318,12
530.1428571428571,6.219570082103573,2.41559497675719,2.623840297171517,0.9096484584802899,12
530.2142857142857,4.364688334707184,1.7908468530883699,1.9048247325724497,0.6921302913430448,12
530.2857142857142,2.29183279629205,0.4773828546744634,1.122410689942772,0.2182165371482063,12
530.3571428571428,6.26296795335264,2.2567391979243863,2.520939682237553,0.8496255343147894,12
530.4285714285714,6.418829328423954,2.431565543212668,4.309773598452346,2.270358493899508,12
530.5,10.674132125493417,3.083976125309364,6.148210371277623,2.3526975402735633,12
530.5714285714286,6.511645842873441,2.5478998715189127,3.0187237185322506,1.0398346180720772,12
530.6428571428571,5.773742995231939,1.9328696001567385,3.981205223759774,2.170768596144211,12
530.7142857142857,2.0128526508198825,0.5571496944220535,1.0600006281112353,0.39888263459358175,12
530.7857142857142,5.395599228321432,1.8013692828783263,2.169874423549028,0.6406411999825187,12
530.8571428571428,8.226046948552229,3.5660415747786027,4.428591655838188,2.2626744377694084,12
530.9285714285714,3.6108559998842464,1.2221584507304621,1.3832698093291482,0.4450117896924204,12
531.0,7.742772289836022,2.7619799508454936,3.878844778038375,1.6514932470087456,12
531.0714285714286,7.342969612725203,2.9404738462870057,3.142787761466764,1.1783723269343636,12
531.1428571428571,7.592580217881595,3.0537619925744135,4.5870408751507314,2.470619067416087,12
531.2142857142857,5.574269310341273,2.6846711843757114,2.440500840369312,1.0166335022165724,12
531.2857142857142,4.766569629527942,1.663357970527426,2.0888799571213004,0.661143217093482,12
531.3571428571428,4.415605666045068,2.2179543462843188,2.269763538464337,0.9518400587674823,12
531.4285714285714,7.066662060298597,2.643227354658995,3.162825153233381,1.0954363044234918,12
531.5,7.658095367873594,2.90611817036473,5.457725625600853,2.8623758627843032,12
531.5714285714286,6.372601725599465,2.3542944183841987,3.3393720801116307,1.3917511603615331,12
531.6428571428571,10.770013288013693,4.302531394678791,6.011995635957203,2.6867757485879236,12
531.7142857142857,8.900776265452768,2.746427804126001,4.669435159174847,1.464731570983833,12
531.7857142857142,9.594031727202015,2.8080402051978868,4.8036639306713615,1.3179474136950544,12
531.8571428571428,4.681432966211563,1.3732314647407258,2.563367224737085,0.8881182940391864,12
531.9285714285714,8.724741443406952,2.439868733336651,5.575212380245069,2.44882335728415,12
532.0,5.279025514326472,1.790567077554959,2.6501817810977224,0.8500629451156606,12
532.0714285714286,2.915707408329206,0.6361387445675677,1.8017457061961353,0.6803718006585745,12
532.1428571428571,3.159000006968704,0.6848538975142554,1.9198138720230569,0.6766364986559,12
532.2142857142857,7.698068352478079,2.1873249519760716,3.6815404923850905,1.012515677659142,12
532.2857142857142,4.389654568309618,0.9984836838409414,2.360939284029317,0.8505544812246782,12
532.3571428571428,3.245775015250618,0.935239479837335,1.6009298781227301,0.577349634551096,12
532.4285714285714,6.150943958118442,2.3993532692223,2.7592292935422544,1.0360399805500835,12
532.5,4.785818144302454,1.7408533782524382,2.349467183067152,0.7722986585737329,12
532.5714285714286,4.036998062108477,1.5368739781005534,2.0689427669410225,0.9136988596499646,12
532.6428571428571,6.541109790961163,2.3627518771680354,3.1810479066941393,1.0774708057497475,12
532.7142857142857,4.311870685852632,1.5572223640627354,2.7205198262575467,1.1032885288478316,12
532.7857142857142,7.314454845680513,2.1638780556629804,4.55519434521207,2.00485409642261,12
532.8571428571428,6.498013565040362,1.7266592296630274,3.3056626351159495,0.9154120965336587,12
532.9285714285714,7.160749682216143,2.412205740943178,4.5879900746898965,2.1958477737923925,12
533.0,3.2032329224091782,0.7356518758286941,1.7331969719185658,0.41753150920727966,12
533.0714285714286,4.589675314287434,1.3303473162915627,2.055532080509816,0.5757969016983909,12
533.1428571428571,5.0302374757254436,2.1248862299836486,2.336517562497358,0.8561722348434526,12
533.2142857142857,4.2834903422530415,1.7203673398934942,2.0563917910533225,0.6714916063008832,12
533.2857142857142,4.50530086065448,1.546177286064892,1.9438877367211012,0.6111427275603937,12
533.3571428571428,3.882576791657538,0.915115885630859,1.9026710654303052,0.42040730120604247,12
533.4285714285714,5.857943803371923,1.834453345272923,2.6880733072529672,0.8224533608492609,12
533.5,4.4667156948072435,1.200054725258583,2.113537456457866,0.5873096659754871,12
533.5714285714286,4.371896206073908,1.204110215219287,1.9884263764835424,0.5066730402104784,12
533.6428571428571,4.022544748573738,1.3251923353714,1.9268265322304423,0.720469292809638,12
533.7142857142857,3.5686202248287717,0.934863581879287,1.9415761984342943,0.7465883214730272,12
533.7857142857142,4.035503066670571,1.4303809279124904,2.796856778646006,1.694131349478641,12
533.8571428571428,2.6026414491400502,0.5605066351913005,1.4395994923758886,0.4065405824056097,12
533.9285714285714,5.6745821479675955,2.24341025919029,3.5651995942596555,1.7891692899356608,12
534.0,2.490794151791505,0.4884025932742035,1.1845827181949773,0.26856882128124726,12
534.0714285714286,3.235904450067913,1.3067139574484343,1.8547748730937483,0.8232092419236796,12
534.1428571428571,6.639320773307038,1.9748272958653137,3.2157917738111137,1.0181399307826609,12
534.2142857142857,5.0703491245129335,1.7719484981351534,2.6560309624653433,0.9484594119019454,12
534.2857142857142,6.3225737029334255,1.7612845630152802,3.2829432053728143,0.9761437935319494,12
534.3571428571428,6.172902118034826,1.7533649527991932,3.103803065460669,0.836525759715062,12
534.4285714285714,7.6083993238039405,1.9516830378777317,3.7638339201360664,0.8983020448035759,12
534.5,4.937635951969255,1.6788129873573363,2.3426353938456765,0.8925136687686097,12
534.5714285714286,5.122925704531117,1.9630889251217654,2.832954474375727,1.3751989644339557,12
534.6428571428571,6.2148550123987505,1.9703372964870267,3.6269846079711368,1.4019166171390316,12
534.7142857142857,3.208724934374036,1.2985807337394728,1.4826313466512366,0.5593700856684024,12
534.7857142857142,4.182709059831178,1.2753141581669016,1.933712007377647,0.6312380066702817,12
534.8571428571428,4.09939490518421,1.100947047228341,1.8228923485521469,0.5046543708991662,12
534.9285714285714,3.905037775167077,1.0442651364301747,1.9265616847565206,0.4792746267745057,12
535.0,5.82462787648825,2.03980545088666,3.957926843276074,2.0277307541894944,12
535.0714285714286,2.4471412797293928,0.6358401264572964,1.1930943421834923,0.2897392460757904,12
535.1428571428571,6.68339296725989,2.5817823809257425,4.33422914019689,2.2847844783433464,12
535.2142857142857,6.926473672277061,2.178767289279745,3.7495885679237575,1.26390988920908,12
535.2857142857142,4.5541150453633765,1.7228866836046393,2.4654965732465914,0.9528457292786382,12
535.3571428571428,6.10238163022689,3.0309206196448066,2.968880054791178,1.3867265725411473,12
535.4285714285714,6.378587784102905,2.273290266380689,3.1484235469269723,1.1299052525473767,12
535.5,6.674569682933598,1.988217141562525,3.4167898802498686,0.995844622601485,12
535.5714285714286,3.4849710879063713,1.2401419288790783,1.7896910953513667,0.5797666523224437,12
535.6428571428571,4.278891311688064,1.566973235452265,2.3793098688824363,0.9245306573791037,12
535.7142857142857,5.819307055635953,1.6926199217125717,2.53545766140363,0.6778444628639769,12
535.7857142857142,5.198028832594939,1.617706376225317,2.541731892653431,0.6871449705601015,12
535.8571428571428,6.308862170830339,2.3576747288742643,3.0277446463127133,1.0018054445908502,12
535.9285714285714,4.345635625664763,0.8365827831094377,2.241429223940927,0.5945596350225005,12
536.0,9.296971986093375,2.0799099892328115,5.100614755465673,1.5753288129616778,12
536.0714285714286,8.473243816211626,3.055862851169059,4.040648575187554,1.2648356760572166,12
536.1428571428571,7.168273584017567,2.0188139198656727,3.8879555481697943,1.0499173568039626,12
536.2142857142857,9.018561146271256,3.81802875201755,4.122135226369708,1.4851854818553372,12
536.2857142857142,7.4375494685772905,4.03812907568161,3.343020327364885,1.579294709104728,12
536.3571428571428,11.078206443414759,2.8837889615248877,5.458100190514035,1.5749936802252757,12
536.4285714285714,9.41326010022042,4.635865821466393,4.101257267210975,1.8062284759142784,12
536.5,6.848834425049063,2.15594149224266,3.170388588628308,0.8620430591260101,12
536.5714285714286,7.501392401507808,1.7675043978884875,3.2985840919312817,0.7466420887006314,12
536.6428571428571,6.75849106366481,1.9705988467419124,3.021330539446487,0.7810406240048804,12
536.7142857142857,5.241059388431069,1.5197175485599597,2.494011112415105,0.7485499369847248,12
536.7857142857142,5.087828612704295,1.6257840143872984,2.3259702526082457,0.758511491531981,12
536.8571428571428,3.9051158099852614,1.5068942106744998,1.8632082514385147,0.718403260843342,12
536.9285714285714,7.278719267020923,2.0377879047763536,3.2254728647550097,0.812669754326469,12
537.0,5.33157544857896,1.5914863237464973,2.222622208986533,0.7098030330168089,12
537.0714285714286,6.41931710625883,2.1769866454626645,2.8784160385854927,0.8956930273857288,12
537.1428571428571,9.385971480509648,2.3759101432685106,3.998194918262044,0.9687749441475754,12
537.2142857142857,8.36875846182137,2.0740266475207547,3.8600426356509243,1.0114291416977166,12
537.2857142857142,8.745646344144623,2.5905144734066057,4.126617208492626,1.1080870116919803,12
537.3571428571428,6.603355099063346,1.803184889197541,3.3457365764556055,1.0317913314138842,12
537.4285714285714,9.146547594410944,2.682660061266415,4.0287940175577015,1.0697805103640172,12
537.5,7.038008260730994,2.152015533196839,4.505488454520175,1.955871542425325,12
537.5714285714286,3.351749120638303,1.1660682645608653,1.3764756781562009,0.4933595255092943,12
537.6428571428571,2.969767790691435,1.0888889633133585,1.4065197345661693,0.6487442155758335,12
537.7142857142857,3.385516736230802,1.3502106154937008,1.6595134823219455,0.6635308139412038,12
537.7857142857142,7.114487140314697,2.8844072044625557,3.9134370023408604,2.0151267711598004,12
537.8571428571428,3.9792773684686265,1.4713950503012827,1.9445240779740565,0.8027551930454785,12
537.9285714285714,3.5676527013557853,1.2059260744876936,1.7076545476841245,0.5805531898361617,12
538.0,7.969206897534186,1.9652775096483186,4.746986852100263,1.9201732290179854,12
538.0714285714286,5.2531472919703495,1.5358124295408746,2.652091133065598,0.7782371671464078,12
538.1428571428571,7.453119469118071,2.0964335946108434,4.368842240672075,1.948267551307332,12
538.2142857142857,6.328220560168417,2.2475220901332325,2.604108415149094,0.9299051659265389,12
538.2857142857142,3.46293946262808,1.1737072723701727,1.5087348871199369,0.510347095363396,12
538.3571428571428,3.459176804341681,1.263887261643802,1.6981086158526575,0.5379321064525647,12
538.4285714285714,5.974221456770953,2.5652840758019315,3.6807366574706037,1.9767069501032684,12
538.5,6.04505491707996,2.2644966265725057,3.956254636102122,2.3531023422056427,12
538.5714285714286,5.52720561623642,1.7944259484173581,3.5698954252014046,1.8652695948914166,12
538.6428571428571,5.196946896165463,1.8233064678884052,3.431502299862606,1.8140384173843944,12
538.7142857142857,4.905115533506286,1.692335470946813,3.3551894857920317,1.7335528647399083,12
538.7857142857142,3.5404662687616284,1.2491210594659972,1.7138737782185252,0.5500383278390544,12
538.8571428571428,3.2787347935801576,1.013109959578614,1.7539792258553832,0.5216751186203619,12
538.9285714285714,4.971827106656401,1.5820011570692754,3.414599874853418,1.788893274367394,12
539.0,4.013316309933103,0.9089110179890579,1.878067913322081,0.6051045284047517,12
539.0714285714286,4.270189368248569,1.017932182497658,1.8635940742988297,0.5024686507689125,12
539.1428571428571,5.796759851610099,2.0127491071278363,3.896772312208164,2.385824440170554,12
539.2142857142857,5.08573780879768,1.7385053379576834,2.526169715695606,0.7372108490810702,12
539.2857142857142,4.307664580437747,1.3917165089258108,2.579391761847073,1.1960391944896025,12
539.3571428571428,6.113469639148268,2.030883815352663,3.34376150592964,1.2277793672353876,12
539.4285714285714,5.012535217480694,1.5061341321537205,2.9296792844968493,1.2498068132754756,12
539.5,5.186318569678151,1.9412394171529475,2.9343174024021397,1.2937614705465714,12
539.5714285714286,4.70420252798766,1.1048486909343163,2.6702511707697227,1.1127858022223918,12
539.6428571428571,5.156779722480496,1.3407893132599253,2.9436111801181606,1.1197801084970394,12
539.7142857142857,3.5971505712261855,0.9471677726948606,2.0987656272998874,1.0266770893292698,12
539.7857142857142,4.077267715173165,1.151717288294024,2.4883712676360683,1.155068642489133,12
539.8571428571428,3.3134355383166407,1.074875838147878,2.1743277333488695,1.1873145547704478,12
539.9285714285714,3.5509694038007162,0.9718461866921034,1.9769648407409361,1.0459925813438409,12
540.0,3.863947319339641,1.0515769104137707,2.2064288781424994,1.103058172468368,12
540.0714285714286,4.128263073443614,1.2341356767677691,2.61101351549217,1.2298204607297116,12
540.1428571428571,4.036847585389481,1.2941728463597653,2.680025481017564,1.222538714010613,12
540.2142857142857,4.383518798140731,1.1638691981983076,2.615553156915962,1.1294856749412505,12
540.2857142857142,4.215166424467391,1.4922761919819754,1.8545619217756024,0.7509851777835224,12
540.3571428571428,5.385098985233526,2.2649884565428406,2.29382617477209,1.024661442373386,12
540.4285714285714,5.490667496802928,1.910209256510099,2.2386045890497335,0.8550678753285612,12
540.5,4.400657307038005,1.804726492436509,1.8723010299215892,0.7754254264774415,12
540.5714285714286,2.0373114350666355,0.44918792880792463,0.9567953079550663,0.20050173951199612,12
540.6428571428571,1.648270291690204,0.5346204241934653,0.7784595578893053,0.24570647489058284,12
540.7142857142857,3.010105558503394,0.8762170144562272,1.2514753128819833,0.39607568008549277,12
540.7857142857142,3.5217420257542575,1.365159242674647,1.4896218067243945,0.668632611366717,12
540.8571428571428,2.723247371822218,1.1308360782576865,1.3791561211620265,0.5614008609500667,12
540.9285714285714,4.782357577382142,1.7641252154945752,2.0009099906070764,0.7448482240361899,12
541.0,3.031857106882225,0.9672874167490246,1.2535188725804574,0.4524787875296408,12
541.0714285714286,2.5378122376417056,0.9331144078080762,1.2679586377692011,0.4659599060984503,12
541.1428571428571,2.663124744778169,0.9524023011371727,1.228809033359206,0.4743474216129875,12
541.2142857142857,2.399023872278311,0.9928446549154071,1.0728122911927087,0.4778216131160047,12
541.2857142857142,2.9947555642349015,0.9715510718036837,1.4517333010888331,0.5408532513380929,12
541.3571428571428,4.120528629520613,1.5264512171621105,2.105343404961604,0.8725212469742335,12
541.4285714285714,4.413077881048711,1.8816968702473194,1.9866125232080258,0.8312733626629247,12
541.5,3.795345625251987,1.8426290968254784,1.6875693523307815,0.7910195190841812,12
541.5714285714286,2.6864028155861046,0.9936913198625325,1.1904393694586994,0.42684998156414117,12
541.6428571428571,2.683062761138245,1.000365940642042,1.1551181032781939,0.4429302517514406,12
541.7142857142857,3.7301167138688354,1.0747945655114512,1.5176234436467395,0.5053323837745268,12
541.7857142857142,4.392316288116546,1.8325728101404573,2.062794443656861,0.7853936444528096,12
541.8571428571428,2.474857627069215,0.530031946974061,0.9820928126190989,0.22603751902739155,12
541.9285714285714,5.484132399544662,1.7098676117211886,2.3836355919486,0.7670530037155783,12
542.0,3.8313214798985094,0.7438007507142912,1.727276408898861,0.40347870745292125,12
542.0714285714286,3.293803660117643,1.1852010895653597,1.4435850445151066,0.5305355191950623,12
542.1428571428571,5.604379087728805,2.1402838993307145,3.780813580664183,2.2071828553640978,12
542.2142857142857,4.015622285282817,1.3424316842312454,1.881204155647545,0.5866644195061239,12
542.2857142857142,5.089071394512959,1.8120580222984393,2.608237925550278,0.9614512396909515,12
542.3571428571428,2.679881499646703,0.9559538575656021,1.3840104355153895,0.47480155711618915,12
542.4285714285714,4.988175065487974,1.7340429119502339,2.4997252189303185,0.9326231183484773,12
542.5,2.798254933419427,0.754974805811967,1.3243949924610423,0.3381580225434508,12
542.5714285714286,3.851410852073437,1.3686775299316187,1.8110698925327957,0.5830445574965973,12
542.6428571428571,3.8531626352798,1.3684098714128512,1.5552165508703608,0.5962912667534809,12
542.7142857142857,2.418667064043192,0.8056323198779175,1.1026699088521779,0.33971291147153204,12
542.7857142857142,4.527660758913535,1.151372394034727,1.94570441820535,0.5452560548423996,12
542.8571428571428,4.646258482565243,1.3574042987039896,2.326581371145091,0.708856512368574,12
542.9285714285714,5.1053091143776,1.300546234660936,2.619652395879811,0.6689528612777412,12
543.0,6.729995315635382,2.2202630224799154,4.108643446247408,1.7872750683451066,12
543.0714285714286,4.876078941123727,1.7463955977822434,2.540430718892071,0.8070963843504718,12
543.1428571428571,6.203335033419972,2.5029893642824983,4.400933060923912,2.380458220034992,12
543.2142857142857,3.3751038119474805,0.7070689086001309,1.7791813654964663,0.5136589364286335,12
543.2857142857142,6.048786992445148,1.5558888383567302,2.9724886423666423,0.8721927452920983,12
543.3571428571428,5.084098154799209,1.5497653806958815,2.5313149697397184,0.9044133962126368,12
543.4285714285714,6.898220637366795,1.7301150265659297,3.3578556297940265,0.8731077208936217,12
543.5,6.189338620191204,1.9036372495494736,2.6108602611437495,0.7244868351476633,12
543.5714285714286,5.91692939718558,1.789990801431955,2.5314021942575287,0.6821518828177268,12
543.6428571428571,8.301492686198925,2.857352804698936,4.71793426627049,1.9685297442558054,12
543.7142857142857,4.8430868745841975,1.5811074573340995,2.101196774859625,0.6411086216669009,12
543.7857142857142,7.1681667618027225,2.3412349498115494,3.2269147456263743,0.9489815216026822,12
543.8571428571428,7.48336547039279,2.205018704545268,3.3806942760887195,0.9104490008928117,12
543.9285714285714,5.591090047046581,2.309368731324589,2.376895717972221,0.8934331134429991,12
544.0,7.70770986701972,2.4661336468255137,4.250418654775882,1.9437813766807361,12
544.0714285714286,5.503950258751704,2.362709938251722,2.3069333483807295,0.8827239020458647,12
544.1428571428571,5.052509931421076,2.456285326018663,2.01496223108815,0.9236431621351254,12
544.2142857142857,6.052962339707425,2.2710541791404197,2.527459277154631,0.8956325398535574,12
544.2857142857142,8.911118343917666,2.677854355653621,5.123449394574305,2.1148196542283397,12
544.3571428571428,6.3254591083626694,2.6131010687574205,4.068312315375874,2.186996067145067,12
544.4285714285714,6.517334828124248,2.579627272945663,3.90117219600451,2.1584374948160456,12
544.5,5.36006143955075,2.4815294064091833,2.099181311934737,0.9710039555297966,12
544.5714285714286,7.191673221347443,2.76408260093987,4.477816545958691,2.1612137251896266,12
544.6428571428571,7.5873219821905264,2.8576723401380284,4.366381350685926,2.1860665048885757,12
544.7142857142857,5.383343760375041,2.573748741676011,2.1333658421474153,1.0192918553606014,12
544.7857142857142,5.447960897889974,2.4710212944035193,2.133226691561268,0.9609798379124955,12
544.8571428571428,5.838443086284923,2.751970452758238,2.3384362392858047,1.062789705806064,12
544.9285714285714,8.282605795442803,3.1749182605418613,3.5191665542367985,1.2395127875078387,12
545.0,5.415113700930341,2.5233628866769617,2.2296280325069735,0.9763503706213356,12
545.0714285714286,8.202986360219635,2.9029167261462656,3.5443197026175066,1.1494089275720631,12
545.1428571428571,5.902292336930993,3.389331644342985,2.2820074209102086,1.3253681814674851,12
545.2142857142857,4.3080254859532525,2.4638419953207817,1.7868028511235812,0.9640742747446674,12
545.2857142857142,7.981409038288802,2.9267821555866376,4.51770321219213,2.1288406734493632,12
545.3571428571428,7.343003101239504,2.6838787538013067,4.272134176523401,2.1003840968216703,12
545.4285714285714,7.379940113061328,2.6114384025407404,4.401141100369172,2.04788040990135,12
545.5,6.381761932758322,2.3709516578715575,2.9183368043390883,0.9286898409510295,12
545.5714285714286,7.700996705460972,2.5460410156269755,4.417693011999521,2.0654160771912804,12
545.6428571428571,5.170696413439251,1.9356638061725648,2.1692263386549944,0.7129441570777816,12
545.7142857142857,5.770573271894077,2.3811150141268604,2.5348926406454924,0.9281724523341247,12
545.7857142857142,4.269665551348491,1.866083054320382,1.778040063620139,0.7450485854448485,12
545.8571428571428,4.409162616734323,1.500025510703279,1.8748835356031635,0.5719654488055382,12
545.9285714285714,5.975397272248704,1.6952439844831328,2.5682010808881874,0.7021843756946686,12
546.0,6.399485436492641,2.4454408413606674,2.79935620657323,0.9970130517470747,12
546.0714285714286,6.241939250645313,1.893815467967399,2.7508666185687662,0.7668590430237529,12
546.1428571428571,5.737846474854748,2.285521413511833,2.3237662288441254,0.9530635850471636,12
546.2142857142857,3.4442677045137238,1.152506832136752,1.509554605611735,0.4322530897480848,12
546.2857142857142,5.497744138432363,2.9007715115427146,2.1316973350621837,1.1284027578920266,12
546.3571428571428,3.5240509027875455,1.2170129841815482,1.299309015163365,0.4636307774984751,12
546.4285714285714,3.95523097033135,1.3237404737708784,1.4490917544038995,0.5075100622161468,12
546.5,4.825348257304678,1.2794226354444662,2.0471639234739225,0.5171234658728655,12
546.5714285714286,5.139314471439233,1.2650816729017926,2.624716312909005,0.6574060911164326,12
546.6428571428571,5.227674519157655,2.009451830967948,3.6410927494708996,2.019957590302623,12
546.7142857142857,5.99626195050168,2.1185894172781037,3.9888204853475027,2.0164108336591333,12
546.7857142857142,4.7245653277358945,2.7694041971351995,1.9807614876552193,1.0810154403587011,12
546.8571428571428,4.734387891346385,1.5459301422662493,2.115834424598808,0.6217357692359923,12
546.9285714285714,5.050039063404682,1.5297574984996973,2.4658835521736986,0.6640182413199844,12
547.0,4.1274945627493915,1.6866557970409808,2.0103412764624724,0.7271615581847677,12
547.0714285714286,2.859322139527544,0.9585471153853822,1.3922983897811607,0.4158558267655411,12
547.1428571428571,5.492600104102778,2.303919058062554,2.526002727459297,0.9600572521649684,12
547.2142857142857,5.706315292167485,2.2599987690698775,2.557641714000992,0.9479900508626269,12
547.2857142857142,5.7577848344212335,2.467953250012472,2.5023628808242866,0.9654239221041067,12
547.3571428571428,3.389452969739015,0.8780993020253725,1.6032577613468861,0.42617385948569586,12
547.4285714285714,5.850549850471176,2.494391154503854,2.584250699839384,1.1176708528841706,12
547.5,3.129525861851334,0.9840550239352667,1.5352566276088178,0.4322730103529526,12
547.5714285714286,4.80852772527754,1.22108581495533,2.4024147083910163,0.5786023419002156,12
547.6428571428571,4.880268923344373,1.6527532898121273,3.309916042346994,1.846978564104547,12
547.7142857142857,5.946939917217151,1.9265268679252072,3.898381850992837,1.8593436902277964,12
547.7857142857142,5.911004086640705,2.558542201333463,2.853839441668809,1.130637466454852,12
547.8571428571428,5.2210575892179945,1.7668591882718843,2.379158896731322,0.7316148044879792,12
547.9285714285714,4.555553691199898,1.794724683276201,2.1166240513624444,0.7222252817800863,12
548.0,3.3763660776856312,1.1935879614967244,1.393839214083355,0.5042730937907064,12
548.0714285714286,5.201286470156444,2.2590953840228236,2.208429756244972,0.8947077159146629,12
548.1428571428571,4.655801226336696,1.9730074068835752,1.8471012903175086,0.7655788448888581,12
548.2142857142857,6.331125643537159,2.652815296094369,2.571912984929718,1.1180282748261832,12
548.2857142857142,5.610313636655818,2.0847382936562626,2.222021151588111,0.8262082811980096,12
548.3571428571428,4.535565779351632,2.1765520452653715,1.999916629261177,0.8508331403032814,12
548.4285714285714,6.083267233817747,2.3570396057251477,2.562368675907813,1.0899343589952482,12
548.5,5.999973461168835,2.9116854022075387,2.611392863536221,1.1838494132380006,12
548.5714285714286,5.175232778086457,2.4459370941151315,2.265255283011517,0.9507155016905857,12
548.6428571428571,4.803017635161864,1.7154623697756275,2.1270750272152483,0.7149250964715603,12
548.7142857142857,5.150661381283137,1.893017425313304,2.417521921868455,0.8287932630740703,12
548.7857142857142,5.835335611094351,2.3245974990538336,2.4197752862995197,0.966576777187956,12
548.8571428571428,4.9124437610255205,2.387704181917207,1.9976163396807511,0.9314059620753394,12
548.9285714285714,8.402628010163856,3.442792955912239,3.492401646905581,1.4598800931160762,12
549.0,7.641407678479596,3.0794744753667,3.3128556629236114,1.3114745121125495,12
549.0714285714286,6.257655397254813,3.010141739181167,2.576002474702054,1.2935945147907635,12
549.1428571428571,5.2116736941897255,2.1296962906704935,2.3587291507970063,0.8749679270551891,12
549.2142857142857,3.8045094138430944,1.9944926802705574,1.5115573883872855,0.7756531697630152,12
549.2857142857142,7.337709445594128,2.3405411558276827,3.121538584834454,0.9427778569537328,12
549.3571428571428,4.672174817630764,2.0436320542556494,1.8832762802408618,0.8090058720394028,12
549.4285714285714,6.3454109930246885,2.4513163531865407,3.0618672307065014,1.0860512676413006,12
549.5,6.887718410195279,2.621323564546045,2.865730192038781,1.0630450622121737,12
549.5714285714286,5.168694194071851,2.152292272423689,2.485920034819929,0.829502982178779,12
549.6428571428571,6.169731622204728,2.9380080266699804,2.9824232428835056,1.1668547615824547,12
549.7142857142857,7.896798196797779,3.4598842762879145,3.5426240245373104,1.396978372586884,12
549.7857142857142,6.918861256693081,2.9880502108503073,3.023744092357198,1.1831243595227299,12
549.8571428571428,7.269564267932528,3.058383647640493,3.120398519084955,1.2190138198401155,12
549.9285714285714,8.494584741876805,3.478786678249205,3.416126957172386,1.3871951359646324,12
550.0,9.195476256233427,4.419658382071796,3.818190234648111,1.7214377967271157,12
550.0714285714286,8.988680170350266,4.407029850480047,3.771136323926634,1.7043423667951927,12
550.1428571428571,6.210406763539706,3.423387719214692,2.4439873831626553,1.3822105605751016,12
550.2142857142857,7.40345723976933,3.7746153351386162,3.1237050534036674,1.4888439449337314,12
550.2857142857142,7.933327792314706,3.5800083278941646,3.42113559733324,1.392706939719824,12
550.3571428571428,5.565147261033818,3.444323123424998,2.3224680877810897,1.3335242938403389,12
550.4285714285714,5.53873547230403,3.3226610381477832,2.336423067684956,1.2807961919481445,12
550.5,7.073953334172324,3.963843649211287,2.915028096943769,1.52835430780147,12
550.5714285714286,8.127650416458279,4.054103167281785,3.4718270782596603,1.5948422385116257,12
550.6428571428571,6.81549937704771,3.3583678524951814,3.0260385166807655,1.319728974007557,12
550.7142857142857,5.820885562666902,3.250836404791579,2.5563308640933635,1.253553463354191,12
550.7857142857142,9.121740605893589,3.891957645757772,3.965461903393376,1.5558576666129438,12
550.8571428571428,4.696041322855447,2.698757865491668,2.0776444453251575,1.0399812278030733,12
550.9285714285714,6.5152901398950815,2.9170529932116733,2.8308686065249073,1.1576830536484892,12
551.0,6.17380788933533,3.1693371408486204,2.781832907523786,1.279479354725116,12
551.0714285714286,7.771459878331375,3.2166325834085034,3.4472894559740124,1.3243856609527573,12
551.1428571428571,6.228958436060609,3.415023735813249,2.75604257988416,1.3563719057809398,12
551.2142857142857,5.307727045984772,2.804899747672158,2.4064503424810617,1.125106180926393,12
551.2857142857142,5.7718340576338525,2.7752522652082043,2.570112413261211,1.1050766225554338,12
551.3571428571428,4.655475613517799,2.7040804083816323,1.9497896009329123,1.0580807743144116,12
551.4285714285714,4.514214759142896,2.4213187722630956,1.961100483793599,0.937138700202282,12
551.5,5.634566957799553,2.476314004128744,2.6127935255284847,1.1049858741035208,12
551.5714285714286,6.949836671012104,2.480819500239796,3.1216402658579567,1.0114558432962881,12
551.6428571428571,3.7332278127204828,1.9067666277676758,1.5515187633717311,0.7327565319395924,12
551.7142857142857,4.709381240731963,1.7341093931127516,2.0843212674141145,0.7159053616147238,12
551.7857142857142,7.204336770945061,2.7265862401978005,3.0499219010613094,1.118122495394825,12
551.8571428571428,4.722712203382245,2.3242494826540283,2.035146706800138,0.896266962381212,12
551.9285714285714,6.4468528964602285,2.841076614893311,2.7787780480013975,1.1533861919487944,12
552.0,5.23614044382844,1.6580070935486477,2.048851910413656,0.6836380089935058,12
552.0714285714286,4.596598020695712,2.0144428789804136,1.8822591850232364,0.794941213785131,12
552.1428571428571,8.80734807632952,4.2637264335405956,3.8269023950762353,1.8425131580665883,12
552.2142857142857,10.338579555066532,4.844794050560686,4.6523444149270725,2.1480790818362494,12
552.2857142857142,9.703941974414128,4.318053777114698,5.6217033121455895,2.65493010110493,12
552.3571428571428,5.28652079075236,2.586850200249774,2.475680194162815,1.1833204552299994,12
552.4285714285714,4.365296366946581,1.8906666339558467,1.7905331248955858,0.9516365067403195,12
552.5,6.3461232699247425,2.8058707824900178,2.763851588377389,1.3350804619976082,12
552.5714285714286,2.211998792358631,0.6123496732492976,1.0522482944938214,0.3161614395155446,12
552.6428571428571,4.7842398566501165,2.03172809870684,2.0500695299563145,0.8816936519444413,12
552.7142857142857,3.2049463097505653,0.856320969186291,1.2809536428188446,0.35497719700154867,12
552.7857142857142,3.135143608830794,1.2346595790147978,1.203702582373546,0.5633826352058053,12
552.8571428571428,2.3193592391447977,0.5580448279824688,0.9611012032886772,0.2652820805651737,12
552.9285714285714,3.108339085011948,1.336517986672947,1.3391262628312417,0.6756371665793595,12
553.0,6.238006649613004,2.4785072962722405,3.1115425960961374,1.2863820371263743,12
553.0714285714286,5.864594923030794,1.927940502479277,2.344529381935993,0.8938893520636142,12
553.1428571428571,6.974530445513264,4.009190829714196,3.208298504616693,2.0489299116090174,12
553.2142857142857,4.964136060436814,2.702075724261211,2.4814218226300415,1.319692641713234,12
553.2857142857142,5.35394094757465,2.582731085932659,4.117139145287552,2.720123772961678,12
553.3571428571428,3.2364850391825035,1.721080515021531,1.4390555683695359,0.8670786054098414,12
553.4285714285714,4.664479204929348,2.039679542183745,2.142480997236849,0.8631902946283909,12
553.5,6.294764013854359,3.5851579626069427,2.6734105308097837,1.4102082599619685,12
553.5714285714286,4.468582604787982,2.3216622826414097,2.089632728557402,1.0168350985396495,12
553.6428571428571,5.13851608974477,2.4441858651723387,2.4273997579004636,1.109386978855007,12
553.7142857142857,9.932330908582605,4.440893648890631,4.01831258788036,1.794222786282464,12
553.7857142857142,9.482835780022626,4.42209351968849,3.913235985764769,1.7918372151143327,12
553.8571428571428,9.430030248017205,4.795965934405605,3.903334776803039,1.9322023595543325,12
553.9285714285714,10.449602197233926,4.648376204072601,4.431811913868873,1.8456925938468833,12
554.0,7.865332532537267,3.4105604331460238,3.574253964894827,1.4522645414719721,12
554.0714285714286,6.51723237609113,3.442468095830053,2.767036950299855,1.404256486986694,12
554.1428571428571,8.418073479180155,5.874263873907009,3.4949933491144,2.286549672033941,12
554.2142857142857,7.026823837880655,3.825651837287194,2.7926143457015224,1.4914629816909315,12
554.2857142857142,9.837894274861958,3.845211634193539,5.141163355247541,2.2262969789396223,12
554.3571428571428,9.318193801865215,4.328068686688001,3.999351215237125,1.6693701565269812,12
554.4285714285714,9.159106550204887,4.469940218070118,3.9704220373080474,1.7530183834206472,12
554.5,7.5268398866671165,5.52388799509269,3.014419733076223,2.1610790143094176,12
554.5714285714286,12.508659880158696,5.966437952215169,5.258240716412984,2.5102327665102466,12
554.6428571428571,10.875836961807678,4.738792911088909,4.505005231977388,1.881535427101412,12
554.7142857142857,9.559553271312543,5.5074567070477976,4.039174152665608,2.1564304689467884,12
554.7857142857142,10.940544513462031,5.606517814792572,4.66958837562498,2.1933570576015433,12
554.8571428571428,10.233017518468884,5.134978682519966,4.330453242732822,1.9949676934996776,12
554.9285714285714,10.98629502676604,5.742374438676067,5.966306409010101,2.866787931303226,12
555.0,7.0720952215393655,5.3203404613863965,2.900315959684677,2.078058558638999,12
555.0714285714286,8.595774293646997,4.476107888732483,3.4793184202614054,1.7636863194523589,12
555.1428571428571,8.997413334537251,4.865416209126766,3.5558573823601383,1.9097267541556244,12
555.2142857142857,7.883541848488511,4.466321886417432,3.0868667005945998,1.7753934050555011,12
555.2857142857142,10.119863589215042,4.515165575122093,5.457812290125975,2.6723085370773108,12
555.3571428571428,10.856943401485415,4.344535557501335,4.7652778493517705,1.800916083411861,12
555.4285714285714,16.9424687624112,7.539749944774658,8.829353638178516,3.554246316811799,12
555.5,8.565335660730568,3.7794354463990496,3.8358367642794162,1.6151646148173149,12
555.5714285714286,6.3995813072322845,3.622173931571869,2.7347064581920093,1.4208242622850082,12
555.6428571428571,8.716615903647137,3.617555281747275,3.8088980000665393,1.4341370655065813,12
555.7142857142857,6.056467971053784,3.624825713831129,2.885155230809011,1.4175492865086907,12
555.7857142857142,5.1289544483287575,2.9337491558809417,2.4908993484654873,1.1759858853473095,12
555.8571428571428,6.129178279906058,2.9042152898996285,3.921124047714754,2.085228438862253,12
555.9285714285714,7.346346374126224,2.693065525732665,4.823497427512063,2.6961281438773126,12
556.0,7.8422614230068355,2.610697582972738,4.349919757377323,1.8517399109622188,12
556.0714285714286,7.253734636264418,2.3348152502589783,3.4926698618066894,1.112896423141895,12
556.1428571428571,4.489429044440254,1.6472082700153134,2.8953397279977144,1.569588623942404,12
556.2142857142857,4.391994414883136,1.061280917447213,2.4358054596198797,0.8922902566169726,12
556.2857142857142,9.320217569545159,2.8698666528699714,4.738092007894262,1.5561188144517186,12
556.3571428571428,8.892754138984515,2.643662185291824,4.478596627505213,1.3105348345184002,12
556.4285714285714,10.706970102718039,3.206696837913492,6.581614180195293,2.995765954754031,12
556.5,8.303081987206093,2.7688480193945617,4.304701200382268,1.2858105017948978,12
556.5714285714286,5.784226790215334,2.2405773926817725,3.642869842365802,1.6911115733704407,12
556.6428571428571,6.367705980494865,2.6791800261868755,3.889433062040825,1.8663497924743282,12
556.7142857142857,7.218778273065948,3.2711895085379012,3.3504466181235615,1.2860520974477723,12
556.7857142857142,4.129483201287065,0.9187265387584179,2.2137326478398696,0.5041016244904137,12
556.8571428571428,5.625511301510388,2.0790204047761143,2.863286259329292,1.0208300493265685,12
556.9285714285714,5.618186370214959,2.1032944528000375,2.582925731652595,0.9562099073719476,12
557.0,5.564963424694995,2.151649998371489,3.75609304150374,2.4455031640724845,12
557.0714285714286,5.6514070027722605,2.2527007994640833,2.435129871057547,0.9443463981638347,12
557.1428571428571,6.845403759571675,2.522006680036908,4.194820204218411,2.271255389088073,12
557.2142857142857,4.149356345159468,1.497130976306705,1.849521672263408,0.6556822605811873,12
557.2857142857142,8.494036746573878,3.164642600977634,4.910855729510009,2.254669137581489,12
557.3571428571428,10.48631360961105,3.028146417354112,5.946562954202647,2.4593984178938157,12
557.4285714285714,6.209153775187835,2.928106557376689,2.6224794321369567,1.1862643124709855,12
557.5,6.576858251152455,2.850596143145937,3.0793337122875535,1.1566703667580613,12
557.5714285714286,5.678661789432087,2.646849579189756,2.646146310018275,1.0786694259461256,12
557.6428571428571,3.935188665296405,2.3698846221215515,1.6952234710516898,0.9256552569121197,12
557.7142857142857,10.3926748387815,3.5091891695449124,6.107589162181205,2.3887150202327088,12
557.7857142857142,6.776636932601019,2.515840708553751,3.2152434828821272,1.063076986930555,12
557.8571428571428,7.153505225934729,2.383715244376466,4.613762807853077,2.1370674213150824,12
557.9285714285714,7.76561185954257,2.3909455427726902,3.3019067890437452,0.9951089271464784,12
558.0,5.261713546349031,2.0189499388210117,2.2167682918882075,0.8863388396938572,12
558.0714285714286,7.923471570636049,2.3741252674357085,4.440652017296419,2.0289434746497896,12
558.1428571428571,8.329189858898635,2.402193460374321,4.824011404329062,2.0364874779693474,12
558.2142857142857,3.4211613697002075,1.3443909350499432,1.6622831702100185,0.6303478234728817,12
558.2857142857142,4.333675866212766,1.9999946582325303,3.3336550657468154,2.2461978732701997,12
558.3571428571428,8.800414526385284,2.6587785850682315,5.348135673339433,2.309586346231223,12
558.4285714285714,3.9989740779532807,1.7271155131283524,1.5854255109508957,0.6722058239087455,12
558.5,7.735584532243203,2.479221000639829,4.702710730257924,2.033317546918713,12
558.5714285714286,5.82335950301013,2.225131421848946,2.482315994375411,0.9142949783604122,12
558.6428571428571,5.885641433827621,2.405193948640507,2.616058537786745,0.9855937255958918,12
558.7142857142857,4.216530202278949,1.885539158166141,1.8288841373904448,0.6985865964150721,12
558.7857142857142,3.337376329370362,1.5370442544383196,1.625098616739712,0.6405334223681085,12
558.8571428571428,3.162282456516382,1.4128744302453597,1.350737985129204,0.5428852498139645,12
558.9285714285714,4.7294383941817015,1.7981430230343276,1.9519273182498313,0.6705301867653969,12
559.0,5.534956563976116,2.4022608996162345,2.3919133577031717,0.9810183691668163,12
559.0714285714286,6.279851097427044,2.4814692209703115,2.4302890401716377,1.0073230612649207,12
559.1428571428571,7.30669273417766,2.650994329075325,3.102624173733661,1.1169996850818678,12
559.2142857142857,6.955055562055042,2.461912162955494,4.3066407371692526,2.202375272811943,12
559.2857142857142,7.9770009925666185,2.7915313904367096,5.018776631167831,2.5791025791959936,12
559.3571428571428,7.180368621745383,2.360830893894111,4.36886006717254,1.9050712581038711,12
559.4285714285714,8.37517322210355,2.665228270861226,4.74547869578523,1.9577310345362584,12
559.5,3.63311829234961,0.9688786338015732,1.6539084986344108,0.43984342282960703,12
559.5714285714286,5.212152259623812,1.9600683165880468,3.5901912201602926,2.3552153449394115,12
559.6428571428571,3.965289377727565,1.5781407920297261,1.9525823480921265,0.7113406647820338,12
559.7142857142857,5.78526607805287,2.4082148658002054,3.930688469356673,2.3407737273850433,12
559.7857142857142,10.475422092518395,5.562570280365223,4.66515179938603,2.429040178031162,12
559.8571428571428,5.601210555582505,2.2726878798391588,2.512112413505186,0.9325319950147197,12
559.9285714285714,7.725105990191551,2.777898157976455,4.610178592395484,2.1488654553814914,12
560.0,8.80537856183753,3.0955189340184863,5.040863224674454,2.202755999715059,12
560.0714285714286,8.573549792758584,2.6129217168023904,3.832329753103123,1.0661862166981448,12
560.1428571428571,5.307765198997438,1.7940072220896701,2.812430060410869,1.0636742969839093,12
560.2142857142857,6.815097473838991,2.8147095741743695,4.989524914834924,3.0937680186560876,12
560.2857142857142,6.901898764592465,2.5943101618605806,4.224072751264609,2.0789429113894244,12
560.3571428571428,7.673902359363472,3.8133401346396347,3.285099681837527,1.6579601285519892,12
560.4285714285714,5.922598996628812,2.301409609620457,2.6274116764272617,1.0059502089815502,12
560.5,6.023652906048828,2.0457965898542425,2.851292009525345,0.9536131382697558,12
560.5714285714286,7.184878185444549,2.042133672583464,3.8222542030575553,1.5620141572900261,12
560.6428571428571,6.980359753773594,2.4275507876781073,3.2386479962621064,1.1145861723995116,12
560.7142857142857,6.8538251549018465,2.6988941462220484,3.8573130809078764,1.787154153709383,12
560.7857142857142,6.485704139647479,2.7403907802794856,3.7509498810074056,1.7784684616658928,12
560.8571428571428,10.857789576376891,4.292321218872115,5.554323555608179,2.0735734363387865,12
560.9285714285714,4.342788173197231,1.8989190314522801,2.3733052227204245,1.0058007234170927,12
561.0,4.977322464041156,2.542632051901774,2.610498380816348,1.2028600219264944,12
561.0714285714286,6.876845352759412,2.20761606899332,3.4931017641676156,1.1519039922835557,12
561.1428571428571,7.649686924807173,2.7773188967971953,3.455936320384032,1.2678511444089866,12
561.2142857142857,7.796284723909204,2.5662556712971245,4.31989901429197,1.872472511986386,12
561.2857142857142,5.517192735088194,2.424260135314339,2.310452139852777,1.016252691679663,12
561.3571428571428,6.19764828661553,2.3536609299873454,2.8516549319735964,1.0433544166406363,12
561.4285714285714,6.197851884041458,2.640720353882009,2.9117017843815467,1.1347604154028565,12
561.5,5.880896025226402,2.3384274218518355,2.5717534417602663,1.001113770475425,12
561.5714285714286,7.68878681649831,3.562546639257967,3.4196263553152435,1.4969656413716803,12
561.6428571428571,5.695626088534234,2.1453816697485,2.5937761409126012,0.9344912804206663,12
561.7142857142857,5.241070164250227,2.1872178101781374,2.3910577147796377,0.9036128402275563,12
561.7857142857142,7.286413648992764,3.52020232444315,3.349892459942488,1.4849250894225596,12
561.8571428571428,9.872548706768935,3.897422643118906,4.506635959480612,1.6502129310984857,12
561.9285714285714,5.70163970140294,2.3858453298317337,2.591683403647394,0.918588839320267,12
562.0,5.1519844742763015,1.7301947142529286,2.2167580800156736,0.6953366923509183,12
562.0714285714286,6.603298867083708,2.2290322274021106,2.9028608225991195,0.8844612113307793,12
562.1428571428571,4.747648800848754,2.1404699407302137,2.136115470170552,0.8529882563693305,12
562.2142857142857,5.138009208016542,1.9624012507823985,2.248572184340085,0.7736935811610539,12
562.2857142857142,7.5355304560464935,3.7350554090236017,3.175204412531083,1.5569457495341503,12
562.3571428571428,5.574829997118652,2.350776088032818,2.377746706072623,0.9490583434885871,12
562.4285714285714,4.55606186926939,1.8261500116235414,2.0697534514051834,0.7144549526114905,12
562.5,5.208651089052288,2.2069840376063397,2.3009354704387994,0.8135275770162873,12
562.5714285714286,6.843072590002692,2.5600297834804024,4.146848243750482,2.0085140131956054,12
562.6428571428571,9.234398942804871,4.364518154900046,3.9381494168643574,1.654789280487819,12
562.7142857142857,6.698072359608827,3.9434443910054044,2.959817699641486,1.512055954348169,12
562.7857142857142,10.533582976727446,4.66921587001674,5.535845874262101,2.3585192603087117,12
562.8571428571428,5.686570028395206,1.980077596029139,2.4287784555119907,0.817821393961328,12
562.9285714285714,6.732792605745429,2.382693178310448,4.135915798481714,2.0236335627818125,12
563.0,5.333079028917165,1.5679339652452156,2.436649799571439,0.7062355424543094,12
563.0714285714286,8.61482626151968,4.66029167732707,3.730563769455343,1.825312970747944,12
563.1428571428571,4.770652473640731,1.6265009539100466,2.3177460067418147,0.7047068156293976,12
563.2142857142857,5.307681491986893,1.9135974542783882,3.451890315125351,1.9978175741483688,12
563.2857142857142,5.288485328139736,1.9447813206060272,3.4449286304705837,1.8100742072263705,12
563.3571428571428,10.262718861306523,6.021671508693601,4.802808481133012,2.689745995799637,12
563.4285714285714,3.568163920586089,0.9152385089129654,1.8256630660955806,0.5165927995287385,12
563.5,6.285446239409153,1.7499773211191065,3.887881227419578,1.6716735771378193,12
563.5714285714286,7.34802105817763,2.6203147829089297,5.089439592019631,2.720596610091288,12
563.6428571428571,7.781242291908575,3.7066088173479237,3.5319786008224363,1.474183607528923,12
563.7142857142857,8.3442763324482,4.122034316967765,3.462558509680116,1.6590795243693321,12
563.7857142857142,9.660817277834171,4.284538434559994,5.454990493615756,3.0110579927610024,12
563.8571428571428,2.4861631597591556,0.6194208281254585,1.5716676660714688,0.643281160782365,12
563.9285714285714,4.993220278364079,1.7513411965060985,2.3518337997436793,0.8395681051452616,12
564.0,2.4710133865575514,0.6450082774689698,1.0936241580579138,0.4285220986549919,12
564.0714285714286,7.178839481374285,2.3991064724196334,4.233293587587809,1.9244875124285683,12
564.1428571428571,5.004932088177989,2.0104906283813864,2.4377912661849592,0.8762422580044966,12
564.2142857142857,9.905358135392019,4.846141219908974,4.063261692306035,1.912307581765613,12
564.2857142857142,5.963904503621659,2.0479843192917992,2.798717620661928,0.9328240522742828,12
564.3571428571428,3.3421543237988685,0.9034419849035131,1.7934137250079865,0.5451524215460799,12
564.4285714285714,4.224382144962191,1.7589522456215,2.9936726995152867,1.8883258877197309,12
564.5,5.399211482982015,1.9601994346914016,2.444408972877318,0.8379326085259587,12
564.5714285714286,4.053217131581724,1.2299092706029875,2.0844007411351013,0.6543188169950451,12
564.6428571428571,5.14626802708074,1.2733263778998007,2.080257998950258,0.5355345453743346,12
564.7142857142857,6.270587192149784,2.1223711721547094,3.7035147781504216,2.0882656739357093,12
564.7857142857142,12.339654249967431,5.230801347920116,6.420296758660382,2.7551199976802137,12
564.8571428571428,8.006406801814533,2.484871993485386,4.57570787617387,2.183580629058023,12
564.9285714285714,7.992368819320407,2.5407498042138323,4.755308560896251,2.4014111569413368,12
565.0,2.9228193971950756,1.181209729392244,1.338896706636308,0.46966800479412485,12
565.0714285714286,7.999240808600731,4.186622393522401,3.1150214226761888,1.6238656498977002,12
565.1428571428571,8.636304024538722,4.917373692826557,3.681108235430989,2.20198742403387,12
565.2142857142857,10.694840368774114,5.060519769043679,5.913042853890193,2.8864867047866265,12
565.2857142857142,7.285406104458178,2.1978782025470385,3.1262307600260733,0.9494573778953159,12
565.3571428571428,6.467856042300096,2.2374444495271097,4.098075641356897,2.1757346532218556,12
565.4285714285714,6.0826996547515595,2.2839003395784054,4.217296943425154,2.4428552574020492,12
565.5,6.169589732813538,2.1459336050978717,2.5982984496139303,0.8649260809954376,12
565.5714285714286,3.77303152412105,1.366356948801132,1.6328277316079867,0.536719703810346,12
565.6428571428571,5.956432502749829,2.2544575491320122,3.915921131833259,2.1937517416883225,12
565.7142857142857,12.541901393625432,6.398812332444523,6.7622795459611265,3.3847857244235193,12
565.7857142857142,12.50992423371418,5.604151995956159,6.534314170145951,3.0193776252415168,12
565.8571428571428,12.862135766132672,8.06726742723039,5.603089410189056,3.584884229115088,12
565.9285714285714,8.330265215302147,2.8230113700421424,4.898348170132612,2.158886450602798,12
566.0,4.352183924594531,1.7604213396713888,1.7514672130262592,0.6831400095991583,12
566.0714285714286,7.545140029431365,2.9793720044753393,3.3691624169546515,1.240859066331546,12
566.1428571428571,5.859146633455798,2.223213601985233,2.353316462323204,0.9075574948611179,12
566.2142857142857,8.78615482299517,2.3140106049244453,4.800695826313878,1.9836036468327014,12
566.2857142857142,12.104766226334677,4.800147567494059,6.2438394525610335,2.7659200609981336,12
566.3571428571428,5.2132090490785075,2.346024433155405,2.208204075538786,0.9553734584877,12
566.4285714285714,4.627775826577277,2.1903887653859813,2.075300173400041,0.9109175622125443,12
566.5,4.915452498418223,1.9570401258328125,2.3928453090134734,0.8329884969911955,12
566.5714285714286,6.409890685394116,2.6528940354966584,2.881904127961823,1.2283885639633112,12
566.6428571428571,8.657436687819612,2.9684613508178814,5.249756519506564,2.743610083885876,12
566.7142857142857,6.783598399609552,2.1244640373746098,3.809051624220555,1.6842872853602038,12
566.7857142857142,5.528909316359242,1.9664323084021484,2.853568775608463,1.0351270744847283,12
566.8571428571428,5.904221385789199,1.9177290657179416,2.9887489469442485,1.025636880544494,12
566.9285714285714,11.600151979582874,7.0713066386873615,5.504632084908159,3.1767533721439927,12
567.0,7.4428379791682175,1.877650675958567,4.580049286571154,1.8200165481219943,12
567.0714285714286,3.4323621061327603,1.279539595578502,1.9641721931211706,0.8647726303758543,12
567.1428571428571,5.083072982708702,1.783439573155814,3.230948450612586,1.698012738272467,12
567.2142857142857,4.983721591461486,1.4478982715762732,2.466148560499623,0.9354568765950803,12
567.2857142857142,8.355376013230757,3.903273669314797,4.730206816726149,2.1748145272549055,12
567.3571428571428,6.058000083062277,1.8620010773250184,2.91079857327667,1.0085548558490154,12
567.4285714285714,5.7051848515616435,1.7464379766336577,3.31865803169257,1.7779537066758908,12
567.5,6.307384407575938,1.949370586527841,2.9171965714633914,0.8779715639398341,12
567.5714285714286,9.748144677352974,3.0129008183792796,5.475701027506628,2.3228996624876403,12
567.6428571428571,7.380626380987496,2.4568500358311405,4.57926516273503,2.3110036183738663,12
567.7142857142857,4.293763793950254,1.5188083199073907,2.0692478011641677,0.6102854077452592,12
567.7857142857142,4.725485265330067,1.8230040836955514,2.210084330362963,0.8005846611586269,12
567.8571428571428,7.406217881984157,2.841438109498884,3.3238581200698776,1.194452485990655,12
567.9285714285714,13.116516478301888,6.044098049132709,5.852983515021197,2.690047371120101,12
568.0,8.862631038845974,2.4797937423269434,4.259892054774138,1.189653415573408,12
568.0714285714286,5.047107395071183,2.1424028243528865,2.2489266507516854,0.9042228777754603,12
568.1428571428571,3.964085857938755,1.4053931528913268,1.8305485405562343,0.681526145859854,12
568.2142857142857,6.547093182548721,2.479995363504471,2.6871760721922042,1.0157042913900527,12
568.2857142857142,7.073695383264606,3.973419281900704,3.1998444906152654,1.673280893574251,12
568.3571428571428,13.1510984151651,5.602453300739846,5.630025523068203,2.4394771212600332,12
568.4285714285714,6.182977664751431,1.9356072362404333,2.60373514974315,0.836047053421293,12
568.5,9.335103435620722,4.040267252200725,4.5707512446046845,2.0957842267040605,12
568.5714285714286,9.808628497531535,4.14557965444071,6.088224821617262,2.831245468915195,12
568.6428571428571,9.857303367738,4.182808826148957,6.051162802026642,2.8298870004283914,12
568.7142857142857,4.74323909966566,2.1467181544237337,3.587296543391635,2.5924044613131794,12
568.7857142857142,5.115508958842885,1.6430541785685382,3.6111976561332413,1.8909038031045682,12
568.8571428571428,7.510244677209871,2.6192697601018167,5.09672701867276,2.557263731231237,12
568.9285714285714,4.642408038894868,1.607605494587676,2.2820658401425784,0.7445728121811543,12
569.0,6.388769323670602,3.8040124141255474,3.0857937108268283,1.6634736880184315,12
569.0714285714286,7.621686013235585,3.803765431179272,3.4646136196867614,1.7166766004139191,12
569.1428571428571,3.6988127672094055,1.6050188353838524,1.6766431952374359,0.8073012366237482,12
569.2142857142857,4.034780109153206,1.2792372447362852,1.8492066763955604,0.5535501937893096,12
569.2857142857142,5.329098498604256,1.9676029285546432,2.404087213491861,0.895815448508752,12
569.3571428571428,7.035149474888118,2.1493770119360307,3.1549823675976154,0.9377400132274323,12
569.4285714285714,8.276100260723593,3.325945333286017,3.441131679656784,1.4724329457739747,12
569.5,10.910177459006901,3.5751830293359035,5.496057568475717,1.991292610601829,12
569.5714285714286,11.00566095049409,3.157753863179768,5.3302700638823675,1.518698681710996,12
569.6428571428571,10.83496769946669,3.32627092825971,5.1752028388549425,1.5899776651963669,12
569.7142857142857,6.710425198657755,1.5072207034573202,3.489001374587083,1.0215032153142265,12
569.7857142857142,10.024188962485974,2.1075938991821137,5.65235649981157,2.238905850971417,12
569.8571428571428,8.703541810307343,2.8452553459802843,3.9368002467279597,1.3068032171647166,12
569.9285714285714,7.734766401764747,2.407172645015965,4.7644125925454075,2.3811044788159705,12
570.0,4.590892242367161,1.661601297915268,2.031105786757494,0.6822981691036502,12
570.0714285714286,5.973381703245182,2.2286902547534506,2.581438782768853,0.9092042116407314,12
570.1428571428571,4.094860753613909,1.6851400449630727,1.9128066425286108,0.770832843871318,12
570.2142857142857,6.321589723975555,2.614042641431197,4.0630366745664555,2.308496984920554,12
570.2857142857142,3.1204291999911615,0.6577227957743282,1.4399796305736825,0.35937010820311205,12
570.3571428571428,3.7092234046411474,0.9750430365371948,1.4024551510471808,0.37994640457979445,12
570.4285714285714,4.9883493304140885,1.5602504894482985,2.0655697361635443,0.6796779265715489,12
570.5,5.307530021701638,1.6154185071345657,2.313181302950281,0.6638452234623955,12
570.5714285714286,8.984388276115261,1.8509908746844788,5.12405080053091,2.102494828554528,12
570.6428571428571,9.275306447505757,2.135328680866929,5.263950411563287,2.063378509106944,12
570.7142857142857,8.990317128444541,1.9331875422864397,5.066540266323844,1.9242110083895896,12
570.7857142857142,8.958248771889323,2.318866710155254,5.073058868004898,2.0086718145023976,12
570.8571428571428,8.213213482658215,1.792775748009587,4.5026056429892884,1.7144726171817253,12
570.9285714285714,8.124165044908723,2.5226236777281597,4.630315503641231,1.837741872430455,12
571.0,4.8224358214531,0.992473160961276,2.5333239686459534,0.5658786498901344,12
571.0714285714286,7.931833264938785,2.395679182500474,3.823806856330763,1.0366023156120254,12
571.1428571428571,10.18042579748152,5.697914669081519,4.823466074358719,2.4610522730724167,12
571.2142857142857,9.579214314058982,4.473087012570893,7.2471504490400305,5.13857351875715,12
571.2857142857142,4.281297988923552,0.907810539758041,2.188260421647672,0.5827334318660877,12
571.3571428571428,6.455768439998207,1.95834651223211,2.948562905912861,0.8929919310904215,12
571.4285714285714,3.7665325356183574,0.8880969791248899,2.096811450280402,0.6114360154217354,12
571.5,3.3121053692265714,0.910636798529222,1.7843559970245892,0.6334252148544081,12
571.5714285714286,7.264942715135484,3.892878022135396,3.439729545099202,1.7083026698128168,12
571.6428571428571,3.570159018978585,1.2134254756836298,1.78054666926101,0.6274292924190811,12
571.7142857142857,7.013131558940722,2.187930238917612,3.1361087195401254,0.9452430734774213,12
571.7857142857142,6.816558483992003,2.794661238574147,3.876893434755883,1.8670547784903821,12
571.8571428571428,3.6341385801017982,0.8136123981453519,1.8127173827682643,0.43912515156666465,12
571.9285714285714,6.079542606970816,1.8412119272640153,2.806807671823397,0.8618868691261395,12
572.0,6.92564009354635,2.1652762996169295,4.210112426821681,1.8737341396596234,12
572.0714285714286,5.660708451351886,1.825248642571621,3.0337342540818293,1.3479400478062917,12
572.1428571428571,12.54061027888819,6.214027156027738,7.026953568994264,3.2211377858426684,12
572.2142857142857,8.874843869825616,2.693910392675049,5.01873420419028,1.8969255803458513,12
572.2857142857142,7.6117628113326745,2.958349864355087,4.626871171091397,2.053802357353862,12
572.3571428571428,5.001530631073031,1.6690710052576745,2.2793970644363415,0.7534959994024113,12
572.4285714285714,11.066253948774841,5.94083298326743,6.07096653837942,3.0760040638097066,12
572.5,8.418992752161234,5.720716675403545,3.68640414257929,2.5693524107811108,12
572.5714285714286,14.125552339122514,8.086089817804476,6.924718065504165,3.7102111020642226,12
572.6428571428571,13.160961489344187,7.937923852136508,5.797641869739096,3.5483174230342795,12
572.7142857142857,16.016828302460983,8.593133027200766,8.436979287045627,4.13541425051239,12
572.7857142857142,16.535897655450484,7.970655589750087,7.994137488509552,3.7294086453654733,12
572.8571428571428,10.98925293814216,6.0393143940373255,5.020156675265065,2.6552033616056137,12
572.9285714285714,14.916350045800932,5.975325156960012,7.846901439215686,2.9748222476852457,12
573.0,5.94265484947323,1.8985952812707942,4.064478344832774,2.326254533803293,12
573.0714285714286,4.836714945988423,2.1149945215871573,2.9191278177319653,1.66533917166457,12
573.1428571428571,9.690684530124734,3.2234554646411073,6.756519151678125,2.934517190748249,12
573.2142857142857,6.524928602939155,2.9812084374928003,2.692444584014706,1.073819684619093,12
573.2857142857142,8.188115817700846,4.4703266499953385,3.915568592615494,1.997141352493379,12
573.3571428571428,5.071087136538111,1.3845168887529302,2.368463839167067,0.585186671732767,12
573.4285714285714,6.4994911871857335,1.9747994313170496,4.129047272242909,2.383765076364803,12
573.5,3.137402028810323,0.8442771587839076,1.5685414384009906,0.44587743250271744,12
573.5714285714286,5.688852995904729,2.2326047138792626,2.6812163620687297,1.116626511263347,12
573.6428571428571,6.639953073940438,2.1061804602272196,2.703264122323641,0.8301037121520094,12
573.7142857142857,10.0891900268458,2.429772095723605,5.588694804325276,2.034857447519209,12
573.7857142857142,6.128794434314211,2.26240469860985,2.439993764209996,0.8976995786934623,12
573.8571428571428,6.430794096036753,1.9434746432837975,2.7180687364287603,0.7335050654690634,12
573.9285714285714,6.5247806245762145,2.1055807622948666,4.495812324063397,2.350327800493694,12
574.0,3.342793187615803,1.081616210322482,1.5272168845183733,0.38471583999848824,12
574.0714285714286,6.121276521336056,1.8790579908346698,2.6732246801601454,0.7126215553232857,12
574.1428571428571,7.254215459099882,2.3927292618462364,4.421152084693437,1.9939924285445647,12
574.2142857142857,6.9482457648164315,2.5045345258308847,3.074016282697943,0.957995552239271,12
574.2857142857142,5.752874043057919,2.501597391699692,4.440045085659438,2.698655178399089,12
574.3571428571428,3.8755180975453696,1.1673673447940955,1.7604043083806868,0.6023841034390619,12
574.4285714285714,3.606824209788276,1.0207767157853722,1.5015245633321033,0.47173427639530996,12
574.5,4.615667044552317,1.2333203368288848,1.9639344503175644,0.48576657731208495,12
574.5714285714286,10.467097495733768,3.972968701820673,4.865852042070999,2.1763791723882564,12
574.6428571428571,7.201006746746302,2.712453343924069,3.0905730785425005,1.1317215126405507,12
574.7142857142857,4.192197930817902,1.323251509087518,1.7718674873389788,0.5268781767206508,12
574.7857142857142,5.016834379321745,2.053241126421722,2.096806818160866,1.0165426349195192,12
574.8571428571428,6.206641664602591,2.247589646278661,2.6255702517770194,0.8611166684318978,12
574.9285714285714,3.7989689242598126,1.53214637877471,1.5769552460943532,0.7324133659617368,12
575.0,9.31696380596796,5.61459689553611,4.361883172081804,2.511723821561471,12
575.0714285714286,4.594250930639604,1.8979167977853302,2.0316785518268463,0.8484045720920719,12
575.1428571428571,7.819395562254908,2.536682965150825,4.75054396222424,2.288094725697609,12
575.2142857142857,5.738039548667412,2.071520892542368,2.612342882926482,0.9555396454587607,12
575.2857142857142,3.812493095798452,1.2815900811482805,1.7054608732202912,0.44209207740049317,12
575.3571428571428,6.835224972646879,2.2454974984853577,2.8392578084640028,0.8805597403753608,12
575.4285714285714,5.104218549843228,1.4520178843591964,2.1151342693499546,0.656553396064586,12
575.5,5.35439859491907,1.4798399149797166,1.938180412850791,0.5365318371513643,12
575.5714285714286,6.7084693450824355,2.06109108563938,2.5749557711540643,0.8509143774789131,12
575.6428571428571,4.536740029734208,1.7487156203065672,3.331783769358421,1.9823174353943416,12
575.7142857142857,5.418498845019312,2.749717542266743,2.3925001790975435,1.184583541606209,12
575.7857142857142,3.910827654828003,1.8019059990623718,1.7868733655973545,0.6970929460179619,12
575.8571428571428,7.637306667467225,2.5363691776618484,4.630174357092047,2.237313596214749,12
575.9285714285714,5.61945785968529,2.1410665025175635,2.568161128518695,0.8632204061485064,12
576.0,6.888685734342446,2.4414947496123585,4.3459738597133315,2.243856481070091,12
576.0714285714286,4.4401160005205975,1.483973173296735,1.840345460317509,0.5661139819655481,12
576.1428571428571,6.337255149280089,2.1264627191192282,2.568079190872917,0.862877901046184,12
576.2142857142857,1.5976513728422972,0.39311555858734964,0.7341686595171948,0.1516337983941354,12
576.2857142857142,4.73257068535656,1.80640671221239,2.10980195053111,0.7479739454067219,12
576.3571428571428,4.824115538289599,1.7655765193286244,2.068340686154594,0.752786245809915,12
576.4285714285714,8.121955216045569,4.256243551894591,3.5803290221455115,1.9195663675151153,12
576.5,8.615935556643736,4.308589304541164,3.7130726735268875,1.9445696697445574,12
576.5714285714286,8.166951947100179,2.2564506097481787,3.726829800424568,1.0253630408000163,12
576.6428571428571,6.736585145117399,1.7710158581567546,2.9752970997562866,0.9280641397227124,12
576.7142857142857,7.5548090323451556,2.3323567641795444,3.461223038738654,1.064324843052726,12
576.7857142857142,5.682097382650676,2.1033946109281185,3.7025372301040753,2.2740595813792397,12
576.8571428571428,5.466107037725458,2.4263651173153185,3.6704629585323936,2.5436217962801475,12
576.9285714285714,6.317951950561496,2.1260477130180355,2.771552821438742,0.9304848022116532,12
577.0,7.249602424690578,1.9197778837834962,3.1888190590528414,0.7968503591734867,12
577.0714285714286,3.4630396514018926,0.5871700838983793,1.49501900147471,0.3350478899261698,12
577.1428571428571,5.224218910914678,1.750755833672074,3.235821314547503,1.9236108346414171,12
577.2142857142857,4.268149815276356,1.5920666064414861,3.001785250317248,1.9263224605134235,12
577.2857142857142,5.563518998475046,2.0607266567107176,2.7005730919624664,0.8686783299258799,12
577.3571428571428,10.630202575817632,5.199575193149564,4.585755482808995,2.3292808182165863,12
577.4285714285714,5.030967837039939,1.2003199055779763,2.3378229611488828,0.5991653615513356,12
577.5,6.371830375312427,2.097684465580238,3.2053915828551403,0.9837148568421192,12
577.5714285714286,6.301938493433062,2.158137268273053,3.1061191684666,1.046882081958463,12
577.6428571428571,10.3613940330965,3.2007688454743666,6.483079015726925,2.6462258360806006,12
577.7142857142857,7.689497403201958,2.813844592570144,3.752784248301481,1.3048308448547667,12
577.7857142857142,6.701184187418604,2.4373745187060876,4.541973690665074,2.4540552270856053,12
577.8571428571428,8.191731119868239,2.875455521775535,3.6656823409181047,1.2025972445379711,12
577.9285714285714,5.831756070180856,2.426245011910333,2.6643473323793883,0.9643630757898578,12
578.0,3.9071332376794072,2.0064584572543462,1.7492991579714492,0.7699918253095837,12
578.0714285714286,13.615423383936898,5.7010318448398145,7.204509577945072,2.8981075231836253,12
578.1428571428571,6.725485287644227,2.6921192530969895,4.267024574597462,2.503201119778637,12
578.2142857142857,7.742577654488065,3.1819025654686786,4.894381437780121,2.498743726348719,12
578.2857142857142,8.39090671426817,2.93154220822654,4.741595375890048,2.1299986714310988,12
578.3571428571428,7.2833242870972175,2.948616152874433,4.446468651106087,2.2993197507467,12
578.4285714285714,5.869143340379919,2.636408414677679,2.549968945241327,1.0870593878218415,12
578.5,9.708070873343537,3.529761993276596,4.2948061592960105,1.2967634745859449,12
578.5714285714286,8.98523116080728,2.920521192541693,4.939486890916924,1.8943697368701535,12
578.6428571428571,5.872331653620157,2.1031745054579867,2.5812854947187365,0.8465617562624953,12
578.7142857142857,5.904907445275765,2.0612780709636676,2.624182965005122,0.8037763810353946,12
578.7857142857142,5.534939403133552,2.4170040510421957,3.607389559199363,1.9484573832975816,12
578.8571428571428,7.253680875703988,2.6314051736715793,4.085782243890758,1.8428696647139164,12
578.9285714285714,8.29834054980173,2.472184929870515,4.557968386083903,1.7871198217230368,12
579.0,5.4506790173637745,1.774317103586785,2.734163315344132,0.8118433658883969,12
579.0714285714286,9.217987605615498,3.6750577679595184,5.725894546612013,2.857471631463287,12
579.1428571428571,5.383984394132139,1.7991622421824516,2.7417291984742427,0.8782351968708462,12
579.2142857142857,5.685381864241151,1.7712901348182524,3.48648471589162,1.796511526344489,12
579.2857142857142,6.659570616463292,1.97706791532217,3.053164286215983,0.8800673652552917,12
579.3571428571428,2.9999220576989494,0.582542148510656,1.3608398274099267,0.4278862583335907,12
579.4285714285714,6.33817672171703,2.163642491974904,3.810121602225122,1.8925659538186994,12
579.5,10.4628900130206,4.8155056755330765,4.4604538684405775,1.8623785214708577,12
579.5714285714286,14.054732001617893,5.9399560810975345,6.087019119002732,2.4260274407949973,12
579.6428571428571,11.682506099378282,4.743793623639737,6.1637043480840275,2.401996881760524,12
579.7142857142857,6.5069432427196,2.8536288009731527,3.9539566851839036,2.045250535631164,12
579.7857142857142,10.287990656805077,5.340234500822497,4.360405650602215,2.1543122031922968,12
579.8571428571428,9.710512055215647,4.873973355176933,4.101841735645129,1.9461585396777301,12
579.9285714285714,7.644513847775593,3.2374754355449005,3.4236929602930015,1.381302859618688,12
580.0,6.503753942386672,2.300697368971623,2.9807439319892306,0.929540605223122,12
580.0714285714286,7.30802934822735,3.050722012088697,4.341870466280531,2.1115031934870125,12
580.1428571428571,6.685419039726411,2.162685559441206,3.979652761910536,1.9470803125194818,12
580.2142857142857,4.835875361094957,1.4822130528742892,2.3690234676302753,0.6654425154973429,12
580.2857142857142,4.045595203028709,1.7267501354472112,2.1522168574960006,0.9033536253957501,12
580.3571428571428,4.10154300656455,1.0717826256940937,1.9885742526618992,0.46540152380157385,12
580.4285714285714,5.081243943957755,1.4219895823476258,2.2865318002073645,0.5156717227075245,12
580.5,9.56286029173428,3.5582994433049886,5.084579696640478,2.0096282140253936,12
580.5714285714286,9.504881203863444,4.360348884527477,4.329037842112183,1.7079402967527073,12
580.6428571428571,9.318179285018427,4.032687171070722,4.181635473766038,1.5529941944228467,12
580.7142857142857,3.3293481136483885,0.9525832795198385,1.8688863083325888,0.546430207624488,12
580.7857142857142,7.557464203264319,4.593618736155224,3.390188044921752,1.826393054108086,12
580.8571428571428,8.328246169016204,3.9702374867075445,3.5500324853579435,1.5253717264692137,12
580.9285714285714,7.072276544412563,3.9759680841693292,3.372046360229509,1.7730795368388974,12
581.0,5.148266861207984,1.6135791893392886,2.2111557270785296,0.7105861099566649,12
581.0714285714286,5.463289984593357,1.7626876972573666,2.4224184635920127,0.7759196899944283,12
581.1428571428571,4.371201368851434,1.7036717632724718,2.228103030758012,0.7865342506057099,12
581.2142857142857,3.7272748317646816,1.086973642855592,1.961571161900461,0.5246299905611334,12
581.2857142857142,5.849090632937438,1.9320126399556987,2.776883442600803,0.8386738695625215,12
581.3571428571428,6.943350763991103,2.684997716430671,3.153383309659323,1.08693244063264,12
581.4285714285714,5.98101542672034,2.5779083378185663,2.9039709479550813,1.0097217574903934,12
581.5,4.726256516163978,1.800192725500604,2.072263425820557,0.6730655063155054,12
581.5714285714286,6.886742553856646,2.7989673862126034,3.02014260292235,1.0874061439896863,12
581.6428571428571,5.320109508555495,2.4888691151616036,2.2341483804443816,1.0358887036799718,12
581.7142857142857,7.251064661108305,3.0449026799792804,3.140087517525059,1.2026046366891154,12
581.7857142857142,2.2681947635171764,0.3706394225741218,1.1863250098038274,0.25054523835378295,12
581.8571428571428,8.129992988845713,4.45777768952546,4.143736348594281,2.0383253804626578,12
581.9285714285714,4.569912247196738,2.367575157101778,2.1848171806167356,0.9279005802990509,12
582.0,6.742553131806204,2.2392140597429098,3.2594735749739,1.0857628483395383,12
582.0714285714286,7.144510576209116,2.369225233895564,3.4937975730547723,1.1815914985247873,12
582.1428571428571,5.638607597129174,1.5400817804347775,2.7243925806624794,0.6679775353850355,12
582.2142857142857,6.207156913486046,2.582933804618605,2.8827352677174014,1.0634797663378779,12
582.2857142857142,6.355755420695206,2.3348556870513786,2.9066466214953657,1.0526562177548653,12
582.3571428571428,6.380392743055761,2.353067915360303,2.9789081939194313,0.9826221109859692,12
582.4285714285714,7.034818340487047,2.3195707978985536,3.1611595140731543,0.9074048392598612,12
582.5,8.321888353219565,2.6728453971370927,3.776033819577583,1.1172693832921123,12
582.5714285714286,7.3809337641524015,2.5321375404183737,3.336051866683477,1.0502851671448576,12
582.6428571428571,8.9066648830593,3.0945900460779785,4.048506122574817,1.2151444677631795,12
582.7142857142857,6.356818289448793,1.570549136800062,2.8745292879162325,0.6579762682116838,12
582.7857142857142,8.834290421390191,3.4114187393432878,4.107060036547414,1.450827097972274,12
582.8571428571428,14.651631087075971,7.474572542928902,6.821859715338167,3.288294269115534,12
582.9285714285714,7.564506117898881,2.5226096507506,3.4509472895949678,0.9485881161504426,12
583.0,9.788602052944361,2.814425408815568,4.636623298171258,1.1987592838768673,12
583.0714285714286,7.8455437324640975,1.6709761968215742,3.6533053089943794,0.8836801996245643,12
583.1428571428571,6.299049533731402,2.25491652684599,2.8162384480522733,1.0002895810756893,12
583.2142857142857,5.888736146391282,1.7471511906221457,2.7308417374791687,0.7853353908444245,12
583.2857142857142,1.8004541001828374,0.4544577806760211,1.0928078996220993,0.436927643449339,12
583.3571428571428,2.3220814770687985,0.6971766056329882,1.2860134655618296,0.4769384280335272,12
583.4285714285714,4.623826387849163,2.2179533303250305,2.1691972051843105,0.8959331607316311,12
583.5,2.335123942265282,0.5885207041336306,1.0276584211235635,0.3508021458674556,12
583.5714285714286,3.464661036243986,1.3772486898192418,1.755017749803929,0.6286882904324306,12
583.6428571428571,5.996067904042993,3.305838798525798,2.7516396275434802,1.4177327123390122,12
583.7142857142857,6.724560633414285,2.22674061033256,3.1556019121800176,0.8961675093017574,12
583.7857142857142,3.887543290013767,1.825753816294045,1.682996857767512,0.7858835568549869,12
583.8571428571428,5.102792365034417,2.130733491870019,2.3479505068975737,0.8826326513328038,12
583.9285714285714,2.496920866576058,0.7400317729347196,1.1212483579199262,0.2880448814699981,12
584.0,9.847056375864499,3.4564087769380474,4.88547142865575,2.0619335642107974,12
584.0714285714286,6.724283843034423,2.4458890174402743,3.426332050181132,1.6060927556953235,12
584.1428571428571,10.548006995009487,4.8342866322028355,5.282384772980476,2.4132580956719667,12
584.2142857142857,7.674468588783544,2.9913956333906215,3.24884724446616,1.482647835082498,12
584.2857142857142,4.302334155440911,0.9208978974056777,1.7994814117088074,0.3982814266143747,12
584.3571428571428,5.310785219618873,1.5604899318491794,2.603710674379619,1.114510075392515,12
584.4285714285714,9.998419027135167,3.0555330162269834,4.532911331513675,1.413470066067948,12
584.5,10.412599186369203,5.162078761236196,4.659953523551398,2.3057146503539423,12
584.5714285714286,6.86826455165944,3.1785642726251386,3.1615855588819204,1.344988847628432,12
584.6428571428571,6.1349566263390845,1.8186169908032823,2.8521167252732464,1.0205677233630686,12
584.7142857142857,6.809009659466648,1.9334459796573975,2.9529136248973047,0.8993142930977372,12
584.7857142857142,8.028942920621606,2.7757924618463914,3.2982602060645885,1.1282027664646024,12
584.8571428571428,5.235084874396301,1.819201694107085,2.25339922057544,0.8541688885519667,12
584.9285714285714,3.4993207144710397,0.8318857568190208,1.6855868589636576,0.5162459791939211,12
585.0,9.013547265447123,2.9345410020900062,4.4710765756742505,1.6583076641836219,12
585.0714285714286,5.646741092533966,2.1530012402513035,3.405226469246739,1.5975100384404923,12
585.1428571428571,5.188894046466773,2.194780954044864,3.2191158044636317,1.6360108302293401,12
585.2142857142857,8.178830857170981,1.6907531286818136,4.815277189958577,1.830524305086226,12
585.2857142857142,6.640531996062597,2.4677620663138433,2.785020412041209,0.9540005708776252,12
585.3571428571428,6.690277691199262,2.21434724143923,3.3095929671460773,1.2362895959934355,12
585.4285714285714,6.776552785443244,1.9458917146391856,3.1740933746603175,1.1204686726942679,12
585.5,14.714278689751188,8.642770760714336,6.386016566487634,3.8387359523958104,12
585.5714285714286,4.577123609377789,1.5469344390998274,2.141813338074314,0.6611267286949916,12
585.6428571428571,7.857536126052911,2.549396124332351,3.4713436717893367,1.196562694732851,12
585.7142857142857,7.516738356512064,2.597611719114927,3.2448964019568365,0.9847460260108307,12
585.7857142857142,7.1459487045103405,1.5056511614605828,3.7079060746373713,1.0176315719675013,12
585.8571428571428,6.329400629392976,2.340935738968291,2.7998605072606297,0.8911089779133448,12
585.9285714285714,10.290205990299023,6.389991382783762,4.538680696378555,2.816870287092935,12
586.0,7.908028229616741,2.8983183087393307,3.373605272694621,1.1751045935677256,12
586.0714285714286,7.169211639056354,2.420349002168289,4.279517256752841,2.0702080858152176,12
586.1428571428571,4.355190852375469,1.9629158290313524,3.3723358531409455,2.340997107592583,12
586.2142857142857,6.488041631857752,2.7335263937273315,4.343816601388926,2.56776554029751,12
586.2857142857142,4.773502526528013,1.06301182359502,2.28307911962934,0.6390352319516162,12
586.3571428571428,6.34709741336548,2.4434120463712707,4.25312941867719,2.1320152489042963,12
586.4285714285714,5.012108578507461,1.8058511317841632,3.6888456194264636,2.1000859165462864,12
586.5,11.301843951794453,7.2128727900973555,6.177667682646192,3.545313791646021,12
586.5714285714286,10.039989782109831,3.2089694157525077,6.2898900907723965,2.2436747498712672,12
586.6428571428571,4.844125582096102,2.0654319389917837,3.2185005848147337,1.8471331735652579,12
586.7142857142857,4.1977006967064225,2.2797070328102653,2.037264348971165,1.0272818162658668,12
586.7857142857142,7.765844524150052,4.396637419940743,3.7120341233466956,2.003281151089539,12
586.8571428571428,2.4831263439645737,0.44328485198837647,1.2363653301596647,0.2014396646074601,12
586.9285714285714,3.4699787658423813,1.7210166421071036,2.816865813454343,2.067573366132174,12
587.0,4.737736409049648,1.2191732919275038,2.249538245704777,0.8399035620041484,12
587.0714285714286,5.378568079042958,2.2675517567814523,3.8737037259228533,2.769130287979901,12
587.1428571428571,4.275950748216735,2.3193013580431483,3.4074590485670213,2.805111047197293,12
587.2142857142857,3.9185158782114535,1.9416609563108704,1.6662287894015395,0.8530164360249015,12
587.2857142857142,6.783002606682487,2.3504401845475247,4.846364020696044,2.3504231114275784,12
587.3571428571428,10.101500992957527,4.835879742224241,5.854227317895589,2.8667347957147142,12
587.4285714285714,2.469968806752289,0.7780338910929041,1.2379422317040605,0.3669100847645909,12
587.5,5.911123188180382,1.962473281857736,4.076865358742141,2.3997080285903953,12
587.5714285714286,11.732335010454177,7.152136590097585,5.385223954965905,3.2523151281301095,12
587.6428571428571,7.421084298894633,2.9470695679104115,4.834777121392026,2.4015785131648313,12
587.7142857142857,5.294270098974661,2.6021826811419957,2.5541122705392625,1.160577464184479,12
587.7857142857142,3.052715964177283,0.7207172958325809,1.2152593373236804,0.2980092213352623,12
587.8571428571428,8.226863759798242,3.1956619951369705,5.242086447082257,2.4434698585404884,12
587.9285714285714,4.696567165915364,1.6863383838075159,2.2574408030968716,1.04039487902522,12
588.0,7.0290024103632405,2.5083801063423286,4.234030887989576,2.475929773398866,12
588.0714285714286,4.7705556448252135,1.8411445797083708,3.2904441082756666,2.293337027388045,12
588.1428571428571,4.82054583156765,1.7910912985170249,3.2417126060665025,2.0680777161569366,12
588.2142857142857,6.860486277914297,2.1637294824656257,4.330453885521542,1.9537922163703143,12
588.2857142857142,9.61025525670191,4.17001628705018,5.15717841527685,2.1058201447693214,12
588.3571428571428,9.139581086396149,4.653535755026325,4.294686037334795,2.123088149765718,12
588.4285714285714,5.032144392585006,1.8398168256227576,3.4885986442420633,2.2485628963275173,12
588.5,5.36310145349687,1.6524037621896024,3.5201964530879666,2.042804161238919,12
588.5714285714286,6.228378127482958,2.6399888802108884,3.2645722490391322,1.2884380193725788,12
588.6428571428571,5.029939770634662,2.1031171435502647,2.3728999284817904,1.0142546927349638,12
588.7142857142857,5.723176380022249,2.142051381389631,2.8993344758732347,1.2187218923075183,12
588.7857142857142,5.042885038220803,2.132468738692864,2.3636435645421554,1.0295885982939732,12
588.8571428571428,7.3855637082406105,2.3679271139923745,3.6199392410620304,1.2215713212778527,12
588.9285714285714,9.675550073638442,3.2052183614632854,6.768416526834802,2.8605149505430343,12
589.0,6.982575797446274,2.5308829405117397,3.4295364705925806,1.196558943545855,12
589.0714285714286,6.530595768373465,2.5004072539672184,4.255901476210072,2.404004359060456,12
589.1428571428571,3.682543367199071,1.1500825430526145,1.7710529934575807,0.5406138852379064,12
589.2142857142857,6.761883269494756,2.033079788067074,3.2859659436006163,1.034656030965551,12
589.2857142857142,7.00021613592035,2.8320560161090262,3.507747633298152,1.322399488347441,12
589.3571428571428,4.430879107634697,1.739642815449881,2.358375730588028,1.0054619236278282,12
589.4285714285714,6.349628161434804,2.4858043826942224,2.7539470418111724,1.0973018355789272,12
589.5,9.528692497873186,3.3586528150842905,5.380981541088314,2.4238532243860362,12
589.5714285714286,7.200224033192423,2.0544062294539738,4.427871213110396,2.17749838403916,12
589.6428571428571,11.500208146996105,5.119723426926103,6.432279923200882,2.858709827564496,12
589.7142857142857,6.758150150753396,2.741922885621377,4.364391918888476,2.401108384006379,12
589.7857142857142,10.172379761233499,4.365648536010757,5.632636090998552,2.7388107933690127,12
589.8571428571428,5.644718392099892,2.4440492808665453,2.167886229497249,1.0266337180770215,12
589.9285714285714,5.284261641898788,2.2735273660917654,3.8934416213880065,2.706250079076454,12
590.0,6.6342413630840325,2.7270434779318937,2.6949407607754554,1.094205177452366,12
590.0714285714286,5.918918288324313,2.078889972812459,2.5230968464247767,0.871868450852533,12
590.1428571428571,6.5263371539760895,2.1882129311940592,2.539977973897433,0.9571292113271478,12
590.2142857142857,10.18853972066804,3.7505124600054054,5.784222045580325,2.695105390834476,12
590.2857142857142,3.1202743999814437,1.4062005164703373,1.4553529672120973,0.5989827203299679,12
590.3571428571428,2.7725600092478304,0.9690889481418928,1.1776066334537687,0.39170563435004824,12
590.4285714285714,5.163162689997213,2.2017824980443867,2.1978565411769853,0.9057997548011838,12
590.5,5.441540535712339,2.7573966185063656,2.482495753998506,1.194387550346113,12
590.5714285714286,3.664566496539396,1.4314504728030397,1.6006910511668067,0.5643730456011912,12
590.6428571428571,5.613828912093769,2.2155515940032298,3.797326522000519,2.483492777911893,12
590.7142857142857,4.417610295156897,1.9243418502793184,2.065074066987508,0.7983531200619199,12
590.7857142857142,10.411578407335615,3.9450243775398657,4.290420515763499,1.5887150301715438,12
590.8571428571428,9.018872462551958,4.975490044395992,4.060754974036483,2.129337172216867,12
590.9285714285714,5.515518738256867,2.824240881894855,2.4657686574880153,1.1099478519266457,12
591.0,5.7472769562229695,3.3936948553733854,2.379301665497885,1.3363615444243744,12
591.0714285714286,5.230140665672113,2.3234545553290813,3.6893175850190993,2.494132798719575,12
591.1428571428571,4.761648933496004,1.655062313751663,2.1717052066503997,0.735635420147099,12
591.2142857142857,7.744477467243764,3.555028475058188,3.553603882582024,1.5140733251305998,12
591.2857142857142,10.129707745096256,4.393323407194362,4.253154130427511,1.6301507084171103,12
591.3571428571428,10.133117405281125,3.1555218527857356,5.864207346337012,2.2047466136758036,12
591.4285714285714,6.127186665814363,2.049029718823904,4.192267739627673,2.0720200156594206,12
591.5,7.385664260666464,2.414881467846754,4.813874146235042,2.1030303519400393,12
591.5714285714286,6.375470164575506,2.170758330661699,4.237035472502645,2.009145601813449,12
591.6428571428571,5.947278354189444,1.9801107006858891,3.8351263610751176,1.9556999038827485,12
591.7142857142857,7.475496274019576,2.842841744745148,4.123141153431814,1.9435266880383926,12
591.7857142857142,6.808905761133519,2.866722123709166,3.9124047172807037,2.087836805823009,12
591.8571428571428,9.592601821707948,3.686956764984206,4.929072819496815,2.250117393239505,12
591.9285714285714,7.530529018153636,2.753479566027292,3.853847106511405,1.4248840533037512,12
592.0,7.792448474832327,3.4680986207248377,3.4294901246215006,1.30086109863021,12
592.0714285714286,3.9093595729010344,1.3780535636735822,1.8633367394684037,0.512519054205671,12
592.1428571428571,3.3920621126604673,1.1528470947986136,1.6821452386514177,0.4332365184629495,12
592.2142857142857,7.747350150157724,2.8783799825547707,4.786135070756489,2.3634146728256074,12
592.2857142857142,9.213000672905336,5.0702017550070675,3.928716910177352,1.942688392339964,12
592.3571428571428,5.399119022473444,2.376361880622278,2.5006279246913623,0.9188469707305301,12
592.4285714285714,6.106041201607974,2.941483786058542,2.6416560605589456,1.2949723194557203,12
592.5,5.112133162892571,1.291242403742767,2.1664377631607157,0.5961955161648465,12
592.5714285714286,3.50683297092815,0.8363459538227188,1.6706003908630933,0.5466119744640519,12
592.6428571428571,3.378851867630793,1.0772072037217,1.8577890687318346,0.6819968783139093,12
592.7142857142857,3.3738575445121106,1.095443344465393,1.8251502979147842,0.6799883623057348,12
592.7857142857142,3.575350442527827,0.9170104695171494,1.627447087616098,0.6552244288760286,12
592.8571428571428,6.156498511704353,2.077789716363067,3.5239735748721737,1.567997014857619,12
592.9285714285714,7.238675186795849,1.82784819721228,3.7126265858227363,1.5011704163050352,12
593.0,7.167971215294588,2.0843695901483192,3.2204236024041193,0.9301279288451525,12
593.0714285714286,6.003409152039534,1.7041029310641411,2.676972038389635,0.7966777344424025,12
593.1428571428571,6.708462878747599,1.8875770768353448,2.921736605406761,0.8223651365113724,12
593.2142857142857,7.205165207755491,2.572114422247462,3.382129975593118,1.1121482080154825,12
593.2857142857142,6.215835235047446,1.1531522302777364,3.159139927526139,0.7747454011755252,12
593.3571428571428,3.4522692862763584,1.2728038937826696,1.6836070733250146,0.5556965050112743,12
593.4285714285714,6.286715288185319,2.158637700650624,2.720682745221296,0.9540241536300923,12
593.5,7.197788563804719,4.0471239207603915,3.0065396985117534,1.6175805125341471,12
593.5714285714286,3.8359836686234456,0.8844550608538392,1.6380901475415648,0.4028559852102269,12
593.6428571428571,3.7526510947183978,1.2694838318788004,1.7579588632476348,0.5346075873392112,12
593.7142857142857,8.975505008972839,3.3068305631290835,3.6860585756892825,1.4202132162715906,12
593.7857142857142,4.399380907343572,1.101486516152691,1.9570174251734005,0.5129474453095403,12
593.8571428571428,4.329126414493373,1.2161433408636166,2.0785557709382645,0.6075995515646996,12
593.9285714285714,6.16884091730084,1.8789814216611347,2.4644970918739935,0.8218778396891052,12
594.0,9.760594797574518,4.77031726178964,4.133168269967298,2.065448635652273,12
594.0714285714286,7.251997873748889,3.021260330914881,3.095490119102637,1.2927008885921392,12
594.1428571428571,8.445848984628016,4.509801356703696,3.7111124368967503,2.0371876390574006,12
594.2142857142857,6.87360864169769,2.5731635943075557,3.125944273825215,1.1010193647110524,12
594.2857142857142,5.541840975210737,2.033443591488852,2.4662718948542834,0.770034970112956,12
594.3571428571428,7.1172293524407815,2.2520070842069257,3.139687081089568,0.8304754106190549,12
594.4285714285714,5.227175195944505,1.628125557044917,2.3535765298004168,0.5900890823126754,12
594.5,8.02712932910413,2.739421464364942,3.2969484947187104,1.0577145570304494,12
594.5714285714286,7.470024168971674,3.0987350779670484,3.2385196885336383,1.197903985654762,12
594.6428571428571,6.482404788983516,2.6035380187182384,3.654785145207607,1.8298881862670153,12
594.7142857142857,6.176823160180977,1.8546213937783622,2.9707931811227315,1.233225042638295,12
594.7857142857142,7.909772996661885,2.7611523130844344,4.152523266627414,1.8232058738300623,12
594.8571428571428,7.882732326956421,2.77140282619054,4.123131664775398,1.8175359163354508,12
594.9285714285714,10.103047690154408,3.117338008044598,6.429491991588885,2.644724436898134,12
595.0,13.229811632701718,6.154265757336043,6.195439491804348,2.793413642518027,12
595.0714285714286,11.52421439679818,4.163868948418757,5.749794789303285,2.162978900940224,12
595.1428571428571,11.891672437835284,4.335710277712022,5.822325491199863,2.278934500490925,12
595.2142857142857,8.422920003522982,3.2353214662670293,3.586952987216244,1.347179304172893,12
595.2857142857142,12.2138992621515,3.7506184464770347,6.483518924592797,2.1726782056650227,12
595.3571428571428,10.135949125739414,3.774104389806155,4.504595788153499,1.539707437445686,12
595.4285714285714,12.957382654360352,5.510374018571565,5.74122726939706,2.3666595334840665,12
595.5,8.075353905648813,3.3105654960960056,3.406408647239403,1.4270146572149374,12
595.5714285714286,6.470091784270919,2.2580436227695535,2.767920292636382,0.8445240077772833,12
595.6428571428571,6.757771389282226,2.111125253957902,3.0032343624386804,0.8076147204793301,12
595.7142857142857,6.124458906874979,2.6396078104773992,2.6917938446283682,1.0872278029257283,12
595.7857142857142,8.708308431591432,2.661404159477447,4.914691965790137,2.053560281748347,12
595.8571428571428,9.050733763392373,3.2749118949278464,4.138644156711493,1.3687593666613842,12
595.9285714285714,11.9592342652083,4.940483700480605,6.721366210716281,3.0588030695611748,12
596.0,9.882601804096577,4.137171802328403,4.321277589840343,1.7678742517206258,12
596.0714285714286,5.967158137382312,1.6859599886179542,3.807881414343394,1.9090886435358634,12
596.1428571428571,4.801357470178681,1.7900977334573538,3.2577099624073624,1.9518416137383783,12
596.2142857142857,5.1870972210386554,2.0311702140558574,2.390335948817047,0.8580124960051491,12
596.2857142857142,8.621070495053049,3.580570106665665,5.313836551308059,2.700980980481691,12
596.3571428571428,8.022714254552657,3.532241056811844,4.9264731709594525,2.2846982466210233,12
596.4285714285714,6.3643294057897615,2.9736250091494107,2.922242667692081,1.2881785516055237,12
596.5,6.637146003675979,2.2496139994965563,4.721690559940773,2.1983368738488003,12
596.5714285714286,4.273661151709837,1.3914973838134352,2.1985495322127213,0.7594564782503813,12
596.6428571428571,4.9246738408044655,1.6270768109119174,2.155568244914714,0.6739647550173243,12
596.7142857142857,6.88340513833391,2.5415989681646227,3.1510439436890065,1.1813885226559033,12
596.7857142857142,10.980566990128997,4.377869063906957,6.1894484151023015,2.584283233050617,12
596.8571428571428,7.288119364007617,2.6360175110067607,3.101995391616016,1.1437151507148238,12
596.9285714285714,4.819694792591035,2.080982775021902,1.9856642672061733,0.8946063412575916,12
597.0,2.4720418260069423,0.8569562170473964,0.9218174910106038,0.3207425462995975,12
597.0714285714286,9.398010529217505,4.525193188517694,5.555093104959079,2.941665304521185,12
597.1428571428571,2.524268909724049,0.7298030745857412,1.001681055184229,0.3265632563208495,12
597.2142857142857,7.3089782488564,2.758966519448593,3.0918672760815373,1.181353959954044,12
597.2857142857142,6.028915525779623,2.1566276965707836,2.503064421809191,0.897749095109599,12
597.3571428571428,6.622672321207352,2.363163647501209,4.513567000269109,2.442416877211498,12
597.4285714285714,4.0114476377433395,1.6421028230781896,1.7715670526613778,0.7230556191860669,12
597.5,3.1116664847625173,1.0064764420570502,1.4811034276399657,0.43315154382715565,12
597.5714285714286,7.964114727636844,3.009221142647268,4.736060921788347,2.139531177325944,12
597.6428571428571,8.852534148342746,2.987127515206438,4.932349510824584,2.1468776891527583,12
597.7142857142857,9.575627347555725,4.460104897005233,5.131890953059282,2.5538842654146316,12
597.7857142857142,10.700443533731816,4.739794065273077,5.906709238277029,2.5623850947177904,12
597.8571428571428,10.191740526546987,4.461935183229216,5.299956772757697,2.542961467141964,12
597.9285714285714,9.205899366556771,2.7320620900612087,5.025321287147448,1.9888045065261106,12
598.0,6.850536720895468,2.4636758431216483,4.089529210471027,2.1576784260489603,12
598.0714285714286,7.112342608334217,2.500623098414208,4.150274076111275,2.2582427452138356,12
598.1428571428571,3.7497406252072354,1.0765957001891349,1.4898061852260518,0.46220924806311964,12
598.2142857142857,16.007934395797257,7.176772989845874,7.932849459331076,3.5067074186327525,12
598.2857142857142,11.713835651388553,4.756057095491574,6.212107146966823,2.7073919687153776,12
598.3571428571428,10.28394160277428,4.336207024124789,5.818053625113219,2.4598124660236187,12
598.4285714285714,7.027502790868636,2.456738354059647,4.397231427974218,1.9167137456476,12
598.5,5.511803208480502,1.757368827537464,2.234304539009127,0.7242082669134353,12
598.5714285714286,5.261599305882116,2.4552084743289133,2.1684413741717963,1.103649673521521,12
598.6428571428571,7.543109663964055,2.955895819553665,4.612554409265551,2.6032913864200227,12
598.7142857142857,6.064294907607626,2.426427023518724,2.4757207394728686,1.0931782687365033,12
598.7857142857142,5.065225329293277,2.1658338830715294,3.7212282487954,2.4633025534043336,12
598.8571428571428,6.9762995198626205,3.470098361864911,2.9757657773774895,1.3715918035922017,12
598.9285714285714,2.957030782337336,0.9830117709170871,1.2045840205924647,0.40887810991403384,12
599.0,6.051819159276093,2.307191081464096,2.5435696107344925,0.9756330200043397,12
599.0714285714286,8.79847642757704,3.5366369747835043,5.129142515006134,2.6263132153475555,12
599.1428571428571,6.331197958046775,2.499811794217045,3.398689412764277,1.4433715065715558,12
599.2142857142857,12.569705212358864,5.106719660741568,7.146988099425985,2.8198572674521745,12
599.2857142857142,9.228358486501229,4.689677262483592,4.731377480965472,2.260618836902081,12
599.3571428571428,4.6608030944457255,1.6127558864878493,1.8471693479805893,0.6848817974803053,12
599.4285714285714,7.046371883100287,2.613772492680761,4.7334304792194395,2.643108736317503,12
599.5,6.849415115426517,2.5691239315791097,4.683734235091203,2.6496885986251635,12
599.5714285714286,4.1896877896409865,1.421126444979112,1.6479413508725254,0.5967166738380283,12
599.6428571428571,5.767501944770316,2.124858012807341,3.7945491845944566,2.250663631490311,12
599.7142857142857,4.26039804168387,1.6161168959864518,1.7774322439894263,0.6509759183609507,12
599.7857142857142,5.419932270894446,2.2333241864903877,3.712581901124131,2.2625432324240893,12
599.8571428571428,5.855844692829252,3.194424435468543,2.562139984680493,1.371402422546214,12
599.9285714285714,4.4178341796159675,1.4209540853187204,2.1524666086711575,0.7222703020444085,12
600.0,9.629669086736726,4.018363289845228,4.707080682152076,1.8039832063254915,7
