Time,MeanThrashRate_Hz,SEThrashRate_Hz,NTracks
0.0,0.7933333333333334,0.02814105882725794,53
0.0714285714285714,0.7959999999999999,0.026489890254855455,53
0.1428571428571428,0.7961538461538461,0.028797092516733937,53
0.2142857142857142,0.8346938775510204,0.029530196180587318,53
0.2857142857142857,0.8460000000000001,0.0314558323328934,53
0.3571428571428571,0.8729166666666667,0.03133263306520941,53
0.4285714285714285,0.853061224489796,0.03500510662653021,53
0.5,0.888,0.034833715780864395,53
0.5714285714285714,0.9000000000000001,0.03649794388034842,53
0.6428571428571428,0.9106382978723405,0.034709584414982425,53
0.7142857142857142,0.934,0.03564106780507164,53
0.7857142857142857,0.9729166666666668,0.03456153718001939,53
0.8571428571428571,0.982,0.03436775897760657,53
0.9285714285714284,1.0020408163265306,0.03456358085839521,53
1.0,0.9816326530612245,0.04110231441045476,53
1.0714285714285714,1.0040816326530613,0.038350245863196186,53
1.1428571428571428,1.0250000000000001,0.03911492522766227,53
1.2142857142857142,1.0307692307692309,0.043727048410949196,53
1.2857142857142856,1.068,0.03697103113056414,53
1.357142857142857,1.076470588235294,0.04015540744912002,53
1.4285714285714284,1.078,0.04123501583135679,53
1.5,1.0959999999999999,0.04711774222788122,53
1.5714285714285714,1.132608695652174,0.046940639647256546,53
1.6428571428571428,1.1020408163265305,0.05046466028897208,53
1.7142857142857142,1.1857142857142857,0.043055098381012215,53
1.7857142857142856,1.2020408163265306,0.04310343870130634,53
1.857142857142857,1.1869565217391305,0.05141558398805364,53
1.9285714285714284,1.22,0.05218459852516184,53
2.0,1.2391304347826086,0.05168450004240613,53
2.071428571428571,1.2816326530612245,0.048591861019916395,53
2.142857142857143,1.266,0.05218569668765101,53
2.214285714285714,1.2916666666666667,0.05138449601056769,53
2.2857142857142856,1.2872340425531914,0.05964875769771426,53
2.357142857142857,1.3666666666666665,0.04538383711625536,53
2.4285714285714284,1.3458333333333332,0.059022649617318096,53
2.5,1.374,0.055388055884765246,53
2.571428571428571,1.3326530612244898,0.05528126559421035,53
2.642857142857143,1.323404255319149,0.04858904354114004,53
2.714285714285714,1.3081632653061224,0.04581431900212215,53
2.7857142857142856,1.316326530612245,0.04785775930444398,53
2.8571428571428568,1.3,0.05250802032624692,53
2.9285714285714284,1.341304347826087,0.04998319398297132,53
3.0,1.3,0.054982266644710745,53
3.071428571428571,1.323404255319149,0.04971824089674958,53
3.142857142857143,1.3125,0.045412315166640925,53
3.214285714285714,1.2857142857142858,0.04870779177494949,53
3.2857142857142856,1.2666666666666666,0.05565003786115505,53
3.3571428571428568,1.2877551020408164,0.04797184664205149,53
3.4285714285714284,1.2142857142857142,0.06011610082358379,53
3.5,1.21875,0.06383546628105059,53
3.571428571428571,1.2437500000000001,0.058414805061342195,53
3.642857142857143,1.2659574468085106,0.052352307188350294,53
3.714285714285714,1.20625,0.05807233276985981,53
3.7857142857142856,1.2304347826086957,0.0623895789961576,53
3.8571428571428568,1.231111111111111,0.06433986638379871,53
3.928571428571429,1.2319148936170212,0.055260411426567554,53
4.0,1.2340425531914894,0.058050075335711535,53
4.071428571428571,1.1866666666666665,0.06432242017658957,53
4.142857142857142,1.2391304347826086,0.05990961476064378,53
4.214285714285714,1.2244444444444444,0.05579141850992001,53
4.285714285714286,1.2545454545454546,0.05531521678313077,53
4.357142857142857,1.2612244897959184,0.053912905839665466,53
4.428571428571428,1.2591836734693878,0.05336614376708522,53
4.5,1.248,0.056657942505703406,53
4.571428571428571,1.2819999999999998,0.049213404512119155,53
4.642857142857142,1.2770833333333333,0.052274471968846783,53
4.714285714285714,1.2588235294117647,0.048197019726285595,53
4.785714285714286,1.2361702127659575,0.05725977708102014,53
4.857142857142857,1.223913043478261,0.056907822968901726,53
4.928571428571428,1.2791666666666666,0.05078796952723907,53
5.0,1.266,0.052107424360347994,53
5.071428571428571,1.262,0.052906540624164104,53
5.142857142857142,1.2627450980392159,0.051712689254297846,53
5.214285714285714,1.2234042553191489,0.05922821273426339,53
5.285714285714286,1.2645833333333334,0.05330309287838644,53
5.357142857142857,1.2510204081632652,0.05266070713878682,53
5.428571428571428,1.2895833333333333,0.053779130596420546,53
5.5,1.2489795918367348,0.060336531348202195,53
5.571428571428571,1.234,0.05754217619117587,53
5.642857142857142,1.2333333333333334,0.06097125625927774,53
5.7142857142857135,1.2653061224489797,0.058069204286471617,53
5.785714285714286,1.2708333333333333,0.05879691678283691,53
5.857142857142857,1.2816326530612245,0.05262444510572052,53
5.928571428571428,1.238,0.05641609265275363,53
6.0,1.232608695652174,0.05995605055638406,53
6.071428571428571,1.2645833333333334,0.05891224265392862,53
6.142857142857142,1.2386363636363635,0.07020175614215796,53
6.2142857142857135,1.25,0.06183584314606328,53
6.285714285714286,1.2877551020408164,0.05122916475943355,53
6.357142857142857,1.2760869565217392,0.05331383544033742,53
6.428571428571428,1.2346938775510203,0.05063802284067055,53
6.5,1.251063829787234,0.05405588128787474,53
6.571428571428571,1.2595744680851064,0.061334192788934365,53
6.642857142857142,1.273469387755102,0.053115160969958844,53
6.7142857142857135,1.263265306122449,0.05294827066987595,53
6.785714285714286,1.294,0.04575087821171149,53
6.857142857142857,1.2843137254901962,0.05796364980048273,53
6.928571428571428,1.2723404255319148,0.05622260892632652,53
7.0,1.2191489361702128,0.059805288275846295,53
7.071428571428571,1.2750000000000001,0.05629676936676519,53
7.142857142857142,1.253191489361702,0.05582209283410252,53
7.2142857142857135,1.258695652173913,0.056429690933971904,53
7.285714285714286,1.2954545454545454,0.04854702232782091,53
7.357142857142857,1.2465116279069768,0.055818567546453667,53
7.428571428571428,1.2395833333333333,0.053406940285749174,53
7.5,1.2446808510638299,0.05590136935385777,53
7.571428571428571,1.246,0.053238776722787075,53
7.642857142857142,1.2647058823529411,0.046511523295931285,53
7.7142857142857135,1.2346938775510203,0.045038817385650645,53
7.785714285714286,1.2489795918367348,0.0458408264418747,53
7.857142857142857,1.263265306122449,0.049029169919394565,53
7.928571428571428,1.2244897959183674,0.04661415402883508,53
8.0,1.2392156862745098,0.04464047502844353,53
8.071428571428571,1.2489795918367348,0.047391340896869895,53
8.142857142857142,1.2489795918367348,0.04757043193754311,53
8.214285714285714,1.2326530612244897,0.050540257670747143,53
8.285714285714285,1.2352941176470589,0.04684756502026083,53
8.357142857142856,1.2307692307692308,0.04500196589793825,53
8.428571428571429,1.2408163265306122,0.04324412265391243,53
8.5,1.2387755102040816,0.04382016497291521,53
8.571428571428571,1.2555555555555555,0.04589794955429317,53
8.642857142857142,1.267391304347826,0.04483510829158048,53
8.714285714285714,1.271111111111111,0.04283185614976975,53
8.785714285714285,1.2714285714285714,0.042056004125370694,53
8.857142857142856,1.238,0.041883219571000656,53
8.928571428571429,1.2361702127659575,0.04186069270846241,53
9.0,1.2456521739130435,0.04292522672353588,53
9.071428571428571,1.2822222222222224,0.046306934804615146,53
9.142857142857142,1.2555555555555555,0.04282399444892042,53
9.214285714285714,1.2659574468085106,0.04139972289662689,53
9.285714285714285,1.242,0.040516058796582904,53
9.357142857142856,1.2408163265306122,0.04060745878200793,53
9.428571428571429,1.2326530612244897,0.0392735646907784,53
9.5,1.2127659574468086,0.04881737582072763,53
9.571428571428571,1.1937499999999999,0.04932220109926761,53
9.642857142857142,1.2183673469387755,0.03994825196338245,53
9.714285714285714,1.24,0.03779644730092273,53
9.785714285714285,1.2395833333333333,0.04312068493504178,53
9.857142857142856,1.2304347826086957,0.04952621569177018,53
9.928571428571429,1.2108695652173913,0.04623279268563285,53
10.0,1.2142857142857142,0.04564354645876384,53
10.071428571428571,1.2145833333333333,0.05052820146241111,53
10.142857142857142,1.2,0.04406845794337766,53
10.214285714285714,1.2,0.045269412718646526,53
10.285714285714285,1.2,0.04603036309047686,53
10.357142857142856,1.2340909090909091,0.042384425843738895,53
10.428571428571429,1.1782608695652175,0.04692609499089294,53
10.5,1.1872340425531915,0.04688413703995691,53
10.571428571428571,1.2294117647058824,0.0387343003133043,53
10.642857142857142,1.2,0.04572370062954162,53
10.714285714285714,1.2469387755102042,0.039134127547632146,53
10.785714285714285,1.2020408163265306,0.04427129142236315,53
10.857142857142856,1.1895833333333334,0.04438703720799597,53
10.928571428571429,1.2270833333333333,0.04035959632313523,53
11.0,1.1829787234042553,0.0537509889706294,53
11.071428571428571,1.19,0.0429760255899752,53
11.142857142857142,1.163265306122449,0.04885542651808271,53
11.214285714285714,1.1978723404255318,0.04017645649903613,53
11.285714285714285,1.1645833333333333,0.04851423562130626,53
11.357142857142856,1.125,0.05853561684749133,53
11.428571428571429,1.1795454545454545,0.04784792963708512,53
11.5,1.1872340425531915,0.04434923856088828,53
11.571428571428571,1.190909090909091,0.04607400309601461,53
11.642857142857142,1.1818181818181819,0.04725808847988899,53
11.714285714285714,1.1340425531914893,0.0508281641740954,53
11.785714285714285,1.183673469387755,0.03839321027251888,53
11.857142857142856,1.1851063829787234,0.04046203133417597,53
11.928571428571429,1.1673469387755102,0.03795223402112481,53
12.0,1.1446808510638298,0.04478425108886132,53
12.071428571428571,1.1770833333333333,0.04653218814000612,53
12.142857142857142,1.16875,0.042229137910363305,53
12.214285714285714,1.183673469387755,0.0398068186711388,53
12.285714285714285,1.1770833333333333,0.04008408530575513,53
12.357142857142856,1.1808510638297873,0.04177361766658619,53
12.428571428571429,1.1782608695652175,0.04361813250107974,53
12.5,1.1613636363636364,0.0450763867871115,53
12.571428571428571,1.1756097560975611,0.043305563181865125,53
12.642857142857142,1.1021739130434782,0.05242792433977917,53
12.714285714285714,1.1545454545454545,0.04439570116306895,53
12.785714285714285,1.1227272727272728,0.05564000457900936,53
12.857142857142856,1.173913043478261,0.048795618577435286,53
12.928571428571429,1.2,0.04799409339811951,53
13.0,1.1891304347826088,0.0461281831829947,53
13.071428571428571,1.2116279069767442,0.04528845683551637,53
13.142857142857142,1.19,0.044549022263293096,53
13.214285714285714,1.1953488372093022,0.048676104043933355,53
13.285714285714285,1.1875,0.05420610004465626,53
13.357142857142856,1.190909090909091,0.049821900757781215,53
13.428571428571429,1.213953488372093,0.04028984073338543,53
13.5,1.1488888888888888,0.04763309076238917,53
13.571428571428571,1.1933333333333334,0.04729020655869074,53
13.642857142857142,1.1717391304347826,0.04690035108778089,53
13.714285714285714,1.2066666666666666,0.041243303711149294,53
13.785714285714285,1.1702127659574468,0.04180423226773946,53
13.857142857142856,1.1500000000000001,0.04717158638807755,53
13.928571428571429,1.182608695652174,0.04655310694718047,53
14.0,1.1212765957446809,0.055663201074539585,53
14.071428571428571,1.1311111111111112,0.05239922721134042,53
14.142857142857142,1.1681818181818182,0.0465254400018418,53
14.214285714285714,1.1681818181818182,0.04359295762227151,53
14.285714285714285,1.1644444444444444,0.05126240234812021,53
14.357142857142856,1.1304347826086956,0.05319452636268737,53
14.428571428571429,1.1372093023255814,0.05025111424624849,53
14.5,1.173170731707317,0.04566906278496797,53
14.571428571428571,1.1590909090909092,0.052958775883792324,53
14.642857142857142,1.1478260869565218,0.05142783795064785,53
14.714285714285714,1.1282608695652174,0.05862045639537892,53
14.785714285714285,1.1651162790697676,0.047283190681716374,53
14.857142857142856,1.138095238095238,0.044689193916126774,53
14.928571428571429,1.086046511627907,0.06474940152870907,53
15.0,1.1386363636363637,0.05500489206485811,53
15.071428571428571,1.138095238095238,0.05536830342205888,53
15.142857142857142,1.1533333333333333,0.05247413985512629,53
15.214285714285714,1.1704545454545454,0.05561301137686422,53
15.285714285714285,1.1477272727272727,0.05937381456376534,53
15.357142857142856,1.1318181818181818,0.05666681740906187,53
15.428571428571429,1.2000000000000002,0.052845841149794084,53
15.5,1.1333333333333333,0.05945883900105631,53
15.571428571428571,1.1318181818181818,0.06010673445792783,53
15.642857142857142,1.0833333333333333,0.0616939751686015,53
15.714285714285714,1.1227272727272728,0.06311702915691188,53
15.785714285714285,1.1744680851063831,0.0506633229778326,53
15.857142857142856,1.1312499999999999,0.05531632519729897,53
15.928571428571429,1.1617021276595745,0.051125463883038666,53
16.0,1.1,0.05810768656333541,53
16.07142857142857,1.145,0.055,53
16.142857142857142,1.151219512195122,0.06344980263087104,53
16.21428571428571,1.1790697674418604,0.05603729768993808,53
16.285714285714285,1.1600000000000001,0.054716902269220186,53
16.357142857142858,1.1434782608695653,0.056521739130434775,53
16.428571428571427,1.1446808510638298,0.05614904431103464,53
16.5,1.110204081632653,0.058484611758804476,53
16.57142857142857,1.1446808510638298,0.05680423159817245,53
16.642857142857142,1.1568181818181817,0.058196805350368336,53
16.71428571428571,1.1341463414634145,0.07330272647389618,53
16.785714285714285,1.1736842105263159,0.06485394582549919,53
16.857142857142858,1.1615384615384614,0.06464012122097762,53
16.928571428571427,1.145,0.06698162779104774,53
17.0,1.1272727272727272,0.06505515925670936,53
17.07142857142857,1.2000000000000002,0.06008124580566701,53
17.142857142857142,1.1904761904761905,0.05891089787647405,53
17.21428571428571,1.1813953488372093,0.05708455909994865,53
17.285714285714285,1.1533333333333333,0.05510320894796995,53
17.357142857142858,1.143181818181818,0.05521414463894779,53
17.428571428571427,1.14,0.05508487482370669,53
17.5,1.1813953488372093,0.05295851967045973,53
17.57142857142857,1.1439024390243901,0.05533146025322049,53
17.642857142857142,1.164102564102564,0.05661232364742553,53
17.71428571428571,1.1756097560975611,0.05628547529627675,53
17.785714285714285,1.1853658536585365,0.05267953918647604,53
17.857142857142858,1.1659090909090908,0.048871318045095966,53
17.928571428571427,1.1444444444444444,0.055190721255319534,53
18.0,1.1755555555555555,0.04894395429649436,53
18.07142857142857,1.2256410256410255,0.04992814657840851,53
18.142857142857142,1.2090909090909092,0.050139149062296016,53
18.21428571428571,1.2,0.05063696835418331,53
18.285714285714285,1.1214285714285714,0.06435020639090329,53
18.357142857142858,1.1558139534883722,0.049280799329132444,53
18.428571428571427,1.1638297872340426,0.04955169344217198,53
18.5,1.1777777777777778,0.052115730664704776,53
18.57142857142857,1.1733333333333333,0.051384861977084674,53
18.642857142857142,1.1804347826086956,0.049599318720717704,53
18.71428571428571,1.1612244897959183,0.04789944173074935,53
18.785714285714285,1.1125,0.060040249502177186,53
18.857142857142858,1.1551020408163266,0.04827476141006752,53
18.928571428571427,1.1372549019607843,0.045500336935940605,53
19.0,1.141304347826087,0.04861125363798233,53
19.07142857142857,1.1477272727272727,0.04893027316243915,53
19.142857142857142,1.1391304347826086,0.048202297224063495,53
19.21428571428571,1.1804347826086956,0.047509934401498616,53
19.285714285714285,1.1673913043478261,0.047146021274240925,53
19.357142857142858,1.172340425531915,0.04425371803835333,53
19.428571428571427,1.1816326530612244,0.04292390329857796,53
19.5,1.2063829787234044,0.04432704285429768,53
19.57142857142857,1.1862745098039216,0.04347815388716925,53
19.642857142857142,1.1895833333333334,0.04527688489888161,53
19.71428571428571,1.182,0.04568659875852489,53
19.785714285714285,1.1844444444444444,0.04923203723654099,53
19.857142857142858,1.1645833333333333,0.047870390852080676,53
19.928571428571427,1.163265306122449,0.04672013556926733,53
20.0,1.1617021276595745,0.048430805661240764,53
20.07142857142857,1.1918367346938776,0.046276007092562896,53
20.142857142857142,1.17,0.04688239737549126,53
20.21428571428571,1.1823529411764706,0.04700487103277044,53
20.285714285714285,1.1596153846153845,0.051100971777707505,53
20.357142857142858,1.204,0.044717708677745965,53
20.428571428571427,1.21,0.04537822906933883,53
20.5,1.202127659574468,0.04823329845216528,53
20.57142857142857,1.163265306122449,0.05476401736745547,53
20.642857142857142,1.1622222222222223,0.05301885398295163,53
20.71428571428571,1.134090909090909,0.059146786070908175,53
20.785714285714285,1.127659574468085,0.050501841189686654,53
20.857142857142858,1.1229166666666666,0.0512468285935661,53
20.928571428571427,1.14,0.051110125199995186,53
21.0,1.1127659574468085,0.05703245917382019,53
21.07142857142857,1.153061224489796,0.052172369405563045,53
21.142857142857142,1.132608695652174,0.053392571071851136,53
21.21428571428571,1.123913043478261,0.05376499072912911,53
21.285714285714285,1.1833333333333333,0.05020642965991723,53
21.357142857142858,1.1659574468085105,0.05340198866678859,53
21.428571428571427,1.1551020408163266,0.04966394075149145,53
21.5,1.1285714285714286,0.055481810465385924,53
21.57142857142857,1.158695652173913,0.05513059479700639,53
21.642857142857142,1.1595744680851063,0.05256242264631998,53
21.71428571428571,1.123913043478261,0.059966559329055855,53
21.785714285714285,1.1045454545454545,0.06654844088078453,53
21.857142857142858,1.1630434782608696,0.054671499932340634,53
21.928571428571427,1.1333333333333333,0.052112580440706685,53
22.0,1.1244897959183673,0.05220728344071674,53
22.07142857142857,1.1354166666666667,0.050131881333186856,53
22.142857142857142,1.1425531914893619,0.0504140745852888,53
22.21428571428571,1.120408163265306,0.05455288202640811,53
22.285714285714285,1.1717391304347826,0.04812052536228816,53
22.357142857142858,1.1574468085106382,0.050414074585288786,53
22.428571428571427,1.1066666666666667,0.058465218875685565,53
22.5,1.1428571428571428,0.054008092603792725,53
22.57142857142857,1.0883720930232559,0.05717697093953467,53
22.642857142857142,1.146341463414634,0.057179388339873564,53
22.71428571428571,1.1386363636363637,0.055004892064858125,53
22.785714285714285,1.1444444444444444,0.048153327874713416,53
22.85714285714285,1.1217391304347826,0.05283398879292226,53
22.928571428571427,1.1181818181818182,0.05726987475697843,53
23.0,1.1113636363636363,0.05836169834696345,53
23.07142857142857,1.0733333333333333,0.06295741706611194,53
23.142857142857142,1.0933333333333335,0.053785958138991,53
23.21428571428571,1.1186046511627907,0.054402606236984605,53
23.285714285714285,1.1225,0.060710272437925865,53
23.35714285714285,1.1093023255813954,0.05800427233361412,53
23.428571428571427,1.1232558139534883,0.05895333001304578,53
23.5,1.1146341463414635,0.061143670833912214,53
23.57142857142857,1.091304347826087,0.05687736506365912,53
23.642857142857142,1.0869565217391304,0.05486995567053708,53
23.71428571428571,1.0738095238095238,0.05913227792664121,53
23.785714285714285,1.0785714285714285,0.06307414237653644,53
23.85714285714285,1.044186046511628,0.06557542600637833,53
23.928571428571427,1.0,0.07216174244827192,53
24.0,1.0205128205128204,0.06795444683409242,53
24.07142857142857,1.008888888888889,0.06627324994905806,53
24.142857142857142,1.0714285714285714,0.05905623555580082,53
24.21428571428571,1.0348837209302326,0.06162111582131149,53
24.285714285714285,1.0261904761904763,0.06238201628655398,53
24.35714285714285,1.0022222222222223,0.05933034456967575,53
24.428571428571427,1.0085106382978724,0.06035891625785523,53
24.5,1.0066666666666666,0.05517648452415617,53
24.57142857142857,1.04468085106383,0.04977363287418317,53
24.642857142857142,1.0456521739130435,0.04414584105557028,53
24.71428571428571,1.053191489361702,0.049216907798301644,53
24.785714285714285,1.0468085106382978,0.04987042079069286,53
24.85714285714285,1.0361702127659576,0.05010862686004477,53
24.928571428571427,1.01875,0.053066953060188014,53
25.0,1.0288888888888887,0.05189560443641086,53
25.07142857142857,1.0530612244897959,0.04827835609054536,53
25.142857142857142,1.0354166666666667,0.05152717242034473,53
25.21428571428571,1.05,0.045057095378770604,53
25.285714285714285,1.0104166666666667,0.05402583300966035,53
25.35714285714285,1.0282608695652173,0.04761591942196073,53
25.428571428571427,0.9979591836734694,0.04978608969578752,53
25.5,1.0326086956521738,0.04925084641623751,53
25.57142857142857,1.031111111111111,0.0530696342841436,53
25.642857142857142,1.0583333333333333,0.04771678167013239,53
25.71428571428571,1.0571428571428572,0.04536323543632774,53
25.785714285714285,1.058695652173913,0.04841208845689953,53
25.85714285714285,1.0521739130434782,0.05009547699937591,53
25.928571428571427,1.037777777777778,0.051078162414532335,53
26.0,1.0695652173913044,0.0475353481713545,53
26.07142857142857,1.0911111111111111,0.049320864745200546,53
26.142857142857142,1.056521739130435,0.049113117378931974,53
26.21428571428571,1.0717391304347825,0.045858745890715195,53
26.285714285714285,1.0687499999999999,0.04477645915351325,53
26.35714285714285,1.0659999999999998,0.04195332683653421,53
26.428571428571427,1.0625,0.05040835023138176,53
26.5,1.084,0.044295851374362274,53
26.57142857142857,1.0759999999999998,0.04449810819184408,53
26.642857142857142,1.0708333333333333,0.04544483965794844,53
26.71428571428571,1.0530612244897959,0.044996413388468035,53
26.785714285714285,1.0470588235294118,0.041002433325828175,53
26.85714285714285,1.0450980392156863,0.039834335912252446,53
26.928571428571427,1.051923076923077,0.04031272780078838,53
27.0,1.0450980392156861,0.04022619627294847,53
27.07142857142857,1.0395833333333333,0.04270752247976155,53
27.142857142857142,1.048936170212766,0.04468745821374594,53
27.21428571428571,1.0551020408163265,0.040935201043075874,53
27.285714285714285,1.046938775510204,0.04186368801585081,53
27.35714285714285,1.0571428571428572,0.04164965639175214,53
27.428571428571427,1.0574468085106383,0.044362550654407626,53
27.5,1.0595744680851062,0.04308410706804686,53
27.57142857142857,1.0571428571428572,0.04144498853697431,53
27.642857142857142,1.067391304347826,0.04396467046990585,53
27.71428571428571,1.052,0.04259347463676394,53
27.785714285714285,1.032,0.04557478715792095,53
27.85714285714285,1.0403846153846155,0.04522939814874339,53
27.928571428571427,1.0510204081632653,0.047121428118444136,53
28.0,1.0583333333333333,0.041453354685202615,53
28.07142857142857,1.0382978723404255,0.0490947837719153,53
28.142857142857142,1.0391304347826087,0.04256035905618006,53
28.21428571428571,1.0625,0.043211606170118454,53
28.285714285714285,1.048936170212766,0.04278383378296828,53
28.35714285714285,1.073469387755102,0.039852567390140974,53
28.428571428571427,1.04468085106383,0.04940052382602664,53
28.5,1.0765957446808512,0.041726474419802664,53
28.57142857142857,1.0659574468085107,0.042174541047078844,53
28.642857142857142,1.0551020408163265,0.039346405986174615,53
28.71428571428571,1.046,0.04002142283470548,53
28.785714285714285,1.056,0.04151812979941192,53
28.85714285714285,1.0408163265306123,0.0412308878984644,53
28.928571428571427,1.046938775510204,0.0386971101436808,53
29.0,1.0319148936170213,0.048292431647979556,53
29.07142857142857,1.0553191489361702,0.0436333761445042,53
29.142857142857142,1.0260869565217392,0.04958131783590354,53
29.21428571428571,1.0456521739130435,0.04607351002454597,53
29.285714285714285,1.048888888888889,0.04699260872703218,53
29.35714285714285,1.0613636363636365,0.045426788565275204,53
29.428571428571427,1.0577777777777777,0.04621959977020646,53
29.5,1.0456521739130435,0.04392643408024479,53
29.57142857142857,1.0444444444444445,0.04589794955429316,53
29.642857142857142,1.0645833333333334,0.046555996876381726,53
29.71428571428571,1.0319148936170213,0.04522595987496217,53
29.785714285714285,1.0574468085106383,0.047289597384878444,53
29.85714285714285,0.9772727272727273,0.057692012004150674,53
29.928571428571427,1.0425531914893618,0.0447776582211824,53
30.0,1.0085106382978724,0.055487894624851604,53
30.07142857142857,1.0326530612244897,0.04309337227301771,53
30.142857142857142,1.04375,0.04650042419542654,53
30.21428571428571,1.0104166666666667,0.051591650814895876,53
30.285714285714285,1.04375,0.04763058291768026,53
30.35714285714285,1.008888888888889,0.05239922721134043,53
30.428571428571427,1.0229166666666667,0.045178878449111816,53
30.5,1.0085106382978724,0.04968259915668982,53
30.57142857142857,1.0347826086956522,0.04474483656329325,53
30.642857142857142,1.0555555555555556,0.044896688991275836,53
30.71428571428571,1.023404255319149,0.04461913715169081,53
30.785714285714285,1.0340425531914894,0.044625753438777324,53
30.85714285714285,0.9688888888888889,0.043672590648618975,53
30.928571428571427,1.04375,0.040705900081172995,53
31.0,1.0595744680851062,0.04297661675898756,53
31.07142857142857,1.0431818181818182,0.052766761840223116,53
31.142857142857142,0.9822222222222223,0.04575835618216444,53
31.21428571428571,1.0166666666666668,0.046217767958940476,53
31.285714285714285,1.0302325581395348,0.045328245885908246,53
31.35714285714285,1.008695652173913,0.046607217512072106,53
31.428571428571427,0.9886363636363636,0.046689101395525484,53
31.5,1.0045454545454546,0.04777884055968451,53
31.57142857142857,1.0477272727272728,0.04510835397045955,53
31.642857142857142,1.0170212765957447,0.04869424978790365,53
31.71428571428571,1.0465116279069768,0.045427566041674285,53
31.785714285714285,1.0386363636363638,0.04484126444172436,53
31.85714285714285,1.0130434782608695,0.04679162314602221,53
31.928571428571427,1.0404255319148936,0.04166510845329062,53
32.0,1.0454545454545454,0.039480579090387206,53
32.07142857142857,1.0711111111111111,0.040778066770230735,53
32.14285714285714,1.0733333333333333,0.04,53
32.214285714285715,0.9934782608695653,0.044548423841845305,53
32.285714285714285,1.05,0.0372835543497015,53
32.357142857142854,1.0466666666666666,0.03490246149173176,53
32.42857142857142,1.0375,0.03889258256690347,53
32.5,1.0204081632653061,0.04285511818994639,53
32.57142857142857,1.0229166666666667,0.03941500228894262,53
32.64285714285714,1.02,0.04052683360964983,53
32.714285714285715,1.0022727272727272,0.04169868716450811,53
32.785714285714285,0.9770833333333333,0.04756850074990151,53
32.857142857142854,1.006122448979592,0.0383999897322861,53
32.92857142857142,0.9897959183673469,0.04356995488912832,53
33.0,1.0319148936170213,0.04047662188624614,53
33.07142857142857,0.9877551020408163,0.04752663530532943,53
33.14285714285714,0.9744680851063829,0.04955566536261778,53
33.214285714285715,0.9957446808510638,0.03870683078456473,53
33.285714285714285,0.98,0.047034507523298075,53
33.357142857142854,1.0021739130434784,0.03888408768033781,53
33.42857142857142,1.0042553191489363,0.038587148839774266,53
33.5,0.9777777777777777,0.046697921231704895,53
33.57142857142857,0.9916666666666667,0.04494217456213619,53
33.64285714285714,0.9595744680851064,0.05113508749985481,53
33.714285714285715,0.9382978723404256,0.045066832013440604,53
33.785714285714285,1.0,0.042732738696715185,53
33.857142857142854,0.9854166666666666,0.04093213369173319,53
33.92857142857142,0.9979166666666667,0.043402452717458885,53
34.0,0.9531914893617021,0.04680851063829787,53
34.07142857142857,0.9977777777777778,0.04500155877085769,53
34.14285714285714,1.008888888888889,0.04458815150653728,53
34.214285714285715,0.9911111111111112,0.046037119654503286,53
34.285714285714285,1.01875,0.04482592908618534,53
34.357142857142854,0.9645833333333332,0.04905937777103704,53
34.42857142857142,0.9543478260869565,0.0550543448455107,53
34.5,0.9795918367346939,0.04844342304902625,53
34.57142857142857,1.004,0.04499070198725646,53
34.64285714285714,1.01875,0.04402774048965167,53
34.714285714285715,1.0043478260869565,0.04567862127871162,53
34.785714285714285,0.9791666666666666,0.050349693222153914,53
34.857142857142854,0.9702127659574469,0.053110020867357846,53
34.92857142857142,0.9659574468085106,0.04763379770750596,53
35.0,0.9574468085106383,0.04679799730558698,53
35.07142857142857,1.0,0.045215078571752686,53
35.14285714285714,0.9863636363636363,0.05084808334875729,53
35.214285714285715,1.0119047619047619,0.048699984731039654,53
35.285714285714285,0.9704545454545456,0.05288500683296228,53
35.357142857142854,1.0,0.04632361577462967,53
35.42857142857142,1.0022727272727272,0.046379334489530105,53
35.5,0.9880952380952381,0.05507911962556084,53
35.57142857142857,1.0255813953488373,0.04707302393105253,53
35.64285714285714,1.0325581395348837,0.04876332543353969,53
35.714285714285715,0.9644444444444444,0.048320850588242634,53
35.785714285714285,0.9681818181818183,0.0461833746470745,53
35.857142857142854,0.9604651162790697,0.04624786785468416,53
35.92857142857142,0.9555555555555556,0.049904510388609394,53
36.0,0.9425531914893617,0.05186125738085826,53
36.07142857142857,0.9148936170212766,0.0552497251703501,53
36.14285714285714,0.946938775510204,0.052578257257094904,53
36.21428571428572,0.9666666666666667,0.04994946941609586,53
36.285714285714285,0.9574468085106383,0.0522167864994751,53
36.35714285714285,0.9695652173913044,0.05030050423940182,53
36.42857142857142,0.9404761904761905,0.05733730948818634,53
36.5,0.9414634146341464,0.05748548170435452,53
36.57142857142857,0.9214285714285715,0.056979295533223465,53
36.64285714285714,0.9357142857142856,0.057717062754453236,53
36.71428571428572,0.9232558139534884,0.055767791911135366,53
36.785714285714285,0.9409090909090909,0.051439960879116634,53
36.85714285714285,0.9428571428571428,0.053900460710846865,53
36.92857142857142,0.9466666666666667,0.05101000100000197,53
37.0,0.9142857142857143,0.05868986071818504,53
37.07142857142857,0.9209302325581395,0.05257048630445263,53
37.14285714285714,0.9162790697674418,0.05587621112455725,53
37.21428571428572,0.9113636363636364,0.049969960224629434,53
37.285714285714285,0.8739130434782609,0.05572835968798981,53
37.35714285714285,0.9093023255813953,0.04945035134286961,53
37.42857142857142,0.8930232558139535,0.05512447897285649,53
37.5,0.9068181818181817,0.04967098166307405,53
37.57142857142857,0.8913043478260869,0.046607217512072106,53
37.64285714285714,0.8888888888888888,0.04801327912090195,53
37.71428571428572,0.8714285714285714,0.04610694459770734,53
37.785714285714285,0.9022222222222223,0.04488918891788922,53
37.85714285714285,0.8733333333333333,0.055084874823706685,53
37.92857142857142,0.8934782608695653,0.05044748299194562,53
38.0,0.9222222222222223,0.047128546421108246,53
38.07142857142857,0.8911111111111112,0.04993149066291158,53
38.14285714285714,0.8931818181818181,0.05030538108909738,53
38.21428571428572,0.8844444444444444,0.04964068423041929,53
38.285714285714285,0.8869565217391304,0.050943626668000744,53
38.35714285714285,0.8425531914893617,0.05239364636991622,53
38.42857142857142,0.8282608695652174,0.0483208922997103,53
38.5,0.841304347826087,0.05007975156176529,53
38.57142857142857,0.8431818181818183,0.047495156899279536,53
38.64285714285714,0.7976190476190477,0.05185167078801469,53
38.71428571428572,0.8425531914893617,0.042225845456594226,53
38.785714285714285,0.8177777777777777,0.047809479733762206,53
38.85714285714285,0.8545454545454546,0.04580205427764433,53
38.92857142857142,0.8531914893617022,0.043743752172334165,53
39.0,0.8708333333333332,0.045347196201195206,53
39.07142857142857,0.8666666666666667,0.044892832727062876,53
39.14285714285714,0.8468085106382978,0.05078942614227023,53
39.21428571428572,0.84,0.05108914767444267,53
39.285714285714285,0.8760869565217391,0.04612362956174145,53
39.35714285714285,0.859090909090909,0.04703898138510466,53
39.42857142857142,0.8624999999999999,0.04741780869631455,53
39.5,0.8244897959183674,0.04606364019116051,53
39.57142857142857,0.8652173913043477,0.04936479522667421,53
39.64285714285714,0.8555555555555555,0.05663595919818557,53
39.71428571428572,0.8456521739130435,0.05327048123860497,53
39.785714285714285,0.8444444444444444,0.05342374491518904,53
39.85714285714285,0.9025641025641027,0.053801150784513106,53
39.92857142857142,0.8724999999999999,0.057511147191497164,53
40.0,0.873170731707317,0.055328772368044725,53
40.07142857142857,0.8658536585365854,0.056483297347433147,53
40.14285714285714,0.8651162790697675,0.05416063644057556,53
40.21428571428572,0.8355555555555556,0.04800626595839586,53
40.285714285714285,0.8533333333333333,0.04709757762541315,53
40.35714285714285,0.8760869565217391,0.04955695329020629,53
40.42857142857142,0.8755555555555555,0.04996519551835488,53
40.5,0.8702127659574468,0.046218210428148186,53
40.57142857142857,0.8612244897959185,0.0468221710495244,53
40.64285714285714,0.8708333333333332,0.04495450155881935,53
40.71428571428572,0.8088888888888889,0.05806842204338177,53
40.785714285714285,0.8837209302325582,0.05208076109437988,53
40.85714285714285,0.9121951219512194,0.05086988686491271,53
40.92857142857142,0.8872340425531916,0.04678537818784224,53
41.0,0.884090909090909,0.04722121726089058,53
41.07142857142857,0.8822222222222222,0.04717139272702215,53
41.14285714285714,0.8782608695652173,0.05059195898361342,53
41.21428571428572,0.8673913043478261,0.04934883695148862,53
41.285714285714285,0.88,0.05091089462894158,53
41.35714285714285,0.8866666666666666,0.05110891519217769,53
41.42857142857142,0.8955555555555554,0.05173314936271916,53
41.5,0.8608695652173913,0.05450508648599725,53
41.57142857142857,0.8891304347826087,0.04994956498527311,53
41.64285714285714,0.8818181818181817,0.05102260072873556,53
41.71428571428572,0.8818181818181817,0.05204818950133709,53
41.785714285714285,0.8934782608695653,0.05015937632164364,53
41.85714285714285,0.8844444444444444,0.04933451632033264,53
41.92857142857142,0.8813953488372093,0.05470709420850755,53
42.0,0.8428571428571429,0.0501035927021127,53
42.07142857142857,0.8822222222222222,0.04791500143497889,53
42.14285714285714,0.8333333333333334,0.05851702678915277,53
42.21428571428572,0.8545454545454546,0.056730376128044886,53
42.285714285714285,0.8581395348837209,0.05470474035465845,53
42.35714285714285,0.8444444444444444,0.05725678077752549,53
42.42857142857142,0.8808510638297872,0.048151616262388335,53
42.5,0.8958333333333334,0.04782117373309026,53
42.57142857142857,0.8772727272727273,0.05448816582764028,53
42.64285714285714,0.9121951219512194,0.05400938513195596,53
42.71428571428572,0.9133333333333333,0.05061241114209203,53
42.785714285714285,0.8977777777777778,0.05070103388750081,53
42.85714285714285,0.9186046511627907,0.04709216875754299,53
42.92857142857142,0.9022222222222223,0.04969491660372722,53
43.0,0.8829787234042553,0.05137509204532654,53
43.07142857142857,0.8956521739130435,0.04764568523120451,53
43.14285714285714,0.9020408163265307,0.05029587592795523,53
43.21428571428572,0.9081632653061225,0.04718583310736787,53
43.285714285714285,0.884,0.05145713492504102,53
43.35714285714285,0.90625,0.04692742340440062,53
43.42857142857142,0.89,0.05016299961736983,53
43.5,0.858,0.05269008348787449,53
43.57142857142857,0.8729166666666667,0.05189149065695139,53
43.64285714285714,0.8770833333333333,0.051591650814895876,53
43.71428571428572,0.894,0.046983279700640014,53
43.785714285714285,0.889795918367347,0.045479764689931736,53
43.85714285714285,0.8791666666666668,0.05008488657154132,53
43.92857142857142,0.8957446808510638,0.047310403227490465,53
44.0,0.902127659574468,0.05102912789414203,53
44.07142857142857,0.890909090909091,0.050871701763960386,53
44.14285714285714,0.9266666666666667,0.044426764160102564,53
44.21428571428572,0.9209302325581395,0.05225354953421361,53
44.285714285714285,0.9386363636363636,0.048684155847249645,53
44.35714285714285,0.8913043478260869,0.05029632836423466,53
44.42857142857142,0.8782608695652173,0.048145616831439766,53
44.5,0.8652173913043477,0.05071635543150325,53
44.57142857142857,0.8872340425531916,0.04938259151598237,53
44.64285714285714,0.9162790697674418,0.046222802012567545,53
44.71428571428572,0.8478260869565217,0.05235877074345821,53
44.785714285714285,0.8586956521739131,0.053979427728880265,53
44.85714285714285,0.8863636363636364,0.055423690858337475,53
44.92857142857142,0.8866666666666666,0.04919554878443801,53
45.0,0.8739130434782609,0.05130516661919291,53
45.07142857142857,0.8914893617021277,0.045299883420078846,53
45.14285714285714,0.9311111111111111,0.04424703633540772,53
45.21428571428572,0.9022727272727273,0.05176469737096279,53
45.285714285714285,0.9046511627906977,0.049577784156429335,53
45.35714285714285,0.886046511627907,0.04931214511794536,53
45.42857142857142,0.8818181818181817,0.054817853998928634,53
45.5,0.9023809523809524,0.05251935047826165,53
45.57142857142857,0.8863636363636364,0.055040913966460527,53
45.64285714285714,0.908695652173913,0.05515249714753546,53
45.71428571428571,0.9199999999999999,0.054919592279637476,53
45.785714285714285,0.8617021276595744,0.05838983408291989,53
45.85714285714285,0.9111111111111111,0.0493618081440983,53
45.92857142857142,0.8955555555555554,0.053177381418236094,53
46.0,0.9173913043478261,0.049956923262892805,53
46.07142857142857,0.8931818181818181,0.056163244328063675,53
46.14285714285714,0.9255813953488371,0.05397725447462195,53
46.21428571428571,0.9023255813953488,0.05701007003323235,53
46.285714285714285,0.9025000000000001,0.06339613957348281,53
46.35714285714285,0.9128205128205129,0.0595959729254163,53
46.42857142857142,0.9095238095238094,0.05751427877141549,53
46.5,0.9088888888888889,0.0563020553495883,53
46.57142857142857,0.9116279069767442,0.05500521492699396,53
46.64285714285714,0.9045454545454544,0.052722351596552114,53
46.71428571428571,0.9113636363636364,0.05344534552865838,53
46.785714285714285,0.9133333333333333,0.0535223921797827,53
46.85714285714285,0.8765957446808511,0.057645184600749244,53
46.92857142857142,0.9234042553191489,0.05252309002458169,53
47.0,0.8782608695652173,0.05445496685564042,53
47.07142857142857,0.8956521739130435,0.057479802942179546,53
47.14285714285714,0.921951219512195,0.05817469434782463,53
47.21428571428571,0.8595238095238096,0.05942616846447744,53
47.285714285714285,0.8586956521739131,0.05289457995817626,53
47.35714285714285,0.9,0.05739935531291414,53
47.42857142857142,0.9377777777777778,0.05386936020201683,53
47.5,0.8634146341463415,0.06778337964148479,53
47.57142857142857,0.8761904761904761,0.06562568721476572,53
47.64285714285714,0.9136363636363637,0.05821434740757597,53
47.71428571428571,0.8863636363636364,0.06173931668768667,53
47.785714285714285,0.8488888888888889,0.056908771777951526,53
47.85714285714285,0.886046511627907,0.056335236426421326,53
47.92857142857142,0.9046511627906977,0.05820815441156874,53
48.0,0.9093023255813953,0.061973269117761964,53
48.07142857142857,0.9288888888888889,0.0565526680614711,53
48.14285714285714,0.925,0.05688579486572448,53
48.21428571428571,0.9311111111111111,0.05457107516504427,53
48.285714285714285,0.8795454545454546,0.06061519927576283,53
48.35714285714285,0.8714285714285714,0.06146542934430574,53
48.42857142857142,0.9090909090909091,0.05639056848199752,53
48.5,0.9,0.05755980640283038,53
48.57142857142857,0.8822222222222222,0.05452169329066832,53
48.64285714285714,0.902127659574468,0.0558749563449554,53
48.71428571428571,0.8488888888888889,0.06216808611769867,53
48.785714285714285,0.8522727272727273,0.06465787636753771,53
48.85714285714285,0.8999999999999999,0.06148567154124649,53
48.92857142857142,0.9068181818181817,0.059008521195734756,53
49.0,0.8743589743589744,0.06527404585530527,53
49.07142857142857,0.8790697674418604,0.05892711299573398,53
49.14285714285714,0.8452380952380952,0.0571489059903418,53
49.21428571428571,0.8317073170731708,0.05899969247442011,53
49.285714285714285,0.8772727272727273,0.05601868802149362,53
49.35714285714285,0.874468085106383,0.05254556941359489,53
49.42857142857142,0.8733333333333333,0.05359782899266792,53
49.5,0.8489361702127659,0.05532448561748526,53
49.57142857142857,0.8531914893617022,0.05656290562371665,53
49.64285714285714,0.8702127659574468,0.058339249447172364,53
49.71428571428571,0.8645833333333334,0.0619918765649765,53
49.785714285714285,0.8727272727272727,0.06282325591498239,53
49.85714285714285,0.8822222222222222,0.057409471017542305,53
49.92857142857142,0.9022222222222223,0.05698563427767722,53
50.0,0.8844444444444444,0.06079901942619988,53
50.07142857142857,0.9090909090909091,0.06443921220778262,53
50.14285714285714,0.8681818181818183,0.06377589655772237,53
50.21428571428571,0.8727272727272727,0.059717767882633596,53
50.285714285714285,0.8697674418604651,0.060684074120295715,53
50.35714285714285,0.8717391304347827,0.05770682554746714,53
50.42857142857142,0.865909090909091,0.05985740471079815,53
50.5,0.8347826086956521,0.058501198741122286,53
50.57142857142857,0.8425531914893617,0.05832575280165985,53
50.64285714285714,0.8377777777777778,0.056522891482159054,53
50.71428571428571,0.8466666666666667,0.059509781896879284,53
50.785714285714285,0.8531914893617022,0.057535820305457536,53
50.85714285714285,0.8630434782608696,0.05892422839793098,53
50.92857142857142,0.8777777777777778,0.0578127322393491,53
51.0,0.865909090909091,0.05923607960560938,53
51.07142857142857,0.85,0.056700757009149595,53
51.14285714285714,0.823404255319149,0.06227366165383699,53
51.21428571428571,0.8520833333333333,0.05259149266252874,53
51.285714285714285,0.8456521739130435,0.05583849396346163,53
51.35714285714285,0.8066666666666666,0.06477622708957041,53
51.42857142857142,0.8521739130434783,0.057293138120532223,53
51.5,0.85,0.05578263284983574,53
51.57142857142857,0.8510204081632654,0.05241793464335886,53
51.64285714285714,0.8244897959183674,0.05529225169334814,53
51.71428571428571,0.8659574468085107,0.05544176264168247,53
51.785714285714285,0.827659574468085,0.056304817274232276,53
51.85714285714285,0.8348837209302326,0.05656107557804407,53
51.92857142857142,0.8363636363636363,0.05470378711230343,53
52.0,0.8369565217391305,0.05314811094594477,53
52.07142857142857,0.8444444444444444,0.054915504936031936,53
52.14285714285714,0.8434782608695651,0.054164909573556304,53
52.21428571428571,0.841304347826087,0.05362025060499287,53
52.285714285714285,0.8382978723404255,0.05103491318160396,53
52.35714285714285,0.8282608695652174,0.05151455340338638,53
52.42857142857142,0.825531914893617,0.05174727645761272,53
52.5,0.825531914893617,0.05384976575649558,53
52.57142857142857,0.7911111111111111,0.055215118539907,53
52.64285714285714,0.827659574468085,0.05300429595801943,53
52.71428571428571,0.8152173913043478,0.05302149698977932,53
52.785714285714285,0.8333333333333334,0.05095056031055592,53
52.85714285714285,0.8309523809523809,0.05339660466288954,53
52.92857142857142,0.805,0.05346338310781813,53
53.0,0.7878048780487804,0.04816069670096342,53
53.07142857142857,0.8068181818181818,0.04924350841761975,53
53.14285714285714,0.8022727272727272,0.048277807371555674,53
53.21428571428571,0.7866666666666666,0.051990675154591943,53
53.285714285714285,0.8043478260869565,0.04874824626986835,53
53.35714285714285,0.84375,0.04836935408803406,53
53.42857142857142,0.841304347826087,0.04880960614217076,53
53.5,0.8282608695652174,0.05244394693230354,53
53.57142857142857,0.8479166666666668,0.048923661708225576,53
53.64285714285714,0.8,0.05673835953839547,53
53.71428571428571,0.8173913043478261,0.05623487217520128,53
53.785714285714285,0.8377777777777778,0.05452169329066832,53
53.85714285714285,0.8304347826086957,0.05541844033054744,53
53.92857142857142,0.8347826086956521,0.053947316517712875,53
54.0,0.825531914893617,0.05307109408907195,53
54.07142857142857,0.8282608695652174,0.04627820132270004,53
54.14285714285714,0.8065217391304348,0.05324287382069464,53
54.21428571428571,0.8136363636363636,0.04673153376809151,53
54.285714285714285,0.8022222222222223,0.04969491660372722,53
54.35714285714285,0.7913043478260869,0.048337189946738426,53
54.42857142857142,0.8222222222222222,0.049532041347897085,53
54.5,0.772093023255814,0.058905256567922414,53
54.57142857142857,0.8023809523809524,0.05976027363340784,53
54.64285714285714,0.8022222222222223,0.054168544385998295,53
54.71428571428571,0.7837209302325582,0.055378515545584574,53
54.785714285714285,0.8093023255813953,0.05435761506436653,53
54.85714285714285,0.8113636363636364,0.05194076039887163,53
54.92857142857142,0.8,0.053992729755351125,53
55.0,0.7931818181818181,0.051035547789648604,53
55.07142857142857,0.7777777777777778,0.05162890984914362,53
55.14285714285714,0.7727272727272727,0.05154726851922607,53
55.21428571428571,0.7977777777777777,0.05246344459792634,53
55.285714285714285,0.725,0.05441647011588632,53
55.35714285714285,0.78,0.05061241114209203,53
55.42857142857142,0.8065217391304348,0.048294804624816653,53
55.5,0.7930232558139535,0.0509484081910372,53
55.57142857142857,0.7909090909090909,0.05045440260536317,53
55.64285714285714,0.8022222222222223,0.04969491660372722,53
55.71428571428571,0.7931818181818181,0.05165319046617918,53
55.785714285714285,0.775,0.05233703186905596,53
55.85714285714285,0.7888888888888889,0.04925938583817058,53
55.92857142857142,0.7866666666666666,0.04784233364802442,53
56.0,0.7847826086956522,0.050787745422160274,53
56.07142857142857,0.7813953488372093,0.05814174968095927,53
56.14285714285714,0.7422222222222222,0.05554949461888036,53
56.21428571428571,0.7844444444444444,0.054860295991898754,53
56.285714285714285,0.7636363636363637,0.05575646504393599,53
56.35714285714285,0.7840909090909091,0.0560261927020848,53
56.42857142857142,0.768888888888889,0.05876010312632532,53
56.5,0.7886363636363637,0.0522451439311438,53
56.57142857142857,0.7822222222222223,0.05107816241453232,53
56.64285714285714,0.7840909090909091,0.05292133675478282,53
56.71428571428571,0.7928571428571428,0.05093696511505085,53
56.785714285714285,0.7511627906976743,0.05233972984551828,53
56.85714285714285,0.7613636363636364,0.0533463600834525,53
56.92857142857142,0.7422222222222222,0.05609235610151422,53
57.0,0.7666666666666667,0.06005048381204439,53
57.07142857142857,0.7877551020408163,0.05506896210439515,53
57.14285714285714,0.7770833333333332,0.056668719977400826,53
57.21428571428571,0.7755102040816326,0.056958826596520865,53
57.285714285714285,0.7999999999999999,0.05473987486932374,53
57.35714285714285,0.8086956521739131,0.053190577691311795,53
57.42857142857142,0.8136363636363636,0.051672954013068303,53
57.5,0.8102564102564103,0.06056357806293354,53
57.57142857142857,0.8348837209302326,0.055871601826869524,53
57.64285714285714,0.7934782608695652,0.0590915259881168,53
57.71428571428571,0.8404255319148937,0.05555702077615035,53
57.785714285714285,0.8163265306122449,0.05619352333158692,53
57.85714285714285,0.8354166666666667,0.05169893610210789,53
57.92857142857142,0.8065217391304348,0.05917322265478767,53
58.0,0.7956521739130435,0.057311465473971326,53
58.07142857142857,0.7933333333333334,0.0614964891828646,53
58.14285714285714,0.7717391304347826,0.06206300705896055,53
58.21428571428571,0.75625,0.062306882496101335,53
58.285714285714285,0.7913043478260869,0.05602156994494914,53
58.35714285714285,0.76,0.056532818751231534,53
58.42857142857142,0.7431818181818183,0.06214945902083736,53
58.5,0.7818181818181817,0.06050114244834767,53
58.57142857142857,0.8162790697674419,0.05998617712295536,53
58.64285714285714,0.8325581395348837,0.0560533808852437,53
58.71428571428571,0.8093023255813953,0.057813036719330496,53
58.785714285714285,0.7853658536585366,0.058074907012488804,53
58.85714285714285,0.7534883720930232,0.05965467599246819,53
58.92857142857142,0.7604651162790699,0.056193339607194866,53
59.0,0.8119047619047619,0.060313002871343294,53
59.07142857142857,0.8142857142857144,0.059280571541355666,53
59.14285714285714,0.8441860465116279,0.057089070465119476,53
59.21428571428571,0.8295454545454546,0.05893519082244913,53
59.285714285714285,0.841304347826087,0.05711046055578548,53
59.35714285714285,0.7772727272727273,0.06159126990212846,53
59.42857142857142,0.7604651162790699,0.06488251029882294,53
59.5,0.758139534883721,0.06298522020198839,53
59.57142857142857,0.7511627906976743,0.05699877531889996,53
59.64285714285714,0.751219512195122,0.06316084299661327,53
59.71428571428571,0.7238095238095238,0.05429406786186372,53
59.785714285714285,0.7395348837209302,0.05869940835602999,53
59.85714285714285,0.7558139534883721,0.06084513005491669,53
59.92857142857142,0.7511627906976743,0.06273324963158199,53
60.0,0.7477272727272727,0.057749242544078094,53
60.07142857142857,0.7704545454545454,0.056648796140524205,53
60.14285714285714,0.7795454545454544,0.056274353004485266,53
60.21428571428571,0.7318181818181819,0.05832154864807339,53
60.285714285714285,0.7454545454545454,0.05756277439759362,53
60.35714285714285,0.7772727272727273,0.054778396187122574,53
60.42857142857142,0.773913043478261,0.05269864948985913,53
60.5,0.7711111111111112,0.053712875102154216,53
60.57142857142857,0.7255813953488371,0.05888339202740897,53
60.64285714285714,0.7674418604651163,0.057804126641953175,53
60.71428571428571,0.7318181818181819,0.056760012507012986,53
60.785714285714285,0.6931818181818182,0.05954351787435266,53
60.85714285714285,0.7272727272727273,0.05718591359944636,53
60.92857142857142,0.7232558139534884,0.06143694687959532,53
61.0,0.7466666666666667,0.05528621579169312,53
61.07142857142857,0.7136363636363636,0.05821434740757597,53
61.14285714285714,0.7232558139534884,0.058101870413444556,53
61.21428571428571,0.7422222222222222,0.05426170114361398,53
61.285714285714285,0.7434782608695653,0.052626858365116796,53
61.35714285714285,0.74,0.052838614591217206,53
61.42857142857142,0.7272727272727273,0.05434246938145116,53
61.5,0.7431818181818183,0.04924350841761975,53
61.57142857142857,0.7044444444444444,0.05134115992633365,53
61.64285714285714,0.7177777777777777,0.048543314916887265,53
61.71428571428571,0.7166666666666667,0.0518567767558713,53
61.785714285714285,0.7608695652173914,0.04739374190424957,53
61.85714285714285,0.751063829787234,0.04759452743608565,53
61.92857142857142,0.7186046511627907,0.04983425618172621,53
62.0,0.6906976744186046,0.055765482829217665,53
62.07142857142857,0.7560975609756098,0.051329730424589555,53
62.14285714285714,0.705,0.05334334841864372,53
62.21428571428571,0.7023809523809523,0.05457981137715908,53
62.285714285714285,0.725,0.05544112145977884,53
62.35714285714285,0.7026315789473684,0.0577539345620765,53
62.42857142857142,0.6763157894736842,0.056376378249728076,53
62.5,0.635,0.05790686598500326,53
62.57142857142857,0.65,0.05369613823473754,53
62.64285714285714,0.6772727272727272,0.049826722620919334,53
62.71428571428571,0.7000000000000001,0.0477838685881709,53
62.785714285714285,0.6891304347826087,0.04797626837554351,53
62.85714285714285,0.6904761904761905,0.055667162934234564,53
62.92857142857142,0.6571428571428571,0.057547925504593096,53
63.0,0.7071428571428571,0.05161647824369396,53
63.07142857142857,0.6511111111111111,0.05565244077181908,53
63.14285714285714,0.6933333333333334,0.05089105019449873,53
63.21428571428571,0.6760869565217391,0.04817287534416641,53
63.285714285714285,0.7086956521739131,0.04513277106199563,53
63.35714285714285,0.6977272727272728,0.04534209133876491,53
63.42857142857142,0.6826086956521739,0.04432034764880556,53
63.5,0.6914893617021277,0.048742729929128564,53
63.57142857142857,0.6659574468085107,0.04944433098220937,53
63.64285714285714,0.7068181818181819,0.04648281949460859,53
63.71428571428571,0.6651162790697674,0.05121813175300674,53
63.785714285714285,0.6711111111111111,0.0504146665991681,53
63.85714285714285,0.6526315789473685,0.05449063788788919,53
63.92857142857142,0.6818181818181818,0.04997596962421877,53
64.0,0.6681818181818181,0.05260374098151971,53
64.07142857142857,0.6666666666666666,0.05830221502822219,53
64.14285714285714,0.6847826086956522,0.05228751722014383,53
64.21428571428571,0.7113636363636364,0.0517368431754815,53
64.28571428571428,0.7204545454545455,0.05053409723803594,53
64.35714285714285,0.6511111111111111,0.05266841406980571,53
64.42857142857143,0.6955555555555556,0.05024742372968249,53
64.5,0.7390243902439024,0.05294705694168881,53
64.57142857142857,0.7380952380952381,0.052349267156328524,53
64.64285714285714,0.7318181818181819,0.05379594277956815,53
64.71428571428571,0.751063829787234,0.04690931874638624,53
64.78571428571428,0.7297872340425531,0.05097703076172976,53
64.85714285714285,0.7468085106382979,0.050147890795594535,53
64.92857142857143,0.7224489795918367,0.049165251863863675,53
65.0,0.7170212765957448,0.05128498209869765,53
65.07142857142857,0.7354166666666666,0.04787039085208068,53
65.14285714285714,0.7454545454545454,0.05135114630455911,53
65.21428571428571,0.7046511627906977,0.055679979479725056,53
65.28571428571428,0.7045454545454546,0.05469061023938859,53
65.35714285714285,0.7068181818181819,0.05346332319238129,53
65.42857142857143,0.7295454545454546,0.0537769594570136,53
65.5,0.7222222222222222,0.05259804590686903,53
65.57142857142857,0.7181818181818183,0.05491418707012031,53
65.64285714285714,0.7522727272727273,0.054159797659249706,53
65.71428571428571,0.740909090909091,0.05019182882654602,53
65.78571428571428,0.725,0.05613757263465158,53
65.85714285714285,0.7214285714285714,0.058686326781061976,53
65.92857142857143,0.7022727272727273,0.05728979744939928,53
66.0,0.7275,0.0548877058767285,53
66.07142857142857,0.6825,0.05405214718570036,53
66.14285714285714,0.6973684210526315,0.05536467002638366,53
66.21428571428571,0.7073170731707317,0.053918439298362555,53
66.28571428571428,0.7302325581395348,0.050963570655990026,53
66.35714285714285,0.7239130434782608,0.04495674599781478,53
66.42857142857143,0.7232558139534884,0.0515364388825483,53
66.5,0.7000000000000001,0.052198062044097195,53
66.57142857142857,0.7391304347826086,0.05324977701702561,53
66.64285714285714,0.7204545454545455,0.04937019256490529,53
66.71428571428571,0.7023809523809523,0.05140173300653819,53
66.78571428571428,0.6976190476190476,0.05207518187414485,53
66.85714285714285,0.7369565217391304,0.05157974883026269,53
66.92857142857143,0.7454545454545454,0.05226928015107011,53
67.0,0.7312500000000001,0.05115303922530719,53
67.07142857142857,0.751063829787234,0.05070021634403023,53
67.14285714285714,0.7533333333333333,0.05130617148378187,53
67.21428571428571,0.7428571428571429,0.05570192542841513,53
67.28571428571428,0.7318181818181819,0.05138388532369913,53
67.35714285714285,0.7309523809523809,0.061954996146241344,53
67.42857142857143,0.7325581395348837,0.06005911910556107,53
67.5,0.6833333333333333,0.059704719274759975,53
67.57142857142857,0.7111111111111111,0.053107687645887525,53
67.64285714285714,0.7304347826086957,0.05418429503266935,53
67.71428571428571,0.7369565217391304,0.053690713457870964,53
67.78571428571428,0.6953488372093023,0.05416776862721937,53
67.85714285714285,0.6911111111111111,0.051720130912813904,53
67.92857142857143,0.7066666666666667,0.052165238628919565,53
68.0,0.6931818181818182,0.0548299048887867,53
68.07142857142857,0.74,0.05321957564959752,53
68.14285714285714,0.7177777777777777,0.05405654436584581,53
68.21428571428571,0.7340425531914894,0.05009487721207145,53
68.28571428571428,0.7108695652173914,0.052862803089039664,53
68.35714285714285,0.7093023255813954,0.05665206835819985,53
68.42857142857143,0.6904761904761905,0.05700719475035211,53
68.5,0.6952380952380952,0.05661291236225909,53
68.57142857142857,0.6799999999999999,0.05939869635105748,53
68.64285714285714,0.7275,0.058615161686096026,53
68.71428571428571,0.6849999999999999,0.05911201882215468,53
68.78571428571428,0.724390243902439,0.057676609771151036,53
68.85714285714285,0.6756097560975609,0.05934402468583631,53
68.92857142857143,0.727906976744186,0.05420579110702791,53
69.0,0.7302325581395348,0.057208492012736374,53
69.07142857142857,0.7088888888888889,0.05181768956388944,53
69.14285714285714,0.7348837209302326,0.05820151734789446,53
69.21428571428571,0.7227272727272728,0.05976200476177369,53
69.28571428571428,0.7071428571428571,0.0574721926542608,53
69.35714285714285,0.7377777777777779,0.05489097448293068,53
69.42857142857143,0.7022727272727273,0.05445177826355911,53
69.5,0.702439024390244,0.06280902188555484,53
69.57142857142857,0.6902439024390244,0.06370711164199501,53
69.64285714285714,0.6658536585365854,0.05849846319615344,53
69.71428571428571,0.6849999999999999,0.06050535047330472,53
69.78571428571428,0.6743589743589744,0.061109616860579405,53
69.85714285714285,0.6780487804878049,0.059828229237395385,53
69.92857142857143,0.6578947368421053,0.06647297860056253,53
70.0,0.6804878048780487,0.062197513105636926,53
70.07142857142857,0.7047619047619048,0.06283584617929723,53
70.14285714285714,0.6951219512195121,0.06226920504141822,53
70.21428571428571,0.6950000000000001,0.05990911920653286,53
70.28571428571428,0.6761904761904761,0.057816394458414716,53
70.35714285714285,0.7232558139534884,0.0523889120870085,53
70.42857142857143,0.7255813953488371,0.05366862593038849,53
70.5,0.7116279069767443,0.05813732000210777,53
70.57142857142857,0.7295454545454546,0.05748237577631501,53
70.64285714285714,0.6720930232558139,0.06148094640384623,53
70.71428571428571,0.7232558139534884,0.06006983839728211,53
70.78571428571428,0.7047619047619048,0.05882634347823705,53
70.85714285714285,0.7136363636363636,0.06061619013305271,53
70.92857142857143,0.694871794871795,0.06622139266741006,53
71.0,0.6775,0.06597275078510709,53
71.07142857142857,0.6447368421052632,0.06594292204310134,53
71.14285714285714,0.6853658536585366,0.06584914166984686,53
71.21428571428571,0.7146341463414634,0.06358794328979585,53
71.28571428571428,0.7142857142857143,0.06224333393928397,53
71.35714285714285,0.7128205128205128,0.06385918711039655,53
71.42857142857143,0.717948717948718,0.06528994760856129,53
71.5,0.6945945945945946,0.06101567094845783,53
71.57142857142857,0.694871794871795,0.07141794248947103,53
71.64285714285714,0.717948717948718,0.072069073449001,53
71.71428571428571,0.7186046511627907,0.06254617908199786,53
71.78571428571428,0.725,0.06178436446470654,53
71.85714285714285,0.74,0.06116392434291346,53
71.92857142857143,0.7428571428571429,0.05784986547484021,53
72.0,0.7384615384615385,0.06401073044063513,53
72.07142857142857,0.717948717948718,0.06631538302128995,53
72.14285714285714,0.7333333333333334,0.060357689785324346,53
72.21428571428571,0.7333333333333334,0.065440821545931,53
72.28571428571428,0.7150000000000001,0.06207419051590708,53
72.35714285714285,0.7175,0.062109033572275554,53
72.42857142857143,0.68,0.06543968934199236,53
72.5,0.6599999999999999,0.05837544267662822,53
72.57142857142857,0.7097560975609757,0.0594491869571248,53
72.64285714285714,0.7000000000000001,0.06651238667941724,53
72.71428571428571,0.7000000000000001,0.05640760748177663,53
72.78571428571428,0.6866666666666666,0.05925462944877059,53
72.85714285714285,0.6888888888888889,0.05922242120989179,53
72.92857142857143,0.6749999999999999,0.059073627331397184,53
73.0,0.6418604651162791,0.06272093249092237,53
73.07142857142857,0.6936170212765957,0.05758027460253967,53
73.14285714285714,0.6829787234042554,0.055778001636573246,53
73.21428571428571,0.6644444444444444,0.05441660801477702,53
73.28571428571428,0.676595744680851,0.05348301242032558,53
73.35714285714285,0.68,0.05399214308722627,53
73.42857142857143,0.6863636363636364,0.053876268578768115,53
73.5,0.6739130434782609,0.05581497925523901,53
73.57142857142857,0.6372093023255814,0.05915829468140447,53
73.64285714285714,0.6869565217391304,0.05574343362921438,53
73.71428571428571,0.6704545454545454,0.05720586553244823,53
73.78571428571428,0.6534883720930232,0.06395499847205362,53
73.85714285714285,0.6555555555555556,0.060931784639456005,53
73.92857142857143,0.6282608695652173,0.062373585660885,53
74.0,0.6166666666666667,0.06001871260602113,53
74.07142857142857,0.6488888888888888,0.06257296526490212,53
74.14285714285714,0.6521739130434783,0.058296189452518174,53
74.21428571428571,0.6365853658536585,0.0564990931894611,53
74.28571428571428,0.6244444444444445,0.06164049858832854,53
74.35714285714285,0.6953488372093023,0.06117649506030654,53
74.42857142857143,0.6659090909090909,0.06329093046941874,53
74.5,0.6651162790697674,0.06107959341989132,53
74.57142857142857,0.6644444444444444,0.06081563092830357,53
74.64285714285714,0.6977272727272728,0.058747375125891385,53
74.71428571428571,0.6195652173913043,0.060482725223071576,53
74.78571428571428,0.6957446808510639,0.054743320554334514,53
74.85714285714285,0.6688888888888889,0.0590173936201813,53
74.92857142857143,0.6688888888888889,0.05710368225865294,53
75.0,0.6674418604651162,0.059036273759513105,53
75.07142857142857,0.6826086956521739,0.05614890037046527,53
75.14285714285714,0.6933333333333334,0.05471690226922019,53
75.21428571428571,0.6840909090909091,0.052116228640593565,53
75.28571428571428,0.6444444444444445,0.04908820710026741,53
75.35714285714285,0.6333333333333334,0.054064385698966204,53
75.42857142857143,0.5878048780487806,0.05468257870692697,53
75.5,0.6047619047619047,0.05620110531567518,53
75.57142857142857,0.6625,0.058032649961366235,53
75.64285714285714,0.6674418604651162,0.05515717301113087,53
75.71428571428571,0.6760869565217391,0.05249198536557984,53
75.78571428571428,0.672093023255814,0.05776624348081031,53
75.85714285714285,0.6386363636363637,0.05652142375644564,53
75.92857142857143,0.6348837209302326,0.05858082800780552,53
76.0,0.6302325581395349,0.05873668966074494,53
76.07142857142857,0.613953488372093,0.06440642987965688,53
76.14285714285714,0.6341463414634146,0.0633043130439803,53
76.21428571428571,0.65,0.05875696513930031,53
76.28571428571428,0.6711111111111111,0.05371287510215423,53
76.35714285714285,0.6777777777777778,0.05240565249111092,53
76.42857142857143,0.6652173913043479,0.05156651268016578,53
76.5,0.6,0.056617796785922235,53
76.57142857142857,0.5837209302325582,0.05089783401916114,53
76.64285714285714,0.6119047619047618,0.05114284849153286,53
76.71428571428571,0.5658536585365853,0.05461726655617084,53
76.78571428571428,0.575609756097561,0.054747812942716786,53
76.85714285714285,0.572093023255814,0.05689702199410689,53
76.92857142857143,0.5883720930232559,0.053680621332056,53
77.0,0.6095238095238096,0.055458130381667296,53
77.07142857142857,0.6209302325581395,0.05483874877258083,53
77.14285714285714,0.5902439024390244,0.056288117496738094,53
77.21428571428571,0.6369565217391304,0.053510457296846406,53
77.28571428571428,0.623404255319149,0.05045700177659692,53
77.35714285714285,0.5956521739130435,0.05507627751859785,53
77.42857142857143,0.5891304347826087,0.05492447699025275,53
77.5,0.6208333333333333,0.05562016042643966,53
77.57142857142857,0.6208333333333333,0.05530046340633216,53
77.64285714285714,0.591304347826087,0.057971014492753624,53
77.71428571428571,0.6177777777777778,0.05714494144026224,53
77.78571428571428,0.615909090909091,0.058517916323529394,53
77.85714285714285,0.5891304347826087,0.05657095590388992,53
77.92857142857143,0.6212765957446809,0.05624185994860831,53
78.0,0.6,0.057225393016740775,53
78.07142857142857,0.6181818181818182,0.06032616835591857,53
78.14285714285714,0.6,0.05979763854666483,53
78.21428571428571,0.6022727272727273,0.05811418340226431,53
78.28571428571428,0.6045454545454546,0.05869930410918149,53
78.35714285714285,0.615909090909091,0.05779082915699588,53
78.42857142857143,0.6272727272727273,0.056065843611878254,53
78.5,0.5930232558139535,0.06139711061601899,53
78.57142857142857,0.6071428571428571,0.05965374899678278,53
78.64285714285714,0.5804878048780489,0.060103519660251736,53
78.71428571428571,0.6186046511627907,0.05775955563783789,53
78.78571428571428,0.6295454545454545,0.056835092620838544,53
78.85714285714285,0.6355555555555555,0.05615235008219235,53
78.92857142857143,0.6212765957446809,0.05582914419430675,53
79.0,0.6,0.05646597025732799,53
79.07142857142857,0.6065217391304347,0.057433193613349066,53
79.14285714285714,0.6113636363636363,0.06110469208003307,53
79.21428571428571,0.6204545454545455,0.06087622571097339,53
79.28571428571428,0.5976744186046511,0.06584390179070126,53
79.35714285714285,0.6181818181818182,0.06154054055536896,53
79.42857142857143,0.6244444444444445,0.05938706756096364,53
79.5,0.6116279069767442,0.059455754445784326,53
79.57142857142857,0.6209302325581395,0.05985939038462628,53
79.64285714285714,0.6272727272727273,0.060770566026456106,53
79.71428571428571,0.6333333333333334,0.05517005731904118,53
79.78571428571428,0.591304347826087,0.060018200698112055,53
79.85714285714285,0.6108695652173913,0.05924062622762533,53
79.92857142857143,0.591304347826087,0.06033930524984545,53
80.0,0.6021739130434782,0.05950594745047402,53
80.07142857142857,0.5872340425531916,0.0563799241662951,53
80.14285714285714,0.6022222222222222,0.056451363609952954,53
80.21428571428571,0.5555555555555556,0.05916554036960901,53
80.28571428571428,0.5711111111111111,0.056194307758587886,53
80.35714285714285,0.6,0.0563180004236405,53
80.42857142857143,0.5652173913043478,0.05421529734962886,53
80.5,0.5739130434782609,0.056673894049647615,53
80.57142857142857,0.6065217391304347,0.05624327540377914,53
80.64285714285714,0.5812499999999999,0.057785388745618636,53
80.71428571428571,0.6086956521739131,0.05797101449275363,53
80.78571428571428,0.5909090909090909,0.06167312916219926,53
80.85714285714285,0.5723404255319149,0.06011876371635043,53
80.92857142857143,0.5911111111111111,0.05876010312632532,53
81.0,0.586046511627907,0.05976897154516133,53
81.07142857142857,0.5822222222222222,0.056074345390729946,53
81.14285714285714,0.5800000000000001,0.05743683399169822,53
81.21428571428571,0.5767441860465117,0.06152700739518319,53
81.28571428571428,0.5906976744186047,0.06364821938150363,53
81.35714285714285,0.5666666666666667,0.062252218863166106,53
81.42857142857143,0.6275000000000001,0.061809000672252944,53
81.5,0.6136363636363636,0.05821434740757598,53
81.57142857142857,0.5826086956521739,0.05683303351751314,53
81.64285714285714,0.597872340425532,0.05846394571200099,53
81.71428571428571,0.5787234042553191,0.060059804470016034,53
81.78571428571428,0.5333333333333333,0.05894698868260765,53
81.85714285714285,0.5372093023255814,0.06027100625558191,53
81.92857142857143,0.5568181818181818,0.05837816203031134,53
82.0,0.572093023255814,0.06325654680052324,53
82.07142857142857,0.5488372093023256,0.06574996204229465,53
82.14285714285714,0.5347826086956522,0.05940261313599767,53
82.21428571428571,0.5071428571428571,0.06119150430496076,53
82.28571428571428,0.5533333333333333,0.06043612539305653,53
82.35714285714285,0.54,0.06108447537069571,53
82.42857142857143,0.5369565217391304,0.06014143520505159,53
82.5,0.5260869565217391,0.056929041569282184,53
82.57142857142857,0.4782608695652174,0.0524669708366651,53
82.64285714285714,0.5113636363636364,0.054619180266362845,53
82.71428571428571,0.48372093023255813,0.04717140026391721,53
82.78571428571428,0.4977272727272728,0.049253264920448174,53
82.85714285714285,0.573469387755102,0.05461487847386443,53
82.92857142857143,0.5448979591836735,0.05624754147989294,53
83.0,0.5083333333333333,0.058181159161053826,53
83.07142857142857,0.5041666666666667,0.05788518328937419,53
83.14285714285714,0.49361702127659574,0.05749988982164957,53
83.21428571428571,0.5361702127659574,0.057259777081020126,53
83.28571428571428,0.5173913043478261,0.05259491974383784,53
83.35714285714285,0.5212765957446809,0.051430613038976135,53
83.42857142857143,0.5022222222222222,0.05407522714512494,53
83.5,0.4636363636363636,0.056789633419868965,53
83.57142857142857,0.5181818181818182,0.05708499720269212,53
83.64285714285714,0.5478260869565217,0.06276550411345595,53
83.71428571428571,0.5511111111111111,0.06216808611769867,53
83.78571428571428,0.5355555555555556,0.06341745255400878,53
83.85714285714285,0.5355555555555556,0.06221139877003895,53
83.92857142857143,0.5139534883720931,0.06239776980042521,53
84.0,0.5209302325581395,0.06525850627759053,53
84.07142857142857,0.5069767441860465,0.06749720873907301,53
84.14285714285714,0.5,0.056740745457933055,53
84.21428571428571,0.4897435897435898,0.07111933972599646,53
84.28571428571428,0.5166666666666666,0.06483398496070275,53
84.35714285714285,0.5119047619047619,0.06618897215012588,53
84.42857142857143,0.5121951219512195,0.06450516352476238,53
84.5,0.5068181818181818,0.06163708550407671,53
84.57142857142857,0.54,0.059915765787470245,53
84.64285714285714,0.4609756097560975,0.054086431369601666,53
84.71428571428571,0.4714285714285714,0.0544517297649812,53
84.78571428571428,0.4829268292682927,0.058424689801026955,53
84.85714285714285,0.47560975609756095,0.05660954067276504,53
84.92857142857143,0.4923076923076923,0.061841359815805755,53
85.0,0.5102564102564102,0.06000392157617024,53
85.07142857142857,0.5073170731707317,0.06702659136514212,53
85.14285714285714,0.5581395348837209,0.06748385296713971,53
85.21428571428571,0.5175,0.06802031182310782,53
85.28571428571428,0.5487804878048781,0.06727464198267048,53
85.35714285714285,0.5717391304347826,0.06064572368866849,53
85.42857142857143,0.5644444444444444,0.06147641048415003,53
85.5,0.5212765957446809,0.05681462546821123,53
85.57142857142857,0.5212765957446809,0.05582914419430676,53
85.64285714285714,0.5272727272727272,0.06464765752364314,53
85.71428571428571,0.508695652173913,0.06223114827805317,53
85.78571428571428,0.5066666666666667,0.06383374871294553,53
85.85714285714285,0.5173913043478261,0.06125139042697362,53
85.92857142857143,0.523913043478261,0.059481234211072175,53
86.0,0.5416666666666666,0.05856085315685408,53
86.07142857142857,0.523913043478261,0.061635110030645784,53
86.14285714285714,0.5458333333333333,0.05962042564142178,53
86.21428571428571,0.5333333333333333,0.05937383704336891,53
86.28571428571428,0.5145833333333333,0.05910004615127422,53
86.35714285714285,0.4782608695652174,0.05872337867228444,53
86.42857142857143,0.45348837209302323,0.05431021567005032,53
86.5,0.4840909090909091,0.05677588277504493,53
86.57142857142857,0.5046511627906977,0.06400732657849717,53
86.64285714285714,0.4707317073170732,0.061509854697163385,53
86.71428571428571,0.4878048780487805,0.06664385887862725,53
86.78571428571428,0.4659090909090909,0.06245024927445581,53
86.85714285714285,0.5222222222222223,0.06128991289861726,53
86.92857142857143,0.5111111111111111,0.06294315394470867,53
87.0,0.4904761904761905,0.06509258338136872,53
87.07142857142857,0.4977272727272727,0.05531847410027347,53
87.14285714285714,0.48863636363636365,0.05519673722345658,53
87.21428571428571,0.5217391304347826,0.05880558679613106,53
87.28571428571428,0.5191489361702127,0.05743824241475383,53
87.35714285714285,0.48863636363636365,0.061707205137373114,53
87.42857142857143,0.47234042553191485,0.05840163086025594,53
87.5,0.46222222222222226,0.061075287939210444,53
87.57142857142857,0.4888888888888889,0.05973191135873605,53
87.64285714285714,0.5043478260869565,0.0567183499806955,53
87.71428571428571,0.5191489361702127,0.05775945348515831,53
87.78571428571428,0.5,0.05913342757839501,53
87.85714285714285,0.4791666666666667,0.05473650075924136,53
87.92857142857143,0.4659574468085106,0.05443143135351337,53
88.0,0.5,0.05457768229098153,53
88.07142857142857,0.5085106382978724,0.05353634739550157,53
88.14285714285714,0.5166666666666667,0.05329009772337099,53
88.21428571428571,0.4847826086956522,0.05265578600725668,53
88.28571428571428,0.4978260869565217,0.05769226460718235,53
88.35714285714285,0.48863636363636365,0.059349531621651394,53
88.42857142857143,0.5023809523809524,0.05768351467893919,53
88.5,0.5071428571428571,0.05867218890401243,53
88.57142857142857,0.4904761904761905,0.053213736820539294,53
88.64285714285714,0.509090909090909,0.05448375650812446,53
88.71428571428571,0.5166666666666666,0.05525956769567153,53
88.78571428571428,0.47317073170731705,0.05488617825964957,53
88.85714285714285,0.45999999999999996,0.05848515042737619,53
88.92857142857143,0.44749999999999995,0.059267699941960426,53
89.0,0.4488372093023256,0.05492087261068924,53
89.07142857142857,0.4418604651162791,0.05842455055759976,53
89.14285714285714,0.4279069767441861,0.05833852988041878,53
89.21428571428571,0.4295454545454546,0.05729818387907998,53
89.28571428571428,0.45217391304347826,0.057713194803635195,53
89.35714285714285,0.4522727272727272,0.06052000144306393,53
89.42857142857143,0.41190476190476194,0.05653592702647672,53
89.5,0.4195121951219512,0.05697876285962764,53
89.57142857142857,0.4093023255813954,0.05405115839761181,53
89.64285714285714,0.42826086956521736,0.055574560916358116,53
89.71428571428571,0.43043478260869567,0.054892918615953495,53
89.78571428571428,0.44468085106382976,0.05336143065525299,53
89.85714285714285,0.44,0.05177652055524859,53
89.92857142857143,0.4466666666666667,0.05061241114209203,53
90.0,0.40888888888888886,0.05083367831201592,53
90.07142857142857,0.42826086956521736,0.0536280843828359,53
90.14285714285714,0.43695652173913047,0.05213867570130391,53
90.21428571428572,0.42765957446808506,0.051229303274245415,53
90.28571428571428,0.4177777777777778,0.047491507894675114,53
90.35714285714285,0.4422222222222222,0.04979644310944722,53
90.42857142857144,0.4340425531914893,0.05046285265520228,53
90.5,0.4043478260869566,0.05200859476900593,53
90.57142857142856,0.45869565217391306,0.05261987344820893,53
90.64285714285714,0.4444444444444444,0.052662020849518355,53
90.71428571428572,0.44565217391304346,0.05114217387998228,53
90.78571428571428,0.4688888888888889,0.054478447431694506,53
90.85714285714285,0.4340425531914893,0.051819493485860915,53
90.92857142857144,0.4553191489361702,0.05283879369140785,53
91.0,0.4543478260869565,0.05363200084266606,53
91.07142857142856,0.43695652173913047,0.0534201011265313,53
91.14285714285714,0.4533333333333333,0.05371078555419279,53
91.21428571428572,0.4357142857142857,0.05332405137414742,53
91.28571428571428,0.4488372093023256,0.052761198894497,53
91.35714285714285,0.4318181818181818,0.05379594277956817,53
91.42857142857142,0.44,0.05049252369900865,53
91.5,0.45111111111111113,0.050012344155230676,53
91.57142857142856,0.4452380952380952,0.05022624549935474,53
91.64285714285714,0.42857142857142855,0.05370000057160531,53
91.71428571428572,0.4428571428571429,0.05390046071084686,53
91.78571428571428,0.4333333333333333,0.05449234265876076,53
91.85714285714285,0.45,0.053001686236961866,53
91.92857142857142,0.4574468085106383,0.05378759411582189,53
92.0,0.49361702127659574,0.05297829616165419,53
92.07142857142856,0.474468085106383,0.053418571705159526,53
92.14285714285714,0.46136363636363636,0.05717225826505271,53
92.21428571428572,0.42444444444444446,0.05757345379052092,53
92.28571428571428,0.42,0.05925462944877059,53
92.35714285714285,0.4488888888888889,0.05752664926781363,53
92.42857142857142,0.4113636363636364,0.05661485819093793,53
92.5,0.4522727272727272,0.05550923550033139,53
92.57142857142856,0.4523809523809524,0.05694895479499765,53
92.64285714285714,0.4955555555555556,0.05799299466189082,53
92.71428571428572,0.46444444444444444,0.059979420338959026,53
92.78571428571428,0.47674418604651164,0.05838706994620325,53
92.85714285714285,0.509090909090909,0.05850662507598647,53
92.92857142857142,0.4977272727272727,0.05946276717725728,53
93.0,0.48000000000000004,0.0579620217003855,53
93.07142857142856,0.46511627906976744,0.05685400480095784,53
93.14285714285714,0.475,0.05461038242790262,53
93.21428571428572,0.4847826086956522,0.05568782825268862,53
93.28571428571428,0.4688888888888889,0.056570526485893106,53
93.35714285714285,0.4934782608695652,0.054053308265318414,53
93.42857142857142,0.4755555555555555,0.05551918001056946,53
93.5,0.47674418604651164,0.056849474781843774,53
93.57142857142856,0.48604651162790696,0.057694866521300764,53
93.64285714285714,0.44390243902439025,0.05937158518938214,53
93.71428571428572,0.46829268292682924,0.05848066434574806,53
93.78571428571428,0.42051282051282046,0.059369094953692955,53
93.85714285714285,0.43809523809523804,0.05494716932112117,53
93.92857142857142,0.45348837209302323,0.05461521873516122,53
94.0,0.47333333333333333,0.05545040554177648,53
94.07142857142856,0.44090909090909086,0.05255805023982999,53
94.14285714285714,0.4714285714285714,0.059545872798320416,53
94.21428571428572,0.5066666666666667,0.0570663268185859,53
94.28571428571428,0.49090909090909096,0.05629676180028954,53
94.35714285714285,0.4714285714285714,0.05487666609618116,53
94.42857142857142,0.47954545454545455,0.05561301137686423,53
94.5,0.43478260869565216,0.05349769883572879,53
94.57142857142856,0.45555555555555555,0.05323433572950045,53
94.64285714285714,0.43863636363636366,0.05605191540736261,53
94.71428571428572,0.4717391304347826,0.056093696932353755,53
94.78571428571428,0.4711111111111111,0.057789431614137486,53
94.85714285714285,0.44255319148936173,0.057927885952019316,53
94.92857142857142,0.46170212765957447,0.05791259415203832,53
95.0,0.4688888888888889,0.05639168774464118,53
95.07142857142856,0.45111111111111113,0.05664190387841797,53
95.14285714285714,0.46304347826086956,0.053600661151392656,53
95.21428571428572,0.45,0.052727537745612355,53
95.28571428571428,0.46222222222222226,0.05244418763847414,53
95.35714285714285,0.45217391304347826,0.05281808452140211,53
95.42857142857142,0.43913043478260866,0.05361143623666612,53
95.5,0.4177777777777778,0.05489097448293068,53
95.57142857142856,0.41590909090909095,0.0540087673779042,53
95.64285714285714,0.44418604651162796,0.05358698598863879,53
95.71428571428572,0.4395348837209302,0.055299400015941906,53
95.78571428571428,0.45652173913043476,0.05262685836511678,53
95.85714285714285,0.4261904761904762,0.05495849176062844,53
95.92857142857142,0.4444444444444444,0.05454638981614924,53
96.0,0.3975609756097561,0.05785682547988916,53
96.07142857142856,0.4272727272727273,0.05616003600814286,53
96.14285714285714,0.4466666666666667,0.05510320894796996,53
96.21428571428572,0.46222222222222226,0.05349302691165078,53
96.28571428571428,0.4477272727272727,0.055127052594293485,53
96.35714285714285,0.45999999999999996,0.053503516357584026,53
96.42857142857142,0.42888888888888893,0.05160281706958833,53
96.5,0.42444444444444446,0.05262364521690513,53
96.57142857142856,0.46875,0.05123962012166725,53
96.64285714285714,0.43829787234042555,0.05219982167479418,53
96.71428571428572,0.4466666666666667,0.052666283082607734,53
96.78571428571428,0.44680851063829785,0.052048780207509325,53
96.85714285714285,0.47234042553191485,0.0492029089619693,53
96.92857142857142,0.44468085106382976,0.05301357850935205,53
97.0,0.46956521739130436,0.051157572738326926,53
97.07142857142856,0.45,0.049806388430626194,53
97.14285714285714,0.44782608695652176,0.05057534967292823,53
97.21428571428572,0.4375,0.051366521232667675,53
97.28571428571428,0.4717391304347826,0.051981327331016736,53
97.35714285714285,0.44255319148936173,0.05248185280397282,53
97.42857142857142,0.44255319148936173,0.05344251589848907,53
97.5,0.425,0.051931508805014785,53
97.57142857142856,0.3976190476190476,0.05317864783734453,53
97.64285714285714,0.4166666666666667,0.04996127032726348,53
97.71428571428572,0.42790697674418604,0.05061368478420286,53
97.78571428571428,0.41739130434782606,0.05034224393975432,53
97.85714285714285,0.43333333333333335,0.05015128627614167,53
97.92857142857142,0.4071428571428572,0.050936965115050845,53
98.0,0.4522727272727272,0.054838667508985486,53
98.07142857142856,0.4533333333333333,0.05510320894796996,53
98.14285714285714,0.45681818181818185,0.05444295337338107,53
98.21428571428572,0.4577777777777778,0.05564033934578427,53
98.28571428571428,0.4608695652173913,0.056506872812678834,53
98.35714285714285,0.4826086956521739,0.05606279672887932,53
98.42857142857142,0.49111111111111116,0.05674880163574517,53
98.5,0.4772727272727273,0.056861505681508724,53
98.57142857142856,0.4739130434782609,0.058436536665645404,53
98.64285714285714,0.4428571428571429,0.05663244752928711,53
98.71428571428572,0.4268292682926829,0.0615871769837527,53
98.78571428571428,0.48333333333333334,0.06028548676777621,53
98.85714285714285,0.4292682926829269,0.059596601478548936,53
98.92857142857142,0.4365853658536585,0.0630288452703162,53
99.0,0.4318181818181818,0.05957679565107518,53
99.07142857142856,0.4113636363636364,0.054908718128748736,53
99.14285714285714,0.40444444444444444,0.06004674572596203,53
99.21428571428572,0.46521739130434786,0.055361560052467576,53
99.28571428571428,0.44565217391304346,0.05771046520849551,53
99.35714285714285,0.39565217391304347,0.05680345993230917,53
99.42857142857142,0.41086956521739126,0.05166112741410395,53
99.5,0.4133333333333334,0.05619231048440488,53
99.57142857142856,0.40222222222222226,0.05958517279541516,53
99.64285714285714,0.3651162790697674,0.05646309479141664,53
99.71428571428572,0.39999999999999997,0.05324466605117774,53
99.78571428571428,0.43333333333333335,0.05738405085848587,53
99.85714285714285,0.4276595744680851,0.05597525947306136,53
99.92857142857142,0.41086956521739126,0.05940349709687801,53
100.0,0.42291666666666666,0.055642570006486175,53
100.07142857142856,0.38085106382978723,0.05282389168344275,53
100.14285714285714,0.42888888888888893,0.055652440771819085,53
100.21428571428572,0.3954545454545455,0.05036385006938273,53
100.28571428571428,0.430952380952381,0.05768351467893919,53
100.35714285714285,0.4488372093023256,0.056706593941906906,53
100.42857142857142,0.4454545454545455,0.059370779739148775,53
100.5,0.43636363636363634,0.05706816045340902,53
100.57142857142856,0.42666666666666664,0.05733121912944714,53
100.64285714285714,0.4093023255813954,0.0544593840637824,53
100.71428571428572,0.41818181818181815,0.055297841184529274,53
100.78571428571428,0.40454545454545454,0.053121837844409256,53
100.85714285714285,0.42,0.05228129047119374,53
100.92857142857142,0.43255813953488376,0.057612226676266746,53
101.0,0.40454545454545454,0.05621562096735857,53
101.07142857142856,0.43023255813953487,0.056917387211722875,53
101.14285714285714,0.4222222222222222,0.053265950699562005,53
101.21428571428572,0.4068181818181818,0.058105914745956354,53
101.28571428571428,0.391304347826087,0.05755283957004285,53
101.35714285714285,0.3888888888888889,0.05964729855129142,53
101.42857142857142,0.42444444444444446,0.0588745932714987,53
101.5,0.41521739130434787,0.05798278865938009,53
101.57142857142856,0.46382978723404256,0.05717894173177818,53
101.64285714285714,0.4177777777777778,0.056790318645055675,53
101.71428571428572,0.4279069767441861,0.061480946403846215,53
101.78571428571428,0.4357142857142857,0.059305056805759516,53
101.85714285714285,0.4046511627906976,0.05887026940524386,53
101.92857142857142,0.4255813953488372,0.059723710791777754,53
102.0,0.4395348837209302,0.058320868930984954,53
102.07142857142856,0.4095238095238095,0.06142042279997972,53
102.14285714285714,0.41904761904761906,0.06022008563234303,53
102.21428571428572,0.43255813953488376,0.059781896895078894,53
102.28571428571428,0.425,0.0592523003362521,53
102.35714285714285,0.3976744186046512,0.0614956059160984,53
102.42857142857142,0.3933333333333333,0.059746941090711665,53
102.5,0.36046511627906974,0.055797801280397234,53
102.57142857142856,0.3977272727272727,0.05972883017395907,53
102.64285714285714,0.39545454545454545,0.057608666089490536,53
102.71428571428572,0.3931818181818182,0.057923705677517916,53
102.78571428571428,0.4093023255813954,0.058668688316656885,53
102.85714285714285,0.44418604651162796,0.05747572317991494,53
102.92857142857142,0.4372093023255814,0.05686759269315765,53
103.0,0.44418604651162796,0.05785979211453362,53
103.07142857142856,0.4186046511627907,0.0589926336931121,53
103.14285714285714,0.41904761904761906,0.05924790878152312,53
103.21428571428572,0.40232558139534885,0.05797318394224301,53
103.28571428571428,0.4232558139534884,0.05626204404611725,53
103.35714285714285,0.41395348837209306,0.053924745083530796,53
103.42857142857142,0.43333333333333335,0.0546799688176483,53
103.5,0.3711111111111111,0.05501351736758667,53
103.57142857142856,0.40232558139534885,0.05758987122679046,53
103.64285714285714,0.40232558139534885,0.05739725493154609,53
103.71428571428572,0.4333333333333333,0.05699264034100459,53
103.78571428571428,0.3931818181818182,0.05463677169329069,53
103.85714285714285,0.37857142857142856,0.05490311541521422,53
103.92857142857142,0.375,0.055569794980410946,53
104.0,0.40444444444444444,0.05365015326171597,53
104.07142857142856,0.3727272727272727,0.05365732202415405,53
104.14285714285714,0.36888888888888893,0.05259164413238761,53
104.21428571428572,0.39111111111111113,0.05122955095580633,53
104.28571428571428,0.33809523809523806,0.05344707466632482,53
104.35714285714285,0.37,0.05595327721205641,53
104.42857142857142,0.37441860465116283,0.052204239766191846,53
104.5,0.35365853658536583,0.055005272582705024,53
104.57142857142856,0.35853658536585364,0.0546580957960481,53
104.64285714285714,0.34500000000000003,0.057171581608258346,53
104.71428571428572,0.33902439024390246,0.05283176806463339,53
104.78571428571428,0.34285714285714286,0.05379261346117367,53
104.85714285714285,0.34186046511627904,0.05440023920819164,53
104.92857142857142,0.3404761904761905,0.0545341930275845,53
105.0,0.3697674418604651,0.0523569488852941,53
105.07142857142856,0.41428571428571426,0.05728785320732223,53
105.14285714285714,0.34651162790697676,0.05431021567005032,53
105.21428571428572,0.34750000000000003,0.05806577834994219,53
105.28571428571428,0.3439024390243902,0.056097560975609764,53
105.35714285714285,0.3375,0.055664689815965854,53
105.42857142857142,0.3568181818181818,0.05266650102843849,53
105.5,0.3904761904761904,0.055771385414071645,53
105.57142857142856,0.3487804878048781,0.05274443112663269,53
105.64285714285714,0.35714285714285715,0.05292192407799256,53
105.71428571428572,0.3625,0.0542651963827787,53
105.78571428571428,0.32439024390243903,0.052240121928302186,53
105.85714285714285,0.35853658536585364,0.05341686151943557,53
105.92857142857142,0.34285714285714286,0.05124952702457109,53
106.0,0.3073170731707317,0.04881401286996151,53
106.07142857142856,0.305,0.049993589332623184,53
106.14285714285714,0.2878048780487805,0.047266127967749295,53
106.21428571428572,0.2951219512195122,0.0482563302446975,53
106.28571428571428,0.30952380952380953,0.04805261390165915,53
106.35714285714285,0.315,0.05108439472691621,53
106.42857142857142,0.3170731707317073,0.052487215519404044,53
106.5,0.2951219512195122,0.050115868125311366,53
106.57142857142856,0.3025,0.050572048122278494,53
106.64285714285714,0.2523809523809524,0.04600637425387017,53
106.71428571428572,0.2780487804878049,0.047564102461316614,53
106.78571428571428,0.2523809523809524,0.04511414034401009,53
106.85714285714285,0.29534883720930233,0.05344743004305267,53
106.92857142857142,0.3119047619047619,0.05633011841836029,53
107.0,0.3121951219512195,0.05611346540185444,53
107.07142857142856,0.32765957446808514,0.05149945237932843,53
107.14285714285714,0.3333333333333333,0.05124707431905382,53
107.21428571428572,0.2822222222222222,0.05196044424900957,53
107.28571428571428,0.33409090909090905,0.05211622864059355,53
107.35714285714285,0.33555555555555555,0.05348043686081662,53
107.42857142857142,0.33999999999999997,0.05148305595538255,53
107.5,0.3181818181818182,0.04879875480084913,53
107.57142857142856,0.34651162790697676,0.053695012276776005,53
107.64285714285714,0.33636363636363636,0.053035839839818646,53
107.71428571428572,0.3511627906976744,0.05641289927959904,53
107.78571428571428,0.33409090909090905,0.053021115684578346,53
107.85714285714285,0.32558139534883723,0.05335821228165203,53
107.92857142857142,0.325,0.05172755511056657,53
108.0,0.29523809523809524,0.051227939185776485,53
108.07142857142856,0.2930232558139535,0.050402076461163806,53
108.14285714285714,0.32,0.05257029925382167,53
108.21428571428572,0.33636363636363636,0.05323478145501794,53
108.28571428571428,0.3568181818181818,0.058378162030311355,53
108.35714285714285,0.34,0.05517648452415616,53
108.42857142857142,0.33095238095238094,0.05976027363340785,53
108.5,0.29047619047619044,0.05721056770406305,53
108.57142857142856,0.32439024390243903,0.05893159405707832,53
108.64285714285714,0.28974358974358977,0.057594008323805596,53
108.71428571428572,0.2833333333333333,0.062169762466004044,53
108.78571428571428,0.3076923076923077,0.06184135981580575,53
108.85714285714285,0.3439024390243902,0.06561610269421758,53
108.92857142857142,0.34523809523809523,0.06468025357633476,53
109.0,0.32564102564102565,0.06700836339908929,53
109.07142857142856,0.3225,0.06469727335434762,53
109.14285714285714,0.32051282051282054,0.06644830844144885,53
109.21428571428572,0.2975609756097561,0.05493763702533468,53
109.28571428571428,0.3024390243902439,0.05570915378630301,53
109.35714285714285,0.34651162790697676,0.06157303392964524,53
109.42857142857142,0.32558139534883723,0.062443154503605706,53
109.5,0.3585365853658537,0.06324320167418147,53
109.57142857142856,0.3674418604651163,0.061875534180725625,53
109.64285714285714,0.3644444444444444,0.06172237905588818,53
109.71428571428572,0.34186046511627904,0.061562576375275485,53
109.78571428571428,0.35681818181818187,0.06248870741726054,53
109.85714285714285,0.3511627906976744,0.06103319477173806,53
109.92857142857142,0.3357142857142857,0.060276311941901396,53
110.0,0.36190476190476195,0.05999926257312814,53
110.07142857142856,0.3404761904761905,0.060587476599278364,53
110.14285714285714,0.36341463414634145,0.05440992753310961,53
110.21428571428572,0.3609756097560976,0.05475867775983958,53
110.28571428571428,0.3930232558139535,0.05307753045889307,53
110.35714285714285,0.35454545454545455,0.050833907032321164,53
110.42857142857142,0.32558139534883723,0.05003797265229548,53
110.5,0.35000000000000003,0.05237488867825112,53
110.57142857142856,0.36046511627906974,0.05210300885151628,53
110.64285714285714,0.3772727272727273,0.05429381701641358,53
110.71428571428572,0.36279069767441857,0.05448066049359045,53
110.78571428571428,0.33095238095238094,0.055424462332373574,53
110.85714285714285,0.3121951219512195,0.05545764390683938,53
110.92857142857142,0.3357142857142857,0.05524955826431728,53
111.0,0.3404761904761905,0.05854007073487113,53
111.07142857142856,0.26749999999999996,0.05411141165960163,53
111.14285714285714,0.2846153846153846,0.053556188605061936,53
111.21428571428572,0.25609756097560976,0.05132973042458955,53
111.28571428571428,0.29756097560975614,0.05900473367513632,53
111.35714285714285,0.32727272727272727,0.06357593022896468,53
111.42857142857142,0.38181818181818183,0.062478133787865764,53
111.5,0.38372093023255816,0.06409176634622558,53
111.57142857142856,0.3630434782608695,0.05726105113701362,53
111.64285714285714,0.3477272727272727,0.06283377146745936,53
111.71428571428572,0.3622222222222222,0.060410120973636385,53
111.78571428571428,0.3711111111111111,0.060270620531187216,53
111.85714285714285,0.3333333333333333,0.06055300708194983,53
111.92857142857142,0.3511627906976744,0.061033194771738075,53
112.0,0.3302325581395349,0.05994967285041573,53
112.07142857142856,0.3431818181818182,0.060161667966600996,53
112.14285714285714,0.37209302325581395,0.06148094640384623,53
112.21428571428572,0.3372093023255814,0.05859401545283985,53
112.28571428571428,0.3744186046511627,0.05953799825740275,53
112.35714285714285,0.34186046511627904,0.05813953488372092,53
112.42857142857142,0.35000000000000003,0.05811521690158242,53
112.5,0.3727272727272727,0.06050908379411245,53
112.57142857142856,0.35581395348837214,0.058050873703833814,53
112.64285714285714,0.3613636363636364,0.058722833140433625,53
112.71428571428572,0.35555555555555557,0.05564639038776397,53
112.78571428571428,0.3638297872340426,0.055370715309821586,53
112.85714285714285,0.3391304347826087,0.0543275324430298,53
112.92857142857142,0.3723404255319149,0.054890533370063804,53
113.0,0.32093023255813957,0.05214747589101323,53
113.07142857142856,0.38666666666666666,0.05417890304679058,53
113.14285714285714,0.33636363636363636,0.05131370470548366,53
113.21428571428572,0.3325581395348837,0.05216475839184219,53
113.28571428571428,0.3477272727272727,0.05357106248101669,53
113.35714285714285,0.34782608695652173,0.051895391847658824,53
113.42857142857142,0.35111111111111115,0.04878547372619347,53
113.5,0.35555555555555557,0.054174759820153025,53
113.57142857142856,0.33111111111111113,0.05621228003281038,53
113.64285714285714,0.33695652173913043,0.05537388907095347,53
113.71428571428572,0.3239130434782609,0.05500854414167341,53
113.78571428571428,0.3130434782608696,0.05486995567053708,53
113.85714285714285,0.28695652173913044,0.052161834350633575,53
113.92857142857142,0.32173913043478264,0.050877616110093046,53
114.0,0.25681818181818183,0.04486269012027682,53
114.07142857142856,0.2558139534883721,0.043427658509335866,53
114.14285714285714,0.25681818181818183,0.047495156899279536,53
114.21428571428572,0.3086956521739131,0.05218196395210476,53
114.28571428571428,0.3088888888888889,0.05210926963643464,53
114.35714285714285,0.2956521739130435,0.049143044852582175,53
114.42857142857142,0.3191489361702128,0.0496647686948491,53
114.5,0.30434782608695654,0.051165783567805746,53
114.57142857142856,0.2782608695652174,0.05068735690039888,53
114.64285714285714,0.31777777777777777,0.050780662119967596,53
114.71428571428572,0.28863636363636364,0.05194076039887164,53
114.78571428571428,0.31777777777777777,0.05507468656186585,53
114.85714285714285,0.2840909090909091,0.052217546018967005,53
114.92857142857142,0.2866666666666667,0.05208772708739855,53
115.0,0.27555555555555555,0.05194748276103118,53
115.07142857142856,0.2863636363636364,0.05387626857876811,53
115.14285714285714,0.29333333333333333,0.05490119683705824,53
115.21428571428572,0.25121951219512195,0.052628698377604595,53
115.28571428571428,0.29772727272727273,0.05376802380963633,53
115.35714285714285,0.2837209302325582,0.05567766675602237,53
115.42857142857142,0.2804878048780488,0.05803904406971118,53
115.5,0.28095238095238095,0.05529333614921257,53
115.57142857142856,0.2866666666666667,0.05199067515459194,53
115.64285714285714,0.25116279069767444,0.05072804316639076,53
115.71428571428572,0.3022222222222222,0.05454021673317689,53
115.78571428571428,0.29555555555555557,0.055135787893361723,53
115.85714285714285,0.30869565217391304,0.055762270325466955,53
115.92857142857142,0.28958333333333336,0.05150566168470409,53
116.0,0.2604166666666667,0.047241230877264985,53
116.07142857142856,0.3148936170212766,0.052678376183574245,53
116.14285714285714,0.3326530612244898,0.05170459616391116,53
116.21428571428572,0.3145833333333333,0.05301123788035481,53
116.28571428571428,0.28936170212765955,0.05322478144078168,53
116.35714285714285,0.32173913043478264,0.05409894705309641,53
116.42857142857142,0.29523809523809524,0.05246008171612928,53
116.5,0.26744186046511625,0.053526877180053056,53
116.57142857142856,0.27674418604651163,0.05636037435439857,53
116.64285714285714,0.2441860465116279,0.05275387654363326,53
116.71428571428572,0.28863636363636364,0.05586300718530563,53
116.78571428571428,0.2891304347826087,0.053408304269311285,53
116.85714285714285,0.3,0.05250434984843137,53
116.92857142857142,0.3,0.05247497678328022,53
117.0,0.31666666666666665,0.05082068788185447,53
117.07142857142856,0.3020833333333333,0.04896894218843586,53
117.14285714285714,0.33125,0.05123962012166724,53
117.21428571428572,0.28541666666666665,0.04650836721537523,53
117.28571428571428,0.2936170212765958,0.04764619212144768,53
117.35714285714285,0.26956521739130435,0.04535097325358364,53
117.42857142857142,0.2733333333333334,0.04642796092394706,53
117.5,0.28043478260869564,0.044571991944140375,53
117.57142857142856,0.28478260869565214,0.04953575698757274,53
117.64285714285714,0.29791666666666666,0.05022022276166921,53
117.71428571428572,0.23333333333333334,0.04714045207910317,53
117.78571428571428,0.2543478260869565,0.04617824338073861,53
117.85714285714285,0.29782608695652174,0.0531599655433292,53
117.92857142857142,0.26304347826086955,0.0495739038070268,53
118.0,0.2577777777777778,0.05099899869178349,53
118.07142857142856,0.24444444444444444,0.04825809771956062,53
118.14285714285714,0.21627906976744188,0.047405584028678574,53
118.21428571428572,0.24186046511627907,0.05200653316778738,53
118.28571428571428,0.25217391304347825,0.05443953614780565,53
118.35714285714285,0.2391304347826087,0.053701470474344655,53
118.42857142857142,0.25106382978723407,0.052581142125045256,53
118.5,0.2574468085106383,0.05186125738085825,53
118.57142857142856,0.24130434782608695,0.05160010550831082,53
118.64285714285714,0.2608695652173913,0.05214975286017606,53
118.71428571428572,0.23111111111111113,0.050133379898251895,53
118.78571428571428,0.25813953488372093,0.052536182557697444,53
118.85714285714285,0.22,0.04523786739518836,53
118.92857142857142,0.20909090909090908,0.04491219785368373,53
119.0,0.24545454545454548,0.04660283197105587,53
119.07142857142856,0.31086956521739134,0.05304526012687814,53
119.14285714285714,0.32173913043478264,0.054454966855640434,53
119.21428571428572,0.2911111111111111,0.05239922721134043,53
119.28571428571428,0.26666666666666666,0.05055250296034367,53
119.35714285714285,0.3022727272727273,0.05464556528312645,53
119.42857142857142,0.3,0.05232440684610806,53
119.5,0.29090909090909095,0.05270867937824815,53
119.57142857142856,0.2642857142857143,0.051439378139335426,53
119.64285714285714,0.2818181818181818,0.051537946289559614,53
119.71428571428572,0.24146341463414636,0.05191169915559211,53
119.78571428571428,0.3023255813953488,0.05214006735131857,53
119.85714285714285,0.2782608695652174,0.047944517398574686,53
119.92857142857142,0.24666666666666665,0.04857567250791243,53
120.0,0.2543478260869565,0.047620330345492366,53
120.07142857142856,0.21739130434782608,0.044537814126970464,53
120.14285714285714,0.23829787234042552,0.04496408182011103,53
120.21428571428572,0.2021739130434783,0.04256159281494009,53
120.28571428571428,0.2434782608695652,0.04575213349087235,53
120.35714285714285,0.2608695652173913,0.04562801293018524,53
120.42857142857142,0.2652173913043478,0.04644017410665577,53
120.5,0.25869565217391305,0.04510600364471798,53
120.57142857142856,0.2936170212765958,0.04803293035909889,53
120.64285714285714,0.2434782608695652,0.04200899074612085,53
120.71428571428572,0.23404255319148937,0.040381689064465535,53
120.78571428571428,0.23333333333333334,0.04311131937885755,53
120.85714285714285,0.23829787234042552,0.04296516579377964,53
120.92857142857142,0.23333333333333334,0.043808582711518065,53
121.0,0.23555555555555555,0.04394159985174487,53
121.07142857142856,0.2608695652173913,0.045839276122717466,53
121.14285714285714,0.24444444444444444,0.045344423282068426,53
121.21428571428572,0.2717391304347826,0.045435418251338,53
121.28571428571428,0.2851063829787234,0.04582259998941129,53
121.35714285714285,0.23191489361702128,0.04160365197122113,53
121.42857142857142,0.28297872340425534,0.04792832577913059,53
121.5,0.28695652173913044,0.048713764747414214,53
121.57142857142856,0.26595744680851063,0.04544736978522329,53
121.64285714285714,0.3,0.04679440470886169,53
121.71428571428572,0.29591836734693877,0.04591836734693878,53
121.78571428571428,0.2653061224489796,0.04597313438415342,53
121.85714285714285,0.2288888888888889,0.04557402926732297,53
121.92857142857142,0.22666666666666666,0.046319051646752714,53
122.0,0.1911111111111111,0.04390327088229146,53
122.07142857142856,0.18604651162790697,0.04447072716050687,53
122.14285714285714,0.17727272727272728,0.04360397846876847,53
122.21428571428572,0.23695652173913045,0.04388816437816433,53
122.28571428571428,0.22045454545454543,0.04369067048787629,53
122.35714285714285,0.22391304347826088,0.04474131579663757,53
122.42857142857142,0.2391304347826087,0.045415767002876514,53
122.5,0.24893617021276596,0.04353402450707841,53
122.57142857142856,0.26170212765957446,0.044133469198663254,53
122.64285714285714,0.2217391304347826,0.04215373789057677,53
122.71428571428572,0.20851063829787236,0.039166830162252926,53
122.78571428571428,0.20227272727272727,0.04093110753568288,53
122.85714285714285,0.2808510638297872,0.04548416665198287,53
122.92857142857142,0.2791666666666667,0.04445875582230276,53
123.0,0.2652173913043478,0.045067570450626704,53
123.07142857142856,0.25869565217391305,0.045638369203349856,53
123.14285714285714,0.20930232558139536,0.044499673806259285,53
123.21428571428572,0.2159090909090909,0.045395045624068105,53
123.28571428571428,0.23191489361702128,0.04398157706343948,53
123.35714285714285,0.18085106382978725,0.04121627911328173,53
123.42857142857142,0.18478260869565216,0.039313848195583576,53
123.5,0.2,0.041144586105251235,53
123.57142857142856,0.20638297872340428,0.043907675331297184,53
123.64285714285714,0.24897959183673468,0.04461879818178663,53
123.71428571428572,0.24375,0.044553164711562336,53
123.78571428571428,0.22978723404255322,0.04500127386592699,53
123.85714285714285,0.26,0.046070044275991706,53
123.92857142857142,0.25833333333333336,0.047062028381344025,53
124.0,0.23478260869565218,0.04746902283115193,53
124.07142857142856,0.24255319148936172,0.0454949835958567,53
124.14285714285714,0.23478260869565218,0.04867494383694686,53
124.21428571428572,0.24130434782608695,0.04709698975544365,53
124.28571428571428,0.24468085106382978,0.047393535260023475,53
124.35714285714285,0.2021739130434783,0.04290075395830633,53
124.42857142857142,0.20681818181818182,0.04378953692503688,53
124.5,0.22045454545454543,0.045816476611780364,53
124.57142857142856,0.2565217391304348,0.048119434132051324,53
124.64285714285714,0.2608695652173913,0.04919430673528067,53
124.71428571428572,0.2702127659574468,0.047501389396596,53
124.78571428571428,0.26326530612244897,0.04589379539072597,53
124.85714285714285,0.2571428571428571,0.04711037842240327,53
124.92857142857142,0.2333333333333333,0.04813299149207702,53
125.0,0.23750000000000002,0.04675886914769893,53
125.07142857142856,0.2125,0.045801084721894175,53
125.14285714285714,0.23750000000000002,0.04788292830117051,53
125.21428571428572,0.24285714285714285,0.04905570899532503,53
125.28571428571428,0.25416666666666665,0.04928193004379605,53
125.35714285714285,0.25319148936170216,0.04921690779830163,53
125.42857142857142,0.23124999999999998,0.04893875985670313,53
125.5,0.225531914893617,0.04726253609660525,53
125.57142857142856,0.23750000000000002,0.047697424733848415,53
125.64285714285714,0.23958333333333334,0.04844566153691587,53
125.71428571428572,0.26875,0.051841637780855446,53
125.78571428571428,0.225,0.04959945950288897,53
125.85714285714285,0.22291666666666668,0.046053428666736375,53
125.92857142857142,0.24042553191489363,0.047378997683957,53
126.0,0.20869565217391303,0.04577049309574088,53
126.07142857142856,0.25833333333333336,0.049270685735163446,53
126.14285714285714,0.22291666666666668,0.04624552722605804,53
126.21428571428572,0.262,0.048478061522503064,53
126.28571428571428,0.27959183673469384,0.049140537721836956,53
126.35714285714285,0.27499999999999997,0.04860646718783694,53
126.42857142857142,0.25625000000000003,0.046213566251413214,53
126.5,0.2571428571428571,0.04870779177494949,53
126.57142857142856,0.25,0.049105473398904295,53
126.64285714285714,0.272,0.04998285420307363,53
126.71428571428572,0.24375000000000002,0.04753742926212001,53
126.78571428571428,0.2391304347826087,0.049973738114685994,53
126.85714285714285,0.2680851063829787,0.05126578933499319,53
126.92857142857142,0.23333333333333334,0.0485132492576549,53
127.0,0.2565217391304348,0.04881713624773961,53
127.07142857142856,0.2222222222222222,0.048292970491342374,53
127.14285714285714,0.25,0.05096584866846086,53
127.21428571428572,0.25957446808510637,0.050953859382913656,53
127.28571428571428,0.274468085106383,0.05147842790309835,53
127.35714285714285,0.2791666666666667,0.05122249593522865,53
127.42857142857142,0.2979591836734694,0.05236659402113023,53
127.5,0.27708333333333335,0.052612559456175004,53
127.57142857142856,0.3142857142857143,0.051918958303229824,53
127.64285714285714,0.2791666666666667,0.05182471251655109,53
127.71428571428572,0.29375,0.053212927860524284,53
127.78571428571428,0.25625000000000003,0.050433075695553956,53
127.85714285714285,0.23877551020408166,0.04691288845457573,53
127.92857142857142,0.2387755102040816,0.04700343077384893,53
128.0,0.25918367346938775,0.04817400145530228,53
128.07142857142856,0.236734693877551,0.04788857155207068,53
128.14285714285714,0.23617021276595743,0.04725837144610621,53
128.2142857142857,0.23469387755102042,0.04706984067776265,53
128.28571428571428,0.236734693877551,0.05156511944911205,53
128.35714285714286,0.24375,0.04918721021704901,53
128.42857142857142,0.28,0.05038626311013828,53
128.5,0.266,0.04760466449448681,53
128.57142857142856,0.258,0.05159417780790261,53
128.64285714285714,0.27755102040816326,0.050445743242074584,53
128.7142857142857,0.24081632653061225,0.04930799766673294,53
128.78571428571428,0.22244897959183674,0.045106196133266004,53
128.85714285714286,0.21304347826086958,0.04347342968327667,53
128.92857142857142,0.24680851063829787,0.04817204979450363,53
129.0,0.25416666666666665,0.04972961763352258,53
129.07142857142856,0.24680851063829787,0.05187074448555315,53
129.14285714285714,0.24893617021276596,0.0505174281780793,53
129.2142857142857,0.22826086956521738,0.04871915409400466,53
129.28571428571428,0.2543478260869565,0.05047661932943604,53
129.35714285714286,0.2456521739130435,0.05076292550843748,53
129.42857142857142,0.21555555555555553,0.048612626239014245,53
129.5,0.22826086956521738,0.04771726750503898,53
129.57142857142856,0.24893617021276596,0.04749724568922155,53
129.64285714285714,0.23478260869565218,0.04787437176130453,53
129.7142857142857,0.25,0.04763930673403309,53
129.78571428571428,0.225531914893617,0.044019599232816606,53
129.85714285714286,0.24489795918367346,0.04423011337691776,53
129.92857142857142,0.23124999999999998,0.04477645915351325,53
130.0,0.25918367346938775,0.04843804930317795,53
130.07142857142856,0.272,0.04949046496497057,53
130.14285714285714,0.2510204081632653,0.04906632060643708,53
130.2142857142857,0.24285714285714285,0.047826927206192055,53
130.28571428571428,0.19791666666666666,0.0417364221065971,53
130.35714285714286,0.20851063829787236,0.043635631507291966,53
130.42857142857142,0.19130434782608696,0.043497580248821034,53
130.5,0.1851063829787234,0.04057618357472612,53
130.57142857142856,0.18541666666666667,0.04231651917996416,53
130.64285714285714,0.18695652173913044,0.042347617771710346,53
130.7142857142857,0.1829787234042553,0.04421367142994544,53
130.78571428571428,0.20851063829787236,0.045299883420078846,53
130.85714285714286,0.23958333333333334,0.04826232096880037,53
130.92857142857142,0.248,0.048169767807331655,53
131.0,0.2612244897959184,0.047003430773848935,53
131.07142857142856,0.25918367346938775,0.04683143597848888,53
131.14285714285714,0.20833333333333334,0.04343754517660116,53
131.2142857142857,0.236734693877551,0.04653777245302604,53
131.28571428571428,0.22857142857142856,0.04674798551445681,53
131.35714285714286,0.2387755102040816,0.04645753002849747,53
131.42857142857142,0.23191489361702128,0.047324961874833295,53
131.5,0.2125,0.046090509938413335,53
131.57142857142856,0.21041666666666667,0.04517887844911184,53
131.64285714285714,0.19148936170212766,0.041461481654657115,53
131.7142857142857,0.24489795918367346,0.044992556497929215,53
131.78571428571428,0.2183673469387755,0.041820139399811745,53
131.85714285714286,0.21428571428571427,0.04451171213295218,53
131.92857142857142,0.218,0.0421552040024692,53
132.0,0.21428571428571427,0.042056004125370694,53
132.07142857142856,0.2125,0.03990514017975576,53
132.14285714285714,0.2041666666666667,0.03960782183896791,53
132.2142857142857,0.20851063829787236,0.041012823431109055,53
132.28571428571428,0.2148936170212766,0.04125446444085881,53
132.35714285714286,0.21702127659574466,0.042179207662976614,53
132.42857142857142,0.225,0.042054928620514805,53
132.5,0.236734693877551,0.04047904866144816,53
132.57142857142856,0.228,0.04101169569370997,53
132.64285714285714,0.22040816326530613,0.04050904743118206,53
132.7142857142857,0.2183673469387755,0.04130868011225927,53
132.78571428571428,0.21041666666666667,0.04192186916941097,53
132.85714285714286,0.2020833333333333,0.039778819265721556,53
132.92857142857142,0.21632653061224488,0.04012596437219368,53
133.0,0.225,0.041631190571118595,53
133.07142857142856,0.1957446808510638,0.04034511696120634,53
133.14285714285714,0.18695652173913044,0.042003990568665044,53
133.2142857142857,0.20434782608695654,0.04238727839175566,53
133.28571428571428,0.21521739130434783,0.0416991052052827,53
133.35714285714286,0.20652173913043478,0.04220975617162521,53
133.42857142857142,0.20434782608695654,0.042614610651251786,53
133.5,0.19555555555555557,0.042753174086850684,53
133.57142857142856,0.18636363636363634,0.041838169687755805,53
133.64285714285714,0.1956521739130435,0.041928916352143276,53
133.7142857142857,0.19999999999999998,0.04147055296574937,53
133.78571428571428,0.22,0.0430644337539164,53
133.85714285714286,0.20909090909090908,0.04286492154588777,53
133.92857142857142,0.2021739130434783,0.04175950589630118,53
134.0,0.19130434782608696,0.0409814482544138,53
134.07142857142856,0.20869565217391303,0.0427130733764392,53
134.14285714285714,0.20434782608695654,0.04123182038149995,53
134.2142857142857,0.21041666666666667,0.03975095156242431,53
134.28571428571428,0.19999999999999998,0.0402888124148268,53
134.35714285714286,0.21063829787234042,0.04083246184547961,53
134.42857142857142,0.2125,0.04056613984750903,53
134.5,0.2148936170212766,0.04091672952345995,53
134.57142857142856,0.19166666666666665,0.03811066999999737,53
134.64285714285714,0.2,0.03977271225536437,53
134.7142857142857,0.19166666666666665,0.03903005449220257,53
134.78571428571428,0.17659574468085107,0.038377448420230165,53
134.85714285714286,0.16521739130434784,0.03492122139077685,53
134.92857142857142,0.17659574468085107,0.038256736053215404,53
135.0,0.16304347826086957,0.037346619743976794,53
135.07142857142856,0.17446808510638295,0.03804521448368935,53
135.14285714285714,0.17872340425531916,0.03798049187807252,53
135.2142857142857,0.1957446808510638,0.038826143810414174,53
135.28571428571428,0.1891304347826087,0.04007580508647496,53
135.35714285714286,0.20638297872340425,0.03899812079714939,53
135.42857142857142,0.21063829787234042,0.0378948887755548,53
135.5,0.19361702127659575,0.03680137140477815,53
135.57142857142856,0.19361702127659575,0.03827988065416146,53
135.64285714285714,0.1957446808510638,0.03810466218686045,53
135.7142857142857,0.17872340425531916,0.03661639156823002,53
135.78571428571428,0.19787234042553192,0.03971328344031504,53
135.85714285714286,0.1782608695652174,0.038311341325854086,53
135.92857142857142,0.20212765957446807,0.03936232716957543,53
136.0,0.19361702127659575,0.03827988065416147,53
136.07142857142856,0.1851063829787234,0.037371887038721026,53
136.14285714285714,0.1711111111111111,0.03926370599300676,53
136.2142857142857,0.18043478260869567,0.037509363110308586,53
136.28571428571428,0.17872340425531916,0.03798049187807252,53
136.35714285714286,0.1760869565217391,0.03834559131152989,53
136.42857142857142,0.1760869565217391,0.038846257426244354,53
136.5,0.1872340425531915,0.03925968728908781,53
136.57142857142856,0.19361702127659575,0.039819697165138036,53
136.64285714285714,0.1711111111111111,0.03728435941236115,53
136.7142857142857,0.1577777777777778,0.034886379630539914,53
136.78571428571428,0.14666666666666667,0.034023165014086476,53
136.85714285714286,0.15434782608695655,0.03415035266071936,53
136.92857142857142,0.17446808510638295,0.03540019456538604,53
137.0,0.15319148936170213,0.03412051664541062,53
137.07142857142856,0.1723404255319149,0.0390334337654584,53
137.14285714285714,0.1875,0.03831849080520595,53
137.2142857142857,0.1723404255319149,0.035949153070295684,53
137.28571428571428,0.1702127659574468,0.0363601694248183,53
137.35714285714286,0.1702127659574468,0.03623273694877958,53
137.42857142857142,0.16874999999999998,0.036363541918397656,53
137.5,0.16808510638297874,0.0361293778309131,53
137.57142857142856,0.16304347826086957,0.0365622618530151,53
137.64285714285714,0.1702127659574468,0.03597651788591256,53
137.7142857142857,0.1702127659574468,0.03558873076957481,53
137.78571428571428,0.15625,0.034196222729070094,53
137.85714285714286,0.15416666666666667,0.03471749376787527,53
137.92857142857142,0.15208333333333332,0.03459358559476887,53
138.0,0.15918367346938775,0.03687614489712786,53
138.07142857142856,0.14081632653061224,0.03387130095612454,53
138.14285714285714,0.168,0.037300763246554486,53
138.2142857142857,0.188,0.0391376430312406,53
138.28571428571428,0.18627450980392157,0.038605049740110045,53
138.35714285714286,0.17647058823529413,0.03721566561292015,53
138.42857142857142,0.1784313725490196,0.03644105909764973,53
138.5,0.166,0.03506379026510257,53
138.57142857142856,0.2019607843137255,0.03803921568627451,53
138.64285714285714,0.19399999999999998,0.03740675481945004,53
138.7142857142857,0.21372549019607845,0.039607843137254906,53
138.78571428571428,0.204,0.03989373640161614,53
138.85714285714286,0.20384615384615384,0.038344467377223725,53
138.92857142857142,0.19215686274509805,0.03797244999814966,53
139.0,0.18627450980392157,0.03900926062431815,53
139.07142857142856,0.18076923076923077,0.03745670819730212,53
139.14285714285714,0.19019607843137254,0.039432732691706315,53
139.2142857142857,0.21568627450980393,0.039938437824232204,53
139.28571428571428,0.192,0.04138815762795844,53
139.35714285714286,0.20784313725490194,0.04114471230934588,53
139.42857142857142,0.2,0.0410077145554495,53
139.5,0.2,0.04,53
139.57142857142856,0.204,0.040804161452439314,53
139.64285714285714,0.18085106382978725,0.04007835732566386,53
139.7142857142857,0.2,0.04061600502198091,53
139.78571428571428,0.19999999999999998,0.04181856370717916,53
139.85714285714286,0.20652173913043478,0.042778180125059254,53
139.92857142857142,0.20625000000000002,0.039991826514217406,53
140.0,0.1957446808510638,0.040345116961206344,53
140.07142857142856,0.1872340425531915,0.038546321267077514,53
140.14285714285714,0.1826086956521739,0.03848637977611523,53
140.2142857142857,0.16956521739130434,0.03569456652482398,53
140.28571428571428,0.18125,0.03630254201481749,53
140.35714285714286,0.1957446808510638,0.038467094532611344,53
140.42857142857142,0.16956521739130434,0.03830585848628027,53
140.5,0.21020408163265308,0.041776545387943245,53
140.57142857142856,0.19375,0.03976953220103754,53
140.64285714285714,0.19183673469387755,0.038996416926574205,53
140.7142857142857,0.17659574468085107,0.040029217585108,53
140.78571428571428,0.19999999999999998,0.04168439339227896,53
140.85714285714286,0.19591836734693877,0.04008485723482503,53
140.92857142857142,0.19591836734693877,0.039658317842466886,53
141.0,0.17916666666666667,0.03915761174943668,53
141.07142857142856,0.16808510638297874,0.039081307471702104,53
141.14285714285714,0.15510204081632653,0.036194535857414147,53
141.2142857142857,0.1489795918367347,0.0358476615452366,53
141.28571428571428,0.16938775510204082,0.0369090721330114,53
141.35714285714286,0.16938775510204082,0.03656185719623944,53
141.42857142857142,0.15416666666666667,0.03621722452433182,53
141.5,0.15510204081632653,0.03700767806087608,53
141.57142857142856,0.14375000000000002,0.03633305476827301,53
141.64285714285714,0.17551020408163265,0.03874416921732828,53
141.7142857142857,0.17142857142857143,0.038354770699016695,53
141.78571428571428,0.17346938775510204,0.03920722789770355,53
141.85714285714286,0.15714285714285714,0.03711537444790451,53
141.92857142857142,0.162,0.03578735382614299,53
142.0,0.168,0.03504399567191306,53
142.07142857142856,0.1816326530612245,0.03875984287847286,53
142.14285714285714,0.19607843137254902,0.037360016827653504,53
142.2142857142857,0.19411764705882353,0.03730234337441291,53
142.28571428571428,0.19215686274509805,0.03807558398917709,53
142.35714285714286,0.19019607843137254,0.037390876727318445,53
142.42857142857142,0.156,0.034894593464621766,53
142.5,0.16,0.034166459266003986,53
142.57142857142856,0.14705882352941177,0.03399572535717622,53
142.64285714285714,0.15,0.033956755211442036,53
142.7142857142857,0.18653846153846151,0.03527834228023012,53
142.78571428571428,0.17600000000000002,0.03574969673055327,53
142.85714285714286,0.1784313725490196,0.03456323848867562,53
142.92857142857142,0.1846153846153846,0.03445159843717612,53
143.0,0.17058823529411762,0.03444735883293765,53
143.07142857142856,0.174,0.03485362979955003,53
143.14285714285714,0.1784313725490196,0.035348541916313626,53
143.2142857142857,0.16938775510204082,0.03644538379929154,53
143.28571428571428,0.1816326530612245,0.03798422844339601,53
143.35714285714286,0.17142857142857143,0.03768378997939146,53
143.42857142857142,0.1468085106382979,0.0363520487838628,53
143.5,0.1489795918367347,0.03476383503034349,53
143.57142857142856,0.15416666666666667,0.036339408367126916,53
143.64285714285714,0.16041666666666668,0.03739519436325636,53
143.7142857142857,0.17346938775510204,0.03765845323927741,53
143.78571428571428,0.15416666666666667,0.03646118276605634,53
143.85714285714286,0.16458333333333333,0.03554160274952057,53
143.92857142857142,0.172,0.034645728894226555,53
144.0,0.17450980392156865,0.03462325380376627,53
144.07142857142856,0.19019607843137254,0.03567334391894167,53
144.14285714285714,0.184,0.03718239653713701,53
144.2142857142857,0.162,0.035558517450328356,53
144.28571428571428,0.162,0.03567311913151734,53
144.35714285714286,0.17551020408163265,0.03740414190987996,53
144.42857142857142,0.16734693877551018,0.03540193832634382,53
144.5,0.1625,0.03593051311976556,53
144.57142857142856,0.1625,0.0328365012692101,53
144.64285714285714,0.17,0.0337154963463027,53
144.7142857142857,0.174,0.0340240011324539,53
144.78571428571428,0.16734693877551018,0.03355214176254757,53
144.85714285714286,0.17142857142857143,0.03474885599839625,53
144.92857142857142,0.16399999999999998,0.03588644221281733,53
145.0,0.18600000000000003,0.03714395602770059,53
145.07142857142856,0.17755102040816326,0.036335701662785415,53
145.14285714285714,0.17755102040816326,0.036335701662785415,53
145.2142857142857,0.18600000000000003,0.03833365867948298,53
145.28571428571428,0.18600000000000003,0.038651768183014204,53
145.35714285714286,0.172,0.037037212395654405,53
145.42857142857142,0.15306122448979592,0.03560722534454869,53
145.5,0.16,0.03602720060833855,53
145.57142857142856,0.16399999999999998,0.03588644221281733,53
145.64285714285714,0.17,0.03672845752052126,53
145.7142857142857,0.16874999999999998,0.03708771589371292,53
145.78571428571428,0.18600000000000003,0.03812011092773547,53
145.85714285714286,0.182,0.03699862104435345,53
145.92857142857142,0.17755102040816326,0.036100919830467745,53
146.0,0.1823529411764706,0.036804292413019815,53
146.07142857142856,0.16399999999999998,0.03645069356301043,53
146.14285714285714,0.198,0.038702423063942754,53
146.2142857142857,0.166,0.0367684425472026,53
146.28571428571428,0.19399999999999998,0.03942546571619383,53
146.35714285714286,0.172,0.03907501942235145,53
146.42857142857142,0.16400000000000003,0.03862535912256272,53
146.5,0.17,0.03888759311090343,53
146.57142857142856,0.172,0.03907501942235145,53
146.64285714285714,0.176,0.0398527903409433,53
146.7142857142857,0.192,0.03936641062777105,53
146.78571428571428,0.2,0.039279220242478624,53
146.85714285714286,0.18600000000000003,0.03812011092773547,53
146.92857142857142,0.17,0.036839419880650356,53
147.0,0.184,0.03783530367370708,53
147.07142857142856,0.17142857142857143,0.03824375810525955,53
147.14285714285714,0.15918367346938775,0.0367606673105022,53
147.2142857142857,0.12040816326530612,0.031268476420499104,53
147.28571428571428,0.125,0.032819623087026274,53
147.35714285714286,0.14468085106382977,0.03672641945038583,53
147.42857142857142,0.138,0.03268776217360814,53
147.5,0.1326530612244898,0.03304137726263709,53
147.57142857142856,0.14375,0.036333054768273004,53
147.64285714285714,0.15625,0.03776868871853682,53
147.7142857142857,0.16938775510204082,0.03748061649069503,53
147.78571428571428,0.14893617021276595,0.037728317029508636,53
147.85714285714286,0.15306122448979592,0.0371270617531814,53
147.92857142857142,0.17551020408163265,0.03918066173232843,53
148.0,0.15625,0.038235256510523535,53
148.07142857142856,0.19591836734693877,0.04255440532059362,53
148.14285714285714,0.184,0.0413407937089964,53
148.2142857142857,0.18,0.04160062793874582,53
148.28571428571428,0.17800000000000002,0.04083715794944299,53
148.35714285714286,0.17600000000000002,0.04005710209902145,53
148.42857142857142,0.17142857142857143,0.03912303982179758,53
148.5,0.15306122448979592,0.03560722534454869,53
148.57142857142856,0.166,0.03753746427890137,53
148.64285714285714,0.15510204081632653,0.036661397018878265,53
148.7142857142857,0.14166666666666666,0.03570879728175807,53
148.78571428571428,0.15,0.036281214569143704,53
148.85714285714286,0.15306122448979592,0.035845240959694484,53
148.92857142857142,0.1469387755102041,0.03488343573351405,53
149.0,0.13958333333333334,0.03456153718001939,53
149.07142857142856,0.13333333333333333,0.037108874382277106,53
149.14285714285714,0.1108695652173913,0.031581236536196926,53
149.2142857142857,0.17,0.03782343512821065,53
149.28571428571428,0.17254901960784316,0.03652325945686291,53
149.35714285714286,0.15625,0.0341962227290701,53
149.42857142857142,0.15625,0.03458290608981583,53
149.5,0.15714285714285714,0.03425593945223371,53
149.57142857142856,0.15714285714285714,0.03413159806388441,53
149.64285714285714,0.1510204081632653,0.03488592305468614,53
149.7142857142857,0.1276595744680851,0.03200111695257729,53
149.78571428571428,0.1510204081632653,0.03488592305468614,53
149.85714285714286,0.1127659574468085,0.03125749068803859,53
149.92857142857142,0.11020408163265306,0.03061791330739541,53
150.0,0.08043478260869566,0.022972271716155596,53
150.07142857142856,0.11063829787234043,0.02936800264889477,53
150.14285714285714,0.11489361702127661,0.030714393116830455,53
150.2142857142857,0.13541666666666666,0.032546963249815944,53
150.28571428571428,0.1125,0.030015510174971706,53
150.35714285714286,0.13877551020408163,0.0341087105761134,53
150.42857142857142,0.12857142857142856,0.032732683535398856,53
150.5,0.13333333333333333,0.03346604785955554,53
150.57142857142856,0.14081632653061224,0.03570456621874193,53
150.64285714285714,0.1306122448979592,0.0332742778269268,53
150.7142857142857,0.13541666666666666,0.032410485472419565,53
150.78571428571428,0.13673469387755102,0.034588676034037334,53
150.85714285714286,0.12653061224489795,0.032442454313313634,53
150.92857142857142,0.11428571428571428,0.030722590239437957,53
151.0,0.14081632653061224,0.03570456621874193,53
151.07142857142856,0.14081632653061224,0.03606003678520254,53
151.14285714285714,0.13125,0.03524939640346358,53
151.2142857142857,0.13958333333333334,0.035821115763127284,53
151.28571428571428,0.12291666666666667,0.032239075797457835,53
151.35714285714286,0.1346938775510204,0.03267431281230702,53
151.42857142857142,0.14285714285714285,0.03247186118329966,53
151.5,0.1326530612244898,0.031051273581026412,53
151.57142857142856,0.16078431372549018,0.035763759877409596,53
151.64285714285714,0.146,0.033467620660170345,53
151.7142857142857,0.14800000000000002,0.03419511840086213,53
151.78571428571428,0.16078431372549018,0.03565393923978261,53
151.85714285714286,0.142,0.03405757430215691,53
151.92857142857142,0.14800000000000002,0.035598670004965756,53
152.0,0.1489795918367347,0.0358476615452366,53
152.07142857142856,0.1489795918367347,0.03549006387962979,53
152.14285714285714,0.146,0.035480376870280605,53
152.2142857142857,0.1183673469387755,0.03081565075620715,53
152.28571428571428,0.11020408163265306,0.0318431661042692,53
152.35714285714286,0.1183673469387755,0.03067736837096666,53
152.42857142857142,0.11199999999999999,0.030188523295708092,53
152.5,0.1392156862745098,0.03373232944788688,53
152.57142857142856,0.14081632653061224,0.03522502581157818,53
152.64285714285714,0.11666666666666665,0.028298894380661736,53
152.7142857142857,0.09795918367346938,0.02696208535935031,53
152.78571428571428,0.09387755102040815,0.029220042986278266,53
152.85714285714286,0.09183673469387756,0.028843457194086878,53
152.92857142857142,0.1183673469387755,0.031226823975712963,53
153.0,0.11224489795918367,0.029828399963762176,53
153.07142857142856,0.124,0.03175929881506344,53
153.14285714285714,0.11,0.029450754468697573,53
153.2142857142857,0.10408163265306122,0.029444861371196118,53
153.28571428571428,0.11200000000000002,0.030591448718455254,53
153.35714285714286,0.096,0.027249414897294547,53
153.42857142857142,0.12352941176470587,0.03062591947163833,53
153.5,0.106,0.03029245208069536,53
153.57142857142856,0.10588235294117648,0.03008638082951628,53
153.64285714285714,0.114,0.0307736966931707,53
153.7142857142857,0.124,0.031240998703626614,53
153.78571428571428,0.12941176470588234,0.03122268125390281,53
153.85714285714286,0.12,0.029692299558323615,53
153.92857142857142,0.13137254901960785,0.031247298998998217,53
154.0,0.12941176470588234,0.031096827610351385,53
154.07142857142856,0.12857142857142856,0.031943828249996996,53
154.14285714285714,0.1346938775510204,0.028801310380974894,53
154.2142857142857,0.13541666666666666,0.030142919515646027,53
154.28571428571428,0.14081632653061224,0.030293121194846694,53
154.35714285714286,0.12653061224489795,0.028834430920295494,53
154.42857142857142,0.14081632653061224,0.03057253660471696,53
154.5,0.14,0.030904725218262766,53
154.57142857142856,0.146,0.03297618188069339,53
154.64285714285714,0.1163265306122449,0.027563615161007714,53
154.7142857142857,0.11599999999999999,0.02876505816835022,53
154.78571428571428,0.102,0.028065521006882362,53
154.85714285714286,0.08367346938775509,0.025479573447313827,53
154.92857142857142,0.096,0.027842120491611055,53
155.0,0.096,0.027988335762876477,53
155.07142857142856,0.08750000000000001,0.026063377474726316,53
155.14285714285714,0.07446808510638298,0.023056878772037766,53
155.2142857142857,0.07446808510638298,0.023056878772037766,53
155.28571428571428,0.06808510638297872,0.022578137112566486,53
155.35714285714286,0.06595744680851064,0.022200123289046202,53
155.42857142857142,0.0851063829787234,0.02633638570267858,53
155.5,0.08297872340425531,0.026570756068287318,53
155.57142857142856,0.11041666666666666,0.030833513033787254,53
155.64285714285714,0.10208333333333335,0.029095340852756158,53
155.7142857142857,0.10208333333333335,0.028634648848156155,53
155.78571428571428,0.1163265306122449,0.030212813593472734,53
155.85714285714286,0.11428571428571428,0.02945075446869758,53
155.92857142857142,0.11224489795918367,0.028367224587412945,53
156.0,0.1163265306122449,0.030071759241410975,53
156.07142857142856,0.12857142857142856,0.03154200309402802,53
156.14285714285714,0.11875000000000001,0.03117899735216841,53
156.2142857142857,0.11428571428571428,0.03154200309402802,53
156.28571428571428,0.128,0.03182092752531624,53
156.35714285714286,0.128,0.031948938853701404,53
156.42857142857142,0.122,0.030544714630140756,53
156.5,0.10833333333333334,0.02868781176275431,53
156.57142857142856,0.12448979591836735,0.030097716742352298,53
156.64285714285714,0.09791666666666667,0.02586955536531416,53
156.7142857142857,0.11458333333333333,0.029623761208401402,53
156.78571428571428,0.10212765957446808,0.027456021802687896,53
156.85714285714286,0.07872340425531915,0.023742406198761598,53
156.92857142857142,0.11020408163265305,0.029915541253610303,53
157.0,0.11020408163265306,0.03047873379815239,53
157.07142857142856,0.114,0.030238507683726316,53
157.14285714285714,0.106,0.028772152069212298,53
157.2142857142857,0.11,0.028464084064530392,53
157.28571428571428,0.1,0.027404751561786973,53
157.35714285714286,0.10400000000000001,0.02827849835807685,53
157.42857142857142,0.102,0.028354893757515647,53
157.5,0.10800000000000001,0.028974302477913643,53
157.57142857142856,0.10204081632653061,0.029665051346908004,53
157.64285714285714,0.09795918367346938,0.02937700578162451,53
157.7142857142857,0.10612244897959185,0.030779024141222158,53
157.78571428571428,0.11599999999999999,0.030687363616222985,53
157.85714285714286,0.09787234042553193,0.027287037937959443,53
157.92857142857142,0.11041666666666666,0.029810212820710884,53
158.0,0.10833333333333334,0.029450242526505216,53
158.07142857142856,0.08979591836734695,0.02579433604033579,53
158.14285714285714,0.12857142857142856,0.03086066999241838,53
158.2142857142857,0.1306122448979592,0.03170389169450624,53
158.28571428571428,0.12200000000000001,0.030943002242108025,53
158.35714285714286,0.114,0.029555896542114286,53
158.42857142857142,0.10625,0.02686422553276341,53
158.5,0.12448979591836734,0.031070828161262186,53
158.57142857142856,0.12653061224489795,0.031240714294435472,53
158.64285714285714,0.1183673469387755,0.03149795768508255,53
158.7142857142857,0.1183673469387755,0.03149795768508255,53
158.78571428571428,0.126,0.032426998073852485,53
158.85714285714286,0.1125,0.03145764348029479,53
158.92857142857142,0.11199999999999999,0.030323426654677937,53
159.0,0.11224489795918367,0.03202792322594262,53
159.07142857142856,0.08979591836734695,0.029341540570567915,53
159.14285714285714,0.09591836734693877,0.02900844113507868,53
159.2142857142857,0.102,0.030437624407825208,53
159.28571428571428,0.09,0.029863635657666962,53
159.35714285714286,0.12448979591836734,0.033822592910628724,53
159.42857142857142,0.11,0.033227723856037165,53
159.5,0.11200000000000002,0.03227939255428252,53
159.57142857142856,0.114,0.03295141754716096,53
159.64285714285714,0.11,0.03223004049336708,53
159.7142857142857,0.11020408163265306,0.03289398787663838,53
159.78571428571428,0.10416666666666667,0.03136356433584519,53
159.85714285714286,0.12653061224489795,0.033853364040187045,53
159.92857142857142,0.11489361702127661,0.02995196947656408,53
160.0,0.08695652173913043,0.023179346056260586,53
160.07142857142856,0.08085106382978723,0.02268684326395907,53
160.14285714285714,0.0978723404255319,0.026600369625617935,53
160.2142857142857,0.12857142857142856,0.03140691894826885,53
160.28571428571428,0.12040816326530612,0.03167377182687501,53
160.35714285714286,0.12653061224489795,0.03257324428471912,53
160.42857142857142,0.1306122448979592,0.03340181082312839,53
160.5,0.13061224489795917,0.032629136643509145,53
160.57142857142856,0.1183673469387755,0.030815650756207142,53
160.64285714285714,0.12040816326530612,0.032073946215309616,53
160.7142857142857,0.1346938775510204,0.0346938775510204,53
160.78571428571428,0.11224489795918367,0.032554592173901546,53
160.85714285714286,0.11,0.03197575612228484,53
160.92857142857142,0.11800000000000001,0.03328172876200627,53
161.0,0.114,0.032577693633051734,53
161.07142857142856,0.106,0.03135185441900055,53
161.14285714285714,0.11875000000000001,0.03429330233597201,53
161.2142857142857,0.11063829787234043,0.034172393463915436,53
161.28571428571428,0.11666666666666665,0.034380708208626445,53
161.35714285714286,0.10208333333333335,0.03375043778719653,53
161.42857142857142,0.10425531914893618,0.03507062344934729,53
161.5,0.1163265306122449,0.035636455524880525,53
161.57142857142856,0.08333333333333333,0.028455099216042088,53
161.64285714285714,0.08333333333333333,0.028455099216042088,53
161.7142857142857,0.08958333333333333,0.029209378553955483,53
161.78571428571428,0.07916666666666666,0.027282072240228387,53
161.85714285714286,0.10208333333333335,0.030435605684471193,53
161.92857142857142,0.09791666666666667,0.029548851145499933,53
162.0,0.09791666666666667,0.03308724542316377,53
162.07142857142856,0.09795918367346938,0.03187584811708381,53
162.14285714285714,0.11599999999999999,0.03384960735913117,53
162.2142857142857,0.12040816326530612,0.03362705521078384,53
162.28571428571428,0.12653061224489795,0.03410362238177225,53
162.35714285714286,0.134,0.03518000359666305,53
162.42857142857142,0.1183673469387755,0.034831160958334426,53
162.5,0.1306122448979592,0.03621131311560758,53
162.57142857142856,0.09591836734693877,0.030016886357700966,53
162.64285714285714,0.10816326530612244,0.031384809182101424,53
162.7142857142857,0.09375,0.02751631527626798,53
162.78571428571428,0.1163265306122449,0.03145385059859649,53
162.85714285714286,0.10816326530612244,0.03205500357509946,53
162.92857142857142,0.1,0.029594768796800137,53
163.0,0.07916666666666666,0.027282072240228383,53
163.07142857142856,0.11020408163265306,0.0318431661042692,53
163.14285714285714,0.09999999999999999,0.03044455202986767,53
163.2142857142857,0.09591836734693877,0.0311294182004015,53
163.28571428571428,0.09591836734693877,0.03085504618007238,53
163.35714285714286,0.10400000000000001,0.032319830268295484,53
163.42857142857142,0.09591836734693877,0.031671032236693285,53
163.5,0.09999999999999999,0.031943828249996996,53
163.57142857142856,0.07916666666666666,0.026289160815045773,53
163.64285714285714,0.0673469387755102,0.023216621696029283,53
163.7142857142857,0.07346938775510205,0.024183171153542096,53
163.78571428571428,0.06938775510204082,0.024258402295087682,53
163.85714285714286,0.092,0.028833087569240832,53
163.92857142857142,0.094,0.03015741016326007,53
164.0,0.1,0.03155817433482075,53
164.07142857142856,0.08800000000000001,0.029916891686190685,53
164.14285714285714,0.07959183673469387,0.027814312592732676,53
164.2142857142857,0.094,0.030157410163260078,53
164.28571428571428,0.0653061224489796,0.023788863728315852,53
164.35714285714286,0.08750000000000001,0.027551531344602684,53
164.42857142857142,0.09999999999999999,0.028558761122979975,53
164.5,0.08043478260869566,0.025560303842778978,53
164.57142857142856,0.0782608695652174,0.026175373512787196,53
164.64285714285714,0.08043478260869566,0.026670210854583352,53
164.7142857142857,0.09375,0.02767693723318983,53
164.78571428571428,0.0978723404255319,0.0286109767369784,53
164.85714285714286,0.10833333333333334,0.03245746443633474,53
164.92857142857142,0.11599999999999999,0.03224396795352202,53
165.0,0.114,0.03168853523446804,53
165.07142857142856,0.10816326530612244,0.029857475319104456,53
165.14285714285714,0.106,0.029334106359634817,53
165.2142857142857,0.11599999999999999,0.03028571428571428,53
165.28571428571428,0.10612244897959185,0.030640576458764477,53
165.35714285714286,0.11428571428571428,0.03140691894826885,53
165.42857142857142,0.10833333333333334,0.03190651978402114,53
165.5,0.08750000000000001,0.02818772556167712,53
165.57142857142856,0.10408163265306124,0.031536500782063964,53
165.64285714285714,0.09375,0.02846645562314847,53
165.7142857142857,0.12244897959183673,0.03366316065664326,53
165.78571428571428,0.14,0.034522988495984494,53
165.85714285714286,0.134,0.03447684819156893,53
165.92857142857142,0.128,0.03440930106817051,53
166.0,0.12745098039215685,0.03384838529731778,53
166.07142857142856,0.14705882352941177,0.03729615878622908,53
166.14285714285714,0.16153846153846155,0.03904534299512149,53
166.2142857142857,0.14423076923076922,0.036988182607799416,53
166.28571428571428,0.15384615384615385,0.03719638665181432,53
166.35714285714286,0.14901960784313725,0.03792381930584026,53
166.42857142857142,0.13529411764705884,0.03649587990839994,53
166.5,0.1392156862745098,0.036415729350082,53
166.57142857142856,0.126,0.03611885142929421,53
166.64285714285714,0.1411764705882353,0.03779993470149306,53
166.7142857142857,0.128,0.03747543413044479,53
166.78571428571428,0.12244897959183673,0.03645252551864536,53
166.85714285714286,0.124,0.03764062069799876,53
166.92857142857142,0.11020408163265306,0.03574342834313672,53
167.0,0.094,0.03324737215333027,53
167.07142857142856,0.10800000000000001,0.03532242162405849,53
167.14285714285714,0.1196078431372549,0.03651694292158548,53
167.2142857142857,0.11199999999999999,0.03587279112164459,53
167.28571428571428,0.092,0.03140778533408296,53
167.35714285714286,0.08800000000000001,0.03202550004389041,53
167.42857142857142,0.094,0.03161115793707104,53
167.5,0.096,0.031553000439493765,53
167.57142857142856,0.10588235294117648,0.03294817852752152,53
167.64285714285714,0.10408163265306122,0.032203538445019386,53
167.7142857142857,0.10408163265306122,0.03207124080885081,53
167.78571428571428,0.106,0.03135185441900055,53
167.85714285714286,0.09375,0.030423466644927812,53
167.92857142857142,0.11372549019607843,0.032541931663881946,53
168.0,0.10196078431372549,0.03223567577656797,53
168.07142857142856,0.11372549019607843,0.032541931663881946,53
168.14285714285714,0.11176470588235295,0.0323761057890985,53
168.2142857142857,0.13846153846153847,0.03706358383929453,53
168.28571428571428,0.12156862745098039,0.034221163671920365,53
168.35714285714286,0.14705882352941177,0.036873173326796876,53
168.42857142857142,0.126,0.030879621442112325,53
168.5,0.09183673469387756,0.028096761665793456,53
168.57142857142856,0.126,0.03292663458821935,53
168.64285714285714,0.13725490196078433,0.03586038114401359,53
168.7142857142857,0.15098039215686274,0.03719293091378667,53
168.78571428571428,0.13137254901960785,0.03613593031096165,53
168.85714285714286,0.12745098039215685,0.036199710904765786,53
168.92857142857142,0.12692307692307692,0.03550066222221172,53
169.0,0.11199999999999999,0.034716343266477795,53
169.07142857142856,0.11923076923076924,0.03601977644519538,53
169.14285714285714,0.11538461538461539,0.033788515298813514,53
169.2142857142857,0.1,0.034166459266004,53
169.28571428571428,0.10980392156862746,0.034442894137327824,53
169.35714285714286,0.086,0.030103223774749666,53
169.42857142857142,0.08,0.028428212488760568,53
169.5,0.08800000000000001,0.031120568695291662,53
169.57142857142856,0.061224489795918366,0.02311173806715536,53
169.64285714285714,0.04583333333333334,0.017604383050833474,53
169.7142857142857,0.05918367346938775,0.02313050216707757,53
169.78571428571428,0.04468085106382979,0.017944438515032357,53
169.85714285714286,0.043750000000000004,0.018088202436281127,53
169.92857142857142,0.04042553191489361,0.018162483434682766,53
170.0,0.0425531914893617,0.018184144126261778,53
170.07142857142856,0.04042553191489361,0.018162483434682766,53
170.14285714285714,0.0653061224489796,0.02744056973563695,53
170.2142857142857,0.0653061224489796,0.02744056973563695,53
170.28571428571428,0.08039215686274509,0.030165505276285788,53
170.35714285714286,0.09215686274509804,0.03416719413326777,53
170.42857142857142,0.09803921568627451,0.03435571660379458,53
170.5,0.08800000000000001,0.03315270789568066,53
170.57142857142856,0.08800000000000001,0.03302936232369926,53
170.64285714285714,0.098,0.03386527931166585,53
170.7142857142857,0.076,0.027038898661305093,53
170.78571428571428,0.07346938775510205,0.03041318499373716,53
170.85714285714286,0.084,0.031604701277771055,53
170.92857142857142,0.054000000000000006,0.02787874620200698,53
171.0,0.041666666666666664,0.01855443719113855,53
171.07142857142856,0.04791666666666666,0.019293731603715687,53
171.14285714285714,0.05625,0.01995257008987788,53
171.2142857142857,0.08571428571428572,0.02959476879680013,53
171.28571428571428,0.08367346938775509,0.029211133078162525,53
171.35714285714286,0.08163265306122448,0.028819380848326897,53
171.42857142857142,0.07346938775510205,0.028238463149667267,53
171.5,0.096,0.03193871682853057,53
171.57142857142856,0.05918367346938775,0.022945952347650244,53
171.64285714285714,0.09795918367346938,0.03331076564940203,53
171.7142857142857,0.09215686274509804,0.031165986645185134,53
171.78571428571428,0.09607843137254903,0.0314313175051198,53
171.85714285714286,0.08627450980392158,0.030035222178614287,53
171.92857142857142,0.09803921568627451,0.03247807055971482,53
172.0,0.1,0.03260902354087888,53
172.07142857142856,0.10961538461538461,0.0327543551022535,53
172.14285714285714,0.10196078431372549,0.03247807055971482,53
172.2142857142857,0.10196078431372549,0.03247807055971482,53
172.28571428571428,0.1,0.03319700011034929,53
172.35714285714286,0.09215686274509804,0.032399847161937015,53
172.42857142857142,0.09215686274509804,0.032399847161937015,53
172.5,0.09038461538461538,0.03182005583161056,53
172.57142857142856,0.09423076923076924,0.03311544111073009,53
172.64285714285714,0.0784313725490196,0.03196980505441383,53
172.7142857142857,0.07058823529411765,0.03007104237283266,53
172.78571428571428,0.06274509803921569,0.0250428314370033,53
172.85714285714286,0.08039215686274509,0.03217837635201715,53
172.92857142857142,0.08846153846153847,0.03186673870748349,53
173.0,0.08235294117647059,0.02652499854601702,53
173.07142857142856,0.09411764705882353,0.032468598972881825,53
173.14285714285714,0.09411764705882353,0.0328289404493433,53
173.2142857142857,0.08,0.027404751561786966,53
173.28571428571428,0.08979591836734695,0.031304530376638814,53
173.35714285714286,0.094,0.030826704564155323,53
173.42857142857142,0.10588235294117648,0.03234759314086476,53
173.5,0.10588235294117648,0.031735643931270895,53
173.57142857142856,0.10588235294117648,0.031735643931270895,53
173.64285714285714,0.10196078431372549,0.03174533420445284,53
173.7142857142857,0.05306122448979592,0.020013184603204965,53
173.78571428571428,0.04897959183673469,0.019803981806815835,53
173.85714285714286,0.04897959183673469,0.01980398180681583,53
173.92857142857142,0.055999999999999994,0.022160822205331793,53
174.0,0.044000000000000004,0.01920034013304165,53
174.07142857142856,0.052000000000000005,0.020452034477912318,53
174.14285714285714,0.046,0.019631295298630724,53
174.2142857142857,0.05,0.020454030090394787,53
174.28571428571428,0.092,0.030484522670512316,53
174.35714285714286,0.086,0.02885714285714286,53
174.42857142857142,0.092,0.029670297110279242,53
174.5,0.09615384615384616,0.029316180684669475,53
174.57142857142856,0.08846153846153845,0.028493317222618435,53
174.64285714285714,0.1,0.030207927000959936,53
174.7142857142857,0.0923076923076923,0.028386227866251713,53
174.78571428571428,0.09423076923076924,0.02885620739837898,53
174.85714285714286,0.08076923076923077,0.02663060271650277,53
174.92857142857142,0.09038461538461538,0.028308206681011017,53
175.0,0.07692307692307693,0.025705048276619766,53
175.07142857142856,0.07307692307692307,0.024733174059554424,53
175.14285714285714,0.05384615384615384,0.0215293020817265,53
175.2142857142857,0.075,0.025299860795257884,53
175.28571428571428,0.08846153846153845,0.028227401050917485,53
175.35714285714286,0.08461538461538462,0.02723904229636835,53
175.42857142857142,0.08200000000000002,0.02705851557839274,53
175.5,0.09411764705882353,0.028616704939855735,53
175.57142857142856,0.10576923076923077,0.030134622723959833,53
175.64285714285714,0.10384615384615385,0.02944452288738775,53
175.7142857142857,0.10384615384615385,0.02944452288738775,53
175.78571428571428,0.10961538461538461,0.03158216263759318,53
175.85714285714286,0.08039215686274509,0.026864891856398353,53
175.92857142857142,0.08823529411764706,0.027815506864792682,53
176.0,0.08,0.02710523708715754,53
176.07142857142856,0.0784313725490196,0.027197711191215217,53
176.14285714285714,0.07,0.026380264732313405,53
176.2142857142857,0.05714285714285714,0.023328473740792173,53
176.28571428571428,0.064,0.025356237408381478,53
176.35714285714286,0.062,0.025377155080899046,53
176.42857142857142,0.058823529411764705,0.024282079341823876,53
176.5,0.044000000000000004,0.01877036309217925,53
176.57142857142856,0.07450980392156863,0.02683911942316655,53
176.64285714285714,0.07450980392156863,0.02683911942316655,53
176.7142857142857,0.06,0.023733211036908786,53
176.78571428571428,0.07647058823529411,0.026507599397837155,53
176.85714285714286,0.062,0.02265806159189353,53
176.92857142857142,0.06666666666666667,0.025153125820901286,53
177.0,0.0784313725490196,0.02676165320521226,53
177.07142857142856,0.0784313725490196,0.02646695690415209,53
177.14285714285714,0.05686274509803922,0.02244905377468504,53
177.2142857142857,0.046000000000000006,0.020042811322623522,53
177.28571428571428,0.0784313725490196,0.026466956904152083,53
177.35714285714286,0.052000000000000005,0.01984429183335467,53
177.42857142857142,0.048,0.018787751111741254,53
177.5,0.05,0.019219462924391015,53
177.57142857142856,0.05,0.019219462924391015,53
177.64285714285714,0.048,0.01856923063916791,53
177.7142857142857,0.048,0.019844291833354673,53
177.78571428571428,0.06470588235294117,0.023734401178625898,53
177.85714285714286,0.0673076923076923,0.02421017104332106,53
177.92857142857142,0.057692307692307696,0.022199247511833775,53
178.0,0.08461538461538462,0.02805733939634377,53
178.07142857142856,0.08653846153846154,0.028542900704858414,53
178.14285714285714,0.07115384615384615,0.0253685560975224,53
178.2142857142857,0.06538461538461539,0.025744512130964004,53
178.28571428571428,0.06346153846153846,0.025023193789054415,53
178.35714285714286,0.06153846153846154,0.024586144020192453,53
178.42857142857142,0.051923076923076926,0.022727048591328,53
178.5,0.06923076923076923,0.026559711255571817,53
178.57142857142856,0.0673076923076923,0.025866747792749466,53
178.64285714285714,0.06153846153846154,0.025489749833215815,53
178.7142857142857,0.09038461538461538,0.029354495235526436,53
178.78571428571428,0.07500000000000001,0.02688938853314211,53
178.85714285714286,0.08076923076923077,0.026912301226458348,53
178.92857142857142,0.07884615384615384,0.0262452378013883,53
179.0,0.07692307692307693,0.026993014097554467,53
179.07142857142856,0.07884615384615384,0.02709356705990745,53
179.14285714285714,0.06538461538461539,0.023764273377805567,53
179.2142857142857,0.055999999999999994,0.020235349953858027,53
179.28571428571428,0.05,0.018571428571428572,53
179.35714285714286,0.060784313725490195,0.01961960431584155,53
179.42857142857142,0.042,0.01514285714285714,53
179.5,0.055999999999999994,0.01877036309217925,53
179.57142857142856,0.054000000000000006,0.017661210812029246,53
179.64285714285714,0.05,0.017437936593905287,53
179.7142857142857,0.05600000000000001,0.018330302779823365,53
179.78571428571428,0.064,0.019745317192195425,53
179.85714285714286,0.05,0.016963345838625597,53
179.92857142857142,0.05600000000000001,0.01855163780656906,53
180.0,0.060784313725490195,0.024746309904758425,53
180.07142857142856,0.06666666666666668,0.025153125820901293,53
180.14285714285714,0.05490196078431373,0.02331602587638392,53
180.2142857142857,0.06666666666666667,0.024680970945191474,53
180.28571428571428,0.06862745098039216,0.02528119444907639,53
180.3571428571429,0.07058823529411765,0.025559483508706394,53
180.42857142857144,0.07058823529411765,0.02555948350870639,53
180.5,0.08039215686274509,0.02597428711103669,53
180.57142857142856,0.07254901960784314,0.02537227626607343,53
180.6428571428572,0.060784313725490195,0.024427312160623427,53
180.7142857142857,0.07058823529411765,0.02675877977918742,53
180.78571428571428,0.07450980392156863,0.02683911942316655,53
180.8571428571429,0.06923076923076923,0.024491581577418795,53
180.92857142857144,0.06153846153846154,0.024277469421713174,53
181.0,0.057692307692307696,0.024151694094788026,53
181.07142857142856,0.03725490196078431,0.015071277529863243,53
181.1428571428572,0.055769230769230765,0.023689396209033667,53
181.2142857142857,0.06153846153846154,0.024121650925931767,53
181.28571428571428,0.0673076923076923,0.024976784672880302,53
181.3571428571429,0.06923076923076923,0.02641735762429003,53
181.42857142857144,0.044000000000000004,0.016941676663284107,53
181.5,0.049019607843137254,0.01734823243968209,53
181.57142857142856,0.050980392156862744,0.01712069015917104,53
181.6428571428572,0.04313725490196079,0.016391031014906954,53
181.7142857142857,0.06346153846153847,0.025911562982245052,53
181.78571428571428,0.06346153846153847,0.025911562982245052,53
181.8571428571429,0.06346153846153847,0.027328078554482865,53
181.92857142857144,0.06153846153846154,0.026788069167585533,53
182.0,0.05,0.02583448885655836,53
182.07142857142856,0.056862745098039215,0.026606044125464263,53
182.1428571428572,0.07115384615384615,0.029747116475785852,53
182.2142857142857,0.06923076923076923,0.028211983261300668,53
182.28571428571428,0.08076923076923077,0.028937763031190455,53
182.3571428571429,0.06923076923076923,0.028078007789125562,53
182.42857142857144,0.05102040816326531,0.018925752031623888,53
182.5,0.06666666666666667,0.028514415572212532,53
182.57142857142856,0.07450980392156863,0.02812341669685804,53
182.6428571428572,0.060784313725490195,0.027019010209959116,53
182.7142857142857,0.048,0.01942857142857143,53
182.78571428571428,0.038,0.01711664662942875,53
182.85714285714283,0.07,0.028607120563572556,53
182.92857142857144,0.062,0.026785619047449735,53
183.0,0.07058823529411765,0.02646405148047528,53
183.07142857142856,0.07254901960784314,0.02701901020995911,53
183.1428571428572,0.09215686274509804,0.03178890387922125,53
183.2142857142857,0.094,0.03199617324057388,53
183.28571428571428,0.1,0.035799897388976196,53
183.35714285714283,0.09411764705882353,0.032104213235915266,53
183.42857142857144,0.06666666666666668,0.02530855341217655,53
183.5,0.08823529411764706,0.031015120768150745,53
183.57142857142856,0.084,0.03274639721575864,53
183.6428571428572,0.08431372549019607,0.03353342482577561,53
183.7142857142857,0.06470588235294117,0.02579307239592996,53
183.78571428571428,0.034,0.018207421675834078,53
183.85714285714283,0.060784313725490195,0.024427312160623427,53
183.92857142857144,0.084,0.028336174327354146,53
184.0,0.092,0.03217807594354534,53
184.07142857142856,0.08800000000000001,0.03240559286573217,53
184.1428571428572,0.06666666666666667,0.026071796295834764,53
184.2142857142857,0.07,0.027292818820775423,53
184.28571428571428,0.064,0.027368982891035537,53
184.35714285714283,0.08571428571428572,0.03375582590180435,53
184.42857142857144,0.064,0.027368982891035537,53
184.5,0.08199999999999999,0.03412940559884705,53
184.57142857142856,0.0923076923076923,0.036208520643152,53
184.6428571428572,0.10784313725490197,0.04076168301234912,53
184.7142857142857,0.08461538461538462,0.03253778582926791,53
184.78571428571428,0.07884615384615384,0.03135171692763005,53
184.85714285714283,0.04,0.017842851423995422,53
184.92857142857144,0.03725490196078431,0.017254901960784313,53
185.0,0.07058823529411765,0.02675877977918742,53
185.07142857142856,0.07450980392156863,0.02881218931250493,53
185.1428571428572,0.08627450980392158,0.0327820620298139,53
185.2142857142857,0.057999999999999996,0.02635549743218593,53
185.28571428571428,0.034,0.01775341300903541,53
185.35714285714283,0.041176470588235294,0.017970885078258194,53
185.42857142857144,0.054901960784313725,0.024465057192913288,53
185.5,0.049019607843137254,0.023325917424255768,53
185.57142857142856,0.054901960784313725,0.023815257177551334,53
185.6428571428572,0.064,0.029933259094191537,53
185.7142857142857,0.076,0.03351027865461885,53
185.78571428571428,0.05,0.024285714285714285,53
185.85714285714283,0.046,0.02161065496840078,53
185.92857142857144,0.046,0.02161065496840078,53
186.0,0.058823529411764705,0.022782254977690687,53
186.07142857142856,0.07115384615384615,0.026245237801388297,53
186.1428571428572,0.05199999999999999,0.022358854338872972,53
186.2142857142857,0.06078431372549019,0.026727151704139196,53
186.28571428571428,0.06470588235294117,0.02769915825319263,53
186.35714285714283,0.07058823529411765,0.027624103945656977,53
186.42857142857144,0.11224489795918367,0.03614415735723873,53
186.5,0.07254901960784314,0.02583179851823444,53
186.57142857142856,0.09411764705882353,0.03270926770460669,53
186.6428571428572,0.07400000000000001,0.026312098559640673,53
186.7142857142857,0.061224489795918366,0.02347678085270394,53
186.78571428571428,0.07200000000000001,0.027853845958751868,53
186.85714285714283,0.068,0.027765784258871645,53
186.92857142857144,0.05833333333333333,0.024522629101739187,53
187.0,0.05714285714285714,0.024046440329433517,53
187.07142857142856,0.08199999999999999,0.03278750384160504,53
187.1428571428572,0.06199999999999999,0.02569681946491131,53
187.2142857142857,0.06,0.025233602475222418,53
187.28571428571428,0.04374999999999999,0.01995257008987788,53
187.35714285714283,0.06938775510204082,0.02860178173899327,53
187.42857142857144,0.0673469387755102,0.029935837722024666,53
187.5,0.05416666666666666,0.024725143929141945,53
187.57142857142856,0.08333333333333333,0.03320008829633079,53
187.6428571428572,0.03958333333333333,0.02057239063651043,53
187.7142857142857,0.06862745098039216,0.026933497778341607,53
187.78571428571428,0.068,0.03056475227500876,53
187.85714285714283,0.05,0.02343031352408104,53
187.92857142857144,0.07,0.03013574729961284,53
188.0,0.048,0.021804324603815903,53
188.07142857142856,0.066,0.02764350313014113,53
188.1428571428572,0.048,0.02289995989658729,53
188.2142857142857,0.044000000000000004,0.022706647412920604,53
188.28571428571428,0.05,0.02478478796128211,53
188.35714285714283,0.07254901960784314,0.028570989176607036,53
188.42857142857144,0.060784313725490195,0.02628328796880948,53
188.5,0.060784313725490195,0.0267271517041392,53
188.57142857142856,0.07254901960784314,0.028707918067750898,53
188.6428571428572,0.0784313725490196,0.02901165762852028,53
188.7142857142857,0.07058823529411765,0.028046756150492114,53
188.78571428571428,0.07400000000000001,0.03166276381248008,53
188.85714285714283,0.05294117647058824,0.025104165918869367,53
188.92857142857144,0.0784313725490196,0.03375967259972694,53
189.0,0.06666666666666668,0.027392093702118155,53
189.07142857142856,0.066,0.02865843893949878,53
189.1428571428572,0.068,0.027618390796787594,53
189.2142857142857,0.044000000000000004,0.022160822205331786,53
189.28571428571428,0.022000000000000002,0.014925666156124543,53
189.35714285714283,0.024,0.013570676670900476,53
189.42857142857144,0.064,0.029796589313105578,53
189.5,0.08163265306122448,0.033206408357699946,53
189.57142857142856,0.04374999999999999,0.02082224882425745,53
189.6428571428572,0.064,0.024868634453701646,53
189.7142857142857,0.05714285714285714,0.022208045364497175,53
189.78571428571428,0.08571428571428572,0.032076651393589235,53
189.85714285714283,0.10204081632653061,0.03529393049687283,53
189.92857142857144,0.086,0.031945105977572955,53
190.0,0.05918367346938775,0.02557474827928516,53
190.07142857142856,0.061224489795918366,0.026855674752587592,53
190.1428571428572,0.061224489795918366,0.026855674752587592,53
190.2142857142857,0.061224489795918366,0.026855674752587592,53
190.28571428571428,0.06041666666666667,0.028673322561467273,53
190.35714285714283,0.036170212765957444,0.018853721911734306,53
190.42857142857144,0.031914893617021274,0.017500200336826966,53
190.5,0.043750000000000004,0.02285210118060907,53
190.57142857142856,0.03695652173913044,0.019746875409208442,53
190.6428571428572,0.04468085106382979,0.023324226136543533,53
190.7142857142857,0.043750000000000004,0.024171786569416976,53
190.78571428571428,0.04583333333333334,0.024181335728944625,53
190.85714285714283,0.02916666666666667,0.01882127901432909,53
190.92857142857144,0.03877551020408163,0.020787294681085068,53
191.0,0.04897959183673469,0.0224219069905253,53
191.07142857142856,0.032,0.0165220940512011,53
191.1428571428572,0.05,0.023947220877486016,53
191.2142857142857,0.048,0.023428571428571427,53
191.28571428571428,0.048,0.023077509150067056,53
191.35714285714283,0.034,0.018867962264113212,53
191.42857142857144,0.034,0.018867962264113212,53
191.5,0.048,0.023077509150067056,53
191.57142857142856,0.0653061224489796,0.028801310380974898,53
191.6428571428572,0.062,0.027088667711191464,53
191.7142857142857,0.062,0.027088667711191464,53
191.78571428571428,0.04583333333333333,0.02207304390290292,53
191.85714285714283,0.04897959183673469,0.023350779856237958,53
191.92857142857144,0.049999999999999996,0.023819653367016545,53
192.0,0.06,0.02539484119233025,53
192.07142857142856,0.06,0.02539484119233025,53
192.1428571428572,0.05102040816326531,0.024592330703255803,53
192.2142857142857,0.0673469387755102,0.029793472082972318,53
192.28571428571428,0.06,0.026186146828319084,53
192.35714285714283,0.062,0.027088667711191464,53
192.42857142857144,0.06,0.025555062599997593,53
192.5,0.060416666666666674,0.028518313037187135,53
192.57142857142856,0.04,0.021380899352993952,53
192.6428571428572,0.04,0.021380899352993952,53
192.7142857142857,0.046,0.021985152689383586,53
192.78571428571428,0.03,0.015714285714285712,53
192.85714285714283,0.02978723404255319,0.01606960277565844,53
192.92857142857144,0.043750000000000004,0.021034050830171565,53
193.0,0.057999999999999996,0.02524815612584614,53
193.07142857142856,0.06199999999999999,0.02647910227222322,53
193.1428571428572,0.046938775510204075,0.022227572357950982,53
193.2142857142857,0.075,0.029700037013134516,53
193.28571428571428,0.04081632653061224,0.01910371961923373,53
193.35714285714283,0.05102040816326531,0.021253740963145806,53
193.42857142857144,0.06326530612244897,0.02434409606432223,53
193.5,0.08199999999999999,0.027948933023334847,53
193.57142857142856,0.06458333333333334,0.025524564606377788,53
193.6428571428572,0.066,0.02467916579809366,53
193.7142857142857,0.05,0.019639610121239312,53
193.78571428571428,0.06274509803921569,0.023256588240286646,53
193.85714285714283,0.08163265306122448,0.03190033765358736,53
193.92857142857144,0.08,0.03129843185743806,53
194.0,0.042,0.017863427465532097,53
194.07142857142856,0.066,0.02808296745759768,53
194.1428571428572,0.08,0.031036515689143482,53
194.2142857142857,0.06,0.023904572186687886,53
194.28571428571428,0.048,0.021235319058356635,53
194.35714285714283,0.05918367346938775,0.02385442801543053,53
194.42857142857144,0.066,0.023837887866989888,53
194.5,0.068,0.02465103384014056,53
194.57142857142856,0.06199999999999999,0.024225134527121682,53
194.6428571428572,0.049999999999999996,0.023254679998743727,53
194.7142857142857,0.057999999999999996,0.0240899674265501,53
194.78571428571428,0.05918367346938775,0.024557022241825936,53
194.85714285714283,0.06199999999999999,0.023714285714285716,53
194.92857142857144,0.054901960784313725,0.02063952528147571,53
195.0,0.049019607843137254,0.020072915909128984,53
195.07142857142856,0.057999999999999996,0.021587978514129816,53
195.1428571428572,0.057999999999999996,0.021587978514129816,53
195.2142857142857,0.056862745098039215,0.02137524717633199,53
195.28571428571428,0.0784313725490196,0.03364331072867014,53
195.35714285714283,0.09019607843137255,0.03511939321919704,53
195.42857142857144,0.07450980392156863,0.03166530076578251,53
195.5,0.09019607843137255,0.03398441418555811,53
195.57142857142856,0.092,0.034622158765031115,53
195.6428571428572,0.0784313725490196,0.032456755602444806,53
195.7142857142857,0.042,0.018755135351172927,53
195.78571428571428,0.058823529411764705,0.02208299329458994,53
195.85714285714283,0.0392156862745098,0.01794947841779735,53
195.92857142857144,0.048,0.020251480167622116,53
196.0,0.047058823529411764,0.01987272072050185,53
196.07142857142856,0.05,0.021806196460676785,53
196.1428571428572,0.034,0.015807515649854918,53
196.2142857142857,0.02291666666666667,0.011235543640534052,53
196.28571428571428,0.024999999999999998,0.01245559488630034,53
196.35714285714283,0.032,0.014124808107780886,53
196.42857142857144,0.05,0.01878992348280844,53
196.5,0.04468085106382979,0.01845275755067104,53
196.57142857142856,0.062,0.02940081909174141,53
196.6428571428572,0.04,0.01873553864086286,53
196.7142857142857,0.054901960784313725,0.021016095697214528,53
196.78571428571428,0.04285714285714286,0.019991494790174594,53
196.85714285714283,0.05,0.020849313599037744,53
196.92857142857144,0.06530612244897958,0.030798751577115445,53
197.0,0.05,0.020849313599037744,53
197.07142857142856,0.05,0.020849313599037744,53
197.1428571428572,0.05,0.020849313599037744,53
197.2142857142857,0.05294117647058824,0.019872720720501846,53
197.28571428571428,0.048,0.019637531745645236,53
197.35714285714283,0.05,0.020849313599037744,53
197.42857142857144,0.028000000000000004,0.014297138289367775,53
197.5,0.036000000000000004,0.015846199570128054,53
197.57142857142856,0.03,0.014914723584157928,53
197.6428571428572,0.04285714285714286,0.017251638983558856,53
197.7142857142857,0.042,0.016924803679565583,53
197.78571428571428,0.047058823529411764,0.01779026858386471,53
197.85714285714283,0.034,0.01528237613750438,53
197.92857142857144,0.03725490196078431,0.0153292708123075,53
198.0,0.03725490196078431,0.0153292708123075,53
198.07142857142856,0.04489795918367347,0.018225072550501785,53
198.1428571428572,0.0392156862745098,0.0158617634636523,53
198.2142857142857,0.048,0.020251480167622113,53
198.28571428571428,0.03529411764705882,0.013953291666397803,53
198.35714285714283,0.027999999999999997,0.012467099559583675,53
198.42857142857144,0.024,0.011972758194146838,53
198.5,0.026000000000000002,0.013033708260522334,53
198.57142857142856,0.034693877551020415,0.015306122448979593,53
198.6428571428572,0.02653061224489796,0.013291444682027158,53
198.7142857142857,0.04081632653061224,0.019103719619233732,53
198.78571428571428,0.05306122448979592,0.021841661342646496,53
198.85714285714283,0.05102040816326531,0.020644885585705465,53
198.92857142857144,0.05102040816326531,0.020644885585705465,53
199.0,0.046,0.01899731452557633,53
199.07142857142856,0.044897959183673466,0.018685825435129755,53
199.1428571428572,0.036000000000000004,0.016353243452861925,53
199.2142857142857,0.048,0.01984429183335467,53
199.28571428571428,0.0326530612244898,0.01710008431326452,53
199.35714285714283,0.04583333333333334,0.019055334999998688,53
199.42857142857144,0.04583333333333334,0.019055334999998688,53
199.5,0.04897959183673469,0.020644885585705465,53
199.57142857142856,0.049999999999999996,0.023254679998743727,53
199.6428571428572,0.049999999999999996,0.023254679998743727,53
199.7142857142857,0.05714285714285714,0.023868973399718364,53
199.78571428571428,0.029166666666666664,0.013301713393251919,53
199.85714285714283,0.043750000000000004,0.01927457674011646,53
199.92857142857144,0.05098039215686274,0.02026734048536871,53
200.0,0.045098039215686274,0.019666578695089938,53
200.07142857142856,0.03877551020408163,0.01618776059087183,53
200.1428571428572,0.04,0.01665986255670086,53
200.2142857142857,0.056862745098039215,0.020437355640463343,53
200.28571428571428,0.050980392156862744,0.020072915909128984,53
200.35714285714283,0.050980392156862744,0.020072915909128984,53
200.42857142857144,0.04313725490196079,0.019046877560126886,53
200.5,0.052000000000000005,0.020650641142391603,53
200.57142857142856,0.06274509803921569,0.022221837751383828,53
200.6428571428572,0.06666666666666667,0.023375312377766633,53
200.7142857142857,0.056862745098039215,0.021739076943584627,53
200.78571428571428,0.056862745098039215,0.021739076943584627,53
200.85714285714283,0.047058823529411764,0.019872720720501846,53
200.92857142857144,0.042,0.016924803679565583,53
201.0,0.054901960784313725,0.0204486397246803,53
201.07142857142856,0.06470588235294117,0.0221976026636626,53
201.1428571428572,0.054901960784313725,0.0204486397246803,53
201.2142857142857,0.054901960784313725,0.0204486397246803,53
201.28571428571428,0.05294117647058824,0.019872720720501846,53
201.35714285714283,0.05,0.01878992348280844,53
201.42857142857144,0.06470588235294117,0.023064025023580573,53
201.5,0.06862745098039216,0.023177100950254447,53
201.57142857142856,0.062,0.02354153949155945,53
201.6428571428572,0.058823529411764705,0.02208299329458994,53
201.7142857142857,0.06470588235294117,0.022548167076807926,53
201.78571428571428,0.054901960784313725,0.02082866152923843,53
201.85714285714283,0.054901960784313725,0.02082866152923843,53
201.92857142857144,0.054901960784313725,0.02082866152923843,53
202.0,0.056862745098039215,0.021918727235266073,53
202.07142857142856,0.05294117647058824,0.02139322619135036,53
202.1428571428572,0.06666666666666667,0.024839353132726456,53
202.2142857142857,0.06666666666666667,0.024521565805276053,53
202.28571428571428,0.054901960784313725,0.022107354022675146,53
202.35714285714283,0.054901960784313725,0.022107354022675146,53
202.42857142857144,0.029411764705882353,0.014084929408680762,53
202.5,0.02653061224489796,0.012294401069338653,53
202.57142857142856,0.03469387755102041,0.017629747493031624,53
202.6428571428572,0.046,0.02064471074228586,53
202.7142857142857,0.034,0.017287485151320964,53
202.78571428571428,0.046,0.02064471074228586,53
202.85714285714283,0.05102040816326531,0.021052745748903107,53
202.92857142857144,0.04081632653061224,0.01932499688617931,53
203.0,0.04489795918367347,0.020425162987758406,53
203.07142857142856,0.034,0.016808646948665972,53
203.1428571428572,0.03877551020408163,0.0188568557271187,53
203.2142857142857,0.046,0.019838120384959947,53
203.28571428571428,0.046,0.019838120384959947,53
203.35714285714283,0.036734693877551024,0.017903244668258714,53
203.42857142857144,0.046938775510204075,0.022227572357950982,53
203.5,0.064,0.024538183489810156,53
203.57142857142856,0.036000000000000004,0.01610171748983471,53
203.6428571428572,0.03333333333333333,0.014994552387690322,53
203.7142857142857,0.05294117647058824,0.02139322619135036,53
203.78571428571428,0.05294117647058824,0.02139322619135036,53
203.85714285714283,0.049019607843137254,0.020459917585483267,53
203.92857142857144,0.044000000000000004,0.020235349953858027,53
204.0,0.04693877551020409,0.021448808066784734,53
204.07142857142856,0.046000000000000006,0.021036411581942818,53
204.1428571428572,0.038000000000000006,0.019564649503737135,53
204.2142857142857,0.044000000000000004,0.02023534995385803,53
204.28571428571428,0.044000000000000004,0.02023534995385803,53
204.35714285714283,0.04489795918367347,0.020632272885870818,53
204.42857142857144,0.04489795918367347,0.020632272885870818,53
204.5,0.030612244897959183,0.014639686541943772,53
204.57142857142856,0.02653061224489796,0.012294401069338653,53
204.6428571428572,0.036734693877551024,0.015345753681266094,53
204.7142857142857,0.03877551020408163,0.015653651019052858,53
204.78571428571428,0.04285714285714286,0.015971914124998498,53
204.85714285714283,0.03877551020408163,0.015653651019052858,53
204.92857142857144,0.03877551020408163,0.015653651019052858,53
205.0,0.042,0.015672672173602832,53
205.07142857142856,0.05600000000000001,0.022344245481162463,53
205.1428571428572,0.059183673469387764,0.02331359114039972,53
205.2142857142857,0.05600000000000001,0.022344245481162463,53
205.28571428571428,0.05600000000000001,0.022344245481162463,53
205.35714285714283,0.05714285714285715,0.022775150559177372,53
205.42857142857144,0.07600000000000001,0.029215595499803928,53
205.5,0.050980392156862744,0.020459917585483267,53
205.57142857142856,0.038,0.016134637603994854,53
205.6428571428572,0.07346938775510205,0.02956250011923914,53
205.7142857142857,0.05306122448979592,0.022418036807189227,53
205.78571428571428,0.027999999999999997,0.014008743625292872,53
205.85714285714283,0.02857142857142857,0.014285714285714285,53
205.92857142857144,0.027999999999999997,0.014008743625292872,53
206.0,0.03137254901960784,0.013573386901864144,53
206.07142857142856,0.036000000000000004,0.016353243452861925,53
206.1428571428572,0.03,0.015452362609131381,53
206.2142857142857,0.024489795918367346,0.014734213345095563,53
206.28571428571428,0.030612244897959183,0.015758617562735205,53
206.35714285714283,0.062,0.027831856655601672,53
206.42857142857144,0.038,0.017353468158925956,53
206.5,0.030612244897959183,0.015486465901812529,53
206.57142857142856,0.030612244897959183,0.015486465901812529,53
206.6428571428572,0.031914893617021274,0.015239798601451315,53
206.7142857142857,0.036734693877551024,0.01860205294404805,53
206.78571428571428,0.036734693877551024,0.01860205294404805,53
206.85714285714283,0.024489795918367346,0.014145325736005647,53
206.92857142857144,0.022448979591836737,0.014065355869479818,53
207.0,0.026000000000000002,0.013343193632954992,53
207.07142857142856,0.0653061224489796,0.0351806586772814,53
207.1428571428572,0.049019607843137254,0.0206506988951868,53
207.2142857142857,0.030612244897959183,0.015758617562735205,53
207.28571428571428,0.036000000000000004,0.016600958910095942,53
207.35714285714283,0.03125,0.016350615946929083,53
207.42857142857144,0.049019607843137254,0.02083973373425321,53
207.5,0.04489795918367347,0.02104037754314614,53
207.57142857142856,0.044000000000000004,0.020634822954591757,53
207.6428571428572,0.030612244897959183,0.01602614828488401,53
207.7142857142857,0.029411764705882353,0.01541430902512435,53
207.78571428571428,0.04285714285714286,0.019777675864090655,53
207.85714285714283,0.029411764705882353,0.01541430902512435,53
207.92857142857144,0.01764705882352941,0.010368081620707674,53
208.0,0.03529411764705882,0.015798617316457795,53
208.07142857142856,0.05294117647058824,0.028608642760532512,53
208.1428571428572,0.0326530612244898,0.0175903293386407,53
208.2142857142857,0.036000000000000004,0.019745317192195425,53
208.28571428571428,0.024489795918367346,0.014145325736005647,53
208.35714285714283,0.04,0.020800313969372913,53
208.42857142857144,0.042,0.021398073535260322,53
208.5,0.03,0.014356965173029842,53
208.57142857142856,0.029411764705882353,0.014084929408680759,53
208.6428571428572,0.048,0.02958764220799912,53
208.7142857142857,0.02,0.010690449676496976,53
208.78571428571428,0.02040816326530612,0.010902939064506536,53
208.85714285714283,0.03333333333333333,0.015759632390125584,53
208.92857142857144,0.03333333333333333,0.015759632390125584,53
209.0,0.047058823529411764,0.02045615898940388,53
209.07142857142856,0.03333333333333333,0.015759632390125584,53
209.1428571428572,0.03333333333333333,0.015759632390125584,53
209.2142857142857,0.029411764705882353,0.01541430902512435,53
209.28571428571428,0.0392156862745098,0.017949478417797347,53
209.35714285714283,0.041176470588235294,0.019235683872048187,53
209.42857142857144,0.041176470588235294,0.019235683872048187,53
209.5,0.041176470588235294,0.019235683872048187,53
209.57142857142856,0.032,0.01724730088318465,53
209.6428571428572,0.04313725490196079,0.020244563920220088,53
209.7142857142857,0.027999999999999997,0.014857142857142857,53
209.78571428571428,0.054901960784313725,0.02601865476925235,53
209.85714285714283,0.058823529411764705,0.02789004609677576,53
209.92857142857144,0.058823529411764705,0.02789004609677576,53
210.0,0.058823529411764705,0.02789004609677576,53
210.07142857142856,0.07450980392156863,0.031416635689991736,53
210.1428571428572,0.064,0.029382766016417015,53
210.2142857142857,0.06862745098039216,0.03035608232213903,53
210.28571428571428,0.04313725490196079,0.020049918480257594,53
210.35714285714283,0.04705882352941177,0.021209125149788174,53
210.42857142857144,0.064,0.028963030622798147,53
210.5,0.04489795918367347,0.020632272885870814,53
210.57142857142856,0.066,0.029222580031090163,53
210.6428571428572,0.042,0.018755135351172923,53
210.7142857142857,0.062,0.026785619047449735,53
210.78571428571428,0.06666666666666667,0.027104252855886232,53
210.85714285714283,0.06,0.0268023757704196,53
210.92857142857144,0.06470588235294117,0.02668972474850754,53
211.0,0.046,0.019422267884979815,53
211.07142857142856,0.058823529411764705,0.026297911732233704,53
211.1428571428572,0.060784313725490195,0.0267271517041392,53
211.2142857142857,0.049019607843137254,0.02572441413340114,53
211.28571428571428,0.036000000000000004,0.02208702638867164,53
211.35714285714283,0.049019607843137254,0.025262938679853186,53
211.42857142857144,0.029411764705882353,0.016637806616154056,53
211.5,0.0392156862745098,0.018381241796483084,53
211.57142857142856,0.056862745098039215,0.02493204913765072,53
211.6428571428572,0.06470588235294117,0.02579307239592996,53
211.7142857142857,0.045098039215686274,0.019058984910153516,53
211.78571428571428,0.0392156862745098,0.018381241796483084,53
211.85714285714283,0.04,0.01873553864086286,53
211.92857142857144,0.04313725490196079,0.017768644328171282,53
212.0,0.04313725490196079,0.017768644328171282,53
212.07142857142856,0.04313725490196079,0.017768644328171282,53
212.1428571428572,0.044000000000000004,0.018106262306005552,53
212.2142857142857,0.042,0.017400445689811556,53
212.28571428571428,0.042,0.017400445689811556,53
212.35714285714283,0.041176470588235294,0.017075718476139014,53
212.42857142857144,0.03,0.013170777796132696,53
212.5,0.05,0.023947220877486013,53
212.57142857142856,0.0196078431372549,0.011553662637377438,53
212.6428571428572,0.021568627450980395,0.012929287468105519,53
212.7142857142857,0.034,0.01752199783595653,53
212.78571428571428,0.03333333333333333,0.017187927059459707,53
212.85714285714283,0.050980392156862744,0.02382494145738672,53
212.92857142857144,0.036000000000000004,0.018900383324047115,53
213.0,0.03529411764705882,0.01853952416246716,53
213.07142857142856,0.04313725490196079,0.01985336479819159,53
213.1428571428572,0.03529411764705882,0.01853952416246716,53
213.2142857142857,0.038000000000000006,0.020382064945156354,53
213.28571428571428,0.0392156862745098,0.019010509244769914,53
213.35714285714283,0.04,0.02080031396937291,53
213.42857142857144,0.05294117647058824,0.02211430930175951,53
213.5,0.030612244897959183,0.018944082062101113,53
213.57142857142856,0.036734693877551024,0.01971175741875614,53
213.6428571428572,0.042,0.020018358920689556,53
213.7142857142857,0.04313725490196079,0.020244563920220088,53
213.78571428571428,0.045098039215686274,0.019058984910153516,53
213.85714285714283,0.041176470588235294,0.018823529411764708,53
213.92857142857144,0.04313725490196079,0.018204697079898295,53
214.0,0.022000000000000002,0.01117212274058123,53
214.07142857142856,0.03137254901960784,0.014414098783913027,53
214.1428571428572,0.024,0.012636196792854845,53
214.2142857142857,0.03529411764705882,0.016044919643512772,53
214.28571428571428,0.024999999999999998,0.013481008443454156,53
214.35714285714283,0.024,0.012955181770005295,53
214.42857142857144,0.0392156862745098,0.017281619244337805,53
214.5,0.041176470588235294,0.018614030253028734,53
214.57142857142856,0.041176470588235294,0.018614030253028734,53
214.6428571428572,0.05600000000000001,0.027576979456031214,53
214.7142857142857,0.034,0.01752199783595653,53
214.78571428571428,0.034,0.01752199783595653,53
214.85714285714283,0.06274509803921569,0.027859702335547267,53
214.92857142857144,0.012244897959183675,0.009050431765748348,53
215.0,0.05294117647058824,0.026324214034256336,53
215.07142857142856,0.034,0.01631576175459341,53
215.1428571428572,0.034,0.01631576175459341,53
215.2142857142857,0.034,0.01631576175459341,53
215.28571428571428,0.036000000000000004,0.0168450319691242,53
215.35714285714283,0.027999999999999997,0.015396792668922833,53
215.42857142857144,0.024,0.013266499161421601,53
215.5,0.024,0.013266499161421601,53
215.57142857142856,0.021568627450980395,0.011984868070538137,53
215.6428571428572,0.05294117647058824,0.02463107254500738,53
215.7142857142857,0.054901960784313725,0.026018654769252348,53
215.78571428571428,0.012244897959183673,0.007510000736673339,53
215.85714285714283,0.03725490196078431,0.01898622499907483,53
215.92857142857144,0.0392156862745098,0.01941869553433717,53
216.0,0.06666666666666667,0.027104252855886232,53
216.07142857142856,0.049019607843137254,0.021396820181496065,53
216.1428571428572,0.038000000000000006,0.019772171744909663,53
216.2142857142857,0.049019607843137254,0.022294384946748073,53
216.28571428571428,0.050980392156862744,0.022815981502413887,53
216.35714285714283,0.054901960784313725,0.024304235972307717,53
216.42857142857144,0.054901960784313725,0.024304235972307717,53
216.5,0.056862745098039215,0.025244669708911503,53
216.57142857142856,0.049019607843137254,0.02495054701268528,53
216.6428571428572,0.047058823529411764,0.02478977353612409,53
216.7142857142857,0.049019607843137254,0.02495054701268528,53
216.78571428571428,0.050980392156862744,0.02632713489019145,53
216.85714285714283,0.034,0.023142857142857142,53
216.92857142857144,0.038,0.023367516263534095,53
217.0,0.034693877551020415,0.024493338746005174,53
217.07142857142856,0.034,0.02400850189548082,53
217.1428571428572,0.034,0.02400850189548082,53
217.2142857142857,0.034,0.02400850189548082,53
217.28571428571428,0.049019607843137254,0.027917602714600295,53
217.35714285714283,0.049019607843137254,0.027917602714600295,53
217.42857142857144,0.049019607843137254,0.027917602714600295,53
217.5,0.07254901960784314,0.03587324431695458,53
217.57142857142856,0.05294117647058824,0.029016958013624982,53
217.6428571428572,0.05294117647058824,0.029016958013624982,53
217.7142857142857,0.049019607843137254,0.02861133040606059,53
217.78571428571428,0.04800000000000001,0.027588817610453283,53
217.85714285714283,0.045098039215686274,0.025562491745462372,53
217.92857142857144,0.08627450980392158,0.037575503893991245,53
218.0,0.07254901960784314,0.032428313865769456,53
218.07142857142856,0.05686274509803922,0.028319590940989514,53
218.1428571428572,0.049019607843137254,0.027492965092284098,53
218.2142857142857,0.049019607843137254,0.027492965092284098,53
218.28571428571428,0.032,0.0216540517959959,53
218.35714285714283,0.047058823529411764,0.026024564742018915,53
218.42857142857144,0.049019607843137254,0.02632713489019145,53
218.5,0.014285714285714285,0.010101525445522107,53
218.57142857142856,0.014583333333333332,0.010309734835955136,53
218.6428571428572,0.03137254901960784,0.019899787382533764,53
218.7142857142857,0.03137254901960784,0.019899787382533764,53
218.78571428571428,0.013999999999999999,0.00990155625780769,53
218.85714285714283,0.03,0.018571428571428572,53
218.92857142857144,0.013999999999999999,0.00990155625780769,53
219.0,0.03725490196078431,0.01898622499907483,53
219.07142857142856,0.027999999999999997,0.01691274124222713,53
219.1428571428572,0.013999999999999999,0.00990155625780769,53
219.2142857142857,0.04,0.022131333406899524,53
219.28571428571428,0.026000000000000002,0.015599581365392795,53
219.35714285714283,0.02653061224489796,0.015912043048593286,53
219.42857142857144,0.026000000000000002,0.015599581365392795,53
219.5,0.011764705882352941,0.007220373584126261,53
219.57142857142856,0.012,0.007362342129557215,53
219.6428571428572,0.03137254901960784,0.020673028004858353,53
219.7142857142857,0.025490196078431372,0.0199692189121161,53
219.78571428571428,0.032,0.02108099056651053,53
219.85714285714283,0.048,0.024115368966867654,53
219.92857142857144,0.03877551020408163,0.02365719003952986,53
220.0,0.038000000000000006,0.023192187284092204,53
220.07142857142856,0.047058823529411764,0.02447134237148658,53
220.1428571428572,0.047058823529411764,0.02447134237148658,53
220.2142857142857,0.038000000000000006,0.023192187284092204,53
220.28571428571428,0.03877551020408163,0.02365719003952986,53
220.35714285714283,0.03877551020408163,0.023836233803329228,53
220.42857142857144,0.036734693877551024,0.021762063186686366,53
220.5,0.038,0.021738708070431153,53
220.57142857142856,0.038,0.021738708070431153,53
220.6428571428572,0.041176470588235294,0.02022936529651597,53
220.7142857142857,0.038,0.020180815298754633,53
220.78571428571428,0.04313725490196079,0.020437355640463343,53
220.85714285714283,0.022000000000000002,0.010800604669391886,53
220.92857142857144,0.045098039215686274,0.02082866152923843,53
221.0,0.025490196078431372,0.011147192473374036,53
221.07142857142856,0.025490196078431372,0.011147192473374036,53
221.1428571428572,0.02,0.009897433186107871,53
221.2142857142857,0.032,0.019470542899886655,53
221.28571428571428,0.032,0.019470542899886655,53
221.35714285714283,0.032,0.019470542899886655,53
221.42857142857144,0.06666666666666667,0.031143773703950457,53
221.5,0.038,0.020382064945156354,53
221.57142857142856,0.030612244897959183,0.020034850934767204,53
221.6428571428572,0.03,0.019846348556356863,53
221.7142857142857,0.022000000000000002,0.01835922723019125,53
221.78571428571428,0.022448979591836737,0.018732203827230426,53
221.85714285714283,0.02040816326530612,0.01674630425182472,53
221.92857142857144,0.02,0.016413036132965797,53
222.0,0.02448979591836735,0.0171355669630068,53
222.07142857142856,0.02291666666666667,0.015539809131668886,53
222.1428571428572,0.02448979591836735,0.0171355669630068,53
222.2142857142857,0.025000000000000005,0.017488598109333613,53
222.28571428571428,0.008333333333333333,0.005829532703111205,53
222.35714285714283,0.00816326530612245,0.0057118556543356005,53
222.42857142857144,0.04,0.03232488142567075,53
222.5,0.00816326530612245,0.0057118556543356005,53
222.57142857142856,0.008,0.005598833697790121,53
222.6428571428572,0.00816326530612245,0.0057118556543356005,53
222.7142857142857,0.004,0.004,53
222.78571428571428,0.004081632653061225,0.004081632653061224,53
222.85714285714283,0.004,0.004,53
222.92857142857144,0.004081632653061225,0.004081632653061224,53
223.0,0.004,0.004,53
223.07142857142856,0.004,0.004,53
223.1428571428572,0.0,0.0,53
223.2142857142857,0.0,0.0,53
223.28571428571428,0.018367346938775512,0.018367346938775512,53
223.35714285714283,0.0,0.0,53
223.42857142857144,0.02,0.019999999999999993,53
223.5,0.018367346938775512,0.018367346938775512,53
223.57142857142856,0.018000000000000002,0.018000000000000002,53
223.6428571428572,0.018367346938775512,0.018367346938775512,53
223.7142857142857,0.036734693877551024,0.025868235839226584,53
223.78571428571428,0.02040816326530612,0.020408163265306117,53
223.85714285714283,0.0,0.0,53
223.92857142857144,0.0,0.0,53
224.0,0.0,0.0,53
224.07142857142856,0.0,0.0,53
224.1428571428572,0.0,0.0,53
224.2142857142857,0.0,0.0,53
224.28571428571428,0.022000000000000002,0.022,53
224.35714285714283,0.0,0.0,53
224.42857142857144,0.02040816326530612,0.020408163265306117,53
224.5,0.02,0.019999999999999993,53
224.57142857142856,0.0020408163265306124,0.002040816326530612,53
224.6428571428572,0.024000000000000004,0.022050035864656838,53
224.7142857142857,0.028571428571428574,0.02277515055917737,53
224.78571428571428,0.024000000000000004,0.022050035864656838,53
224.85714285714283,0.028000000000000004,0.022322314268142407,53
224.92857142857144,0.028000000000000004,0.022322314268142407,53
225.0,0.006122448979591837,0.004525215882874174,53
225.07142857142856,0.002,0.002,53
225.1428571428572,0.002,0.002,53
225.2142857142857,0.029411764705882353,0.025712454851428247,53
225.28571428571428,0.024,0.020315872953864198,53
225.35714285714283,0.024489795918367346,0.020728774129513725,53
225.42857142857144,0.022000000000000002,0.020059096363963542,53
225.5,0.022000000000000002,0.02005909636396354,53
225.57142857142856,0.026000000000000002,0.02036603815679627,53
225.6428571428572,0.022000000000000002,0.02005909636396354,53
225.7142857142857,0.022000000000000002,0.02005909636396354,53
225.78571428571428,0.023529411764705885,0.021618480709549363,53
225.85714285714283,0.024000000000000004,0.022050035864656838,53
225.92857142857144,0.024000000000000004,0.022050035864656838,53
226.0,0.02448979591836735,0.022499170854884752,53
226.07142857142856,0.03469387755102041,0.030660392974460188,53
226.1428571428572,0.0,0.0,53
226.2142857142857,0.027999999999999997,0.027999999999999997,53
226.28571428571428,0.03137254901960784,0.023513066217915716,53
226.35714285714283,0.01,0.01,53
226.42857142857144,0.00980392156862745,0.00980392156862745,53
226.5,0.05686274509803922,0.03421442213519566,53
226.57142857142856,0.029411764705882353,0.021746150012567484,53
226.6428571428572,0.029411764705882353,0.021746150012567484,53
226.7142857142857,0.029411764705882353,0.021746150012567484,53
226.78571428571428,0.03529411764705882,0.02237357149113085,53
226.85714285714283,0.012244897959183673,0.012244897959183673,53
226.92857142857144,0.03725490196078431,0.023256588240286653,53
227.0,0.018,0.013306435453937162,53
227.07142857142856,0.04313725490196079,0.025088846355644415,53
227.1428571428572,0.0392156862745098,0.024904276563619498,53
227.2142857142857,0.032,0.023112855332750492,53
227.28571428571428,0.032,0.023112855332750492,53
227.35714285714283,0.048,0.027736368227455076,53
227.42857142857144,0.03,0.02142857142857143,53
227.5,0.023529411764705882,0.01647058823529412,53
227.57142857142856,0.0,0.0,53
227.6428571428572,0.0163265306122449,0.016326530612244896,53
227.7142857142857,0.029411764705882353,0.021012436587637354,53
227.78571428571428,0.0,0.0,53
227.85714285714283,0.03529411764705882,0.022373571491130843,53
227.92857142857144,0.054901960784313725,0.029280753966800153,53
228.0,0.041176470588235294,0.026297911732233708,53
228.07142857142856,0.021568627450980395,0.01800081163533882,53
228.1428571428572,0.004,0.004,53
228.2142857142857,0.018,0.014481515311399068,53
228.28571428571428,0.024,0.020315872953864198,53
228.35714285714283,0.0392156862745098,0.027450980392156862,53
228.42857142857144,0.0196078431372549,0.019607843137254898,53
228.5,0.0196078431372549,0.017716638428355323,53
228.57142857142856,0.0196078431372549,0.01771663842835532,53
228.6428571428572,0.018000000000000002,0.018000000000000002,53
228.7142857142857,0.03529411764705882,0.024705882352941175,53
228.78571428571428,0.0,0.0,53
228.85714285714283,0.03725490196078431,0.026115998299250872,53
228.92857142857144,0.03333333333333334,0.023375312377766633,53
229.0,0.03529411764705882,0.024864105857486052,53
229.07142857142856,0.01764705882352941,0.01764705882352941,53
229.1428571428572,0.03333333333333334,0.023375312377766633,53
229.2142857142857,0.01764705882352941,0.01764705882352941,53
229.28571428571428,0.0,0.0,53
229.35714285714283,0.01764705882352941,0.01764705882352941,53
229.42857142857144,0.01764705882352941,0.01764705882352941,53
229.5,0.01764705882352941,0.01764705882352941,53
229.57142857142856,0.01764705882352941,0.01764705882352941,53
229.6428571428572,0.01764705882352941,0.01764705882352941,53
229.7142857142857,0.03137254901960784,0.02213863557062344,53
229.78571428571428,0.03137254901960784,0.02213863557062344,53
229.85714285714283,0.05,0.028464084064530402,53
229.92857142857144,0.01764705882352941,0.01764705882352941,53
230.0,0.02,0.019999999999999997,53
230.07142857142856,0.023529411764705882,0.018489686641766718,53
230.1428571428572,0.006,0.005999999999999999,53
230.2142857142857,0.022000000000000002,0.01697296770317616,53
230.28571428571428,0.038000000000000006,0.02301552271216724,53
230.35714285714283,0.03725490196078431,0.022572025774365748,53
230.42857142857144,0.03529411764705882,0.02129595918805563,53
230.5,0.03725490196078431,0.022572025774365748,53
230.57142857142856,0.03725490196078431,0.022572025774365748,53
230.6428571428572,0.023529411764705882,0.018489686641766718,53
230.7142857142857,0.023529411764705882,0.018489686641766718,53
230.78571428571428,0.023529411764705882,0.018489686641766718,53
230.85714285714283,0.021568627450980395,0.01664242758739054,53
230.92857142857144,0.021568627450980395,0.01664242758739054,53
231.0,0.006,0.005999999999999999,53
231.07142857142856,0.021568627450980395,0.01664242758739054,53
231.1428571428572,0.006,0.005999999999999999,53
231.2142857142857,0.0196078431372549,0.014824359350145724,53
231.28571428571428,0.0196078431372549,0.014824359350145724,53
231.35714285714283,0.006,0.005999999999999999,53
231.42857142857144,0.0058823529411764705,0.0058823529411764705,53
231.5,0.0058823529411764705,0.0058823529411764705,53
231.57142857142856,0.0058823529411764705,0.0058823529411764705,53
231.6428571428572,0.01568627450980392,0.01568627450980392,53
231.7142857142857,0.03137254901960784,0.02213863557062344,53
231.78571428571428,0.0,0.0,53
231.85714285714283,0.013725490196078431,0.01372549019607843,53
231.92857142857144,0.013725490196078431,0.01372549019607843,53
232.0,0.03137254901960784,0.02213863557062344,53
232.07142857142856,0.01568627450980392,0.012326457761177812,53
232.1428571428572,0.01568627450980392,0.012326457761177812,53
232.2142857142857,0.01568627450980392,0.012326457761177812,53
232.28571428571428,0.01568627450980392,0.012326457761177812,53
232.35714285714283,0.01764705882352941,0.014199111364887586,53
232.42857142857144,0.029411764705882353,0.018213142776051953,53
232.5,0.00392156862745098,0.00392156862745098,53
232.57142857142856,0.00392156862745098,0.00392156862745098,53
232.6428571428572,0.01764705882352941,0.01764705882352941,53
232.7142857142857,0.013725490196078431,0.01372549019607843,53
232.78571428571428,0.011764705882352941,0.011764705882352941,53
232.85714285714283,0.011764705882352941,0.011764705882352941,53
232.92857142857144,0.01568627450980392,0.012326457761177812,53
233.0,0.01568627450980392,0.012326457761177812,53
233.07142857142856,0.011764705882352941,0.011764705882352941,53
233.1428571428572,0.01568627450980392,0.012326457761177812,53
233.2142857142857,0.013725490196078431,0.010486072123232104,53
233.28571428571428,0.013725490196078431,0.010486072123232104,53
233.35714285714283,0.01568627450980392,0.012326457761177812,53
233.42857142857144,0.01568627450980392,0.012326457761177812,53
233.5,0.01568627450980392,0.012326457761177812,53
233.57142857142856,0.01568627450980392,0.012326457761177812,53
233.6428571428572,0.01568627450980392,0.012326457761177812,53
233.7142857142857,0.00392156862745098,0.00392156862745098,53
233.78571428571428,0.0196078431372549,0.016092772179359362,53
233.85714285714283,0.01568627450980392,0.013825962795140543,53
233.92857142857144,0.013725490196078431,0.01372549019607843,53
234.0,0.01568627450980392,0.015686274509803918,53
234.07142857142856,0.013725490196078431,0.01372549019607843,53
234.1428571428572,0.013725490196078431,0.01372549019607843,53
234.2142857142857,0.013725490196078431,0.01372549019607843,53
234.28571428571428,0.013999999999999999,0.013999999999999999,53
234.35714285714283,0.04313725490196079,0.032207038806944574,53
234.42857142857144,0.013999999999999999,0.013999999999999999,53
234.5,0.013999999999999999,0.013999999999999999,53
234.57142857142856,0.013725490196078431,0.01372549019607843,53
234.6428571428572,0.013725490196078431,0.01372549019607843,53
234.7142857142857,0.012,0.011999999999999999,53
234.78571428571428,0.012,0.011999999999999999,53
234.85714285714283,0.011764705882352941,0.011764705882352941,53
234.92857142857144,0.012,0.011999999999999999,53
235.0,0.027450980392156862,0.01941869553433717,53
235.07142857142856,0.047058823529411764,0.03579384777638449,53
235.1428571428572,0.013725490196078431,0.01372549019607843,53
235.2142857142857,0.013725490196078431,0.01372549019607843,53
235.28571428571428,0.013725490196078431,0.01372549019607843,53
235.35714285714283,0.0,0.0,53
235.42857142857144,0.013725490196078431,0.01372549019607843,53
235.5,0.0,0.0,53
235.57142857142856,0.013725490196078431,0.01372549019607843,53
235.6428571428572,0.0,0.0,53
235.7142857142857,0.021568627450980395,0.015162835238573492,53
235.78571428571428,0.01020408163265306,0.010204081632653059,53
235.85714285714283,0.0,0.0,53
235.92857142857144,0.021568627450980395,0.015162835238573492,53
236.0,0.011764705882352941,0.011764705882352941,53
236.07142857142856,0.011764705882352941,0.011764705882352941,53
236.1428571428572,0.0,0.0,53
236.2142857142857,0.0,0.0,53
236.28571428571428,0.0,0.0,53
236.35714285714283,0.013725490196078431,0.01372549019607843,53
236.42857142857144,0.04313725490196079,0.032207038806944574,53
236.5,0.04117647058823529,0.03044461001759448,53
236.57142857142856,0.014285714285714285,0.014285714285714285,53
236.6428571428572,0.013999999999999999,0.013999999999999999,53
236.7142857142857,0.00784313725490196,0.00784313725490196,53
236.78571428571428,0.022000000000000002,0.01598213288108228,53
236.85714285714283,0.013725490196078431,0.01372549019607843,53
236.92857142857144,0.013725490196078431,0.01372549019607843,53
237.0,0.013999999999999999,0.013999999999999999,53
237.07142857142856,0.01568627450980392,0.015686274509803918,53
237.1428571428572,0.0,0.0,53
237.2142857142857,0.0,0.0,53
237.28571428571428,0.0,0.0,53
237.35714285714283,0.002,0.002,53
237.42857142857144,0.04313725490196079,0.03600162327067764,53
237.5,0.045098039215686274,0.037917736083883324,53
237.57142857142856,0.0196078431372549,0.014824359350145718,53
237.6428571428572,0.021568627450980395,0.014901960784313717,53
237.7142857142857,0.013999999999999999,0.013999999999999999,53
237.78571428571428,0.014285714285714285,0.014285714285714285,53
237.85714285714283,0.0058823529411764705,0.005882352941176472,53
237.92857142857144,0.0,0.0,53
238.0,0.0,0.0,53
238.07142857142856,0.004,0.004,53
238.1428571428572,0.01764705882352941,0.014199111364887586,53
238.2142857142857,0.013999999999999999,0.013999999999999999,53
238.28571428571428,0.013999999999999999,0.013999999999999999,53
238.35714285714283,0.014285714285714285,0.014285714285714285,53
238.42857142857144,0.012,0.011999999999999999,53
238.5,0.012,0.011999999999999999,53
238.57142857142856,0.014285714285714285,0.014285714285714285,53
238.6428571428572,0.013999999999999999,0.013999999999999999,53
238.7142857142857,0.014285714285714285,0.014285714285714285,53
238.78571428571428,0.012,0.011999999999999999,53
238.85714285714283,0.01020408163265306,0.010204081632653059,53
238.92857142857144,0.01020408163265306,0.010204081632653059,53
239.0,0.01,0.009999999999999997,53
239.07142857142856,0.0,0.0,53
239.1428571428572,0.0,0.0,53
239.2142857142857,0.0,0.0,53
239.28571428571428,0.00196078431372549,0.00196078431372549,53
239.35714285714283,0.0020408163265306124,0.002040816326530612,53
239.42857142857144,0.00196078431372549,0.00196078431372549,53
239.5,0.00196078431372549,0.00196078431372549,53
239.57142857142856,0.004,0.004,53
239.6428571428572,0.004,0.004,53
239.7142857142857,0.00392156862745098,0.00392156862745098,53
239.78571428571428,0.004081632653061225,0.004081632653061224,53
239.85714285714283,0.00392156862745098,0.00392156862745098,53
239.92857142857144,0.008,0.005598833697790121,53
240.0,0.004,0.004,53
240.07142857142856,0.004081632653061225,0.004081632653061224,53
240.1428571428572,0.01,0.007142857142857143,53
240.2142857142857,0.01020408163265306,0.0072871718658600515,53
240.28571428571428,0.018000000000000002,0.01057142857142857,53
240.35714285714283,0.018000000000000002,0.01057142857142857,53
240.42857142857144,0.01764705882352941,0.010368081620707674,53
240.5,0.01764705882352941,0.010368081620707674,53
240.57142857142856,0.018000000000000002,0.01057142857142857,53
240.6428571428572,0.018367346938775512,0.010782903050440381,53
240.7142857142857,0.018000000000000002,0.01057142857142857,53
240.78571428571428,0.01764705882352941,0.010368081620707674,53
240.85714285714283,0.012000000000000002,0.008870956969291442,53
240.92857142857144,0.01,0.008206518066482898,53
241.0,0.01,0.008206518066482898,53
241.07142857142856,0.01,0.008206518066482898,53
241.1428571428572,0.01,0.008206518066482898,53
241.2142857142857,0.008,0.006285714285714285,53
241.28571428571428,0.00816326530612245,0.006413165862232926,53
241.35714285714283,0.002,0.002,53
241.42857142857144,0.008,0.006285714285714285,53
241.5,0.00816326530612245,0.006413165862232926,53
241.57142857142856,0.008,0.006285714285714285,53
241.6428571428572,0.00816326530612245,0.006413165862232926,53
241.7142857142857,0.008,0.006285714285714285,53
241.78571428571428,0.008,0.006285714285714285,53
241.85714285714283,0.013999999999999999,0.008576189154173504,53
241.92857142857144,0.013999999999999999,0.008576189154173504,53
242.0,0.013999999999999999,0.008576189154173504,53
242.07142857142856,0.018367346938775512,0.009526845968816951,53
242.1428571428572,0.016,0.00826104702560055,53
242.2142857142857,0.013999999999999999,0.008086269541762805,53
242.28571428571428,0.014285714285714285,0.008247860988423224,53
242.35714285714283,0.012000000000000002,0.00678533833545024,53
242.42857142857144,0.012000000000000002,0.00678533833545024,53
242.5,0.012244897959183675,0.006920744880740071,53
242.57142857142856,0.008,0.005598833697790121,53
242.6428571428572,0.008,0.005598833697790121,53
242.7142857142857,0.008,0.005598833697790121,53
242.78571428571428,0.002,0.002,53
242.85714285714283,0.00196078431372549,0.00196078431372549,53
242.92857142857144,0.00196078431372549,0.00196078431372549,53
243.0,0.00196078431372549,0.00196078431372549,53
243.07142857142856,0.0020408163265306124,0.002040816326530612,53
243.1428571428572,0.00196078431372549,0.00196078431372549,53
243.2142857142857,0.00196078431372549,0.00196078431372549,53
243.28571428571428,0.00196078431372549,0.00196078431372549,53
243.35714285714283,0.00196078431372549,0.00196078431372549,53
243.42857142857144,0.002,0.002,53
243.5,0.04,0.030505937862946603,53
243.57142857142856,0.07346938775510205,0.03888054160297707,53
243.6428571428572,0.016,0.009196272536817762,53
243.7142857142857,0.01,0.005890150893739515,53
243.78571428571428,0.017647058823529415,0.009581797429702445,53
243.85714285714283,0.0392156862745098,0.024427312160623424,53
243.92857142857144,0.011764705882352943,0.006655122646461625,53
244.0,0.04313725490196079,0.03183965981205402,53
244.07142857142856,0.01568627450980392,0.00760420369790797,53
244.1428571428572,0.01568627450980392,0.00760420369790797,53
244.2142857142857,0.01568627450980392,0.00760420369790797,53
244.28571428571428,0.01568627450980392,0.00760420369790797,53
244.35714285714283,0.01568627450980392,0.00760420369790797,53
244.42857142857144,0.01764705882352941,0.008724939396583134,53
244.5,0.049019607843137254,0.03222136047317094,53
244.57142857142856,0.05294117647058824,0.030723682016942575,53
244.6428571428572,0.025490196078431372,0.010419866867126605,53
244.7142857142857,0.0196078431372549,0.008864827102319464,53
244.78571428571428,0.027450980392156862,0.011229663579040278,53
244.85714285714283,0.018000000000000002,0.009341590128155322,53
244.92857142857144,0.01764705882352941,0.009163389369057194,53
245.0,0.011764705882352941,0.007220373584126261,53
245.07142857142856,0.011764705882352941,0.007220373584126261,53
245.1428571428572,0.01568627450980392,0.008573808278068803,53
245.2142857142857,0.011764705882352943,0.006037178164055159,53
245.28571428571428,0.00784313725490196,0.004722193952467568,53
245.35714285714283,0.00784313725490196,0.004722193952467568,53
245.42857142857144,0.00784313725490196,0.004722193952467568,53
245.5,0.00784313725490196,0.004722193952467568,53
245.57142857142856,0.011764705882352943,0.006037178164055159,53
245.6428571428572,0.012000000000000002,0.006154474065296576,53
245.7142857142857,0.011764705882352943,0.006037178164055159,53
245.78571428571428,0.016,0.007205440121667711,53
245.85714285714283,0.01568627450980392,0.007069708383262726,53
245.92857142857144,0.012000000000000002,0.006154474065296576,53
246.0,0.034,0.026435906318058075,53
246.07142857142856,0.011764705882352943,0.006655122646461625,53
246.1428571428572,0.012000000000000002,0.00678533833545024,53
246.2142857142857,0.00816326530612245,0.0057118556543356005,53
246.28571428571428,0.00980392156862745,0.005776831318688719,53
246.35714285714283,0.008,0.005598833697790121,53
246.42857142857144,0.008,0.005598833697790121,53
246.5,0.00980392156862745,0.005776831318688719,53
246.57142857142856,0.014000000000000002,0.007004371812646438,53
246.6428571428572,0.01,0.005890150893739516,53
246.7142857142857,0.014000000000000002,0.007004371812646438,53
246.78571428571428,0.008,0.005598833697790121,53
246.85714285714283,0.008,0.004814942727529348,53
246.92857142857144,0.008,0.004814942727529348,53
247.0,0.008,0.004814942727529348,53
247.07142857142856,0.002,0.0019999999999999996,53
247.1428571428572,0.002,0.0019999999999999996,53
247.2142857142857,0.005882352941176471,0.004349230002513497,53
247.28571428571428,0.005882352941176471,0.004349230002513497,53
247.35714285714283,0.002,0.0019999999999999996,53
247.42857142857144,0.002,0.0019999999999999996,53
247.5,0.0020408163265306124,0.002040816326530612,53
247.57142857142856,0.002,0.0019999999999999996,53
247.6428571428572,0.002,0.0019999999999999996,53
247.7142857142857,0.00784313725490196,0.006163228880588907,53
247.78571428571428,0.0020408163265306124,0.002040816326530612,53
247.85714285714283,0.01,0.006546536707079773,53
247.92857142857144,0.00392156862745098,0.0027450980392156863,53
248.0,0.00392156862745098,0.0027450980392156863,53
248.07142857142856,0.005882352941176471,0.004349230002513496,53
248.1428571428572,0.008,0.005598833697790121,53
248.2142857142857,0.008,0.005598833697790121,53
248.28571428571428,0.008,0.005598833697790121,53
248.35714285714283,0.008,0.005598833697790121,53
248.42857142857144,0.008,0.005598833697790121,53
248.5,0.03333333333333334,0.022346060172405296,53
248.57142857142856,0.008,0.005598833697790121,53
248.6428571428572,0.008,0.005598833697790121,53
248.7142857142857,0.011764705882352943,0.006655122646461625,53
248.78571428571428,0.008,0.005598833697790121,53
248.85714285714283,0.011764705882352943,0.006655122646461625,53
248.92857142857144,0.012,0.007362342129557215,53
249.0,0.012,0.007362342129557215,53
249.07142857142856,0.011764705882352941,0.007220373584126261,53
249.1428571428572,0.00980392156862745,0.0070041455292124515,53
249.2142857142857,0.03137254901960784,0.02249011915127791,53
249.28571428571428,0.00980392156862745,0.0070041455292124515,53
249.35714285714283,0.00980392156862745,0.0070041455292124515,53
249.42857142857144,0.011764705882352941,0.007220373584126261,53
249.5,0.00784313725490196,0.006163228880588906,53
249.57142857142856,0.00784313725490196,0.006163228880588906,53
249.6428571428572,0.00784313725490196,0.006163228880588906,53
249.7142857142857,0.011764705882352941,0.0072203735841262625,53
249.78571428571428,0.013725490196078433,0.008864827102319462,53
249.85714285714283,0.00784313725490196,0.006163228880588906,53
249.92857142857144,0.00784313725490196,0.006163228880588906,53
250.0,0.011764705882352941,0.0072203735841262625,53
250.07142857142856,0.011764705882352941,0.0072203735841262625,53
250.1428571428572,0.027450980392156866,0.01705318816090894,53
250.2142857142857,0.03333333333333333,0.026071796295834764,53
250.28571428571428,0.01568627450980392,0.013825962795140543,53
250.35714285714283,0.00196078431372549,0.00196078431372549,53
250.42857142857144,0.002,0.002,53
250.5,0.002,0.002,53
250.57142857142856,0.005882352941176471,0.004349230002513496,53
250.6428571428572,0.005882352941176471,0.004349230002513496,53
250.7142857142857,0.008,0.006285714285714285,53
250.78571428571428,0.008,0.006285714285714285,53
250.85714285714283,0.005882352941176471,0.004349230002513496,53
250.92857142857144,0.006,0.005999999999999999,53
251.0,0.002,0.002,53
251.07142857142856,0.006,0.005999999999999999,53
251.1428571428572,0.022000000000000002,0.01697296770317617,53
251.2142857142857,0.0,0.0,53
251.28571428571428,0.006122448979591836,0.006122448979591836,53
251.35714285714283,0.0,0.0,53
251.42857142857144,0.034,0.034,53
251.5,0.00392156862745098,0.00392156862745098,53
251.57142857142856,0.002,0.002,53
251.6428571428572,0.002,0.002,53
251.7142857142857,0.002,0.002,53
251.78571428571428,0.002,0.002,53
251.85714285714283,0.002,0.002,53
251.92857142857144,0.002,0.002,53
252.0,0.002,0.002,53
252.07142857142856,0.00392156862745098,0.0027450980392156863,53
252.1428571428572,0.002,0.002,53
252.2142857142857,0.002,0.002,53
252.28571428571428,0.01,0.008206518066482898,53
252.35714285714283,0.004,0.0027994168488950605,53
252.42857142857144,0.036000000000000004,0.03401800243688507,53
252.5,0.002,0.002,53
252.57142857142856,0.00196078431372549,0.00196078431372549,53
252.6428571428572,0.00196078431372549,0.00196078431372549,53
252.7142857142857,0.00196078431372549,0.00196078431372549,53
252.78571428571428,0.002,0.002,53
252.85714285714283,0.00196078431372549,0.00196078431372549,53
252.92857142857144,0.002,0.002,53
253.0,0.004,0.004,53
253.07142857142856,0.004,0.004,53
253.1428571428572,0.012,0.010157936476932099,53
253.2142857142857,0.012,0.010157936476932099,53
253.28571428571428,0.008,0.007999999999999998,53
253.35714285714283,0.01,0.008206518066482898,53
253.42857142857144,0.008,0.007999999999999998,53
253.5,0.0,0.0,53
253.57142857142856,0.0,0.0,53
253.6428571428572,0.0,0.0,53
253.7142857142857,0.0,0.0,53
253.78571428571428,0.008,0.007999999999999998,53
253.85714285714283,0.0,0.0,53
253.92857142857144,0.0,0.0,53
254.0,0.008,0.007999999999999998,53
254.07142857142856,0.00392156862745098,0.00392156862745098,53
254.1428571428572,0.00816326530612245,0.008163265306122448,53
254.2142857142857,0.008,0.007999999999999998,53
254.28571428571428,0.00816326530612245,0.008163265306122448,53
254.35714285714283,0.008,0.007999999999999998,53
254.42857142857144,0.013725490196078431,0.009709347767168586,53
254.5,0.01020408163265306,0.010204081632653059,53
254.57142857142856,0.03333333333333333,0.024970431686874014,53
254.6428571428572,0.012,0.010157936476932103,53
254.7142857142857,0.0,0.0,53
254.78571428571428,0.0,0.0,53
254.85714285714283,0.0,0.0,53
254.92857142857144,0.0,0.0,53
255.0,0.0,0.0,53
255.07142857142856,0.00784313725490196,0.00784313725490196,53
255.1428571428572,0.0,0.0,53
255.2142857142857,0.0,0.0,53
255.28571428571428,0.0,0.0,53
255.35714285714283,0.0,0.0,53
255.42857142857144,0.0,0.0,53
255.5,0.024,0.024000000000000004,53
255.57142857142856,0.034,0.025810929499587056,53
255.6428571428572,0.027450980392156862,0.02745098039215686,53
255.7142857142857,0.025490196078431372,0.025490196078431372,53
255.78571428571428,0.0,0.0,53
255.85714285714283,0.0,0.0,53
255.92857142857144,0.0,0.0,53
256.0,0.0,0.0,53
256.07142857142856,0.00196078431372549,0.00196078431372549,53
256.1428571428571,0.0,0.0,53
256.2142857142857,0.002,0.0019999999999999996,53
256.2857142857143,0.002,0.0019999999999999996,53
256.35714285714283,0.0,0.0,53
256.4285714285714,0.0,0.0,53
256.5,0.0,0.0,53
256.57142857142856,0.01,0.009999999999999997,53
256.6428571428571,0.0020408163265306124,0.002040816326530612,53
256.7142857142857,0.002,0.0019999999999999996,53
256.7857142857143,0.0,0.0,53
256.85714285714283,0.0,0.0,53
256.9285714285714,0.0,0.0,53
257.0,0.016,0.014101671633432076,53
257.07142857142856,0.00196078431372549,0.00196078431372549,53
257.1428571428571,0.024000000000000004,0.02205003586465684,53
257.2142857142857,0.02,0.01807015805810502,53
257.2857142857143,0.0196078431372549,0.017716638428355316,53
257.35714285714283,0.03137254901960784,0.020290091482786717,53
257.4285714285714,0.0058823529411764705,0.0058823529411764705,53
257.5,0.025490196078431372,0.019167606917411668,53
257.57142857142856,0.027999999999999997,0.020412081256562003,53
257.6428571428571,0.055999999999999994,0.03284596083017123,53
257.7142857142857,0.03333333333333333,0.023708469019908772,53
257.7857142857143,0.03333333333333333,0.023708469019908772,53
257.85714285714283,0.054901960784313725,0.03159966809086004,53
257.9285714285714,0.03333333333333333,0.023708469019908772,53
258.0,0.022000000000000002,0.01598213288108228,53
258.07142857142856,0.022000000000000002,0.01598213288108228,53
258.1428571428571,0.06274509803921569,0.032292873531043424,53
258.2142857142857,0.03725490196078431,0.022221837751383824,53
258.2857142857143,0.02,0.014285714285714285,53
258.35714285714283,0.03725490196078431,0.022221837751383824,53
258.4285714285714,0.0392156862745098,0.02377648061368489,53
258.5,0.0392156862745098,0.02377648061368489,53
258.57142857142856,0.0196078431372549,0.014008291058424903,53
258.6428571428571,0.0,0.0,53
258.7142857142857,0.0,0.0,53
258.7857142857143,0.011764705882352941,0.011764705882352941,53
258.85714285714283,0.012,0.011999999999999999,53
258.9285714285714,0.012,0.011999999999999999,53
259.0,0.011764705882352941,0.011764705882352941,53
259.07142857142856,0.0,0.0,53
259.1428571428571,0.011764705882352941,0.011764705882352941,53
259.2142857142857,0.0196078431372549,0.019607843137254898,53
259.2857142857143,0.0,0.0,53
259.35714285714283,0.0,0.0,53
259.4285714285714,0.021568627450980395,0.021568627450980392,53
259.5,0.0,0.0,53
259.57142857142856,0.0,0.0,53
259.6428571428571,0.0,0.0,53
259.7142857142857,0.021568627450980395,0.021568627450980395,53
259.7857142857143,0.0,0.0,53
259.85714285714283,0.0,0.0,53
259.9285714285714,0.0,0.0,53
260.0,0.0,0.0,53
260.07142857142856,0.01764705882352941,0.01764705882352941,53
260.1428571428571,0.0,0.0,53
260.2142857142857,0.0,0.0,53
260.2857142857143,0.0,0.0,53
260.35714285714283,0.0,0.0,53
260.4285714285714,0.0,0.0,53
260.5,0.0,0.0,53
260.57142857142856,0.0,0.0,53
260.6428571428571,0.0,0.0,53
260.7142857142857,0.027999999999999997,0.027999999999999997,53
260.7857142857143,0.0,0.0,53
260.85714285714283,0.0,0.0,53
260.9285714285714,0.0,0.0,53
261.0,0.022000000000000002,0.022,53
261.07142857142856,0.025490196078431372,0.025490196078431372,53
261.1428571428571,0.0,0.0,53
261.2142857142857,0.0,0.0,53
261.2857142857143,0.0,0.0,53
261.35714285714283,0.025490196078431372,0.025490196078431372,53
261.4285714285714,0.0,0.0,53
261.5,0.0,0.0,53
261.57142857142856,0.026000000000000002,0.026000000000000006,53
261.6428571428571,0.0,0.0,53
261.7142857142857,0.0,0.0,53
261.7857142857143,0.0,0.0,53
261.85714285714283,0.0,0.0,53
261.9285714285714,0.0,0.0,53
262.0,0.021568627450980395,0.021568627450980392,53
262.07142857142856,0.006,0.006,53
262.1428571428571,0.0,0.0,53
262.2142857142857,0.006,0.006,53
262.2857142857143,0.0,0.0,53
262.35714285714283,0.00392156862745098,0.0039215686274509795,53
262.4285714285714,0.004,0.003999999999999999,53
262.5,0.00392156862745098,0.0039215686274509795,53
262.57142857142856,0.00392156862745098,0.0039215686274509795,53
262.6428571428571,0.00392156862745098,0.0039215686274509795,53
262.7142857142857,0.004,0.003999999999999999,53
262.7857142857143,0.0,0.0,53
262.85714285714283,0.0,0.0,53
262.9285714285714,0.004,0.003999999999999999,53
263.0,0.00392156862745098,0.0039215686274509795,53
263.07142857142856,0.0,0.0,53
263.1428571428571,0.034,0.034,53
263.2142857142857,0.027999999999999997,0.027999999999999994,53
263.2857142857143,0.0,0.0,53
263.35714285714283,0.0,0.0,53
263.4285714285714,0.0,0.0,53
263.5,0.00392156862745098,0.0039215686274509795,53
263.57142857142856,0.0,0.0,53
263.6428571428571,0.0,0.0,53
263.7142857142857,0.0,0.0,53
263.7857142857143,0.0,0.0,53
263.85714285714283,0.0,0.0,53
263.9285714285714,0.0020408163265306124,0.002040816326530612,53
264.0,0.002,0.0019999999999999996,53
264.07142857142856,0.00196078431372549,0.0019607843137254897,53
264.1428571428571,0.034,0.03202167633185435,53
264.2142857142857,0.00196078431372549,0.0019607843137254897,53
264.2857142857143,0.00196078431372549,0.0019607843137254897,53
264.35714285714283,0.00196078431372549,0.0019607843137254897,53
264.4285714285714,0.00196078431372549,0.0019607843137254897,53
264.5,0.00196078431372549,0.0019607843137254897,53
264.57142857142856,0.002,0.0019999999999999996,53
264.6428571428571,0.00196078431372549,0.0019607843137254897,53
264.7142857142857,0.002,0.0019999999999999996,53
264.7857142857143,0.00196078431372549,0.0019607843137254897,53
264.85714285714283,0.023529411764705885,0.02161848070954937,53
264.9285714285714,0.024000000000000004,0.02205003586465685,53
265.0,0.023529411764705885,0.02161848070954937,53
265.07142857142856,0.00392156862745098,0.0039215686274509795,53
265.1428571428571,0.021568627450980395,0.021568627450980392,53
265.2142857142857,0.0,0.0,53
265.2857142857143,0.0,0.0,53
265.35714285714283,0.018000000000000002,0.018,53
265.4285714285714,0.0,0.0,53
265.5,0.0,0.0,53
265.57142857142856,0.0,0.0,53
265.6428571428571,0.00392156862745098,0.0039215686274509795,53
265.7142857142857,0.0,0.0,53
265.7857142857143,0.00392156862745098,0.0039215686274509795,53
265.85714285714283,0.0,0.0,53
265.9285714285714,0.021568627450980395,0.021568627450980392,53
266.0,0.022000000000000002,0.022,53
266.07142857142856,0.0,0.0,53
266.1428571428571,0.021568627450980395,0.021568627450980392,53
266.2142857142857,0.0,0.0,53
266.2857142857143,0.0,0.0,53
266.35714285714283,0.021568627450980395,0.021568627450980392,53
266.4285714285714,0.0,0.0,53
266.5,0.021568627450980395,0.021568627450980395,53
266.57142857142856,0.0,0.0,53
266.6428571428571,0.004081632653061225,0.004081632653061224,53
266.7142857142857,0.0,0.0,53
266.7857142857143,0.00392156862745098,0.0039215686274509795,53
266.85714285714283,0.0,0.0,53
266.9285714285714,0.0,0.0,53
267.0,0.0,0.0,53
267.07142857142856,0.0,0.0,53
267.1428571428571,0.0,0.0,53
267.2142857142857,0.00392156862745098,0.0039215686274509795,53
267.2857142857143,0.00392156862745098,0.0039215686274509795,53
267.35714285714283,0.00392156862745098,0.0039215686274509795,53
267.4285714285714,0.0058823529411764705,0.0058823529411764705,53
267.5,0.0196078431372549,0.014824359350145724,53
267.57142857142856,0.0058823529411764705,0.0058823529411764705,53
267.6428571428571,0.0058823529411764705,0.0058823529411764705,53
267.7142857142857,0.0058823529411764705,0.0058823529411764705,53
267.7857142857143,0.0058823529411764705,0.0058823529411764705,53
267.85714285714283,0.0058823529411764705,0.0058823529411764705,53
267.9285714285714,0.0,0.0,53
268.0,0.0,0.0,53
268.07142857142856,0.013999999999999999,0.013999999999999999,53
268.1428571428571,0.0058823529411764705,0.0058823529411764705,53
268.2142857142857,0.0058823529411764705,0.0058823529411764705,53
268.2857142857143,0.0058823529411764705,0.0058823529411764705,53
268.35714285714283,0.0058823529411764705,0.0058823529411764705,53
268.4285714285714,0.029411764705882353,0.02413915826903905,53
268.5,0.0058823529411764705,0.0058823529411764705,53
268.57142857142856,0.01764705882352941,0.01304769000754049,53
268.6428571428571,0.0196078431372549,0.014008291058424901,53
268.7142857142857,0.0196078431372549,0.014008291058424901,53
268.7857142857143,0.02,0.014285714285714285,53
268.85714285714283,0.00784313725490196,0.007843137254901959,53
268.9285714285714,0.00784313725490196,0.007843137254901959,53
269.0,0.00784313725490196,0.007843137254901959,53
269.07142857142856,0.0196078431372549,0.014008291058424901,53
269.1428571428571,0.00784313725490196,0.007843137254901959,53
269.2142857142857,0.0,0.0,53
269.2857142857143,0.00784313725490196,0.007843137254901959,53
269.35714285714283,0.0,0.0,53
269.4285714285714,0.011764705882352941,0.011764705882352941,53
269.5,0.011764705882352941,0.011764705882352941,53
269.57142857142856,0.0,0.0,53
269.6428571428571,0.0,0.0,53
269.7142857142857,0.0,0.0,53
269.7857142857143,0.011764705882352941,0.011764705882352941,53
269.85714285714283,0.011764705882352941,0.011764705882352941,53
269.9285714285714,0.0,0.0,53
270.0,0.0,0.0,53
270.07142857142856,0.0,0.0,53
270.1428571428571,0.0,0.0,53
270.2142857142857,0.013725490196078431,0.01372549019607843,53
270.2857142857143,0.0,0.0,53
270.35714285714283,0.0,0.0,53
270.4285714285714,0.0,0.0,53
270.5,0.011764705882352941,0.011764705882352941,53
270.57142857142856,0.013725490196078431,0.01372549019607843,53
270.6428571428571,0.04313725490196079,0.03220703880694458,53
270.7142857142857,0.013725490196078431,0.01372549019607843,53
270.7857142857143,0.0,0.0,53
270.85714285714283,0.013725490196078431,0.01372549019607843,53
270.9285714285714,0.0,0.0,53
271.0,0.0,0.0,53
271.07142857142856,0.00784313725490196,0.007843137254901959,53
271.1428571428571,0.00784313725490196,0.007843137254901959,53
271.2142857142857,0.013725490196078431,0.01372549019607843,53
271.2857142857143,0.021568627450980395,0.021568627450980392,53
271.35714285714283,0.021568627450980395,0.021568627450980392,53
271.4285714285714,0.03529411764705882,0.025332847685504645,53
271.5,0.047058823529411764,0.027058823529411767,53
271.57142857142856,0.027450980392156862,0.019215686274509803,53
271.6428571428571,0.027450980392156862,0.019215686274509803,53
271.7142857142857,0.029411764705882353,0.020635799399094698,53
271.7857142857143,0.03137254901960784,0.021960784313725494,53
271.85714285714283,0.0,0.0,53
271.9285714285714,0.03,0.02104417123236605,53
272.0,0.0,0.0,53
272.07142857142856,0.013725490196078431,0.01372549019607843,53
272.1428571428571,0.016,0.016,53
272.2142857142857,0.0,0.0,53
272.2857142857143,0.011764705882352941,0.011764705882352941,53
272.35714285714283,0.0,0.0,53
272.4285714285714,0.013999999999999999,0.013999999999999999,53
272.5,0.027999999999999997,0.019595917942265423,53
272.57142857142856,0.027450980392156862,0.019215686274509803,53
272.6428571428571,0.013725490196078431,0.01372549019607843,53
272.7142857142857,0.013725490196078431,0.01372549019607843,53
272.7857142857143,0.013725490196078431,0.01372549019607843,53
272.85714285714283,0.013999999999999999,0.013999999999999999,53
272.9285714285714,0.02549019607843137,0.017897997972147493,53
273.0,0.0,0.0,53
273.07142857142856,0.029411764705882353,0.0206357993990947,53
273.1428571428571,0.013999999999999999,0.013999999999999999,53
273.2142857142857,0.0,0.0,53
273.2857142857143,0.016,0.016,53
273.35714285714283,0.0,0.0,53
273.4285714285714,0.0,0.0,53
273.5,0.0,0.0,53
273.57142857142856,0.0,0.0,53
273.6428571428571,0.0,0.0,53
273.7142857142857,0.0,0.0,53
273.7857142857143,0.0,0.0,53
273.85714285714283,0.0,0.0,53
273.9285714285714,0.0,0.0,53
274.0,0.023529411764705882,0.02352941176470589,53
274.07142857142856,0.0,0.0,53
274.1428571428571,0.0,0.0,53
274.2142857142857,0.0,0.0,53
274.2857142857143,0.0,0.0,53
274.35714285714283,0.0,0.0,53
274.4285714285714,0.0,0.0,53
274.5,0.0,0.0,53
274.57142857142856,0.0,0.0,53
274.6428571428571,0.0,0.0,53
274.7142857142857,0.0,0.0,53
274.7857142857143,0.0,0.0,53
274.85714285714283,0.0,0.0,53
274.9285714285714,0.0,0.0,53
275.0,0.0,0.0,53
275.07142857142856,0.04117647058823529,0.029128043301505757,53
275.1428571428571,0.0,0.0,53
275.2142857142857,0.024,0.023999999999999997,53
275.2857142857143,0.0196078431372549,0.019607843137254898,53
275.35714285714283,0.0,0.0,53
275.4285714285714,0.0,0.0,53
275.5,0.0,0.0,53
275.57142857142856,0.02,0.019999999999999997,53
275.6428571428571,0.02,0.019999999999999997,53
275.7142857142857,0.0,0.0,53
275.7857142857143,0.0,0.0,53
275.85714285714283,0.0,0.0,53
275.9285714285714,0.024,0.024000000000000004,53
276.0,0.0,0.0,53
276.07142857142856,0.02040816326530612,0.020408163265306117,53
276.1428571428571,0.0,0.0,53
276.2142857142857,0.023529411764705882,0.023529411764705882,53
276.2857142857143,0.0,0.0,53
276.35714285714283,0.0,0.0,53
276.4285714285714,0.0,0.0,53
276.5,0.0196078431372549,0.019607843137254898,53
276.57142857142856,0.0,0.0,53
276.6428571428571,0.0,0.0,53
276.7142857142857,0.0,0.0,53
276.7857142857143,0.0,0.0,53
276.85714285714283,0.0,0.0,53
276.9285714285714,0.0,0.0,53
277.0,0.0,0.0,53
277.07142857142856,0.0,0.0,53
277.1428571428571,0.01764705882352941,0.01764705882352941,53
277.2142857142857,0.0,0.0,53
277.2857142857143,0.01764705882352941,0.01764705882352941,53
277.35714285714283,0.0,0.0,53
277.4285714285714,0.0,0.0,53
277.5,0.01764705882352941,0.01764705882352941,53
277.57142857142856,0.0,0.0,53
277.6428571428571,0.0,0.0,53
277.7142857142857,0.0196078431372549,0.019607843137254898,53
277.7857142857143,0.02,0.019999999999999997,53
277.85714285714283,0.0,0.0,53
277.9285714285714,0.02040816326530612,0.020408163265306117,53
278.0,0.0,0.0,53
278.07142857142856,0.03333333333333333,0.03333333333333333,53
278.1428571428571,0.0,0.0,53
278.2142857142857,0.0,0.0,53
278.2857142857143,0.0,0.0,53
278.35714285714283,0.0,0.0,53
278.4285714285714,0.03333333333333333,0.03333333333333333,53
278.5,0.03333333333333333,0.03333333333333333,53
278.57142857142856,0.0,0.0,53
278.6428571428571,0.0,0.0,53
278.7142857142857,0.0,0.0,53
278.7857142857143,0.0,0.0,53
278.85714285714283,0.0,0.0,53
278.9285714285714,0.0,0.0,53
279.0,0.0,0.0,53
279.07142857142856,0.03469387755102041,0.034693877551020415,53
279.1428571428571,0.0,0.0,53
279.2142857142857,0.0,0.0,53
279.2857142857143,0.0,0.0,53
279.35714285714283,0.03529411764705882,0.03529411764705882,53
279.4285714285714,0.0,0.0,53
279.5,0.03529411764705882,0.03529411764705882,53
279.57142857142856,0.0,0.0,53
279.6428571428571,0.0,0.0,53
279.7142857142857,0.0,0.0,53
279.7857142857143,0.0,0.0,53
279.85714285714283,0.0,0.0,53
279.9285714285714,0.0,0.0,53
280.0,0.034,0.034,53
280.07142857142856,0.0,0.0,53
280.1428571428571,0.0,0.0,53
280.2142857142857,0.0,0.0,53
280.2857142857143,0.0,0.0,53
280.35714285714283,0.0,0.0,53
280.4285714285714,0.03333333333333333,0.03333333333333333,53
280.5,0.03333333333333333,0.03333333333333333,53
280.57142857142856,0.03529411764705882,0.03529411764705882,53
280.6428571428571,0.0,0.0,53
280.7142857142857,0.0,0.0,53
280.7857142857143,0.0,0.0,53
280.85714285714283,0.01764705882352941,0.01764705882352941,53
280.9285714285714,0.032,0.032,53
281.0,0.0,0.0,53
281.07142857142856,0.05294117647058824,0.03833320796328729,53
281.1428571428571,0.0196078431372549,0.019607843137254898,53
281.2142857142857,0.0,0.0,53
281.2857142857143,0.03529411764705882,0.03529411764705882,53
281.35714285714283,0.03529411764705882,0.03529411764705882,53
281.4285714285714,0.0,0.0,53
281.5,0.03529411764705882,0.03529411764705882,53
281.57142857142856,0.03529411764705882,0.03529411764705882,53
281.6428571428571,0.0,0.0,53
281.7142857142857,0.05294117647058824,0.040132422096664774,53
281.7857142857143,0.0,0.0,53
281.85714285714283,0.0,0.0,53
281.9285714285714,0.01568627450980392,0.015686274509803918,53
282.0,0.03137254901960784,0.03137254901960784,53
282.07142857142856,0.029411764705882353,0.029411764705882353,53
282.1428571428571,0.032,0.032,53
282.2142857142857,0.0,0.0,53
282.2857142857143,0.021568627450980395,0.021568627450980392,53
282.35714285714283,0.0,0.0,53
282.4285714285714,0.0,0.0,53
282.5,0.0,0.0,53
282.57142857142856,0.0,0.0,53
282.6428571428571,0.0,0.0,53
282.7142857142857,0.029411764705882353,0.029411764705882353,53
282.7857142857143,0.0,0.0,53
282.85714285714283,0.0,0.0,53
282.9285714285714,0.027450980392156862,0.02745098039215686,53
283.0,0.0,0.0,53
283.07142857142856,0.0,0.0,53
283.1428571428571,0.027450980392156862,0.02745098039215686,53
283.2142857142857,0.0,0.0,53
283.2857142857143,0.0,0.0,53
283.35714285714283,0.0,0.0,53
283.4285714285714,0.0,0.0,53
283.5,0.0,0.0,53
283.57142857142856,0.0,0.0,53
283.6428571428571,0.0,0.0,53
283.7142857142857,0.0,0.0,53
283.7857142857143,0.0,0.0,53
283.85714285714283,0.0,0.0,53
283.9285714285714,0.0,0.0,53
284.0,0.0,0.0,53
284.07142857142856,0.0,0.0,53
284.1428571428571,0.0,0.0,53
284.2142857142857,0.0,0.0,53
284.2857142857143,0.024,0.023999999999999997,53
284.35714285714283,0.0,0.0,53
284.4285714285714,0.038000000000000006,0.026937569546290265,53
284.5,0.0,0.0,53
284.57142857142856,0.0,0.0,53
284.6428571428571,0.04,0.02857142857142857,53
284.7142857142857,0.0,0.0,53
284.7857142857143,0.0,0.0,53
284.85714285714283,0.021568627450980395,0.021568627450980392,53
284.9285714285714,0.021568627450980395,0.021568627450980392,53
285.0,0.0,0.0,53
285.07142857142856,0.0,0.0,53
285.1428571428571,0.0196078431372549,0.019607843137254898,53
285.2142857142857,0.0196078431372549,0.019607843137254898,53
285.2857142857143,0.013725490196078431,0.01372549019607843,53
285.35714285714283,0.01764705882352941,0.01764705882352941,53
285.4285714285714,0.054901960784313725,0.031846904056160974,53
285.5,0.024,0.023999999999999997,53
285.57142857142856,0.029411764705882353,0.021012436587637354,53
285.6428571428571,0.03137254901960784,0.023513066217915716,53
285.7142857142857,0.0,0.0,53
285.7857142857143,0.0,0.0,53
285.85714285714283,0.022000000000000002,0.022000000000000002,53
285.9285714285714,0.021568627450980395,0.021568627450980395,53
286.0,0.0,0.0,53
286.07142857142856,0.0,0.0,53
286.1428571428571,0.024,0.023999999999999997,53
286.2142857142857,0.0,0.0,53
286.2857142857143,0.0,0.0,53
286.35714285714283,0.0,0.0,53
286.4285714285714,0.0,0.0,53
286.5,0.0196078431372549,0.0196078431372549,53
286.57142857142856,0.0196078431372549,0.019607843137254898,53
286.6428571428571,0.0,0.0,53
286.7142857142857,0.0,0.0,53
286.7857142857143,0.0,0.0,53
286.85714285714283,0.02,0.02,53
286.9285714285714,0.02,0.02,53
287.0,0.022000000000000002,0.022000000000000002,53
287.07142857142856,0.0,0.0,53
287.1428571428571,0.024,0.023999999999999997,53
287.2142857142857,0.0,0.0,53
287.2857142857143,0.0,0.0,53
287.35714285714283,0.0,0.0,53
287.4285714285714,0.0,0.0,53
287.5,0.0392156862745098,0.027593467736866318,53
287.57142857142856,0.021568627450980395,0.021568627450980395,53
287.6428571428571,0.0,0.0,53
287.7142857142857,0.04117647058823529,0.029128043301505757,53
287.7857142857143,0.01764705882352941,0.01764705882352941,53
287.85714285714283,0.01568627450980392,0.01568627450980392,53
287.9285714285714,0.0,0.0,53
288.0,0.027999999999999997,0.027999999999999997,53
288.07142857142856,0.01764705882352941,0.01764705882352941,53
288.1428571428571,0.0,0.0,53
288.2142857142857,0.0,0.0,53
288.2857142857143,0.0,0.0,53
288.35714285714283,0.0,0.0,53
288.4285714285714,0.0,0.0,53
288.5,0.025490196078431372,0.025490196078431372,53
288.57142857142856,0.025490196078431372,0.025490196078431372,53
288.6428571428571,0.0,0.0,53
288.7142857142857,0.026000000000000002,0.026000000000000002,53
288.7857142857143,0.0,0.0,53
288.85714285714283,0.0,0.0,53
288.9285714285714,0.0,0.0,53
289.0,0.0,0.0,53
289.07142857142856,0.0,0.0,53
289.1428571428571,0.0,0.0,53
289.2142857142857,0.00784313725490196,0.007843137254901959,53
289.2857142857143,0.0,0.0,53
289.35714285714283,0.026000000000000002,0.026000000000000002,53
289.4285714285714,0.036,0.028963030622798137,53
289.5,0.0,0.0,53
289.57142857142856,0.0,0.0,53
289.6428571428571,0.0,0.0,53
289.7142857142857,0.0,0.0,53
289.7857142857143,0.024,0.023999999999999997,53
289.85714285714283,0.054901960784313725,0.03883739106867434,53
289.9285714285714,0.0,0.0,53
290.0,0.024,0.023999999999999997,53
290.07142857142856,0.0,0.0,53
290.1428571428571,0.0,0.0,53
290.2142857142857,0.0,0.0,53
290.2857142857143,0.0,0.0,53
290.35714285714283,0.0,0.0,53
290.4285714285714,0.013999999999999999,0.013999999999999999,53
290.5,0.03137254901960784,0.03137254901960784,53
290.57142857142856,0.0,0.0,53
290.6428571428571,0.0,0.0,53
290.7142857142857,0.0,0.0,53
290.7857142857143,0.0196078431372549,0.0196078431372549,53
290.85714285714283,0.018000000000000002,0.018000000000000002,53
290.9285714285714,0.0,0.0,53
291.0,0.050980392156862744,0.036661947898102724,53
291.07142857142856,0.0,0.0,53
291.1428571428571,0.0,0.0,53
291.2142857142857,0.0,0.0,53
291.2857142857143,0.0,0.0,53
291.35714285714283,0.0,0.0,53
291.4285714285714,0.03333333333333333,0.03333333333333334,53
291.5,0.03333333333333333,0.03333333333333334,53
291.57142857142856,0.0,0.0,53
291.6428571428571,0.0,0.0,53
291.7142857142857,0.0,0.0,53
291.7857142857143,0.03333333333333333,0.03333333333333334,53
291.85714285714283,0.0,0.0,53
291.9285714285714,0.0,0.0,53
292.0,0.036000000000000004,0.036,53
292.07142857142856,0.036000000000000004,0.036,53
292.1428571428571,0.0,0.0,53
292.2142857142857,0.0,0.0,53
292.2857142857143,0.0,0.0,53
292.35714285714283,0.0,0.0,53
292.4285714285714,0.0,0.0,53
292.5,0.0,0.0,53
292.57142857142856,0.0,0.0,53
292.6428571428571,0.0,0.0,53
292.7142857142857,0.0,0.0,53
292.7857142857143,0.0,0.0,53
292.85714285714283,0.0,0.0,53
292.9285714285714,0.0,0.0,53
293.0,0.03137254901960784,0.03137254901960784,53
293.07142857142856,0.0,0.0,53
293.1428571428571,0.0,0.0,53
293.2142857142857,0.0,0.0,53
293.2857142857143,0.0,0.0,53
293.35714285714283,0.018000000000000002,0.018000000000000002,53
293.4285714285714,0.029411764705882353,0.02941176470588236,53
293.5,0.0,0.0,53
293.57142857142856,0.0,0.0,53
293.6428571428571,0.0,0.0,53
293.7142857142857,0.0,0.0,53
293.7857142857143,0.0,0.0,53
293.85714285714283,0.0,0.0,53
293.9285714285714,0.0,0.0,53
294.0,0.0,0.0,53
294.07142857142856,0.0,0.0,53
294.1428571428571,0.0196078431372549,0.019607843137254898,53
294.2142857142857,0.0,0.0,53
294.2857142857143,0.0,0.0,53
294.35714285714283,0.0,0.0,53
294.4285714285714,0.023529411764705882,0.02352941176470589,53
294.5,0.0,0.0,53
294.57142857142856,0.0,0.0,53
294.6428571428571,0.023529411764705882,0.02352941176470589,53
294.7142857142857,0.0,0.0,53
294.7857142857143,0.04705882352941177,0.033060009747750196,53
294.85714285714283,0.0,0.0,53
294.9285714285714,0.01764705882352941,0.01764705882352941,53
295.0,0.0,0.0,53
295.07142857142856,0.0,0.0,53
295.1428571428571,0.0196078431372549,0.019607843137254898,53
295.2142857142857,0.0,0.0,53
295.2857142857143,0.0,0.0,53
295.35714285714283,0.0,0.0,53
295.4285714285714,0.0,0.0,53
295.5,0.0,0.0,53
295.57142857142856,0.021568627450980395,0.021568627450980392,53
295.6428571428571,0.0,0.0,53
295.7142857142857,0.0,0.0,53
295.7857142857143,0.01568627450980392,0.01568627450980392,53
295.85714285714283,0.029411764705882353,0.0206357993990947,53
295.9285714285714,0.0,0.0,53
296.0,0.0058823529411764705,0.0058823529411764705,53
296.07142857142856,0.0058823529411764705,0.0058823529411764705,53
296.1428571428571,0.0058823529411764705,0.0058823529411764705,53
296.2142857142857,0.0058823529411764705,0.0058823529411764705,53
296.2857142857143,0.023529411764705882,0.018489686641766718,53
296.35714285714283,0.0,0.0,53
296.4285714285714,0.0,0.0,53
296.5,0.0,0.0,53
296.57142857142856,0.0,0.0,53
296.6428571428571,0.0,0.0,53
296.7142857142857,0.0,0.0,53
296.7857142857143,0.0,0.0,53
296.85714285714283,0.01764705882352941,0.01764705882352941,53
296.9285714285714,0.0,0.0,53
297.0,0.0,0.0,53
297.07142857142856,0.0,0.0,53
297.1428571428571,0.0,0.0,53
297.2142857142857,0.0,0.0,53
297.2857142857143,0.0,0.0,53
297.35714285714283,0.0,0.0,53
297.4285714285714,0.0,0.0,53
297.5,0.0,0.0,53
297.57142857142856,0.0,0.0,53
297.6428571428571,0.0,0.0,53
297.7142857142857,0.0,0.0,53
297.7857142857143,0.0,0.0,53
297.85714285714283,0.0,0.0,53
297.9285714285714,0.0,0.0,53
298.0,0.0,0.0,53
298.07142857142856,0.0,0.0,53
298.1428571428571,0.00980392156862745,0.009803921568627449,53
298.2142857142857,0.0,0.0,53
298.2857142857143,0.0,0.0,53
298.35714285714283,0.02,0.019999999999999993,53
298.4285714285714,0.0,0.0,53
298.5,0.029411764705882353,0.029411764705882353,53
298.57142857142856,0.0,0.0,53
298.6428571428571,0.0,0.0,53
298.7142857142857,0.0,0.0,53
298.7857142857143,0.01764705882352941,0.01764705882352941,53
298.85714285714283,0.041176470588235294,0.02885752297174154,53
298.9285714285714,0.01764705882352941,0.01764705882352941,53
299.0,0.0392156862745098,0.02759346773686632,53
299.07142857142856,0.01764705882352941,0.01764705882352941,53
299.1428571428571,0.018000000000000002,0.018000000000000002,53
299.2142857142857,0.018000000000000002,0.018000000000000002,53
299.2857142857143,0.0,0.0,53
299.35714285714283,0.022000000000000002,0.022,53
299.4285714285714,0.0,0.0,53
299.5,0.027999999999999997,0.027999999999999997,53
299.57142857142856,0.02,0.019999999999999993,53
299.6428571428571,0.02,0.019999999999999993,53
299.7142857142857,0.022448979591836737,0.022448979591836733,53
299.7857142857143,0.022000000000000002,0.022,53
299.85714285714283,0.0,0.0,53
299.9285714285714,0.02,0.019999999999999997,53
300.0,0.0,0.0,53
300.07142857142856,0.022000000000000002,0.022,53
300.1428571428571,0.021568627450980395,0.021568627450980392,53
300.2142857142857,0.0,0.0,53
300.2857142857143,0.0,0.0,53
300.35714285714283,0.0,0.0,53
300.4285714285714,0.0,0.0,53
300.5,0.027999999999999997,0.027999999999999997,53
300.57142857142856,0.0196078431372549,0.019607843137254898,53
300.6428571428571,0.0196078431372549,0.019607843137254898,53
300.7142857142857,0.0196078431372549,0.019607843137254898,53
300.7857142857143,0.0196078431372549,0.019607843137254898,53
300.85714285714283,0.04705882352941177,0.033060009747750196,53
300.9285714285714,0.0,0.0,53
301.0,0.0,0.0,53
301.07142857142856,0.0,0.0,53
301.1428571428571,0.0,0.0,53
301.2142857142857,0.0,0.0,53
301.2857142857143,0.027450980392156862,0.02745098039215686,53
301.35714285714283,0.025490196078431372,0.025490196078431372,53
301.4285714285714,0.0,0.0,53
301.5,0.047058823529411764,0.033413973967279666,53
301.57142857142856,0.0,0.0,53
301.6428571428571,0.021568627450980395,0.021568627450980392,53
301.7142857142857,0.0,0.0,53
301.7857142857143,0.0,0.0,53
301.85714285714283,0.025490196078431372,0.025490196078431372,53
301.9285714285714,0.0196078431372549,0.019607843137254898,53
302.0,0.0,0.0,53
302.07142857142856,0.0,0.0,53
302.1428571428571,0.0,0.0,53
302.2142857142857,0.0,0.0,53
302.2857142857143,0.024,0.023999999999999997,53
302.35714285714283,0.023529411764705882,0.023529411764705882,53
302.4285714285714,0.023529411764705882,0.023529411764705882,53
302.5,0.0,0.0,53
302.57142857142856,0.0,0.0,53
302.6428571428571,0.0,0.0,53
302.7142857142857,0.0,0.0,53
302.7857142857143,0.0,0.0,53
302.85714285714283,0.0,0.0,53
302.9285714285714,0.0,0.0,53
303.0,0.0,0.0,53
303.07142857142856,0.0,0.0,53
303.1428571428571,0.0,0.0,53
303.2142857142857,0.0,0.0,53
303.2857142857143,0.0,0.0,53
303.35714285714283,0.0,0.0,53
303.4285714285714,0.021568627450980395,0.021568627450980395,53
303.5,0.0,0.0,53
303.57142857142856,0.047058823529411764,0.0339957253571762,53
303.6428571428571,0.0,0.0,53
303.7142857142857,0.026000000000000002,0.026000000000000002,53
303.7857142857143,0.045098039215686274,0.031846904056160974,53
303.85714285714283,0.025490196078431372,0.025490196078431372,53
303.9285714285714,0.0,0.0,53
304.0,0.025490196078431372,0.025490196078431372,53
304.07142857142856,0.0,0.0,53
304.1428571428571,0.0,0.0,53
304.2142857142857,0.0,0.0,53
304.2857142857143,0.0,0.0,53
304.35714285714283,0.0,0.0,53
304.4285714285714,0.0,0.0,53
304.5,0.0,0.0,53
304.57142857142856,0.04313725490196079,0.03134312345519699,53
304.6428571428571,0.0,0.0,53
304.7142857142857,0.025490196078431372,0.025490196078431372,53
304.7857142857143,0.027450980392156862,0.02745098039215686,53
304.85714285714283,0.027450980392156862,0.02745098039215686,53
304.9285714285714,0.0,0.0,53
305.0,0.041176470588235294,0.029661683289961854,53
305.07142857142856,0.0,0.0,53
305.1428571428571,0.0,0.0,53
305.2142857142857,0.0,0.0,53
305.2857142857143,0.0,0.0,53
305.35714285714283,0.0,0.0,53
305.4285714285714,0.0,0.0,53
305.5,0.0,0.0,53
305.57142857142856,0.0,0.0,53
305.6428571428571,0.0,0.0,53
305.7142857142857,0.0,0.0,53
305.7857142857143,0.0,0.0,53
305.85714285714283,0.0,0.0,53
305.9285714285714,0.0,0.0,53
306.0,0.0,0.0,53
306.07142857142856,0.0,0.0,53
306.1428571428571,0.0,0.0,53
306.2142857142857,0.0,0.0,53
306.2857142857143,0.025490196078431372,0.02549019607843138,53
306.35714285714283,0.025490196078431372,0.02549019607843138,53
306.4285714285714,0.0,0.0,53
306.5,0.0,0.0,53
306.57142857142856,0.0,0.0,53
306.6428571428571,0.0,0.0,53
306.7142857142857,0.0,0.0,53
306.7857142857143,0.025490196078431372,0.025490196078431372,53
306.85714285714283,0.025490196078431372,0.025490196078431372,53
306.9285714285714,0.0,0.0,53
307.0,0.025490196078431372,0.025490196078431372,53
307.07142857142856,0.0,0.0,53
307.1428571428571,0.034,0.03400000000000001,53
307.2142857142857,0.0,0.0,53
307.2857142857143,0.0,0.0,53
307.35714285714283,0.0,0.0,53
307.4285714285714,0.0,0.0,53
307.5,0.0,0.0,53
307.57142857142856,0.0196078431372549,0.019607843137254898,53
307.6428571428571,0.029411764705882353,0.029411764705882353,53
307.7142857142857,0.0,0.0,53
307.7857142857143,0.029411764705882353,0.029411764705882353,53
307.85714285714283,0.029411764705882353,0.029411764705882353,53
307.9285714285714,0.027450980392156862,0.02745098039215686,53
308.0,0.029411764705882353,0.029411764705882353,53
308.07142857142856,0.0,0.0,53
308.1428571428571,0.0,0.0,53
308.2142857142857,0.0,0.0,53
308.2857142857143,0.0,0.0,53
308.35714285714283,0.029411764705882353,0.029411764705882356,53
308.4285714285714,0.027450980392156862,0.02745098039215686,53
308.5,0.0,0.0,53
308.57142857142856,0.026000000000000002,0.026000000000000002,53
308.6428571428571,0.0,0.0,53
308.7142857142857,0.0,0.0,53
308.7857142857143,0.0,0.0,53
308.85714285714283,0.0,0.0,53
308.9285714285714,0.0,0.0,53
309.0,0.0,0.0,53
309.07142857142856,0.0,0.0,53
309.1428571428571,0.0,0.0,53
309.2142857142857,0.027999999999999997,0.027999999999999997,53
309.2857142857143,0.027999999999999997,0.027999999999999997,53
309.35714285714283,0.0,0.0,53
309.4285714285714,0.021568627450980395,0.021568627450980395,53
309.5,0.0,0.0,53
309.57142857142856,0.021568627450980395,0.021568627450980395,53
309.6428571428571,0.021568627450980395,0.021568627450980395,53
309.7142857142857,0.0,0.0,53
309.7857142857143,0.0,0.0,53
309.85714285714283,0.0,0.0,53
309.9285714285714,0.0,0.0,53
310.0,0.0,0.0,53
310.07142857142856,0.0,0.0,53
310.1428571428571,0.011764705882352941,0.011764705882352944,53
310.2142857142857,0.011764705882352941,0.011764705882352944,53
310.2857142857143,0.0,0.0,53
310.35714285714283,0.0,0.0,53
310.4285714285714,0.0,0.0,53
310.5,0.0,0.0,53
310.57142857142856,0.0,0.0,53
310.6428571428571,0.0,0.0,53
310.7142857142857,0.0,0.0,53
310.7857142857143,0.022000000000000002,0.022000000000000002,53
310.85714285714283,0.026000000000000002,0.026000000000000002,53
310.9285714285714,0.025490196078431372,0.02549019607843138,53
311.0,0.026000000000000002,0.026000000000000002,53
311.07142857142856,0.0,0.0,53
311.1428571428571,0.0,0.0,53
311.2142857142857,0.01568627450980392,0.01568627450980392,53
311.2857142857143,0.025490196078431372,0.02549019607843138,53
311.35714285714283,0.023529411764705882,0.023529411764705882,53
311.4285714285714,0.023529411764705882,0.023529411764705882,53
311.5,0.0,0.0,53
311.57142857142856,0.044000000000000004,0.030793585337845666,53
311.6428571428571,0.023529411764705882,0.023529411764705882,53
311.7142857142857,0.02,0.019999999999999993,53
311.7857142857143,0.0392156862745098,0.027593467736866318,53
311.85714285714283,0.01568627450980392,0.015686274509803918,53
311.9285714285714,0.03,0.021044171232366054,53
312.0,0.029411764705882353,0.020635799399094698,53
312.07142857142856,0.01568627450980392,0.01568627450980392,53
312.1428571428571,0.046,0.026062718701671345,53
312.2142857142857,0.01568627450980392,0.01568627450980392,53
312.2857142857143,0.01568627450980392,0.01568627450980392,53
312.35714285714283,0.04705882352941177,0.0266204905858465,53
312.4285714285714,0.04705882352941177,0.0266204905858465,53
312.5,0.045098039215686274,0.025562491745462376,53
312.57142857142856,0.050980392156862744,0.02942222036376893,53
312.6428571428571,0.013725490196078431,0.01372549019607843,53
312.7142857142857,0.013725490196078431,0.01372549019607843,53
312.7857142857143,0.023529411764705882,0.016470588235294115,53
312.85714285714283,0.045098039215686274,0.02676165320521226,53
312.9285714285714,0.045098039215686274,0.02676165320521226,53
313.0,0.011764705882352941,0.011764705882352944,53
313.07142857142856,0.0,0.0,53
313.1428571428571,0.011764705882352941,0.011764705882352944,53
313.2142857142857,0.0,0.0,53
313.2857142857143,0.011764705882352941,0.011764705882352944,53
313.35714285714283,0.0,0.0,53
313.4285714285714,0.011764705882352941,0.011764705882352944,53
313.5,0.00980392156862745,0.009803921568627449,53
313.57142857142856,0.0,0.0,53
313.6428571428571,0.03333333333333333,0.02530855341217655,53
313.7142857142857,0.03333333333333333,0.02530855341217655,53
313.7857142857143,0.03529411764705882,0.02712693898905296,53
313.85714285714283,0.03529411764705882,0.02712693898905296,53
313.9285714285714,0.03529411764705882,0.02712693898905296,53
314.0,0.0196078431372549,0.014008291058424903,53
314.07142857142856,0.0196078431372549,0.014008291058424903,53
314.1428571428571,0.021568627450980395,0.015671561727598496,53
314.2142857142857,0.00784313725490196,0.00784313725490196,53
314.2857142857143,0.0,0.0,53
314.35714285714283,0.0058823529411764705,0.005882352941176472,53
314.4285714285714,0.0,0.0,53
314.5,0.0,0.0,53
314.57142857142856,0.049019607843137254,0.03365016668310643,53
314.6428571428571,0.0196078431372549,0.01482435935014572,53
314.7142857142857,0.03529411764705882,0.029878647292235987,53
314.7857142857143,0.0058823529411764705,0.005882352941176472,53
314.85714285714283,0.00784313725490196,0.00784313725490196,53
314.9285714285714,0.0,0.0,53
315.0,0.0,0.0,53
315.07142857142856,0.0,0.0,53
315.1428571428571,0.012244897959183673,0.012244897959183673,53
315.2142857142857,0.012,0.011999999999999999,53
315.2857142857143,0.04,0.030237157840738178,53
315.35714285714283,0.04313725490196079,0.026309604890540402,53
315.4285714285714,0.013999999999999999,0.013999999999999999,53
315.5,0.023529411764705882,0.016706986983639833,53
315.57142857142856,0.056862745098039215,0.03567334391894167,53
315.6428571428571,0.011764705882352941,0.011764705882352944,53
315.7142857142857,0.011764705882352941,0.011764705882352944,53
315.7857142857143,0.032,0.032,53
315.85714285714283,0.0,0.0,53
315.9285714285714,0.0,0.0,53
316.0,0.027450980392156862,0.0192156862745098,53
316.07142857142856,0.027450980392156862,0.0192156862745098,53
316.1428571428571,0.036000000000000004,0.025834638983902432,53
316.2142857142857,0.013725490196078431,0.01372549019607843,53
316.2857142857143,0.046,0.03466575090365541,53
316.35714285714283,0.0326530612244898,0.0326530612244898,53
316.4285714285714,0.034,0.034,53
316.5,0.013999999999999999,0.013999999999999999,53
316.57142857142856,0.013999999999999999,0.013999999999999999,53
316.6428571428571,0.013999999999999999,0.013999999999999999,53
316.7142857142857,0.0,0.0,53
316.7857142857143,0.016,0.015999999999999997,53
316.85714285714283,0.011764705882352941,0.011764705882352944,53
316.9285714285714,0.018000000000000002,0.018000000000000002,53
317.0,0.054901960784313725,0.032577355962259025,53
317.07142857142856,0.027999999999999997,0.019803112515615378,53
317.1428571428571,0.00980392156862745,0.009803921568627449,53
317.2142857142857,0.025490196078431372,0.018330973949051366,53
317.2857142857143,0.00980392156862745,0.009803921568627449,53
317.35714285714283,0.042,0.033330748199075944,53
317.4285714285714,0.044000000000000004,0.032845960830171224,53
317.5,0.0,0.0,53
317.57142857142856,0.03,0.03,53
317.6428571428571,0.044000000000000004,0.032845960830171224,53
317.7142857142857,0.0673469387755102,0.03905644736531559,53
317.7857142857143,0.058823529411764705,0.03566472092052734,53
317.85714285714283,0.00980392156862745,0.009803921568627449,53
317.9285714285714,0.00980392156862745,0.009803921568627449,53
318.0,0.049019607843137254,0.02901960784313726,53
318.07142857142856,0.05294117647058824,0.031974615075512955,53
318.1428571428571,0.045098039215686274,0.02631837134990199,53
318.2142857142857,0.011764705882352941,0.011764705882352944,53
318.2857142857143,0.011764705882352941,0.011764705882352944,53
318.35714285714283,0.011764705882352941,0.011764705882352944,53
318.4285714285714,0.011764705882352941,0.011764705882352944,53
318.5,0.011764705882352941,0.011764705882352944,53
318.57142857142856,0.03725490196078431,0.027859702335547274,53
318.6428571428571,0.05686274509803922,0.033636453376818094,53
318.7142857142857,0.060784313725490195,0.035433276856710647,53
318.7857142857143,0.060784313725490195,0.035433276856710647,53
318.85714285714283,0.058823529411764705,0.034090591029937764,53
318.9285714285714,0.03529411764705882,0.025332847685504645,53
319.0,0.03529411764705882,0.025332847685504645,53
319.07142857142856,0.06274509803921569,0.03683144269626216,53
319.1428571428571,0.03725490196078431,0.027001929388395306,53
319.2142857142857,0.013725490196078431,0.01372549019607843,53
319.2857142857143,0.013725490196078431,0.01372549019607843,53
319.35714285714283,0.01568627450980392,0.01568627450980392,53
319.4285714285714,0.05294117647058824,0.03007871257889358,53
319.5,0.03333333333333334,0.023375312377766633,53
319.57142857142856,0.01568627450980392,0.01568627450980392,53
319.6428571428571,0.03725490196078431,0.026115998299250872,53
319.7142857142857,0.03725490196078431,0.026115998299250872,53
319.7857142857143,0.0392156862745098,0.027450980392156866,53
319.85714285714283,0.045098039215686274,0.031846904056160974,53
319.9285714285714,0.0196078431372549,0.019607843137254898,53
320.0,0.03529411764705882,0.02470588235294117,53
320.07142857142856,0.01764705882352941,0.01764705882352941,53
320.1428571428571,0.01764705882352941,0.01764705882352941,53
320.2142857142857,0.0196078431372549,0.019607843137254898,53
320.2857142857143,0.01764705882352941,0.01764705882352941,53
320.35714285714283,0.03725490196078431,0.026115998299250872,53
320.4285714285714,0.03137254901960784,0.021960784313725494,53
320.5,0.03333333333333334,0.023375312377766633,53
320.57142857142856,0.01568627450980392,0.01568627450980392,53
320.6428571428571,0.03137254901960784,0.021960784313725494,53
320.7142857142857,0.03529411764705882,0.024864105857486052,53
320.7857142857143,0.03137254901960784,0.021960784313725494,53
320.85714285714283,0.049019607843137254,0.02805772048091505,53
320.9285714285714,0.03333333333333333,0.023708469019908772,53
321.0,0.054901960784313725,0.031599668090860046,53
321.07142857142856,0.06862745098039216,0.033663874403146686,53
321.1428571428571,0.07058823529411765,0.03478720946454132,53
321.2142857142857,0.029411764705882353,0.0206357993990947,53
321.2857142857143,0.0,0.0,53
321.35714285714283,0.013725490196078431,0.01372549019607843,53
321.4285714285714,0.013725490196078431,0.01372549019607843,53
321.5,0.03137254901960784,0.022663816904784143,53
321.57142857142856,0.013725490196078431,0.01372549019607843,53
321.6428571428571,0.0,0.0,53
321.7142857142857,0.0,0.0,53
321.7857142857143,0.0,0.0,53
321.85714285714283,0.02549019607843137,0.01789799797214749,53
321.9285714285714,0.03333333333333333,0.02370846901990877,53
322.0,0.03333333333333333,0.02370846901990877,53
322.07142857142856,0.045098039215686274,0.02646695690415209,53
322.1428571428571,0.046,0.026986013005984855,53
322.2142857142857,0.025490196078431372,0.018330973949051366,53
322.2857142857143,0.025490196078431372,0.02549019607843138,53
322.35714285714283,0.01764705882352941,0.01764705882352941,53
322.4285714285714,0.0,0.0,53
322.5,0.04313725490196079,0.030325670477146984,53
322.57142857142856,0.0,0.0,53
322.6428571428571,0.0,0.0,53
322.7142857142857,0.00980392156862745,0.009803921568627449,53
322.7857142857143,0.00980392156862745,0.009803921568627449,53
322.85714285714283,0.00980392156862745,0.009803921568627449,53
322.9285714285714,0.00980392156862745,0.009803921568627449,53
323.0,0.00980392156862745,0.009803921568627449,53
323.07142857142856,0.00980392156862745,0.009803921568627449,53
323.1428571428571,0.0,0.0,53
323.2142857142857,0.0,0.0,53
323.2857142857143,0.0,0.0,53
323.35714285714283,0.029411764705882353,0.02941176470588236,53
323.4285714285714,0.0,0.0,53
323.5,0.018000000000000002,0.018,53
323.57142857142856,0.0,0.0,53
323.6428571428571,0.0,0.0,53
323.7142857142857,0.0,0.0,53
323.7857142857143,0.0,0.0,53
323.85714285714283,0.0,0.0,53
323.9285714285714,0.0,0.0,53
324.0,0.0,0.0,53
324.07142857142856,0.00980392156862745,0.009803921568627449,53
324.1428571428571,0.00980392156862745,0.009803921568627449,53
324.2142857142857,0.0,0.0,53
324.2857142857143,0.00980392156862745,0.009803921568627449,53
324.35714285714283,0.0392156862745098,0.039215686274509796,53
324.4285714285714,0.025490196078431372,0.018330973949051366,53
324.5,0.025490196078431372,0.018330973949051366,53
324.57142857142856,0.0,0.0,53
324.6428571428571,0.0,0.0,53
324.7142857142857,0.0,0.0,53
324.7857142857143,0.011764705882352941,0.011764705882352941,53
324.85714285714283,0.011764705882352941,0.011764705882352941,53
324.9285714285714,0.023529411764705882,0.023529411764705882,53
325.0,0.0,0.0,53
325.07142857142856,0.011764705882352941,0.011764705882352941,53
325.1428571428571,0.012,0.012000000000000002,53
325.2142857142857,0.023529411764705882,0.016706986983639833,53
325.2857142857143,0.0,0.0,53
325.35714285714283,0.0,0.0,53
325.4285714285714,0.02549019607843137,0.01789799797214749,53
325.5,0.013725490196078431,0.01372549019607843,53
325.57142857142856,0.013725490196078431,0.01372549019607843,53
325.6428571428571,0.0,0.0,53
325.7142857142857,0.0,0.0,53
325.7857142857143,0.025490196078431372,0.02549019607843138,53
325.85714285714283,0.0,0.0,53
325.9285714285714,0.013725490196078431,0.01372549019607843,53
326.0,0.0196078431372549,0.019607843137254898,53
326.07142857142856,0.0,0.0,53
326.1428571428571,0.0,0.0,53
326.2142857142857,0.0,0.0,53
326.2857142857143,0.0,0.0,53
326.35714285714283,0.0,0.0,53
326.4285714285714,0.0,0.0,53
326.5,0.013725490196078431,0.01372549019607843,53
326.57142857142856,0.013725490196078431,0.01372549019607843,53
326.6428571428571,0.013725490196078431,0.01372549019607843,53
326.7142857142857,0.0,0.0,53
326.7857142857143,0.013725490196078431,0.01372549019607843,53
326.85714285714283,0.0,0.0,53
326.9285714285714,0.013999999999999999,0.013999999999999999,53
327.0,0.02549019607843137,0.017897997972147493,53
327.07142857142856,0.0,0.0,53
327.1428571428571,0.0,0.0,53
327.2142857142857,0.0,0.0,53
327.2857142857143,0.0,0.0,53
327.35714285714283,0.0,0.0,53
327.4285714285714,0.0,0.0,53
327.5,0.0,0.0,53
327.57142857142856,0.0,0.0,53
327.6428571428571,0.01568627450980392,0.015686274509803918,53
327.7142857142857,0.03137254901960784,0.021960784313725494,53
327.7857142857143,0.01764705882352941,0.01764705882352941,53
327.85714285714283,0.01764705882352941,0.01764705882352941,53
327.9285714285714,0.01764705882352941,0.01764705882352941,53
328.0,0.03529411764705882,0.02470588235294117,53
328.07142857142856,0.0,0.0,53
328.1428571428571,0.01764705882352941,0.01764705882352941,53
328.2142857142857,0.0,0.0,53
328.2857142857143,0.01764705882352941,0.01764705882352941,53
328.35714285714283,0.0,0.0,53
328.4285714285714,0.01568627450980392,0.015686274509803918,53
328.5,0.0,0.0,53
328.57142857142856,0.0,0.0,53
328.6428571428571,0.0,0.0,53
328.7142857142857,0.0196078431372549,0.019607843137254898,53
328.7857142857143,0.0196078431372549,0.019607843137254898,53
328.85714285714283,0.0,0.0,53
328.9285714285714,0.021568627450980395,0.021568627450980392,53
329.0,0.021568627450980395,0.021568627450980392,53
329.07142857142856,0.0392156862745098,0.027593467736866325,53
329.1428571428571,0.01764705882352941,0.01764705882352941,53
329.2142857142857,0.0,0.0,53
329.2857142857143,0.01764705882352941,0.01764705882352941,53
329.35714285714283,0.01764705882352941,0.01764705882352941,53
329.4285714285714,0.0392156862745098,0.027593467736866325,53
329.5,0.01764705882352941,0.01764705882352941,53
329.57142857142856,0.03725490196078431,0.026115998299250872,53
329.6428571428571,0.01764705882352941,0.01764705882352941,53
329.7142857142857,0.01764705882352941,0.01764705882352941,53
329.7857142857143,0.0,0.0,53
329.85714285714283,0.01764705882352941,0.01764705882352941,53
329.9285714285714,0.01764705882352941,0.01764705882352941,53
330.0,0.023529411764705882,0.023529411764705882,53
330.07142857142856,0.023529411764705882,0.023529411764705882,53
330.1428571428571,0.0,0.0,53
330.2142857142857,0.01764705882352941,0.01764705882352941,53
330.2857142857143,0.0,0.0,53
330.35714285714283,0.0,0.0,53
330.4285714285714,0.03529411764705882,0.024864105857486052,53
330.5,0.0196078431372549,0.019607843137254898,53
330.57142857142856,0.0,0.0,53
330.6428571428571,0.0,0.0,53
330.7142857142857,0.0,0.0,53
330.7857142857143,0.0,0.0,53
330.85714285714283,0.0,0.0,53
330.9285714285714,0.0,0.0,53
331.0,0.0,0.0,53
331.07142857142856,0.0,0.0,53
331.1428571428571,0.0,0.0,53
331.2142857142857,0.0,0.0,53
331.2857142857143,0.0,0.0,53
331.35714285714283,0.0,0.0,53
331.4285714285714,0.0,0.0,53
331.5,0.0,0.0,53
331.57142857142856,0.0,0.0,53
331.6428571428571,0.0,0.0,53
331.7142857142857,0.0,0.0,53
331.7857142857143,0.0,0.0,53
331.85714285714283,0.0,0.0,53
331.9285714285714,0.0,0.0,53
332.0,0.0,0.0,53
332.07142857142856,0.0,0.0,53
332.1428571428571,0.0,0.0,53
332.2142857142857,0.0,0.0,53
332.2857142857143,0.021568627450980395,0.021568627450980392,53
332.35714285714283,0.0,0.0,53
332.4285714285714,0.0,0.0,53
332.5,0.0,0.0,53
332.57142857142856,0.0,0.0,53
332.6428571428571,0.0,0.0,53
332.7142857142857,0.0,0.0,53
332.7857142857143,0.0,0.0,53
332.85714285714283,0.0,0.0,53
332.9285714285714,0.0,0.0,53
333.0,0.0,0.0,53
333.07142857142856,0.0,0.0,53
333.1428571428571,0.0,0.0,53
333.2142857142857,0.0,0.0,53
333.2857142857143,0.0196078431372549,0.019607843137254898,53
333.35714285714283,0.0,0.0,53
333.4285714285714,0.0,0.0,53
333.5,0.0,0.0,53
333.57142857142856,0.0,0.0,53
333.6428571428571,0.0,0.0,53
333.7142857142857,0.01764705882352941,0.01764705882352941,53
333.7857142857143,0.01764705882352941,0.01764705882352941,53
333.85714285714283,0.0,0.0,53
333.9285714285714,0.0196078431372549,0.019607843137254898,53
334.0,0.01764705882352941,0.01764705882352941,53
334.07142857142856,0.01764705882352941,0.01764705882352941,53
334.1428571428571,0.01568627450980392,0.015686274509803918,53
334.2142857142857,0.041176470588235294,0.029661683289961854,53
334.2857142857143,0.013999999999999999,0.013999999999999999,53
334.35714285714283,0.03333333333333333,0.02370846901990877,53
334.4285714285714,0.013725490196078431,0.01372549019607843,53
334.5,0.013725490196078431,0.01372549019607843,53
334.57142857142856,0.0,0.0,53
334.6428571428571,0.013725490196078431,0.01372549019607843,53
334.7142857142857,0.0,0.0,53
334.7857142857143,0.02,0.019999999999999997,53
334.85714285714283,0.0196078431372549,0.019607843137254898,53
334.9285714285714,0.0,0.0,53
335.0,0.0,0.0,53
335.07142857142856,0.0,0.0,53
335.1428571428571,0.01764705882352941,0.01764705882352941,53
335.2142857142857,0.041999999999999996,0.031048349392520047,53
335.2857142857143,0.0,0.0,53
335.35714285714283,0.013999999999999999,0.013999999999999999,53
335.4285714285714,0.013999999999999999,0.013999999999999999,53
335.5,0.013999999999999999,0.013999999999999999,53
335.57142857142856,0.0,0.0,53
335.6428571428571,0.018000000000000002,0.018,53
335.7142857142857,0.0,0.0,53
335.7857142857143,0.01764705882352941,0.01764705882352941,53
335.85714285714283,0.01568627450980392,0.015686274509803918,53
335.9285714285714,0.041176470588235294,0.029661683289961854,53
336.0,0.0,0.0,53
336.07142857142856,0.013999999999999999,0.013999999999999999,53
336.1428571428571,0.0,0.0,53
336.2142857142857,0.0,0.0,53
336.2857142857143,0.0,0.0,53
336.35714285714283,0.0,0.0,53
336.4285714285714,0.0,0.0,53
336.5,0.0,0.0,53
336.57142857142856,0.0,0.0,53
336.6428571428571,0.0,0.0,53
336.7142857142857,0.0,0.0,53
336.7857142857143,0.0,0.0,53
336.85714285714283,0.0,0.0,53
336.9285714285714,0.03725490196078431,0.026414610382821824,53
337.0,0.01764705882352941,0.01764705882352941,53
337.07142857142856,0.0,0.0,53
337.1428571428571,0.0,0.0,53
337.2142857142857,0.0,0.0,53
337.2857142857143,0.0,0.0,53
337.35714285714283,0.0,0.0,53
337.4285714285714,0.0,0.0,53
337.5,0.023529411764705882,0.023529411764705882,53
337.57142857142856,0.0392156862745098,0.028707918067750884,53
337.6428571428571,0.0,0.0,53
337.7142857142857,0.0,0.0,53
337.7857142857143,0.0,0.0,53
337.85714285714283,0.0,0.0,53
337.9285714285714,0.014285714285714285,0.014285714285714285,53
338.0,0.0,0.0,53
338.07142857142856,0.0,0.0,53
338.1428571428571,0.0,0.0,53
338.2142857142857,0.0,0.0,53
338.2857142857143,0.0,0.0,53
338.35714285714283,0.013725490196078431,0.01372549019607843,53
338.4285714285714,0.013999999999999999,0.013999999999999999,53
338.5,0.021568627450980395,0.021568627450980395,53
338.57142857142856,0.0,0.0,53
338.6428571428571,0.0,0.0,53
338.7142857142857,0.0,0.0,53
338.7857142857143,0.0,0.0,53
338.85714285714283,0.0,0.0,53
338.9285714285714,0.0,0.0,53
339.0,0.0,0.0,53
339.07142857142856,0.0,0.0,53
339.1428571428571,0.0,0.0,53
339.2142857142857,0.0,0.0,53
339.2857142857143,0.0,0.0,53
339.35714285714283,0.0,0.0,53
339.4285714285714,0.0,0.0,53
339.5,0.0,0.0,53
339.57142857142856,0.0,0.0,53
339.6428571428571,0.0,0.0,53
339.7142857142857,0.0,0.0,53
339.7857142857143,0.0,0.0,53
339.85714285714283,0.0,0.0,53
339.9285714285714,0.0,0.0,53
340.0,0.0,0.0,53
340.07142857142856,0.0,0.0,53
340.1428571428571,0.01568627450980392,0.015686274509803918,53
340.2142857142857,0.0,0.0,53
340.2857142857143,0.0,0.0,53
340.35714285714283,0.0,0.0,53
340.4285714285714,0.0,0.0,53
340.5,0.0,0.0,53
340.57142857142856,0.0,0.0,53
340.6428571428571,0.013999999999999999,0.013999999999999999,53
340.7142857142857,0.0,0.0,53
340.7857142857143,0.0,0.0,53
340.85714285714283,0.016,0.015999999999999997,53
340.9285714285714,0.0,0.0,53
341.0,0.0,0.0,53
341.07142857142856,0.0,0.0,53
341.1428571428571,0.01764705882352941,0.01764705882352941,53
341.2142857142857,0.0,0.0,53
341.2857142857143,0.021568627450980395,0.021568627450980392,53
341.35714285714283,0.0,0.0,53
341.4285714285714,0.0,0.0,53
341.5,0.021568627450980395,0.021568627450980392,53
341.57142857142856,0.0,0.0,53
341.6428571428571,0.021568627450980395,0.021568627450980392,53
341.7142857142857,0.0,0.0,53
341.7857142857143,0.0,0.0,53
341.85714285714283,0.0,0.0,53
341.9285714285714,0.0,0.0,53
342.0,0.0,0.0,53
342.07142857142856,0.023529411764705882,0.02352941176470589,53
342.1428571428571,0.0,0.0,53
342.2142857142857,0.0,0.0,53
342.2857142857143,0.0,0.0,53
342.35714285714283,0.024,0.024000000000000004,53
342.4285714285714,0.021568627450980395,0.021568627450980392,53
342.5,0.0,0.0,53
342.57142857142856,0.0,0.0,53
342.6428571428571,0.0,0.0,53
342.7142857142857,0.0,0.0,53
342.7857142857143,0.0,0.0,53
342.85714285714283,0.0,0.0,53
342.9285714285714,0.0,0.0,53
343.0,0.0,0.0,53
343.07142857142856,0.0,0.0,53
343.1428571428571,0.0,0.0,53
343.2142857142857,0.0,0.0,53
343.2857142857143,0.0,0.0,53
343.35714285714283,0.0,0.0,53
343.4285714285714,0.0,0.0,53
343.5,0.026000000000000002,0.026000000000000002,53
343.57142857142856,0.049019607843137254,0.03434228503361792,53
343.6428571428571,0.03529411764705882,0.02609538001508098,53
343.7142857142857,0.0,0.0,53
343.7857142857143,0.0,0.0,53
343.85714285714283,0.0,0.0,53
343.9285714285714,0.0,0.0,53
344.0,0.0,0.0,53
344.07142857142856,0.0,0.0,53
344.1428571428571,0.0,0.0,53
344.2142857142857,0.0,0.0,53
344.2857142857143,0.0,0.0,53
344.35714285714283,0.0,0.0,53
344.4285714285714,0.0,0.0,53
344.5,0.026000000000000002,0.026000000000000002,53
344.57142857142856,0.026000000000000002,0.026000000000000002,53
344.6428571428571,0.013725490196078431,0.01372549019607843,53
344.7142857142857,0.0,0.0,53
344.7857142857143,0.0,0.0,53
344.85714285714283,0.0,0.0,53
344.9285714285714,0.0,0.0,53
345.0,0.0,0.0,53
345.07142857142856,0.0,0.0,53
345.1428571428571,0.0,0.0,53
345.2142857142857,0.0,0.0,53
345.2857142857143,0.0,0.0,53
345.35714285714283,0.0,0.0,53
345.4285714285714,0.0,0.0,53
345.5,0.0,0.0,53
345.57142857142856,0.0,0.0,53
345.6428571428571,0.01568627450980392,0.01568627450980392,53
345.7142857142857,0.0,0.0,53
345.7857142857143,0.0,0.0,53
345.85714285714283,0.0,0.0,53
345.9285714285714,0.0,0.0,53
346.0,0.0,0.0,53
346.07142857142856,0.0,0.0,53
346.1428571428571,0.013999999999999999,0.013999999999999999,53
346.2142857142857,0.013999999999999999,0.013999999999999999,53
346.2857142857143,0.0,0.0,53
346.35714285714283,0.0,0.0,53
346.4285714285714,0.0,0.0,53
346.5,0.0,0.0,53
346.57142857142856,0.0,0.0,53
346.6428571428571,0.0,0.0,53
346.7142857142857,0.0,0.0,53
346.7857142857143,0.0,0.0,53
346.85714285714283,0.0,0.0,53
346.9285714285714,0.0,0.0,53
347.0,0.023529411764705882,0.023529411764705882,53
347.07142857142856,0.01764705882352941,0.01764705882352941,53
347.1428571428571,0.011764705882352941,0.011764705882352941,53
347.2142857142857,0.0,0.0,53
347.2857142857143,0.0,0.0,53
347.35714285714283,0.0,0.0,53
347.4285714285714,0.0,0.0,53
347.5,0.0,0.0,53
347.57142857142856,0.0,0.0,53
347.6428571428571,0.0,0.0,53
347.7142857142857,0.0,0.0,53
347.7857142857143,0.0,0.0,53
347.85714285714283,0.0,0.0,53
347.9285714285714,0.0,0.0,53
348.0,0.0196078431372549,0.0196078431372549,53
348.07142857142856,0.0,0.0,53
348.1428571428571,0.0,0.0,53
348.2142857142857,0.0,0.0,53
348.2857142857143,0.0,0.0,53
348.35714285714283,0.018000000000000002,0.018000000000000002,53
348.4285714285714,0.01764705882352941,0.01764705882352941,53
348.5,0.0,0.0,53
348.57142857142856,0.01764705882352941,0.01764705882352941,53
348.6428571428571,0.0,0.0,53
348.7142857142857,0.0,0.0,53
348.7857142857143,0.0,0.0,53
348.85714285714283,0.032,0.022395334791160484,53
348.9285714285714,0.01568627450980392,0.015686274509803918,53
349.0,0.013999999999999999,0.013999999999999999,53
349.07142857142856,0.0,0.0,53
349.1428571428571,0.0,0.0,53
349.2142857142857,0.0,0.0,53
349.2857142857143,0.0,0.0,53
349.35714285714283,0.01764705882352941,0.01764705882352941,53
349.4285714285714,0.01764705882352941,0.01764705882352941,53
349.5,0.0,0.0,53
349.57142857142856,0.041176470588235294,0.029128043301505764,53
349.6428571428571,0.0,0.0,53
349.7142857142857,0.0,0.0,53
349.7857142857143,0.021568627450980395,0.02156862745098039,53
349.85714285714283,0.02,0.019999999999999993,53
349.9285714285714,0.0,0.0,53
350.0,0.0,0.0,53
350.07142857142856,0.0,0.0,53
350.1428571428571,0.0,0.0,53
350.2142857142857,0.0,0.0,53
350.2857142857143,0.0,0.0,53
350.35714285714283,0.0,0.0,53
350.4285714285714,0.0,0.0,53
350.5,0.0196078431372549,0.019607843137254898,53
350.57142857142856,0.046,0.03222497446999511,53
350.6428571428571,0.0,0.0,53
350.7142857142857,0.0,0.0,53
350.7857142857143,0.027450980392156862,0.02745098039215686,53
350.85714285714283,0.0,0.0,53
350.9285714285714,0.0,0.0,53
351.0,0.0,0.0,53
351.07142857142856,0.05,0.035021859063232186,53
351.1428571428571,0.024,0.023999999999999997,53
351.2142857142857,0.0,0.0,53
351.2857142857143,0.0,0.0,53
351.35714285714283,0.0,0.0,53
351.4285714285714,0.023529411764705882,0.023529411764705882,53
351.5,0.025490196078431372,0.02549019607843138,53
351.57142857142856,0.026000000000000002,0.026000000000000002,53
351.6428571428571,0.0,0.0,53
351.7142857142857,0.0,0.0,53
351.7857142857143,0.0,0.0,53
351.85714285714283,0.0,0.0,53
351.9285714285714,0.0,0.0,53
352.0,0.0,0.0,53
352.07142857142856,0.0,0.0,53
352.1428571428571,0.0,0.0,53
352.2142857142857,0.0,0.0,53
352.2857142857143,0.0,0.0,53
352.35714285714283,0.0,0.0,53
352.4285714285714,0.0,0.0,53
352.5,0.0,0.0,53
352.57142857142856,0.0,0.0,53
352.6428571428571,0.0,0.0,53
352.7142857142857,0.0,0.0,53
352.7857142857143,0.0,0.0,53
352.85714285714283,0.0,0.0,53
352.9285714285714,0.0,0.0,53
353.0,0.0,0.0,53
353.07142857142856,0.0,0.0,53
353.1428571428571,0.0,0.0,53
353.2142857142857,0.0,0.0,53
353.2857142857143,0.0,0.0,53
353.35714285714283,0.0,0.0,53
353.4285714285714,0.0,0.0,53
353.5,0.0,0.0,53
353.57142857142856,0.0,0.0,53
353.6428571428571,0.0,0.0,53
353.7142857142857,0.0,0.0,53
353.7857142857143,0.0,0.0,53
353.85714285714283,0.0,0.0,53
353.9285714285714,0.0,0.0,53
354.0,0.0,0.0,53
354.07142857142856,0.0,0.0,53
354.1428571428571,0.025490196078431372,0.025490196078431372,53
354.2142857142857,0.0,0.0,53
354.2857142857143,0.0,0.0,53
354.35714285714283,0.0,0.0,53
354.4285714285714,0.0,0.0,53
354.5,0.0,0.0,53
354.57142857142856,0.025490196078431372,0.025490196078431372,53
354.6428571428571,0.0,0.0,53
354.7142857142857,0.0,0.0,53
354.7857142857143,0.0,0.0,53
354.85714285714283,0.0,0.0,53
354.9285714285714,0.0,0.0,53
355.0,0.0,0.0,53
355.07142857142856,0.0,0.0,53
355.1428571428571,0.0,0.0,53
355.2142857142857,0.0,0.0,53
355.2857142857143,0.0,0.0,53
355.35714285714283,0.0,0.0,53
355.4285714285714,0.0,0.0,53
355.5,0.0,0.0,53
355.57142857142856,0.02857142857142857,0.02857142857142857,53
355.6428571428571,0.0,0.0,53
355.7142857142857,0.0,0.0,53
355.7857142857143,0.0,0.0,53
355.85714285714283,0.0,0.0,53
355.9285714285714,0.027450980392156862,0.02745098039215686,53
356.0,0.0,0.0,53
356.07142857142856,0.0,0.0,53
356.1428571428571,0.0,0.0,53
356.2142857142857,0.0,0.0,53
356.2857142857143,0.0,0.0,53
356.35714285714283,0.0,0.0,53
356.4285714285714,0.0,0.0,53
356.5,0.0,0.0,53
356.57142857142856,0.0,0.0,53
356.6428571428571,0.0,0.0,53
356.7142857142857,0.0,0.0,53
356.7857142857143,0.0,0.0,53
356.85714285714283,0.0,0.0,53
356.9285714285714,0.0,0.0,53
357.0,0.0,0.0,53
357.07142857142856,0.0,0.0,53
357.1428571428571,0.0,0.0,53
357.2142857142857,0.0,0.0,53
357.2857142857143,0.0,0.0,53
357.35714285714283,0.0,0.0,53
357.4285714285714,0.0,0.0,53
357.5,0.0,0.0,53
357.57142857142856,0.0,0.0,53
357.6428571428571,0.0,0.0,53
357.7142857142857,0.0,0.0,53
357.7857142857143,0.0,0.0,53
357.85714285714283,0.0,0.0,53
357.9285714285714,0.027450980392156862,0.02745098039215686,53
358.0,0.0,0.0,53
358.07142857142856,0.0,0.0,53
358.1428571428571,0.0,0.0,53
358.2142857142857,0.0,0.0,53
358.2857142857143,0.0,0.0,53
358.35714285714283,0.0,0.0,53
358.4285714285714,0.0,0.0,53
358.5,0.0,0.0,53
358.57142857142856,0.0,0.0,53
358.6428571428571,0.0,0.0,53
358.7142857142857,0.01568627450980392,0.01568627450980392,53
358.7857142857143,0.0,0.0,53
358.85714285714283,0.0,0.0,53
358.9285714285714,0.04705882352941177,0.03479384002010798,53
359.0,0.0,0.0,53
359.07142857142856,0.0,0.0,53
359.1428571428571,0.0,0.0,53
359.2142857142857,0.0,0.0,53
359.2857142857143,0.0,0.0,53
359.35714285714283,0.0,0.0,53
359.4285714285714,0.0,0.0,53
359.5,0.0,0.0,53
359.57142857142856,0.0,0.0,53
359.6428571428571,0.0,0.0,53
359.7142857142857,0.0,0.0,53
359.7857142857143,0.0,0.0,53
359.85714285714283,0.023529411764705882,0.023529411764705882,53
359.9285714285714,0.0,0.0,53
360.0,0.0,0.0,53
360.07142857142856,0.0,0.0,53
360.1428571428571,0.0,0.0,53
360.2142857142857,0.0,0.0,53
360.2857142857143,0.0,0.0,53
360.3571428571428,0.0,0.0,53
360.4285714285714,0.0,0.0,53
360.5,0.0,0.0,53
360.57142857142856,0.0,0.0,53
360.6428571428571,0.027450980392156862,0.02745098039215686,53
360.7142857142857,0.0,0.0,53
360.7857142857143,0.0,0.0,53
360.8571428571428,0.023529411764705882,0.023529411764705882,53
360.9285714285714,0.0,0.0,53
361.0,0.0,0.0,53
361.07142857142856,0.0,0.0,53
361.1428571428571,0.0,0.0,53
361.2142857142857,0.0,0.0,53
361.2857142857143,0.0,0.0,53
361.3571428571428,0.00784313725490196,0.00784313725490196,53
361.4285714285714,0.0,0.0,53
361.5,0.025490196078431372,0.02549019607843138,53
361.57142857142856,0.0,0.0,53
361.6428571428571,0.0,0.0,53
361.7142857142857,0.023529411764705882,0.023529411764705882,53
361.7857142857143,0.0,0.0,53
361.8571428571428,0.0,0.0,53
361.9285714285714,0.0,0.0,53
362.0,0.0,0.0,53
362.07142857142856,0.0,0.0,53
362.1428571428571,0.0,0.0,53
362.2142857142857,0.0,0.0,53
362.2857142857143,0.0,0.0,53
362.3571428571428,0.011764705882352941,0.011764705882352944,53
362.4285714285714,0.0,0.0,53
362.5,0.023529411764705882,0.023529411764705882,53
362.57142857142856,0.0,0.0,53
362.6428571428571,0.0,0.0,53
362.7142857142857,0.034,0.024844003095232426,53
362.7857142857143,0.011764705882352941,0.011764705882352944,53
362.8571428571428,0.011764705882352941,0.011764705882352944,53
362.9285714285714,0.0,0.0,53
363.0,0.0,0.0,53
363.07142857142856,0.0,0.0,53
363.1428571428571,0.0,0.0,53
363.2142857142857,0.0,0.0,53
363.2857142857143,0.0,0.0,53
363.3571428571428,0.0,0.0,53
363.4285714285714,0.0,0.0,53
363.5,0.049019607843137254,0.034569912002203045,53
363.57142857142856,0.0,0.0,53
363.6428571428571,0.0,0.0,53
363.7142857142857,0.0,0.0,53
363.7857142857143,0.0,0.0,53
363.8571428571428,0.0,0.0,53
363.9285714285714,0.0,0.0,53
364.0,0.0,0.0,53
364.07142857142856,0.013725490196078431,0.01372549019607843,53
364.1428571428571,0.0,0.0,53
364.2142857142857,0.0,0.0,53
364.2857142857143,0.0,0.0,53
364.3571428571428,0.0,0.0,53
364.4285714285714,0.03,0.030000000000000006,53
364.5,0.023529411764705882,0.023529411764705882,53
364.57142857142856,0.0,0.0,53
364.6428571428571,0.0,0.0,53
364.7142857142857,0.0,0.0,53
364.7857142857143,0.023529411764705882,0.023529411764705882,53
364.8571428571428,0.0,0.0,53
364.9285714285714,0.0,0.0,53
365.0,0.023529411764705882,0.023529411764705882,53
365.07142857142856,0.013999999999999999,0.013999999999999999,53
365.1428571428571,0.0,0.0,53
365.2142857142857,0.0,0.0,53
365.2857142857143,0.0,0.0,53
365.3571428571428,0.025490196078431372,0.02549019607843138,53
365.4285714285714,0.0,0.0,53
365.5,0.03137254901960784,0.031372549019607836,53
365.57142857142856,0.023529411764705882,0.023529411764705882,53
365.6428571428571,0.0,0.0,53
365.71428571428567,0.0,0.0,53
365.7857142857143,0.0,0.0,53
365.8571428571428,0.0,0.0,53
365.9285714285714,0.025490196078431372,0.02549019607843138,53
366.0,0.0,0.0,53
366.07142857142856,0.0,0.0,53
366.1428571428571,0.0,0.0,53
366.21428571428567,0.0,0.0,53
366.2857142857143,0.025490196078431372,0.02549019607843138,53
366.3571428571428,0.025490196078431372,0.02549019607843138,53
366.4285714285714,0.0,0.0,53
366.5,0.0,0.0,53
366.57142857142856,0.0,0.0,53
366.6428571428571,0.0,0.0,53
366.71428571428567,0.027450980392156862,0.02745098039215686,53
366.7857142857143,0.0,0.0,53
366.8571428571428,0.0,0.0,53
366.9285714285714,0.0,0.0,53
367.0,0.0,0.0,53
367.07142857142856,0.03,0.030000000000000006,53
367.1428571428571,0.0,0.0,53
367.21428571428567,0.029411764705882353,0.02941176470588236,53
367.2857142857143,0.0,0.0,53
367.3571428571428,0.0,0.0,53
367.4285714285714,0.0,0.0,53
367.5,0.0,0.0,53
367.57142857142856,0.0,0.0,53
367.6428571428571,0.0,0.0,53
367.71428571428567,0.0,0.0,53
367.7857142857143,0.0,0.0,53
367.8571428571428,0.0,0.0,53
367.9285714285714,0.0,0.0,53
368.0,0.03333333333333333,0.03333333333333334,53
368.07142857142856,0.03333333333333333,0.03333333333333334,53
368.1428571428571,0.03333333333333333,0.03333333333333334,53
368.21428571428567,0.0,0.0,53
368.2857142857143,0.0,0.0,53
368.3571428571428,0.0,0.0,53
368.4285714285714,0.0,0.0,53
368.5,0.0,0.0,53
368.57142857142856,0.0,0.0,53
368.6428571428571,0.0,0.0,53
368.71428571428567,0.03137254901960784,0.031372549019607836,53
368.7857142857143,0.0,0.0,53
368.8571428571428,0.0,0.0,53
368.9285714285714,0.0,0.0,53
369.0,0.03137254901960784,0.031372549019607836,53
369.07142857142856,0.029411764705882353,0.02941176470588236,53
369.1428571428571,0.03,0.030000000000000006,53
369.21428571428567,0.027450980392156862,0.02745098039215686,53
369.2857142857143,0.027450980392156862,0.02745098039215686,53
369.3571428571428,0.0,0.0,53
369.4285714285714,0.0,0.0,53
369.5,0.0,0.0,53
369.57142857142856,0.0,0.0,53
369.6428571428571,0.0,0.0,53
369.71428571428567,0.0,0.0,53
369.7857142857143,0.0,0.0,53
369.8571428571428,0.0,0.0,53
369.9285714285714,0.0,0.0,53
370.0,0.0,0.0,53
370.07142857142856,0.0,0.0,53
370.1428571428571,0.0,0.0,53
370.21428571428567,0.023529411764705882,0.023529411764705882,53
370.2857142857143,0.027450980392156862,0.02745098039215686,53
370.3571428571428,0.0,0.0,53
370.4285714285714,0.0,0.0,53
370.5,0.01568627450980392,0.01568627450980392,53
370.57142857142856,0.0,0.0,53
370.6428571428571,0.0,0.0,53
370.71428571428567,0.0,0.0,53
370.7857142857143,0.0,0.0,53
370.8571428571428,0.0,0.0,53
370.9285714285714,0.0,0.0,53
371.0,0.0,0.0,53
371.07142857142856,0.0,0.0,53
371.1428571428571,0.023529411764705882,0.023529411764705882,53
371.21428571428567,0.0,0.0,53
371.2857142857143,0.024,0.023999999999999997,53
371.3571428571428,0.0,0.0,53
371.4285714285714,0.0,0.0,53
371.5,0.023529411764705882,0.023529411764705882,53
371.57142857142856,0.0,0.0,53
371.6428571428571,0.0,0.0,53
371.71428571428567,0.0,0.0,53
371.7857142857143,0.0,0.0,53
371.8571428571428,0.0,0.0,53
371.9285714285714,0.0,0.0,53
372.0,0.022000000000000002,0.022,53
372.07142857142856,0.0,0.0,53
372.1428571428571,0.0,0.0,53
372.21428571428567,0.02,0.019999999999999997,53
372.2857142857143,0.0,0.0,53
372.3571428571428,0.0,0.0,53
372.4285714285714,0.01764705882352941,0.01764705882352941,53
372.5,0.01764705882352941,0.01764705882352941,53
372.57142857142856,0.013725490196078431,0.01372549019607843,53
372.6428571428571,0.0,0.0,53
372.71428571428567,0.01764705882352941,0.01764705882352941,53
372.7857142857143,0.0,0.0,53
372.8571428571428,0.046,0.0337106535573742,53
372.9285714285714,0.016,0.015999999999999997,53
373.0,0.01568627450980392,0.01568627450980392,53
373.07142857142856,0.0,0.0,53
373.1428571428571,0.0,0.0,53
373.21428571428567,0.0,0.0,53
373.2857142857143,0.0,0.0,53
373.3571428571428,0.0,0.0,53
373.4285714285714,0.0,0.0,53
373.5,0.01764705882352941,0.01764705882352941,53
373.57142857142856,0.01764705882352941,0.01764705882352941,53
373.6428571428571,0.0,0.0,53
373.71428571428567,0.021568627450980395,0.021568627450980392,53
373.7857142857143,0.0,0.0,53
373.8571428571428,0.023529411764705882,0.023529411764705882,53
373.9285714285714,0.023529411764705882,0.023529411764705882,53
374.0,0.01568627450980392,0.01568627450980392,53
374.07142857142856,0.0,0.0,53
374.1428571428571,0.0,0.0,53
374.21428571428567,0.0,0.0,53
374.2857142857143,0.023529411764705882,0.023529411764705882,53
374.3571428571428,0.0,0.0,53
374.4285714285714,0.0,0.0,53
374.5,0.0,0.0,53
374.57142857142856,0.0,0.0,53
374.6428571428571,0.0,0.0,53
374.71428571428567,0.0,0.0,53
374.7857142857143,0.021568627450980395,0.021568627450980392,53
374.8571428571428,0.021568627450980395,0.021568627450980392,53
374.9285714285714,0.021568627450980395,0.021568627450980392,53
375.0,0.016,0.016,53
375.07142857142856,0.01568627450980392,0.01568627450980392,53
375.1428571428571,0.0,0.0,53
375.21428571428567,0.024,0.023999999999999997,53
375.2857142857143,0.0,0.0,53
375.3571428571428,0.0,0.0,53
375.4285714285714,0.0,0.0,53
375.5,0.022000000000000002,0.022,53
375.57142857142856,0.012,0.012000000000000002,53
375.6428571428571,0.0,0.0,53
375.71428571428567,0.00980392156862745,0.009803921568627449,53
375.7857142857143,0.0,0.0,53
375.8571428571428,0.0,0.0,53
375.9285714285714,0.021568627450980395,0.021568627450980392,53
376.0,0.0,0.0,53
376.07142857142856,0.0,0.0,53
376.1428571428571,0.00980392156862745,0.009803921568627449,53
376.21428571428567,0.0,0.0,53
376.2857142857143,0.00980392156862745,0.009803921568627449,53
376.3571428571428,0.00980392156862745,0.009803921568627449,53
376.4285714285714,0.0,0.0,53
376.5,0.025490196078431372,0.02549019607843138,53
376.57142857142856,0.0,0.0,53
376.6428571428571,0.0,0.0,53
376.71428571428567,0.0,0.0,53
376.7857142857143,0.0,0.0,53
376.8571428571428,0.0,0.0,53
376.9285714285714,0.0,0.0,53
377.0,0.00980392156862745,0.009803921568627449,53
377.07142857142856,0.0,0.0,53
377.1428571428571,0.0,0.0,53
377.21428571428567,0.023529411764705882,0.02352941176470589,53
377.2857142857143,0.027450980392156862,0.02745098039215686,53
377.3571428571428,0.0,0.0,53
377.4285714285714,0.0,0.0,53
377.5,0.0,0.0,53
377.57142857142856,0.0,0.0,53
377.6428571428571,0.0,0.0,53
377.71428571428567,0.0,0.0,53
377.7857142857143,0.0,0.0,53
377.8571428571428,0.025490196078431372,0.02549019607843138,53
377.9285714285714,0.025490196078431372,0.02549019607843138,53
378.0,0.0,0.0,53
378.07142857142856,0.0,0.0,53
378.1428571428571,0.0,0.0,53
378.21428571428567,0.0,0.0,53
378.2857142857143,0.0,0.0,53
378.3571428571428,0.0,0.0,53
378.4285714285714,0.0,0.0,53
378.5,0.0,0.0,53
378.57142857142856,0.011764705882352941,0.011764705882352944,53
378.6428571428571,0.0,0.0,53
378.71428571428567,0.022000000000000002,0.022,53
378.7857142857143,0.0,0.0,53
378.8571428571428,0.0,0.0,53
378.9285714285714,0.00980392156862745,0.009803921568627449,53
379.0,0.013725490196078431,0.01372549019607843,53
379.07142857142856,0.0,0.0,53
379.1428571428571,0.0,0.0,53
379.21428571428567,0.018000000000000002,0.018,53
379.2857142857143,0.0,0.0,53
379.3571428571428,0.0,0.0,53
379.4285714285714,0.0,0.0,53
379.5,0.0,0.0,53
379.57142857142856,0.00980392156862745,0.009803921568627449,53
379.6428571428571,0.0,0.0,53
379.71428571428567,0.0,0.0,53
379.7857142857143,0.0,0.0,53
379.8571428571428,0.0,0.0,53
379.9285714285714,0.0,0.0,53
380.0,0.0,0.0,53
380.07142857142856,0.0,0.0,53
380.1428571428571,0.0,0.0,53
380.21428571428567,0.0,0.0,53
380.2857142857143,0.0,0.0,53
380.3571428571428,0.0,0.0,53
380.4285714285714,0.01764705882352941,0.01764705882352941,53
380.5,0.0,0.0,53
380.57142857142856,0.01,0.009999999999999998,53
380.6428571428571,0.01764705882352941,0.01764705882352941,53
380.71428571428567,0.0,0.0,53
380.7857142857143,0.0,0.0,53
380.8571428571428,0.01568627450980392,0.015686274509803918,53
380.9285714285714,0.01568627450980392,0.015686274509803918,53
381.0,0.0,0.0,53
381.07142857142856,0.0,0.0,53
381.1428571428571,0.0,0.0,53
381.21428571428567,0.0,0.0,53
381.2857142857143,0.0,0.0,53
381.3571428571428,0.0,0.0,53
381.4285714285714,0.012,0.012000000000000002,53
381.5,0.0,0.0,53
381.57142857142856,0.013999999999999999,0.013999999999999999,53
381.6428571428571,0.01568627450980392,0.015686274509803918,53
381.71428571428567,0.01764705882352941,0.01764705882352941,53
381.7857142857143,0.018000000000000002,0.018,53
381.8571428571428,0.018000000000000002,0.018,53
381.9285714285714,0.016,0.015999999999999997,53
382.0,0.0,0.0,53
382.07142857142856,0.0,0.0,53
382.1428571428571,0.0,0.0,53
382.21428571428567,0.01568627450980392,0.015686274509803918,53
382.2857142857143,0.013725490196078431,0.01372549019607843,53
382.3571428571428,0.0,0.0,53
382.4285714285714,0.0,0.0,53
382.5,0.01568627450980392,0.015686274509803918,53
382.57142857142856,0.0,0.0,53
382.6428571428571,0.0,0.0,53
382.71428571428567,0.0,0.0,53
382.7857142857143,0.0,0.0,53
382.8571428571428,0.0,0.0,53
382.9285714285714,0.01568627450980392,0.015686274509803918,53
383.0,0.0,0.0,53
383.07142857142856,0.013725490196078431,0.01372549019607843,53
383.1428571428571,0.016,0.015999999999999997,53
383.21428571428567,0.0,0.0,53
383.2857142857143,0.01568627450980392,0.015686274509803918,53
383.3571428571428,0.0,0.0,53
383.4285714285714,0.0,0.0,53
383.5,0.0,0.0,53
383.57142857142856,0.0,0.0,53
383.6428571428571,0.0,0.0,53
383.71428571428567,0.01764705882352941,0.01764705882352941,53
383.7857142857143,0.0,0.0,53
383.8571428571428,0.0,0.0,53
383.9285714285714,0.0,0.0,53
384.0,0.01568627450980392,0.015686274509803918,53
384.07142857142856,0.01568627450980392,0.015686274509803918,53
384.1428571428571,0.0,0.0,53
384.21428571428567,0.0,0.0,53
384.2857142857143,0.0,0.0,53
384.3571428571428,0.0,0.0,53
384.4285714285714,0.016,0.015999999999999997,53
384.5,0.016,0.015999999999999997,53
384.57142857142856,0.0,0.0,53
384.6428571428571,0.016,0.015999999999999997,53
384.71428571428567,0.016,0.015999999999999997,53
384.7857142857143,0.0,0.0,53
384.8571428571428,0.01568627450980392,0.015686274509803918,53
384.9285714285714,0.013725490196078431,0.01372549019607843,53
385.0,0.0,0.0,53
385.07142857142856,0.0,0.0,53
385.1428571428571,0.013725490196078431,0.01372549019607843,53
385.21428571428567,0.013725490196078431,0.01372549019607843,53
385.2857142857143,0.0,0.0,53
385.3571428571428,0.01568627450980392,0.01568627450980392,53
385.4285714285714,0.0,0.0,53
385.5,0.01568627450980392,0.01568627450980392,53
385.57142857142856,0.01568627450980392,0.015686274509803918,53
385.6428571428571,0.0,0.0,53
385.71428571428567,0.0,0.0,53
385.7857142857143,0.0,0.0,53
385.8571428571428,0.0,0.0,53
385.9285714285714,0.0,0.0,53
386.0,0.0,0.0,53
386.07142857142856,0.022000000000000002,0.022,53
386.1428571428571,0.01764705882352941,0.01764705882352941,53
386.21428571428567,0.0,0.0,53
386.2857142857143,0.0,0.0,53
386.3571428571428,0.0,0.0,53
386.4285714285714,0.0,0.0,53
386.5,0.0,0.0,53
386.57142857142856,0.0196078431372549,0.019607843137254898,53
386.6428571428571,0.0,0.0,53
386.71428571428567,0.0,0.0,53
386.7857142857143,0.0,0.0,53
386.8571428571428,0.0,0.0,53
386.9285714285714,0.0,0.0,53
387.0,0.01764705882352941,0.01764705882352941,53
387.07142857142856,0.0,0.0,53
387.1428571428571,0.0,0.0,53
387.21428571428567,0.0196078431372549,0.019607843137254898,53
387.2857142857143,0.0196078431372549,0.019607843137254898,53
387.3571428571428,0.021568627450980395,0.021568627450980392,53
387.4285714285714,0.0,0.0,53
387.5,0.0196078431372549,0.019607843137254898,53
387.57142857142856,0.0196078431372549,0.019607843137254898,53
387.6428571428571,0.0,0.0,53
387.71428571428567,0.0,0.0,53
387.7857142857143,0.0,0.0,53
387.8571428571428,0.0,0.0,53
387.9285714285714,0.0,0.0,53
388.0,0.0,0.0,53
388.07142857142856,0.0,0.0,53
388.1428571428571,0.025490196078431372,0.02549019607843138,53
388.21428571428567,0.0,0.0,53
388.2857142857143,0.024,0.023999999999999997,53
388.3571428571428,0.024,0.023999999999999997,53
388.4285714285714,0.0,0.0,53
388.5,0.023529411764705882,0.023529411764705882,53
388.57142857142856,0.023529411764705882,0.023529411764705882,53
388.6428571428571,0.023529411764705882,0.023529411764705882,53
388.71428571428567,0.0,0.0,53
388.7857142857143,0.0,0.0,53
388.8571428571428,0.0,0.0,53
388.9285714285714,0.024,0.023999999999999997,53
389.0,0.023529411764705882,0.023529411764705882,53
389.07142857142856,0.023529411764705882,0.023529411764705882,53
389.1428571428571,0.0,0.0,53
389.21428571428567,0.023529411764705882,0.023529411764705882,53
389.2857142857143,0.0,0.0,53
389.3571428571428,0.023529411764705882,0.023529411764705882,53
389.4285714285714,0.0,0.0,53
389.5,0.0,0.0,53
389.57142857142856,0.023529411764705882,0.023529411764705882,53
389.6428571428571,0.0,0.0,53
389.71428571428567,0.0,0.0,53
389.7857142857143,0.0,0.0,53
389.8571428571428,0.025490196078431372,0.02549019607843138,53
389.9285714285714,0.0,0.0,53
390.0,0.0,0.0,53
390.07142857142856,0.0,0.0,53
390.1428571428571,0.0,0.0,53
390.21428571428567,0.0,0.0,53
390.2857142857143,0.0,0.0,53
390.3571428571428,0.025490196078431372,0.02549019607843138,53
390.4285714285714,0.0,0.0,53
390.5,0.0,0.0,53
390.57142857142856,0.025490196078431372,0.02549019607843138,53
390.6428571428571,0.0,0.0,53
390.71428571428567,0.0,0.0,53
390.7857142857143,0.0,0.0,53
390.8571428571428,0.0,0.0,53
390.9285714285714,0.0,0.0,53
391.0,0.0,0.0,53
391.07142857142856,0.0,0.0,53
391.1428571428571,0.0,0.0,53
391.21428571428567,0.023529411764705882,0.023529411764705882,53
391.2857142857143,0.022000000000000002,0.022,53
391.3571428571428,0.021568627450980395,0.021568627450980392,53
391.4285714285714,0.021568627450980395,0.021568627450980392,53
391.5,0.022000000000000002,0.022,53
391.57142857142856,0.022448979591836737,0.022448979591836733,53
391.6428571428571,0.021568627450980395,0.021568627450980392,53
391.71428571428567,0.022448979591836737,0.022448979591836733,53
391.7857142857143,0.02,0.019999999999999997,53
391.8571428571428,0.0,0.0,53
391.9285714285714,0.0,0.0,53
392.0,0.0,0.0,53
392.07142857142856,0.0,0.0,53
392.1428571428571,0.0,0.0,53
392.21428571428567,0.01568627450980392,0.015686274509803918,53
392.2857142857143,0.0,0.0,53
392.3571428571428,0.018000000000000002,0.018,53
392.4285714285714,0.0,0.0,53
392.5,0.0,0.0,53
392.57142857142856,0.0,0.0,53
392.6428571428571,0.0,0.0,53
392.71428571428567,0.0,0.0,53
392.7857142857143,0.0,0.0,53
392.8571428571428,0.018000000000000002,0.018,53
392.9285714285714,0.0,0.0,53
393.0,0.0,0.0,53
393.07142857142856,0.0,0.0,53
393.1428571428571,0.0,0.0,53
393.21428571428567,0.0,0.0,53
393.2857142857143,0.0,0.0,53
393.3571428571428,0.0,0.0,53
393.4285714285714,0.0,0.0,53
393.5,0.0,0.0,53
393.57142857142856,0.0,0.0,53
393.6428571428571,0.0,0.0,53
393.71428571428567,0.0,0.0,53
393.7857142857143,0.01764705882352941,0.01764705882352941,53
393.8571428571428,0.04313725490196079,0.030711165748847927,53
393.9285714285714,0.0163265306122449,0.016326530612244896,53
394.0,0.0163265306122449,0.016326530612244896,53
394.07142857142856,0.0,0.0,53
394.1428571428571,0.0,0.0,53
394.21428571428567,0.0,0.0,53
394.2857142857143,0.016,0.015999999999999997,53
394.3571428571428,0.0,0.0,53
394.4285714285714,0.0,0.0,53
394.5,0.0,0.0,53
394.57142857142856,0.018000000000000002,0.018,53
394.6428571428571,0.01764705882352941,0.01764705882352941,53
394.71428571428567,0.0,0.0,53
394.7857142857143,0.01764705882352941,0.01764705882352941,53
394.8571428571428,0.01568627450980392,0.015686274509803918,53
394.9285714285714,0.0,0.0,53
395.0,0.01568627450980392,0.015686274509803918,53
395.07142857142856,0.0,0.0,53
395.1428571428571,0.01568627450980392,0.015686274509803918,53
395.21428571428567,0.01568627450980392,0.015686274509803918,53
395.2857142857143,0.0,0.0,53
395.3571428571428,0.029411764705882353,0.02941176470588236,53
395.4285714285714,0.0,0.0,53
395.5,0.047058823529411764,0.03579384777638449,53
395.57142857142856,0.013725490196078431,0.01372549019607843,53
395.6428571428571,0.0,0.0,53
395.71428571428567,0.013725490196078431,0.01372549019607843,53
395.7857142857143,0.013725490196078431,0.01372549019607843,53
395.8571428571428,0.013725490196078431,0.01372549019607843,53
395.9285714285714,0.0,0.0,53
396.0,0.01568627450980392,0.015686274509803918,53
396.07142857142856,0.016,0.015999999999999997,53
396.1428571428571,0.0,0.0,53
396.21428571428567,0.0,0.0,53
396.2857142857143,0.013725490196078431,0.01372549019607843,53
396.3571428571428,0.0163265306122449,0.016326530612244896,53
396.4285714285714,0.03333333333333333,0.03333333333333334,53
396.5,0.03333333333333333,0.03333333333333334,53
396.57142857142856,0.01568627450980392,0.015686274509803918,53
396.6428571428571,0.03333333333333333,0.03333333333333334,53
396.71428571428567,0.016,0.015999999999999997,53
396.7857142857143,0.0,0.0,53
396.8571428571428,0.0,0.0,53
396.9285714285714,0.018367346938775512,0.018367346938775512,53
397.0,0.0,0.0,53
397.07142857142856,0.0,0.0,53
397.1428571428571,0.018000000000000002,0.018,53
397.21428571428567,0.018000000000000002,0.018,53
397.2857142857143,0.01764705882352941,0.01764705882352941,53
397.3571428571428,0.01568627450980392,0.015686274509803918,53
397.4285714285714,0.049019607843137254,0.03655482576115358,53
397.5,0.08235294117647059,0.04888609268156054,53
397.57142857142856,0.01764705882352941,0.01764705882352941,53
397.6428571428571,0.0,0.0,53
397.71428571428567,0.0,0.0,53
397.7857142857143,0.0,0.0,53
397.8571428571428,0.0,0.0,53
397.9285714285714,0.0,0.0,53
398.0,0.0,0.0,53
398.07142857142856,0.0,0.0,53
398.1428571428571,0.0,0.0,53
398.21428571428567,0.0,0.0,53
398.2857142857143,0.0,0.0,53
398.3571428571428,0.0,0.0,53
398.4285714285714,0.01568627450980392,0.015686274509803918,53
398.5,0.0,0.0,53
398.57142857142856,0.0,0.0,53
398.6428571428571,0.029411764705882353,0.02941176470588236,53
398.71428571428567,0.0,0.0,53
398.7857142857143,0.0,0.0,53
398.8571428571428,0.01568627450980392,0.015686274509803918,53
398.9285714285714,0.05294117647058824,0.04013242209666478,53
399.0,0.016,0.015999999999999997,53
399.07142857142856,0.016,0.015999999999999997,53
399.1428571428571,0.0,0.0,53
399.21428571428567,0.0,0.0,53
399.2857142857143,0.03,0.030000000000000002,53
399.3571428571428,0.05800000000000001,0.04081716325672977,53
399.4285714285714,0.018367346938775512,0.018367346938775512,53
399.5,0.0,0.0,53
399.57142857142856,0.0,0.0,53
399.6428571428571,0.0,0.0,53
399.71428571428567,0.018000000000000002,0.018,53
399.7857142857143,0.018000000000000002,0.018,53
399.8571428571428,0.0,0.0,53
399.9285714285714,0.054901960784313725,0.04003074558486226,53
400.0,0.03529411764705882,0.03529411764705882,53
400.07142857142856,0.03529411764705882,0.03529411764705882,53
400.1428571428571,0.0,0.0,53
400.21428571428567,0.0,0.0,53
400.2857142857143,0.058823529411764705,0.04202487317527471,53
400.3571428571428,0.03529411764705882,0.03529411764705882,53
400.4285714285714,0.03333333333333333,0.03333333333333334,53
400.5,0.0,0.0,53
400.57142857142856,0.0,0.0,53
400.6428571428571,0.0,0.0,53
400.71428571428567,0.027450980392156862,0.02745098039215686,53
400.7857142857143,0.02857142857142857,0.02857142857142857,53
400.8571428571428,0.029411764705882353,0.02941176470588236,53
400.9285714285714,0.0,0.0,53
401.0,0.0,0.0,53
401.07142857142856,0.0,0.0,53
401.1428571428571,0.0,0.0,53
401.21428571428567,0.0,0.0,53
401.2857142857143,0.03333333333333333,0.03333333333333334,53
401.3571428571428,0.0,0.0,53
401.4285714285714,0.03333333333333333,0.03333333333333334,53
401.5,0.0,0.0,53
401.57142857142856,0.03137254901960784,0.031372549019607836,53
401.6428571428571,0.03137254901960784,0.031372549019607836,53
401.71428571428567,0.05294117647058824,0.03771440055505616,53
401.7857142857143,0.03137254901960784,0.031372549019607836,53
401.8571428571428,0.03,0.030000000000000006,53
401.9285714285714,0.0,0.0,53
402.0,0.0,0.0,53
402.07142857142856,0.0,0.0,53
402.1428571428571,0.0,0.0,53
402.21428571428567,0.0,0.0,53
402.2857142857143,0.0,0.0,53
402.3571428571428,0.0,0.0,53
402.4285714285714,0.0,0.0,53
402.5,0.0,0.0,53
402.57142857142856,0.064,0.04479066958232098,53
402.6428571428571,0.03137254901960784,0.03137254901960784,53
402.71428571428567,0.029411764705882353,0.02941176470588236,53
402.7857142857143,0.027999999999999997,0.027999999999999997,53
402.8571428571428,0.026000000000000002,0.026000000000000002,53
402.9285714285714,0.0,0.0,53
403.0,0.0,0.0,53
403.07142857142856,0.0,0.0,53
403.1428571428571,0.0,0.0,53
403.21428571428567,0.0,0.0,53
403.2857142857143,0.0,0.0,53
403.3571428571428,0.03,0.030000000000000006,53
403.4285714285714,0.027450980392156862,0.02745098039215686,53
403.5,0.0,0.0,53
403.57142857142856,0.0,0.0,53
403.6428571428571,0.029411764705882353,0.02941176470588236,53
403.71428571428567,0.0,0.0,53
403.7857142857143,0.0,0.0,53
403.8571428571428,0.0,0.0,53
403.9285714285714,0.0,0.0,53
404.0,0.0,0.0,53
404.07142857142856,0.0,0.0,53
404.1428571428571,0.0,0.0,53
404.21428571428567,0.0,0.0,53
404.2857142857143,0.0,0.0,53
404.3571428571428,0.0,0.0,53
404.4285714285714,0.024,0.023999999999999997,53
404.5,0.0,0.0,53
404.57142857142856,0.0,0.0,53
404.6428571428571,0.027450980392156862,0.02745098039215686,53
404.71428571428567,0.0,0.0,53
404.7857142857143,0.027450980392156862,0.02745098039215686,53
404.8571428571428,0.027450980392156862,0.02745098039215686,53
404.9285714285714,0.0,0.0,53
405.0,0.0,0.0,53
405.07142857142856,0.027450980392156862,0.02745098039215686,53
405.1428571428571,0.025490196078431372,0.02549019607843138,53
405.21428571428567,0.0,0.0,53
405.2857142857143,0.024,0.023999999999999997,53
405.3571428571428,0.024,0.023999999999999997,53
405.4285714285714,0.0,0.0,53
405.5,0.021568627450980395,0.021568627450980392,53
405.57142857142856,0.0,0.0,53
405.6428571428571,0.0,0.0,53
405.71428571428567,0.0,0.0,53
405.7857142857143,0.0,0.0,53
405.8571428571428,0.02,0.019999999999999997,53
405.9285714285714,0.0,0.0,53
406.0,0.0,0.0,53
406.07142857142856,0.0196078431372549,0.019607843137254898,53
406.1428571428571,0.0,0.0,53
406.21428571428567,0.0,0.0,53
406.2857142857143,0.0163265306122449,0.016326530612244896,53
406.3571428571428,0.013999999999999999,0.013999999999999999,53
406.4285714285714,0.013999999999999999,0.013999999999999999,53
406.5,0.013999999999999999,0.013999999999999999,53
406.57142857142856,0.016,0.015999999999999997,53
406.6428571428571,0.016,0.015999999999999997,53
406.71428571428567,0.0,0.0,53
406.7857142857143,0.0,0.0,53
406.8571428571428,0.0,0.0,53
406.9285714285714,0.0,0.0,53
407.0,0.0,0.0,53
407.07142857142856,0.0,0.0,53
407.1428571428571,0.02653061224489796,0.02653061224489796,53
407.21428571428567,0.048,0.034075546322001306,53
407.2857142857143,0.0,0.0,53
407.3571428571428,0.02,0.019999999999999997,53
407.4285714285714,0.0196078431372549,0.019607843137254898,53
407.5,0.018000000000000002,0.018,53
407.57142857142856,0.01764705882352941,0.01764705882352941,53
407.6428571428571,0.0,0.0,53
407.71428571428567,0.01764705882352941,0.01764705882352941,53
407.7857142857143,0.018000000000000002,0.018,53
407.8571428571428,0.0,0.0,53
407.9285714285714,0.0,0.0,53
408.0,0.0,0.0,53
408.07142857142856,0.0,0.0,53
408.1428571428571,0.0196078431372549,0.019607843137254898,53
408.21428571428567,0.0,0.0,53
408.2857142857143,0.01764705882352941,0.01764705882352941,53
408.3571428571428,0.0,0.0,53
408.4285714285714,0.0392156862745098,0.027593467736866325,53
408.5,0.01764705882352941,0.01764705882352941,53
408.57142857142856,0.0,0.0,53
408.6428571428571,0.0,0.0,53
408.71428571428567,0.04,0.028571428571428577,53
408.7857142857143,0.01568627450980392,0.015686274509803918,53
408.8571428571428,0.01568627450980392,0.015686274509803918,53
408.9285714285714,0.01568627450980392,0.015686274509803918,53
409.0,0.01568627450980392,0.015686274509803918,53
409.07142857142856,0.01568627450980392,0.015686274509803918,53
409.1428571428571,0.01568627450980392,0.015686274509803918,53
409.21428571428567,0.0,0.0,53
409.2857142857143,0.016,0.015999999999999997,53
409.3571428571428,0.0392156862745098,0.02870791806775088,53
409.4285714285714,0.013725490196078431,0.01372549019607843,53
409.5,0.013725490196078431,0.01372549019607843,53
409.57142857142856,0.013725490196078431,0.01372549019607843,53
409.6428571428571,0.0,0.0,53
409.71428571428567,0.013725490196078431,0.01372549019607843,53
409.7857142857143,0.01568627450980392,0.015686274509803918,53
409.8571428571428,0.01568627450980392,0.015686274509803918,53
409.9285714285714,0.01568627450980392,0.015686274509803918,53
410.0,0.01568627450980392,0.015686274509803918,53
410.07142857142856,0.013725490196078431,0.01372549019607843,53
410.1428571428571,0.013725490196078431,0.01372549019607843,53
410.21428571428567,0.0,0.0,53
410.2857142857143,0.0,0.0,53
410.3571428571428,0.0,0.0,53
410.4285714285714,0.0,0.0,53
410.5,0.0,0.0,53
410.57142857142856,0.013725490196078431,0.01372549019607843,53
410.6428571428571,0.013725490196078431,0.01372549019607843,53
410.71428571428567,0.013725490196078431,0.01372549019607843,53
410.7857142857143,0.01568627450980392,0.015686274509803918,53
410.8571428571428,0.01568627450980392,0.015686274509803918,53
410.9285714285714,0.01568627450980392,0.015686274509803918,53
411.0,0.01568627450980392,0.015686274509803918,53
411.07142857142856,0.0,0.0,53
411.1428571428571,0.0,0.0,53
411.21428571428567,0.0,0.0,53
411.2857142857143,0.0,0.0,53
411.3571428571428,0.0,0.0,53
411.4285714285714,0.0,0.0,53
411.5,0.0,0.0,53
411.57142857142856,0.0,0.0,53
411.6428571428571,0.01764705882352941,0.01764705882352941,53
411.71428571428567,0.0196078431372549,0.019607843137254898,53
411.7857142857143,0.0196078431372549,0.019607843137254898,53
411.8571428571428,0.0196078431372549,0.019607843137254898,53
411.9285714285714,0.0196078431372549,0.019607843137254898,53
412.0,0.02,0.019999999999999997,53
412.07142857142856,0.0196078431372549,0.019607843137254898,53
412.1428571428571,0.0196078431372549,0.019607843137254898,53
412.21428571428567,0.0196078431372549,0.019607843137254898,53
412.2857142857143,0.05294117647058824,0.03833320796328729,53
412.3571428571428,0.02,0.019999999999999997,53
412.4285714285714,0.0196078431372549,0.019607843137254898,53
412.5,0.0196078431372549,0.019607843137254898,53
412.57142857142856,0.02,0.019999999999999997,53
412.6428571428571,0.0196078431372549,0.019607843137254898,53
412.71428571428567,0.054901960784313725,0.03933902173790872,53
412.7857142857143,0.025490196078431372,0.025490196078431372,53
412.8571428571428,0.03529411764705882,0.03529411764705882,53
412.9285714285714,0.06199999999999999,0.044528367477419166,53
413.0,0.0,0.0,53
413.07142857142856,0.058823529411764705,0.04267308198598078,53
413.1428571428571,0.023529411764705882,0.023529411764705882,53
413.21428571428567,0.023529411764705882,0.023529411764705882,53
413.2857142857143,0.06078431372549019,0.043663457272199224,53
413.3571428571428,0.06078431372549019,0.043663457272199224,53
413.4285714285714,0.023529411764705882,0.023529411764705882,53
413.5,0.023529411764705882,0.023529411764705882,53
413.57142857142856,0.025490196078431372,0.02549019607843138,53
413.6428571428571,0.0,0.0,53
413.71428571428567,0.06470588235294117,0.04634258867174076,53
413.7857142857143,0.06666666666666667,0.04741693803981754,53
413.8571428571428,0.041176470588235294,0.041176470588235294,53
413.9285714285714,0.023529411764705882,0.023529411764705882,53
414.0,0.0,0.0,53
414.07142857142856,0.06199999999999999,0.044528367477419166,53
414.1428571428571,0.023529411764705882,0.023529411764705882,53
414.21428571428567,0.024,0.023999999999999997,53
414.2857142857143,0.0,0.0,53
414.3571428571428,0.038,0.037999999999999985,53
414.4285714285714,0.0,0.0,53
414.5,0.0,0.0,53
414.57142857142856,0.0,0.0,53
414.6428571428571,0.05294117647058824,0.03708526911993236,53
414.71428571428567,0.0,0.0,53
414.7857142857143,0.038,0.037999999999999985,53
414.8571428571428,0.0,0.0,53
414.9285714285714,0.0,0.0,53
415.0,0.023529411764705882,0.023529411764705882,53
415.07142857142856,0.024,0.023999999999999997,53
415.1428571428571,0.023529411764705882,0.023529411764705882,53
415.21428571428567,0.03333333333333333,0.03333333333333334,53
415.2857142857143,0.0,0.0,53
415.3571428571428,0.0,0.0,53
415.4285714285714,0.0,0.0,53
415.5,0.03333333333333333,0.03333333333333334,53
415.57142857142856,0.0,0.0,53
415.6428571428571,0.047058823529411764,0.03294117647058823,53
415.71428571428567,0.0,0.0,53
415.7857142857143,0.066,0.04638877415223362,53
415.8571428571428,0.032,0.031999999999999994,53
415.9285714285714,0.0,0.0,53
416.0,0.0,0.0,53
416.07142857142856,0.0,0.0,53
416.1428571428571,0.0,0.0,53
416.21428571428567,0.0,0.0,53
416.2857142857143,0.0,0.0,53
416.3571428571428,0.0,0.0,53
416.4285714285714,0.023529411764705882,0.023529411764705882,53
416.5,0.022000000000000002,0.022,53
416.57142857142856,0.0,0.0,53
416.6428571428571,0.0,0.0,53
416.71428571428567,0.021568627450980395,0.021568627450980392,53
416.7857142857143,0.045098039215686274,0.03184690405616097,53
416.8571428571428,0.0,0.0,53
416.9285714285714,0.0,0.0,53
417.0,0.0196078431372549,0.019607843137254898,53
417.07142857142856,0.0196078431372549,0.019607843137254898,53
417.1428571428571,0.0196078431372549,0.019607843137254898,53
417.21428571428567,0.0,0.0,53
417.2857142857143,0.01764705882352941,0.01764705882352941,53
417.3571428571428,0.01764705882352941,0.01764705882352941,53
417.4285714285714,0.045098039215686274,0.03184690405616097,53
417.5,0.0196078431372549,0.019607843137254898,53
417.57142857142856,0.0196078431372549,0.019607843137254898,53
417.6428571428571,0.0,0.0,53
417.71428571428567,0.01764705882352941,0.01764705882352941,53
417.7857142857143,0.02,0.019999999999999997,53
417.8571428571428,0.041176470588235294,0.029128043301505764,53
417.9285714285714,0.024,0.024000000000000004,53
418.0,0.0,0.0,53
418.07142857142856,0.0,0.0,53
418.1428571428571,0.0196078431372549,0.019607843137254898,53
418.21428571428567,0.0,0.0,53
418.2857142857143,0.0392156862745098,0.027593467736866325,53
418.3571428571428,0.018000000000000002,0.018,53
418.4285714285714,0.0,0.0,53
418.5,0.0196078431372549,0.019607843137254898,53
418.57142857142856,0.0,0.0,53
418.6428571428571,0.01764705882352941,0.01764705882352941,53
418.71428571428567,0.013725490196078431,0.01372549019607843,53
418.7857142857143,0.0,0.0,53
418.8571428571428,0.018000000000000002,0.018,53
418.9285714285714,0.01764705882352941,0.01764705882352941,53
419.0,0.0,0.0,53
419.07142857142856,0.0,0.0,53
419.1428571428571,0.0,0.0,53
419.21428571428567,0.0,0.0,53
419.2857142857143,0.0,0.0,53
419.3571428571428,0.0,0.0,53
419.4285714285714,0.0,0.0,53
419.5,0.01568627450980392,0.015686274509803918,53
419.57142857142856,0.0,0.0,53
419.6428571428571,0.0,0.0,53
419.71428571428567,0.0,0.0,53
419.7857142857143,0.0,0.0,53
419.8571428571428,0.0,0.0,53
419.9285714285714,0.0,0.0,53
420.0,0.016,0.016,53
420.07142857142856,0.0,0.0,53
420.1428571428571,0.0,0.0,53
420.21428571428567,0.0,0.0,53
420.2857142857143,0.0,0.0,53
420.3571428571428,0.0,0.0,53
420.4285714285714,0.0,0.0,53
420.5,0.021568627450980395,0.021568627450980392,53
420.57142857142856,0.0,0.0,53
420.6428571428571,0.03725490196078431,0.026414610382821824,53
420.71428571428567,0.0392156862745098,0.027593467736866325,53
420.7857142857143,0.01764705882352941,0.01764705882352941,53
420.8571428571428,0.016,0.015999999999999997,53
420.9285714285714,0.036000000000000004,0.025356237408381468,53
421.0,0.036000000000000004,0.025356237408381468,53
421.07142857142856,0.036000000000000004,0.025356237408381468,53
421.1428571428571,0.03725490196078431,0.026115998299250872,53
421.21428571428567,0.0196078431372549,0.019607843137254898,53
421.2857142857143,0.0196078431372549,0.019607843137254898,53
421.3571428571428,0.01764705882352941,0.01764705882352941,53
421.4285714285714,0.01764705882352941,0.01764705882352941,53
421.5,0.018000000000000002,0.018,53
421.57142857142856,0.0392156862745098,0.027593467736866325,53
421.6428571428571,0.04705882352941177,0.033060009747750196,53
421.71428571428567,0.022448979591836737,0.022448979591836733,53
421.7857142857143,0.022000000000000002,0.022,53
421.8571428571428,0.03725490196078431,0.026414610382821824,53
421.9285714285714,0.052000000000000005,0.029998639424929564,53
422.0,0.03529411764705882,0.025332847685504645,53
422.07142857142856,0.03529411764705882,0.025332847685504645,53
422.1428571428571,0.03529411764705882,0.025332847685504645,53
422.21428571428567,0.013725490196078431,0.01372549019607843,53
422.2857142857143,0.0,0.0,53
422.3571428571428,0.0,0.0,53
422.4285714285714,0.0,0.0,53
422.5,0.0,0.0,53
422.57142857142856,0.03529411764705882,0.025332847685504645,53
422.6428571428571,0.042,0.030249304259160493,53
422.71428571428567,0.018000000000000002,0.018,53
422.7857142857143,0.01764705882352941,0.01764705882352941,53
422.8571428571428,0.01568627450980392,0.015686274509803918,53
422.9285714285714,0.0,0.0,53
423.0,0.0,0.0,53
423.07142857142856,0.0,0.0,53
423.1428571428571,0.0,0.0,53
423.21428571428567,0.0,0.0,53
423.2857142857143,0.0,0.0,53
423.3571428571428,0.0,0.0,53
423.4285714285714,0.0,0.0,53
423.5,0.01568627450980392,0.015686274509803918,53
423.57142857142856,0.045098039215686274,0.033991201340207985,53
423.6428571428571,0.0,0.0,53
423.71428571428567,0.013725490196078431,0.01372549019607843,53
423.7857142857143,0.013725490196078431,0.01372549019607843,53
423.8571428571428,0.013999999999999999,0.013999999999999999,53
423.9285714285714,0.013725490196078431,0.01372549019607843,53
424.0,0.013725490196078431,0.01372549019607843,53
424.07142857142856,0.0,0.0,53
424.1428571428571,0.013725490196078431,0.01372549019607843,53
424.21428571428567,0.013725490196078431,0.01372549019607843,53
424.2857142857143,0.013725490196078431,0.01372549019607843,53
424.3571428571428,0.01568627450980392,0.015686274509803918,53
424.4285714285714,0.0,0.0,53
424.5,0.016,0.015999999999999997,53
424.57142857142856,0.016,0.015999999999999997,53
424.6428571428571,0.0,0.0,53
424.71428571428567,0.0,0.0,53
424.7857142857143,0.0,0.0,53
424.8571428571428,0.0,0.0,53
424.9285714285714,0.01568627450980392,0.015686274509803918,53
425.0,0.0,0.0,53
425.07142857142856,0.0,0.0,53
425.1428571428571,0.0,0.0,53
425.21428571428567,0.0,0.0,53
425.2857142857143,0.013725490196078431,0.01372549019607843,53
425.3571428571428,0.013725490196078431,0.01372549019607843,53
425.4285714285714,0.013725490196078431,0.01372549019607843,53
425.5,0.011764705882352941,0.011764705882352941,53
425.57142857142856,0.0,0.0,53
425.6428571428571,0.011764705882352941,0.011764705882352941,53
425.71428571428567,0.011764705882352941,0.011764705882352941,53
425.7857142857143,0.013725490196078431,0.01372549019607843,53
425.8571428571428,0.01568627450980392,0.015686274509803918,53
425.9285714285714,0.0,0.0,53
426.0,0.01568627450980392,0.015686274509803918,53
426.07142857142856,0.0,0.0,53
426.1428571428571,0.0,0.0,53
426.21428571428567,0.016,0.015999999999999997,53
426.2857142857143,0.0,0.0,53
426.3571428571428,0.0,0.0,53
426.4285714285714,0.018000000000000002,0.018,53
426.5,0.01764705882352941,0.01764705882352941,53
426.57142857142856,0.0,0.0,53
426.6428571428571,0.0,0.0,53
426.71428571428567,0.045098039215686274,0.03184690405616097,53
426.7857142857143,0.0196078431372549,0.019607843137254898,53
426.8571428571428,0.0196078431372549,0.019607843137254898,53
426.9285714285714,0.0196078431372549,0.019607843137254898,53
427.0,0.0196078431372549,0.019607843137254898,53
427.07142857142856,0.0196078431372549,0.019607843137254898,53
427.1428571428571,0.021568627450980395,0.021568627450980392,53
427.21428571428567,0.022000000000000002,0.022,53
427.2857142857143,0.021568627450980395,0.021568627450980392,53
427.3571428571428,0.0196078431372549,0.019607843137254898,53
427.4285714285714,0.0,0.0,53
427.5,0.0,0.0,53
427.57142857142856,0.022000000000000002,0.022,53
427.6428571428571,0.021568627450980395,0.021568627450980392,53
427.71428571428567,0.054000000000000006,0.03909277296328803,53
427.7857142857143,0.01764705882352941,0.01764705882352941,53
427.8571428571428,0.01764705882352941,0.01764705882352941,53
427.9285714285714,0.01764705882352941,0.01764705882352941,53
428.0,0.049019607843137254,0.035686274509803925,53
428.07142857142856,0.02,0.019999999999999997,53
428.1428571428571,0.05294117647058824,0.03833320796328729,53
428.21428571428567,0.05294117647058824,0.03771440055505616,53
428.2857142857143,0.05294117647058824,0.03771440055505616,53
428.3571428571428,0.03137254901960784,0.031372549019607836,53
428.4285714285714,0.0,0.0,53
428.5,0.03137254901960784,0.031372549019607836,53
428.57142857142856,0.05294117647058824,0.03771440055505616,53
428.6428571428571,0.05294117647058824,0.03771440055505616,53
428.71428571428567,0.03137254901960784,0.031372549019607836,53
428.7857142857143,0.06274509803921569,0.04392156862745099,53
428.8571428571428,0.034,0.03400000000000001,53
428.9285714285714,0.066,0.04638877415223362,53
429.0,0.0,0.0,53
429.07142857142856,0.03333333333333333,0.03333333333333334,53
429.1428571428571,0.0,0.0,53
429.21428571428567,0.021568627450980395,0.021568627450980392,53
429.2857142857143,0.021568627450980395,0.021568627450980392,53
429.3571428571428,0.021568627450980395,0.021568627450980392,53
429.4285714285714,0.03137254901960784,0.031372549019607836,53
429.5,0.03333333333333333,0.03333333333333334,53
429.57142857142856,0.0196078431372549,0.019607843137254898,53
429.6428571428571,0.0196078431372549,0.019607843137254898,53
429.71428571428567,0.0,0.0,53
429.7857142857143,0.0,0.0,53
429.8571428571428,0.029411764705882353,0.029411764705882356,53
429.9285714285714,0.058823529411764705,0.041176470588235294,53
430.0,0.0,0.0,53
430.07142857142856,0.03137254901960784,0.031372549019607836,53
430.1428571428571,0.0,0.0,53
430.21428571428567,0.0196078431372549,0.019607843137254898,53
430.2857142857143,0.01764705882352941,0.01764705882352941,53
430.3571428571428,0.01764705882352941,0.01764705882352941,53
430.4285714285714,0.027450980392156862,0.02745098039215686,53
430.5,0.029411764705882353,0.02941176470588236,53
430.57142857142856,0.029411764705882353,0.02941176470588236,53
430.6428571428571,0.0,0.0,53
430.71428571428567,0.0,0.0,53
430.7857142857143,0.03137254901960784,0.03137254901960784,53
430.8571428571428,0.03137254901960784,0.03137254901960784,53
430.9285714285714,0.03137254901960784,0.03137254901960784,53
431.0,0.06470588235294117,0.04531575749934377,53
431.07142857142856,0.0,0.0,53
431.1428571428571,0.03,0.030000000000000006,53
431.21428571428567,0.01764705882352941,0.01764705882352941,53
431.2857142857143,0.01764705882352941,0.01764705882352941,53
431.3571428571428,0.01568627450980392,0.015686274509803918,53
431.4285714285714,0.0,0.0,53
431.5,0.0,0.0,53
431.57142857142856,0.0,0.0,53
431.6428571428571,0.0,0.0,53
431.71428571428567,0.0,0.0,53
431.7857142857143,0.0,0.0,53
431.8571428571428,0.01568627450980392,0.015686274509803918,53
431.9285714285714,0.0,0.0,53
432.0,0.0,0.0,53
432.07142857142856,0.0196078431372549,0.019607843137254898,53
432.1428571428571,0.0,0.0,53
432.21428571428567,0.0,0.0,53
432.2857142857143,0.0,0.0,53
432.3571428571428,0.0,0.0,53
432.4285714285714,0.0,0.0,53
432.5,0.0,0.0,53
432.57142857142856,0.04313725490196079,0.03134312345519699,53
432.6428571428571,0.0,0.0,53
432.71428571428567,0.0,0.0,53
432.7857142857143,0.0,0.0,53
432.8571428571428,0.0,0.0,53
432.9285714285714,0.0,0.0,53
433.0,0.0,0.0,53
433.07142857142856,0.0,0.0,53
433.1428571428571,0.0,0.0,53
433.21428571428567,0.025490196078431372,0.025490196078431372,53
433.2857142857143,0.027450980392156862,0.02745098039215686,53
433.3571428571428,0.0,0.0,53
433.4285714285714,0.0,0.0,53
433.5,0.01568627450980392,0.015686274509803918,53
433.57142857142856,0.04313725490196079,0.03134312345519699,53
433.6428571428571,0.0,0.0,53
433.71428571428567,0.0,0.0,53
433.7857142857143,0.0,0.0,53
433.8571428571428,0.0,0.0,53
433.9285714285714,0.0,0.0,53
434.0,0.0,0.0,53
434.07142857142856,0.025490196078431372,0.025490196078431372,53
434.1428571428571,0.0,0.0,53
434.21428571428567,0.025490196078431372,0.025490196078431372,53
434.2857142857143,0.0,0.0,53
434.3571428571428,0.0,0.0,53
434.4285714285714,0.0,0.0,53
434.5,0.0,0.0,53
434.57142857142856,0.0,0.0,53
434.6428571428571,0.0,0.0,53
434.71428571428567,0.0,0.0,53
434.7857142857143,0.0,0.0,53
434.8571428571428,0.0,0.0,53
434.9285714285714,0.0,0.0,53
435.0,0.0,0.0,53
435.07142857142856,0.021568627450980395,0.021568627450980392,53
435.1428571428571,0.0,0.0,53
435.21428571428567,0.013999999999999999,0.013999999999999997,53
435.2857142857143,0.0,0.0,53
435.3571428571428,0.0,0.0,53
435.4285714285714,0.0,0.0,53
435.5,0.0,0.0,53
435.57142857142856,0.0,0.0,53
435.6428571428571,0.025490196078431372,0.02549019607843138,53
435.71428571428567,0.025490196078431372,0.02549019607843138,53
435.7857142857143,0.026000000000000002,0.026000000000000002,53
435.8571428571428,0.0,0.0,53
435.9285714285714,0.021568627450980395,0.021568627450980392,53
436.0,0.025490196078431372,0.02549019607843138,53
436.07142857142856,0.0,0.0,53
436.1428571428571,0.025490196078431372,0.02549019607843138,53
436.21428571428567,0.021568627450980395,0.021568627450980392,53
436.2857142857143,0.0,0.0,53
436.3571428571428,0.0,0.0,53
436.4285714285714,0.025490196078431372,0.02549019607843138,53
436.5,0.0,0.0,53
436.57142857142856,0.0,0.0,53
436.6428571428571,0.0,0.0,53
436.71428571428567,0.0,0.0,53
436.7857142857143,0.0,0.0,53
436.8571428571428,0.054901960784313725,0.038431372549019606,53
436.9285714285714,0.027450980392156862,0.02745098039215686,53
437.0,0.05294117647058824,0.03708526911993235,53
437.07142857142856,0.0,0.0,53
437.1428571428571,0.0,0.0,53
437.21428571428567,0.0,0.0,53
437.2857142857143,0.0,0.0,53
437.3571428571428,0.0,0.0,53
437.4285714285714,0.0,0.0,53
437.5,0.0,0.0,53
437.57142857142856,0.0,0.0,53
437.6428571428571,0.0,0.0,53
437.71428571428567,0.027450980392156862,0.02745098039215686,53
437.7857142857143,0.0,0.0,53
437.8571428571428,0.027450980392156862,0.02745098039215686,53
437.9285714285714,0.023529411764705882,0.023529411764705882,53
438.0,0.023529411764705882,0.023529411764705882,53
438.07142857142856,0.026000000000000002,0.026000000000000002,53
438.1428571428571,0.0,0.0,53
438.21428571428567,0.0,0.0,53
438.2857142857143,0.0,0.0,53
438.3571428571428,0.0,0.0,53
438.4285714285714,0.0,0.0,53
438.5,0.02857142857142857,0.02857142857142857,53
438.57142857142856,0.0,0.0,53
438.6428571428571,0.0,0.0,53
438.71428571428567,0.0,0.0,53
438.7857142857143,0.023529411764705882,0.023529411764705882,53
438.8571428571428,0.0,0.0,53
438.9285714285714,0.024,0.023999999999999997,53
439.0,0.023529411764705882,0.023529411764705882,53
439.07142857142856,0.023529411764705882,0.023529411764705882,53
439.1428571428571,0.0,0.0,53
439.21428571428567,0.0,0.0,53
439.2857142857143,0.021568627450980395,0.021568627450980392,53
439.3571428571428,0.0,0.0,53
439.4285714285714,0.021568627450980395,0.021568627450980392,53
439.5,0.0,0.0,53
439.57142857142856,0.027450980392156862,0.02745098039215686,53
439.6428571428571,0.0,0.0,53
439.71428571428567,0.0,0.0,53
439.7857142857143,0.024,0.023999999999999997,53
439.8571428571428,0.0,0.0,53
439.9285714285714,0.0196078431372549,0.019607843137254898,53
440.0,0.021568627450980395,0.021568627450980392,53
440.07142857142856,0.022000000000000002,0.022,53
440.1428571428571,0.0,0.0,53
440.21428571428567,0.0,0.0,53
440.2857142857143,0.0,0.0,53
440.3571428571428,0.0,0.0,53
440.4285714285714,0.0,0.0,53
440.5,0.0,0.0,53
440.57142857142856,0.03,0.030000000000000006,53
440.6428571428571,0.0,0.0,53
440.71428571428567,0.0,0.0,53
440.7857142857143,0.0,0.0,53
440.8571428571428,0.0,0.0,53
440.9285714285714,0.0,0.0,53
441.0,0.022000000000000002,0.022,53
441.07142857142856,0.0,0.0,53
441.1428571428571,0.0,0.0,53
441.21428571428567,0.021568627450980395,0.021568627450980392,53
441.2857142857143,0.021568627450980395,0.021568627450980392,53
441.3571428571428,0.021568627450980395,0.021568627450980392,53
441.4285714285714,0.021568627450980395,0.021568627450980392,53
441.5,0.022000000000000002,0.022,53
441.57142857142856,0.0,0.0,53
441.6428571428571,0.0196078431372549,0.019607843137254898,53
441.71428571428567,0.01764705882352941,0.01764705882352941,53
441.7857142857143,0.0,0.0,53
441.8571428571428,0.0,0.0,53
441.9285714285714,0.01764705882352941,0.01764705882352941,53
442.0,0.0,0.0,53
442.07142857142856,0.0,0.0,53
442.1428571428571,0.0,0.0,53
442.21428571428567,0.0,0.0,53
442.2857142857143,0.0,0.0,53
442.3571428571428,0.027450980392156862,0.02745098039215686,53
442.4285714285714,0.0,0.0,53
442.5,0.018000000000000002,0.018,53
442.57142857142856,0.0,0.0,53
442.6428571428571,0.0,0.0,53
442.71428571428567,0.0,0.0,53
442.7857142857143,0.0,0.0,53
442.8571428571428,0.022000000000000002,0.022,53
442.9285714285714,0.021568627450980395,0.021568627450980392,53
443.0,0.025490196078431372,0.025490196078431372,53
443.07142857142856,0.023529411764705882,0.02352941176470589,53
443.1428571428571,0.0,0.0,53
443.21428571428567,0.0,0.0,53
443.2857142857143,0.025490196078431372,0.025490196078431372,53
443.3571428571428,0.0,0.0,53
443.4285714285714,0.0,0.0,53
443.5,0.0,0.0,53
443.57142857142856,0.0,0.0,53
443.6428571428571,0.024,0.023999999999999997,53
443.71428571428567,0.0,0.0,53
443.7857142857143,0.0,0.0,53
443.8571428571428,0.027450980392156862,0.02745098039215686,53
443.9285714285714,0.0,0.0,53
444.0,0.0,0.0,53
444.07142857142856,0.021568627450980395,0.021568627450980392,53
444.1428571428571,0.023529411764705882,0.023529411764705882,53
444.21428571428567,0.0,0.0,53
444.2857142857143,0.0,0.0,53
444.3571428571428,0.0,0.0,53
444.4285714285714,0.0,0.0,53
444.5,0.0,0.0,53
444.57142857142856,0.0,0.0,53
444.6428571428571,0.0,0.0,53
444.71428571428567,0.0,0.0,53
444.7857142857143,0.0,0.0,53
444.8571428571428,0.0,0.0,53
444.9285714285714,0.0,0.0,53
445.0,0.025490196078431372,0.02549019607843138,53
445.07142857142856,0.0,0.0,53
445.1428571428571,0.0,0.0,53
445.21428571428567,0.023529411764705882,0.023529411764705882,53
445.2857142857143,0.021568627450980395,0.021568627450980392,53
445.3571428571428,0.021568627450980395,0.021568627450980392,53
445.4285714285714,0.021568627450980395,0.021568627450980392,53
445.5,0.0,0.0,53
445.57142857142856,0.023529411764705882,0.023529411764705882,53
445.6428571428571,0.0,0.0,53
445.71428571428567,0.021568627450980395,0.021568627450980392,53
445.7857142857143,0.021568627450980395,0.021568627450980392,53
445.8571428571428,0.0,0.0,53
445.9285714285714,0.021568627450980395,0.021568627450980392,53
446.0,0.0,0.0,53
446.07142857142856,0.0,0.0,53
446.1428571428571,0.02,0.019999999999999993,53
446.21428571428567,0.029411764705882353,0.021746150012567484,53
446.2857142857143,0.03725490196078431,0.026115998299250872,53
446.3571428571428,0.0,0.0,53
446.4285714285714,0.01764705882352941,0.01764705882352941,53
446.5,0.047058823529411764,0.0339957253571762,53
446.57142857142856,0.01764705882352941,0.01764705882352941,53
446.6428571428571,0.01764705882352941,0.01764705882352941,53
446.71428571428567,0.01764705882352941,0.01764705882352941,53
446.7857142857143,0.01764705882352941,0.01764705882352941,53
446.8571428571428,0.01568627450980392,0.015686274509803918,53
446.9285714285714,0.07450980392156863,0.043099805491113065,53
447.0,0.01764705882352941,0.01764705882352941,53
447.07142857142856,0.01764705882352941,0.01764705882352941,53
447.1428571428571,0.01568627450980392,0.015686274509803918,53
447.21428571428567,0.034,0.025810929499587056,53
447.2857142857143,0.0,0.0,53
447.3571428571428,0.0392156862745098,0.028016582116849806,53
447.4285714285714,0.01568627450980392,0.015686274509803918,53
447.5,0.01568627450980392,0.015686274509803918,53
447.57142857142856,0.0,0.0,53
447.6428571428571,0.0,0.0,53
447.71428571428567,0.011764705882352941,0.011764705882352941,53
447.7857142857143,0.011764705882352941,0.011764705882352941,53
447.8571428571428,0.034,0.024844003095232426,53
447.9285714285714,0.056862745098039215,0.034556563686368946,53
448.0,0.00980392156862745,0.009803921568627449,53
448.07142857142856,0.029411764705882353,0.021746150012567484,53
448.1428571428571,0.0,0.0,53
448.21428571428567,0.0,0.0,53
448.2857142857143,0.0,0.0,53
448.3571428571428,0.023529411764705882,0.023529411764705882,53
448.4285714285714,0.013725490196078431,0.01372549019607843,53
448.5,0.0,0.0,53
448.57142857142856,0.021568627450980395,0.021568627450980392,53
448.6428571428571,0.0,0.0,53
448.71428571428567,0.0,0.0,53
448.7857142857143,0.0,0.0,53
448.8571428571428,0.0,0.0,53
448.9285714285714,0.0,0.0,53
449.0,0.0,0.0,53
449.07142857142856,0.0,0.0,53
449.1428571428571,0.0,0.0,53
449.21428571428567,0.0,0.0,53
449.2857142857143,0.0,0.0,53
449.3571428571428,0.0,0.0,53
449.4285714285714,0.0,0.0,53
449.5,0.0,0.0,53
449.57142857142856,0.022000000000000002,0.022,53
449.6428571428571,0.022000000000000002,0.022,53
449.71428571428567,0.0,0.0,53
449.7857142857143,0.0,0.0,53
449.8571428571428,0.0,0.0,53
449.9285714285714,0.0,0.0,53
450.0,0.03333333333333333,0.03333333333333334,53
450.07142857142856,0.0,0.0,53
450.1428571428571,0.0,0.0,53
450.21428571428567,0.0,0.0,53
450.2857142857143,0.0,0.0,53
450.3571428571428,0.0,0.0,53
450.4285714285714,0.0,0.0,53
450.5,0.0,0.0,53
450.57142857142856,0.0,0.0,53
450.6428571428571,0.0,0.0,53
450.71428571428567,0.0,0.0,53
450.7857142857143,0.0,0.0,53
450.8571428571428,0.0,0.0,53
450.9285714285714,0.0,0.0,53
451.0,0.03529411764705882,0.03529411764705882,53
451.07142857142856,0.0,0.0,53
451.1428571428571,0.03529411764705882,0.03529411764705882,53
451.21428571428567,0.036000000000000004,0.036,53
451.2857142857143,0.0,0.0,53
451.3571428571428,0.025490196078431372,0.02549019607843138,53
451.4285714285714,0.0,0.0,53
451.5,0.0,0.0,53
451.57142857142856,0.0,0.0,53
451.6428571428571,0.0,0.0,53
451.71428571428567,0.0,0.0,53
451.7857142857143,0.0,0.0,53
451.8571428571428,0.0,0.0,53
451.9285714285714,0.0,0.0,53
452.0,0.0,0.0,53
452.07142857142856,0.0,0.0,53
452.1428571428571,0.058823529411764705,0.04155567685796267,53
452.21428571428567,0.05686274509803922,0.04002498258669172,53
452.2857142857143,0.025490196078431372,0.02549019607843138,53
452.3571428571428,0.027450980392156862,0.02745098039215686,53
452.4285714285714,0.0,0.0,53
452.5,0.027450980392156862,0.02745098039215686,53
452.57142857142856,0.027450980392156862,0.02745098039215686,53
452.6428571428571,0.0,0.0,53
452.71428571428567,0.0,0.0,53
452.7857142857143,0.054000000000000006,0.03781911837002172,53
452.8571428571428,0.0,0.0,53
452.9285714285714,0.0,0.0,53
453.0,0.0,0.0,53
453.07142857142856,0.0,0.0,53
453.1428571428571,0.027999999999999997,0.027999999999999997,53
453.21428571428567,0.026000000000000002,0.026000000000000002,53
453.2857142857143,0.0,0.0,53
453.3571428571428,0.0,0.0,53
453.4285714285714,0.026000000000000002,0.026000000000000002,53
453.5,0.023529411764705882,0.023529411764705882,53
453.57142857142856,0.0,0.0,53
453.6428571428571,0.04897959183673469,0.0342711339260136,53
453.71428571428567,0.023529411764705882,0.02352941176470589,53
453.7857142857143,0.023529411764705882,0.023529411764705882,53
453.8571428571428,0.0,0.0,53
453.9285714285714,0.0,0.0,53
454.0,0.022000000000000002,0.022,53
454.07142857142856,0.0,0.0,53
454.1428571428571,0.0,0.0,53
454.21428571428567,0.021568627450980395,0.021568627450980392,53
454.2857142857143,0.016,0.015999999999999997,53
454.3571428571428,0.01568627450980392,0.01568627450980392,53
454.4285714285714,0.016,0.015999999999999997,53
454.5,0.02,0.019999999999999997,53
454.57142857142856,0.02,0.019999999999999997,53
454.6428571428571,0.0196078431372549,0.019607843137254898,53
454.71428571428567,0.02,0.019999999999999997,53
454.7857142857143,0.0,0.0,53
454.8571428571428,0.0,0.0,53
454.9285714285714,0.0,0.0,53
455.0,0.01764705882352941,0.01764705882352941,53
455.07142857142856,0.0,0.0,53
455.1428571428571,0.0,0.0,53
455.21428571428567,0.0,0.0,53
455.2857142857143,0.03529411764705882,0.02486410585748605,53
455.3571428571428,0.0,0.0,53
455.4285714285714,0.01764705882352941,0.01764705882352941,53
455.5,0.030612244897959183,0.021469025630012926,53
455.57142857142856,0.029411764705882353,0.020635799399094695,53
455.6428571428571,0.0,0.0,53
455.71428571428567,0.013725490196078431,0.01372549019607843,53
455.7857142857143,0.01568627450980392,0.015686274509803918,53
455.8571428571428,0.01568627450980392,0.015686274509803918,53
455.9285714285714,0.01764705882352941,0.01764705882352941,53
456.0,0.01568627450980392,0.015686274509803918,53
456.07142857142856,0.0,0.0,53
456.1428571428571,0.0,0.0,53
456.21428571428567,0.0,0.0,53
456.2857142857143,0.01568627450980392,0.015686274509803918,53
456.3571428571428,0.03,0.021044171232366054,53
456.4285714285714,0.060784313725490195,0.03705622980860082,53
456.5,0.029411764705882353,0.020635799399094695,53
456.57142857142856,0.027450980392156862,0.01941869553433717,53
456.6428571428571,0.0,0.0,53
456.71428571428567,0.00980392156862745,0.009803921568627449,53
456.7857142857143,0.023529411764705882,0.016706986983639833,53
456.8571428571428,0.023529411764705882,0.016706986983639833,53
456.9285714285714,0.02549019607843137,0.01789799797214749,53
457.0,0.0,0.0,53
457.07142857142856,0.0,0.0,53
457.1428571428571,0.0,0.0,53
457.21428571428567,0.012,0.011999999999999999,53
457.2857142857143,0.0,0.0,53
457.3571428571428,0.011764705882352941,0.011764705882352941,53
457.4285714285714,0.00980392156862745,0.009803921568627449,53
457.5,0.00980392156862745,0.009803921568627449,53
457.57142857142856,0.00980392156862745,0.009803921568627449,53
457.6428571428571,0.0,0.0,53
457.71428571428567,0.00980392156862745,0.009803921568627449,53
457.7857142857143,0.00980392156862745,0.009803921568627449,53
457.8571428571428,0.00980392156862745,0.009803921568627449,53
457.9285714285714,0.03137254901960784,0.031372549019607836,53
458.0,0.0,0.0,53
458.07142857142856,0.0,0.0,53
458.1428571428571,0.0,0.0,53
458.21428571428567,0.0,0.0,53
458.2857142857143,0.0,0.0,53
458.3571428571428,0.0,0.0,53
458.4285714285714,0.0,0.0,53
458.5,0.00980392156862745,0.009803921568627449,53
458.57142857142856,0.0,0.0,53
458.6428571428571,0.0,0.0,53
458.71428571428567,0.0,0.0,53
458.7857142857143,0.0,0.0,53
458.8571428571428,0.0,0.0,53
458.9285714285714,0.0,0.0,53
459.0,0.0,0.0,53
459.07142857142856,0.032,0.0231128553327505,53
459.1428571428571,0.011764705882352941,0.011764705882352941,53
459.21428571428567,0.0,0.0,53
459.2857142857143,0.0,0.0,53
459.3571428571428,0.0,0.0,53
459.4285714285714,0.011764705882352941,0.011764705882352941,53
459.5,0.01764705882352941,0.01764705882352941,53
459.57142857142856,0.013725490196078431,0.01372549019607843,53
459.6428571428571,0.013999999999999999,0.013999999999999997,53
459.71428571428567,0.013725490196078431,0.01372549019607843,53
459.7857142857143,0.01568627450980392,0.015686274509803918,53
459.8571428571428,0.01764705882352941,0.01764705882352941,53
459.9285714285714,0.0,0.0,53
460.0,0.0,0.0,53
460.07142857142856,0.034,0.02417791199776003,53
460.1428571428571,0.0,0.0,53
460.21428571428567,0.0,0.0,53
460.2857142857143,0.0,0.0,53
460.3571428571428,0.0,0.0,53
460.4285714285714,0.0,0.0,53
460.5,0.0,0.0,53
460.57142857142856,0.0,0.0,53
460.6428571428571,0.025490196078431372,0.02549019607843138,53
460.71428571428567,0.0,0.0,53
460.7857142857143,0.0,0.0,53
460.8571428571428,0.0,0.0,53
460.9285714285714,0.0,0.0,53
461.0,0.0,0.0,53
461.07142857142856,0.0,0.0,53
461.1428571428571,0.0,0.0,53
461.21428571428567,0.0,0.0,53
461.2857142857143,0.0,0.0,53
461.3571428571428,0.03333333333333333,0.03333333333333334,53
461.4285714285714,0.034,0.03400000000000001,53
461.5,0.0,0.0,53
461.57142857142856,0.01568627450980392,0.01568627450980392,53
461.6428571428571,0.0,0.0,53
461.71428571428567,0.0,0.0,53
461.7857142857143,0.0,0.0,53
461.8571428571428,0.03333333333333333,0.03333333333333334,53
461.9285714285714,0.013999999999999999,0.013999999999999999,53
462.0,0.047058823529411764,0.03579384777638449,53
462.07142857142856,0.0,0.0,53
462.1428571428571,0.0,0.0,53
462.21428571428567,0.0,0.0,53
462.2857142857143,0.03137254901960784,0.031372549019607836,53
462.3571428571428,0.032,0.031999999999999994,53
462.4285714285714,0.03137254901960784,0.031372549019607836,53
462.5,0.032,0.031999999999999994,53
462.57142857142856,0.0,0.0,53
462.6428571428571,0.008,0.008,53
462.71428571428567,0.00784313725490196,0.00784313725490196,53
462.7857142857143,0.0392156862745098,0.032185544358718725,53
462.8571428571428,0.0392156862745098,0.032185544358718725,53
462.9285714285714,0.0,0.0,53
463.0,0.0,0.0,53
463.07142857142856,0.0,0.0,53
463.1428571428571,0.0,0.0,53
463.21428571428567,0.012,0.012000000000000002,53
463.2857142857143,0.045098039215686274,0.03512596107011987,53
463.3571428571428,0.034,0.03400000000000001,53
463.4285714285714,0.034,0.03400000000000001,53
463.5,0.032,0.031999999999999994,53
463.57142857142856,0.032,0.031999999999999994,53
463.6428571428571,0.034,0.03400000000000001,53
463.71428571428567,0.0,0.0,53
463.7857142857143,0.034,0.03400000000000001,53
463.8571428571428,0.0,0.0,53
463.9285714285714,0.0,0.0,53
464.0,0.0,0.0,53
464.07142857142856,0.0,0.0,53
464.1428571428571,0.0,0.0,53
464.21428571428567,0.0,0.0,53
464.2857142857143,0.0,0.0,53
464.3571428571428,0.03,0.030000000000000006,53
464.4285714285714,0.0,0.0,53
464.5,0.018000000000000002,0.018,53
464.57142857142856,0.0,0.0,53
464.6428571428571,0.045098039215686274,0.03305535766727297,53
464.71428571428567,0.0,0.0,53
464.7857142857143,0.0,0.0,53
464.8571428571428,0.0,0.0,53
464.9285714285714,0.0,0.0,53
465.0,0.0,0.0,53
465.07142857142856,0.0,0.0,53
465.1428571428571,0.02,0.019999999999999997,53
465.21428571428567,0.045098039215686274,0.03159966809086004,53
465.2857142857143,0.022000000000000002,0.022,53
465.3571428571428,0.0,0.0,53
465.4285714285714,0.044000000000000004,0.030793585337845666,53
465.5,0.044000000000000004,0.030793585337845666,53
465.57142857142856,0.022000000000000002,0.022,53
465.6428571428571,0.0196078431372549,0.019607843137254898,53
465.71428571428567,0.03529411764705882,0.024864105857486052,53
465.7857142857143,0.01764705882352941,0.01764705882352941,53
465.8571428571428,0.01568627450980392,0.015686274509803918,53
465.9285714285714,0.013725490196078431,0.01372549019607843,53
466.0,0.013725490196078431,0.01372549019607843,53
466.07142857142856,0.0,0.0,53
466.1428571428571,0.021568627450980395,0.021568627450980392,53
466.21428571428567,0.023529411764705882,0.02352941176470589,53
466.2857142857143,0.024,0.024000000000000004,53
466.3571428571428,0.03333333333333333,0.02530855341217655,53
466.4285714285714,0.0,0.0,53
466.5,0.00980392156862745,0.009803921568627449,53
466.57142857142856,0.0,0.0,53
466.6428571428571,0.0,0.0,53
466.71428571428567,0.01764705882352941,0.01764705882352941,53
466.7857142857143,0.0,0.0,53
466.8571428571428,0.0,0.0,53
466.9285714285714,0.011764705882352941,0.011764705882352941,53
467.0,0.0,0.0,53
467.07142857142856,0.0,0.0,53
467.1428571428571,0.0,0.0,53
467.21428571428567,0.0,0.0,53
467.2857142857143,0.0,0.0,53
467.3571428571428,0.013999999999999999,0.013999999999999999,53
467.4285714285714,0.018000000000000002,0.018,53
467.5,0.03137254901960784,0.02213863557062344,53
467.57142857142856,0.01764705882352941,0.01764705882352941,53
467.6428571428571,0.01764705882352941,0.01764705882352941,53
467.71428571428567,0.0,0.0,53
467.7857142857143,0.03725490196078431,0.026115998299250872,53
467.8571428571428,0.03137254901960784,0.02213863557062344,53
467.9285714285714,0.01764705882352941,0.01764705882352941,53
468.0,0.03529411764705882,0.024705882352941175,53
468.07142857142856,0.049019607843137254,0.027917602714600295,53
468.1428571428571,0.03529411764705882,0.024705882352941175,53
468.21428571428567,0.034,0.023837887866989888,53
468.2857142857143,0.027450980392156862,0.019215686274509803,53
468.3571428571428,0.0,0.0,53
468.4285714285714,0.013725490196078431,0.01372549019607843,53
468.5,0.027450980392156862,0.01941869553433717,53
468.57142857142856,0.026000000000000002,0.01869410034623496,53
468.6428571428571,0.025490196078431372,0.018330973949051362,53
468.71428571428567,0.0,0.0,53
468.7857142857143,0.00784313725490196,0.00784313725490196,53
468.8571428571428,0.00784313725490196,0.00784313725490196,53
468.9285714285714,0.01568627450980392,0.015686274509803918,53
469.0,0.0058823529411764705,0.005882352941176472,53
469.07142857142856,0.0,0.0,53
469.1428571428571,0.0,0.0,53
469.21428571428567,0.0,0.0,53
469.2857142857143,0.01568627450980392,0.015686274509803918,53
469.3571428571428,0.01568627450980392,0.015686274509803918,53
469.4285714285714,0.0,0.0,53
469.5,0.060784313725490195,0.03768584603212787,53
469.57142857142856,0.03529411764705882,0.02486410585748605,53
469.6428571428571,0.01568627450980392,0.015686274509803918,53
469.71428571428567,0.01,0.009999999999999998,53
469.7857142857143,0.0,0.0,53
469.8571428571428,0.0,0.0,53
469.9285714285714,0.00980392156862745,0.009803921568627449,53
470.0,0.0,0.0,53
470.07142857142856,0.01568627450980392,0.015686274509803918,53
470.1428571428571,0.029411764705882353,0.021746150012567484,53
470.21428571428567,0.0196078431372549,0.019607843137254898,53
470.2857142857143,0.0,0.0,53
470.3571428571428,0.025490196078431372,0.019167606917411668,53
470.4285714285714,0.013725490196078431,0.01372549019607843,53
470.5,0.054901960784313725,0.03760618696388032,53
470.57142857142856,0.029411764705882353,0.021012436587637354,53
470.6428571428571,0.01764705882352941,0.012432052928743026,53
470.71428571428567,0.00980392156862745,0.009803921568627449,53
470.7857142857143,0.00980392156862745,0.009803921568627449,53
470.8571428571428,0.01568627450980392,0.010980392156862747,53
470.9285714285714,0.00784313725490196,0.007843137254901959,53
471.0,0.00784313725490196,0.007843137254901959,53
471.07142857142856,0.0,0.0,53
471.1428571428571,0.00784313725490196,0.007843137254901959,53
471.21428571428567,0.00784313725490196,0.007843137254901959,53
471.2857142857143,0.00784313725490196,0.007843137254901959,53
471.3571428571428,0.00784313725490196,0.007843137254901959,53
471.4285714285714,0.00784313725490196,0.007843137254901959,53
471.5,0.021568627450980395,0.016642427587390544,53
471.57142857142856,0.0392156862745098,0.023940847262113252,53
471.6428571428571,0.0058823529411764705,0.0058823529411764705,53
471.71428571428567,0.0058823529411764705,0.0058823529411764705,53
471.7857142857143,0.0196078431372549,0.014824359350145718,53
471.8571428571428,0.0058823529411764705,0.0058823529411764705,53
471.9285714285714,0.0058823529411764705,0.0058823529411764705,53
472.0,0.0058823529411764705,0.0058823529411764705,53
472.07142857142856,0.0058823529411764705,0.0058823529411764705,53
472.1428571428571,0.0058823529411764705,0.0058823529411764705,53
472.21428571428567,0.0,0.0,53
472.2857142857143,0.0,0.0,53
472.3571428571428,0.01764705882352941,0.01764705882352941,53
472.4285714285714,0.0,0.0,53
472.5,0.027450980392156862,0.019418695534337175,53
472.57142857142856,0.027999999999999997,0.01980311251561538,53
472.6428571428571,0.013725490196078431,0.01372549019607843,53
472.71428571428567,0.013725490196078431,0.01372549019607843,53
472.7857142857143,0.0,0.0,53
472.8571428571428,0.01568627450980392,0.01568627450980392,53
472.9285714285714,0.013999999999999999,0.013999999999999999,53
473.0,0.0,0.0,53
473.07142857142856,0.012,0.011999999999999999,53
473.1428571428571,0.012,0.011999999999999999,53
473.21428571428567,0.012,0.011999999999999999,53
473.2857142857143,0.012,0.011999999999999999,53
473.3571428571428,0.0,0.0,53
473.4285714285714,0.012,0.011999999999999999,53
473.5,0.0,0.0,53
473.57142857142856,0.011764705882352941,0.011764705882352944,53
473.6428571428571,0.011764705882352941,0.011764705882352944,53
473.71428571428567,0.0,0.0,53
473.7857142857143,0.0,0.0,53
473.8571428571428,0.0,0.0,53
473.9285714285714,0.01020408163265306,0.010204081632653059,53
474.0,0.026000000000000002,0.018694100346234963,53
474.07142857142856,0.0,0.0,53
474.1428571428571,0.013725490196078431,0.01372549019607843,53
474.21428571428567,0.0,0.0,53
474.2857142857143,0.0,0.0,53
474.3571428571428,0.0,0.0,53
474.4285714285714,0.0,0.0,53
474.5,0.0,0.0,53
474.57142857142856,0.0,0.0,53
474.6428571428571,0.016,0.016,53
474.71428571428567,0.0,0.0,53
474.7857142857143,0.0,0.0,53
474.8571428571428,0.0,0.0,53
474.9285714285714,0.00980392156862745,0.009803921568627449,53
475.0,0.0,0.0,53
475.07142857142856,0.0,0.0,53
475.1428571428571,0.0,0.0,53
475.21428571428567,0.0,0.0,53
475.2857142857143,0.018000000000000002,0.018,53
475.3571428571428,0.02,0.019999999999999997,53
475.4285714285714,0.02,0.019999999999999997,53
475.5,0.0,0.0,53
475.57142857142856,0.012,0.011999999999999999,53
475.6428571428571,0.013725490196078431,0.01372549019607843,53
475.71428571428567,0.0,0.0,53
475.7857142857143,0.013725490196078431,0.01372549019607843,53
475.8571428571428,0.013725490196078431,0.01372549019607843,53
475.9285714285714,0.027450980392156862,0.019215686274509803,53
476.0,0.027450980392156862,0.019215686274509803,53
476.07142857142856,0.013725490196078431,0.01372549019607843,53
476.1428571428571,0.0,0.0,53
476.21428571428567,0.0,0.0,53
476.2857142857143,0.013725490196078431,0.01372549019607843,53
476.3571428571428,0.013725490196078431,0.01372549019607843,53
476.4285714285714,0.013725490196078431,0.01372549019607843,53
476.5,0.013725490196078431,0.01372549019607843,53
476.57142857142856,0.029411764705882353,0.0206357993990947,53
476.6428571428571,0.013725490196078431,0.01372549019607843,53
476.71428571428567,0.013725490196078431,0.01372549019607843,53
476.7857142857143,0.01568627450980392,0.015686274509803918,53
476.8571428571428,0.013725490196078431,0.01372549019607843,53
476.9285714285714,0.01568627450980392,0.015686274509803918,53
477.0,0.029411764705882353,0.0206357993990947,53
477.07142857142856,0.050980392156862744,0.02942222036376893,53
477.1428571428571,0.0,0.0,53
477.21428571428567,0.0,0.0,53
477.2857142857143,0.0,0.0,53
477.3571428571428,0.0,0.0,53
477.4285714285714,0.0,0.0,53
477.5,0.0,0.0,53
477.57142857142856,0.0,0.0,53
477.6428571428571,0.0,0.0,53
477.71428571428567,0.0,0.0,53
477.7857142857143,0.01568627450980392,0.015686274509803918,53
477.8571428571428,0.0,0.0,53
477.9285714285714,0.0,0.0,53
478.0,0.021568627450980395,0.021568627450980395,53
478.07142857142856,0.021568627450980395,0.021568627450980395,53
478.1428571428571,0.0,0.0,53
478.21428571428567,0.0,0.0,53
478.2857142857143,0.032,0.032,53
478.3571428571428,0.0,0.0,53
478.4285714285714,0.0,0.0,53
478.5,0.011764705882352941,0.011764705882352944,53
478.57142857142856,0.0,0.0,53
478.6428571428571,0.018000000000000002,0.018,53
478.71428571428567,0.0,0.0,53
478.7857142857143,0.0,0.0,53
478.8571428571428,0.0,0.0,53
478.9285714285714,0.0,0.0,53
479.0,0.024489795918367346,0.024489795918367346,53
479.07142857142856,0.0,0.0,53
479.1428571428571,0.032,0.032,53
479.21428571428567,0.0,0.0,53
479.2857142857143,0.0,0.0,53
479.3571428571428,0.036000000000000004,0.036,53
479.4285714285714,0.032,0.032,53
479.5,0.032,0.032,53
479.57142857142856,0.03333333333333333,0.03333333333333334,53
479.6428571428571,0.026000000000000002,0.026000000000000002,53
479.71428571428567,0.0,0.0,53
479.7857142857143,0.0,0.0,53
479.8571428571428,0.029411764705882353,0.02941176470588236,53
479.9285714285714,0.0,0.0,53
480.0,0.0,0.0,53
480.07142857142856,0.0,0.0,53
480.1428571428571,0.0,0.0,53
480.21428571428567,0.0,0.0,53
480.2857142857143,0.0,0.0,53
480.3571428571428,0.0,0.0,53
480.4285714285714,0.027999999999999997,0.027999999999999997,53
480.5,0.027450980392156862,0.02745098039215686,53
480.57142857142856,0.0,0.0,53
480.6428571428571,0.0,0.0,53
480.71428571428567,0.0,0.0,53
480.7857142857143,0.0,0.0,53
480.8571428571428,0.0,0.0,53
480.9285714285714,0.027450980392156862,0.02745098039215686,53
481.0,0.0,0.0,53
481.07142857142856,0.03,0.03,53
481.1428571428571,0.0,0.0,53
481.21428571428567,0.0,0.0,53
481.2857142857143,0.0,0.0,53
481.3571428571428,0.024,0.024000000000000004,53
481.4285714285714,0.026000000000000002,0.026000000000000002,53
481.5,0.0,0.0,53
481.57142857142856,0.026000000000000002,0.026000000000000002,53
481.6428571428571,0.0,0.0,53
481.71428571428567,0.0,0.0,53
481.7857142857143,0.0,0.0,53
481.8571428571428,0.0,0.0,53
481.9285714285714,0.0,0.0,53
482.0,0.0,0.0,53
482.07142857142856,0.03,0.03,53
482.1428571428571,0.0,0.0,53
482.21428571428567,0.032,0.031999999999999994,53
482.2857142857143,0.0,0.0,53
482.3571428571428,0.0,0.0,53
482.4285714285714,0.0,0.0,53
482.5,0.0,0.0,53
482.57142857142856,0.0,0.0,53
482.6428571428571,0.03137254901960784,0.031372549019607836,53
482.71428571428567,0.0,0.0,53
482.7857142857143,0.018000000000000002,0.018,53
482.8571428571428,0.0,0.0,53
482.9285714285714,0.0,0.0,53
483.0,0.0,0.0,53
483.07142857142856,0.0,0.0,53
483.1428571428571,0.0,0.0,53
483.21428571428567,0.0,0.0,53
483.2857142857143,0.0,0.0,53
483.3571428571428,0.0,0.0,53
483.4285714285714,0.0,0.0,53
483.5,0.0,0.0,53
483.57142857142856,0.032,0.032,53
483.6428571428571,0.0,0.0,53
483.71428571428567,0.013999999999999999,0.013999999999999999,53
483.7857142857143,0.013999999999999999,0.013999999999999999,53
483.8571428571428,0.013999999999999999,0.013999999999999999,53
483.9285714285714,0.0,0.0,53
484.0,0.0,0.0,53
484.07142857142856,0.0,0.0,53
484.1428571428571,0.0,0.0,53
484.21428571428567,0.013999999999999999,0.013999999999999999,53
484.2857142857143,0.0,0.0,53
484.3571428571428,0.012,0.012000000000000002,53
484.4285714285714,0.01,0.009999999999999998,53
484.5,0.0,0.0,53
484.57142857142856,0.026000000000000002,0.026000000000000002,53
484.6428571428571,0.0,0.0,53
484.71428571428567,0.0,0.0,53
484.7857142857143,0.0,0.0,53
484.8571428571428,0.0,0.0,53
484.9285714285714,0.0,0.0,53
485.0,0.0,0.0,53
485.07142857142856,0.0,0.0,53
485.1428571428571,0.0,0.0,53
485.21428571428567,0.0,0.0,53
485.2857142857143,0.0,0.0,53
485.3571428571428,0.032,0.02397958315240833,53
485.4285714285714,0.0,0.0,53
485.5,0.0,0.0,53
485.57142857142856,0.0,0.0,53
485.6428571428571,0.0,0.0,53
485.71428571428567,0.022000000000000002,0.022,53
485.7857142857143,0.0,0.0,53
485.8571428571428,0.0,0.0,53
485.9285714285714,0.022448979591836737,0.022448979591836733,53
486.0,0.0,0.0,53
486.07142857142856,0.00196078431372549,0.00196078431372549,53
486.1428571428571,0.00196078431372549,0.00196078431372549,53
486.21428571428567,0.0,0.0,53
486.2857142857143,0.0,0.0,53
486.3571428571428,0.00196078431372549,0.00196078431372549,53
486.4285714285714,0.0,0.0,53
486.5,0.011764705882352941,0.009959549097411997,53
486.57142857142856,0.011764705882352941,0.009959549097411997,53
486.6428571428571,0.0,0.0,53
486.71428571428567,0.022000000000000002,0.022,53
486.7857142857143,0.01,0.009999999999999998,53
486.8571428571428,0.012,0.012000000000000002,53
486.9285714285714,0.023529411764705885,0.021618480709549366,53
487.0,0.0,0.0,53
487.07142857142856,0.0,0.0,53
487.1428571428571,0.0,0.0,53
487.21428571428567,0.02,0.019999999999999993,53
487.2857142857143,0.0,0.0,53
487.3571428571428,0.012,0.012000000000000002,53
487.4285714285714,0.0,0.0,53
487.5,0.0,0.0,53
487.57142857142856,0.0,0.0,53
487.6428571428571,0.0,0.0,53
487.71428571428567,0.0,0.0,53
487.7857142857143,0.0,0.0,53
487.8571428571428,0.0,0.0,53
487.9285714285714,0.0,0.0,53
488.0,0.0,0.0,53
488.07142857142856,0.0,0.0,53
488.1428571428571,0.0,0.0,53
488.21428571428567,0.016,0.015999999999999997,53
488.2857142857143,0.0,0.0,53
488.3571428571428,0.0058823529411764705,0.005882352941176472,53
488.4285714285714,0.0,0.0,53
488.5,0.0,0.0,53
488.57142857142856,0.0,0.0,53
488.6428571428571,0.027999999999999997,0.027999999999999997,53
488.71428571428567,0.0,0.0,53
488.7857142857143,0.0,0.0,53
488.8571428571428,0.0,0.0,53
488.9285714285714,0.0,0.0,53
489.0,0.029411764705882353,0.02941176470588236,53
489.07142857142856,0.0,0.0,53
489.1428571428571,0.018000000000000002,0.018,53
489.21428571428567,0.0,0.0,53
489.2857142857143,0.045098039215686274,0.03233570545050672,53
489.3571428571428,0.0,0.0,53
489.4285714285714,0.0,0.0,53
489.5,0.018367346938775512,0.018367346938775512,53
489.57142857142856,0.02857142857142857,0.02857142857142857,53
489.6428571428571,0.01,0.009999999999999998,53
489.71428571428567,0.0,0.0,53
489.7857142857143,0.027999999999999997,0.027999999999999997,53
489.8571428571428,0.0,0.0,53
489.9285714285714,0.054000000000000006,0.038034356112572214,53
490.0,0.0,0.0,53
490.07142857142856,0.0,0.0,53
490.1428571428571,0.0,0.0,53
490.21428571428567,0.0,0.0,53
490.2857142857143,0.032,0.023979583152408335,53
490.3571428571428,0.00980392156862745,0.009803921568627449,53
490.4285714285714,0.00980392156862745,0.009803921568627449,53
490.5,0.00980392156862745,0.009803921568627449,53
490.57142857142856,0.025490196078431372,0.025490196078431372,53
490.6428571428571,0.011764705882352941,0.011764705882352944,53
490.71428571428567,0.0,0.0,53
490.7857142857143,0.026000000000000002,0.026000000000000002,53
490.8571428571428,0.0,0.0,53
490.9285714285714,0.0,0.0,53
491.0,0.011764705882352941,0.011764705882352944,53
491.07142857142856,0.0,0.0,53
491.1428571428571,0.0392156862745098,0.028707918067750884,53
491.21428571428567,0.0,0.0,53
491.2857142857143,0.027450980392156862,0.02745098039215686,53
491.3571428571428,0.0,0.0,53
491.4285714285714,0.0,0.0,53
491.5,0.0,0.0,53
491.57142857142856,0.013725490196078431,0.01372549019607843,53
491.6428571428571,0.01568627450980392,0.01568627450980392,53
491.71428571428567,0.01568627450980392,0.01568627450980392,53
491.7857142857143,0.021568627450980395,0.021568627450980392,53
491.8571428571428,0.01568627450980392,0.01568627450980392,53
491.9285714285714,0.01568627450980392,0.01568627450980392,53
492.0,0.021568627450980395,0.021568627450980392,53
492.07142857142856,0.0,0.0,53
492.1428571428571,0.034,0.03400000000000001,53
492.21428571428567,0.038000000000000006,0.026937569546290265,53
492.2857142857143,0.03469387755102041,0.034693877551020415,53
492.3571428571428,0.0,0.0,53
492.4285714285714,0.021568627450980395,0.021568627450980392,53
492.5,0.0,0.0,53
492.57142857142856,0.03333333333333333,0.03333333333333334,53
492.6428571428571,0.02,0.019999999999999997,53
492.71428571428567,0.0,0.0,53
492.7857142857143,0.0,0.0,53
492.8571428571428,0.0,0.0,53
492.9285714285714,0.01568627450980392,0.01568627450980392,53
493.0,0.05,0.03639354057959143,53
493.07142857142856,0.021568627450980395,0.021568627450980395,53
493.1428571428571,0.050980392156862744,0.036123160678554825,53
493.21428571428567,0.0,0.0,53
493.2857142857143,0.0,0.0,53
493.3571428571428,0.03137254901960784,0.03137254901960784,53
493.4285714285714,0.029411764705882353,0.02941176470588236,53
493.5,0.029411764705882353,0.02941176470588236,53
493.57142857142856,0.0,0.0,53
493.6428571428571,0.0,0.0,53
493.71428571428567,0.0,0.0,53
493.7857142857143,0.0,0.0,53
493.8571428571428,0.045098039215686274,0.03305535766727297,53
493.9285714285714,0.013725490196078431,0.01372549019607843,53
494.0,0.0,0.0,53
494.07142857142856,0.054901960784313725,0.03883739106867434,53
494.1428571428571,0.023529411764705882,0.023529411764705882,53
494.21428571428567,0.0,0.0,53
494.2857142857143,0.0,0.0,53
494.3571428571428,0.03137254901960784,0.03137254901960784,53
494.4285714285714,0.0,0.0,53
494.5,0.03137254901960784,0.03137254901960784,53
494.57142857142856,0.01764705882352941,0.01764705882352941,53
494.6428571428571,0.0,0.0,53
494.71428571428567,0.0,0.0,53
494.7857142857143,0.0,0.0,53
494.8571428571428,0.0,0.0,53
494.9285714285714,0.0,0.0,53
495.0,0.0,0.0,53
495.07142857142856,0.0,0.0,53
495.1428571428571,0.0,0.0,53
495.21428571428567,0.0,0.0,53
495.2857142857143,0.013999999999999999,0.013999999999999999,53
495.3571428571428,0.0,0.0,53
495.4285714285714,0.0,0.0,53
495.5,0.0,0.0,53
495.57142857142856,0.0,0.0,53
495.6428571428571,0.0,0.0,53
495.71428571428567,0.0,0.0,53
495.7857142857143,0.0,0.0,53
495.8571428571428,0.0,0.0,53
495.9285714285714,0.0,0.0,53
496.0,0.0,0.0,53
496.07142857142856,0.0,0.0,53
496.1428571428571,0.0196078431372549,0.019607843137254898,53
496.21428571428567,0.01764705882352941,0.01764705882352941,53
496.2857142857143,0.01764705882352941,0.01764705882352941,53
496.3571428571428,0.025490196078431372,0.025490196078431372,53
496.4285714285714,0.0,0.0,53
496.5,0.0,0.0,53
496.57142857142856,0.0,0.0,53
496.6428571428571,0.0,0.0,53
496.71428571428567,0.0,0.0,53
496.7857142857143,0.0,0.0,53
496.8571428571428,0.0,0.0,53
496.9285714285714,0.0,0.0,53
497.0,0.0,0.0,53
497.07142857142856,0.0,0.0,53
497.1428571428571,0.0,0.0,53
497.21428571428567,0.0,0.0,53
497.2857142857143,0.0,0.0,53
497.3571428571428,0.021568627450980395,0.021568627450980392,53
497.4285714285714,0.0196078431372549,0.019607843137254898,53
497.5,0.0,0.0,53
497.57142857142856,0.0,0.0,53
497.6428571428571,0.0,0.0,53
497.71428571428567,0.0,0.0,53
497.7857142857143,0.0,0.0,53
497.8571428571428,0.0,0.0,53
497.9285714285714,0.0,0.0,53
498.0,0.0,0.0,53
498.07142857142856,0.0,0.0,53
498.1428571428571,0.0,0.0,53
498.21428571428567,0.024,0.024000000000000004,53
498.2857142857143,0.0,0.0,53
498.3571428571428,0.025490196078431372,0.02549019607843138,53
498.4285714285714,0.023529411764705882,0.02352941176470589,53
498.5,0.023529411764705882,0.02352941176470589,53
498.57142857142856,0.023529411764705882,0.02352941176470589,53
498.6428571428571,0.0,0.0,53
498.71428571428567,0.0,0.0,53
498.7857142857143,0.022000000000000002,0.022,53
498.8571428571428,0.0,0.0,53
498.9285714285714,0.0,0.0,53
499.0,0.0,0.0,53
499.07142857142856,0.0,0.0,53
499.1428571428571,0.0,0.0,53
499.21428571428567,0.022000000000000002,0.022,53
499.2857142857143,0.04313725490196079,0.03019607843137255,53
499.3571428571428,0.022000000000000002,0.022,53
499.4285714285714,0.0,0.0,53
499.5,0.0,0.0,53
499.57142857142856,0.02,0.019999999999999997,53
499.6428571428571,0.0,0.0,53
499.71428571428567,0.0,0.0,53
499.7857142857143,0.021568627450980395,0.021568627450980392,53
499.8571428571428,0.0,0.0,53
499.9285714285714,0.0,0.0,53
500.0,0.0,0.0,53
500.07142857142856,0.0,0.0,53
500.1428571428571,0.0,0.0,53
500.21428571428567,0.0,0.0,53
500.2857142857143,0.026000000000000002,0.026000000000000002,53
500.3571428571428,0.025490196078431372,0.02549019607843138,53
500.4285714285714,0.0,0.0,53
500.5,0.0,0.0,53
500.57142857142856,0.0,0.0,53
500.6428571428571,0.0,0.0,53
500.71428571428567,0.0,0.0,53
500.7857142857143,0.0,0.0,53
500.8571428571428,0.0,0.0,53
500.9285714285714,0.0,0.0,53
501.0,0.016,0.016,53
501.07142857142856,0.0,0.0,53
501.1428571428571,0.021568627450980395,0.021568627450980392,53
501.21428571428567,0.0,0.0,53
501.2857142857143,0.0,0.0,53
501.3571428571428,0.0,0.0,53
501.4285714285714,0.01764705882352941,0.01764705882352941,53
501.5,0.0,0.0,53
501.57142857142856,0.01764705882352941,0.01764705882352941,53
501.6428571428571,0.0,0.0,53
501.71428571428567,0.0,0.0,53
501.7857142857143,0.0,0.0,53
501.8571428571428,0.0,0.0,53
501.9285714285714,0.0,0.0,53
502.0,0.0,0.0,53
502.07142857142856,0.0,0.0,53
502.1428571428571,0.0196078431372549,0.019607843137254898,53
502.21428571428567,0.02,0.019999999999999997,53
502.2857142857143,0.0196078431372549,0.019607843137254898,53
502.3571428571428,0.0,0.0,53
502.4285714285714,0.0,0.0,53
502.5,0.0,0.0,53
502.57142857142856,0.0,0.0,53
502.6428571428571,0.0,0.0,53
502.71428571428567,0.0,0.0,53
502.7857142857143,0.0,0.0,53
502.8571428571428,0.0,0.0,53
502.9285714285714,0.0,0.0,53
503.0,0.0,0.0,53
503.07142857142856,0.0196078431372549,0.019607843137254898,53
503.1428571428571,0.0196078431372549,0.019607843137254898,53
503.21428571428567,0.021568627450980395,0.021568627450980392,53
503.2857142857143,0.021568627450980395,0.021568627450980392,53
503.3571428571428,0.021568627450980395,0.021568627450980392,53
503.4285714285714,0.0,0.0,53
503.5,0.0,0.0,53
503.57142857142856,0.0196078431372549,0.019607843137254898,53
503.6428571428571,0.0196078431372549,0.019607843137254898,53
503.71428571428567,0.013725490196078431,0.01372549019607843,53
503.7857142857143,0.021568627450980395,0.021568627450980392,53
503.8571428571428,0.0,0.0,53
503.9285714285714,0.03725490196078431,0.026414610382821824,53
504.0,0.0,0.0,53
504.07142857142856,0.0,0.0,53
504.1428571428571,0.02857142857142857,0.028571428571428567,53
504.21428571428567,0.0,0.0,53
504.2857142857143,0.0,0.0,53
504.3571428571428,0.0,0.0,53
504.4285714285714,0.0,0.0,53
504.5,0.0,0.0,53
504.57142857142856,0.016,0.015999999999999997,53
504.6428571428571,0.01764705882352941,0.01764705882352941,53
504.71428571428567,0.0,0.0,53
504.7857142857143,0.02,0.019999999999999997,53
504.8571428571428,0.0,0.0,53
504.9285714285714,0.0196078431372549,0.019607843137254898,53
505.0,0.0,0.0,53
505.07142857142856,0.0,0.0,53
505.1428571428571,0.0392156862745098,0.030816144402944532,53
505.21428571428567,0.0196078431372549,0.019607843137254898,53
505.2857142857143,0.0,0.0,53
505.3571428571428,0.0,0.0,53
505.4285714285714,0.01,0.009999999999999998,53
505.5,0.0,0.0,53
505.57142857142856,0.0,0.0,53
505.6428571428571,0.0,0.0,53
505.71428571428567,0.0196078431372549,0.019607843137254898,53
505.7857142857143,0.0196078431372549,0.019607843137254898,53
505.8571428571428,0.0196078431372549,0.019607843137254898,53
505.9285714285714,0.0196078431372549,0.019607843137254898,53
506.0,0.0196078431372549,0.019607843137254898,53
506.07142857142856,0.0196078431372549,0.019607843137254898,53
506.1428571428571,0.029411764705882353,0.021746150012567484,53
506.21428571428567,0.0,0.0,53
506.2857142857143,0.01764705882352941,0.01764705882352941,53
506.3571428571428,0.0,0.0,53
506.4285714285714,0.013999999999999999,0.013999999999999999,53
506.5,0.0,0.0,53
506.57142857142856,0.0,0.0,53
506.6428571428571,0.0,0.0,53
506.71428571428567,0.0196078431372549,0.019607843137254898,53
506.7857142857143,0.0,0.0,53
506.8571428571428,0.0,0.0,53
506.9285714285714,0.0196078431372549,0.019607843137254898,53
507.0,0.0,0.0,53
507.07142857142856,0.02,0.019999999999999997,53
507.1428571428571,0.02,0.019999999999999997,53
507.21428571428567,0.0,0.0,53
507.2857142857143,0.018000000000000002,0.018,53
507.3571428571428,0.016,0.016,53
507.4285714285714,0.0,0.0,53
507.5,0.0,0.0,53
507.57142857142856,0.0,0.0,53
507.6428571428571,0.01764705882352941,0.01764705882352941,53
507.71428571428567,0.0,0.0,53
507.7857142857143,0.0196078431372549,0.019607843137254898,53
507.8571428571428,0.021568627450980395,0.021568627450980392,53
507.9285714285714,0.021568627450980395,0.021568627450980392,53
508.0,0.0,0.0,53
508.07142857142856,0.045098039215686274,0.031599668090860046,53
508.1428571428571,0.0,0.0,53
508.21428571428567,0.03725490196078431,0.026414610382821824,53
508.2857142857143,0.0,0.0,53
508.3571428571428,0.0,0.0,53
508.4285714285714,0.0,0.0,53
508.5,0.0,0.0,53
508.57142857142856,0.021568627450980395,0.021568627450980395,53
508.6428571428571,0.021568627450980395,0.021568627450980395,53
508.71428571428567,0.01568627450980392,0.01568627450980392,53
508.7857142857143,0.0,0.0,53
508.8571428571428,0.0,0.0,53
508.9285714285714,0.021568627450980395,0.021568627450980395,53
509.0,0.0,0.0,53
509.07142857142856,0.0196078431372549,0.0196078431372549,53
509.1428571428571,0.01568627450980392,0.01568627450980392,53
509.21428571428567,0.01764705882352941,0.01764705882352941,53
509.2857142857143,0.0,0.0,53
509.3571428571428,0.0,0.0,53
509.4285714285714,0.023529411764705882,0.02352941176470589,53
509.5,0.0,0.0,53
509.57142857142856,0.02040816326530612,0.02040816326530612,53
509.6428571428571,0.018367346938775512,0.018367346938775512,53
509.71428571428567,0.0,0.0,53
509.7857142857143,0.02653061224489796,0.02653061224489796,53
509.8571428571428,0.025490196078431372,0.025490196078431372,53
509.9285714285714,0.01764705882352941,0.01764705882352941,53
510.0,0.0196078431372549,0.019607843137254898,53
510.07142857142856,0.03877551020408163,0.02717046317488642,53
510.1428571428571,0.0,0.0,53
510.21428571428567,0.0163265306122449,0.0163265306122449,53
510.2857142857143,0.0163265306122449,0.0163265306122449,53
510.3571428571428,0.0,0.0,53
510.4285714285714,0.0,0.0,53
510.5,0.027450980392156862,0.02745098039215686,53
510.57142857142856,0.0,0.0,53
510.6428571428571,0.0,0.0,53
510.71428571428567,0.0,0.0,53
510.7857142857143,0.01764705882352941,0.01764705882352941,53
510.8571428571428,0.03725490196078431,0.026115998299250872,53
510.9285714285714,0.0,0.0,53
511.0,0.01568627450980392,0.01568627450980392,53
511.07142857142856,0.025490196078431372,0.018330973949051362,53
511.1428571428571,0.0,0.0,53
511.21428571428567,0.011764705882352941,0.011764705882352941,53
511.2857142857143,0.027999999999999997,0.019803112515615378,53
511.3571428571428,0.0,0.0,53
511.4285714285714,0.0,0.0,53
511.5,0.0,0.0,53
511.57142857142856,0.024,0.023999999999999997,53
511.6428571428571,0.024,0.023999999999999997,53
511.71428571428567,0.0,0.0,53
511.7857142857143,0.01568627450980392,0.01568627450980392,53
511.8571428571428,0.01568627450980392,0.01568627450980392,53
511.9285714285714,0.025490196078431372,0.025490196078431372,53
512.0,0.029411764705882353,0.021012436587637354,53
512.0714285714286,0.023529411764705882,0.02352941176470589,53
512.1428571428571,0.0,0.0,53
512.2142857142857,0.025490196078431372,0.02549019607843138,53
512.2857142857142,0.0,0.0,53
512.3571428571428,0.0,0.0,53
512.4285714285714,0.0,0.0,53
512.5,0.0,0.0,53
512.5714285714286,0.0,0.0,53
512.6428571428571,0.0,0.0,53
512.7142857142857,0.021568627450980395,0.021568627450980392,53
512.7857142857142,0.021568627450980395,0.021568627450980392,53
512.8571428571428,0.0,0.0,53
512.9285714285714,0.0392156862745098,0.029648718700291447,53
513.0,0.022000000000000002,0.022,53
513.0714285714286,0.0196078431372549,0.019607843137254898,53
513.1428571428571,0.04313725490196079,0.030325670477146988,53
513.2142857142857,0.029411764705882353,0.02941176470588236,53
513.2857142857142,0.0,0.0,53
513.3571428571428,0.0,0.0,53
513.4285714285714,0.0,0.0,53
513.5,0.0,0.0,53
513.5714285714286,0.0,0.0,53
513.6428571428571,0.0,0.0,53
513.7142857142857,0.0,0.0,53
513.7857142857142,0.0,0.0,53
513.8571428571428,0.0196078431372549,0.019607843137254898,53
513.9285714285714,0.016,0.016,53
514.0,0.016,0.016,53
514.0714285714286,0.0196078431372549,0.019607843137254898,53
514.1428571428571,0.0,0.0,53
514.2142857142857,0.0196078431372549,0.019607843137254898,53
514.2857142857142,0.034,0.03400000000000001,53
514.3571428571428,0.0,0.0,53
514.4285714285714,0.0,0.0,53
514.5,0.0,0.0,53
514.5714285714286,0.03725490196078431,0.037254901960784306,53
514.6428571428571,0.0,0.0,53
514.7142857142857,0.0,0.0,53
514.7857142857142,0.0,0.0,53
514.8571428571428,0.01568627450980392,0.01568627450980392,53
514.9285714285714,0.0,0.0,53
515.0,0.013725490196078431,0.01372549019607843,53
515.0714285714286,0.05306122448979592,0.037582340532046725,53
515.1428571428571,0.052000000000000005,0.03683831191151131,53
515.2142857142857,0.0,0.0,53
515.2857142857142,0.0,0.0,53
515.3571428571428,0.0,0.0,53
515.4285714285714,0.0,0.0,53
515.5,0.0,0.0,53
515.5714285714286,0.05,0.036393540579591425,53
515.6428571428571,0.050980392156862744,0.036661947898102724,53
515.7142857142857,0.0,0.0,53
515.7857142857142,0.0,0.0,53
515.8571428571428,0.0,0.0,53
515.9285714285714,0.01764705882352941,0.01764705882352941,53
516.0,0.018000000000000002,0.018,53
516.0714285714286,0.03137254901960784,0.031372549019607836,53
516.1428571428571,0.03137254901960784,0.031372549019607836,53
516.2142857142857,0.01568627450980392,0.01568627450980392,53
516.2857142857142,0.0,0.0,53
516.3571428571428,0.0,0.0,53
516.4285714285714,0.0,0.0,53
516.5,0.0,0.0,53
516.5714285714286,0.0,0.0,53
516.6428571428571,0.0,0.0,53
516.7142857142857,0.0,0.0,53
516.7857142857142,0.016,0.016,53
516.8571428571428,0.0,0.0,53
516.9285714285714,0.0,0.0,53
517.0,0.03,0.030000000000000006,53
517.0714285714286,0.0,0.0,53
517.1428571428571,0.013725490196078431,0.01372549019607843,53
517.2142857142857,0.03137254901960784,0.031372549019607836,53
517.2857142857142,0.03137254901960784,0.031372549019607836,53
517.3571428571428,0.0,0.0,53
517.4285714285714,0.0,0.0,53
517.5,0.0,0.0,53
517.5714285714286,0.032,0.031999999999999994,53
517.6428571428571,0.0,0.0,53
517.7142857142857,0.032,0.031999999999999994,53
517.7857142857142,0.0,0.0,53
517.8571428571428,0.013725490196078431,0.01372549019607843,53
517.9285714285714,0.01568627450980392,0.01568627450980392,53
518.0,0.018000000000000002,0.018,53
518.0714285714286,0.0,0.0,53
518.1428571428571,0.04800000000000001,0.035483827877165766,53
518.2142857142857,0.01568627450980392,0.01568627450980392,53
518.2857142857142,0.0,0.0,53
518.3571428571428,0.0,0.0,53
518.4285714285714,0.0,0.0,53
518.5,0.0,0.0,53
518.5714285714286,0.041999999999999996,0.03104834939252005,53
518.6428571428571,0.013999999999999999,0.013999999999999999,53
518.7142857142857,0.04117647058823529,0.030444610017594485,53
518.7857142857142,0.011764705882352941,0.011764705882352944,53
518.8571428571428,0.011764705882352941,0.011764705882352944,53
518.9285714285714,0.0,0.0,53
519.0,0.0,0.0,53
519.0714285714286,0.025999999999999995,0.018252201432782212,53
519.1428571428571,0.0,0.0,53
519.2142857142857,0.011764705882352941,0.011764705882352944,53
519.2857142857142,0.0,0.0,53
519.3571428571428,0.0,0.0,53
519.4285714285714,0.0,0.0,53
519.5,0.0,0.0,53
519.5714285714286,0.012,0.012000000000000002,53
519.6428571428571,0.03,0.022177392423228606,53
519.7142857142857,0.0196078431372549,0.019607843137254898,53
519.7857142857142,0.03137254901960784,0.022663816904784147,53
519.8571428571428,0.0,0.0,53
519.9285714285714,0.0,0.0,53
520.0,0.0,0.0,53
520.0714285714286,0.0,0.0,53
520.1428571428571,0.0,0.0,53
520.2142857142857,0.0,0.0,53
520.2857142857142,0.021568627450980395,0.021568627450980392,53
520.3571428571428,0.0,0.0,53
520.4285714285714,0.021568627450980395,0.021568627450980392,53
520.5,0.0,0.0,53
520.5714285714286,0.0,0.0,53
520.6428571428571,0.023529411764705882,0.023529411764705882,53
520.7142857142857,0.0,0.0,53
520.7857142857142,0.0,0.0,53
520.8571428571428,0.01764705882352941,0.01764705882352941,53
520.9285714285714,0.0,0.0,53
521.0,0.026000000000000002,0.026000000000000002,53
521.0714285714286,0.025490196078431372,0.025490196078431372,53
521.1428571428571,0.027999999999999997,0.027999999999999997,53
521.2142857142857,0.0,0.0,53
521.2857142857142,0.01764705882352941,0.01764705882352941,53
521.3571428571428,0.0,0.0,53
521.4285714285714,0.041999999999999996,0.03104834939252005,53
521.5,0.0,0.0,53
521.5714285714286,0.0,0.0,53
521.6428571428571,0.0,0.0,53
521.7142857142857,0.013725490196078431,0.01372549019607843,53
521.7857142857142,0.0,0.0,53
521.8571428571428,0.013725490196078431,0.01372549019607843,53
521.9285714285714,0.0,0.0,53
522.0,0.0,0.0,53
522.0714285714286,0.018000000000000002,0.018000000000000002,53
522.1428571428571,0.018367346938775512,0.018367346938775512,53
522.2142857142857,0.013999999999999999,0.013999999999999999,53
522.2857142857142,0.013999999999999999,0.013999999999999999,53
522.3571428571428,0.0,0.0,53
522.4285714285714,0.038,0.02753698811209596,53
522.5,0.014285714285714285,0.014285714285714285,53
522.5714285714286,0.0,0.0,53
522.6428571428571,0.016,0.016,53
522.7142857142857,0.0,0.0,53
522.7857142857142,0.013999999999999999,0.013999999999999999,53
522.8571428571428,0.02,0.019999999999999997,53
522.9285714285714,0.0,0.0,53
523.0,0.0,0.0,53
523.0714285714286,0.0,0.0,53
523.1428571428571,0.0,0.0,53
523.2142857142857,0.0,0.0,53
523.2857142857142,0.0,0.0,53
523.3571428571428,0.0,0.0,53
523.4285714285714,0.0,0.0,53
523.5,0.01568627450980392,0.01568627450980392,53
523.5714285714286,0.012,0.012000000000000002,53
523.6428571428571,0.01568627450980392,0.01568627450980392,53
523.7142857142857,0.012244897959183673,0.012244897959183676,53
523.7857142857142,0.014285714285714285,0.014285714285714285,53
523.8571428571428,0.018367346938775512,0.018367346938775512,53
523.9285714285714,0.0,0.0,53
524.0,0.0,0.0,53
524.0714285714286,0.012,0.012000000000000002,53
524.1428571428571,0.0,0.0,53
524.2142857142857,0.0,0.0,53
524.2857142857142,0.0,0.0,53
524.3571428571428,0.0,0.0,53
524.4285714285714,0.0,0.0,53
524.5,0.0,0.0,53
524.5714285714286,0.0,0.0,53
524.6428571428571,0.022000000000000002,0.022000000000000002,53
524.7142857142857,0.02,0.02,53
524.7857142857142,0.0,0.0,53
524.8571428571428,0.0,0.0,53
524.9285714285714,0.0,0.0,53
525.0,0.0,0.0,53
525.0714285714286,0.0,0.0,53
525.1428571428571,0.0,0.0,53
525.2142857142857,0.0,0.0,53
525.2857142857142,0.0,0.0,53
525.3571428571428,0.0,0.0,53
525.4285714285714,0.0,0.0,53
525.5,0.0,0.0,53
525.5714285714286,0.00784313725490196,0.00784313725490196,53
525.6428571428571,0.03137254901960784,0.024652915522355625,53
525.7142857142857,0.03333333333333333,0.02530855341217655,53
525.7857142857142,0.027450980392156862,0.02001537279243113,53
525.8571428571428,0.0,0.0,53
525.9285714285714,0.018000000000000002,0.018,53
526.0,0.0,0.0,53
526.0714285714286,0.0196078431372549,0.019607843137254898,53
526.1428571428571,0.0,0.0,53
526.2142857142857,0.0,0.0,53
526.2857142857142,0.018000000000000002,0.018,53
526.3571428571428,0.02,0.019999999999999997,53
526.4285714285714,0.0,0.0,53
526.5,0.032,0.0231128553327505,53
526.5714285714286,0.012244897959183673,0.012244897959183676,53
526.6428571428571,0.018000000000000002,0.018,53
526.7142857142857,0.03,0.02142857142857143,53
526.7857142857142,0.0,0.0,53
526.8571428571428,0.0,0.0,53
526.9285714285714,0.0392156862745098,0.027593467736866325,53
527.0,0.018000000000000002,0.018,53
527.0714285714286,0.018367346938775512,0.018367346938775512,53
527.1428571428571,0.0,0.0,53
527.2142857142857,0.03137254901960784,0.03137254901960784,53
527.2857142857142,0.0,0.0,53
527.3571428571428,0.0,0.0,53
527.4285714285714,0.025490196078431372,0.025490196078431372,53
527.5,0.013725490196078431,0.01372549019607843,53
527.5714285714286,0.016666666666666666,0.016666666666666666,53
527.6428571428571,0.0,0.0,53
527.7142857142857,0.021568627450980395,0.021568627450980392,53
527.7857142857142,0.0,0.0,53
527.8571428571428,0.0,0.0,53
527.9285714285714,0.0,0.0,53
528.0,0.0,0.0,53
528.0714285714286,0.0,0.0,53
528.1428571428571,0.023529411764705882,0.02352941176470589,53
528.2142857142857,0.027450980392156862,0.02745098039215686,53
528.2857142857142,0.05294117647058824,0.03729615878622908,53
528.3571428571428,0.045098039215686274,0.03184690405616097,53
528.4285714285714,0.0,0.0,53
528.5,0.047058823529411764,0.033413973967279666,53
528.5714285714286,0.0196078431372549,0.019607843137254898,53
528.6428571428571,0.0,0.0,53
528.7142857142857,0.0,0.0,53
528.7857142857142,0.050980392156862744,0.03612316067855482,53
528.8571428571428,0.027450980392156862,0.02745098039215686,53
528.9285714285714,0.027450980392156862,0.02745098039215686,53
529.0,0.022000000000000002,0.022,53
529.0714285714286,0.0,0.0,53
529.1428571428571,0.0,0.0,53
529.2142857142857,0.0,0.0,53
529.2857142857142,0.03333333333333333,0.03333333333333333,53
529.3571428571428,0.0,0.0,53
529.4285714285714,0.0,0.0,53
529.5,0.0,0.0,53
529.5714285714286,0.02,0.019999999999999997,53
529.6428571428571,0.0,0.0,53
529.7142857142857,0.0,0.0,53
529.7857142857142,0.0,0.0,53
529.8571428571428,0.0,0.0,53
529.9285714285714,0.023529411764705882,0.023529411764705882,53
530.0,0.0,0.0,53
530.0714285714286,0.02,0.019999999999999997,53
530.1428571428571,0.022000000000000002,0.022,53
530.2142857142857,0.0,0.0,53
530.2857142857142,0.0,0.0,53
530.3571428571428,0.0,0.0,53
530.4285714285714,0.0,0.0,53
530.5,0.021568627450980395,0.021568627450980392,53
530.5714285714286,0.021568627450980395,0.021568627450980392,53
530.6428571428571,0.0,0.0,53
530.7142857142857,0.0,0.0,53
530.7857142857142,0.0,0.0,53
530.8571428571428,0.0,0.0,53
530.9285714285714,0.0,0.0,53
531.0,0.0,0.0,53
531.0714285714286,0.0,0.0,53
531.1428571428571,0.0,0.0,53
531.2142857142857,0.0,0.0,53
531.2857142857142,0.023529411764705882,0.023529411764705882,53
531.3571428571428,0.0,0.0,53
531.4285714285714,0.0,0.0,53
531.5,0.0,0.0,53
531.5714285714286,0.0,0.0,53
531.6428571428571,0.0,0.0,53
531.7142857142857,0.0,0.0,53
531.7857142857142,0.0,0.0,53
531.8571428571428,0.0,0.0,53
531.9285714285714,0.0,0.0,53
532.0,0.0,0.0,53
532.0714285714286,0.0,0.0,53
532.1428571428571,0.0,0.0,53
532.2142857142857,0.0,0.0,53
532.2857142857142,0.027999999999999997,0.027999999999999997,53
532.3571428571428,0.03,0.030000000000000006,53
532.4285714285714,0.0,0.0,53
532.5,0.0,0.0,53
532.5714285714286,0.0,0.0,53
532.6428571428571,0.0,0.0,53
532.7142857142857,0.050980392156862744,0.03568627450980392,53
532.7857142857142,0.026000000000000002,0.026000000000000002,53
532.8571428571428,0.0,0.0,53
532.9285714285714,0.02857142857142857,0.02857142857142857,53
533.0,0.0,0.0,53
533.0714285714286,0.027450980392156862,0.02745098039215686,53
533.1428571428571,0.0,0.0,53
533.2142857142857,0.0,0.0,53
533.2857142857142,0.0,0.0,53
533.3571428571428,0.0,0.0,53
533.4285714285714,0.0,0.0,53
533.5,0.0,0.0,53
533.5714285714286,0.023529411764705882,0.02352941176470589,53
533.6428571428571,0.0,0.0,53
533.7142857142857,0.03333333333333333,0.03333333333333333,53
533.7857142857142,0.0,0.0,53
533.8571428571428,0.0,0.0,53
533.9285714285714,0.0,0.0,53
534.0,0.0,0.0,53
534.0714285714286,0.03529411764705882,0.03529411764705882,53
534.1428571428571,0.0,0.0,53
534.2142857142857,0.0,0.0,53
534.2857142857142,0.0,0.0,53
534.3571428571428,0.0,0.0,53
534.4285714285714,0.0,0.0,53
534.5,0.0,0.0,53
534.5714285714286,0.0,0.0,53
534.6428571428571,0.0,0.0,53
534.7142857142857,0.0,0.0,53
534.7857142857142,0.0,0.0,53
534.8571428571428,0.0,0.0,53
534.9285714285714,0.0,0.0,53
535.0,0.0,0.0,53
535.0714285714286,0.021568627450980395,0.021568627450980392,53
535.1428571428571,0.0,0.0,53
535.2142857142857,0.021568627450980395,0.021568627450980392,53
535.2857142857142,0.021568627450980395,0.021568627450980392,53
535.3571428571428,0.0,0.0,53
535.4285714285714,0.0,0.0,53
535.5,0.0,0.0,53
535.5714285714286,0.0,0.0,53
535.6428571428571,0.0,0.0,53
535.7142857142857,0.0,0.0,53
535.7857142857142,0.029411764705882353,0.02941176470588236,53
535.8571428571428,0.0,0.0,53
535.9285714285714,0.0,0.0,53
536.0,0.0,0.0,53
536.0714285714286,0.045098039215686274,0.03305535766727297,53
536.1428571428571,0.03,0.030000000000000006,53
536.2142857142857,0.03,0.030000000000000006,53
536.2857142857142,0.03,0.030000000000000006,53
536.3571428571428,0.0,0.0,53
536.4285714285714,0.0,0.0,53
536.5,0.02,0.019999999999999997,53
536.5714285714286,0.052000000000000005,0.037388200692469925,53
536.6428571428571,0.03333333333333333,0.03333333333333334,53
536.7142857142857,0.03137254901960784,0.03137254901960784,53
536.7857142857142,0.0,0.0,53
536.8571428571428,0.029411764705882353,0.02941176470588236,53
536.9285714285714,0.027450980392156862,0.02745098039215686,53
537.0,0.027999999999999997,0.027999999999999997,53
537.0714285714286,0.027450980392156862,0.02745098039215686,53
537.1428571428571,0.0,0.0,53
537.2142857142857,0.0,0.0,53
537.2857142857142,0.0,0.0,53
537.3571428571428,0.0163265306122449,0.016326530612244896,53
537.4285714285714,0.0,0.0,53
537.5,0.016666666666666666,0.016666666666666663,53
537.5714285714286,0.013999999999999999,0.013999999999999997,53
537.6428571428571,0.0,0.0,53
537.7142857142857,0.0,0.0,53
537.7857142857142,0.0,0.0,53
537.8571428571428,0.025490196078431372,0.025490196078431372,53
537.9285714285714,0.023529411764705882,0.02352941176470589,53
538.0,0.0,0.0,53
538.0714285714286,0.0,0.0,53
538.1428571428571,0.0,0.0,53
538.2142857142857,0.0,0.0,53
538.2857142857142,0.01568627450980392,0.015686274509803918,53
538.3571428571428,0.016,0.015999999999999997,53
538.4285714285714,0.0,0.0,53
538.5,0.01568627450980392,0.015686274509803918,53
538.5714285714286,0.0,0.0,53
538.6428571428571,0.0,0.0,53
538.7142857142857,0.0,0.0,53
538.7857142857142,0.0,0.0,53
538.8571428571428,0.0,0.0,53
538.9285714285714,0.01764705882352941,0.01764705882352941,53
539.0,0.0,0.0,53
539.0714285714286,0.0,0.0,53
539.1428571428571,0.0,0.0,53
539.2142857142857,0.0,0.0,53
539.2857142857142,0.01764705882352941,0.01764705882352941,53
539.3571428571428,0.0,0.0,53
539.4285714285714,0.0,0.0,53
539.5,0.0,0.0,53
539.5714285714286,0.0,0.0,53
539.6428571428571,0.0,0.0,53
539.7142857142857,0.0,0.0,53
539.7857142857142,0.0,0.0,53
539.8571428571428,0.0,0.0,53
539.9285714285714,0.0,0.0,53
540.0,0.0,0.0,53
540.0714285714286,0.03725490196078431,0.026115998299250872,53
540.1428571428571,0.0,0.0,53
540.2142857142857,0.0196078431372549,0.019607843137254898,53
540.2857142857142,0.022000000000000002,0.022,53
540.3571428571428,0.01764705882352941,0.01764705882352941,53
540.4285714285714,0.0,0.0,53
540.5,0.01764705882352941,0.01764705882352941,53
540.5714285714286,0.0,0.0,53
540.6428571428571,0.021568627450980395,0.021568627450980392,53
540.7142857142857,0.021568627450980395,0.021568627450980392,53
540.7857142857142,0.022000000000000002,0.022,53
540.8571428571428,0.01764705882352941,0.01764705882352941,53
540.9285714285714,0.022448979591836737,0.022448979591836733,53
541.0,0.0,0.0,53
541.0714285714286,0.024489795918367346,0.024489795918367353,53
541.1428571428571,0.0,0.0,53
541.2142857142857,0.026000000000000002,0.026000000000000002,53
541.2857142857142,0.018000000000000002,0.018,53
541.3571428571428,0.024,0.024000000000000004,53
541.4285714285714,0.026000000000000002,0.026000000000000002,53
541.5,0.0,0.0,53
541.5714285714286,0.0,0.0,53
541.6428571428571,0.0,0.0,53
541.7142857142857,0.011764705882352941,0.011764705882352944,53
541.7857142857142,0.0,0.0,53
541.8571428571428,0.0,0.0,53
541.9285714285714,0.0,0.0,53
542.0,0.024489795918367346,0.024489795918367353,53
542.0714285714286,0.012244897959183673,0.012244897959183676,53
542.1428571428571,0.0,0.0,53
542.2142857142857,0.022000000000000002,0.022000000000000002,53
542.2857142857142,0.0,0.0,53
542.3571428571428,0.0,0.0,53
542.4285714285714,0.02040816326530612,0.020408163265306117,53
542.5,0.0,0.0,53
542.5714285714286,0.0,0.0,53
542.6428571428571,0.0,0.0,53
542.7142857142857,0.0,0.0,53
542.7857142857142,0.0,0.0,53
542.8571428571428,0.027999999999999997,0.027999999999999997,53
542.9285714285714,0.02857142857142857,0.02857142857142857,53
543.0,0.02857142857142857,0.02857142857142857,53
543.0714285714286,0.02857142857142857,0.02857142857142857,53
543.1428571428571,0.027450980392156862,0.02745098039215686,53
543.2142857142857,0.0,0.0,53
543.2857142857142,0.0,0.0,53
543.3571428571428,0.0,0.0,53
543.4285714285714,0.0,0.0,53
543.5,0.0,0.0,53
543.5714285714286,0.029411764705882353,0.02941176470588236,53
543.6428571428571,0.0,0.0,53
543.7142857142857,0.0,0.0,53
543.7857142857142,0.0,0.0,53
543.8571428571428,0.0,0.0,53
543.9285714285714,0.027999999999999997,0.027999999999999997,53
544.0,0.0,0.0,53
544.0714285714286,0.024,0.023999999999999997,53
544.1428571428571,0.024,0.023999999999999997,53
544.2142857142857,0.026000000000000002,0.026000000000000002,53
544.2857142857142,0.0,0.0,53
544.3571428571428,0.0,0.0,53
544.4285714285714,0.0,0.0,53
544.5,0.0,0.0,53
544.5714285714286,0.0,0.0,53
544.6428571428571,0.0,0.0,53
544.7142857142857,0.0,0.0,53
544.7857142857142,0.0,0.0,53
544.8571428571428,0.0,0.0,53
544.9285714285714,0.02857142857142857,0.02857142857142857,53
545.0,0.026000000000000002,0.026000000000000002,53
545.0714285714286,0.0,0.0,53
545.1428571428571,0.056862745098039215,0.0352308801669712,53
545.2142857142857,0.027999999999999997,0.027999999999999997,53
545.2857142857142,0.027999999999999997,0.027999999999999997,53
545.3571428571428,0.030612244897959183,0.030612244897959186,53
545.4285714285714,0.00784313725490196,0.00784313725490196,53
545.5,0.008,0.008,53
545.5714285714286,0.00784313725490196,0.00784313725490196,53
545.6428571428571,0.0,0.0,53
545.7142857142857,0.025490196078431372,0.025490196078431372,53
545.7857142857142,0.02653061224489796,0.02653061224489796,53
545.8571428571428,0.00784313725490196,0.00784313725490196,53
545.9285714285714,0.0,0.0,53
546.0,0.027999999999999997,0.027999999999999997,53
546.0714285714286,0.0,0.0,53
546.1428571428571,0.027999999999999997,0.027999999999999997,53
546.2142857142857,0.026000000000000002,0.026000000000000002,53
546.2857142857142,0.0,0.0,53
546.3571428571428,0.026000000000000002,0.026000000000000002,53
546.4285714285714,0.0,0.0,53
546.5,0.0,0.0,53
546.5714285714286,0.008,0.008,53
546.6428571428571,0.00784313725490196,0.00784313725490196,53
546.7142857142857,0.00784313725490196,0.00784313725490196,53
546.7857142857142,0.027999999999999997,0.027999999999999997,53
546.8571428571428,0.00784313725490196,0.00784313725490196,53
546.9285714285714,0.027999999999999997,0.027999999999999997,53
547.0,0.027999999999999997,0.027999999999999997,53
547.0714285714286,0.0,0.0,53
547.1428571428571,0.0,0.0,53
547.2142857142857,0.0,0.0,53
547.2857142857142,0.0,0.0,53
547.3571428571428,0.0,0.0,53
547.4285714285714,0.0,0.0,53
547.5,0.026000000000000002,0.026000000000000002,53
547.5714285714286,0.027450980392156862,0.02745098039215686,53
547.6428571428571,0.027450980392156862,0.02745098039215686,53
547.7142857142857,0.027999999999999997,0.027999999999999997,53
547.7857142857142,0.0,0.0,53
547.8571428571428,0.027083333333333334,0.027083333333333334,53
547.9285714285714,0.03137254901960784,0.024652915522355625,53
548.0,0.0,0.0,53
548.0714285714286,0.027999999999999997,0.027999999999999997,53
548.1428571428571,0.03333333333333333,0.027958886716127108,53
548.2142857142857,0.054901960784313725,0.038431372549019606,53
548.2857142857142,0.02857142857142857,0.02857142857142857,53
548.3571428571428,0.02857142857142857,0.02857142857142857,53
548.4285714285714,0.0,0.0,53
548.5,0.054000000000000006,0.03781911837002172,53
548.5714285714286,0.0,0.0,53
548.6428571428571,0.0,0.0,53
548.7142857142857,0.0,0.0,53
548.7857142857142,0.025490196078431372,0.025490196078431372,53
548.8571428571428,0.026000000000000002,0.026000000000000002,53
548.9285714285714,0.03,0.03,53
549.0,0.0,0.0,53
549.0714285714286,0.03725490196078431,0.02896391051402613,53
549.1428571428571,0.01,0.009999999999999998,53
549.2142857142857,0.054000000000000006,0.03781911837002172,53
549.2857142857142,0.025490196078431372,0.025490196078431372,53
549.3571428571428,0.02653061224489796,0.02653061224489796,53
549.4285714285714,0.00980392156862745,0.009803921568627449,53
549.5,0.03529411764705882,0.02712693898905296,53
549.5714285714286,0.021568627450980395,0.021568627450980392,53
549.6428571428571,0.024,0.023999999999999997,53
549.7142857142857,0.0,0.0,53
549.7857142857142,0.04897959183673469,0.0342711339260136,53
549.8571428571428,0.022000000000000002,0.022,53
549.9285714285714,0.0,0.0,53
550.0,0.00784313725490196,0.00784313725490196,53
550.0714285714286,0.0,0.0,53
550.1428571428571,0.0,0.0,53
550.2142857142857,0.027083333333333334,0.027083333333333334,53
550.2857142857142,0.02653061224489796,0.02653061224489796,53
550.3571428571428,0.024,0.024000000000000004,53
550.4285714285714,0.024,0.024000000000000004,53
550.5,0.0,0.0,53
550.5714285714286,0.022000000000000002,0.022,53
550.6428571428571,0.0,0.0,53
550.7142857142857,0.0,0.0,53
550.7857142857142,0.027450980392156862,0.02745098039215686,53
550.8571428571428,0.030612244897959183,0.030612244897959193,53
550.9285714285714,0.0,0.0,53
551.0,0.00980392156862745,0.009803921568627449,53
551.0714285714286,0.0,0.0,53
551.1428571428571,0.0,0.0,53
551.2142857142857,0.0,0.0,53
551.2857142857142,0.0,0.0,53
551.3571428571428,0.03,0.030000000000000006,53
551.4285714285714,0.029411764705882353,0.02941176470588236,53
551.5,0.0,0.0,53
551.5714285714286,0.0,0.0,53
551.6428571428571,0.023529411764705882,0.023529411764705882,53
551.7142857142857,0.024,0.023999999999999997,53
551.7857142857142,0.0,0.0,53
551.8571428571428,0.0,0.0,53
551.9285714285714,0.013999999999999999,0.013999999999999999,53
552.0,0.0,0.0,53
552.0714285714286,0.0,0.0,53
552.1428571428571,0.0,0.0,53
552.2142857142857,0.0,0.0,53
552.2857142857142,0.0,0.0,53
552.3571428571428,0.0,0.0,53
552.4285714285714,0.027999999999999997,0.027999999999999997,53
552.5,0.0,0.0,53
552.5714285714286,0.0,0.0,53
552.6428571428571,0.045098039215686274,0.03399120134020799,53
552.7142857142857,0.03333333333333333,0.03333333333333334,53
552.7857142857142,0.0,0.0,53
552.8571428571428,0.0,0.0,53
552.9285714285714,0.02040816326530612,0.02040816326530612,53
553.0,0.0,0.0,53
553.0714285714286,0.0,0.0,53
553.1428571428571,0.0,0.0,53
553.2142857142857,0.0,0.0,53
553.2857142857142,0.0,0.0,53
553.3571428571428,0.0,0.0,53
553.4285714285714,0.0,0.0,53
553.5,0.0,0.0,53
553.5714285714286,0.01568627450980392,0.01568627450980392,53
553.6428571428571,0.01568627450980392,0.01568627450980392,53
553.7142857142857,0.0,0.0,53
553.7857142857142,0.0,0.0,53
553.8571428571428,0.0,0.0,53
553.9285714285714,0.011764705882352941,0.011764705882352944,53
554.0,0.0,0.0,53
554.0714285714286,0.0,0.0,53
554.1428571428571,0.026000000000000002,0.026000000000000002,53
554.2142857142857,0.0,0.0,53
554.2857142857142,0.0,0.0,53
554.3571428571428,0.026000000000000002,0.026000000000000002,53
554.4285714285714,0.03725490196078431,0.02896391051402613,53
554.5,0.0,0.0,53
554.5714285714286,0.0,0.0,53
554.6428571428571,0.0,0.0,53
554.7142857142857,0.0,0.0,53
554.7857142857142,0.027999999999999997,0.027999999999999997,53
554.8571428571428,0.0,0.0,53
554.9285714285714,0.0,0.0,53
555.0,0.0,0.0,53
555.0714285714286,0.0,0.0,53
555.1428571428571,0.00784313725490196,0.00784313725490196,53
555.2142857142857,0.0,0.0,53
555.2857142857142,0.049019607843137254,0.03434228503361793,53
555.3571428571428,0.029411764705882353,0.029411764705882353,53
555.4285714285714,0.0,0.0,53
555.5,0.034,0.027046445313231696,53
555.5714285714286,0.0,0.0,53
555.6428571428571,0.0,0.0,53
555.7142857142857,0.0,0.0,53
555.7857142857142,0.024489795918367346,0.024489795918367353,53
555.8571428571428,0.00980392156862745,0.009803921568627449,53
555.9285714285714,0.0,0.0,53
556.0,0.011764705882352941,0.011764705882352944,53
556.0714285714286,0.0,0.0,53
556.1428571428571,0.0,0.0,53
556.2142857142857,0.013725490196078431,0.01372549019607843,53
556.2857142857142,0.02040816326530612,0.020408163265306117,53
556.3571428571428,0.013725490196078431,0.01372549019607843,53
556.4285714285714,0.0,0.0,53
556.5,0.0,0.0,53
556.5714285714286,0.0,0.0,53
556.6428571428571,0.02,0.019999999999999997,53
556.7142857142857,0.0,0.0,53
556.7857142857142,0.0,0.0,53
556.8571428571428,0.0,0.0,53
556.9285714285714,0.0,0.0,53
557.0,0.0,0.0,53
557.0714285714286,0.0,0.0,53
557.1428571428571,0.0,0.0,53
557.2142857142857,0.0,0.0,53
557.2857142857142,0.0,0.0,53
557.3571428571428,0.0,0.0,53
557.4285714285714,0.0,0.0,53
557.5,0.0,0.0,53
557.5714285714286,0.0,0.0,53
557.6428571428571,0.0,0.0,53
557.7142857142857,0.0,0.0,53
557.7857142857142,0.0,0.0,53
557.8571428571428,0.0,0.0,53
557.9285714285714,0.0,0.0,53
558.0,0.023529411764705882,0.023529411764705882,53
558.0714285714286,0.0,0.0,53
558.1428571428571,0.0,0.0,53
558.2142857142857,0.0,0.0,53
558.2857142857142,0.0,0.0,53
558.3571428571428,0.0,0.0,53
558.4285714285714,0.0,0.0,53
558.5,0.041176470588235294,0.028857522971741538,53
558.5714285714286,0.0,0.0,53
558.6428571428571,0.0196078431372549,0.019607843137254898,53
558.7142857142857,0.0,0.0,53
558.7857142857142,0.0,0.0,53
558.8571428571428,0.0,0.0,53
558.9285714285714,0.0,0.0,53
559.0,0.02040816326530612,0.02040816326530612,53
559.0714285714286,0.0,0.0,53
559.1428571428571,0.0,0.0,53
559.2142857142857,0.0,0.0,53
559.2857142857142,0.0,0.0,53
559.3571428571428,0.0,0.0,53
559.4285714285714,0.0,0.0,53
559.5,0.03725490196078431,0.026414610382821824,53
559.5714285714286,0.0,0.0,53
559.6428571428571,0.0,0.0,53
559.7142857142857,0.0,0.0,53
559.7857142857142,0.0,0.0,53
559.8571428571428,0.0,0.0,53
559.9285714285714,0.021568627450980395,0.021568627450980392,53
560.0,0.0,0.0,53
560.0714285714286,0.021568627450980395,0.021568627450980392,53
560.1428571428571,0.047058823529411764,0.033413973967279666,53
560.2142857142857,0.02,0.019999999999999997,53
560.2857142857142,0.0,0.0,53
560.3571428571428,0.0,0.0,53
560.4285714285714,0.0,0.0,53
560.5,0.022000000000000002,0.022,53
560.5714285714286,0.0,0.0,53
560.6428571428571,0.013999999999999999,0.013999999999999999,53
560.7142857142857,0.0,0.0,53
560.7857142857142,0.0,0.0,53
560.8571428571428,0.02,0.019999999999999997,53
560.9285714285714,0.05,0.03571428571428572,53
561.0,0.02040816326530612,0.020408163265306117,53
561.0714285714286,0.0,0.0,53
561.1428571428571,0.034,0.02417791199776003,53
561.2142857142857,0.02,0.019999999999999997,53
561.2857142857142,0.0,0.0,53
561.3571428571428,0.0,0.0,53
561.4285714285714,0.0,0.0,53
561.5,0.01764705882352941,0.01764705882352941,53
561.5714285714286,0.041176470588235294,0.029661683289961865,53
561.6428571428571,0.013725490196078431,0.01372549019607843,53
561.7142857142857,0.03529411764705882,0.024864105857486052,53
561.7857142857142,0.0,0.0,53
561.8571428571428,0.025490196078431372,0.02549019607843138,53
561.9285714285714,0.0,0.0,53
562.0,0.0,0.0,53
562.0714285714286,0.0,0.0,53
562.1428571428571,0.04,0.028571428571428577,53
562.2142857142857,0.023529411764705882,0.02352941176470589,53
562.2857142857142,0.022000000000000002,0.022,53
562.3571428571428,0.022000000000000002,0.022,53
562.4285714285714,0.0,0.0,53
562.5,0.0,0.0,53
562.5714285714286,0.023529411764705882,0.023529411764705882,53
562.6428571428571,0.023529411764705882,0.02352941176470589,53
562.7142857142857,0.0,0.0,53
562.7857142857142,0.025490196078431372,0.025490196078431372,53
562.8571428571428,0.022000000000000002,0.022,53
562.9285714285714,0.0,0.0,53
563.0,0.0,0.0,53
563.0714285714286,0.025490196078431372,0.025490196078431372,53
563.1428571428571,0.02,0.019999999999999997,53
563.2142857142857,0.024489795918367346,0.024489795918367353,53
563.2857142857142,0.024489795918367346,0.024489795918367353,53
563.3571428571428,0.038000000000000006,0.026937569546290265,53
563.4285714285714,0.0,0.0,53
563.5,0.018367346938775512,0.018367346938775512,53
563.5714285714286,0.0,0.0,53
563.6428571428571,0.0,0.0,53
563.7142857142857,0.02,0.019999999999999997,53
563.7857142857142,0.01764705882352941,0.01764705882352941,53
563.8571428571428,0.0,0.0,53
563.9285714285714,0.0,0.0,53
564.0,0.0,0.0,53
564.0714285714286,0.02040816326530612,0.020408163265306117,53
564.1428571428571,0.03877551020408163,0.027481646090781162,53
564.2142857142857,0.022000000000000002,0.022000000000000002,53
564.2857142857142,0.01875,0.01875,53
564.3571428571428,0.01875,0.01875,53
564.4285714285714,0.0,0.0,53
564.5,0.016,0.015999999999999997,53
564.5714285714286,0.0,0.0,53
564.6428571428571,0.0,0.0,53
564.7142857142857,0.0,0.0,53
564.7857142857142,0.0,0.0,53
564.8571428571428,0.0,0.0,53
564.9285714285714,0.026000000000000002,0.026000000000000002,53
565.0,0.025490196078431372,0.025490196078431372,53
565.0714285714286,0.0,0.0,53
565.1428571428571,0.024,0.023999999999999997,53
565.2142857142857,0.023529411764705882,0.023529411764705882,53
565.2857142857142,0.0,0.0,53
565.3571428571428,0.02653061224489796,0.02653061224489796,53
565.4285714285714,0.025490196078431372,0.025490196078431372,53
565.5,0.0,0.0,53
565.5714285714286,0.02857142857142857,0.02857142857142857,53
565.6428571428571,0.0,0.0,53
565.7142857142857,0.0,0.0,53
565.7857142857142,0.034,0.03400000000000001,53
565.8571428571428,0.03333333333333333,0.03333333333333334,53
565.9285714285714,0.023529411764705882,0.023529411764705882,53
566.0,0.0,0.0,53
566.0714285714286,0.03,0.030000000000000006,53
566.1428571428571,0.03,0.030000000000000006,53
566.2142857142857,0.027999999999999997,0.027999999999999997,53
566.2857142857142,0.03469387755102041,0.034693877551020415,53
566.3571428571428,0.0,0.0,53
566.4285714285714,0.0,0.0,53
566.5,0.0,0.0,53
566.5714285714286,0.0,0.0,53
566.6428571428571,0.026000000000000002,0.026000000000000002,53
566.7142857142857,0.026000000000000002,0.026000000000000002,53
566.7857142857142,0.016,0.015999999999999997,53
566.8571428571428,0.026000000000000002,0.026000000000000002,53
566.9285714285714,0.024,0.024000000000000004,53
567.0,0.024,0.024000000000000004,53
567.0714285714286,0.0,0.0,53
567.1428571428571,0.0,0.0,53
567.2142857142857,0.0,0.0,53
567.2857142857142,0.0,0.0,53
567.3571428571428,0.0,0.0,53
567.4285714285714,0.0,0.0,53
567.5,0.0,0.0,53
567.5714285714286,0.0,0.0,53
567.6428571428571,0.03137254901960784,0.023513066217915723,53
567.7142857142857,0.03137254901960784,0.023513066217915723,53
567.7857142857142,0.018000000000000002,0.018,53
567.8571428571428,0.00980392156862745,0.009803921568627449,53
567.9285714285714,0.029411764705882353,0.021746150012567484,53
568.0,0.03137254901960784,0.022663816904784143,53
568.0714285714286,0.032,0.0231128553327505,53
568.1428571428571,0.032,0.0231128553327505,53
568.2142857142857,0.032,0.0231128553327505,53
568.2857142857142,0.011764705882352941,0.011764705882352944,53
568.3571428571428,0.042,0.029428571428571436,53
568.4285714285714,0.03137254901960784,0.022663816904784143,53
568.5,0.0196078431372549,0.019607843137254898,53
568.5714285714286,0.013999999999999999,0.013999999999999999,53
568.6428571428571,0.022000000000000002,0.022,53
568.7142857142857,0.0,0.0,53
568.7857142857142,0.022000000000000002,0.022,53
568.8571428571428,0.0,0.0,53
568.9285714285714,0.01568627450980392,0.015686274509803918,53
569.0,0.016,0.015999999999999997,53
569.0714285714286,0.018367346938775512,0.018367346938775512,53
569.1428571428571,0.0,0.0,53
569.2142857142857,0.0,0.0,53
569.2857142857142,0.022000000000000002,0.022,53
569.3571428571428,0.0,0.0,53
569.4285714285714,0.0,0.0,53
569.5,0.0,0.0,53
569.5714285714286,0.0,0.0,53
569.6428571428571,0.018000000000000002,0.018,53
569.7142857142857,0.018000000000000002,0.018,53
569.7857142857142,0.050980392156862744,0.029019607843137254,53
569.8571428571428,0.0,0.0,53
569.9285714285714,0.01764705882352941,0.01764705882352941,53
570.0,0.0,0.0,53
570.0714285714286,0.0196078431372549,0.019607843137254898,53
570.1428571428571,0.0,0.0,53
570.2142857142857,0.0,0.0,53
570.2857142857142,0.0,0.0,53
570.3571428571428,0.0,0.0,53
570.4285714285714,0.0,0.0,53
570.5,0.0,0.0,53
570.5714285714286,0.0,0.0,53
570.6428571428571,0.013725490196078431,0.01372549019607843,53
570.7142857142857,0.013999999999999999,0.013999999999999999,53
570.7857142857142,0.012,0.012000000000000002,53
570.8571428571428,0.0,0.0,53
570.9285714285714,0.0,0.0,53
571.0,0.0,0.0,53
571.0714285714286,0.0,0.0,53
571.1428571428571,0.023529411764705882,0.023529411764705882,53
571.2142857142857,0.0,0.0,53
571.2857142857142,0.022000000000000002,0.022,53
571.3571428571428,0.022000000000000002,0.022,53
571.4285714285714,0.036734693877551024,0.02635670369214405,53
571.5,0.022000000000000002,0.022,53
571.5714285714286,0.022448979591836737,0.022448979591836733,53
571.6428571428571,0.024,0.023999999999999997,53
571.7142857142857,0.023529411764705882,0.023529411764705882,53
571.7857142857142,0.022448979591836737,0.022448979591836733,53
571.8571428571428,0.02,0.019999999999999997,53
571.9285714285714,0.0,0.0,53
572.0,0.02,0.019999999999999997,53
572.0714285714286,0.02,0.019999999999999997,53
572.1428571428571,0.0,0.0,53
572.2142857142857,0.0,0.0,53
572.2857142857142,0.0,0.0,53
572.3571428571428,0.0,0.0,53
572.4285714285714,0.013999999999999999,0.013999999999999999,53
572.5,0.0,0.0,53
572.5714285714286,0.0,0.0,53
572.6428571428571,0.02,0.019999999999999997,53
572.7142857142857,0.02,0.019999999999999997,53
572.7857142857142,0.0,0.0,53
572.8571428571428,0.0,0.0,53
572.9285714285714,0.0,0.0,53
573.0,0.0,0.0,53
573.0714285714286,0.0196078431372549,0.019607843137254898,53
573.1428571428571,0.0,0.0,53
573.2142857142857,0.0,0.0,53
573.2857142857142,0.0,0.0,53
573.3571428571428,0.0,0.0,53
573.4285714285714,0.0,0.0,53
573.5,0.0,0.0,53
573.5714285714286,0.0,0.0,53
573.6428571428571,0.0,0.0,53
573.7142857142857,0.0,0.0,53
573.7857142857142,0.0,0.0,53
573.8571428571428,0.0,0.0,53
573.9285714285714,0.013999999999999999,0.013999999999999999,53
574.0,0.0,0.0,53
574.0714285714286,0.0,0.0,53
574.1428571428571,0.0,0.0,53
574.2142857142857,0.0,0.0,53
574.2857142857142,0.023529411764705882,0.023529411764705882,53
574.3571428571428,0.0,0.0,53
574.4285714285714,0.0,0.0,53
574.5,0.0058823529411764705,0.005882352941176472,53
574.5714285714286,0.00392156862745098,0.00392156862745098,53
574.6428571428571,0.013999999999999999,0.013999999999999999,53
574.7142857142857,0.014285714285714285,0.014285714285714285,53
574.7857142857142,0.0,0.0,53
574.8571428571428,0.0,0.0,53
574.9285714285714,0.0,0.0,53
575.0,0.025490196078431372,0.02549019607843138,53
575.0714285714286,0.0,0.0,53
575.1428571428571,0.0,0.0,53
575.2142857142857,0.0,0.0,53
575.2857142857142,0.0,0.0,53
575.3571428571428,0.0,0.0,53
575.4285714285714,0.0,0.0,53
575.5,0.0,0.0,53
575.5714285714286,0.0,0.0,53
575.6428571428571,0.0,0.0,53
575.7142857142857,0.018000000000000002,0.018000000000000002,53
575.7857142857142,0.026000000000000002,0.026000000000000002,53
575.8571428571428,0.012,0.012000000000000002,53
575.9285714285714,0.023529411764705882,0.023529411764705882,53
576.0,0.021568627450980395,0.021568627450980392,53
576.0714285714286,0.0,0.0,53
576.1428571428571,0.0,0.0,53
576.2142857142857,0.0,0.0,53
576.2857142857142,0.024,0.023999999999999997,53
576.3571428571428,0.024,0.023999999999999997,53
576.4285714285714,0.012,0.012000000000000002,53
576.5,0.0,0.0,53
576.5714285714286,0.0,0.0,53
576.6428571428571,0.0,0.0,53
576.7142857142857,0.0,0.0,53
576.7857142857142,0.022448979591836737,0.022448979591836733,53
576.8571428571428,0.022000000000000002,0.022,53
576.9285714285714,0.022000000000000002,0.022,53
577.0,0.0,0.0,53
577.0714285714286,0.027450980392156866,0.022242589666646637,53
577.1428571428571,0.022000000000000002,0.022,53
577.2142857142857,0.021568627450980395,0.021568627450980392,53
577.2857142857142,0.022000000000000002,0.022,53
577.3571428571428,0.022000000000000002,0.022,53
577.4285714285714,0.0,0.0,53
577.5,0.0,0.0,53
577.5714285714286,0.0,0.0,53
577.6428571428571,0.0,0.0,53
577.7142857142857,0.016,0.016,53
577.7857142857142,0.0,0.0,53
577.8571428571428,0.0,0.0,53
577.9285714285714,0.0,0.0,53
578.0,0.022448979591836737,0.022448979591836733,53
578.0714285714286,0.018000000000000002,0.018,53
578.1428571428571,0.0,0.0,53
578.2142857142857,0.0196078431372549,0.019607843137254898,53
578.2857142857142,0.0,0.0,53
578.3571428571428,0.0,0.0,53
578.4285714285714,0.01568627450980392,0.01568627450980392,53
578.5,0.02,0.019999999999999997,53
578.5714285714286,0.0196078431372549,0.019607843137254898,53
578.6428571428571,0.0,0.0,53
578.7142857142857,0.02,0.019999999999999997,53
578.7857142857142,0.02,0.019999999999999997,53
578.8571428571428,0.02,0.019999999999999997,53
578.9285714285714,0.0196078431372549,0.019607843137254898,53
579.0,0.0,0.0,53
579.0714285714286,0.0,0.0,53
579.1428571428571,0.022000000000000002,0.022,53
579.2142857142857,0.022000000000000002,0.022,53
579.2857142857142,0.0,0.0,53
579.3571428571428,0.0,0.0,53
579.4285714285714,0.04,0.027994168488950606,53
579.5,0.0,0.0,53
579.5714285714286,0.02,0.019999999999999997,53
579.6428571428571,0.046938775510204075,0.03313316268524008,53
579.7142857142857,0.02,0.019999999999999997,53
579.7857142857142,0.05199999999999999,0.033349111911805424,53
579.8571428571428,0.018367346938775512,0.018367346938775512,53
579.9285714285714,0.018000000000000002,0.018,53
580.0,0.027999999999999997,0.027999999999999997,53
580.0714285714286,0.0163265306122449,0.016326530612244896,53
580.1428571428571,0.018367346938775512,0.018367346938775512,53
580.2142857142857,0.016,0.015999999999999997,53
580.2857142857142,0.0,0.0,53
580.3571428571428,0.0,0.0,53
580.4285714285714,0.013999999999999999,0.013999999999999999,53
580.5,0.0,0.0,53
580.5714285714286,0.0,0.0,53
580.6428571428571,0.048,0.036504402865564424,53
580.7142857142857,0.047058823529411764,0.03579384777638449,53
580.7857142857142,0.036000000000000004,0.036,53
580.8571428571428,0.052000000000000005,0.03909590510422245,53
580.9285714285714,0.03529411764705882,0.03529411764705882,53
581.0,0.0,0.0,53
581.0714285714286,0.0,0.0,53
581.1428571428571,0.0,0.0,53
581.2142857142857,0.0,0.0,53
581.2857142857142,0.0,0.0,53
581.3571428571428,0.0,0.0,53
581.4285714285714,0.0,0.0,53
581.5,0.0,0.0,53
581.5714285714286,0.0,0.0,53
581.6428571428571,0.04,0.039999999999999994,53
581.7142857142857,0.06326530612244897,0.04617088540896148,53
581.7857142857142,0.0,0.0,53
581.8571428571428,0.0,0.0,53
581.9285714285714,0.0,0.0,53
582.0,0.0,0.0,53
582.0714285714286,0.0,0.0,53
582.1428571428571,0.0,0.0,53
582.2142857142857,0.038,0.037999999999999985,53
582.2857142857142,0.038,0.037999999999999985,53
582.3571428571428,0.0,0.0,53
582.4285714285714,0.0,0.0,53
582.5,0.036000000000000004,0.036,53
582.5714285714286,0.036734693877551024,0.036734693877551024,53
582.6428571428571,0.024,0.023999999999999997,53
582.7142857142857,0.0,0.0,53
582.7857142857142,0.0,0.0,53
582.8571428571428,0.0,0.0,53
582.9285714285714,0.024,0.023999999999999997,53
583.0,0.0,0.0,53
583.0714285714286,0.024,0.023999999999999997,53
583.1428571428571,0.0,0.0,53
583.2142857142857,0.0,0.0,53
583.2857142857142,0.0,0.0,53
583.3571428571428,0.03137254901960784,0.03137254901960784,53
583.4285714285714,0.03,0.030000000000000006,53
583.5,0.02040816326530612,0.020408163265306117,53
583.5714285714286,0.02,0.019999999999999997,53
583.6428571428571,0.02,0.019999999999999997,53
583.7142857142857,0.027999999999999997,0.027999999999999997,53
583.7857142857142,0.0,0.0,53
583.8571428571428,0.0,0.0,53
583.9285714285714,0.022000000000000002,0.022,53
584.0,0.027999999999999997,0.027999999999999997,53
584.0714285714286,0.021568627450980395,0.021568627450980392,53
584.1428571428571,0.0,0.0,53
584.2142857142857,0.0,0.0,53
584.2857142857142,0.0,0.0,53
584.3571428571428,0.0,0.0,53
584.4285714285714,0.026000000000000002,0.026000000000000002,53
584.5,0.0,0.0,53
584.5714285714286,0.0,0.0,53
584.6428571428571,0.0,0.0,53
584.7142857142857,0.0,0.0,53
584.7857142857142,0.0,0.0,53
584.8571428571428,0.0,0.0,53
584.9285714285714,0.0,0.0,53
585.0,0.026000000000000002,0.026000000000000002,53
585.0714285714286,0.0,0.0,53
585.1428571428571,0.0,0.0,53
585.2142857142857,0.0,0.0,53
585.2857142857142,0.0,0.0,53
585.3571428571428,0.046,0.03247730761938375,53
585.4285714285714,0.0,0.0,53
585.5,0.0,0.0,53
585.5714285714286,0.023529411764705882,0.02352941176470589,53
585.6428571428571,0.0,0.0,53
585.7142857142857,0.0,0.0,53
585.7857142857142,0.0,0.0,53
585.8571428571428,0.05199999999999999,0.03650440286556443,53
585.9285714285714,0.0,0.0,53
586.0,0.0,0.0,53
586.0714285714286,0.0,0.0,53
586.1428571428571,0.0,0.0,53
586.2142857142857,0.0,0.0,53
586.2857142857142,0.0,0.0,53
586.3571428571428,0.068,0.038485618835389104,53
586.4285714285714,0.022000000000000002,0.022,53
586.5,0.0,0.0,53
586.5714285714286,0.02,0.019999999999999997,53
586.6428571428571,0.0,0.0,53
586.7142857142857,0.0,0.0,53
586.7857142857142,0.0,0.0,53
586.8571428571428,0.022000000000000002,0.022,53
586.9285714285714,0.018367346938775512,0.018367346938775512,53
587.0,0.0,0.0,53
587.0714285714286,0.0,0.0,53
587.1428571428571,0.0,0.0,53
587.2142857142857,0.022000000000000002,0.022000000000000002,53
587.2857142857142,0.0,0.0,53
587.3571428571428,0.0,0.0,53
587.4285714285714,0.021568627450980395,0.021568627450980392,53
587.5,0.0,0.0,53
587.5714285714286,0.0,0.0,53
587.6428571428571,0.0,0.0,53
587.7142857142857,0.0,0.0,53
587.7857142857142,0.0,0.0,53
587.8571428571428,0.022448979591836737,0.022448979591836733,53
587.9285714285714,0.022000000000000002,0.022,53
588.0,0.0,0.0,53
588.0714285714286,0.0,0.0,53
588.1428571428571,0.0,0.0,53
588.2142857142857,0.026000000000000002,0.026000000000000002,53
588.2857142857142,0.0,0.0,53
588.3571428571428,0.0,0.0,53
588.4285714285714,0.0,0.0,53
588.5,0.0,0.0,53
588.5714285714286,0.0,0.0,53
588.6428571428571,0.0196078431372549,0.019607843137254898,53
588.7142857142857,0.0,0.0,53
588.7857142857142,0.0,0.0,53
588.8571428571428,0.0,0.0,53
588.9285714285714,0.0,0.0,53
589.0,0.0,0.0,53
589.0714285714286,0.0,0.0,53
589.1428571428571,0.0,0.0,53
589.2142857142857,0.0,0.0,53
589.2857142857142,0.0,0.0,53
589.3571428571428,0.0,0.0,53
589.4285714285714,0.02040816326530612,0.020408163265306117,53
589.5,0.024489795918367346,0.024489795918367346,53
589.5714285714286,0.0,0.0,53
589.6428571428571,0.0,0.0,53
589.7142857142857,0.022000000000000002,0.022,53
589.7857142857142,0.022000000000000002,0.022,53
589.8571428571428,0.02,0.019999999999999997,53
589.9285714285714,0.018000000000000002,0.018,53
590.0,0.0,0.0,53
590.0714285714286,0.0,0.0,53
590.1428571428571,0.0,0.0,53
590.2142857142857,0.0,0.0,53
590.2857142857142,0.0,0.0,53
590.3571428571428,0.0,0.0,53
590.4285714285714,0.0,0.0,53
590.5,0.018000000000000002,0.018000000000000002,53
590.5714285714286,0.03,0.030000000000000006,53
590.6428571428571,0.0,0.0,53
590.7142857142857,0.01568627450980392,0.015686274509803918,53
590.7857142857142,0.0,0.0,53
590.8571428571428,0.016,0.015999999999999997,53
590.9285714285714,0.04705882352941177,0.03479384002010798,53
591.0,0.0,0.0,53
591.0714285714286,0.0,0.0,53
591.1428571428571,0.0,0.0,53
591.2142857142857,0.0,0.0,53
591.2857142857142,0.01568627450980392,0.015686274509803918,53
591.3571428571428,0.03333333333333333,0.03333333333333334,53
591.4285714285714,0.01764705882352941,0.01764705882352941,53
591.5,0.0,0.0,53
591.5714285714286,0.0,0.0,53
591.6428571428571,0.0,0.0,53
591.7142857142857,0.0,0.0,53
591.7857142857142,0.03137254901960784,0.03137254901960784,53
591.8571428571428,0.0,0.0,53
591.9285714285714,0.032,0.032,53
592.0,0.0,0.0,53
592.0714285714286,0.034,0.03400000000000001,53
592.1428571428571,0.0,0.0,53
592.2142857142857,0.0,0.0,53
592.2857142857142,0.0,0.0,53
592.3571428571428,0.0,0.0,53
592.4285714285714,0.0,0.0,53
592.5,0.0,0.0,53
592.5714285714286,0.03333333333333333,0.03333333333333334,53
592.6428571428571,0.0,0.0,53
592.7142857142857,0.0,0.0,53
592.7857142857142,0.0,0.0,53
592.8571428571428,0.0,0.0,53
592.9285714285714,0.0,0.0,53
593.0,0.0,0.0,53
593.0714285714286,0.0,0.0,53
593.1428571428571,0.023529411764705885,0.018489686641766718,53
593.2142857142857,0.0058823529411764705,0.005882352941176472,53
593.2857142857142,0.0058823529411764705,0.005882352941176472,53
593.3571428571428,0.0,0.0,53
593.4285714285714,0.0,0.0,53
593.5,0.0,0.0,53
593.5714285714286,0.0,0.0,53
593.6428571428571,0.0,0.0,53
593.7142857142857,0.0058823529411764705,0.005882352941176472,53
593.7857142857142,0.0,0.0,53
593.8571428571428,0.0,0.0,53
593.9285714285714,0.0,0.0,53
594.0,0.0,0.0,53
594.0714285714286,0.0,0.0,53
594.1428571428571,0.018000000000000002,0.018,53
594.2142857142857,0.0,0.0,53
594.2857142857142,0.0,0.0,53
594.3571428571428,0.0,0.0,53
594.4285714285714,0.0,0.0,53
594.5,0.0,0.0,53
594.5714285714286,0.0,0.0,53
594.6428571428571,0.0,0.0,53
594.7142857142857,0.0,0.0,53
594.7857142857142,0.00980392156862745,0.009803921568627449,53
594.8571428571428,0.01,0.009999999999999998,53
594.9285714285714,0.00980392156862745,0.009803921568627449,53
595.0,0.008,0.008,53
595.0714285714286,0.0,0.0,53
595.1428571428571,0.0,0.0,53
595.2142857142857,0.0,0.0,53
595.2857142857142,0.0,0.0,53
595.3571428571428,0.00784313725490196,0.00784313725490196,53
595.4285714285714,0.0,0.0,53
595.5,0.0,0.0,53
595.5714285714286,0.0,0.0,53
595.6428571428571,0.0,0.0,53
595.7142857142857,0.0,0.0,53
595.7857142857142,0.0,0.0,53
595.8571428571428,0.0,0.0,53
595.9285714285714,0.0,0.0,53
596.0,0.0,0.0,53
596.0714285714286,0.0,0.0,53
596.1428571428571,0.0,0.0,53
596.2142857142857,0.0,0.0,53
596.2857142857142,0.00784313725490196,0.00784313725490196,53
596.3571428571428,0.0,0.0,53
596.4285714285714,0.0,0.0,53
596.5,0.0,0.0,53
596.5714285714286,0.0,0.0,53
596.6428571428571,0.00784313725490196,0.00784313725490196,53
596.7142857142857,0.0,0.0,53
596.7857142857142,0.0,0.0,53
596.8571428571428,0.0,0.0,53
596.9285714285714,0.0,0.0,53
597.0,0.00980392156862745,0.009803921568627449,53
597.0714285714286,0.041176470588235294,0.032681045725491235,53
597.1428571428571,0.03137254901960784,0.03137254901960784,53
597.2142857142857,0.0,0.0,53
597.2857142857142,0.00980392156862745,0.009803921568627449,53
597.3571428571428,0.0,0.0,53
597.4285714285714,0.0,0.0,53
597.5,0.0,0.0,53
597.5714285714286,0.0,0.0,53
597.6428571428571,0.0,0.0,53
597.7142857142857,0.0,0.0,53
597.7857142857142,0.0,0.0,53
597.8571428571428,0.0,0.0,53
597.9285714285714,0.0,0.0,53
598.0,0.0,0.0,53
598.0714285714286,0.025490196078431372,0.025490196078431372,53
598.1428571428571,0.0,0.0,53
598.2142857142857,0.0,0.0,53
598.2857142857142,0.0,0.0,53
598.3571428571428,0.0,0.0,53
598.4285714285714,0.0,0.0,53
598.5,0.0,0.0,53
598.5714285714286,0.0,0.0,53
598.6428571428571,0.0,0.0,53
598.7142857142857,0.0,0.0,53
598.7857142857142,0.0,0.0,53
598.8571428571428,0.0,0.0,53
598.9285714285714,0.0,0.0,53
599.0,0.046,0.03222497446999511,53
599.0714285714286,0.024,0.024000000000000004,53
599.1428571428571,0.0,0.0,53
599.2142857142857,0.0,0.0,53
599.2857142857142,0.0,0.0,53
599.3571428571428,0.023529411764705882,0.02352941176470589,53
599.4285714285714,0.0,0.0,53
599.5,0.0,0.0,53
599.5714285714286,0.0,0.0,53
599.6428571428571,0.0,0.0,53
599.7142857142857,0.0,0.0,53
599.7857142857142,0.0,0.0,53
599.8571428571428,0.0,0.0,53
599.9285714285714,0.0,0.0,53
